publisher,url,canonical_url,year,prescreen_status
Daily Maverick,https://www.dailymaverick.co.za/article/2012-08-14-lonmins-killing-fields/,https://dailymaverick.co.za/article/2012-08-14-lonmins-killing-fields,2012,lonmin_only_title_review
Daily Maverick,https://www.dailymaverick.co.za/article/2012-08-15-lonmin-mining-crisis-precarious-balance-no-solution-in-sight/,https://dailymaverick.co.za/article/2012-08-15-lonmin-mining-crisis-precarious-balance-no-solution-in-sight,2012,lonmin_only_title_review
Daily Maverick,https://www.dailymaverick.co.za/article/2012-08-17-beyond-the-chaos-at-marikana-the-search-for-the-real-issues/,https://dailymaverick.co.za/article/2012-08-17-beyond-the-chaos-at-marikana-the-search-for-the-real-issues,2012,explicit_case_title_review
Daily Maverick,https://www.dailymaverick.co.za/article/2012-08-17-lonmins-killing-fields-the-inevitable-tragic-next-move/,https://dailymaverick.co.za/article/2012-08-17-lonmins-killing-fields-the-inevitable-tragic-next-move,2012,already_screened
Daily Maverick,https://www.dailymaverick.co.za/article/2012-08-17-reporters-notebook-wonderkop-marikana-friday-17th/,https://dailymaverick.co.za/article/2012-08-17-reporters-notebook-wonderkop-marikana-friday-17th,2012,explicit_case_title_review
Daily Maverick,https://www.dailymaverick.co.za/article/2012-08-18-lonmin-malema-fans-the-flames-but-the-victims-are-still-out-in-the-cold/,https://dailymaverick.co.za/article/2012-08-18-lonmin-malema-fans-the-flames-but-the-victims-are-still-out-in-the-cold,2012,already_screened
Daily Maverick,https://www.dailymaverick.co.za/article/2012-08-20-lonmin-the-unacceptable-face-of-capitalism/,https://dailymaverick.co.za/article/2012-08-20-lonmin-the-unacceptable-face-of-capitalism,2012,lonmin_only_title_review
Daily Maverick,https://www.dailymaverick.co.za/article/2012-08-20-marikana-massacre-global-medias-focus-on-tripartite-failures-and-the-growing-class-divide/,https://dailymaverick.co.za/article/2012-08-20-marikana-massacre-global-medias-focus-on-tripartite-failures-and-the-growing-class-divide,2012,explicit_case_title_review
Daily Maverick,https://www.dailymaverick.co.za/article/2012-08-20-outrage-at-marikana-massacre-grows-around-the-world/,https://dailymaverick.co.za/article/2012-08-20-outrage-at-marikana-massacre-grows-around-the-world,2012,explicit_case_title_review
Daily Maverick,https://www.dailymaverick.co.za/article/2012-08-21-analysis-a-tough-future-for-both-lonmin-and-its-metal/,https://dailymaverick.co.za/article/2012-08-21-analysis-a-tough-future-for-both-lonmin-and-its-metal,2012,lonmin_only_title_review
Daily Maverick,https://www.dailymaverick.co.za/article/2012-08-21-marikana-where-is-the-anc/,https://dailymaverick.co.za/article/2012-08-21-marikana-where-is-the-anc,2012,explicit_case_title_review
Daily Maverick,https://www.dailymaverick.co.za/article/2012-08-22-a-world-away-from-its-reality-marikana-dissected-used-abused/,https://dailymaverick.co.za/article/2012-08-22-a-world-away-from-its-reality-marikana-dissected-used-abused,2012,explicit_case_title_review
Daily Maverick,https://www.dailymaverick.co.za/article/2012-08-22-marikana-cabinet-ministers-feel-full-force-of-striking-miners-fury/,https://dailymaverick.co.za/article/2012-08-22-marikana-cabinet-ministers-feel-full-force-of-striking-miners-fury,2012,explicit_case_title_review
Daily Maverick,https://www.dailymaverick.co.za/article/2012-08-23-marikana-what-really-happened-we-may-never-know/,https://dailymaverick.co.za/article/2012-08-23-marikana-what-really-happened-we-may-never-know,2012,explicit_case_title_review
Daily Maverick,https://www.dailymaverick.co.za/article/2012-08-23-marikana-zuma-reclaims-his-soul-and-his-presidency/,https://dailymaverick.co.za/article/2012-08-23-marikana-zuma-reclaims-his-soul-and-his-presidency,2012,explicit_case_title_review
Daily Maverick,https://www.dailymaverick.co.za/article/2012-08-23-marxism-socialism-and-the-ghosts-of-marikana/,https://dailymaverick.co.za/article/2012-08-23-marxism-socialism-and-the-ghosts-of-marikana,2012,explicit_case_title_review
Daily Maverick,https://www.dailymaverick.co.za/article/2012-08-23-reporters-notebook-num-drowned-out-at-uj-meeting-on-marikana/,https://dailymaverick.co.za/article/2012-08-23-reporters-notebook-num-drowned-out-at-uj-meeting-on-marikana,2012,explicit_case_title_review
Daily Maverick,https://www.dailymaverick.co.za/article/2012-08-23-royal-bafokeng-faces-miners-strike-as-lonmin-fallout-spreads/,https://dailymaverick.co.za/article/2012-08-23-royal-bafokeng-faces-miners-strike-as-lonmin-fallout-spreads,2012,lonmin_only_title_review
Daily Maverick,https://www.dailymaverick.co.za/article/2012-08-24-marikana-one-week-on-sas-war-with-itself-for-all-to-see/,https://dailymaverick.co.za/article/2012-08-24-marikana-one-week-on-sas-war-with-itself-for-all-to-see,2012,explicit_case_title_review
Daily Maverick,https://www.dailymaverick.co.za/article/2012-08-24-marikana-the-matter-of-embedded-journalism/,https://dailymaverick.co.za/article/2012-08-24-marikana-the-matter-of-embedded-journalism,2012,explicit_case_title_review
Daily Maverick,https://www.dailymaverick.co.za/article/2012-08-24-num-takes-aim-at-malema-at-jhb-memorial-service-for-marikana-victims/,https://dailymaverick.co.za/article/2012-08-24-num-takes-aim-at-malema-at-jhb-memorial-service-for-marikana-victims,2012,explicit_case_title_review
Daily Maverick,https://www.dailymaverick.co.za/article/2012-08-27-marikana-selebi-and-the-murder-of-sas-specialist-policing-skills/,https://dailymaverick.co.za/article/2012-08-27-marikana-selebi-and-the-murder-of-sas-specialist-policing-skills,2012,explicit_case_title_review
Daily Maverick,https://www.dailymaverick.co.za/article/2012-08-27-marikana-what-price-will-zuma-pay/,https://dailymaverick.co.za/article/2012-08-27-marikana-what-price-will-zuma-pay,2012,explicit_case_title_review
Daily Maverick,https://www.dailymaverick.co.za/article/2012-08-28-marikana-mourning-families-and-their-forgotten-legal-rights/,https://dailymaverick.co.za/article/2012-08-28-marikana-mourning-families-and-their-forgotten-legal-rights,2012,already_screened
Daily Maverick,https://www.dailymaverick.co.za/article/2012-08-28-marikana-police-torture-takes-central-stage/,https://dailymaverick.co.za/article/2012-08-28-marikana-police-torture-takes-central-stage,2012,already_screened
Daily Maverick,https://www.dailymaverick.co.za/article/2012-08-28-marikana-strike-continues-new-tensions-evident/,https://dailymaverick.co.za/article/2012-08-28-marikana-strike-continues-new-tensions-evident,2012,explicit_case_title_review
Daily Maverick,https://www.dailymaverick.co.za/article/2012-08-30-marikana-survivors-may-be-charged-with-murdering-own-comrades/,https://dailymaverick.co.za/article/2012-08-30-marikana-survivors-may-be-charged-with-murdering-own-comrades,2012,explicit_case_title_review
Daily Maverick,https://www.dailymaverick.co.za/article/2012-08-31-apartheid-and-the-marikana-murder-charges-a-common-purpose-indeed/,https://dailymaverick.co.za/article/2012-08-31-apartheid-and-the-marikana-murder-charges-a-common-purpose-indeed,2012,explicit_case_title_review
Daily Maverick,https://www.dailymaverick.co.za/article/2012-09-03-a-tale-of-two-worlds-sun-city-and-marikana/,https://dailymaverick.co.za/article/2012-09-03-a-tale-of-two-worlds-sun-city-and-marikana,2012,already_screened
Daily Maverick,https://www.dailymaverick.co.za/article/2012-09-03-far-away-from-murder-fields-of-marikana-a-funeral/,https://dailymaverick.co.za/article/2012-09-03-far-away-from-murder-fields-of-marikana-a-funeral,2012,explicit_case_title_review
Daily Maverick,https://www.dailymaverick.co.za/article/2012-09-03-marikana-and-mangaung-where-tragedy-and-political-theatre-meet/,https://dailymaverick.co.za/article/2012-09-03-marikana-and-mangaung-where-tragedy-and-political-theatre-meet,2012,explicit_case_title_review
Daily Maverick,https://www.dailymaverick.co.za/article/2012-09-03-marikana-civil-society-demands-justice-and-truth/,https://dailymaverick.co.za/article/2012-09-03-marikana-civil-society-demands-justice-and-truth,2012,explicit_case_title_review
Daily Maverick,https://www.dailymaverick.co.za/article/2012-09-03-marikana-npa-drops-common-purpose-charges-but-critical-questions-remain/,https://dailymaverick.co.za/article/2012-09-03-marikana-npa-drops-common-purpose-charges-but-critical-questions-remain,2012,already_screened
Daily Maverick,https://www.dailymaverick.co.za/article/2012-09-04-marikana-a-common-purpose-for-162-miners-freedom/,https://dailymaverick.co.za/article/2012-09-04-marikana-a-common-purpose-for-162-miners-freedom,2012,explicit_case_title_review
Daily Maverick,https://www.dailymaverick.co.za/article/2012-09-04-marikana-freed-miners-speak-of-torture-in-police-cells/,https://dailymaverick.co.za/article/2012-09-04-marikana-freed-miners-speak-of-torture-in-police-cells,2012,explicit_case_title_review
Daily Maverick,https://www.dailymaverick.co.za/article/2012-09-05-lonmin-marikanas-near-total-stay-away/,https://dailymaverick.co.za/article/2012-09-05-lonmin-marikanas-near-total-stay-away,2012,explicit_case_title_review
Daily Maverick,https://www.dailymaverick.co.za/article/2012-09-05-marikana-tide-is-turning-against-police-as-miners-lay-charge-of-torture/,https://dailymaverick.co.za/article/2012-09-05-marikana-tide-is-turning-against-police-as-miners-lay-charge-of-torture,2012,explicit_case_title_review
Daily Maverick,https://www.dailymaverick.co.za/article/2012-09-06-farlam-commission-finding-truths-in-the-marikana-labyrinth/,https://dailymaverick.co.za/article/2012-09-06-farlam-commission-finding-truths-in-the-marikana-labyrinth,2012,explicit_case_title_review
Daily Maverick,https://www.dailymaverick.co.za/article/2012-09-06-marikana-a-mining-town-on-edge/,https://dailymaverick.co.za/article/2012-09-06-marikana-a-mining-town-on-edge,2012,explicit_case_title_review
Daily Maverick,https://www.dailymaverick.co.za/article/2012-09-06-marikana-eyewitness-he-raised-his-hands-they-shoot-him-in-the-head/,https://dailymaverick.co.za/article/2012-09-06-marikana-eyewitness-he-raised-his-hands-they-shoot-him-in-the-head,2012,already_screened
Daily Maverick,https://www.dailymaverick.co.za/article/2012-09-06-marikana-how-much-will-it-cost-south-africa/,https://dailymaverick.co.za/article/2012-09-06-marikana-how-much-will-it-cost-south-africa,2012,explicit_case_title_review
Daily Maverick,https://www.dailymaverick.co.za/article/2012-09-06-marikana-strikers-send-down-tools-or-else-message-to-remaining-lonmin-employees/,https://dailymaverick.co.za/article/2012-09-06-marikana-strikers-send-down-tools-or-else-message-to-remaining-lonmin-employees,2012,explicit_case_title_review
Daily Maverick,https://www.dailymaverick.co.za/article/2012-09-07-marikana-the-investigations-integrity-compromised-as-small-koppies-crime-scene-defaced/,https://dailymaverick.co.za/article/2012-09-07-marikana-the-investigations-integrity-compromised-as-small-koppies-crime-scene-defaced,2012,explicit_case_title_review
Daily Maverick,https://www.dailymaverick.co.za/article/2012-09-08-marikanas-small-koppie-14-dead-300-metres-away-from-wonderkop-why/,https://dailymaverick.co.za/article/2012-09-08-marikanas-small-koppie-14-dead-300-metres-away-from-wonderkop-why,2012,already_screened
Daily Maverick,https://www.dailymaverick.co.za/article/2012-09-08-the-murder-fields-of-marikana-the-cold-murder-fields-of-marikana/,https://dailymaverick.co.za/article/2012-09-08-the-murder-fields-of-marikana-the-cold-murder-fields-of-marikana,2012,already_screened
Daily Maverick,https://www.dailymaverick.co.za/article/2012-09-10-analysis-the-worthless-marikana-peace-accord/,https://dailymaverick.co.za/article/2012-09-10-analysis-the-worthless-marikana-peace-accord,2012,explicit_case_title_review
Daily Maverick,https://www.dailymaverick.co.za/article/2012-09-10-in-marikana-local-governments-failures-in-plain-sight/,https://dailymaverick.co.za/article/2012-09-10-in-marikana-local-governments-failures-in-plain-sight,2012,already_screened
Daily Maverick,https://www.dailymaverick.co.za/article/2012-09-10-marikana-gift-of-the-givers-brings-food-to-striking-miners/,https://dailymaverick.co.za/article/2012-09-10-marikana-gift-of-the-givers-brings-food-to-striking-miners,2012,explicit_case_title_review
Daily Maverick,https://www.dailymaverick.co.za/article/2012-09-10-marikana-murders-the-world-now-believes/,https://dailymaverick.co.za/article/2012-09-10-marikana-murders-the-world-now-believes,2012,already_screened
Daily Maverick,https://www.dailymaverick.co.za/article/2012-09-11-plotting-sas-post-marikana-scenarios-grim-pictures-dominate/,https://dailymaverick.co.za/article/2012-09-11-plotting-sas-post-marikana-scenarios-grim-pictures-dominate,2012,explicit_case_title_review
Daily Maverick,https://www.dailymaverick.co.za/article/2012-09-11-reporters-notebook-a-day-in-marikanas-theatre-of-the-absurd/,https://dailymaverick.co.za/article/2012-09-11-reporters-notebook-a-day-in-marikanas-theatre-of-the-absurd,2012,explicit_case_title_review
Daily Maverick,https://www.dailymaverick.co.za/article/2012-09-12-marikana-malema-rebellion-revolution/,https://dailymaverick.co.za/article/2012-09-12-marikana-malema-rebellion-revolution,2012,already_screened
Daily Maverick,https://www.dailymaverick.co.za/article/2012-09-13-a-possible-way-out-of-the-marikana-stand-off/,https://dailymaverick.co.za/article/2012-09-13-a-possible-way-out-of-the-marikana-stand-off,2012,explicit_case_title_review
Daily Maverick,https://www.dailymaverick.co.za/article/2012-09-14-reporters-marikana-notebook-the-governments-clenched-fist/,https://dailymaverick.co.za/article/2012-09-14-reporters-marikana-notebook-the-governments-clenched-fist,2012,explicit_case_title_review
Daily Maverick,https://www.dailymaverick.co.za/article/2012-09-17-how-sam-the-banana-man-zemurray-explains-capitalism-and-marikana/,https://dailymaverick.co.za/article/2012-09-17-how-sam-the-banana-man-zemurray-explains-capitalism-and-marikana,2012,explicit_case_title_review
Daily Maverick,https://www.dailymaverick.co.za/article/2012-09-17-in-embracing-marikana-the-sacc-revitalises-itself/,https://dailymaverick.co.za/article/2012-09-17-in-embracing-marikana-the-sacc-revitalises-itself,2012,explicit_case_title_review
Daily Maverick,https://www.dailymaverick.co.za/article/2012-09-17-in-the-wake-of-marikana-anc-pushing-a-self-destruct-button/,https://dailymaverick.co.za/article/2012-09-17-in-the-wake-of-marikana-anc-pushing-a-self-destruct-button,2012,explicit_case_title_review
Daily Maverick,https://www.dailymaverick.co.za/article/2012-09-17-marikana-notebook-a-thin-line-between-fear-and-hate/,https://dailymaverick.co.za/article/2012-09-17-marikana-notebook-a-thin-line-between-fear-and-hate,2012,explicit_case_title_review
Daily Maverick,https://www.dailymaverick.co.za/article/2012-09-17-preview-cosatu-congress-haunted-by-the-pall-of-marikana/,https://dailymaverick.co.za/article/2012-09-17-preview-cosatu-congress-haunted-by-the-pall-of-marikana,2012,explicit_case_title_review
Daily Maverick,https://www.dailymaverick.co.za/article/2012-09-17-reporters-marikana-notebook-police-intimidation-1-abandoned-community-0/,https://dailymaverick.co.za/article/2012-09-17-reporters-marikana-notebook-police-intimidation-1-abandoned-community-0,2012,explicit_case_title_review
Daily Maverick,https://www.dailymaverick.co.za/article/2012-09-18-cosatu-congress-allies-talk-about-marikana-and-the-enemies-of-the-struggle/,https://dailymaverick.co.za/article/2012-09-18-cosatu-congress-allies-talk-about-marikana-and-the-enemies-of-the-struggle,2012,explicit_case_title_review
Daily Maverick,https://www.dailymaverick.co.za/article/2012-09-18-cosatu-on-marikana-10-it-was-brute-force-cosatu-on-marikana-20-it-was-not-brute-force/,https://dailymaverick.co.za/article/2012-09-18-cosatu-on-marikana-10-it-was-brute-force-cosatu-on-marikana-20-it-was-not-brute-force,2012,explicit_case_title_review
Daily Maverick,https://www.dailymaverick.co.za/article/2012-09-18-marikana-malemas-police-sponsored-exit/,https://dailymaverick.co.za/article/2012-09-18-marikana-malemas-police-sponsored-exit,2012,explicit_case_title_review
Daily Maverick,https://www.dailymaverick.co.za/article/2012-09-18-marikana-social-scientists-seek-understanding-and-demand-justice/,https://dailymaverick.co.za/article/2012-09-18-marikana-social-scientists-seek-understanding-and-demand-justice,2012,explicit_case_title_review
Daily Maverick,https://www.dailymaverick.co.za/article/2012-09-19-marikana-the-strike-ends-now-what/,https://dailymaverick.co.za/article/2012-09-19-marikana-the-strike-ends-now-what,2012,explicit_case_title_review
Daily Maverick,https://www.dailymaverick.co.za/article/2012-09-19-marikana-the-strike-might-be-over-but-the-struggle-continues/,https://dailymaverick.co.za/article/2012-09-19-marikana-the-strike-might-be-over-but-the-struggle-continues,2012,explicit_case_title_review
Daily Maverick,https://www.dailymaverick.co.za/article/2012-09-20-cosatu-congress-battling-the-rupture-of-mangaung-and-the-curse-of-marikana/,https://dailymaverick.co.za/article/2012-09-20-cosatu-congress-battling-the-rupture-of-mangaung-and-the-curse-of-marikana,2012,explicit_case_title_review
Daily Maverick,https://www.dailymaverick.co.za/article/2012-09-20-marikana-the-next-goal-for-the-workers-split-from-num/,https://dailymaverick.co.za/article/2012-09-20-marikana-the-next-goal-for-the-workers-split-from-num,2012,explicit_case_title_review
Daily Maverick,https://www.dailymaverick.co.za/article/2012-09-20-marikanas-theatre-of-the-absurd-claims-another-life/,https://dailymaverick.co.za/article/2012-09-20-marikanas-theatre-of-the-absurd-claims-another-life,2012,explicit_case_title_review
Daily Maverick,https://www.dailymaverick.co.za/article/2012-09-21-bring-on-the-sanctions-bishop-paul-verryn-on-marikana-and-poverty/,https://dailymaverick.co.za/article/2012-09-21-bring-on-the-sanctions-bishop-paul-verryn-on-marikana-and-poverty,2012,explicit_case_title_review
Daily Maverick,https://www.dailymaverick.co.za/article/2012-09-21-the-marikana-effect-a-sharp-drop-for-the-anc-in-septembers-by-elections/,https://dailymaverick.co.za/article/2012-09-21-the-marikana-effect-a-sharp-drop-for-the-anc-in-septembers-by-elections,2012,explicit_case_title_review
Daily Maverick,https://www.dailymaverick.co.za/article/2012-09-24-marikana-putting-words-to-tragedy/,https://dailymaverick.co.za/article/2012-09-24-marikana-putting-words-to-tragedy,2012,explicit_case_title_review
Daily Maverick,https://www.dailymaverick.co.za/article/2012-09-26-friendship-forged-in-the-depths-of-the-earth-and-strengthened-by-the-horror-of-marikana/,https://dailymaverick.co.za/article/2012-09-26-friendship-forged-in-the-depths-of-the-earth-and-strengthened-by-the-horror-of-marikana,2012,already_screened
Daily Maverick,https://www.dailymaverick.co.za/article/2012-09-27-unsafe-house-unsafe-job-the-foul-truth-about-living-conditions-at-marikana/,https://dailymaverick.co.za/article/2012-09-27-unsafe-house-unsafe-job-the-foul-truth-about-living-conditions-at-marikana,2012,already_screened
Daily Maverick,https://www.dailymaverick.co.za/article/2012-10-02-marikana-shaky-start-for-the-farlam-commission/,https://dailymaverick.co.za/article/2012-10-02-marikana-shaky-start-for-the-farlam-commission,2012,explicit_case_title_review
Daily Maverick,https://www.dailymaverick.co.za/article/2012-10-04-nigerias-marikana-moment-yet-another-one/,https://dailymaverick.co.za/article/2012-10-04-nigerias-marikana-moment-yet-another-one,2012,explicit_case_title_review
Daily Maverick,https://www.dailymaverick.co.za/article/2012-10-05-police-to-people-of-makause-march-and-therell-be-another-marikana/,https://dailymaverick.co.za/article/2012-10-05-police-to-people-of-makause-march-and-therell-be-another-marikana,2012,explicit_case_title_review
Daily Maverick,https://www.dailymaverick.co.za/article/2012-10-12-marikana-the-debt-hole-that-fuelled-the-fire/,https://dailymaverick.co.za/article/2012-10-12-marikana-the-debt-hole-that-fuelled-the-fire,2012,already_screened
Daily Maverick,https://www.dailymaverick.co.za/article/2012-10-15-down-with-amcu-and-malema-cosatu-and-mk-sing-from-the-same-song-sheet/,https://dailymaverick.co.za/article/2012-10-15-down-with-amcu-and-malema-cosatu-and-mk-sing-from-the-same-song-sheet,2012,secondary_keyword_only_review
Daily Maverick,https://www.dailymaverick.co.za/article/2012-10-15-marikana-tragedy-marches-towards-platinum-rebellion/,https://dailymaverick.co.za/article/2012-10-15-marikana-tragedy-marches-towards-platinum-rebellion,2012,explicit_case_title_review
Daily Maverick,https://www.dailymaverick.co.za/article/2012-10-18-marikana-after-wave-of-arrests-miners-to-return-to-strike/,https://dailymaverick.co.za/article/2012-10-18-marikana-after-wave-of-arrests-miners-to-return-to-strike,2012,explicit_case_title_review
Daily Maverick,https://www.dailymaverick.co.za/article/2012-10-23-death-threats-blazing-guns-police-intimidation-spikes-alongside-the-marikana-commission/,https://dailymaverick.co.za/article/2012-10-23-death-threats-blazing-guns-police-intimidation-spikes-alongside-the-marikana-commission,2012,explicit_case_title_review
Daily Maverick,https://www.dailymaverick.co.za/article/2012-10-23-marikana-commission-lawyers-draw-up-battle-lines/,https://dailymaverick.co.za/article/2012-10-23-marikana-commission-lawyers-draw-up-battle-lines,2012,explicit_case_title_review
Daily Maverick,https://www.dailymaverick.co.za/article/2012-10-24-25-october-2012-a-day-of-reckoning-at-marikana/,https://dailymaverick.co.za/article/2012-10-24-25-october-2012-a-day-of-reckoning-at-marikana,2012,already_screened
Daily Maverick,https://www.dailymaverick.co.za/article/2012-10-24-marikana-commission-more-sides-pitch-in-more-mud-flung-in-ramaphosas-face/,https://dailymaverick.co.za/article/2012-10-24-marikana-commission-more-sides-pitch-in-more-mud-flung-in-ramaphosas-face,2012,explicit_case_title_review
Daily Maverick,https://www.dailymaverick.co.za/article/2012-10-29-marikana-commission-check-book-justice-as-dead-miners-families-must-pay-their-own-way/,https://dailymaverick.co.za/article/2012-10-29-marikana-commission-check-book-justice-as-dead-miners-families-must-pay-their-own-way,2012,explicit_case_title_review
Daily Maverick,https://www.dailymaverick.co.za/article/2012-10-30-marikana-commission-travel-pains-for-the-families/,https://dailymaverick.co.za/article/2012-10-30-marikana-commission-travel-pains-for-the-families,2012,explicit_case_title_review
Daily Maverick,https://www.dailymaverick.co.za/article/2012-10-31-marikana-commission-colonel-johannes-bothas-tough-day-at-the-office/,https://dailymaverick.co.za/article/2012-10-31-marikana-commission-colonel-johannes-bothas-tough-day-at-the-office,2012,explicit_case_title_review
Daily Maverick,https://www.dailymaverick.co.za/article/2012-10-31-marikana-commission-dali-mpofu-drops-new-torture-bombshell/,https://dailymaverick.co.za/article/2012-10-31-marikana-commission-dali-mpofu-drops-new-torture-bombshell,2012,explicit_case_title_review
Daily Maverick,https://www.dailymaverick.co.za/article/2012-11-01-marikana-commission-the-forensic-expert-who-saw-little-heard-nothing-couldnt-say-much/,https://dailymaverick.co.za/article/2012-11-01-marikana-commission-the-forensic-expert-who-saw-little-heard-nothing-couldnt-say-much,2012,explicit_case_title_review
Daily Maverick,https://www.dailymaverick.co.za/article/2012-11-02-marikana-police-torturing-their-way-to-intimidation/,https://dailymaverick.co.za/article/2012-11-02-marikana-police-torturing-their-way-to-intimidation,2012,already_screened
Daily Maverick,https://www.dailymaverick.co.za/article/2012-11-06-marikana-commission-dont-single-us-out-police/,https://dailymaverick.co.za/article/2012-11-06-marikana-commission-dont-single-us-out-police,2012,already_screened
Daily Maverick,https://www.dailymaverick.co.za/article/2012-11-06-marikana-commission-prima-facie-case-for-tampering-with-evidence/,https://dailymaverick.co.za/article/2012-11-06-marikana-commission-prima-facie-case-for-tampering-with-evidence,2012,explicit_case_title_review
Daily Maverick,https://www.dailymaverick.co.za/article/2012-11-09-marikana-commission-sowing-the-killing-fields/,https://dailymaverick.co.za/article/2012-11-09-marikana-commission-sowing-the-killing-fields,2012,already_screened
Daily Maverick,https://www.dailymaverick.co.za/article/2012-11-12-marikana-commission-police-play-their-case/,https://dailymaverick.co.za/article/2012-11-12-marikana-commission-police-play-their-case,2012,explicit_case_title_review
Daily Maverick,https://www.dailymaverick.co.za/article/2012-11-13-painting-marikanas-tragedy/,https://dailymaverick.co.za/article/2012-11-13-painting-marikanas-tragedy,2012,explicit_case_title_review
Daily Maverick,https://www.dailymaverick.co.za/article/2012-11-15-marikana-commission-bishop-seoka-blames-police-unions-and-lonmin/,https://dailymaverick.co.za/article/2012-11-15-marikana-commission-bishop-seoka-blames-police-unions-and-lonmin,2012,explicit_case_title_review
Daily Maverick,https://www.dailymaverick.co.za/article/2012-11-16-marikana-commission-spotty-police-evidence-continues/,https://dailymaverick.co.za/article/2012-11-16-marikana-commission-spotty-police-evidence-continues,2012,explicit_case_title_review
Daily Maverick,https://www.dailymaverick.co.za/article/2012-11-20-marikana-commission-did-the-police-throw-away-their-own-rulebook/,https://dailymaverick.co.za/article/2012-11-20-marikana-commission-did-the-police-throw-away-their-own-rulebook,2012,explicit_case_title_review
Daily Maverick,https://www.dailymaverick.co.za/article/2012-11-21-marikana-commission-what-happened-before-16-august-lonmin-and-police-videos-failed-to-capture-crucial-evidence/,https://dailymaverick.co.za/article/2012-11-21-marikana-commission-what-happened-before-16-august-lonmin-and-police-videos-failed-to-capture-crucial-evidence,2012,explicit_case_title_review
Daily Maverick,https://www.dailymaverick.co.za/article/2012-11-22-marikana-commission-better-videos-of-16-august-but-still-not-much-to-see/,https://dailymaverick.co.za/article/2012-11-22-marikana-commission-better-videos-of-16-august-but-still-not-much-to-see,2012,explicit_case_title_review
Daily Maverick,https://www.dailymaverick.co.za/article/2012-11-23-marikana-commission-cops-lonmin-hit-back-at-bishop-seoka/,https://dailymaverick.co.za/article/2012-11-23-marikana-commission-cops-lonmin-hit-back-at-bishop-seoka,2012,explicit_case_title_review
Daily Maverick,https://www.dailymaverick.co.za/article/2012-11-27-marikana-commission-weapons-that-kill-and-a-row-over-subpoenas/,https://dailymaverick.co.za/article/2012-11-27-marikana-commission-weapons-that-kill-and-a-row-over-subpoenas,2012,explicit_case_title_review
Daily Maverick,https://www.dailymaverick.co.za/article/2012-11-28-marikana-commission-amcu-president-flays-num/,https://dailymaverick.co.za/article/2012-11-28-marikana-commission-amcu-president-flays-num,2012,explicit_case_title_review
Daily Maverick,https://www.dailymaverick.co.za/article/2012-11-29-marikana-commission-the-foiled-saviour-joseph-mathunjwa/,https://dailymaverick.co.za/article/2012-11-29-marikana-commission-the-foiled-saviour-joseph-mathunjwa,2012,already_screened
Daily Maverick,https://www.dailymaverick.co.za/article/2012-11-30-marikana-commission-joseph-mathunjwa-locks-horns-with-police/,https://dailymaverick.co.za/article/2012-11-30-marikana-commission-joseph-mathunjwa-locks-horns-with-police,2012,explicit_case_title_review
Daily Maverick,https://www.dailymaverick.co.za/article/2012-11-30-marikana-who-shot-first/,https://dailymaverick.co.za/article/2012-11-30-marikana-who-shot-first,2012,explicit_case_title_review
Daily Maverick,https://www.dailymaverick.co.za/article/2012-11-30-union-poster-feel-it-western-cape-marikana-is-here/,https://dailymaverick.co.za/article/2012-11-30-union-poster-feel-it-western-cape-marikana-is-here,2012,explicit_case_title_review
Daily Maverick,https://www.dailymaverick.co.za/article/2012-12-04-marikana-commission-joseph-mathunjwa-still-stands-his-ground/,https://dailymaverick.co.za/article/2012-12-04-marikana-commission-joseph-mathunjwa-still-stands-his-ground,2012,explicit_case_title_review
Daily Maverick,https://www.dailymaverick.co.za/article/2012-12-05-marikana-commission-cornered-mathunjwa-let-out-by-dumisa-ntsebeza/,https://dailymaverick.co.za/article/2012-12-05-marikana-commission-cornered-mathunjwa-let-out-by-dumisa-ntsebeza,2012,explicit_case_title_review
Daily Maverick,https://www.dailymaverick.co.za/article/2012-12-16-zuma-marikana-exposed-organisational-challenges/,https://dailymaverick.co.za/article/2012-12-16-zuma-marikana-exposed-organisational-challenges,2012,explicit_case_title_review
Daily Maverick,https://www.dailymaverick.co.za/article/2012-12-31-daily-mavericks-sa-persons-of-the-year-the-victims-of-marikana/,https://dailymaverick.co.za/article/2012-12-31-daily-mavericks-sa-persons-of-the-year-the-victims-of-marikana,2012,already_screened
Daily Maverick,https://www.dailymaverick.co.za/article/2013-01-11-2013-the-lingering-spectre-of-marikana/,https://dailymaverick.co.za/article/2013-01-11-2013-the-lingering-spectre-of-marikana,2013,explicit_case_title_review
Daily Maverick,https://www.dailymaverick.co.za/article/2013-01-18-amcu-the-champion-of-nationalisation-sort-of/,https://dailymaverick.co.za/article/2013-01-18-amcu-the-champion-of-nationalisation-sort-of,2013,secondary_keyword_only_review
Daily Maverick,https://www.dailymaverick.co.za/article/2013-01-24-marikana-commission-gung-ho-mangwashi-phiyega-under-scrutiny/,https://dailymaverick.co.za/article/2013-01-24-marikana-commission-gung-ho-mangwashi-phiyega-under-scrutiny,2013,already_screened
Daily Maverick,https://www.dailymaverick.co.za/article/2013-01-25-marikana-commission-num-takes-the-stand/,https://dailymaverick.co.za/article/2013-01-25-marikana-commission-num-takes-the-stand,2013,explicit_case_title_review
Daily Maverick,https://www.dailymaverick.co.za/article/2013-01-28-heartfelt-hard-painful-songs-of-marikana/,https://dailymaverick.co.za/article/2013-01-28-heartfelt-hard-painful-songs-of-marikana,2013,explicit_case_title_review
Daily Maverick,https://www.dailymaverick.co.za/article/2013-01-29-truth-lies-the-saga-of-the-marikana-massacre-continues/,https://dailymaverick.co.za/article/2013-01-29-truth-lies-the-saga-of-the-marikana-massacre-continues,2013,explicit_case_title_review
Daily Maverick,https://www.dailymaverick.co.za/article/2013-02-01-marikana-commission-num-in-a-deep-hole-over-the-fight-that-started-it-all/,https://dailymaverick.co.za/article/2013-02-01-marikana-commission-num-in-a-deep-hole-over-the-fight-that-started-it-all,2013,explicit_case_title_review
Daily Maverick,https://www.dailymaverick.co.za/article/2013-02-14-black-valentine-2013-love-in-the-time-of-marikana-nkandla-anene-booysens/,https://dailymaverick.co.za/article/2013-02-14-black-valentine-2013-love-in-the-time-of-marikana-nkandla-anene-booysens,2013,explicit_case_title_review
Daily Maverick,https://www.dailymaverick.co.za/article/2013-02-20-rustenburg-amcu-and-num-call-a-truce-for-now/,https://dailymaverick.co.za/article/2013-02-20-rustenburg-amcu-and-num-call-a-truce-for-now,2013,secondary_keyword_only_review
Daily Maverick,https://www.dailymaverick.co.za/article/2013-03-04-marikana-aftermath-as-the-commission-plays-on-theres-still-no-equality-before-the-law/,https://dailymaverick.co.za/article/2013-03-04-marikana-aftermath-as-the-commission-plays-on-theres-still-no-equality-before-the-law,2013,explicit_case_title_review
Daily Maverick,https://www.dailymaverick.co.za/article/2013-03-14-marikana-commission-why-did-non-employees-join-the-strike/,https://dailymaverick.co.za/article/2013-03-14-marikana-commission-why-did-non-employees-join-the-strike,2013,explicit_case_title_review
Daily Maverick,https://www.dailymaverick.co.za/article/2013-03-15-marikana-commission-phiyegas-testimony-begins/,https://dailymaverick.co.za/article/2013-03-15-marikana-commission-phiyegas-testimony-begins,2013,already_screened
Daily Maverick,https://www.dailymaverick.co.za/article/2013-03-18-marikana-how-much-and-when-did-zuma-know/,https://dailymaverick.co.za/article/2013-03-18-marikana-how-much-and-when-did-zuma-know,2013,explicit_case_title_review
Daily Maverick,https://www.dailymaverick.co.za/article/2013-03-19-marikana-commission-phiyegas-bad-start-gets-worse/,https://dailymaverick.co.za/article/2013-03-19-marikana-commission-phiyegas-bad-start-gets-worse,2013,already_screened
Daily Maverick,https://www.dailymaverick.co.za/article/2013-03-19-marikana-commission-under-oath-phiyegas-bald-faced-lie-exposed/,https://dailymaverick.co.za/article/2013-03-19-marikana-commission-under-oath-phiyegas-bald-faced-lie-exposed,2013,already_screened
Daily Maverick,https://www.dailymaverick.co.za/article/2013-03-22-farlams-site-visit-brings-community-closer-to-commission/,https://dailymaverick.co.za/article/2013-03-22-farlams-site-visit-brings-community-closer-to-commission,2013,explicit_case_title_review
Daily Maverick,https://www.dailymaverick.co.za/article/2013-03-25-analysis-the-future-of-south-africas-labour-market-post-marikana/,https://dailymaverick.co.za/article/2013-03-25-analysis-the-future-of-south-africas-labour-market-post-marikana,2013,explicit_case_title_review
Daily Maverick,https://www.dailymaverick.co.za/article/2013-03-25-born-in-post-marikana-anger-workers-socialist-party-enters-sa-politics/,https://dailymaverick.co.za/article/2013-03-25-born-in-post-marikana-anger-workers-socialist-party-enters-sa-politics,2013,explicit_case_title_review
Daily Maverick,https://www.dailymaverick.co.za/article/2013-03-26-marikana-commission-sangomas-death-and-phiyegas-understanding-of-truth/,https://dailymaverick.co.za/article/2013-03-26-marikana-commission-sangomas-death-and-phiyegas-understanding-of-truth,2013,already_screened
Daily Maverick,https://www.dailymaverick.co.za/article/2013-03-27-marikana-commission-phiyega-continues-to-play-dumb/,https://dailymaverick.co.za/article/2013-03-27-marikana-commission-phiyega-continues-to-play-dumb,2013,explicit_case_title_review
Daily Maverick,https://www.dailymaverick.co.za/article/2013-03-28-marikana-commission-why-did-apartheid-lessons-not-inform-police-action-on-16-august/,https://dailymaverick.co.za/article/2013-03-28-marikana-commission-why-did-apartheid-lessons-not-inform-police-action-on-16-august,2013,explicit_case_title_review
Daily Maverick,https://www.dailymaverick.co.za/article/2013-04-03-marikana-commission-as-bizos-cross-exam-ends-phiyega-is-still-not-forthcoming/,https://dailymaverick.co.za/article/2013-04-03-marikana-commission-as-bizos-cross-exam-ends-phiyega-is-still-not-forthcoming,2013,explicit_case_title_review
Daily Maverick,https://www.dailymaverick.co.za/article/2013-04-04-marikana-commission-move-to-pretoria-halts-as-phiyega-grilling-continues/,https://dailymaverick.co.za/article/2013-04-04-marikana-commission-move-to-pretoria-halts-as-phiyega-grilling-continues,2013,explicit_case_title_review
Daily Maverick,https://www.dailymaverick.co.za/article/2013-04-05-marikana-commission-zooms-in-on-phiyegas-changed-affidavit/,https://dailymaverick.co.za/article/2013-04-05-marikana-commission-zooms-in-on-phiyegas-changed-affidavit,2013,explicit_case_title_review
Daily Maverick,https://www.dailymaverick.co.za/article/2013-04-09-the-numamcu-cold-war-moves-to-bargaining-councils/,https://dailymaverick.co.za/article/2013-04-09-the-numamcu-cold-war-moves-to-bargaining-councils,2013,secondary_keyword_only_review
Daily Maverick,https://www.dailymaverick.co.za/article/2013-04-12-in-pictures-the-children-of-marikana/,https://dailymaverick.co.za/article/2013-04-12-in-pictures-the-children-of-marikana,2013,explicit_case_title_review
Daily Maverick,https://www.dailymaverick.co.za/article/2013-04-17-marikana-commission-continues-as-does-the-grilling-of-riah-phiyega/,https://dailymaverick.co.za/article/2013-04-17-marikana-commission-continues-as-does-the-grilling-of-riah-phiyega,2013,explicit_case_title_review
Daily Maverick,https://www.dailymaverick.co.za/article/2013-04-18-marikana-commission-phiyega-not-sure-who-killed-the-miners/,https://dailymaverick.co.za/article/2013-04-18-marikana-commission-phiyega-not-sure-who-killed-the-miners,2013,explicit_case_title_review
Daily Maverick,https://www.dailymaverick.co.za/article/2013-04-19-marikana-commission-another-i-dont-know-marathon-from-riah-phiyega/,https://dailymaverick.co.za/article/2013-04-19-marikana-commission-another-i-dont-know-marathon-from-riah-phiyega,2013,explicit_case_title_review
Daily Maverick,https://www.dailymaverick.co.za/article/2013-04-30-police-boss-before-marikana-operation-there-will-be-bloodshed/,https://dailymaverick.co.za/article/2013-04-30-police-boss-before-marikana-operation-there-will-be-bloodshed,2013,explicit_case_title_review
Daily Maverick,https://www.dailymaverick.co.za/article/2013-05-02-marikana-unfreedom-day-land-occupation-ends-in-violent-workers-day-eviction/,https://dailymaverick.co.za/article/2013-05-02-marikana-unfreedom-day-land-occupation-ends-in-violent-workers-day-eviction,2013,explicit_case_title_review
Daily Maverick,https://www.dailymaverick.co.za/article/2013-05-03-marikana-commission-annandale-in-the-hot-seat/,https://dailymaverick.co.za/article/2013-05-03-marikana-commission-annandale-in-the-hot-seat,2013,explicit_case_title_review
Daily Maverick,https://www.dailymaverick.co.za/article/2013-05-07-marikana-commission-mpembe-threatened-by-cops-for-marikana-deaths/,https://dailymaverick.co.za/article/2013-05-07-marikana-commission-mpembe-threatened-by-cops-for-marikana-deaths,2013,explicit_case_title_review
Daily Maverick,https://www.dailymaverick.co.za/article/2013-05-08-marikana-commission-the-death-toll-mounts/,https://dailymaverick.co.za/article/2013-05-08-marikana-commission-the-death-toll-mounts,2013,explicit_case_title_review
Daily Maverick,https://www.dailymaverick.co.za/article/2013-05-14-marikana-fear-and-terror-at-the-unions-battlefield/,https://dailymaverick.co.za/article/2013-05-14-marikana-fear-and-terror-at-the-unions-battlefield,2013,explicit_case_title_review
Daily Maverick,https://www.dailymaverick.co.za/article/2013-05-14-negotiating-season-amcus-headache-mathunjwas-migraine/,https://dailymaverick.co.za/article/2013-05-14-negotiating-season-amcus-headache-mathunjwas-migraine,2013,secondary_keyword_only_review
Daily Maverick,https://www.dailymaverick.co.za/article/2013-05-17-anglo-platinum-strike-still-looms/,https://dailymaverick.co.za/article/2013-05-17-anglo-platinum-strike-still-looms,2013,secondary_keyword_only_review
Daily Maverick,https://www.dailymaverick.co.za/article/2013-05-28-marikana-philippi-east-the-invisible-protest/,https://dailymaverick.co.za/article/2013-05-28-marikana-philippi-east-the-invisible-protest,2013,explicit_case_title_review
Daily Maverick,https://www.dailymaverick.co.za/article/2013-06-04-num-amcu-marikana-tis-the-season-to-be-bloody/,https://dailymaverick.co.za/article/2013-06-04-num-amcu-marikana-tis-the-season-to-be-bloody,2013,explicit_case_title_review
Daily Maverick,https://www.dailymaverick.co.za/article/2013-06-07-back-to-square-one-another-lonmin-strike-looms/,https://dailymaverick.co.za/article/2013-06-07-back-to-square-one-another-lonmin-strike-looms,2013,lonmin_only_title_review
Daily Maverick,https://www.dailymaverick.co.za/article/2013-06-21-the-other-marikana/,https://dailymaverick.co.za/article/2013-06-21-the-other-marikana,2013,explicit_case_title_review
Daily Maverick,https://www.dailymaverick.co.za/article/2013-07-04-agreement-for-a-sustainable-mining-industry-amcu-needs-more-time/,https://dailymaverick.co.za/article/2013-07-04-agreement-for-a-sustainable-mining-industry-amcu-needs-more-time,2013,secondary_keyword_only_review
Daily Maverick,https://www.dailymaverick.co.za/article/2013-07-12-as-farlam-returns-the-truth-about-the-massacre-remains-a-distant-perhaps-impossible-goal/,https://dailymaverick.co.za/article/2013-07-12-as-farlam-returns-the-truth-about-the-massacre-remains-a-distant-perhaps-impossible-goal,2013,explicit_case_title_review
Daily Maverick,https://www.dailymaverick.co.za/article/2013-07-18-the-truth-endangered-miners-representatives-withdraw-from-farlam-commission/,https://dailymaverick.co.za/article/2013-07-18-the-truth-endangered-miners-representatives-withdraw-from-farlam-commission,2013,explicit_case_title_review
Daily Maverick,https://www.dailymaverick.co.za/article/2013-07-19-the-issue-of-marikana-commission-funding-could-go-to-constitutional-court/,https://dailymaverick.co.za/article/2013-07-19-the-issue-of-marikana-commission-funding-could-go-to-constitutional-court,2013,explicit_case_title_review
Daily Maverick,https://www.dailymaverick.co.za/article/2013-08-13-another-week-another-murder-in-marikana/,https://dailymaverick.co.za/article/2013-08-13-another-week-another-murder-in-marikana,2013,explicit_case_title_review
Daily Maverick,https://www.dailymaverick.co.za/article/2013-08-13-memories-of-marikana-through-the-enca-lens/,https://dailymaverick.co.za/article/2013-08-13-memories-of-marikana-through-the-enca-lens,2013,already_screened
Daily Maverick,https://www.dailymaverick.co.za/article/2013-08-14-marikana-prepares-to-honour-the-fallen/,https://dailymaverick.co.za/article/2013-08-14-marikana-prepares-to-honour-the-fallen,2013,explicit_case_title_review
Daily Maverick,https://www.dailymaverick.co.za/article/2013-08-15-the-marikana-commission-and-skewed-access-to-justice/,https://dailymaverick.co.za/article/2013-08-15-the-marikana-commission-and-skewed-access-to-justice,2013,already_screened
Daily Maverick,https://www.dailymaverick.co.za/article/2013-08-16-images-of-marikana-august-16-2013/,https://dailymaverick.co.za/article/2013-08-16-images-of-marikana-august-16-2013,2013,explicit_case_title_review
Daily Maverick,https://www.dailymaverick.co.za/article/2013-08-16-marikana-one-year-later-the-hell-above-and-below-ground/,https://dailymaverick.co.za/article/2013-08-16-marikana-one-year-later-the-hell-above-and-below-ground,2013,already_screened
Daily Maverick,https://www.dailymaverick.co.za/article/2013-08-16-marikana-the-lives-of-others/,https://dailymaverick.co.za/article/2013-08-16-marikana-the-lives-of-others,2013,explicit_case_title_review
Daily Maverick,https://www.dailymaverick.co.za/article/2013-08-16-marikana-to-anc-we-dont-want-you-anyway/,https://dailymaverick.co.za/article/2013-08-16-marikana-to-anc-we-dont-want-you-anyway,2013,explicit_case_title_review
Daily Maverick,https://www.dailymaverick.co.za/article/2013-08-19-marikana-healing-sans-government-the-anc-or-num/,https://dailymaverick.co.za/article/2013-08-19-marikana-healing-sans-government-the-anc-or-num,2013,explicit_case_title_review
Daily Maverick,https://www.dailymaverick.co.za/article/2013-08-21-when-theatre-met-the-marikana-massacre/,https://dailymaverick.co.za/article/2013-08-21-when-theatre-met-the-marikana-massacre,2013,explicit_case_title_review
Daily Maverick,https://www.dailymaverick.co.za/article/2013-08-28-citizens4marikana-crowdfunding-for-miners-legal-fees/,https://dailymaverick.co.za/article/2013-08-28-citizens4marikana-crowdfunding-for-miners-legal-fees,2013,explicit_case_title_review
Daily Maverick,https://www.dailymaverick.co.za/article/2013-09-05-all-that-glitters-compromises-in-gold-strike-amcu-claims-conspiracy/,https://dailymaverick.co.za/article/2013-09-05-all-that-glitters-compromises-in-gold-strike-amcu-claims-conspiracy,2013,secondary_keyword_only_review
Daily Maverick,https://www.dailymaverick.co.za/article/2013-09-06-marikana-injured-step-up-their-fight-for-legal-help-and-ultimately-farlam-commissions-relevance/,https://dailymaverick.co.za/article/2013-09-06-marikana-injured-step-up-their-fight-for-legal-help-and-ultimately-farlam-commissions-relevance,2013,explicit_case_title_review
Daily Maverick,https://www.dailymaverick.co.za/article/2013-09-11-cyril-remember-marikana/,https://dailymaverick.co.za/article/2013-09-11-cyril-remember-marikana,2013,explicit_case_title_review
Daily Maverick,https://www.dailymaverick.co.za/article/2013-09-16-marikana-commission-lies-videotapes-and-the-polices-crumbling-wall-of-deceit/,https://dailymaverick.co.za/article/2013-09-16-marikana-commission-lies-videotapes-and-the-polices-crumbling-wall-of-deceit,2013,already_screened
Daily Maverick,https://www.dailymaverick.co.za/article/2013-09-20-marikana-police-lied-faked-farlam-commission-evidence/,https://dailymaverick.co.za/article/2013-09-20-marikana-police-lied-faked-farlam-commission-evidence,2013,explicit_case_title_review
Daily Maverick,https://www.dailymaverick.co.za/article/2013-10-01-num-amcu-resist-amplats-dismissals/,https://dailymaverick.co.za/article/2013-10-01-num-amcu-resist-amplats-dismissals,2013,secondary_keyword_only_review
Daily Maverick,https://www.dailymaverick.co.za/article/2013-10-14-marikana-malemas-2014-battle-begins/,https://dailymaverick.co.za/article/2013-10-14-marikana-malemas-2014-battle-begins,2013,explicit_case_title_review
Daily Maverick,https://www.dailymaverick.co.za/article/2013-10-15-marikana-commission-chronicle-of-death-foretold-and-planned-for-by-saps/,https://dailymaverick.co.za/article/2013-10-15-marikana-commission-chronicle-of-death-foretold-and-planned-for-by-saps,2013,explicit_case_title_review
Daily Maverick,https://www.dailymaverick.co.za/article/2013-10-15-the-state-vs-the-people-vs-the-police-finally-court-victory-for-marikana-survivors/,https://dailymaverick.co.za/article/2013-10-15-the-state-vs-the-people-vs-the-police-finally-court-victory-for-marikana-survivors,2013,explicit_case_title_review
Daily Maverick,https://www.dailymaverick.co.za/article/2013-10-23-marikana-massacre-more-disturbing-questions-about-police-planning-and-objectives/,https://dailymaverick.co.za/article/2013-10-23-marikana-massacre-more-disturbing-questions-about-police-planning-and-objectives,2013,already_screened
Daily Maverick,https://www.dailymaverick.co.za/article/2013-10-24-marikana-massacre-saps-lonmin-ramaphosa-time-for-blood-miners-blood/,https://dailymaverick.co.za/article/2013-10-24-marikana-massacre-saps-lonmin-ramaphosa-time-for-blood-miners-blood,2013,already_screened
Daily Maverick,https://www.dailymaverick.co.za/article/2013-10-25-marikana-massacre-ramaphosas-statement-revisited/,https://dailymaverick.co.za/article/2013-10-25-marikana-massacre-ramaphosas-statement-revisited,2013,already_screened
Daily Maverick,https://www.dailymaverick.co.za/article/2013-11-06-marikana-massacre-55-seconds-later-cease-fire-what-cease-fire/,https://dailymaverick.co.za/article/2013-11-06-marikana-massacre-55-seconds-later-cease-fire-what-cease-fire,2013,explicit_case_title_review
Daily Maverick,https://www.dailymaverick.co.za/article/2013-11-28-seris-fight-for-justice-and-reconciliation-from-the-trc-to-farlam/,https://dailymaverick.co.za/article/2013-11-28-seris-fight-for-justice-and-reconciliation-from-the-trc-to-farlam,2013,explicit_case_title_review
Daily Maverick,https://www.dailymaverick.co.za/article/2014-01-14-platinum-politics-under-pressure-to-deliver-amcu-shifts-to-damage-control/,https://dailymaverick.co.za/article/2014-01-14-platinum-politics-under-pressure-to-deliver-amcu-shifts-to-damage-control,2014,secondary_keyword_only_review
Daily Maverick,https://www.dailymaverick.co.za/article/2014-01-16-marikana-settlement-cape-town-a-demolition-battle-with-no-solution-in-sight/,https://dailymaverick.co.za/article/2014-01-16-marikana-settlement-cape-town-a-demolition-battle-with-no-solution-in-sight,2014,explicit_case_title_review
Daily Maverick,https://www.dailymaverick.co.za/article/2014-01-22-platinum-strikes-to-amcu-its-about-more-than-just-the-money/,https://dailymaverick.co.za/article/2014-01-22-platinum-strikes-to-amcu-its-about-more-than-just-the-money,2014,secondary_keyword_only_review
Daily Maverick,https://www.dailymaverick.co.za/article/2014-01-24-amcu-at-marikana-malibelinye-linye-asiye-in-one-voice-we-are-not-going/,https://dailymaverick.co.za/article/2014-01-24-amcu-at-marikana-malibelinye-linye-asiye-in-one-voice-we-are-not-going,2014,explicit_case_title_review
Daily Maverick,https://www.dailymaverick.co.za/article/2014-01-30-amcu-holds-firm-on-platinum-strike/,https://dailymaverick.co.za/article/2014-01-30-amcu-holds-firm-on-platinum-strike,2014,secondary_keyword_only_review
Daily Maverick,https://www.dailymaverick.co.za/article/2014-02-05-higher-stocks-give-lonmin-breathing-space-during-strike/,https://dailymaverick.co.za/article/2014-02-05-higher-stocks-give-lonmin-breathing-space-during-strike,2014,lonmin_only_title_review
Daily Maverick,https://www.dailymaverick.co.za/article/2014-02-25-marikana-commission-the-long-game-reveals-itself/,https://dailymaverick.co.za/article/2014-02-25-marikana-commission-the-long-game-reveals-itself,2014,explicit_case_title_review
Daily Maverick,https://www.dailymaverick.co.za/article/2014-03-06-platinum-strike-the-negotiation-tables-depressing-emptiness/,https://dailymaverick.co.za/article/2014-03-06-platinum-strike-the-negotiation-tables-depressing-emptiness,2014,secondary_keyword_only_review
Daily Maverick,https://www.dailymaverick.co.za/article/2014-03-07-in-pictures-amcu-takes-to-the-union-buildings/,https://dailymaverick.co.za/article/2014-03-07-in-pictures-amcu-takes-to-the-union-buildings,2014,secondary_keyword_only_review
Daily Maverick,https://www.dailymaverick.co.za/article/2014-03-11-amcus-mathunjwa-last-six-weeks-of-platinum-strike-was-like-a-warm-up/,https://dailymaverick.co.za/article/2014-03-11-amcus-mathunjwa-last-six-weeks-of-platinum-strike-was-like-a-warm-up,2014,secondary_keyword_only_review
Daily Maverick,https://www.dailymaverick.co.za/article/2014-03-14-farlam-commission-more-marikana-massacre-secrets-and-lies/,https://dailymaverick.co.za/article/2014-03-14-farlam-commission-more-marikana-massacre-secrets-and-lies,2014,already_screened
Daily Maverick,https://www.dailymaverick.co.za/article/2014-03-19-amcu-takes-platinum-fight-to-heart-of-amplats/,https://dailymaverick.co.za/article/2014-03-19-amcu-takes-platinum-fight-to-heart-of-amplats,2014,secondary_keyword_only_review
Daily Maverick,https://www.dailymaverick.co.za/article/2014-03-26-platinum-strikes-two-months-into-starving-negotiations/,https://dailymaverick.co.za/article/2014-03-26-platinum-strikes-two-months-into-starving-negotiations,2014,secondary_keyword_only_review
Daily Maverick,https://www.dailymaverick.co.za/article/2014-03-27-marikana-commission-a-cop-who-stands-for-truth-and-accountability/,https://dailymaverick.co.za/article/2014-03-27-marikana-commission-a-cop-who-stands-for-truth-and-accountability,2014,explicit_case_title_review
Daily Maverick,https://www.dailymaverick.co.za/article/2014-03-31-marikana-commission-phase-two-the-big-picture/,https://dailymaverick.co.za/article/2014-03-31-marikana-commission-phase-two-the-big-picture,2014,explicit_case_title_review
Daily Maverick,https://www.dailymaverick.co.za/article/2014-04-04-platinum-strike-miners-share-their-ordeal/,https://dailymaverick.co.za/article/2014-04-04-platinum-strike-miners-share-their-ordeal,2014,secondary_keyword_only_review
Daily Maverick,https://www.dailymaverick.co.za/article/2014-04-10-marikana-commission-phase-two-migrancy/,https://dailymaverick.co.za/article/2014-04-10-marikana-commission-phase-two-migrancy,2014,explicit_case_title_review
Daily Maverick,https://www.dailymaverick.co.za/article/2014-04-15-will-marikanas-mr-x-be-a-game-changer/,https://dailymaverick.co.za/article/2014-04-15-will-marikanas-mr-x-be-a-game-changer,2014,explicit_case_title_review
Daily Maverick,https://www.dailymaverick.co.za/article/2014-04-23-platinum-strikes-discussions-to-determine-platinum-belt-amcus-future/,https://dailymaverick.co.za/article/2014-04-23-platinum-strikes-discussions-to-determine-platinum-belt-amcus-future,2014,secondary_keyword_only_review
Daily Maverick,https://www.dailymaverick.co.za/article/2014-04-30-a-luta-continua-amcu-decides-in-zuma-free-marikana/,https://dailymaverick.co.za/article/2014-04-30-a-luta-continua-amcu-decides-in-zuma-free-marikana,2014,explicit_case_title_review
Daily Maverick,https://www.dailymaverick.co.za/article/2014-05-02-khayelitsha-may-day-rally-silence-on-zuma-nkandla-and-marikana-not-so-on-enemies-of-the-revolution/,https://dailymaverick.co.za/article/2014-05-02-khayelitsha-may-day-rally-silence-on-zuma-nkandla-and-marikana-not-so-on-enemies-of-the-revolution,2014,explicit_case_title_review
Daily Maverick,https://www.dailymaverick.co.za/article/2014-05-07-elections-in-marikana-the-mining-belt-makes-its-mark-in-pictures/,https://dailymaverick.co.za/article/2014-05-07-elections-in-marikana-the-mining-belt-makes-its-mark-in-pictures,2014,explicit_case_title_review
Daily Maverick,https://www.dailymaverick.co.za/article/2014-05-15-marikana-commission-man-and-his-truth-a-story-of-the-policemen-who-was-not-afraid/,https://dailymaverick.co.za/article/2014-05-15-marikana-commission-man-and-his-truth-a-story-of-the-policemen-who-was-not-afraid,2014,explicit_case_title_review
Daily Maverick,https://www.dailymaverick.co.za/article/2014-05-15-platinum-strikes-the-marikana-standoff-continues/,https://dailymaverick.co.za/article/2014-05-15-platinum-strikes-the-marikana-standoff-continues,2014,explicit_case_title_review
Daily Maverick,https://www.dailymaverick.co.za/article/2014-05-19-marikana-commission-all-for-nought/,https://dailymaverick.co.za/article/2014-05-19-marikana-commission-all-for-nought,2014,explicit_case_title_review
Daily Maverick,https://www.dailymaverick.co.za/article/2014-05-20-platinum-strikes-lets-see-yo-cards-boys/,https://dailymaverick.co.za/article/2014-05-20-platinum-strikes-lets-see-yo-cards-boys,2014,secondary_keyword_only_review
Daily Maverick,https://www.dailymaverick.co.za/article/2014-05-26-a-roadshow-like-no-other-striking-marikana-miners-looking-to-win-hearts-and-minds/,https://dailymaverick.co.za/article/2014-05-26-a-roadshow-like-no-other-striking-marikana-miners-looking-to-win-hearts-and-minds,2014,explicit_case_title_review
Daily Maverick,https://www.dailymaverick.co.za/article/2014-05-27-platinum-strikes-hope-for-the-next-step-but-which-way/,https://dailymaverick.co.za/article/2014-05-27-platinum-strikes-hope-for-the-next-step-but-which-way,2014,secondary_keyword_only_review
Daily Maverick,https://www.dailymaverick.co.za/article/2014-06-02-platinum-strikes-the-battle-intensifies/,https://dailymaverick.co.za/article/2014-06-02-platinum-strikes-the-battle-intensifies,2014,secondary_keyword_only_review
Daily Maverick,https://www.dailymaverick.co.za/article/2014-06-06-numsa-amcu-and-the-portent-of-strike-stricken-economy/,https://dailymaverick.co.za/article/2014-06-06-numsa-amcu-and-the-portent-of-strike-stricken-economy,2014,secondary_keyword_only_review
Daily Maverick,https://www.dailymaverick.co.za/article/2014-06-09-amcu-strike-ramathlodis-platinum-team-fizzles/,https://dailymaverick.co.za/article/2014-06-09-amcu-strike-ramathlodis-platinum-team-fizzles,2014,secondary_keyword_only_review
Daily Maverick,https://www.dailymaverick.co.za/article/2014-06-09-marikana-massacre-the-first-of-lonmins-voices-are-heard/,https://dailymaverick.co.za/article/2014-06-09-marikana-massacre-the-first-of-lonmins-voices-are-heard,2014,already_screened
Daily Maverick,https://www.dailymaverick.co.za/article/2014-06-09-platinum-strike-ramatlhodi-out-no-end-in-sight-whats-next/,https://dailymaverick.co.za/article/2014-06-09-platinum-strike-ramatlhodi-out-no-end-in-sight-whats-next,2014,secondary_keyword_only_review
Daily Maverick,https://www.dailymaverick.co.za/article/2014-06-11-platinum-strike-mining-minister-claims-hollow-victory/,https://dailymaverick.co.za/article/2014-06-11-platinum-strike-mining-minister-claims-hollow-victory,2014,secondary_keyword_only_review
Daily Maverick,https://www.dailymaverick.co.za/article/2014-06-11-platinum-strike-wages-politics-and-the-ancs-false-boogeymen/,https://dailymaverick.co.za/article/2014-06-11-platinum-strike-wages-politics-and-the-ancs-false-boogeymen,2014,secondary_keyword_only_review
Daily Maverick,https://www.dailymaverick.co.za/article/2014-06-12-platinum-strike-never-ending-story-set-to-end/,https://dailymaverick.co.za/article/2014-06-12-platinum-strike-never-ending-story-set-to-end,2014,secondary_keyword_only_review
Daily Maverick,https://www.dailymaverick.co.za/article/2014-06-17-marikana-commission-when-warning-shots-kill-and-wound/,https://dailymaverick.co.za/article/2014-06-17-marikana-commission-when-warning-shots-kill-and-wound,2014,explicit_case_title_review
Daily Maverick,https://www.dailymaverick.co.za/article/2014-06-23-platinum-strike-no-more-after-losing-r10-6-billion-in-wages-miners-claim-victory/,https://dailymaverick.co.za/article/2014-06-23-platinum-strike-no-more-after-losing-r10-6-billion-in-wages-miners-claim-victory,2014,secondary_keyword_only_review
Daily Maverick,https://www.dailymaverick.co.za/article/2014-06-26-marikana-commission-mr-x-mr-white/,https://dailymaverick.co.za/article/2014-06-26-marikana-commission-mr-x-mr-white,2014,explicit_case_title_review
Daily Maverick,https://www.dailymaverick.co.za/article/2014-06-27-groundup-who-won-the-platinum-strike-the-figures-speak./,https://dailymaverick.co.za/article/2014-06-27-groundup-who-won-the-platinum-strike-the-figures-speak.,2014,secondary_keyword_only_review
Daily Maverick,https://www.dailymaverick.co.za/article/2014-06-29-op-ed-amcu-victory-is-more-than-just-about-the-figures/,https://dailymaverick.co.za/article/2014-06-29-op-ed-amcu-victory-is-more-than-just-about-the-figures,2014,secondary_keyword_only_review
Daily Maverick,https://www.dailymaverick.co.za/article/2014-07-04-marikana-commission-mr-xs-testimony-collapses-under-cross-examination/,https://dailymaverick.co.za/article/2014-07-04-marikana-commission-mr-xs-testimony-collapses-under-cross-examination,2014,explicit_case_title_review
Daily Maverick,https://www.dailymaverick.co.za/article/2014-07-10-daily-vox-the-forgotten-people-of-marikana/,https://dailymaverick.co.za/article/2014-07-10-daily-vox-the-forgotten-people-of-marikana,2014,explicit_case_title_review
Daily Maverick,https://www.dailymaverick.co.za/article/2014-07-15-marikana-commission-mthethwa-chooses-middle-road/,https://dailymaverick.co.za/article/2014-07-15-marikana-commission-mthethwa-chooses-middle-road,2014,explicit_case_title_review
Daily Maverick,https://www.dailymaverick.co.za/article/2014-07-16-marikana-commission-mthethwa-under-fire/,https://dailymaverick.co.za/article/2014-07-16-marikana-commission-mthethwa-under-fire,2014,already_screened
Daily Maverick,https://www.dailymaverick.co.za/article/2014-08-11-the-buffalo-prince-and-the-marikana-commission/,https://dailymaverick.co.za/article/2014-08-11-the-buffalo-prince-and-the-marikana-commission,2014,explicit_case_title_review
Daily Maverick,https://www.dailymaverick.co.za/article/2014-08-13-marikana-commission-ramaphosa-walks-the-line/,https://dailymaverick.co.za/article/2014-08-13-marikana-commission-ramaphosa-walks-the-line,2014,already_screened
Daily Maverick,https://www.dailymaverick.co.za/article/2014-08-14-marikana-commission-families-speak/,https://dailymaverick.co.za/article/2014-08-14-marikana-commission-families-speak,2014,explicit_case_title_review
Daily Maverick,https://www.dailymaverick.co.za/article/2014-08-15-marikana-two-years-on-cape-towns-protest-artists-remember-the-dead/,https://dailymaverick.co.za/article/2014-08-15-marikana-two-years-on-cape-towns-protest-artists-remember-the-dead,2014,explicit_case_title_review
Daily Maverick,https://www.dailymaverick.co.za/article/2014-08-17-editorial-never-forget-marikana/,https://dailymaverick.co.za/article/2014-08-17-editorial-never-forget-marikana,2014,explicit_case_title_review
Daily Maverick,https://www.dailymaverick.co.za/article/2014-08-19-marikana-where-art-thou/,https://dailymaverick.co.za/article/2014-08-19-marikana-where-art-thou,2014,explicit_case_title_review
Daily Maverick,https://www.dailymaverick.co.za/article/2014-08-26-marikana-commission-minister-shabangu-cant-act/,https://dailymaverick.co.za/article/2014-08-26-marikana-commission-minister-shabangu-cant-act,2014,explicit_case_title_review
Daily Maverick,https://www.dailymaverick.co.za/article/2014-09-01-marikana-when-comrades-clash-it-is-the-truth-that-suffers/,https://dailymaverick.co.za/article/2014-09-01-marikana-when-comrades-clash-it-is-the-truth-that-suffers,2014,explicit_case_title_review
Daily Maverick,https://www.dailymaverick.co.za/article/2014-09-09-marikana-commission-polices-defence-collapsing/,https://dailymaverick.co.za/article/2014-09-09-marikana-commission-polices-defence-collapsing,2014,already_screened
Daily Maverick,https://www.dailymaverick.co.za/article/2014-09-11-marikana-commission-riah-phiyegas-impossibly-hazy-memory/,https://dailymaverick.co.za/article/2014-09-11-marikana-commission-riah-phiyegas-impossibly-hazy-memory,2014,already_screened
Daily Maverick,https://www.dailymaverick.co.za/article/2014-09-15-marikana-commission-lonmin-under-a-scorching-spotlight/,https://dailymaverick.co.za/article/2014-09-15-marikana-commission-lonmin-under-a-scorching-spotlight,2014,explicit_case_title_review
Daily Maverick,https://www.dailymaverick.co.za/article/2014-09-17-marikana-commission-questions-unanswered/,https://dailymaverick.co.za/article/2014-09-17-marikana-commission-questions-unanswered,2014,explicit_case_title_review
Daily Maverick,https://www.dailymaverick.co.za/article/2014-09-25-marikana-sceptical-miners-await-an-end-to-the-farlam-commission/,https://dailymaverick.co.za/article/2014-09-25-marikana-sceptical-miners-await-an-end-to-the-farlam-commission,2014,explicit_case_title_review
Daily Maverick,https://www.dailymaverick.co.za/article/2014-10-09-marikana-the-musical-a-tale-of-democracys-pitfalls/,https://dailymaverick.co.za/article/2014-10-09-marikana-the-musical-a-tale-of-democracys-pitfalls,2014,explicit_case_title_review
Daily Maverick,https://www.dailymaverick.co.za/article/2014-10-12-marikana-dont-touch-lonmin-on-its-bermuda/,https://dailymaverick.co.za/article/2014-10-12-marikana-dont-touch-lonmin-on-its-bermuda,2014,explicit_case_title_review
Daily Maverick,https://www.dailymaverick.co.za/article/2014-10-31-marikana-the-list-of-accused/,https://dailymaverick.co.za/article/2014-10-31-marikana-the-list-of-accused,2014,explicit_case_title_review
Daily Maverick,https://www.dailymaverick.co.za/article/2014-11-05-marikana-how-the-police-constructed-their-story/,https://dailymaverick.co.za/article/2014-11-05-marikana-how-the-police-constructed-their-story,2014,explicit_case_title_review
Daily Maverick,https://www.dailymaverick.co.za/article/2014-11-05-marikana-lonmins-broken-promises/,https://dailymaverick.co.za/article/2014-11-05-marikana-lonmins-broken-promises,2014,explicit_case_title_review
Daily Maverick,https://www.dailymaverick.co.za/article/2014-11-05-marikana-phiyega-not-fit-for-office/,https://dailymaverick.co.za/article/2014-11-05-marikana-phiyega-not-fit-for-office,2014,explicit_case_title_review
Daily Maverick,https://www.dailymaverick.co.za/article/2014-11-07-marikana-time-to-meet-the-commissioners/,https://dailymaverick.co.za/article/2014-11-07-marikana-time-to-meet-the-commissioners,2014,explicit_case_title_review
Daily Maverick,https://www.dailymaverick.co.za/article/2014-11-13-marikana-commission-ramaphosa-mpofus-number-one/,https://dailymaverick.co.za/article/2014-11-13-marikana-commission-ramaphosa-mpofus-number-one,2014,explicit_case_title_review
Daily Maverick,https://www.dailymaverick.co.za/article/2014-11-14-marikana-commission-compensate-the-relatives/,https://dailymaverick.co.za/article/2014-11-14-marikana-commission-compensate-the-relatives,2014,explicit_case_title_review
Daily Maverick,https://www.dailymaverick.co.za/article/2014-11-18-the-closing-of-the-marikana-commission-the-thin-blue-lie/,https://dailymaverick.co.za/article/2014-11-18-the-closing-of-the-marikana-commission-the-thin-blue-lie,2014,explicit_case_title_review
Daily Maverick,https://www.dailymaverick.co.za/article/2014-11-26-op-ed-after-marikana-commission-what-now/,https://dailymaverick.co.za/article/2014-11-26-op-ed-after-marikana-commission-what-now,2014,explicit_case_title_review
Daily Maverick,https://www.dailymaverick.co.za/article/2015-03-10-sibanye-golds-hlanganani-shaft-going-deep-into-the-heart-of-the-economy/,https://dailymaverick.co.za/article/2015-03-10-sibanye-golds-hlanganani-shaft-going-deep-into-the-heart-of-the-economy,2015,secondary_keyword_only_review
Daily Maverick,https://www.dailymaverick.co.za/article/2015-03-16-mining-and-money-sibanyes-struggle-to-avoid-a-repeat-of-history/,https://dailymaverick.co.za/article/2015-03-16-mining-and-money-sibanyes-struggle-to-avoid-a-repeat-of-history,2015,secondary_keyword_only_review
Daily Maverick,https://www.dailymaverick.co.za/article/2015-03-31-marikana-report-time-for-justice-but-will-phiyega-be-fired/,https://dailymaverick.co.za/article/2015-03-31-marikana-report-time-for-justice-but-will-phiyega-be-fired,2015,explicit_case_title_review
Daily Maverick,https://www.dailymaverick.co.za/article/2015-05-06-open-letter-to-president-zuma-from-the-marikana-support-campaign/,https://dailymaverick.co.za/article/2015-05-06-open-letter-to-president-zuma-from-the-marikana-support-campaign,2015,explicit_case_title_review
Daily Maverick,https://www.dailymaverick.co.za/article/2015-05-12-marikana-massacre-pressure-continues-while-the-president-considers-report/,https://dailymaverick.co.za/article/2015-05-12-marikana-massacre-pressure-continues-while-the-president-considers-report,2015,explicit_case_title_review
Daily Maverick,https://www.dailymaverick.co.za/article/2015-05-15-another-perfect-storm-will-marikana-be-zumas-new-nkandla/,https://dailymaverick.co.za/article/2015-05-15-another-perfect-storm-will-marikana-be-zumas-new-nkandla,2015,explicit_case_title_review
Daily Maverick,https://www.dailymaverick.co.za/article/2015-05-25-marikana-report-in-the-hands-of-god-and-zuma/,https://dailymaverick.co.za/article/2015-05-25-marikana-report-in-the-hands-of-god-and-zuma,2015,explicit_case_title_review
Daily Maverick,https://www.dailymaverick.co.za/article/2015-05-26-marikana-report-coming-to-court/,https://dailymaverick.co.za/article/2015-05-26-marikana-report-coming-to-court,2015,explicit_case_title_review
Daily Maverick,https://www.dailymaverick.co.za/article/2015-05-26-parliament-diary-placards-a-date-for-the-marikana-report-and-an-f-bomb/,https://dailymaverick.co.za/article/2015-05-26-parliament-diary-placards-a-date-for-the-marikana-report-and-an-f-bomb,2015,explicit_case_title_review
Daily Maverick,https://www.dailymaverick.co.za/article/2015-05-27-marikana-report-despite-the-release-promise-pressure-on-zuma-persists/,https://dailymaverick.co.za/article/2015-05-27-marikana-report-despite-the-release-promise-pressure-on-zuma-persists,2015,already_screened
Daily Maverick,https://www.dailymaverick.co.za/article/2015-06-03-marikana-report-court-papers-filed/,https://dailymaverick.co.za/article/2015-06-03-marikana-report-court-papers-filed,2015,explicit_case_title_review
Daily Maverick,https://www.dailymaverick.co.za/article/2015-06-08-marikana-report-the-pain-while-president-zuma-applies-his-mind/,https://dailymaverick.co.za/article/2015-06-08-marikana-report-the-pain-while-president-zuma-applies-his-mind,2015,explicit_case_title_review
Daily Maverick,https://www.dailymaverick.co.za/article/2015-06-25-marikana-the-day-president-zuma-added-insult-to-injury/,https://dailymaverick.co.za/article/2015-06-25-marikana-the-day-president-zuma-added-insult-to-injury,2015,explicit_case_title_review
Daily Maverick,https://www.dailymaverick.co.za/article/2015-06-26-marikana-report-key-findings-and-recommendations/,https://dailymaverick.co.za/article/2015-06-26-marikana-report-key-findings-and-recommendations,2015,already_screened
Daily Maverick,https://www.dailymaverick.co.za/article/2015-06-26-marikana-report-the-continuing-injustice-for-the-people-of-a-lesser-god/,https://dailymaverick.co.za/article/2015-06-26-marikana-report-the-continuing-injustice-for-the-people-of-a-lesser-god,2015,explicit_case_title_review
Daily Maverick,https://www.dailymaverick.co.za/article/2015-06-29-marikana-report-aftermath-this-is-too-painful/,https://dailymaverick.co.za/article/2015-06-29-marikana-report-aftermath-this-is-too-painful,2015,explicit_case_title_review
Daily Maverick,https://www.dailymaverick.co.za/article/2015-06-29-op-ed-in-the-shadow-of-marikana-a-lost-opportunity-for-justice/,https://dailymaverick.co.za/article/2015-06-29-op-ed-in-the-shadow-of-marikana-a-lost-opportunity-for-justice,2015,explicit_case_title_review
Daily Maverick,https://www.dailymaverick.co.za/article/2015-06-30-after-marikana-report-the-widows-talk-about-life-of-hardship-and-pain/,https://dailymaverick.co.za/article/2015-06-30-after-marikana-report-the-widows-talk-about-life-of-hardship-and-pain,2015,explicit_case_title_review
Daily Maverick,https://www.dailymaverick.co.za/article/2015-06-30-the-curious-case-of-the-ancs-post-marikana-silence/,https://dailymaverick.co.za/article/2015-06-30-the-curious-case-of-the-ancs-post-marikana-silence,2015,explicit_case_title_review
Daily Maverick,https://www.dailymaverick.co.za/article/2015-06-30-women-of-marikana-lodge-world-bank-complaint-against-lonmin/,https://dailymaverick.co.za/article/2015-06-30-women-of-marikana-lodge-world-bank-complaint-against-lonmin,2015,explicit_case_title_review
Daily Maverick,https://www.dailymaverick.co.za/article/2015-07-01-podcast-marikana-the-fallout/,https://dailymaverick.co.za/article/2015-07-01-podcast-marikana-the-fallout,2015,explicit_case_title_review
Daily Maverick,https://www.dailymaverick.co.za/article/2015-07-03-marikana-phiyega-on-the-attack-and-malema-on-new-legal-and-political-crusade/,https://dailymaverick.co.za/article/2015-07-03-marikana-phiyega-on-the-attack-and-malema-on-new-legal-and-political-crusade,2015,already_screened
Daily Maverick,https://www.dailymaverick.co.za/article/2015-07-07-baggage-or-collateral-damage-marikana-and-ramaphosas-path-to-the-presidency/,https://dailymaverick.co.za/article/2015-07-07-baggage-or-collateral-damage-marikana-and-ramaphosas-path-to-the-presidency,2015,explicit_case_title_review
Daily Maverick,https://www.dailymaverick.co.za/article/2015-07-08-marikana-will-saps-do-the-right-thing/,https://dailymaverick.co.za/article/2015-07-08-marikana-will-saps-do-the-right-thing,2015,explicit_case_title_review
Daily Maverick,https://www.dailymaverick.co.za/article/2015-07-20-marikanas-deep-throat-charge-brigadier-malahlela-unravel-police-lies-and-deceit/,https://dailymaverick.co.za/article/2015-07-20-marikanas-deep-throat-charge-brigadier-malahlela-unravel-police-lies-and-deceit,2015,explicit_case_title_review
Daily Maverick,https://www.dailymaverick.co.za/article/2015-07-30-op-ed-marikana-justice-delayed-is-justice-denied/,https://dailymaverick.co.za/article/2015-07-30-op-ed-marikana-justice-delayed-is-justice-denied,2015,explicit_case_title_review
Daily Maverick,https://www.dailymaverick.co.za/article/2015-08-14-marikana-families-to-nhleko-payusthemoney/,https://dailymaverick.co.za/article/2015-08-14-marikana-families-to-nhleko-payusthemoney,2015,explicit_case_title_review
Daily Maverick,https://www.dailymaverick.co.za/article/2015-08-14-marikana-three-years-on-political-posturing-vs-the-quest-for-truth-and-closure/,https://dailymaverick.co.za/article/2015-08-14-marikana-three-years-on-political-posturing-vs-the-quest-for-truth-and-closure,2015,explicit_case_title_review
Daily Maverick,https://www.dailymaverick.co.za/article/2015-08-17-marikana-three-years-on-workers-call-for-justice-but-justice-doesnt-come/,https://dailymaverick.co.za/article/2015-08-17-marikana-three-years-on-workers-call-for-justice-but-justice-doesnt-come,2015,explicit_case_title_review
Daily Maverick,https://www.dailymaverick.co.za/article/2015-08-18-marikana-i-dont-see-any-difference-in-living-conditions/,https://dailymaverick.co.za/article/2015-08-18-marikana-i-dont-see-any-difference-in-living-conditions,2015,explicit_case_title_review
Daily Maverick,https://www.dailymaverick.co.za/article/2015-08-20-analysis-marikana-and-roodepoort-reflect-south-africas-policing-crisis/,https://dailymaverick.co.za/article/2015-08-20-analysis-marikana-and-roodepoort-reflect-south-africas-policing-crisis,2015,explicit_case_title_review
Daily Maverick,https://www.dailymaverick.co.za/article/2015-09-03-parliament-nhleko-is-impressive-but-marikana-victims-are-still-waiting/,https://dailymaverick.co.za/article/2015-09-03-parliament-nhleko-is-impressive-but-marikana-victims-are-still-waiting,2015,explicit_case_title_review
Daily Maverick,https://www.dailymaverick.co.za/article/2015-09-10-mining-sibanye-goes-platinum-but-can-they-make-it-work/,https://dailymaverick.co.za/article/2015-09-10-mining-sibanye-goes-platinum-but-can-they-make-it-work,2015,secondary_keyword_only_review
Daily Maverick,https://www.dailymaverick.co.za/article/2015-09-15-marikana-another-delay-and-a-hint-of-compensation/,https://dailymaverick.co.za/article/2015-09-15-marikana-another-delay-and-a-hint-of-compensation,2015,explicit_case_title_review
Daily Maverick,https://www.dailymaverick.co.za/article/2015-09-29-marikana-zuma-opens-compensation-discussions/,https://dailymaverick.co.za/article/2015-09-29-marikana-zuma-opens-compensation-discussions,2015,explicit_case_title_review
Daily Maverick,https://www.dailymaverick.co.za/article/2015-10-06-op-ed-piketty-misses-the-mark-on-marikana/,https://dailymaverick.co.za/article/2015-10-06-op-ed-piketty-misses-the-mark-on-marikana,2015,explicit_case_title_review
Daily Maverick,https://www.dailymaverick.co.za/article/2015-11-12-parliament-diary-marikana-still-dogs-ramaphosa/,https://dailymaverick.co.za/article/2015-11-12-parliament-diary-marikana-still-dogs-ramaphosa,2015,explicit_case_title_review
Daily Maverick,https://www.dailymaverick.co.za/article/2015-11-13-marikana-cyril-cited-compensation-slated/,https://dailymaverick.co.za/article/2015-11-13-marikana-cyril-cited-compensation-slated,2015,explicit_case_title_review
Daily Maverick,https://www.dailymaverick.co.za/article/2015-12-07-marikana-what-compensation-discussions/,https://dailymaverick.co.za/article/2015-12-07-marikana-what-compensation-discussions,2015,explicit_case_title_review
Daily Maverick,https://www.dailymaverick.co.za/article/2015-12-08-presidency-marikana-compensation-talks-to-begin-in-january/,https://dailymaverick.co.za/article/2015-12-08-presidency-marikana-compensation-talks-to-begin-in-january,2015,explicit_case_title_review
Daily Maverick,https://www.dailymaverick.co.za/article/2016-05-05-marikana-phiyegas-inquiry-begins-as-compensation-is-still-elusive/,https://dailymaverick.co.za/article/2016-05-05-marikana-phiyegas-inquiry-begins-as-compensation-is-still-elusive,2016,explicit_case_title_review
Daily Maverick,https://www.dailymaverick.co.za/article/2016-06-02-shadow-play-state-security-marikana-and-a-bogus-union/,https://dailymaverick.co.za/article/2016-06-02-shadow-play-state-security-marikana-and-a-bogus-union,2016,explicit_case_title_review
Daily Maverick,https://www.dailymaverick.co.za/article/2016-06-16-op-ed-from-soweto-to-marikana-police-action-and-inaction-then-and-now/,https://dailymaverick.co.za/article/2016-06-16-op-ed-from-soweto-to-marikana-police-action-and-inaction-then-and-now,2016,explicit_case_title_review
Daily Maverick,https://www.dailymaverick.co.za/article/2016-06-17-review-noma-the-bleak-journey-to-the-other-marikana/,https://dailymaverick.co.za/article/2016-06-17-review-noma-the-bleak-journey-to-the-other-marikana,2016,explicit_case_title_review
Daily Maverick,https://www.dailymaverick.co.za/article/2016-08-11-marikana-the-missing-consequences-of-a-massacre/,https://dailymaverick.co.za/article/2016-08-11-marikana-the-missing-consequences-of-a-massacre,2016,explicit_case_title_review
Daily Maverick,https://www.dailymaverick.co.za/article/2016-08-16-marikana-and-the-feesmustfall-generation-behind-the-drama-lies-sas-challenge/,https://dailymaverick.co.za/article/2016-08-16-marikana-and-the-feesmustfall-generation-behind-the-drama-lies-sas-challenge,2016,explicit_case_title_review
Daily Maverick,https://www.dailymaverick.co.za/article/2016-08-31-amabhungane-war-looming-over-marikana-housing-evictions/,https://dailymaverick.co.za/article/2016-08-31-amabhungane-war-looming-over-marikana-housing-evictions,2016,already_screened
Daily Maverick,https://www.dailymaverick.co.za/article/2016-09-18-marikana-on-edge-occupiers-ready-to-defend-in-housing-showdown/,https://dailymaverick.co.za/article/2016-09-18-marikana-on-edge-occupiers-ready-to-defend-in-housing-showdown,2016,explicit_case_title_review
Daily Maverick,https://www.dailymaverick.co.za/article/2016-10-26-whats-mine-is-mine-how-the-bapo-ba-mogale-got-robbed-of-r800-million/,https://dailymaverick.co.za/article/2016-10-26-whats-mine-is-mine-how-the-bapo-ba-mogale-got-robbed-of-r800-million,2016,already_screened
Daily Maverick,https://www.dailymaverick.co.za/article/2016-12-06-marikana-sikhale-sonke-withdraws-from-lonmin-mediations/,https://dailymaverick.co.za/article/2016-12-06-marikana-sikhale-sonke-withdraws-from-lonmin-mediations,2016,explicit_case_title_review
Daily Maverick,https://www.dailymaverick.co.za/article/2016-12-12-marikana-more-than-four-years-after-the-massacre-that-shocked-the-world-charges-against-police-finally-laid/,https://dailymaverick.co.za/article/2016-12-12-marikana-more-than-four-years-after-the-massacre-that-shocked-the-world-charges-against-police-finally-laid,2016,explicit_case_title_review
Daily Maverick,https://www.dailymaverick.co.za/article/2016-12-13-marikana-lonmin-defends-housing-plan/,https://dailymaverick.co.za/article/2016-12-13-marikana-lonmin-defends-housing-plan,2016,explicit_case_title_review
Daily Maverick,https://www.dailymaverick.co.za/article/2016-12-14-whats-mine-is-mine-lonmin-and-the-dangerous-art-of-intimidation/,https://dailymaverick.co.za/article/2016-12-14-whats-mine-is-mine-lonmin-and-the-dangerous-art-of-intimidation,2016,lonmin_only_title_review
Daily Maverick,https://www.dailymaverick.co.za/article/2017-01-09-eff-activists-marikana-murder-charges-politically-motivated-say-supporters/,https://dailymaverick.co.za/article/2017-01-09-eff-activists-marikana-murder-charges-politically-motivated-say-supporters,2017,explicit_case_title_review
Daily Maverick,https://www.dailymaverick.co.za/article/2017-02-08-groundup-landmark-marikana-settlement-case-begins-60000-peoples-homes-at-stake/,https://dailymaverick.co.za/article/2017-02-08-groundup-landmark-marikana-settlement-case-begins-60000-peoples-homes-at-stake,2017,explicit_case_title_review
Daily Maverick,https://www.dailymaverick.co.za/article/2017-02-10-groundup-marikana-case-homeowner-in-informal-settlement-asks-city-to-buy-her-property/,https://dailymaverick.co.za/article/2017-02-10-groundup-marikana-case-homeowner-in-informal-settlement-asks-city-to-buy-her-property,2017,explicit_case_title_review
Daily Maverick,https://www.dailymaverick.co.za/article/2017-02-13-groundup-marikana-cape-town-lawyer-calls-for-state-to-expropriate-land/,https://dailymaverick.co.za/article/2017-02-13-groundup-marikana-cape-town-lawyer-calls-for-state-to-expropriate-land,2017,explicit_case_title_review
Daily Maverick,https://www.dailymaverick.co.za/article/2017-02-16-groundup-marikana-settlement-judge-must-rule-whether-to-compel-state-to-buy-compensate-or-evict/,https://dailymaverick.co.za/article/2017-02-16-groundup-marikana-settlement-judge-must-rule-whether-to-compel-state-to-buy-compensate-or-evict,2017,explicit_case_title_review
Daily Maverick,https://www.dailymaverick.co.za/article/2017-03-15-marikana-massacre-police-absolve-87-of-their-own/,https://dailymaverick.co.za/article/2017-03-15-marikana-massacre-police-absolve-87-of-their-own,2017,already_screened
Daily Maverick,https://www.dailymaverick.co.za/article/2017-03-20-marikana-massacre-he-is-fine-let-him-die/,https://dailymaverick.co.za/article/2017-03-20-marikana-massacre-he-is-fine-let-him-die,2017,already_screened
Daily Maverick,https://www.dailymaverick.co.za/article/2017-05-08-succession-chronicles-marikana-ramaphosas-cross/,https://dailymaverick.co.za/article/2017-05-08-succession-chronicles-marikana-ramaphosas-cross,2017,explicit_case_title_review
Daily Maverick,https://www.dailymaverick.co.za/article/2017-05-08-ww-we-reject-ramaphosas-marikana-apology-azapo/,https://dailymaverick.co.za/article/2017-05-08-ww-we-reject-ramaphosas-marikana-apology-azapo,2017,explicit_case_title_review
Daily Maverick,https://www.dailymaverick.co.za/article/2017-06-26-never-forget-marikana-interview-with-the-allan-paton-award-winner-greg-marinovich/,https://dailymaverick.co.za/article/2017-06-26-never-forget-marikana-interview-with-the-allan-paton-award-winner-greg-marinovich,2017,explicit_case_title_review
Daily Maverick,https://www.dailymaverick.co.za/article/2017-07-27-whats-mine-is-mine-lonmin-and-the-secret-claim-on-marikana-land/,https://dailymaverick.co.za/article/2017-07-27-whats-mine-is-mine-lonmin-and-the-secret-claim-on-marikana-land,2017,explicit_case_title_review
Daily Maverick,https://www.dailymaverick.co.za/article/2017-08-15-five-years-later-we-havent-learnt-anything-from-marikana/,https://dailymaverick.co.za/article/2017-08-15-five-years-later-we-havent-learnt-anything-from-marikana,2017,explicit_case_title_review
Daily Maverick,https://www.dailymaverick.co.za/article/2017-08-15-op-ed-marikana-five-years-of-injustice/,https://dailymaverick.co.za/article/2017-08-15-op-ed-marikana-five-years-of-injustice,2017,explicit_case_title_review
Daily Maverick,https://www.dailymaverick.co.za/article/2017-08-16-iss-today-marikana-demands-truth-justice-and-accountability/,https://dailymaverick.co.za/article/2017-08-16-iss-today-marikana-demands-truth-justice-and-accountability,2017,explicit_case_title_review
Daily Maverick,https://www.dailymaverick.co.za/article/2017-08-16-marikana-whats-been-done-on-saps-recommendations/,https://dailymaverick.co.za/article/2017-08-16-marikana-whats-been-done-on-saps-recommendations,2017,already_screened
Daily Maverick,https://www.dailymaverick.co.za/article/2017-08-17-marikana-five-years-later-thousands-gather-on-the-koppie-to-pay-tribute-to-the-34-miners/,https://dailymaverick.co.za/article/2017-08-17-marikana-five-years-later-thousands-gather-on-the-koppie-to-pay-tribute-to-the-34-miners,2017,explicit_case_title_review
Daily Maverick,https://www.dailymaverick.co.za/article/2017-08-22-groundup-lonmin-link-to-casac-questioned/,https://dailymaverick.co.za/article/2017-08-22-groundup-lonmin-link-to-casac-questioned,2017,lonmin_only_title_review
Daily Maverick,https://www.dailymaverick.co.za/article/2017-08-24-anc-leadership-race-dlamini-zumas-incredible-marikana-misstep/,https://dailymaverick.co.za/article/2017-08-24-anc-leadership-race-dlamini-zumas-incredible-marikana-misstep,2017,explicit_case_title_review
Daily Maverick,https://www.dailymaverick.co.za/article/2017-09-04-groundup-marikana-lonmins-dodgy-housing-record/,https://dailymaverick.co.za/article/2017-09-04-groundup-marikana-lonmins-dodgy-housing-record,2017,explicit_case_title_review
Daily Maverick,https://www.dailymaverick.co.za/article/2017-09-06-groundup-facts-and-myths-about-the-judgment-on-the-marikana-informal-settlement-in-philippi/,https://dailymaverick.co.za/article/2017-09-06-groundup-facts-and-myths-about-the-judgment-on-the-marikana-informal-settlement-in-philippi,2017,explicit_case_title_review
Daily Maverick,https://www.dailymaverick.co.za/article/2017-09-08-analysis-saps-fails-to-transform-into-public-service-post-marikana/,https://dailymaverick.co.za/article/2017-09-08-analysis-saps-fails-to-transform-into-public-service-post-marikana,2017,explicit_case_title_review
Daily Maverick,https://www.dailymaverick.co.za/article/2017-09-14-letter-to-the-editor-helen-zilles-facts-are-wrong-on-marikana-housing-issue/,https://dailymaverick.co.za/article/2017-09-14-letter-to-the-editor-helen-zilles-facts-are-wrong-on-marikana-housing-issue,2017,explicit_case_title_review
Daily Maverick,https://www.dailymaverick.co.za/article/2017-10-02-four-arrests-made-after-marikana-shooting/,https://dailymaverick.co.za/article/2017-10-02-four-arrests-made-after-marikana-shooting,2017,explicit_case_title_review
Daily Maverick,https://www.dailymaverick.co.za/article/2017-10-02-groundup-marikana-residents-say-theyve-lost-faith-in-the-police/,https://dailymaverick.co.za/article/2017-10-02-groundup-marikana-residents-say-theyve-lost-faith-in-the-police,2017,explicit_case_title_review
Daily Maverick,https://www.dailymaverick.co.za/article/2017-10-04-groundup-police-dont-listen-to-us-marikana-residents-tell-fikile-mbalula/,https://dailymaverick.co.za/article/2017-10-04-groundup-police-dont-listen-to-us-marikana-residents-tell-fikile-mbalula,2017,explicit_case_title_review
Daily Maverick,https://www.dailymaverick.co.za/article/2017-10-05-groundup-an-open-letter-to-the-authorities-about-marikana-informal-settlement/,https://dailymaverick.co.za/article/2017-10-05-groundup-an-open-letter-to-the-authorities-about-marikana-informal-settlement,2017,explicit_case_title_review
Daily Maverick,https://www.dailymaverick.co.za/article/2017-10-06-cape-town-paying-the-price-to-live-in-marikana/,https://dailymaverick.co.za/article/2017-10-06-cape-town-paying-the-price-to-live-in-marikana,2017,explicit_case_title_review
Daily Maverick,https://www.dailymaverick.co.za/article/2017-10-20-marikana-survivors-of-the-massacre-are-still-hounded-and-assassinated-amid-rumoured-hit-list/,https://dailymaverick.co.za/article/2017-10-20-marikana-survivors-of-the-massacre-are-still-hounded-and-assassinated-amid-rumoured-hit-list,2017,explicit_case_title_review
Daily Maverick,https://www.dailymaverick.co.za/article/2017-11-01-op-ed-global-developmental-financial-institution-needs-to-be-accountable-on-lonmin-and-sassa/,https://dailymaverick.co.za/article/2017-11-01-op-ed-global-developmental-financial-institution-needs-to-be-accountable-on-lonmin-and-sassa,2017,lonmin_only_title_review
Daily Maverick,https://www.dailymaverick.co.za/article/2018-02-07-trapped-miners-at-gauteng-sibanye-stillwater-gold-mine-confirmed-dead/,https://dailymaverick.co.za/article/2018-02-07-trapped-miners-at-gauteng-sibanye-stillwater-gold-mine-confirmed-dead,2018,secondary_keyword_only_review
Daily Maverick,https://www.dailymaverick.co.za/article/2018-02-15-open-letter-to-cyril-ramaphosa-use-your-power-to-make-reparation-over-marikana/,https://dailymaverick.co.za/article/2018-02-15-open-letter-to-cyril-ramaphosa-use-your-power-to-make-reparation-over-marikana,2018,explicit_case_title_review
Daily Maverick,https://www.dailymaverick.co.za/article/2018-03-15-9-senior-police-officials-to-appear-for-marikana-murders/,https://dailymaverick.co.za/article/2018-03-15-9-senior-police-officials-to-appear-for-marikana-murders,2018,explicit_case_title_review
Daily Maverick,https://www.dailymaverick.co.za/article/2018-03-20-groundup-marikana-workers-live-in-dire-conditions-three-years-after-farlam-report/,https://dailymaverick.co.za/article/2018-03-20-groundup-marikana-workers-live-in-dire-conditions-three-years-after-farlam-report,2018,explicit_case_title_review
Daily Maverick,https://www.dailymaverick.co.za/article/2018-04-04-op-ed-amcu-supports-the-need-to-move-rapidly-to-a-low-carbon-economy/,https://dailymaverick.co.za/article/2018-04-04-op-ed-amcu-supports-the-need-to-move-rapidly-to-a-low-carbon-economy,2018,secondary_keyword_only_review
Daily Maverick,https://www.dailymaverick.co.za/article/2018-05-04-4-dead-6-miners-trapped-underground-at-sibanye-mine/,https://dailymaverick.co.za/article/2018-05-04-4-dead-6-miners-trapped-underground-at-sibanye-mine,2018,secondary_keyword_only_review
Daily Maverick,https://www.dailymaverick.co.za/article/2018-05-22-found-not-guilty-by-court-marikana-activist-warns-of-cops-pursuing-political-agendas/,https://dailymaverick.co.za/article/2018-05-22-found-not-guilty-by-court-marikana-activist-warns-of-cops-pursuing-political-agendas,2018,explicit_case_title_review
Daily Maverick,https://www.dailymaverick.co.za/article/2018-06-15-will-there-ever-be-accountability-for-the-marikana-massacre/,https://dailymaverick.co.za/article/2018-06-15-will-there-ever-be-accountability-for-the-marikana-massacre,2018,already_screened
Daily Maverick,https://www.dailymaverick.co.za/article/2018-08-07-amcu-threatens-strike-over-planned-retrenchment-of-13-400-implats-workers/,https://dailymaverick.co.za/article/2018-08-07-amcu-threatens-strike-over-planned-retrenchment-of-13-400-implats-workers,2018,secondary_keyword_only_review
Daily Maverick,https://www.dailymaverick.co.za/article/2018-08-15-the-legacy-of-marikana-accountability-urgent-to-prevent-another-atrocity/,https://dailymaverick.co.za/article/2018-08-15-the-legacy-of-marikana-accountability-urgent-to-prevent-another-atrocity,2018,already_screened
Daily Maverick,https://www.dailymaverick.co.za/article/2018-08-16-six-years-on-there-is-no-accountability-for-the-elite-police-unit-shootings-at-marikana-scene-2/,https://dailymaverick.co.za/article/2018-08-16-six-years-on-there-is-no-accountability-for-the-elite-police-unit-shootings-at-marikana-scene-2,2018,already_screened
Daily Maverick,https://www.dailymaverick.co.za/article/2018-08-30-marikana-massacre-ipid-investigates-massacred-miners-deaths-and-saps-lies-without-the-promised-funding/,https://dailymaverick.co.za/article/2018-08-30-marikana-massacre-ipid-investigates-massacred-miners-deaths-and-saps-lies-without-the-promised-funding,2018,already_screened
Daily Maverick,https://www.dailymaverick.co.za/article/2018-10-29-lonmin-says-it-is-a-victim-of-vexatious-litigation/,https://dailymaverick.co.za/article/2018-10-29-lonmin-says-it-is-a-victim-of-vexatious-litigation,2018,lonmin_only_title_review
Daily Maverick,https://www.dailymaverick.co.za/article/2018-12-07-joseph-mathunjwa-please-rethink-the-deadly-sibanye-stillwater-strike/,https://dailymaverick.co.za/article/2018-12-07-joseph-mathunjwa-please-rethink-the-deadly-sibanye-stillwater-strike,2018,secondary_keyword_only_review
Daily Maverick,https://www.dailymaverick.co.za/article/2019-04-09-the-balance-in-sas-bloody-strike-at-sibanye-stillwaters-mines-tips-slightly/,https://dailymaverick.co.za/article/2019-04-09-the-balance-in-sas-bloody-strike-at-sibanye-stillwaters-mines-tips-slightly,2019,secondary_keyword_only_review
Daily Maverick,https://www.dailymaverick.co.za/article/2019-04-17-five-month-strike-at-sibanye-stillwater-gold-mines-has-ended-after-amcu-decided-to-cut-its-losses/,https://dailymaverick.co.za/article/2019-04-17-five-month-strike-at-sibanye-stillwater-gold-mines-has-ended-after-amcu-decided-to-cut-its-losses,2019,secondary_keyword_only_review
Daily Maverick,https://www.dailymaverick.co.za/article/2019-04-25-department-of-labour-threatens-to-cancel-amcus-registration/,https://dailymaverick.co.za/article/2019-04-25-department-of-labour-threatens-to-cancel-amcus-registration,2019,secondary_keyword_only_review
Daily Maverick,https://www.dailymaverick.co.za/article/2019-04-26-lonmin-case-shows-how-hard-it-is-to-hold-mines-to-account/,https://dailymaverick.co.za/article/2019-04-26-lonmin-case-shows-how-hard-it-is-to-hold-mines-to-account,2019,lonmin_only_title_review
Daily Maverick,https://www.dailymaverick.co.za/article/2019-04-26-theyre-attacking-amcu-because-we-are-fighting-for-black-workers-mathunjwa/,https://dailymaverick.co.za/article/2019-04-26-theyre-attacking-amcu-because-we-are-fighting-for-black-workers-mathunjwa,2019,secondary_keyword_only_review
Daily Maverick,https://www.dailymaverick.co.za/article/2019-04-29-deregistration-threat-to-amcu-calls-for-active-union-solidarity/,https://dailymaverick.co.za/article/2019-04-29-deregistration-threat-to-amcu-calls-for-active-union-solidarity,2019,secondary_keyword_only_review
Daily Maverick,https://www.dailymaverick.co.za/article/2019-04-29-while-probably-at-fault-amcu-is-hardly-alone-in-seeing-a-political-agenda-in-moves-to-disband-it/,https://dailymaverick.co.za/article/2019-04-29-while-probably-at-fault-amcu-is-hardly-alone-in-seeing-a-political-agenda-in-moves-to-disband-it,2019,secondary_keyword_only_review
Daily Maverick,https://www.dailymaverick.co.za/article/2019-05-22-sibanye-stillwater-ceo-explains-why-he-has-drawn-a-line-in-the-sand-on-lonmin-deal/,https://dailymaverick.co.za/article/2019-05-22-sibanye-stillwater-ceo-explains-why-he-has-drawn-a-line-in-the-sand-on-lonmin-deal,2019,lonmin_only_title_review
Daily Maverick,https://www.dailymaverick.co.za/article/2019-05-28-after-gobbling-up-lonmin-the-sibanye-juggernaut-rolls-on/,https://dailymaverick.co.za/article/2019-05-28-after-gobbling-up-lonmin-the-sibanye-juggernaut-rolls-on,2019,lonmin_only_title_review
Daily Maverick,https://www.dailymaverick.co.za/article/2019-05-28-lonmin-investors-back-sibanye-deal-to-create-platinum-giant/,https://dailymaverick.co.za/article/2019-05-28-lonmin-investors-back-sibanye-deal-to-create-platinum-giant,2019,lonmin_only_title_review
Daily Maverick,https://www.dailymaverick.co.za/article/2019-06-12-obituary-after-the-marikana-massacre-the-writing-was-on-the-wall-for-lonmin/,https://dailymaverick.co.za/article/2019-06-12-obituary-after-the-marikana-massacre-the-writing-was-on-the-wall-for-lonmin,2019,explicit_case_title_review
Daily Maverick,https://www.dailymaverick.co.za/article/2019-06-14-amcu-tables-big-wage-demands-in-platinum-sector/,https://dailymaverick.co.za/article/2019-06-14-amcu-tables-big-wage-demands-in-platinum-sector,2019,secondary_keyword_only_review
Daily Maverick,https://www.dailymaverick.co.za/article/2019-07-10-lesson-from-marikana-the-other-side-of-above-inflation-pay-rises/,https://dailymaverick.co.za/article/2019-07-10-lesson-from-marikana-the-other-side-of-above-inflation-pay-rises,2019,already_screened
Daily Maverick,https://www.dailymaverick.co.za/article/2019-07-21-community-wants-concourt-to-declare-r5bn-lonmin-deal-illegal/,https://dailymaverick.co.za/article/2019-07-21-community-wants-concourt-to-declare-r5bn-lonmin-deal-illegal,2019,already_screened
Daily Maverick,https://www.dailymaverick.co.za/article/2019-08-05-its-a-done-deal-sibanye-tells-mining-communities-challenging-r5bn-lonmin-merger/,https://dailymaverick.co.za/article/2019-08-05-its-a-done-deal-sibanye-tells-mining-communities-challenging-r5bn-lonmin-merger,2019,lonmin_only_title_review
Daily Maverick,https://www.dailymaverick.co.za/article/2019-08-16-another-year-another-marikana-commemoration-but-betrayal-neglect-and-injustice-are-still-there/,https://dailymaverick.co.za/article/2019-08-16-another-year-another-marikana-commemoration-but-betrayal-neglect-and-injustice-are-still-there,2019,already_screened
Daily Maverick,https://www.dailymaverick.co.za/article/2019-08-16-for-the-platinum-industry-marikana-was-a-mechanisation-moment/,https://dailymaverick.co.za/article/2019-08-16-for-the-platinum-industry-marikana-was-a-mechanisation-moment,2019,already_screened
Daily Maverick,https://www.dailymaverick.co.za/article/2019-08-16-marikana-fighting-crime-shouldnt-trump-sas-public-order-policing/,https://dailymaverick.co.za/article/2019-08-16-marikana-fighting-crime-shouldnt-trump-sas-public-order-policing,2019,explicit_case_title_review
Daily Maverick,https://www.dailymaverick.co.za/article/2019-08-16-sa-still-waiting-for-action-on-farlam-commission-findings/,https://dailymaverick.co.za/article/2019-08-16-sa-still-waiting-for-action-on-farlam-commission-findings,2019,already_screened
Daily Maverick,https://www.dailymaverick.co.za/article/2019-08-17-marikana-the-seven-year-struggle/,https://dailymaverick.co.za/article/2019-08-17-marikana-the-seven-year-struggle,2019,explicit_case_title_review
Daily Maverick,https://www.dailymaverick.co.za/article/2019-08-30-gold-strike-lay-off-costs-leave-sibanye-earnings-in-the-red/,https://dailymaverick.co.za/article/2019-08-30-gold-strike-lay-off-costs-leave-sibanye-earnings-in-the-red,2019,secondary_keyword_only_review
Daily Maverick,https://www.dailymaverick.co.za/article/2019-09-09-sibanye-stillwater-defeats-mining-communities-challenging-r5-4bn-lonmin-merger/,https://dailymaverick.co.za/article/2019-09-09-sibanye-stillwater-defeats-mining-communities-challenging-r5-4bn-lonmin-merger,2019,already_screened
Daily Maverick,https://www.dailymaverick.co.za/article/2019-09-19-mathunjwa-likely-to-remain-at-helm-as-amcu-holds-elective-conference/,https://dailymaverick.co.za/article/2019-09-19-mathunjwa-likely-to-remain-at-helm-as-amcu-holds-elective-conference,2019,secondary_keyword_only_review
Daily Maverick,https://www.dailymaverick.co.za/article/2019-09-22-mathunjwa-evoking-god-and-hitler-remains-at-amcu-helm-as-platinum-wage-talks-rumble-on/,https://dailymaverick.co.za/article/2019-09-22-mathunjwa-evoking-god-and-hitler-remains-at-amcu-helm-as-platinum-wage-talks-rumble-on,2019,secondary_keyword_only_review
Daily Maverick,https://www.dailymaverick.co.za/article/2019-09-26-5270-jobs-on-chopping-block-as-sibanye-restructures-marikana/,https://dailymaverick.co.za/article/2019-09-26-5270-jobs-on-chopping-block-as-sibanye-restructures-marikana,2019,explicit_case_title_review
Daily Maverick,https://www.dailymaverick.co.za/article/2019-10-02-amcus-mathunjwa-sees-platinum-wage-deals-on-the-horizon/,https://dailymaverick.co.za/article/2019-10-02-amcus-mathunjwa-sees-platinum-wage-deals-on-the-horizon,2019,secondary_keyword_only_review
Daily Maverick,https://www.dailymaverick.co.za/article/2019-11-01-num-member-shot-dead-in-marikana-as-platinum-belt-tensions-heat-up/,https://dailymaverick.co.za/article/2019-11-01-num-member-shot-dead-in-marikana-as-platinum-belt-tensions-heat-up,2019,explicit_case_title_review
Daily Maverick,https://www.dailymaverick.co.za/article/2019-11-12-platinum-wage-deals-to-be-signed-on-wednesday-says-amcu/,https://dailymaverick.co.za/article/2019-11-12-platinum-wage-deals-to-be-signed-on-wednesday-says-amcu,2019,secondary_keyword_only_review
Daily Maverick,https://www.dailymaverick.co.za/article/2019-11-15-amcu-again-says-that-platinum-wage-deals-will-be-signed/,https://dailymaverick.co.za/article/2019-11-15-amcu-again-says-that-platinum-wage-deals-will-be-signed,2019,secondary_keyword_only_review
Daily Maverick,https://www.dailymaverick.co.za/article/2019-11-18-num-holds-its-marikana-rally-vows-to-regain-lost-platinum-belt-ground/,https://dailymaverick.co.za/article/2019-11-18-num-holds-its-marikana-rally-vows-to-regain-lost-platinum-belt-ground,2019,explicit_case_title_review
Daily Maverick,https://www.dailymaverick.co.za/article/2019-11-21-two-unions-vie-for-power-in-marikana-and-the-result-can-be-murder/,https://dailymaverick.co.za/article/2019-11-21-two-unions-vie-for-power-in-marikana-and-the-result-can-be-murder,2019,explicit_case_title_review
Daily Maverick,https://www.dailymaverick.co.za/article/2020-02-04-interview-sibanye-ceo-froneman-plays-down-mponeng-speculation-says-new-gold-assets-should-be-shallow/,https://dailymaverick.co.za/article/2020-02-04-interview-sibanye-ceo-froneman-plays-down-mponeng-speculation-says-new-gold-assets-should-be-shallow,2020,secondary_keyword_only_review
Daily Maverick,https://www.dailymaverick.co.za/article/2020-02-12-cry-of-the-xcluded-saftu-and-amcu-put-differences-aside-to-fight-austerity-and-ignite-the-left/,https://dailymaverick.co.za/article/2020-02-12-cry-of-the-xcluded-saftu-and-amcu-put-differences-aside-to-fight-austerity-and-ignite-the-left,2020,secondary_keyword_only_review
Daily Maverick,https://www.dailymaverick.co.za/article/2020-02-19-marikana-in-a-starring-role-as-sibanye-stillwater-swings-back-to-profit/,https://dailymaverick.co.za/article/2020-02-19-marikana-in-a-starring-role-as-sibanye-stillwater-swings-back-to-profit,2020,explicit_case_title_review
Daily Maverick,https://www.dailymaverick.co.za/article/2020-03-08-marikana-occupiers-reach-landmark-agreement-with-property-owners/,https://dailymaverick.co.za/article/2020-03-08-marikana-occupiers-reach-landmark-agreement-with-property-owners,2020,explicit_case_title_review
Daily Maverick,https://www.dailymaverick.co.za/article/2020-03-09-amcu-asked-to-explain-salaries-and-services-in-financial-statements/,https://dailymaverick.co.za/article/2020-03-09-amcu-asked-to-explain-salaries-and-services-in-financial-statements,2020,secondary_keyword_only_review
Daily Maverick,https://www.dailymaverick.co.za/article/2020-03-10-pgm-game-changer-basf-sibanye-and-implats-unveil-new-tri-metal-gasoline-catalyst/,https://dailymaverick.co.za/article/2020-03-10-pgm-game-changer-basf-sibanye-and-implats-unveil-new-tri-metal-gasoline-catalyst,2020,secondary_keyword_only_review
Daily Maverick,https://www.dailymaverick.co.za/article/2020-05-05-amcus-joseph-mathunjwa-knows-when-to-take-on-capital/,https://dailymaverick.co.za/article/2020-05-05-amcus-joseph-mathunjwa-knows-when-to-take-on-capital,2020,secondary_keyword_only_review
Daily Maverick,https://www.dailymaverick.co.za/article/2020-05-14-sibanyes-froneman-says-no-ma-until-debt-cut-and-dividend-revived/,https://dailymaverick.co.za/article/2020-05-14-sibanyes-froneman-says-no-ma-until-debt-cut-and-dividend-revived,2020,secondary_keyword_only_review
Daily Maverick,https://www.dailymaverick.co.za/article/2020-05-18-amcu-demands-universal-covid-19-testing-at-mines-but-that-is-not-about-to-happen/,https://dailymaverick.co.za/article/2020-05-18-amcu-demands-universal-covid-19-testing-at-mines-but-that-is-not-about-to-happen,2020,secondary_keyword_only_review
Daily Maverick,https://www.dailymaverick.co.za/article/2020-05-26-arch-rivals-num-and-amcu-both-oppose-mantashe-on-mining-sector-restarting/,https://dailymaverick.co.za/article/2020-05-26-arch-rivals-num-and-amcu-both-oppose-mantashe-on-mining-sector-restarting,2020,secondary_keyword_only_review
Daily Maverick,https://www.dailymaverick.co.za/article/2020-07-28-call-for-saps-to-apply-marikana-recommendations-when-dealing-with-civil-unrest/,https://dailymaverick.co.za/article/2020-07-28-call-for-saps-to-apply-marikana-recommendations-when-dealing-with-civil-unrest,2020,explicit_case_title_review
Daily Maverick,https://www.dailymaverick.co.za/article/2020-08-14-eight-years-later-families-of-killed-marikana-miners-still-seek-justice/,https://dailymaverick.co.za/article/2020-08-14-eight-years-later-families-of-killed-marikana-miners-still-seek-justice,2020,already_screened
Daily Maverick,https://www.dailymaverick.co.za/article/2020-08-14-marikana-massacre-political-will-is-urgently-needed-to-deliver-overdue-justice/,https://dailymaverick.co.za/article/2020-08-14-marikana-massacre-political-will-is-urgently-needed-to-deliver-overdue-justice,2020,explicit_case_title_review
Daily Maverick,https://www.dailymaverick.co.za/article/2020-08-14-remembering-and-renewal-thoughts-on-building-a-positive-future-for-the-marikana-region/,https://dailymaverick.co.za/article/2020-08-14-remembering-and-renewal-thoughts-on-building-a-positive-future-for-the-marikana-region,2020,explicit_case_title_review
Daily Maverick,https://www.dailymaverick.co.za/article/2020-08-17-remembering-marikana-dali-mpofu-demands-an-apology-and-compensation-by-31-august/,https://dailymaverick.co.za/article/2020-08-17-remembering-marikana-dali-mpofu-demands-an-apology-and-compensation-by-31-august,2020,explicit_case_title_review
Daily Maverick,https://www.dailymaverick.co.za/article/2020-08-18-marikana-experts-report-points-the-way-to-better-policing/,https://dailymaverick.co.za/article/2020-08-18-marikana-experts-report-points-the-way-to-better-policing,2020,explicit_case_title_review
Daily Maverick,https://www.dailymaverick.co.za/article/2020-08-19-judge-farlam-someone-could-come-forward-to-solve-marikana-mystery/,https://dailymaverick.co.za/article/2020-08-19-judge-farlam-someone-could-come-forward-to-solve-marikana-mystery,2020,explicit_case_title_review
Daily Maverick,https://www.dailymaverick.co.za/article/2020-08-21-the-missing-r617-million-can-the-bapo-ba-mogale-retrieve-their-stolen-funds/,https://dailymaverick.co.za/article/2020-08-21-the-missing-r617-million-can-the-bapo-ba-mogale-retrieve-their-stolen-funds,2020,explicit_case_title_review
Daily Maverick,https://www.dailymaverick.co.za/article/2020-08-26-marikana-massacre-the-devastating-impact-of-the-narrative-painted-by-business-police-and-the-state/,https://dailymaverick.co.za/article/2020-08-26-marikana-massacre-the-devastating-impact-of-the-narrative-painted-by-business-police-and-the-state,2020,already_screened
Daily Maverick,https://www.dailymaverick.co.za/article/2020-08-27-sibanye-stillwater-turns-dividend-tap-back-on-as-h1-earnings-soar/,https://dailymaverick.co.za/article/2020-08-27-sibanye-stillwater-turns-dividend-tap-back-on-as-h1-earnings-soar,2020,secondary_keyword_only_review
Daily Maverick,https://www.dailymaverick.co.za/article/2020-09-10-sibanye-stillwater-ceo-says-marikana-wont-be-swept-under-the-carpet/,https://dailymaverick.co.za/article/2020-09-10-sibanye-stillwater-ceo-says-marikana-wont-be-swept-under-the-carpet,2020,explicit_case_title_review
Daily Maverick,https://www.dailymaverick.co.za/article/2020-11-03-mantashe-muddies-the-policy-waters-with-attack-on-sibanyes-bee-record/,https://dailymaverick.co.za/article/2020-11-03-mantashe-muddies-the-policy-waters-with-attack-on-sibanyes-bee-record,2020,secondary_keyword_only_review
Daily Maverick,https://www.dailymaverick.co.za/article/2021-01-17-saps-transformation-key-report-gathers-dust-snubbing-marikana-commission/,https://dailymaverick.co.za/article/2021-01-17-saps-transformation-key-report-gathers-dust-snubbing-marikana-commission,2021,already_screened
Daily Maverick,https://www.dailymaverick.co.za/article/2021-02-18-earnings-surge-for-gold-fields-and-its-offspring-sibanye-which-is-shock-expanding-in-sa/,https://dailymaverick.co.za/article/2021-02-18-earnings-surge-for-gold-fields-and-its-offspring-sibanye-which-is-shock-expanding-in-sa,2021,secondary_keyword_only_review
Daily Maverick,https://www.dailymaverick.co.za/article/2021-03-09-sibanye-says-anglogold-gold-fields-fit-acquisition-strategy/,https://dailymaverick.co.za/article/2021-03-09-sibanye-says-anglogold-gold-fields-fit-acquisition-strategy,2021,secondary_keyword_only_review
Daily Maverick,https://www.dailymaverick.co.za/article/2021-03-24-sibanye-stillwaters-froneman-tells-pgm-conference-he-is-going-for-gold/,https://dailymaverick.co.za/article/2021-03-24-sibanye-stillwaters-froneman-tells-pgm-conference-he-is-going-for-gold,2021,secondary_keyword_only_review
Daily Maverick,https://www.dailymaverick.co.za/article/2021-03-29-saps-cherry-picks-from-136-recommendations-on-democratic-policing-by-expert-panel-on-marikana-massacre/,https://dailymaverick.co.za/article/2021-03-29-saps-cherry-picks-from-136-recommendations-on-democratic-policing-by-expert-panel-on-marikana-massacre,2021,explicit_case_title_review
Daily Maverick,https://www.dailymaverick.co.za/article/2021-04-30-residents-left-to-pick-up-the-pieces-following-devastating-fire-in-cato-manors-marikana/,https://dailymaverick.co.za/article/2021-04-30-residents-left-to-pick-up-the-pieces-following-devastating-fire-in-cato-manors-marikana,2021,explicit_case_title_review
Daily Maverick,https://www.dailymaverick.co.za/article/2021-05-06-pgm-bonanza-sibanye-stillwater-posts-record-q1-earnings/,https://dailymaverick.co.za/article/2021-05-06-pgm-bonanza-sibanye-stillwater-posts-record-q1-earnings,2021,secondary_keyword_only_review
Daily Maverick,https://www.dailymaverick.co.za/article/2021-05-16-commodity-price-boom-doesnt-change-sas-shoddy-investment-case-says-sibanyes-froneman/,https://dailymaverick.co.za/article/2021-05-16-commodity-price-boom-doesnt-change-sas-shoddy-investment-case-says-sibanyes-froneman,2021,secondary_keyword_only_review
Daily Maverick,https://www.dailymaverick.co.za/article/2021-06-20-court-dismisses-riah-phiyegas-attempt-to-overturn-findings-of-marikana-commission/,https://dailymaverick.co.za/article/2021-06-20-court-dismisses-riah-phiyegas-attempt-to-overturn-findings-of-marikana-commission,2021,already_screened
Daily Maverick,https://www.dailymaverick.co.za/article/2021-08-09-anglogold-interim-earnings-dip-its-ghana-mine-woes-mount-and-sibanye-signals-record-results/,https://dailymaverick.co.za/article/2021-08-09-anglogold-interim-earnings-dip-its-ghana-mine-woes-mount-and-sibanye-signals-record-results,2021,secondary_keyword_only_review
Daily Maverick,https://www.dailymaverick.co.za/article/2021-08-11-the-only-way-to-honour-massacred-miners-of-marikana-is-for-miners-to-own-51-of-mines-xolani-dube/,https://dailymaverick.co.za/article/2021-08-11-the-only-way-to-honour-massacred-miners-of-marikana-is-for-miners-to-own-51-of-mines-xolani-dube,2021,explicit_case_title_review
Daily Maverick,https://www.dailymaverick.co.za/article/2021-08-14-marikana-massacre-south-africa-may-be-grappling-with-whose-pain-is-more-worthy-of-nationwide-recognition/,https://dailymaverick.co.za/article/2021-08-14-marikana-massacre-south-africa-may-be-grappling-with-whose-pain-is-more-worthy-of-nationwide-recognition,2021,explicit_case_title_review
Daily Maverick,https://www.dailymaverick.co.za/article/2021-08-14-marikana-the-unfolding-of-a-never-ending-tragedy/,https://dailymaverick.co.za/article/2021-08-14-marikana-the-unfolding-of-a-never-ending-tragedy,2021,already_screened
Daily Maverick,https://www.dailymaverick.co.za/article/2021-08-16-marikana-residents-struggle-for-their-livelihoods-and-dignity-in-the-dust-and-degradation/,https://dailymaverick.co.za/article/2021-08-16-marikana-residents-struggle-for-their-livelihoods-and-dignity-in-the-dust-and-degradation,2021,explicit_case_title_review
Daily Maverick,https://www.dailymaverick.co.za/article/2021-08-16-this-week-nine-years-after-34-miners-were-killed-at-marikana-south-africa-continues-to-mourn/,https://dailymaverick.co.za/article/2021-08-16-this-week-nine-years-after-34-miners-were-killed-at-marikana-south-africa-continues-to-mourn,2021,explicit_case_title_review
Daily Maverick,https://www.dailymaverick.co.za/article/2021-08-17-marikana-were-tired-of-memorialising/,https://dailymaverick.co.za/article/2021-08-17-marikana-were-tired-of-memorialising,2021,explicit_case_title_review
Daily Maverick,https://www.dailymaverick.co.za/article/2021-08-17-returning-to-marikana-seeing-that-koppie-where-the-bodies-once-lay-was-tough/,https://dailymaverick.co.za/article/2021-08-17-returning-to-marikana-seeing-that-koppie-where-the-bodies-once-lay-was-tough,2021,explicit_case_title_review
Daily Maverick,https://www.dailymaverick.co.za/article/2021-08-22-marikana-and-the-many-faces-of-justice/,https://dailymaverick.co.za/article/2021-08-22-marikana-and-the-many-faces-of-justice,2021,already_screened
Daily Maverick,https://www.dailymaverick.co.za/article/2021-09-16-sibanye-stillwater-invests-490m-in-us-lithium-joint-venture/,https://dailymaverick.co.za/article/2021-09-16-sibanye-stillwater-invests-490m-in-us-lithium-joint-venture,2021,secondary_keyword_only_review
Daily Maverick,https://www.dailymaverick.co.za/article/2021-10-03-unions-once-again-present-united-front-this-time-in-sibanye-wage-talks/,https://dailymaverick.co.za/article/2021-10-03-unions-once-again-present-united-front-this-time-in-sibanye-wage-talks,2021,secondary_keyword_only_review
Daily Maverick,https://www.dailymaverick.co.za/article/2021-10-21-sibanye-raises-gold-wage-offer-to-unions-talks-extended/,https://dailymaverick.co.za/article/2021-10-21-sibanye-raises-gold-wage-offer-to-unions-talks-extended,2021,secondary_keyword_only_review
Daily Maverick,https://www.dailymaverick.co.za/article/2021-10-25-sibanye-stillwater-confirms-talks-to-acquire-nickel-and-copper-mines-in-brazil-that-may-cost-around-1-billion/,https://dailymaverick.co.za/article/2021-10-25-sibanye-stillwater-confirms-talks-to-acquire-nickel-and-copper-mines-in-brazil-that-may-cost-around-1-billion,2021,secondary_keyword_only_review
Daily Maverick,https://www.dailymaverick.co.za/article/2021-10-26-sibanye-stillwater-digs-deep-to-seal-deal-for-brazillian-mining-assets/,https://dailymaverick.co.za/article/2021-10-26-sibanye-stillwater-digs-deep-to-seal-deal-for-brazillian-mining-assets,2021,secondary_keyword_only_review
Daily Maverick,https://www.dailymaverick.co.za/article/2021-11-01-hospital-groups-recover-sibanye-goes-on-a-dealmaking-spree/,https://dailymaverick.co.za/article/2021-11-01-hospital-groups-recover-sibanye-goes-on-a-dealmaking-spree,2021,secondary_keyword_only_review
Daily Maverick,https://www.dailymaverick.co.za/article/2021-11-24-deadlock-unions-set-to-apply-to-strike-against-sibanyes-gold-operations/,https://dailymaverick.co.za/article/2021-11-24-deadlock-unions-set-to-apply-to-strike-against-sibanyes-gold-operations,2021,secondary_keyword_only_review
Daily Maverick,https://www.dailymaverick.co.za/article/2021-11-25-exclusive-joseph-mathunjwas-2019-election-as-amcu-president-set-aside-by-labour-court/,https://dailymaverick.co.za/article/2021-11-25-exclusive-joseph-mathunjwas-2019-election-as-amcu-president-set-aside-by-labour-court,2021,secondary_keyword_only_review
Daily Maverick,https://www.dailymaverick.co.za/article/2021-12-03-exclusive-sibanye-to-bring-in-effective-mandatory-vaccine-policy-from-february-2022/,https://dailymaverick.co.za/article/2021-12-03-exclusive-sibanye-to-bring-in-effective-mandatory-vaccine-policy-from-february-2022,2021,secondary_keyword_only_review
Daily Maverick,https://www.dailymaverick.co.za/article/2022-01-12-free-state-municipality-and-sibanye-stillwater-mine-at-odds-on-accountability-after-wastewater-flows-on-to-farmland/,https://dailymaverick.co.za/article/2022-01-12-free-state-municipality-and-sibanye-stillwater-mine-at-odds-on-accountability-after-wastewater-flows-on-to-farmland,2022,secondary_keyword_only_review
Daily Maverick,https://www.dailymaverick.co.za/article/2022-01-13-ccma-issues-strike-certificate-to-unions-for-sibanye-stillwater-gold-strike/,https://dailymaverick.co.za/article/2022-01-13-ccma-issues-strike-certificate-to-unions-for-sibanye-stillwater-gold-strike,2022,secondary_keyword_only_review
Daily Maverick,https://www.dailymaverick.co.za/article/2022-01-24-sibanye-stillwater-pulls-the-plug-on-1bn-brazil-deal-after-geotechnical-event/,https://dailymaverick.co.za/article/2022-01-24-sibanye-stillwater-pulls-the-plug-on-1bn-brazil-deal-after-geotechnical-event,2022,secondary_keyword_only_review
Daily Maverick,https://www.dailymaverick.co.za/article/2022-01-25-appian-capital-up-in-legal-arms-over-sibanye-stillwater-collapsed-1bn-brazil-deal/,https://dailymaverick.co.za/article/2022-01-25-appian-capital-up-in-legal-arms-over-sibanye-stillwater-collapsed-1bn-brazil-deal,2022,secondary_keyword_only_review
Daily Maverick,https://www.dailymaverick.co.za/article/2022-03-03-sibanyes-record-earnings-overshadowed-by-safety-setback-looming-gold-mines-strike/,https://dailymaverick.co.za/article/2022-03-03-sibanyes-record-earnings-overshadowed-by-safety-setback-looming-gold-mines-strike,2022,secondary_keyword_only_review
Daily Maverick,https://www.dailymaverick.co.za/article/2022-03-07-failed-state-sibanyes-froneman-paints-bleak-picture-of-sa/,https://dailymaverick.co.za/article/2022-03-07-failed-state-sibanyes-froneman-paints-bleak-picture-of-sa,2022,secondary_keyword_only_review
Daily Maverick,https://www.dailymaverick.co.za/article/2022-03-08-num-amcu-members-to-down-tools-at-sibanyes-gold-ops-on-9-march/,https://dailymaverick.co.za/article/2022-03-08-num-amcu-members-to-down-tools-at-sibanyes-gold-ops-on-9-march,2022,secondary_keyword_only_review
Daily Maverick,https://www.dailymaverick.co.za/article/2022-04-06-sibanyes-froneman-draws-a-line-in-the-sand-on-above-inflation-wage-increases/,https://dailymaverick.co.za/article/2022-04-06-sibanyes-froneman-draws-a-line-in-the-sand-on-above-inflation-wage-increases,2022,secondary_keyword_only_review
Daily Maverick,https://www.dailymaverick.co.za/article/2022-04-18-marikana-a-peoples-history-an-analysis-of-scene-two-of-the-massacre/,https://dailymaverick.co.za/article/2022-04-18-marikana-a-peoples-history-an-analysis-of-scene-two-of-the-massacre,2022,explicit_case_title_review
Daily Maverick,https://www.dailymaverick.co.za/article/2022-05-03-exclusive-amcus-marikana-pgm-miners-demand-pay-hikes-of-up-to-40-from-sibanye/,https://dailymaverick.co.za/article/2022-05-03-exclusive-amcus-marikana-pgm-miners-demand-pay-hikes-of-up-to-40-from-sibanye,2022,already_screened
Daily Maverick,https://www.dailymaverick.co.za/article/2022-05-15-sibanye-ceo-froneman-explains-r300m-renumeration-package/,https://dailymaverick.co.za/article/2022-05-15-sibanye-ceo-froneman-explains-r300m-renumeration-package,2022,secondary_keyword_only_review
Daily Maverick,https://www.dailymaverick.co.za/article/2022-05-18-academics-in-depth-account-of-marikana-massacre-marred-by-curious-omissions/,https://dailymaverick.co.za/article/2022-05-18-academics-in-depth-account-of-marikana-massacre-marred-by-curious-omissions,2022,explicit_case_title_review
Daily Maverick,https://www.dailymaverick.co.za/article/2022-05-19-marikana-a-massacre-still-without-any-criminal-consequences/,https://dailymaverick.co.za/article/2022-05-19-marikana-a-massacre-still-without-any-criminal-consequences,2022,already_screened
Daily Maverick,https://www.dailymaverick.co.za/article/2022-05-29-sibanye-stillwater-in-mediation-with-striking-unions-while-wage-talks-remain-deadlocked/,https://dailymaverick.co.za/article/2022-05-29-sibanye-stillwater-in-mediation-with-striking-unions-while-wage-talks-remain-deadlocked,2022,secondary_keyword_only_review
Daily Maverick,https://www.dailymaverick.co.za/article/2022-05-31-sibanye-wage-talks-deadlock-again-num-amcu-seek-arbitrator-to-end-strike/,https://dailymaverick.co.za/article/2022-05-31-sibanye-wage-talks-deadlock-again-num-amcu-seek-arbitrator-to-end-strike,2022,secondary_keyword_only_review
Daily Maverick,https://www.dailymaverick.co.za/article/2022-06-02-signs-of-imminent-deal-to-end-sibanye-gold-strike-as-union-boss-joseph-mathunjwa-rallies-numco/,https://dailymaverick.co.za/article/2022-06-02-signs-of-imminent-deal-to-end-sibanye-gold-strike-as-union-boss-joseph-mathunjwa-rallies-numco,2022,secondary_keyword_only_review
Daily Maverick,https://www.dailymaverick.co.za/article/2022-06-05-as-sibanye-gold-strike-ends-focus-shifts-to-pgm-wage-talks-and-numcu-o/,https://dailymaverick.co.za/article/2022-06-05-as-sibanye-gold-strike-ends-focus-shifts-to-pgm-wage-talks-and-numcu-o,2022,secondary_keyword_only_review
Daily Maverick,https://www.dailymaverick.co.za/article/2022-06-07-electrician-killed-in-shootout-involving-150-zamas-at-moth-balled-sibanye-gold-mine-video-included/,https://dailymaverick.co.za/article/2022-06-07-electrician-killed-in-shootout-involving-150-zamas-at-moth-balled-sibanye-gold-mine-video-included,2022,secondary_keyword_only_review
Daily Maverick,https://www.dailymaverick.co.za/article/2022-06-08-sibanye-wage-talks-hit-a-snag-as-haggling-still-persists-after-broad-agreement-to-end-strike/,https://dailymaverick.co.za/article/2022-06-08-sibanye-wage-talks-hit-a-snag-as-haggling-still-persists-after-broad-agreement-to-end-strike,2022,secondary_keyword_only_review
Daily Maverick,https://www.dailymaverick.co.za/article/2022-06-12-sibanye-gold-strike-finally-ends-eyes-turn-to-pgm-wage-talks/,https://dailymaverick.co.za/article/2022-06-12-sibanye-gold-strike-finally-ends-eyes-turn-to-pgm-wage-talks,2022,secondary_keyword_only_review
Daily Maverick,https://www.dailymaverick.co.za/article/2022-06-14-sibanye-shuts-down-montana-pgm-operation-in-us-after-floods/,https://dailymaverick.co.za/article/2022-06-14-sibanye-shuts-down-montana-pgm-operation-in-us-after-floods,2022,secondary_keyword_only_review
Daily Maverick,https://www.dailymaverick.co.za/article/2022-06-23-marikana-informal-settlement-families-still-in-land-limbo-five-years-after-landmark-ruling/,https://dailymaverick.co.za/article/2022-06-23-marikana-informal-settlement-families-still-in-land-limbo-five-years-after-landmark-ruling,2022,explicit_case_title_review
Daily Maverick,https://www.dailymaverick.co.za/article/2022-06-27-implats-secures-five-year-wage-deal-with-amcu-numsa-member-murdered-in-rustenburg/,https://dailymaverick.co.za/article/2022-06-27-implats-secures-five-year-wage-deal-with-amcu-numsa-member-murdered-in-rustenburg,2022,secondary_keyword_only_review
Daily Maverick,https://www.dailymaverick.co.za/article/2022-06-28-amcus-mathunjwa-has-a-strong-message-for-sibanye-ahead-of-wage-talks/,https://dailymaverick.co.za/article/2022-06-28-amcus-mathunjwa-has-a-strong-message-for-sibanye-ahead-of-wage-talks,2022,secondary_keyword_only_review
Daily Maverick,https://www.dailymaverick.co.za/article/2022-06-28-justice-for-marikana-community-suffers-a-blow-after-activist-gunned-down-at-her-front-door/,https://dailymaverick.co.za/article/2022-06-28-justice-for-marikana-community-suffers-a-blow-after-activist-gunned-down-at-her-front-door,2022,explicit_case_title_review
Daily Maverick,https://www.dailymaverick.co.za/article/2022-07-24-mine-workers-have-seen-significant-wage-growth-since-marikana-but-social-burdens-undermine-gains/,https://dailymaverick.co.za/article/2022-07-24-mine-workers-have-seen-significant-wage-growth-since-marikana-but-social-burdens-undermine-gains,2022,already_screened
Daily Maverick,https://www.dailymaverick.co.za/article/2022-08-10-all-marikana-reparations-must-be-settled-by-end-of-august-solicitor-general/,https://dailymaverick.co.za/article/2022-08-10-all-marikana-reparations-must-be-settled-by-end-of-august-solicitor-general,2022,explicit_case_title_review
Daily Maverick,https://www.dailymaverick.co.za/article/2022-08-11-the-legacy-of-the-marikana-massacre-ten-years-later/,https://dailymaverick.co.za/article/2022-08-11-the-legacy-of-the-marikana-massacre-ten-years-later,2022,explicit_case_title_review
Daily Maverick,https://www.dailymaverick.co.za/article/2022-08-13-marikana-and-the-police-its-been-a-decade-and-theyve-learnt-nothing/,https://dailymaverick.co.za/article/2022-08-13-marikana-and-the-police-its-been-a-decade-and-theyve-learnt-nothing,2022,already_screened
Daily Maverick,https://www.dailymaverick.co.za/article/2022-08-14-a-decade-since-the-marikana-massacre-a-century-since-the-rand-revolt/,https://dailymaverick.co.za/article/2022-08-14-a-decade-since-the-marikana-massacre-a-century-since-the-rand-revolt,2022,explicit_case_title_review
Daily Maverick,https://www.dailymaverick.co.za/article/2022-08-14-one-decade-on-the-marikana-mine-has-seen-a-turnaround-in-fortunes-and-is-making-a-punchy-profit/,https://dailymaverick.co.za/article/2022-08-14-one-decade-on-the-marikana-mine-has-seen-a-turnaround-in-fortunes-and-is-making-a-punchy-profit,2022,already_screened
Daily Maverick,https://www.dailymaverick.co.za/article/2022-08-15-10-years-on-the-possibility-of-personal-liability-for-ramaphosa-for-marikana/,https://dailymaverick.co.za/article/2022-08-15-10-years-on-the-possibility-of-personal-liability-for-ramaphosa-for-marikana,2022,already_screened
Daily Maverick,https://www.dailymaverick.co.za/article/2022-08-15-marikana-families-of-slain-mineworkers-reflect-on-10-years-of-betrayal/,https://dailymaverick.co.za/article/2022-08-15-marikana-families-of-slain-mineworkers-reflect-on-10-years-of-betrayal,2022,already_screened
Daily Maverick,https://www.dailymaverick.co.za/article/2022-08-15-marikana-massacre-10-years-later/,https://dailymaverick.co.za/article/2022-08-15-marikana-massacre-10-years-later,2022,explicit_case_title_review
Daily Maverick,https://www.dailymaverick.co.za/article/2022-08-15-ten-years-on-the-marikana-truth-tellers-still-carry-the-weight-of-what-they-uncovered/,https://dailymaverick.co.za/article/2022-08-15-ten-years-on-the-marikana-truth-tellers-still-carry-the-weight-of-what-they-uncovered,2022,already_screened
Daily Maverick,https://www.dailymaverick.co.za/article/2022-08-15-this-week-remembering-the-marikana-massacre-world-humanitarian-day-and-land-conference/,https://dailymaverick.co.za/article/2022-08-15-this-week-remembering-the-marikana-massacre-world-humanitarian-day-and-land-conference,2022,explicit_case_title_review
Daily Maverick,https://www.dailymaverick.co.za/article/2022-08-15-we-must-fight-to-ensure-that-those-slain-at-marikana-on-16-august-2012-did-not-die-in-vain/,https://dailymaverick.co.za/article/2022-08-15-we-must-fight-to-ensure-that-those-slain-at-marikana-on-16-august-2012-did-not-die-in-vain,2022,already_screened
Daily Maverick,https://www.dailymaverick.co.za/article/2022-08-16-the-great-crime-of-marikana-and-the-deadly-mistakes-made-by-police/,https://dailymaverick.co.za/article/2022-08-16-the-great-crime-of-marikana-and-the-deadly-mistakes-made-by-police,2022,explicit_case_title_review
Daily Maverick,https://www.dailymaverick.co.za/article/2022-08-17-people-gather-on-marikanas-koppie-of-death-to-reflect-on-10-years-of-lingering-pain-and-hanging-promises/,https://dailymaverick.co.za/article/2022-08-17-people-gather-on-marikanas-koppie-of-death-to-reflect-on-10-years-of-lingering-pain-and-hanging-promises,2022,explicit_case_title_review
Daily Maverick,https://www.dailymaverick.co.za/article/2022-08-25-gold-fields-and-its-offspring-sibanye-interim-earnings-tell-a-tale-of-two-contrasting-mining-operations/,https://dailymaverick.co.za/article/2022-08-25-gold-fields-and-its-offspring-sibanye-interim-earnings-tell-a-tale-of-two-contrasting-mining-operations,2022,secondary_keyword_only_review
Daily Maverick,https://www.dailymaverick.co.za/article/2022-08-28-call-in-army-for-war-on-zama-zamas-says-sibanye-ceo-froneman/,https://dailymaverick.co.za/article/2022-08-28-call-in-army-for-war-on-zama-zamas-says-sibanye-ceo-froneman,2022,secondary_keyword_only_review
Daily Maverick,https://www.dailymaverick.co.za/article/2022-09-06-marikana-massacre-mapped-why-operational-commander-brigadier-adrian-calitz-must-face-justice/,https://dailymaverick.co.za/article/2022-09-06-marikana-massacre-mapped-why-operational-commander-brigadier-adrian-calitz-must-face-justice,2022,explicit_case_title_review
Daily Maverick,https://www.dailymaverick.co.za/article/2022-09-23-wits-to-name-amic-deck-landmark-after-mining-firm-students-demand-it-be-named-after-marikana/,https://dailymaverick.co.za/article/2022-09-23-wits-to-name-amic-deck-landmark-after-mining-firm-students-demand-it-be-named-after-marikana,2022,explicit_case_title_review
Daily Maverick,https://www.dailymaverick.co.za/article/2022-10-02-sibanyes-pgm-unit-reaches-pay-deal-with-num-and-uasa-amcu-declares-dispute/,https://dailymaverick.co.za/article/2022-10-02-sibanyes-pgm-unit-reaches-pay-deal-with-num-and-uasa-amcu-declares-dispute,2022,secondary_keyword_only_review
Daily Maverick,https://www.dailymaverick.co.za/article/2022-10-05-sibanye-ceo-says-the-burning-planet-is-driving-companys-green-metals-drive/,https://dailymaverick.co.za/article/2022-10-05-sibanye-ceo-says-the-burning-planet-is-driving-companys-green-metals-drive,2022,secondary_keyword_only_review
Daily Maverick,https://www.dailymaverick.co.za/article/2022-10-06-sibanye-cries-foul-after-amcu-rejects-wage-offer-accepted-by-other-unions/,https://dailymaverick.co.za/article/2022-10-06-sibanye-cries-foul-after-amcu-rejects-wage-offer-accepted-by-other-unions,2022,secondary_keyword_only_review
Daily Maverick,https://www.dailymaverick.co.za/article/2022-10-30-sibanye-amcu-sign-five-year-wage-deal-as-union-unrest-declines-in-pgm-sector/,https://dailymaverick.co.za/article/2022-10-30-sibanye-amcu-sign-five-year-wage-deal-as-union-unrest-declines-in-pgm-sector,2022,secondary_keyword_only_review
Daily Maverick,https://www.dailymaverick.co.za/article/2022-11-01-sibanye-launches-retrenchment-talks-with-more-than-2400-gold-mine-jobs-on-the-line/,https://dailymaverick.co.za/article/2022-11-01-sibanye-launches-retrenchment-talks-with-more-than-2400-gold-mine-jobs-on-the-line,2022,secondary_keyword_only_review
Daily Maverick,https://www.dailymaverick.co.za/article/2022-11-02-from-a-mega-project-to-an-upgrade-marikana-soutpan-families-are-still-waiting/,https://dailymaverick.co.za/article/2022-11-02-from-a-mega-project-to-an-upgrade-marikana-soutpan-families-are-still-waiting,2022,explicit_case_title_review
Daily Maverick,https://www.dailymaverick.co.za/article/2023-02-06-sibanyes-froneman-says-sas-mining-sector-is-being-hammered-by-the-scourge-of-crime/,https://dailymaverick.co.za/article/2023-02-06-sibanyes-froneman-says-sas-mining-sector-is-being-hammered-by-the-scourge-of-crime,2023,secondary_keyword_only_review
Daily Maverick,https://www.dailymaverick.co.za/article/2023-03-28-copper-cable-theft-cost-sibanye-north-of-r1bn-in-production-in-2022-mining-forum-told/,https://dailymaverick.co.za/article/2023-03-28-copper-cable-theft-cost-sibanye-north-of-r1bn-in-production-in-2022-mining-forum-told,2023,secondary_keyword_only_review
Daily Maverick,https://www.dailymaverick.co.za/article/2023-04-25-sibanye-says-illegal-mining-a-growing-and-material-risk-for-its-sa-operations/,https://dailymaverick.co.za/article/2023-04-25-sibanye-says-illegal-mining-a-growing-and-material-risk-for-its-sa-operations,2023,secondary_keyword_only_review
Daily Maverick,https://www.dailymaverick.co.za/article/2023-04-25-sibanyes-froneman-took-a-more-than-30-pay-cut-in-2022-group-maintains-wage-disparities-narrowing/,https://dailymaverick.co.za/article/2023-04-25-sibanyes-froneman-took-a-more-than-30-pay-cut-in-2022-group-maintains-wage-disparities-narrowing,2023,secondary_keyword_only_review
Daily Maverick,https://www.dailymaverick.co.za/article/2023-05-29-sibanye-stillwater-inks-deal-to-buy-power-from-sas-largest-private-wind-farm-to-be-built-near-de-aar/,https://dailymaverick.co.za/article/2023-05-29-sibanye-stillwater-inks-deal-to-buy-power-from-sas-largest-private-wind-farm-to-be-built-near-de-aar,2023,secondary_keyword_only_review
Daily Maverick,https://www.dailymaverick.co.za/article/2023-08-04-marikana-rights-defender-christinah-mdau-leads-fight-against-mine/,https://dailymaverick.co.za/article/2023-08-04-marikana-rights-defender-christinah-mdau-leads-fight-against-mine,2023,explicit_case_title_review
Daily Maverick,https://www.dailymaverick.co.za/article/2023-08-14-stop-feeding-those-miners-imtiaz-sooliman-recounts-chilling-phone-calls-during-2012-marikana-strike/,https://dailymaverick.co.za/article/2023-08-14-stop-feeding-those-miners-imtiaz-sooliman-recounts-chilling-phone-calls-during-2012-marikana-strike,2023,explicit_case_title_review
Daily Maverick,https://www.dailymaverick.co.za/article/2023-08-14-this-week-sa-marks-11-years-since-the-marikana-massacre-and-the-udf-celebrates-40th-anniversary/,https://dailymaverick.co.za/article/2023-08-14-this-week-sa-marks-11-years-since-the-marikana-massacre-and-the-udf-celebrates-40th-anniversary,2023,explicit_case_title_review
Daily Maverick,https://www.dailymaverick.co.za/article/2023-08-15-justice-delayed-is-justice-denied-11-years-since-the-marikana-massacre-and-still-no-closure/,https://dailymaverick.co.za/article/2023-08-15-justice-delayed-is-justice-denied-11-years-since-the-marikana-massacre-and-still-no-closure,2023,explicit_case_title_review
Daily Maverick,https://www.dailymaverick.co.za/article/2023-08-15-witnessing-the-shooting-of-people-at-marikana-left-a-massive-scar-felix-dlangamandla-re-examines-his-images-from-that-bloody-day/,https://dailymaverick.co.za/article/2023-08-15-witnessing-the-shooting-of-people-at-marikana-left-a-massive-scar-felix-dlangamandla-re-examines-his-images-from-that-bloody-day,2023,explicit_case_title_review
Daily Maverick,https://www.dailymaverick.co.za/article/2023-08-16-remember-marikana-also-mourn-victims-of-sa-everyday-violence/,https://dailymaverick.co.za/article/2023-08-16-remember-marikana-also-mourn-victims-of-sa-everyday-violence,2023,explicit_case_title_review
Daily Maverick,https://www.dailymaverick.co.za/article/2023-08-18-marikana-massacre-victims-families-receive-r330-million-from-government-11-years-later-claims-still-pending/,https://dailymaverick.co.za/article/2023-08-18-marikana-massacre-victims-families-receive-r330-million-from-government-11-years-later-claims-still-pending,2023,explicit_case_title_review
Daily Maverick,https://www.dailymaverick.co.za/article/2023-08-29-sibanye-stillwater-flags-grey-elephants-as-earnings-sag-nevada-lithium-project-delayed-by-rare-plant/,https://dailymaverick.co.za/article/2023-08-29-sibanye-stillwater-flags-grey-elephants-as-earnings-sag-nevada-lithium-project-delayed-by-rare-plant,2023,secondary_keyword_only_review
Daily Maverick,https://www.dailymaverick.co.za/article/2023-09-04-surface-raids-increase-while-sibanye-beats-back-underground-crime/,https://dailymaverick.co.za/article/2023-09-04-surface-raids-increase-while-sibanye-beats-back-underground-crime,2023,secondary_keyword_only_review
Daily Maverick,https://www.dailymaverick.co.za/article/2023-09-14-sibanye-signals-3000-lay-offs-at-kloof-as-operational-woes-trump-sky-high-gold-prices/,https://dailymaverick.co.za/article/2023-09-14-sibanye-signals-3000-lay-offs-at-kloof-as-operational-woes-trump-sky-high-gold-prices,2023,secondary_keyword_only_review
Daily Maverick,https://www.dailymaverick.co.za/article/2023-10-04-lay-offs-in-pgm-sector-are-inevitable-as-prices-sink-and-costs-soar-sibanye-stillwater-ceo/,https://dailymaverick.co.za/article/2023-10-04-lay-offs-in-pgm-sector-are-inevitable-as-prices-sink-and-costs-soar-sibanye-stillwater-ceo,2023,secondary_keyword_only_review
Daily Maverick,https://www.dailymaverick.co.za/article/2023-10-23-gold-one-mine-hostage-drama-signals-possible-end-of-num-amcu-honeymoon/,https://dailymaverick.co.za/article/2023-10-23-gold-one-mine-hostage-drama-signals-possible-end-of-num-amcu-honeymoon,2023,secondary_keyword_only_review
Daily Maverick,https://www.dailymaverick.co.za/article/2023-11-06-sibanye-in-five-year-wage-deal-with-amcu-and-num-suggesting-gold-one-flare-up-is-contained/,https://dailymaverick.co.za/article/2023-11-06-sibanye-in-five-year-wage-deal-with-amcu-and-num-suggesting-gold-one-flare-up-is-contained,2023,secondary_keyword_only_review
Daily Maverick,https://www.dailymaverick.co.za/article/2023-12-10-after-the-bell-sa-miners-are-by-no-means-earning-the-slave-wages-asserted-by-amcus-mathunjwa/,https://dailymaverick.co.za/article/2023-12-10-after-the-bell-sa-miners-are-by-no-means-earning-the-slave-wages-asserted-by-amcus-mathunjwa,2023,already_screened
Daily Maverick,https://www.dailymaverick.co.za/article/2024-02-06-sibanye-stillwaters-froneman-business-must-be-outspoken-about-the-high-cost-of-state-failures/,https://dailymaverick.co.za/article/2024-02-06-sibanye-stillwaters-froneman-business-must-be-outspoken-about-the-high-cost-of-state-failures,2024,exclude_outside_period
Daily Maverick,https://www.dailymaverick.co.za/article/2024-02-29-exclusive-amcu-says-new-labour-party-registered-for-2024-polls/,https://dailymaverick.co.za/article/2024-02-29-exclusive-amcu-says-new-labour-party-registered-for-2024-polls,2024,exclude_outside_period
Daily Maverick,https://www.dailymaverick.co.za/article/2024-03-05-amcu-jolted-the-ancs-union-ally-in-the-mines-but-its-new-labour-party-will-likely-struggle-at-the-polls/,https://dailymaverick.co.za/article/2024-03-05-amcu-jolted-the-ancs-union-ally-in-the-mines-but-its-new-labour-party-will-likely-struggle-at-the-polls,2024,exclude_outside_period
Daily Maverick,https://www.dailymaverick.co.za/article/2024-03-06-sibanye-swings-into-loss-on-pgm-price-meltdown-2-6-billion-in-impairments/,https://dailymaverick.co.za/article/2024-03-06-sibanye-swings-into-loss-on-pgm-price-meltdown-2-6-billion-in-impairments,2024,exclude_outside_period
Daily Maverick,https://www.dailymaverick.co.za/article/2024-03-07-amcus-new-labour-party-in-scramble-to-meet-iecs-signatures-of-support-deadline/,https://dailymaverick.co.za/article/2024-03-07-amcus-new-labour-party-in-scramble-to-meet-iecs-signatures-of-support-deadline,2024,exclude_outside_period
Daily Maverick,https://www.dailymaverick.co.za/article/2024-05-01-village-activists-take-marikana-mining-company-to-court-claim-interdict-bid-is-a-slapp-suit/,https://dailymaverick.co.za/article/2024-05-01-village-activists-take-marikana-mining-company-to-court-claim-interdict-bid-is-a-slapp-suit,2024,exclude_outside_period
Daily Maverick,https://www.dailymaverick.co.za/article/2024-06-04-over-200-employees-at-sibanyes-kroondal-pgm-mine-embark-on-wildcat-underground-strike/,https://dailymaverick.co.za/article/2024-06-04-over-200-employees-at-sibanyes-kroondal-pgm-mine-embark-on-wildcat-underground-strike,2024,exclude_outside_period
Daily Maverick,https://www.dailymaverick.co.za/article/2024-06-05-wildcat-strike-ends-at-sibanyes-kroondal-pgm-mine/,https://dailymaverick.co.za/article/2024-06-05-wildcat-strike-ends-at-sibanyes-kroondal-pgm-mine,2024,exclude_outside_period
Daily Maverick,https://www.dailymaverick.co.za/article/2024-06-16-once-a-wellspring-palladium-rich-sibanye-stillwaters-montana-mine-now-breaks-the-bank/,https://dailymaverick.co.za/article/2024-06-16-once-a-wellspring-palladium-rich-sibanye-stillwaters-montana-mine-now-breaks-the-bank,2024,exclude_outside_period
Daily Maverick,https://www.dailymaverick.co.za/article/2024-07-08-hope-for-community-as-city-of-cape-town-buys-occupied-marikana-land-seven-years-after-landmark-ruling/,https://dailymaverick.co.za/article/2024-07-08-hope-for-community-as-city-of-cape-town-buys-occupied-marikana-land-seven-years-after-landmark-ruling,2024,exclude_outside_period
Daily Maverick,https://www.dailymaverick.co.za/article/2024-08-12-covil-society-this-week-marikana-policing-and-homelessness/,https://dailymaverick.co.za/article/2024-08-12-covil-society-this-week-marikana-policing-and-homelessness,2024,exclude_outside_period
Daily Maverick,https://www.dailymaverick.co.za/article/2024-08-15-this-womens-month-the-state-must-honour-the-plight-of-the-women-of-marikana/,https://dailymaverick.co.za/article/2024-08-15-this-womens-month-the-state-must-honour-the-plight-of-the-women-of-marikana,2024,exclude_outside_period
Daily Maverick,https://www.dailymaverick.co.za/article/2024-08-16-marikana-massacre-a-deadly-blemish-in-south-africas-history/,https://dailymaverick.co.za/article/2024-08-16-marikana-massacre-a-deadly-blemish-in-south-africas-history,2024,exclude_outside_period
Daily Maverick,https://www.dailymaverick.co.za/article/2024-08-16-new-justice-minister-update-marikana-massacre-guptas-and-aka-double-murder-extraditions/,https://dailymaverick.co.za/article/2024-08-16-new-justice-minister-update-marikana-massacre-guptas-and-aka-double-murder-extraditions,2024,exclude_outside_period
Daily Maverick,https://www.dailymaverick.co.za/article/2024-08-20-remember-marikana/,https://dailymaverick.co.za/article/2024-08-20-remember-marikana,2024,exclude_outside_period
Daily Maverick,https://www.dailymaverick.co.za/article/2024-08-23-marikana-another-year-another-roll-call-for-those-who-were-killed-another-year-of-broken-promises/,https://dailymaverick.co.za/article/2024-08-23-marikana-another-year-another-roll-call-for-those-who-were-killed-another-year-of-broken-promises,2024,exclude_outside_period
Daily Maverick,https://www.dailymaverick.co.za/article/2024-09-11-socio-economic-rights-institute-disheartened-by-acquittal-of-six-police-officers-linked-to-marikana-deaths/,https://dailymaverick.co.za/article/2024-09-11-socio-economic-rights-institute-disheartened-by-acquittal-of-six-police-officers-linked-to-marikana-deaths,2024,exclude_outside_period
Daily Maverick,https://www.dailymaverick.co.za/article/2024-09-12-sibanye-puts-montana-mine-on-care-and-maintenance-h1-earnings-sink-shares-soar-as-rights-issue-muted/,https://dailymaverick.co.za/article/2024-09-12-sibanye-puts-montana-mine-on-care-and-maintenance-h1-earnings-sink-shares-soar-as-rights-issue-muted,2024,exclude_outside_period
Daily Maverick,https://www.dailymaverick.co.za/article/2024-10-10-sibanye-loses-uk-suit-over-canceled-1-billion-brazil-mine-deal/,https://dailymaverick.co.za/article/2024-10-10-sibanye-loses-uk-suit-over-canceled-1-billion-brazil-mine-deal,2024,exclude_outside_period
Daily Maverick,https://www.dailymaverick.co.za/article/2024-10-14-loaded-for-bear-a-600m-damages-claim-looms-after-latest-setback-in-sibanyes-recovery/,https://dailymaverick.co.za/article/2024-10-14-loaded-for-bear-a-600m-damages-claim-looms-after-latest-setback-in-sibanyes-recovery,2024,exclude_outside_period
Daily Maverick,https://www.dailymaverick.co.za/article/2024-12-12-sibanye-stillwater-invests-in-school-sanitation-a-step-towards-dignity/,https://dailymaverick.co.za/article/2024-12-12-sibanye-stillwater-invests-in-school-sanitation-a-step-towards-dignity,2024,exclude_outside_period
Daily Maverick,https://www.dailymaverick.co.za/article/2025-01-15-stilfontein-must-not-be-another-marikana-president-ramaphosa/,https://dailymaverick.co.za/article/2025-01-15-stilfontein-must-not-be-another-marikana-president-ramaphosa,2025,exclude_outside_period
Daily Maverick,https://www.dailymaverick.co.za/article/2025-01-18-stilfontein-must-not-be-another-marikana-how-home-affairs-glitched-someone-stateless-and-non-existent-and-the-tale-of-the-tea-thief/,https://dailymaverick.co.za/article/2025-01-18-stilfontein-must-not-be-another-marikana-how-home-affairs-glitched-someone-stateless-and-non-existent-and-the-tale-of-the-tea-thief,2025,exclude_outside_period
Daily Maverick,https://www.dailymaverick.co.za/article/2025-02-14-sibanye-stillwaters-neal-froneman-to-retire-the-man-who-spun-south-african-gold-into-a-global-goliath/,https://dailymaverick.co.za/article/2025-02-14-sibanye-stillwaters-neal-froneman-to-retire-the-man-who-spun-south-african-gold-into-a-global-goliath,2025,exclude_outside_period
Daily Maverick,https://www.dailymaverick.co.za/article/2025-02-23-sibanye-trump-corruption-fcpa/,https://dailymaverick.co.za/article/2025-02-23-sibanye-trump-corruption-fcpa,2025,exclude_outside_period
Daily Maverick,https://www.dailymaverick.co.za/article/2025-02-26-uprooted-rare-plant-helps-to-sow-seeds-for-demise-of-sibanyes-us-lithium-project/,https://dailymaverick.co.za/article/2025-02-26-uprooted-rare-plant-helps-to-sow-seeds-for-demise-of-sibanyes-us-lithium-project,2025,exclude_outside_period
Daily Maverick,https://www.dailymaverick.co.za/article/2025-03-13-exxaro-appoints-former-lonmin-boss-ben-magara-as-ceo-much-to-nums-displeasure/,https://dailymaverick.co.za/article/2025-03-13-exxaro-appoints-former-lonmin-boss-ben-magara-as-ceo-much-to-nums-displeasure,2025,exclude_outside_period
Daily Maverick,https://www.dailymaverick.co.za/article/2025-05-23-exclusive-about-300-miners-remain-underground-at-sibanyes-kloof-mine-as-rescue-efforts-continue/,https://dailymaverick.co.za/article/2025-05-23-exclusive-about-300-miners-remain-underground-at-sibanyes-kloof-mine-as-rescue-efforts-continue,2025,exclude_outside_period
Daily Maverick,https://www.dailymaverick.co.za/article/2025-05-23-rescue-operation-sibanye-starts-hoisting-stuck-miners-to-the-surface-at-kloof-shaft/,https://dailymaverick.co.za/article/2025-05-23-rescue-operation-sibanye-starts-hoisting-stuck-miners-to-the-surface-at-kloof-shaft,2025,exclude_outside_period
Daily Maverick,https://www.dailymaverick.co.za/article/2025-10-14-after-soaring-growth-sibanye-stillwater-is-getting-back-to-basics-but-broad-vision-remains/,https://dailymaverick.co.za/article/2025-10-14-after-soaring-growth-sibanye-stillwater-is-getting-back-to-basics-but-broad-vision-remains,2025,exclude_outside_period
Daily Maverick,https://www.dailymaverick.co.za/article/2025-11-10-sibanye-reaches-215m-settlement-with-appian-over-scuppered-deal-but-it-could-have-been-worse/,https://dailymaverick.co.za/article/2025-11-10-sibanye-reaches-215m-settlement-with-appian-over-scuppered-deal-but-it-could-have-been-worse,2025,exclude_outside_period
Daily Maverick,https://www.dailymaverick.co.za/article/2026-01-29-if-sibanyestillwater-had-not-diversified-it-would-have-died-by-2028-ceo/,https://dailymaverick.co.za/article/2026-01-29-if-sibanyestillwater-had-not-diversified-it-would-have-died-by-2028-ceo,2026,exclude_outside_period
Daily Maverick,https://www.dailymaverick.co.za/article/2026-02-10-sibanye-valterrra-and-jm-team-up-to-find-new-applications-and-markets-for-pgms/,https://dailymaverick.co.za/article/2026-02-10-sibanye-valterrra-and-jm-team-up-to-find-new-applications-and-markets-for-pgms,2026,exclude_outside_period
Daily Maverick,https://www.dailymaverick.co.za/article/2026-03-23-sibanye-lawyer-shot-dead-in-joburg-cbd-while-working-on-labour-dispute-case/,https://dailymaverick.co.za/article/2026-03-23-sibanye-lawyer-shot-dead-in-joburg-cbd-while-working-on-labour-dispute-case,2026,exclude_outside_period
Daily Maverick,https://www.dailymaverick.co.za/article/2026-03-25-illegal-mining-emerges-as-possible-link-to-murder-of-sibanye-lawyer-chinette-gallichan/,https://dailymaverick.co.za/article/2026-03-25-illegal-mining-emerges-as-possible-link-to-murder-of-sibanye-lawyer-chinette-gallichan,2026,exclude_outside_period
Daily Maverick,https://www.dailymaverick.co.za/article/2026-04-20-analysis-sibanyes-lithium-play-in-finland-is-a-geographical-masterstroke/,https://dailymaverick.co.za/article/2026-04-20-analysis-sibanyes-lithium-play-in-finland-is-a-geographical-masterstroke,2026,exclude_outside_period
Daily Maverick,https://www.dailymaverick.co.za/article/2026-04-29-green-metals-lack-the-market-incentives-that-make-ethical-consumption-mainstream-sibanye-ceo-/,https://dailymaverick.co.za/article/2026-04-29-green-metals-lack-the-market-incentives-that-make-ethical-consumption-mainstream-sibanye-ceo-,2026,exclude_outside_period
Daily Maverick,https://www.dailymaverick.co.za/article/2026-05-03-sibanyes-lithium-operations-in-finland-reshaped-by-crafty-critters/,https://dailymaverick.co.za/article/2026-05-03-sibanyes-lithium-operations-in-finland-reshaped-by-crafty-critters,2026,exclude_outside_period
Daily Maverick,https://www.dailymaverick.co.za/article/2026-06-25-reporters-notebook-a-poignant-return-to-marikanas-saffy-shaft/,https://dailymaverick.co.za/article/2026-06-25-reporters-notebook-a-poignant-return-to-marikanas-saffy-shaft,2026,exclude_outside_period
Daily Maverick,https://www.dailymaverick.co.za/article/2026-06-29-consolidation-and-contiguous-two-words-that-sum-up-sibanyes-marikana-miracle/,https://dailymaverick.co.za/article/2026-06-29-consolidation-and-contiguous-two-words-that-sum-up-sibanyes-marikana-miracle,2026,exclude_outside_period
Daily Maverick,https://www.dailymaverick.co.za/article/2026-06-30-widespread-violence-is-avoided-after-police-apply-lessons-from-marikana-and-july-2021-riots/,https://dailymaverick.co.za/article/2026-06-30-widespread-violence-is-avoided-after-police-apply-lessons-from-marikana-and-july-2021-riots,2026,exclude_outside_period
Daily Maverick,https://www.dailymaverick.co.za/article/2026-08-11-fourteen-reported-dead-17-injured-in-illegal-chrome-incident-near-marikana/,https://dailymaverick.co.za/article/2026-08-11-fourteen-reported-dead-17-injured-in-illegal-chrome-incident-near-marikana,2026,exclude_outside_period
Daily Maverick,https://www.dailymaverick.co.za/article/2026-08-16-marikana-massacre-14-years-on-victims-families-still-await-criminal-accountability/,https://dailymaverick.co.za/article/2026-08-16-marikana-massacre-14-years-on-victims-families-still-await-criminal-accountability,2026,exclude_outside_period
Daily Maverick,https://www.dailymaverick.co.za/cartoon/2015-05-25-release-of-the-marikana-report/,https://dailymaverick.co.za/cartoon/2015-05-25-release-of-the-marikana-report,,review_year_unresolved
Daily Maverick,https://www.dailymaverick.co.za/cartoon/2015-06-08-jacob-applying-his-mind-to-the-marikana-report/,https://dailymaverick.co.za/cartoon/2015-06-08-jacob-applying-his-mind-to-the-marikana-report,,review_year_unresolved
Daily Maverick,https://www.dailymaverick.co.za/cartoon/2015-06-30-farlam-report-omission-of-inquiry/,https://dailymaverick.co.za/cartoon/2015-06-30-farlam-report-omission-of-inquiry,,review_year_unresolved
Daily Maverick,https://www.dailymaverick.co.za/cartoon/2015-08-15-marikana-three-years-on/,https://dailymaverick.co.za/cartoon/2015-08-15-marikana-three-years-on,,review_year_unresolved
Daily Maverick,https://www.dailymaverick.co.za/cartoon/2017-08-16-marikana-by-numbers/,https://dailymaverick.co.za/cartoon/2017-08-16-marikana-by-numbers,,review_year_unresolved
Daily Maverick,https://www.dailymaverick.co.za/cartoon/2017-08-24-marikana-mileage/,https://dailymaverick.co.za/cartoon/2017-08-24-marikana-mileage,,review_year_unresolved
Daily Maverick,https://www.dailymaverick.co.za/opinionista/2012-08-20-marikana-lonmins-disquiet-and-the-fight-for-manhood/,https://dailymaverick.co.za/opinionista/2012-08-20-marikana-lonmins-disquiet-and-the-fight-for-manhood,2012,explicit_case_title_review
Daily Maverick,https://www.dailymaverick.co.za/opinionista/2012-08-20-the-lonmin-shootings-could-knobble-cosatu-be-afraid/,https://dailymaverick.co.za/opinionista/2012-08-20-the-lonmin-shootings-could-knobble-cosatu-be-afraid,2012,lonmin_only_title_review
Daily Maverick,https://www.dailymaverick.co.za/opinionista/2012-08-23-marikana-avoidable-unconstitutional-and-entirely-predictable/,https://dailymaverick.co.za/opinionista/2012-08-23-marikana-avoidable-unconstitutional-and-entirely-predictable,2012,explicit_case_title_review
Daily Maverick,https://www.dailymaverick.co.za/opinionista/2012-08-24-lonmin-inquiry-not-bad-not-bad-at-all/,https://dailymaverick.co.za/opinionista/2012-08-24-lonmin-inquiry-not-bad-not-bad-at-all,2012,lonmin_only_title_review
Daily Maverick,https://www.dailymaverick.co.za/opinionista/2012-08-27-lonmin-strike-why-the-r4000-figure-is-no-trivial-matter/,https://dailymaverick.co.za/opinionista/2012-08-27-lonmin-strike-why-the-r4000-figure-is-no-trivial-matter,2012,lonmin_only_title_review
Daily Maverick,https://www.dailymaverick.co.za/opinionista/2012-08-27-the-irony-of-lonmin-an-award-winning-sustainable-investment/,https://dailymaverick.co.za/opinionista/2012-08-27-the-irony-of-lonmin-an-award-winning-sustainable-investment,2012,lonmin_only_title_review
Daily Maverick,https://www.dailymaverick.co.za/opinionista/2012-08-28-marikana-we-should-be-incandescent-with-rage/,https://dailymaverick.co.za/opinionista/2012-08-28-marikana-we-should-be-incandescent-with-rage,2012,explicit_case_title_review
Daily Maverick,https://www.dailymaverick.co.za/opinionista/2012-08-31-democracy-for-all-marikana-signals-our-second-chance/,https://dailymaverick.co.za/opinionista/2012-08-31-democracy-for-all-marikana-signals-our-second-chance,2012,explicit_case_title_review
Daily Maverick,https://www.dailymaverick.co.za/opinionista/2012-09-03-marikana-murder-charge-withdrawal-the-first-glimmer-of-sanity/,https://dailymaverick.co.za/opinionista/2012-09-03-marikana-murder-charge-withdrawal-the-first-glimmer-of-sanity,2012,explicit_case_title_review
Daily Maverick,https://www.dailymaverick.co.za/opinionista/2012-09-03-the-marikana-miners-have-rights-too/,https://dailymaverick.co.za/opinionista/2012-09-03-the-marikana-miners-have-rights-too,2012,explicit_case_title_review
Daily Maverick,https://www.dailymaverick.co.za/opinionista/2012-09-06-world-banks-kim-goes-to-joburg-but-will-he-miss-marikana-and-medupi/,https://dailymaverick.co.za/opinionista/2012-09-06-world-banks-kim-goes-to-joburg-but-will-he-miss-marikana-and-medupi,2012,explicit_case_title_review
Daily Maverick,https://www.dailymaverick.co.za/opinionista/2012-09-07-stuck-in-the-mud-in-marikana/,https://dailymaverick.co.za/opinionista/2012-09-07-stuck-in-the-mud-in-marikana,2012,explicit_case_title_review
Daily Maverick,https://www.dailymaverick.co.za/opinionista/2012-09-12-marikana-persists-remember-the-rule-of-law/,https://dailymaverick.co.za/opinionista/2012-09-12-marikana-persists-remember-the-rule-of-law,2012,explicit_case_title_review
Daily Maverick,https://www.dailymaverick.co.za/opinionista/2012-10-10-water-fail-farlam-commission-bows-to-industry-secrecy/,https://dailymaverick.co.za/opinionista/2012-10-10-water-fail-farlam-commission-bows-to-industry-secrecy,2012,explicit_case_title_review
Daily Maverick,https://www.dailymaverick.co.za/opinionista/2012-10-12-marikana-prequel-num-and-the-murders-that-started-it-all/,https://dailymaverick.co.za/opinionista/2012-10-12-marikana-prequel-num-and-the-murders-that-started-it-all,2012,explicit_case_title_review
Daily Maverick,https://www.dailymaverick.co.za/opinionista/2012-10-19-from-the-nums-ashes-amcu-will-rise-and-rise/,https://dailymaverick.co.za/opinionista/2012-10-19-from-the-nums-ashes-amcu-will-rise-and-rise,2012,secondary_keyword_only_review
Daily Maverick,https://www.dailymaverick.co.za/opinionista/2012-10-22-in-the-thick-of-marikana-the-lessons-no-journalism-school-can-teach-you/,https://dailymaverick.co.za/opinionista/2012-10-22-in-the-thick-of-marikana-the-lessons-no-journalism-school-can-teach-you,2012,explicit_case_title_review
Daily Maverick,https://www.dailymaverick.co.za/opinionista/2012-11-02-marikana-who-murdered-num-branch-secretary-daluvuyo-bongo/,https://dailymaverick.co.za/opinionista/2012-11-02-marikana-who-murdered-num-branch-secretary-daluvuyo-bongo,2012,explicit_case_title_review
Daily Maverick,https://www.dailymaverick.co.za/opinionista/2012-11-06-marikana-a-cover-up-for-all-to-see/,https://dailymaverick.co.za/opinionista/2012-11-06-marikana-a-cover-up-for-all-to-see,2012,explicit_case_title_review
Daily Maverick,https://www.dailymaverick.co.za/opinionista/2013-04-22-boston-exposes-saps-shortfall-after-marikana/,https://dailymaverick.co.za/opinionista/2013-04-22-boston-exposes-saps-shortfall-after-marikana,2013,explicit_case_title_review
Daily Maverick,https://www.dailymaverick.co.za/opinionista/2013-05-14-marikana-a-downward-spiral/,https://dailymaverick.co.za/opinionista/2013-05-14-marikana-a-downward-spiral,2013,explicit_case_title_review
Daily Maverick,https://www.dailymaverick.co.za/opinionista/2013-05-22-welcome-to-marikana-cape-town/,https://dailymaverick.co.za/opinionista/2013-05-22-welcome-to-marikana-cape-town,2013,explicit_case_title_review
Daily Maverick,https://www.dailymaverick.co.za/opinionista/2013-08-01-marikana-commission-more-questions-than-answers/,https://dailymaverick.co.za/opinionista/2013-08-01-marikana-commission-more-questions-than-answers,2013,explicit_case_title_review
Daily Maverick,https://www.dailymaverick.co.za/opinionista/2013-08-15-2014-the-marikana-vote/,https://dailymaverick.co.za/opinionista/2013-08-15-2014-the-marikana-vote,2013,explicit_case_title_review
Daily Maverick,https://www.dailymaverick.co.za/opinionista/2013-08-23-is-there-hope-for-the-marikana-commission/,https://dailymaverick.co.za/opinionista/2013-08-23-is-there-hope-for-the-marikana-commission,2013,explicit_case_title_review
Daily Maverick,https://www.dailymaverick.co.za/opinionista/2013-08-30-the-marikana-commission-funding-farce-an-injustice-to-citizens/,https://dailymaverick.co.za/opinionista/2013-08-30-the-marikana-commission-funding-farce-an-injustice-to-citizens,2013,explicit_case_title_review
Daily Maverick,https://www.dailymaverick.co.za/opinionista/2014-05-29-when-the-new-repeats-the-old-marikana-haunts-new-zuma-cabinet/,https://dailymaverick.co.za/opinionista/2014-05-29-when-the-new-repeats-the-old-marikana-haunts-new-zuma-cabinet,2014,explicit_case_title_review
Daily Maverick,https://www.dailymaverick.co.za/opinionista/2014-06-30-after-the-platinum-strike-we-dare-not-fail-now/,https://dailymaverick.co.za/opinionista/2014-06-30-after-the-platinum-strike-we-dare-not-fail-now,2014,secondary_keyword_only_review
Daily Maverick,https://www.dailymaverick.co.za/opinionista/2014-07-01-lessons-from-the-platinum-strike-the-poison-of-inequality/,https://dailymaverick.co.za/opinionista/2014-07-01-lessons-from-the-platinum-strike-the-poison-of-inequality,2014,secondary_keyword_only_review
Daily Maverick,https://www.dailymaverick.co.za/opinionista/2014-08-25-marikana-not-the-place-for-political-grandstanding/,https://dailymaverick.co.za/opinionista/2014-08-25-marikana-not-the-place-for-political-grandstanding,2014,explicit_case_title_review
Daily Maverick,https://www.dailymaverick.co.za/opinionista/2014-09-19-without-a-trace-lonmins-bermuda-connection/,https://dailymaverick.co.za/opinionista/2014-09-19-without-a-trace-lonmins-bermuda-connection,2014,lonmin_only_title_review
Daily Maverick,https://www.dailymaverick.co.za/opinionista/2014-10-22-before-marikana-there-was-the-deadly-sasol-strike/,https://dailymaverick.co.za/opinionista/2014-10-22-before-marikana-there-was-the-deadly-sasol-strike,2014,explicit_case_title_review
Daily Maverick,https://www.dailymaverick.co.za/opinionista/2015-04-07-post-marikana-sa-birthing-the-new-student-politics/,https://dailymaverick.co.za/opinionista/2015-04-07-post-marikana-sa-birthing-the-new-student-politics,2015,explicit_case_title_review
Daily Maverick,https://www.dailymaverick.co.za/opinionista/2015-04-09-rhodeshasfallen-but-dont-forget-marikana-xenophobia-poverty/,https://dailymaverick.co.za/opinionista/2015-04-09-rhodeshasfallen-but-dont-forget-marikana-xenophobia-poverty,2015,explicit_case_title_review
Daily Maverick,https://www.dailymaverick.co.za/opinionista/2015-06-02-marikana-the-breakdown-in-more-ways-than-one/,https://dailymaverick.co.za/opinionista/2015-06-02-marikana-the-breakdown-in-more-ways-than-one,2015,explicit_case_title_review
Daily Maverick,https://www.dailymaverick.co.za/opinionista/2015-06-26-judge-farlams-accidental-massacre/,https://dailymaverick.co.za/opinionista/2015-06-26-judge-farlams-accidental-massacre,2015,explicit_case_title_review
Daily Maverick,https://www.dailymaverick.co.za/opinionista/2015-06-29-south-africa-post-marikana-report-still-waiting-for-leadership/,https://dailymaverick.co.za/opinionista/2015-06-29-south-africa-post-marikana-report-still-waiting-for-leadership,2015,explicit_case_title_review
Daily Maverick,https://www.dailymaverick.co.za/opinionista/2015-07-06-marikana-reflects-the-accountability-deficit-of-zumas-administration/,https://dailymaverick.co.za/opinionista/2015-07-06-marikana-reflects-the-accountability-deficit-of-zumas-administration,2015,explicit_case_title_review
Daily Maverick,https://www.dailymaverick.co.za/opinionista/2015-08-12-marikana-a-lesson-in-the-vulnerability-of-the-black-body/,https://dailymaverick.co.za/opinionista/2015-08-12-marikana-a-lesson-in-the-vulnerability-of-the-black-body,2015,explicit_case_title_review
Daily Maverick,https://www.dailymaverick.co.za/opinionista/2016-10-13-a-burning-bus-are-we-headed-for-marikana-mk-ii/,https://dailymaverick.co.za/opinionista/2016-10-13-a-burning-bus-are-we-headed-for-marikana-mk-ii,2016,explicit_case_title_review
Daily Maverick,https://www.dailymaverick.co.za/opinionista/2017-06-13-marikana-unmasking-ramaphosas-rhetoric-narrow-apology-and-lies/,https://dailymaverick.co.za/opinionista/2017-06-13-marikana-unmasking-ramaphosas-rhetoric-narrow-apology-and-lies,2017,explicit_case_title_review
Daily Maverick,https://www.dailymaverick.co.za/opinionista/2017-09-10-from-the-inside-the-other-marikana-and-its-implications/,https://dailymaverick.co.za/opinionista/2017-09-10-from-the-inside-the-other-marikana-and-its-implications,2017,explicit_case_title_review
Daily Maverick,https://www.dailymaverick.co.za/opinionista/2018-11-07-marikana-the-axe-forgets-but-the-tree-remembers/,https://dailymaverick.co.za/opinionista/2018-11-07-marikana-the-axe-forgets-but-the-tree-remembers,2018,explicit_case_title_review
Daily Maverick,https://www.dailymaverick.co.za/opinionista/2019-01-18-da-appropriation-of-marikana-and-life-esidimeni-names-is-crude-partly-political-electioneering/,https://dailymaverick.co.za/opinionista/2019-01-18-da-appropriation-of-marikana-and-life-esidimeni-names-is-crude-partly-political-electioneering,2019,explicit_case_title_review
Daily Maverick,https://www.dailymaverick.co.za/opinionista/2019-04-24-the-sibanye-stillwater-strike-has-had-devastating-consequences-all-because-of-joseph-mathunjwas-ambitions/,https://dailymaverick.co.za/opinionista/2019-04-24-the-sibanye-stillwater-strike-has-had-devastating-consequences-all-because-of-joseph-mathunjwas-ambitions,2019,secondary_keyword_only_review
Daily Maverick,https://www.dailymaverick.co.za/opinionista/2019-08-15-as-we-commemorate-marikana-reconciliation-should-be-our-priority/,https://dailymaverick.co.za/opinionista/2019-08-15-as-we-commemorate-marikana-reconciliation-should-be-our-priority,2019,explicit_case_title_review
Daily Maverick,https://www.dailymaverick.co.za/opinionista/2019-08-18-marikana-memories-a-place-of-hard-hearts-cold-courage-and-brutal-vengeance/,https://dailymaverick.co.za/opinionista/2019-08-18-marikana-memories-a-place-of-hard-hearts-cold-courage-and-brutal-vengeance,2019,explicit_case_title_review
Daily Maverick,https://www.dailymaverick.co.za/opinionista/2019-11-06-peace-process-in-jeopardy-as-another-marikana-num-member-is-murdered/,https://dailymaverick.co.za/opinionista/2019-11-06-peace-process-in-jeopardy-as-another-marikana-num-member-is-murdered,2019,explicit_case_title_review
Daily Maverick,https://www.dailymaverick.co.za/opinionista/2020-04-14-dear-president-ramaphosa-rein-in-the-security-forces-before-we-have-another-marikana/,https://dailymaverick.co.za/opinionista/2020-04-14-dear-president-ramaphosa-rein-in-the-security-forces-before-we-have-another-marikana,2020,explicit_case_title_review
Daily Maverick,https://www.dailymaverick.co.za/opinionista/2020-08-14-marikana-the-long-wait-for-truth-justice-and-compensation/,https://dailymaverick.co.za/opinionista/2020-08-14-marikana-the-long-wait-for-truth-justice-and-compensation,2020,explicit_case_title_review
Daily Maverick,https://www.dailymaverick.co.za/opinionista/2020-10-05-mauritius-to-marikana-lessons-for-zondo-from-past-commissions/,https://dailymaverick.co.za/opinionista/2020-10-05-mauritius-to-marikana-lessons-for-zondo-from-past-commissions,2020,explicit_case_title_review
Daily Maverick,https://www.dailymaverick.co.za/opinionista/2021-08-17-the-marikana-memorial-lecture-lessons-we-learnt-from-that-fateful-day/,https://dailymaverick.co.za/opinionista/2021-08-17-the-marikana-memorial-lecture-lessons-we-learnt-from-that-fateful-day,2021,explicit_case_title_review
Daily Maverick,https://www.dailymaverick.co.za/opinionista/2021-08-18-i-heard-the-machine-gun-fire-sound-of-police-shooting-down-the-mineworkers-in-marikana-how-did-we-come-to-this/,https://dailymaverick.co.za/opinionista/2021-08-18-i-heard-the-machine-gun-fire-sound-of-police-shooting-down-the-mineworkers-in-marikana-how-did-we-come-to-this,2021,explicit_case_title_review
Daily Maverick,https://www.dailymaverick.co.za/opinionista/2022-02-22-we-remember-marikana-will-the-government-and-president-ramaphosa-also-remember-the-massacre-10-years-later/,https://dailymaverick.co.za/opinionista/2022-02-22-we-remember-marikana-will-the-government-and-president-ramaphosa-also-remember-the-massacre-10-years-later,2022,explicit_case_title_review
Daily Maverick,https://www.dailymaverick.co.za/opinionista/2022-05-08-minister-thulas-nxesi-beware-another-marikana-brewing-while-you-sleep/,https://dailymaverick.co.za/opinionista/2022-05-08-minister-thulas-nxesi-beware-another-marikana-brewing-while-you-sleep,2022,explicit_case_title_review
Daily Maverick,https://www.dailymaverick.co.za/opinionista/2022-08-18-lets-never-forget-the-marikana-massacre-and-start-the-daunting-task-of-building-a-social-pact/,https://dailymaverick.co.za/opinionista/2022-08-18-lets-never-forget-the-marikana-massacre-and-start-the-daunting-task-of-building-a-social-pact,2022,explicit_case_title_review
Daily Maverick,https://www.dailymaverick.co.za/opinionista/2023-08-15-marikana-11-years-on-where-little-has-changed-and-justice-still-evades-us/,https://dailymaverick.co.za/opinionista/2023-08-15-marikana-11-years-on-where-little-has-changed-and-justice-still-evades-us,2023,explicit_case_title_review
Engineering News,https://www.engineeringnews.co.za/article/11-sibanye-employees-face-arrest-over-inter-union-violence-2015-03-11,https://engineeringnews.co.za/article/11-sibanye-employees-face-arrest-over-inter-union-violence-2015-03-11,2015,secondary_keyword_only_review
Engineering News,https://www.engineeringnews.co.za/article/111-employees-1-130-contractor-employees-impacted-by-sibanye-gold-operation-restructuring-2024-07-02,https://engineeringnews.co.za/article/111-employees-1-130-contractor-employees-impacted-by-sibanye-gold-operation-restructuring-2024-07-02,2024,exclude_outside_period
Engineering News,https://www.engineeringnews.co.za/article/46-year-old-man-dies-in-accident-at-lonmin-mine-2018-10-02,https://engineeringnews.co.za/article/46-year-old-man-dies-in-accident-at-lonmin-mine-2018-10-02,2018,lonmin_only_title_review
Engineering News,https://www.engineeringnews.co.za/article/51-sibanye-employees-test-positive-for-covid-19-2020-05-28,https://engineeringnews.co.za/article/51-sibanye-employees-test-positive-for-covid-19-2020-05-28,2020,secondary_keyword_only_review
Engineering News,https://www.engineeringnews.co.za/article/80-000-amcu-workers-on-strike-in-platinum-sector-2014-01-23,https://engineeringnews.co.za/article/80-000-amcu-workers-on-strike-in-platinum-sector-2014-01-23,2014,secondary_keyword_only_review
Engineering News,https://www.engineeringnews.co.za/article/accord-with-amcu-sets-mechanised-gold-junior-on-new-growth-path-2014-04-08,https://engineeringnews.co.za/article/accord-with-amcu-sets-mechanised-gold-junior-on-new-growth-path-2014-04-08,2014,secondary_keyword_only_review
Engineering News,https://www.engineeringnews.co.za/article/accord-with-amcu-sets-mechanised-gold-junior-on-new-growth-path-2014-04-18,https://engineeringnews.co.za/article/accord-with-amcu-sets-mechanised-gold-junior-on-new-growth-path-2014-04-18,2014,secondary_keyword_only_review
Engineering News,https://www.engineeringnews.co.za/article/acquisitions-boost-sibanyes-gold-reserves-65-2014-06-04,https://engineeringnews.co.za/article/acquisitions-boost-sibanyes-gold-reserves-65-2014-06-04,2014,secondary_keyword_only_review
Engineering News,https://www.engineeringnews.co.za/article/after-ma-spree-sibanye-is-now-the-worlds-largest-platinum-miner-2019-05-30,https://engineeringnews.co.za/article/after-ma-spree-sibanye-is-now-the-worlds-largest-platinum-miner-2019-05-30,2019,secondary_keyword_only_review
Engineering News,https://www.engineeringnews.co.za/article/all-1-800-trapped-sibanye-miners-are-rescued-government-says-2019-05-01,https://engineeringnews.co.za/article/all-1-800-trapped-sibanye-miners-are-rescued-government-says-2019-05-01,2019,secondary_keyword_only_review
Engineering News,https://www.engineeringnews.co.za/article/allan-gray-lifts-interest-in-sibanye-above-5-2021-09-07,https://engineeringnews.co.za/article/allan-gray-lifts-interest-in-sibanye-above-5-2021-09-07,2021,secondary_keyword_only_review
Engineering News,https://www.engineeringnews.co.za/article/alternative-energy-developments-at-amplats-sibanye-2020-02-20,https://engineeringnews.co.za/article/alternative-energy-developments-at-amplats-sibanye-2020-02-20,2020,secondary_keyword_only_review
Engineering News,https://www.engineeringnews.co.za/article/alternatives-to-explosives-required-sibanye-developing-new-technologies-2016-12-09,https://engineeringnews.co.za/article/alternatives-to-explosives-required-sibanye-developing-new-technologies-2016-12-09,2016,secondary_keyword_only_review
Engineering News,https://www.engineeringnews.co.za/article/amcu-accepts-wage-offer-2014-06-23,https://engineeringnews.co.za/article/amcu-accepts-wage-offer-2014-06-23,2014,secondary_keyword_only_review
Engineering News,https://www.engineeringnews.co.za/article/amcu-accuses-sibanye-of-using-underhand-tactics-to-end-strike-2018-12-13,https://engineeringnews.co.za/article/amcu-accuses-sibanye-of-using-underhand-tactics-to-end-strike-2018-12-13,2018,secondary_keyword_only_review
Engineering News,https://www.engineeringnews.co.za/article/amcu-application-postponed-2013-01-22,https://engineeringnews.co.za/article/amcu-application-postponed-2013-01-22,2013,secondary_keyword_only_review
Engineering News,https://www.engineeringnews.co.za/article/amcu-article-2013-02-25,https://engineeringnews.co.za/article/amcu-article-2013-02-25,2013,secondary_keyword_only_review
Engineering News,https://www.engineeringnews.co.za/article/amcu-assists-beleaguered-mineworkers-at-lily-mine-2016-07-29,https://engineeringnews.co.za/article/amcu-assists-beleaguered-mineworkers-at-lily-mine-2016-07-29,2016,secondary_keyword_only_review
Engineering News,https://www.engineeringnews.co.za/article/amcu-awaits-court-ruling-on-its-right-to-engage-in-protected-strike-action-2015-10-23,https://engineeringnews.co.za/article/amcu-awaits-court-ruling-on-its-right-to-engage-in-protected-strike-action-2015-10-23,2015,secondary_keyword_only_review
Engineering News,https://www.engineeringnews.co.za/article/amcu-blasts-zuma-over-marikana-plan-2016-12-13-1,https://engineeringnews.co.za/article/amcu-blasts-zuma-over-marikana-plan-2016-12-13-1,2016,explicit_case_title_review
Engineering News,https://www.engineeringnews.co.za/article/amcu-calls-for-amplats-mining-rights-to-be-revoked-proposes-nationalisation-2013-01-17,https://engineeringnews.co.za/article/amcu-calls-for-amplats-mining-rights-to-be-revoked-proposes-nationalisation-2013-01-17,2013,secondary_keyword_only_review
Engineering News,https://www.engineeringnews.co.za/article/amcu-calls-for-commission-into-mine-safety-2017-10-16,https://engineeringnews.co.za/article/amcu-calls-for-commission-into-mine-safety-2017-10-16,2017,secondary_keyword_only_review
Engineering News,https://www.engineeringnews.co.za/article/amcu-calls-for-criminal-charges-following-barberton-mine-collapse-2016-02-05,https://engineeringnews.co.za/article/amcu-calls-for-criminal-charges-following-barberton-mine-collapse-2016-02-05,2016,secondary_keyword_only_review
Engineering News,https://www.engineeringnews.co.za/article/amcu-calls-for-enforcement-of-missing-persons-locator-systems-in-mining-sector-2026-02-20,https://engineeringnews.co.za/article/amcu-calls-for-enforcement-of-missing-persons-locator-systems-in-mining-sector-2026-02-20,2026,exclude_outside_period
Engineering News,https://www.engineeringnews.co.za/article/amcu-calls-for-inquest-into-south-african-mining-fatalities-another-person-dies-at-marikana-2021-11-23,https://engineeringnews.co.za/article/amcu-calls-for-inquest-into-south-african-mining-fatalities-another-person-dies-at-marikana-2021-11-23,2021,explicit_case_title_review
Engineering News,https://www.engineeringnews.co.za/article/amcu-calls-for-more-whistle-blowers-to-come-forward-in-samancor-chrome-case-2019-10-09,https://engineeringnews.co.za/article/amcu-calls-for-more-whistle-blowers-to-come-forward-in-samancor-chrome-case-2019-10-09,2019,secondary_keyword_only_review
Engineering News,https://www.engineeringnews.co.za/article/amcu-calls-for-testing-of-all-employees-at-affiliated-workplaces-2020-05-25,https://engineeringnews.co.za/article/amcu-calls-for-testing-of-all-employees-at-affiliated-workplaces-2020-05-25,2020,secondary_keyword_only_review
Engineering News,https://www.engineeringnews.co.za/article/amcu-calls-for-thorough-investigation-into-various-mineworker-injuries-2026-01-15,https://engineeringnews.co.za/article/amcu-calls-for-thorough-investigation-into-various-mineworker-injuries-2026-01-15,2026,exclude_outside_period
Engineering News,https://www.engineeringnews.co.za/article/amcu-calls-for-tougher-mine-safety-regulation-2019-07-02,https://engineeringnews.co.za/article/amcu-calls-for-tougher-mine-safety-regulation-2019-07-02,2019,secondary_keyword_only_review
Engineering News,https://www.engineeringnews.co.za/article/amcu-calls-for-tougher-mine-safety-regulation-2019-07-12,https://engineeringnews.co.za/article/amcu-calls-for-tougher-mine-safety-regulation-2019-07-12,2019,secondary_keyword_only_review
Engineering News,https://www.engineeringnews.co.za/article/amcu-calls-on-all-members-to-strike-in-support-of-sibanye-gold-employees-2019-02-19,https://engineeringnews.co.za/article/amcu-calls-on-all-members-to-strike-in-support-of-sibanye-gold-employees-2019-02-19,2019,secondary_keyword_only_review
Engineering News,https://www.engineeringnews.co.za/article/amcu-calls-on-glencore-to-improve-mineworkers-wages-benefits-2016-05-06,https://engineeringnews.co.za/article/amcu-calls-on-glencore-to-improve-mineworkers-wages-benefits-2016-05-06,2016,secondary_keyword_only_review
Engineering News,https://www.engineeringnews.co.za/article/amcu-calls-on-gold-miners-to-return-to-the-negotiating-table-2015-10-14,https://engineeringnews.co.za/article/amcu-calls-on-gold-miners-to-return-to-the-negotiating-table-2015-10-14,2015,secondary_keyword_only_review
Engineering News,https://www.engineeringnews.co.za/article/amcu-calls-on-ramaphosa-to-intervene-in-strike-at-sibanye-operations-2019-03-14,https://engineeringnews.co.za/article/amcu-calls-on-ramaphosa-to-intervene-in-strike-at-sibanye-operations-2019-03-14,2019,secondary_keyword_only_review
Engineering News,https://www.engineeringnews.co.za/article/amcu-calls-out-government-policies-for-causing-job-losses-in-mining-industry-2024-02-20,https://engineeringnews.co.za/article/amcu-calls-out-government-policies-for-causing-job-losses-in-mining-industry-2024-02-20,2024,exclude_outside_period
Engineering News,https://www.engineeringnews.co.za/article/amcu-ccma-talks-postponed-until-monday-2014-02-14,https://engineeringnews.co.za/article/amcu-ccma-talks-postponed-until-monday-2014-02-14,2014,secondary_keyword_only_review
Engineering News,https://www.engineeringnews.co.za/article/amcu-celebrates-workers-day-sends-signal-to-rivals-saying-politics-not-unions-business-2017-05-02,https://engineeringnews.co.za/article/amcu-celebrates-workers-day-sends-signal-to-rivals-saying-politics-not-unions-business-2017-05-02,2017,secondary_keyword_only_review
Engineering News,https://www.engineeringnews.co.za/article/amcu-claims-substandard-safety-equipment-procedures-led-to-fatalities-at-implats-2016-01-27,https://engineeringnews.co.za/article/amcu-claims-substandard-safety-equipment-procedures-led-to-fatalities-at-implats-2016-01-27,2016,secondary_keyword_only_review
Engineering News,https://www.engineeringnews.co.za/article/amcu-coal-gold-strike-not-approved-nedlac-2014-03-28,https://engineeringnews.co.za/article/amcu-coal-gold-strike-not-approved-nedlac-2014-03-28,2014,secondary_keyword_only_review
Engineering News,https://www.engineeringnews.co.za/article/amcu-commemorates-twelfth-marikana-massacre-anniversary-2024-08-08,https://engineeringnews.co.za/article/amcu-commemorates-twelfth-marikana-massacre-anniversary-2024-08-08,2024,exclude_outside_period
Engineering News,https://www.engineeringnews.co.za/article/amcu-condemns-attacks-calls-for-revision-of-policies-2015-04-20,https://engineeringnews.co.za/article/amcu-condemns-attacks-calls-for-revision-of-policies-2015-04-20,2015,secondary_keyword_only_review
Engineering News,https://www.engineeringnews.co.za/article/amcu-considering-all-options-negotiator-2014-05-29,https://engineeringnews.co.za/article/amcu-considering-all-options-negotiator-2014-05-29,2014,secondary_keyword_only_review
Engineering News,https://www.engineeringnews.co.za/article/amcu-cries-foul-2019-05-10,https://engineeringnews.co.za/article/amcu-cries-foul-2019-05-10,2019,secondary_keyword_only_review
Engineering News,https://www.engineeringnews.co.za/article/amcu-declares-dispute-with-three-gold-mining-companies-2018-09-11,https://engineeringnews.co.za/article/amcu-declares-dispute-with-three-gold-mining-companies-2018-09-11,2018,secondary_keyword_only_review
Engineering News,https://www.engineeringnews.co.za/article/amcu-decries-governments-failures-calls-for-south-africa-first-approach-2017-05-02,https://engineeringnews.co.za/article/amcu-decries-governments-failures-calls-for-south-africa-first-approach-2017-05-02,2017,secondary_keyword_only_review
Engineering News,https://www.engineeringnews.co.za/article/amcu-delays-wider-mining-strike-until-judgment-2019-02-28,https://engineeringnews.co.za/article/amcu-delays-wider-mining-strike-until-judgment-2019-02-28,2019,secondary_keyword_only_review
Engineering News,https://www.engineeringnews.co.za/article/amcu-demands-accountability-after-implats-fatality-2026-03-17,https://engineeringnews.co.za/article/amcu-demands-accountability-after-implats-fatality-2026-03-17,2026,exclude_outside_period
Engineering News,https://www.engineeringnews.co.za/article/amcu-demands-lily-mine-rescue-to-resume-2016-08-18,https://engineeringnews.co.za/article/amcu-demands-lily-mine-rescue-to-resume-2016-08-18,2016,secondary_keyword_only_review
Engineering News,https://www.engineeringnews.co.za/article/amcu-demands-summit-to-discuss-renewable-energy-jobs-2018-03-23,https://engineeringnews.co.za/article/amcu-demands-summit-to-discuss-renewable-energy-jobs-2018-03-23,2018,secondary_keyword_only_review
Engineering News,https://www.engineeringnews.co.za/article/amcu-demands-summit-to-discuss-renewable-energy-jobs-2018-04-06,https://engineeringnews.co.za/article/amcu-demands-summit-to-discuss-renewable-energy-jobs-2018-04-06,2018,secondary_keyword_only_review
Engineering News,https://www.engineeringnews.co.za/article/amcu-denies-personal-vendetta-with-sibanye-ceo-2019-03-12,https://engineeringnews.co.za/article/amcu-denies-personal-vendetta-with-sibanye-ceo-2019-03-12,2019,secondary_keyword_only_review
Engineering News,https://www.engineeringnews.co.za/article/amcu-disagrees-with-sibanye-about-labour-verification-outcome-2019-04-09,https://engineeringnews.co.za/article/amcu-disagrees-with-sibanye-about-labour-verification-outcome-2019-04-09,2019,secondary_keyword_only_review
Engineering News,https://www.engineeringnews.co.za/article/amcu-dismayed-at-mining-fatalities-2021-01-14,https://engineeringnews.co.za/article/amcu-dismayed-at-mining-fatalities-2021-01-14,2021,secondary_keyword_only_review
Engineering News,https://www.engineeringnews.co.za/article/amcu-expresses-concern-over-south-africas-proposed-transition-from-coal-based-resources-2021-11-09,https://engineeringnews.co.za/article/amcu-expresses-concern-over-south-africas-proposed-transition-from-coal-based-resources-2021-11-09,2021,secondary_keyword_only_review
Engineering News,https://www.engineeringnews.co.za/article/amcu-files-case-against-samancor-chrome-over-alleged-fraud-2019-10-02,https://engineeringnews.co.za/article/amcu-files-case-against-samancor-chrome-over-alleged-fraud-2019-10-02,2019,secondary_keyword_only_review
Engineering News,https://www.engineeringnews.co.za/article/amcu-gold-producers-meet-to-hash-out-representation-dispute-1970-01-01,https://engineeringnews.co.za/article/amcu-gold-producers-meet-to-hash-out-representation-dispute-1970-01-01,,review_year_unresolved
Engineering News,https://www.engineeringnews.co.za/article/amcu-heads-to-court-to-fight-for-minimum-health-safety-standards-for-mineworkers-2020-04-28,https://engineeringnews.co.za/article/amcu-heads-to-court-to-fight-for-minimum-health-safety-standards-for-mineworkers-2020-04-28,2020,secondary_keyword_only_review
Engineering News,https://www.engineeringnews.co.za/article/amcu-indicates-it-will-reject-com-collective-bargaining-proposal-2013-04-26,https://engineeringnews.co.za/article/amcu-indicates-it-will-reject-com-collective-bargaining-proposal-2013-04-26,2013,secondary_keyword_only_review
Engineering News,https://www.engineeringnews.co.za/article/amcu-knocking-on-door-at-northams-zondereinde-platinum-mine-2014-08-14,https://engineeringnews.co.za/article/amcu-knocking-on-door-at-northams-zondereinde-platinum-mine-2014-08-14,2014,secondary_keyword_only_review
Engineering News,https://www.engineeringnews.co.za/article/amcu-knocking-on-door-at-northams-zondereinde-platinum-mine-2014-08-22,https://engineeringnews.co.za/article/amcu-knocking-on-door-at-northams-zondereinde-platinum-mine-2014-08-22,2014,secondary_keyword_only_review
Engineering News,https://www.engineeringnews.co.za/article/amcu-labour-case-in-court-2014-06-05,https://engineeringnews.co.za/article/amcu-labour-case-in-court-2014-06-05,2014,secondary_keyword_only_review
Engineering News,https://www.engineeringnews.co.za/article/amcu-labour-case-postponed-2014-02-24-1,https://engineeringnews.co.za/article/amcu-labour-case-postponed-2014-02-24-1,2014,secondary_keyword_only_review
Engineering News,https://www.engineeringnews.co.za/article/amcu-laments-lack-of-consultation-over-sibanye-stillwaters-acquisition-of-lonmin-2017-12-15,https://engineeringnews.co.za/article/amcu-laments-lack-of-consultation-over-sibanye-stillwaters-acquisition-of-lonmin-2017-12-15,2017,lonmin_only_title_review
Engineering News,https://www.engineeringnews.co.za/article/amcu-laments-rise-in-covid-19-cases-calls-on-mining-companies-for-assistance-2021-01-04,https://engineeringnews.co.za/article/amcu-laments-rise-in-covid-19-cases-calls-on-mining-companies-for-assistance-2021-01-04,2021,secondary_keyword_only_review
Engineering News,https://www.engineeringnews.co.za/article/amcu-laments-tragic-start-to-new-year-2020-01-20,https://engineeringnews.co.za/article/amcu-laments-tragic-start-to-new-year-2020-01-20,2020,secondary_keyword_only_review
Engineering News,https://www.engineeringnews.co.za/article/amcu-lonmin-find-strike-averting-meeting-point-deputy-president-2013-06-21,https://engineeringnews.co.za/article/amcu-lonmin-find-strike-averting-meeting-point-deputy-president-2013-06-21,2013,lonmin_only_title_review
Engineering News,https://www.engineeringnews.co.za/article/amcu-lonmin-talks-reach-deadlock-formal-arbitration-to-start-2013-05-23,https://engineeringnews.co.za/article/amcu-lonmin-talks-reach-deadlock-formal-arbitration-to-start-2013-05-23,2013,lonmin_only_title_review
Engineering News,https://www.engineeringnews.co.za/article/amcu-loses-recognition-status-at-samancor-2014-07-15,https://engineeringnews.co.za/article/amcu-loses-recognition-status-at-samancor-2014-07-15,2014,secondary_keyword_only_review
Engineering News,https://www.engineeringnews.co.za/article/amcu-march-motorists-warned-to-stay-out-of-joburg-cbd-2019-01-22,https://engineeringnews.co.za/article/amcu-march-motorists-warned-to-stay-out-of-joburg-cbd-2019-01-22,2019,secondary_keyword_only_review
Engineering News,https://www.engineeringnews.co.za/article/amcu-members-defy-call-to-return-to-work-2014-05-14,https://engineeringnews.co.za/article/amcu-members-defy-call-to-return-to-work-2014-05-14,2014,already_screened
Engineering News,https://www.engineeringnews.co.za/article/amcu-members-down-tools-at-lace-mine-2014-10-23,https://engineeringnews.co.za/article/amcu-members-down-tools-at-lace-mine-2014-10-23,2014,secondary_keyword_only_review
Engineering News,https://www.engineeringnews.co.za/article/amcu-members-still-on-strike-at-lace-mine-2014-11-11,https://engineeringnews.co.za/article/amcu-members-still-on-strike-at-lace-mine-2014-11-11,2014,secondary_keyword_only_review
Engineering News,https://www.engineeringnews.co.za/article/amcu-members-strike-at-kroondal-mine-2016-05-27,https://engineeringnews.co.za/article/amcu-members-strike-at-kroondal-mine-2016-05-27,2016,secondary_keyword_only_review
Engineering News,https://www.engineeringnews.co.za/article/amcu-miner-shot-dead-in-limpopo-amplats-2014-02-10,https://engineeringnews.co.za/article/amcu-miner-shot-dead-in-limpopo-amplats-2014-02-10,2014,secondary_keyword_only_review
Engineering News,https://www.engineeringnews.co.za/article/amcu-moves-to-overturn-sibanyes-lonmin-deal-2018-12-20,https://engineeringnews.co.za/article/amcu-moves-to-overturn-sibanyes-lonmin-deal-2018-12-20,2018,lonmin_only_title_review
Engineering News,https://www.engineeringnews.co.za/article/amcu-not-backing-down-on-demands-as-sibanye-strike-continues-2019-04-02,https://engineeringnews.co.za/article/amcu-not-backing-down-on-demands-as-sibanye-strike-continues-2019-04-02,2019,secondary_keyword_only_review
Engineering News,https://www.engineeringnews.co.za/article/amcu-now-driefontein-majority-union-targets-beatrix-rights-2013-07-12,https://engineeringnews.co.za/article/amcu-now-driefontein-majority-union-targets-beatrix-rights-2013-07-12,2013,secondary_keyword_only_review
Engineering News,https://www.engineeringnews.co.za/article/amcu-num-granted-certificates-of-nonresolution-in-wage-talks-with-sibanye-2018-09-27,https://engineeringnews.co.za/article/amcu-num-granted-certificates-of-nonresolution-in-wage-talks-with-sibanye-2018-09-27,2018,secondary_keyword_only_review
Engineering News,https://www.engineeringnews.co.za/article/amcu-num-sign-wage-deal-with-sibanye-2022-06-12,https://engineeringnews.co.za/article/amcu-num-sign-wage-deal-with-sibanye-2022-06-12,2022,secondary_keyword_only_review
Engineering News,https://www.engineeringnews.co.za/article/amcu-opens-strike-fund-for-members-calls-for-donations-2014-04-15,https://engineeringnews.co.za/article/amcu-opens-strike-fund-for-members-calls-for-donations-2014-04-15,2014,secondary_keyword_only_review
Engineering News,https://www.engineeringnews.co.za/article/amcu-outdoes-num-demands-150-pay-rise-for-entry-level-gold-miners-2013-06-25,https://engineeringnews.co.za/article/amcu-outdoes-num-demands-150-pay-rise-for-entry-level-gold-miners-2013-06-25,2013,secondary_keyword_only_review
Engineering News,https://www.engineeringnews.co.za/article/amcu-outdoes-num-demands-150-pay-rise-for-entry-level-gold-miners-2013-07-05,https://engineeringnews.co.za/article/amcu-outdoes-num-demands-150-pay-rise-for-entry-level-gold-miners-2013-07-05,2013,secondary_keyword_only_review
Engineering News,https://www.engineeringnews.co.za/article/amcu-peace-agreement-now-also-applies-to-skilled-workers-solidarity-2016-04-18,https://engineeringnews.co.za/article/amcu-peace-agreement-now-also-applies-to-skilled-workers-solidarity-2016-04-18,2016,secondary_keyword_only_review
Engineering News,https://www.engineeringnews.co.za/article/amcu-platinum-companies-wage-talks-stall-2014-02-06,https://engineeringnews.co.za/article/amcu-platinum-companies-wage-talks-stall-2014-02-06,2014,secondary_keyword_only_review
Engineering News,https://www.engineeringnews.co.za/article/amcu-platinum-producers-agree-on-in-principle-undertakings-2014-06-12,https://engineeringnews.co.za/article/amcu-platinum-producers-agree-on-in-principle-undertakings-2014-06-12,2014,secondary_keyword_only_review
Engineering News,https://www.engineeringnews.co.za/article/amcu-please-join-mainstream-2013-03-01,https://engineeringnews.co.za/article/amcu-please-join-mainstream-2013-03-01,2013,secondary_keyword_only_review
Engineering News,https://www.engineeringnews.co.za/article/amcu-postpones-strike-action-pending-meeting-with-motlanthe-2013-06-13,https://engineeringnews.co.za/article/amcu-postpones-strike-action-pending-meeting-with-motlanthe-2013-06-13,2013,secondary_keyword_only_review
Engineering News,https://www.engineeringnews.co.za/article/amcu-prepared-to-take-part-in-ccma-talks-gama-2013-08-01,https://engineeringnews.co.za/article/amcu-prepared-to-take-part-in-ccma-talks-gama-2013-08-01,2013,secondary_keyword_only_review
Engineering News,https://www.engineeringnews.co.za/article/amcu-prepared-to-take-part-in-ccma-talks-gama-2013-08-09,https://engineeringnews.co.za/article/amcu-prepared-to-take-part-in-ccma-talks-gama-2013-08-09,2013,secondary_keyword_only_review
Engineering News,https://www.engineeringnews.co.za/article/amcu-prepares-for-2015-gold-sector-wage-talks-2015-03-19,https://engineeringnews.co.za/article/amcu-prepares-for-2015-gold-sector-wage-talks-2015-03-19,2015,secondary_keyword_only_review
Engineering News,https://www.engineeringnews.co.za/article/amcu-producers-optimistic-about-talks-2014-05-21,https://engineeringnews.co.za/article/amcu-producers-optimistic-about-talks-2014-05-21,2014,secondary_keyword_only_review
Engineering News,https://www.engineeringnews.co.za/article/amcu-re-elects-mathunjwa-president-sets-firm-resolutions-for-next-five-years-2025-12-05,https://engineeringnews.co.za/article/amcu-re-elects-mathunjwa-president-sets-firm-resolutions-for-next-five-years-2025-12-05,2025,exclude_outside_period
Engineering News,https://www.engineeringnews.co.za/article/amcu-reaches-in-principle-settlement-with-ccma-in-wage-dispute-with-sibanye-2019-03-19,https://engineeringnews.co.za/article/amcu-reaches-in-principle-settlement-with-ccma-in-wage-dispute-with-sibanye-2019-03-19,2019,secondary_keyword_only_review
Engineering News,https://www.engineeringnews.co.za/article/amcu-rebuts-as-libellous-allegations-that-it-is-behind-ongoing-bloodshed-2017-10-27,https://engineeringnews.co.za/article/amcu-rebuts-as-libellous-allegations-that-it-is-behind-ongoing-bloodshed-2017-10-27,2017,secondary_keyword_only_review
Engineering News,https://www.engineeringnews.co.za/article/amcu-refers-platinum-wage-talks-with-sibanye-to-ccma-2019-10-01,https://engineeringnews.co.za/article/amcu-refers-platinum-wage-talks-with-sibanye-to-ccma-2019-10-01,2019,secondary_keyword_only_review
Engineering News,https://www.engineeringnews.co.za/article/amcu-reiterates-implats-strike-threat-2014-01-15,https://engineeringnews.co.za/article/amcu-reiterates-implats-strike-threat-2014-01-15,2014,secondary_keyword_only_review
Engineering News,https://www.engineeringnews.co.za/article/amcu-reiterates-readiness-for-secondary-strike-at-sibanyes-platinum-operations-2019-01-18,https://engineeringnews.co.za/article/amcu-reiterates-readiness-for-secondary-strike-at-sibanyes-platinum-operations-2019-01-18,2019,secondary_keyword_only_review
Engineering News,https://www.engineeringnews.co.za/article/amcu-rejects-platinum-offer-sticking-to-r12-500-demand-2014-01-31,https://engineeringnews.co.za/article/amcu-rejects-platinum-offer-sticking-to-r12-500-demand-2014-01-31,2014,secondary_keyword_only_review
Engineering News,https://www.engineeringnews.co.za/article/amcu-rejects-wage-offer-demands-overtime-payment-2015-08-12,https://engineeringnews.co.za/article/amcu-rejects-wage-offer-demands-overtime-payment-2015-08-12,2015,secondary_keyword_only_review
Engineering News,https://www.engineeringnews.co.za/article/amcu-reports-another-mine-fatality-2021-12-13,https://engineeringnews.co.za/article/amcu-reports-another-mine-fatality-2021-12-13,2021,secondary_keyword_only_review
Engineering News,https://www.engineeringnews.co.za/article/amcu-reports-fatalities-at-anglogold-sibanye-mines-2020-03-20,https://engineeringnews.co.za/article/amcu-reports-fatalities-at-anglogold-sibanye-mines-2020-03-20,2020,secondary_keyword_only_review
Engineering News,https://www.engineeringnews.co.za/article/amcu-reports-fatality-at-impala-mine-2021-08-05,https://engineeringnews.co.za/article/amcu-reports-fatality-at-impala-mine-2021-08-05,2021,secondary_keyword_only_review
Engineering News,https://www.engineeringnews.co.za/article/amcu-reports-of-another-fall-of-ground-fatality-at-harmony-2025-05-30,https://engineeringnews.co.za/article/amcu-reports-of-another-fall-of-ground-fatality-at-harmony-2025-05-30,2025,exclude_outside_period
Engineering News,https://www.engineeringnews.co.za/article/amcu-responds-to-dual-fatalities-at-northams-zondereinde-2026-06-15,https://engineeringnews.co.za/article/amcu-responds-to-dual-fatalities-at-northams-zondereinde-2026-06-15,2026,exclude_outside_period
Engineering News,https://www.engineeringnews.co.za/article/amcu-reveals-2019-plans-amid-ongoing-strike-at-sibanye-stillwater-2019-01-09,https://engineeringnews.co.za/article/amcu-reveals-2019-plans-amid-ongoing-strike-at-sibanye-stillwater-2019-01-09,2019,secondary_keyword_only_review
Engineering News,https://www.engineeringnews.co.za/article/amcu-revised-demand-still-unaffordable-2014-03-05,https://engineeringnews.co.za/article/amcu-revised-demand-still-unaffordable-2014-03-05,2014,secondary_keyword_only_review
Engineering News,https://www.engineeringnews.co.za/article/amcu-says-another-four-mineworkers-killed-at-sibanyes-operations-2021-12-03,https://engineeringnews.co.za/article/amcu-says-another-four-mineworkers-killed-at-sibanyes-operations-2021-12-03,2021,secondary_keyword_only_review
Engineering News,https://www.engineeringnews.co.za/article/amcu-says-de-registration-halted-2019-09-03,https://engineeringnews.co.za/article/amcu-says-de-registration-halted-2019-09-03,2019,secondary_keyword_only_review
Engineering News,https://www.engineeringnews.co.za/article/amcu-says-sibanye-stillwater-makes-new-attempt-to-halt-strike-2019-01-31,https://engineeringnews.co.za/article/amcu-says-sibanye-stillwater-makes-new-attempt-to-halt-strike-2019-01-31,2019,secondary_keyword_only_review
Engineering News,https://www.engineeringnews.co.za/article/amcu-says-signing-of-wage-agreement-with-platinum-producers-postponed-2019-11-13,https://engineeringnews.co.za/article/amcu-says-signing-of-wage-agreement-with-platinum-producers-postponed-2019-11-13,2019,secondary_keyword_only_review
Engineering News,https://www.engineeringnews.co.za/article/amcu-says-wage-deal-agreed-with-amplats-2022-05-24,https://engineeringnews.co.za/article/amcu-says-wage-deal-agreed-with-amplats-2022-05-24,2022,secondary_keyword_only_review
Engineering News,https://www.engineeringnews.co.za/article/amcu-says-wage-talks-at-sibanye-stillwaters-gold-division-have-deadlocked-2025-10-08,https://engineeringnews.co.za/article/amcu-says-wage-talks-at-sibanye-stillwaters-gold-division-have-deadlocked-2025-10-08,2025,exclude_outside_period
Engineering News,https://www.engineeringnews.co.za/article/amcu-says-workers-in-platinum-sector-may-back-wage-offers-2019-11-07,https://engineeringnews.co.za/article/amcu-says-workers-in-platinum-sector-may-back-wage-offers-2019-11-07,2019,secondary_keyword_only_review
Engineering News,https://www.engineeringnews.co.za/article/amcu-seeks-basic-wage-of-r17-000-for-members-in-platinum-sector-2019-06-14,https://engineeringnews.co.za/article/amcu-seeks-basic-wage-of-r17-000-for-members-in-platinum-sector-2019-06-14,2019,secondary_keyword_only_review
Engineering News,https://www.engineeringnews.co.za/article/amcu-seeks-r12-500-minimum-for-gold-miners-2018-06-11,https://engineeringnews.co.za/article/amcu-seeks-r12-500-minimum-for-gold-miners-2018-06-11,2018,secondary_keyword_only_review
Engineering News,https://www.engineeringnews.co.za/article/amcu-sees-imminent-wage-deal-with-impala-platinum-2019-10-02,https://engineeringnews.co.za/article/amcu-sees-imminent-wage-deal-with-impala-platinum-2019-10-02,2019,secondary_keyword_only_review
Engineering News,https://www.engineeringnews.co.za/article/amcu-sidelined-as-platinum-producers-take-offer-directly-to-employees-2014-04-25,https://engineeringnews.co.za/article/amcu-sidelined-as-platinum-producers-take-offer-directly-to-employees-2014-04-25,2014,secondary_keyword_only_review
Engineering News,https://www.engineeringnews.co.za/article/amcu-sidelines-collective-gold-bargaining-process-2016-04-13,https://engineeringnews.co.za/article/amcu-sidelines-collective-gold-bargaining-process-2016-04-13,2016,secondary_keyword_only_review
Engineering News,https://www.engineeringnews.co.za/article/amcu-signs-mine-peace-accord-2013-03-08,https://engineeringnews.co.za/article/amcu-signs-mine-peace-accord-2013-03-08,2013,secondary_keyword_only_review
Engineering News,https://www.engineeringnews.co.za/article/amcu-signs-three-year-wage-deal-with-lonmin-2016-10-31,https://engineeringnews.co.za/article/amcu-signs-three-year-wage-deal-with-lonmin-2016-10-31,2016,already_screened
Engineering News,https://www.engineeringnews.co.za/article/amcu-slams-lonmin-sibanye-merger-over-magnitude-of-job-losses-at-appeal-court-2019-04-08,https://engineeringnews.co.za/article/amcu-slams-lonmin-sibanye-merger-over-magnitude-of-job-losses-at-appeal-court-2019-04-08,2019,lonmin_only_title_review
Engineering News,https://www.engineeringnews.co.za/article/amcu-slams-sibanye-for-strike-interdict-at-gold-operations-2018-12-19,https://engineeringnews.co.za/article/amcu-slams-sibanye-for-strike-interdict-at-gold-operations-2018-12-19,2018,secondary_keyword_only_review
Engineering News,https://www.engineeringnews.co.za/article/amcu-snubs-phakisa-says-dont-know-what-it-is-2015-10-16,https://engineeringnews.co.za/article/amcu-snubs-phakisa-says-dont-know-what-it-is-2015-10-16,2015,secondary_keyword_only_review
Engineering News,https://www.engineeringnews.co.za/article/amcu-speaks-out-on-union-dispute-at-zondereinde-2016-06-09,https://engineeringnews.co.za/article/amcu-speaks-out-on-union-dispute-at-zondereinde-2016-06-09,2016,secondary_keyword_only_review
Engineering News,https://www.engineeringnews.co.za/article/amcu-speaks-out-on-union-dispute-at-zondereinde-2016-06-10,https://engineeringnews.co.za/article/amcu-speaks-out-on-union-dispute-at-zondereinde-2016-06-10,2016,secondary_keyword_only_review
Engineering News,https://www.engineeringnews.co.za/article/amcu-speaks-out-on-union-dispute-at-zondereinde-2016-06-24,https://engineeringnews.co.za/article/amcu-speaks-out-on-union-dispute-at-zondereinde-2016-06-24,2016,secondary_keyword_only_review
Engineering News,https://www.engineeringnews.co.za/article/amcu-stands-firm-on-r12-500-demand-lonmin-calls-on-union-to-reconsider-9-2014-04-03,https://engineeringnews.co.za/article/amcu-stands-firm-on-r12-500-demand-lonmin-calls-on-union-to-reconsider-9-2014-04-03,2014,lonmin_only_title_review
Engineering News,https://www.engineeringnews.co.za/article/amcu-state-barely-doing-anything-to-alleviate-platinum-belt-humanitarian-crisis-solidarity-2014-05-23,https://engineeringnews.co.za/article/amcu-state-barely-doing-anything-to-alleviate-platinum-belt-humanitarian-crisis-solidarity-2014-05-23,2014,secondary_keyword_only_review
Engineering News,https://www.engineeringnews.co.za/article/amcu-strike-action-further-undermines-struggling-gold-platinum-sectors-minerals-council-2019-02-22,https://engineeringnews.co.za/article/amcu-strike-action-further-undermines-struggling-gold-platinum-sectors-minerals-council-2019-02-22,2019,secondary_keyword_only_review
Engineering News,https://www.engineeringnews.co.za/article/amcu-strike-at-sibanye-stillwater-legal---court-2018-12-21,https://engineeringnews.co.za/article/amcu-strike-at-sibanye-stillwater-legal---court-2018-12-21,2018,secondary_keyword_only_review
Engineering News,https://www.engineeringnews.co.za/article/amcu-strike-continues-at-sibanye-as-union-verification-process-is-adjourned-2019-01-08,https://engineeringnews.co.za/article/amcu-strike-continues-at-sibanye-as-union-verification-process-is-adjourned-2019-01-08,2019,secondary_keyword_only_review
Engineering News,https://www.engineeringnews.co.za/article/amcu-strike-could-force-closure-of-platinum-companies-warns-uasa-2014-02-12,https://engineeringnews.co.za/article/amcu-strike-could-force-closure-of-platinum-companies-warns-uasa-2014-02-12,2014,secondary_keyword_only_review
Engineering News,https://www.engineeringnews.co.za/article/amcu-strike-extends-to-the-gold-sector-as-strike-notices-issued-2014-01-20,https://engineeringnews.co.za/article/amcu-strike-extends-to-the-gold-sector-as-strike-notices-issued-2014-01-20,2014,secondary_keyword_only_review
Engineering News,https://www.engineeringnews.co.za/article/amcu-tables-wage-demand-in-the-platinum-sector-2016-07-12,https://engineeringnews.co.za/article/amcu-tables-wage-demand-in-the-platinum-sector-2016-07-12,2016,secondary_keyword_only_review
Engineering News,https://www.engineeringnews.co.za/article/amcu-threatens-strike-action-at-implats-over-planned-job-cuts-2018-08-07,https://engineeringnews.co.za/article/amcu-threatens-strike-action-at-implats-over-planned-job-cuts-2018-08-07,2018,secondary_keyword_only_review
Engineering News,https://www.engineeringnews.co.za/article/amcu-threatens-strike-action-at-implats-over-planned-job-cuts-2018-08-17,https://engineeringnews.co.za/article/amcu-threatens-strike-action-at-implats-over-planned-job-cuts-2018-08-17,2018,secondary_keyword_only_review
Engineering News,https://www.engineeringnews.co.za/article/amcu-threatens-to-bring-south-africa-to-standstill-2013-05-17,https://engineeringnews.co.za/article/amcu-threatens-to-bring-south-africa-to-standstill-2013-05-17,2013,secondary_keyword_only_review
Engineering News,https://www.engineeringnews.co.za/article/amcu-threatens-to-extend-strike-at-sibanye-stillwaters-platinum-mine-2019-01-22,https://engineeringnews.co.za/article/amcu-threatens-to-extend-strike-at-sibanye-stillwaters-platinum-mine-2019-01-22,2019,secondary_keyword_only_review
Engineering News,https://www.engineeringnews.co.za/article/amcu-threatens-to-strike-at-lonmin-operations-2013-06-06,https://engineeringnews.co.za/article/amcu-threatens-to-strike-at-lonmin-operations-2013-06-06,2013,lonmin_only_title_review
Engineering News,https://www.engineeringnews.co.za/article/amcu-to-commemorate-marikana-celebrate-womens-month-with-upcoming-events-2021-08-11,https://engineeringnews.co.za/article/amcu-to-commemorate-marikana-celebrate-womens-month-with-upcoming-events-2021-08-11,2021,explicit_case_title_review
Engineering News,https://www.engineeringnews.co.za/article/amcu-to-fight-amplats-sale-2014-08-18,https://engineeringnews.co.za/article/amcu-to-fight-amplats-sale-2014-08-18,2014,secondary_keyword_only_review
Engineering News,https://www.engineeringnews.co.za/article/amcu-to-march-to-amplats-offices-on-tuesday-2014-03-17,https://engineeringnews.co.za/article/amcu-to-march-to-amplats-offices-on-tuesday-2014-03-17,2014,secondary_keyword_only_review
Engineering News,https://www.engineeringnews.co.za/article/amcu-to-meet-with-members-to-discuss-companies-response-2014-06-23,https://engineeringnews.co.za/article/amcu-to-meet-with-members-to-discuss-companies-response-2014-06-23,2014,secondary_keyword_only_review
Engineering News,https://www.engineeringnews.co.za/article/amcu-to-petition-nedlac-in-january-to-support-university-student-protest-2015-11-13,https://engineeringnews.co.za/article/amcu-to-petition-nedlac-in-january-to-support-university-student-protest-2015-11-13,2015,secondary_keyword_only_review
Engineering News,https://www.engineeringnews.co.za/article/amcu-to-serve-strike-notice-on-lonmin-implats-2014-01-17,https://engineeringnews.co.za/article/amcu-to-serve-strike-notice-on-lonmin-implats-2014-01-17,2014,lonmin_only_title_review
Engineering News,https://www.engineeringnews.co.za/article/amcu-to-set-wage-demands-for-platinum-sector-2016-05-16,https://engineeringnews.co.za/article/amcu-to-set-wage-demands-for-platinum-sector-2016-05-16,2016,secondary_keyword_only_review
Engineering News,https://www.engineeringnews.co.za/article/amcu-to-strike-at-sibanyes-platinum-operations-from-jan-22-2019-01-14,https://engineeringnews.co.za/article/amcu-to-strike-at-sibanyes-platinum-operations-from-jan-22-2019-01-14,2019,secondary_keyword_only_review
Engineering News,https://www.engineeringnews.co.za/article/amcu-to-submit-labour-demands-directly-to-companies-2013-05-09,https://engineeringnews.co.za/article/amcu-to-submit-labour-demands-directly-to-companies-2013-05-09,2013,secondary_keyword_only_review
Engineering News,https://www.engineeringnews.co.za/article/amcu-to-take-sibanye-to-ccma-over-wage-negotiation-impasse-2021-10-19,https://engineeringnews.co.za/article/amcu-to-take-sibanye-to-ccma-over-wage-negotiation-impasse-2021-10-19,2021,secondary_keyword_only_review
Engineering News,https://www.engineeringnews.co.za/article/amcu-triumphant-in-labour-court-anglogold-ashanti-forced-to-reinstate-workers-2015-11-05,https://engineeringnews.co.za/article/amcu-triumphant-in-labour-court-anglogold-ashanti-forced-to-reinstate-workers-2015-11-05,2015,secondary_keyword_only_review
Engineering News,https://www.engineeringnews.co.za/article/amcu-triumphant-in-labour-court-anglogold-ashanti-forced-to-reinstate-workers-2015-11-13,https://engineeringnews.co.za/article/amcu-triumphant-in-labour-court-anglogold-ashanti-forced-to-reinstate-workers-2015-11-13,2015,secondary_keyword_only_review
Engineering News,https://www.engineeringnews.co.za/article/amcu-union-to-remain-on-strike-at-sibanye-stillwater-2018-12-14,https://engineeringnews.co.za/article/amcu-union-to-remain-on-strike-at-sibanye-stillwater-2018-12-14,2018,secondary_keyword_only_review
Engineering News,https://www.engineeringnews.co.za/article/amcu-urges-govt-to-make-universal-testing-for-mineworkers-mandatory-2020-05-18,https://engineeringnews.co.za/article/amcu-urges-govt-to-make-universal-testing-for-mineworkers-mandatory-2020-05-18,2020,secondary_keyword_only_review
Engineering News,https://www.engineeringnews.co.za/article/amcu-urges-greater-mineral-beneficiation-nationalisation-of-mines-2017-05-02,https://engineeringnews.co.za/article/amcu-urges-greater-mineral-beneficiation-nationalisation-of-mines-2017-05-02,2017,secondary_keyword_only_review
Engineering News,https://www.engineeringnews.co.za/article/amcu-vows-to-continue-illegal-strike-at-sibanye-2016-05-30,https://engineeringnews.co.za/article/amcu-vows-to-continue-illegal-strike-at-sibanye-2016-05-30,2016,secondary_keyword_only_review
Engineering News,https://www.engineeringnews.co.za/article/amcu-vows-to-fight-mining-job-cuts-2016-03-18,https://engineeringnews.co.za/article/amcu-vows-to-fight-mining-job-cuts-2016-03-18,2016,secondary_keyword_only_review
Engineering News,https://www.engineeringnews.co.za/article/amcu-vows-to-grind-sibanye-to-a-halt-over-wages-2016-04-04,https://engineeringnews.co.za/article/amcu-vows-to-grind-sibanye-to-a-halt-over-wages-2016-04-04,2016,secondary_keyword_only_review
Engineering News,https://www.engineeringnews.co.za/article/amcu-warns-of-possible-sibanye-platinum-strike-as-negotiations-continue-2019-08-13,https://engineeringnews.co.za/article/amcu-warns-of-possible-sibanye-platinum-strike-as-negotiations-continue-2019-08-13,2019,secondary_keyword_only_review
Engineering News,https://www.engineeringnews.co.za/article/amcu-will-not-buy-amplats-mines-gama-2014-08-20,https://engineeringnews.co.za/article/amcu-will-not-buy-amplats-mines-gama-2014-08-20,2014,secondary_keyword_only_review
Engineering News,https://www.engineeringnews.co.za/article/amcu-will-not-return-to-work-without-r12-500-basic-wage-2014-03-27,https://engineeringnews.co.za/article/amcu-will-not-return-to-work-without-r12-500-basic-wage-2014-03-27,2014,secondary_keyword_only_review
Engineering News,https://www.engineeringnews.co.za/article/amcu-willing-to-move-on-wage-demands-wants-to-negotiate-directly-with-ceos-2014-02-20,https://engineeringnews.co.za/article/amcu-willing-to-move-on-wage-demands-wants-to-negotiate-directly-with-ceos-2014-02-20,2014,secondary_keyword_only_review
Engineering News,https://www.engineeringnews.co.za/article/amcu-workers-to-strike-at-sibanyes-south-africa-gold-mines-2018-11-19,https://engineeringnews.co.za/article/amcu-workers-to-strike-at-sibanyes-south-africa-gold-mines-2018-11-19,2018,secondary_keyword_only_review
Engineering News,https://www.engineeringnews.co.za/article/amcu-worried-about-rising-number-of-fog-related-mining-fatalities-2025-06-05,https://engineeringnews.co.za/article/amcu-worried-about-rising-number-of-fog-related-mining-fatalities-2025-06-05,2025,exclude_outside_period
Engineering News,https://www.engineeringnews.co.za/article/amcus-urgent-court-application-starts-2013-01-23,https://engineeringnews.co.za/article/amcus-urgent-court-application-starts-2013-01-23,2013,secondary_keyword_only_review
Engineering News,https://www.engineeringnews.co.za/article/amnesty-condemns-lonmin-housing-as-miner-sees-more-spending-cuts-2016-08-15,https://engineeringnews.co.za/article/amnesty-condemns-lonmin-housing-as-miner-sees-more-spending-cuts-2016-08-15,2016,lonmin_only_title_review
Engineering News,https://www.engineeringnews.co.za/article/amplats-amcu-sign-three-year-wage-agreement-2016-10-28,https://engineeringnews.co.za/article/amplats-amcu-sign-three-year-wage-agreement-2016-10-28,2016,secondary_keyword_only_review
Engineering News,https://www.engineeringnews.co.za/article/amplats-implats-refute-amcu-tax-wage-evasion-claims-2014-05-30,https://engineeringnews.co.za/article/amplats-implats-refute-amcu-tax-wage-evasion-claims-2014-05-30,2014,secondary_keyword_only_review
Engineering News,https://www.engineeringnews.co.za/article/amplats-in-discussions-with-sibanye-2015-09-03,https://engineeringnews.co.za/article/amplats-in-discussions-with-sibanye-2015-09-03,2015,secondary_keyword_only_review
Engineering News,https://www.engineeringnews.co.za/article/amplats-in-discussions-with-sibanye-2015-09-11,https://engineeringnews.co.za/article/amplats-in-discussions-with-sibanye-2015-09-11,2015,secondary_keyword_only_review
Engineering News,https://www.engineeringnews.co.za/article/amplats-lonmin-workers-to-strike-in-support-of-sibanyes-gold-employees-2019-02-21,https://engineeringnews.co.za/article/amplats-lonmin-workers-to-strike-in-support-of-sibanyes-gold-employees-2019-02-21,2019,lonmin_only_title_review
Engineering News,https://www.engineeringnews.co.za/article/amplats-sells-platinum-mines-to-sibanye-2015-09-11,https://engineeringnews.co.za/article/amplats-sells-platinum-mines-to-sibanye-2015-09-11,2015,secondary_keyword_only_review
Engineering News,https://www.engineeringnews.co.za/article/amplats-sells-rustenburg-platinum-mines-to-sibanye-for-r45bn-2015-09-09,https://engineeringnews.co.za/article/amplats-sells-rustenburg-platinum-mines-to-sibanye-for-r45bn-2015-09-09,2015,secondary_keyword_only_review
Engineering News,https://www.engineeringnews.co.za/article/amplats-sibanye-included-in-2021-bloomberg-gender-equality-index-2021-01-27,https://engineeringnews.co.za/article/amplats-sibanye-included-in-2021-bloomberg-gender-equality-index-2021-01-27,2021,secondary_keyword_only_review
Engineering News,https://www.engineeringnews.co.za/article/amplats-signs-with-amcu-2013-03-04,https://engineeringnews.co.za/article/amplats-signs-with-amcu-2013-03-04,2013,secondary_keyword_only_review
Engineering News,https://www.engineeringnews.co.za/article/amplats-sues-amcu-union-for-platinum-strike-damages-2014-02-17,https://engineeringnews.co.za/article/amplats-sues-amcu-union-for-platinum-strike-damages-2014-02-17,2014,secondary_keyword_only_review
Engineering News,https://www.engineeringnews.co.za/article/analysts-raise-local-platinum-gold-expansion-opportunities-for-cash-flush-sibanye-2020-08-30,https://engineeringnews.co.za/article/analysts-raise-local-platinum-gold-expansion-opportunities-for-cash-flush-sibanye-2020-08-30,2020,secondary_keyword_only_review
Engineering News,https://www.engineeringnews.co.za/article/anc-sold-its-people-to-the-highest-bidder-says-amcu-leader-2015-08-21,https://engineeringnews.co.za/article/anc-sold-its-people-to-the-highest-bidder-says-amcu-leader-2015-08-21,2015,secondary_keyword_only_review
Engineering News,https://www.engineeringnews.co.za/article/anglo-american-platinum-calls-for-constructive-engagement-with-amcu-2014-01-23,https://engineeringnews.co.za/article/anglo-american-platinum-calls-for-constructive-engagement-with-amcu-2014-01-23,2014,secondary_keyword_only_review
Engineering News,https://www.engineeringnews.co.za/article/anglo-american-platinum-completes-sale-of-rustenburg-operations-to-sibanye-2016-11-01,https://engineeringnews.co.za/article/anglo-american-platinum-completes-sale-of-rustenburg-operations-to-sibanye-2016-11-01,2016,secondary_keyword_only_review
Engineering News,https://www.engineeringnews.co.za/article/anglo-american-platinum-receives-notice-of-intention-to-strike-from-amcu-2014-01-21,https://engineeringnews.co.za/article/anglo-american-platinum-receives-notice-of-intention-to-strike-from-amcu-2014-01-21,2014,secondary_keyword_only_review
Engineering News,https://www.engineeringnews.co.za/article/anglogold-reaches-three-year-wage-deal-with-amcu-uasa-solidarity-2018-09-17,https://engineeringnews.co.za/article/anglogold-reaches-three-year-wage-deal-with-amcu-uasa-solidarity-2018-09-17,2018,secondary_keyword_only_review
Engineering News,https://www.engineeringnews.co.za/article/announcement-on-farlam-inquiry-soon-nhleko-2016-04-22,https://engineeringnews.co.za/article/announcement-on-farlam-inquiry-soon-nhleko-2016-04-22,2016,explicit_case_title_review
Engineering News,https://www.engineeringnews.co.za/article/another-mineworker-dies-at-a-sibanye-stillwater-operation-2021-12-01,https://engineeringnews.co.za/article/another-mineworker-dies-at-a-sibanye-stillwater-operation-2021-12-01,2021,secondary_keyword_only_review
Engineering News,https://www.engineeringnews.co.za/article/appian-files-12bn-claim-against-sibanye-2022-05-30,https://engineeringnews.co.za/article/appian-files-12bn-claim-against-sibanye-2022-05-30,2022,secondary_keyword_only_review
Engineering News,https://www.engineeringnews.co.za/article/appian-intends-to-rigorously-enforce-its-legal-rights-in-sibanye-deal-drop-2022-03-02,https://engineeringnews.co.za/article/appian-intends-to-rigorously-enforce-its-legal-rights-in-sibanye-deal-drop-2022-03-02,2022,secondary_keyword_only_review
Engineering News,https://www.engineeringnews.co.za/article/aquarius-shareholders-approve-takeover-by-sibanye-2016-01-18,https://engineeringnews.co.za/article/aquarius-shareholders-approve-takeover-by-sibanye-2016-01-18,2016,secondary_keyword_only_review
Engineering News,https://www.engineeringnews.co.za/article/aquarius-shareholders-approve-takeover-by-sibanye-2016-01-29,https://engineeringnews.co.za/article/aquarius-shareholders-approve-takeover-by-sibanye-2016-01-29,2016,secondary_keyword_only_review
Engineering News,https://www.engineeringnews.co.za/article/aquarius-shareholders-to-vote-on-sibanye-deal-in-january-2015-12-15,https://engineeringnews.co.za/article/aquarius-shareholders-to-vote-on-sibanye-deal-in-january-2015-12-15,2015,secondary_keyword_only_review
Engineering News,https://www.engineeringnews.co.za/article/as-s-african-govt-aims-at-q2-signing-of-revamped-mprda-sibanye-ceo-bemoans-investors-lack-of-confidence-2016-03-25,https://engineeringnews.co.za/article/as-s-african-govt-aims-at-q2-signing-of-revamped-mprda-sibanye-ceo-bemoans-investors-lack-of-confidence-2016-03-25,2016,secondary_keyword_only_review
Engineering News,https://www.engineeringnews.co.za/article/as-sa-govt-aims-at-q2-signing-of-revamped-mprda-sibanye-ceo-bemoans-foreign-investor-confidence-2016-03-11,https://engineeringnews.co.za/article/as-sa-govt-aims-at-q2-signing-of-revamped-mprda-sibanye-ceo-bemoans-foreign-investor-confidence-2016-03-11,2016,secondary_keyword_only_review
Engineering News,https://www.engineeringnews.co.za/article/as-stakeholders-negotiate-platinum-strike-costs-rise-2014-06-09,https://engineeringnews.co.za/article/as-stakeholders-negotiate-platinum-strike-costs-rise-2014-06-09,2014,secondary_keyword_only_review
Engineering News,https://www.engineeringnews.co.za/article/attempt-to-deregister-amcu-as-union-a-political-attack-says-mathunjwa-2019-04-26,https://engineeringnews.co.za/article/attempt-to-deregister-amcu-as-union-a-political-attack-says-mathunjwa-2019-04-26,2019,secondary_keyword_only_review
Engineering News,https://www.engineeringnews.co.za/article/bank-says-lonmin-investors-should-reject-sibanye-offer-2019-05-24,https://engineeringnews.co.za/article/bank-says-lonmin-investors-should-reject-sibanye-offer-2019-05-24,2019,lonmin_only_title_review
Engineering News,https://www.engineeringnews.co.za/article/bapo-cancel-protest-march-against-lonmin-after-reaching-new-employment-deal-2015-06-17,https://engineeringnews.co.za/article/bapo-cancel-protest-march-against-lonmin-after-reaching-new-employment-deal-2015-06-17,2015,explicit_case_title_review
Engineering News,https://www.engineeringnews.co.za/article/barrick-gold-sibanye-stillwater-anglogold-ashanti-and-perseus-gold-ceos-join-nedbank-cibs-gold-roundtable-at-the-virtual-investment-programme-2021-03-29,https://engineeringnews.co.za/article/barrick-gold-sibanye-stillwater-anglogold-ashanti-and-perseus-gold-ceos-join-nedbank-cibs-gold-roundtable-at-the-virtual-investment-programme-2021-03-29,2021,secondary_keyword_only_review
Engineering News,https://www.engineeringnews.co.za/article/battle-to-keep-lonmin-platinum-deal-alive-hinges-on-the-rand-2018-03-09,https://engineeringnews.co.za/article/battle-to-keep-lonmin-platinum-deal-alive-hinges-on-the-rand-2018-03-09,2018,lonmin_only_title_review
Engineering News,https://www.engineeringnews.co.za/article/beamish-appointment-as-lonmin-chair-made-permanent-2014-07-22,https://engineeringnews.co.za/article/beamish-appointment-as-lonmin-chair-made-permanent-2014-07-22,2014,lonmin_only_title_review
Engineering News,https://www.engineeringnews.co.za/article/bid-to-have-lonmins-mining-licence-suspended-heads-to-court-2018-10-25,https://engineeringnews.co.za/article/bid-to-have-lonmins-mining-licence-suspended-heads-to-court-2018-10-25,2018,lonmin_only_title_review
Engineering News,https://www.engineeringnews.co.za/article/black-owned-merafes-doubles-earnings-benefits-from-platinum-strike-2014-08-12,https://engineeringnews.co.za/article/black-owned-merafes-doubles-earnings-benefits-from-platinum-strike-2014-08-12,2014,secondary_keyword_only_review
Engineering News,https://www.engineeringnews.co.za/article/blackrock-lifts-stake-in-sibanye-stillwater-to-5-2020-10-15,https://engineeringnews.co.za/article/blackrock-lifts-stake-in-sibanye-stillwater-to-5-2020-10-15,2020,secondary_keyword_only_review
Engineering News,https://www.engineeringnews.co.za/article/blitz-delivering-ahead-of-schedule-sibanye-stillwater-2017-10-02,https://engineeringnews.co.za/article/blitz-delivering-ahead-of-schedule-sibanye-stillwater-2017-10-02,2017,secondary_keyword_only_review
Engineering News,https://www.engineeringnews.co.za/article/body-of-missing-sibanye-employee-recovered-2018-06-14,https://engineeringnews.co.za/article/body-of-missing-sibanye-employee-recovered-2018-06-14,2018,secondary_keyword_only_review
Engineering News,https://www.engineeringnews.co.za/article/boshoek-and-wonderkop-smelters-to-be-restarted-after-glencore-merafe-and-eskom-finalise-62ckwh-terms-2026-06-26,https://engineeringnews.co.za/article/boshoek-and-wonderkop-smelters-to-be-restarted-after-glencore-merafe-and-eskom-finalise-62ckwh-terms-2026-06-26,2026,exclude_outside_period
Engineering News,https://www.engineeringnews.co.za/article/bright-interims-better-output-lift-lonmin-share-price-2016-05-16,https://engineeringnews.co.za/article/bright-interims-better-output-lift-lonmin-share-price-2016-05-16,2016,lonmin_only_title_review
Engineering News,https://www.engineeringnews.co.za/article/britains-competition-watchdog-to-look-into-sibanye-lonmin-deal-2018-05-15,https://engineeringnews.co.za/article/britains-competition-watchdog-to-look-into-sibanye-lonmin-deal-2018-05-15,2018,lonmin_only_title_review
Engineering News,https://www.engineeringnews.co.za/article/broadening-esg-has-provided-clear-paths-to-economic-benefit-sibanye-stillwater-2021-09-10,https://engineeringnews.co.za/article/broadening-esg-has-provided-clear-paths-to-economic-benefit-sibanye-stillwater-2021-09-10,2021,secondary_keyword_only_review
Engineering News,https://www.engineeringnews.co.za/article/budgets-withholding-tax-rise-may-alter-sibanyes-dividend-stance-2017-02-23,https://engineeringnews.co.za/article/budgets-withholding-tax-rise-may-alter-sibanyes-dividend-stance-2017-02-23,2017,secondary_keyword_only_review
Engineering News,https://www.engineeringnews.co.za/article/budgets-withholding-tax-rise-may-alter-sibanyes-dividend-stance-2017-03-03,https://engineeringnews.co.za/article/budgets-withholding-tax-rise-may-alter-sibanyes-dividend-stance-2017-03-03,2017,secondary_keyword_only_review
Engineering News,https://www.engineeringnews.co.za/article/bushveld-amcu-signs-five-year-wage-agreement-2022-06-10,https://engineeringnews.co.za/article/bushveld-amcu-signs-five-year-wage-agreement-2022-06-10,2022,secondary_keyword_only_review
Engineering News,https://www.engineeringnews.co.za/article/bushveld-minerals-amcu-resolve-industrial-action-2018-09-25,https://engineeringnews.co.za/article/bushveld-minerals-amcu-resolve-industrial-action-2018-09-25,2018,secondary_keyword_only_review
Engineering News,https://www.engineeringnews.co.za/article/ccma-amcu-to-meet-on-friday-2014-02-13,https://engineeringnews.co.za/article/ccma-amcu-to-meet-on-friday-2014-02-13,2014,secondary_keyword_only_review
Engineering News,https://www.engineeringnews.co.za/article/ccma-facilitated-talks-continue-constructively-amcu-expects-new-offer-2014-01-28,https://engineeringnews.co.za/article/ccma-facilitated-talks-continue-constructively-amcu-expects-new-offer-2014-01-28,2014,secondary_keyword_only_review
Engineering News,https://www.engineeringnews.co.za/article/ccma-issues-certificate-of-nonresolution-sibanye-urges-unions-to-accept-its-offer-2022-01-14,https://engineeringnews.co.za/article/ccma-issues-certificate-of-nonresolution-sibanye-urges-unions-to-accept-its-offer-2022-01-14,2022,secondary_keyword_only_review
Engineering News,https://www.engineeringnews.co.za/article/chamber-shoots-down-amcu-underpayment-claims-2015-08-13,https://engineeringnews.co.za/article/chamber-shoots-down-amcu-underpayment-claims-2015-08-13,2015,secondary_keyword_only_review
Engineering News,https://www.engineeringnews.co.za/article/changes-at-anglo-the-jse-sibanye-make-headlines-2023-06-02,https://engineeringnews.co.za/article/changes-at-anglo-the-jse-sibanye-make-headlines-2023-06-02,2023,secondary_keyword_only_review
Engineering News,https://www.engineeringnews.co.za/article/chicago-pneumatic-generator-give-away-a-showstopper-at-sibanye-gold-mte-2018-07-11,https://engineeringnews.co.za/article/chicago-pneumatic-generator-give-away-a-showstopper-at-sibanye-gold-mte-2018-07-11,2018,secondary_keyword_only_review
Engineering News,https://www.engineeringnews.co.za/article/class-action-lawsuit-filed-against-south-africas-sibanye-stillwater-following-fatalities-2018-06-28,https://engineeringnews.co.za/article/class-action-lawsuit-filed-against-south-africas-sibanye-stillwater-following-fatalities-2018-06-28,2018,secondary_keyword_only_review
Engineering News,https://www.engineeringnews.co.za/article/cohesive-solutions-needed-to-overcome-turbulent-period-lonmin-2016-02-18,https://engineeringnews.co.za/article/cohesive-solutions-needed-to-overcome-turbulent-period-lonmin-2016-02-18,2016,lonmin_only_title_review
Engineering News,https://www.engineeringnews.co.za/article/com-to-receive-formal-response-on-collective-bargaining-proposal-amcu-indicates-rejection-2013-04-16,https://engineeringnews.co.za/article/com-to-receive-formal-response-on-collective-bargaining-proposal-amcu-indicates-rejection-2013-04-16,2013,secondary_keyword_only_review
Engineering News,https://www.engineeringnews.co.za/article/commission-of-inquiry-into-the-marikana-massacre-outcomes-2015-06-26,https://engineeringnews.co.za/article/commission-of-inquiry-into-the-marikana-massacre-outcomes-2015-06-26,2015,explicit_case_title_review
Engineering News,https://www.engineeringnews.co.za/article/commission-recommends-tribunal-approve-glencore-sibanye-stillwater-chrome-recovery-plant-merger-2025-08-28,https://engineeringnews.co.za/article/commission-recommends-tribunal-approve-glencore-sibanye-stillwater-chrome-recovery-plant-merger-2025-08-28,2025,exclude_outside_period
Engineering News,https://www.engineeringnews.co.za/article/committed-collective-vs-ambivalent-amcu-2013-07-12,https://engineeringnews.co.za/article/committed-collective-vs-ambivalent-amcu-2013-07-12,2013,secondary_keyword_only_review
Engineering News,https://www.engineeringnews.co.za/article/community-lonmin-to-pursue-equity-trust-for-development-2014-05-02,https://engineeringnews.co.za/article/community-lonmin-to-pursue-equity-trust-for-development-2014-05-02,2014,lonmin_only_title_review
Engineering News,https://www.engineeringnews.co.za/article/community-members-accelerate-bid-against-key-r564m-lonmin-bee-deal-2015-06-11,https://engineeringnews.co.za/article/community-members-accelerate-bid-against-key-r564m-lonmin-bee-deal-2015-06-11,2015,lonmin_only_title_review
Engineering News,https://www.engineeringnews.co.za/article/community-members-accelerate-bid-against-r564m-lonmin-bee-deal-2015-06-19,https://engineeringnews.co.za/article/community-members-accelerate-bid-against-r564m-lonmin-bee-deal-2015-06-19,2015,lonmin_only_title_review
Engineering News,https://www.engineeringnews.co.za/article/community-members-challenge-legality-of-r564m-lonmin-bee-deal-2015-03-17,https://engineeringnews.co.za/article/community-members-challenge-legality-of-r564m-lonmin-bee-deal-2015-03-17,2015,lonmin_only_title_review
Engineering News,https://www.engineeringnews.co.za/article/compcom-gives-drdgold-conditional-thumbs-up-to-buy-sibanye-tailings-assets-2018-02-02,https://engineeringnews.co.za/article/compcom-gives-drdgold-conditional-thumbs-up-to-buy-sibanye-tailings-assets-2018-02-02,2018,secondary_keyword_only_review
Engineering News,https://www.engineeringnews.co.za/article/competition-appeal-court-to-hold-sibanye-lonmin-merger-hearing-on-april-2-2019-01-25,https://engineeringnews.co.za/article/competition-appeal-court-to-hold-sibanye-lonmin-merger-hearing-on-april-2-2019-01-25,2019,lonmin_only_title_review
Engineering News,https://www.engineeringnews.co.za/article/competition-watchdog-imposes-conditions-on-sibanye-lonmin-deal-2018-09-18,https://engineeringnews.co.za/article/competition-watchdog-imposes-conditions-on-sibanye-lonmin-deal-2018-09-18,2018,lonmin_only_title_review
Engineering News,https://www.engineeringnews.co.za/article/consolidation-needed-to-save-jobs-lonmin-2018-05-25,https://engineeringnews.co.za/article/consolidation-needed-to-save-jobs-lonmin-2018-05-25,2018,lonmin_only_title_review
Engineering News,https://www.engineeringnews.co.za/article/cooke-underground-closes-but-1-640-beatrix-jobs-saved-sibanye-2017-11-01,https://engineeringnews.co.za/article/cooke-underground-closes-but-1-640-beatrix-jobs-saved-sibanye-2017-11-01,2017,secondary_keyword_only_review
Engineering News,https://www.engineeringnews.co.za/article/cooke-underground-closes-but-1-640-beatrix-jobs-saved-sibanye-2017-11-10,https://engineeringnews.co.za/article/cooke-underground-closes-but-1-640-beatrix-jobs-saved-sibanye-2017-11-10,2017,secondary_keyword_only_review
Engineering News,https://www.engineeringnews.co.za/article/corobriks-quality-face-bricks-used-in-the-construction-of-marikanas-housing-project-2016-05-23,https://engineeringnews.co.za/article/corobriks-quality-face-bricks-used-in-the-construction-of-marikanas-housing-project-2016-05-23,2016,already_screened
Engineering News,https://www.engineeringnews.co.za/article/court-to-hear-urgent-marikana-application-2015-06-08,https://engineeringnews.co.za/article/court-to-hear-urgent-marikana-application-2015-06-08,2015,explicit_case_title_review
Engineering News,https://www.engineeringnews.co.za/article/csir-sibanye-stillwater-southern-palladium-make-headlines-2022-05-20,https://engineeringnews.co.za/article/csir-sibanye-stillwater-southern-palladium-make-headlines-2022-05-20,2022,secondary_keyword_only_review
Engineering News,https://www.engineeringnews.co.za/article/danson-resigns-as-sibanye-director-2024-03-11,https://engineeringnews.co.za/article/danson-resigns-as-sibanye-director-2024-03-11,2024,exclude_outside_period
Engineering News,https://www.engineeringnews.co.za/article/decarbonisation-creating-greatest-investment-opportunity-of-our-lifetime-sibanye-stillwater-2022-03-03,https://engineeringnews.co.za/article/decarbonisation-creating-greatest-investment-opportunity-of-our-lifetime-sibanye-stillwater-2022-03-03,2022,secondary_keyword_only_review
Engineering News,https://www.engineeringnews.co.za/article/decarbonisation-creating-greatest-investment-opportunity-of-our-lifetime-sibanye-stillwater-2022-03-18,https://engineeringnews.co.za/article/decarbonisation-creating-greatest-investment-opportunity-of-our-lifetime-sibanye-stillwater-2022-03-18,2022,secondary_keyword_only_review
Engineering News,https://www.engineeringnews.co.za/article/defence-blasts-ipid-for-shoddy-investigation-after-marikana-shooting-in-2012-2019-06-14,https://engineeringnews.co.za/article/defence-blasts-ipid-for-shoddy-investigation-after-marikana-shooting-in-2012-2019-06-14,2019,explicit_case_title_review
Engineering News,https://www.engineeringnews.co.za/article/defence-force-needed-to-quell-huge-illegal-mining-threat-sibanye-gold-2014-02-20,https://engineeringnews.co.za/article/defence-force-needed-to-quell-huge-illegal-mining-threat-sibanye-gold-2014-02-20,2014,secondary_keyword_only_review
Engineering News,https://www.engineeringnews.co.za/article/defence-force-needed-to-quell-huge-illegal-mining-threat-sibanye-gold-2014-02-28,https://engineeringnews.co.za/article/defence-force-needed-to-quell-huge-illegal-mining-threat-sibanye-gold-2014-02-28,2014,secondary_keyword_only_review
Engineering News,https://www.engineeringnews.co.za/article/delaware-court-rules-in-sibanyes-favour-in-stillwater-case-2019-08-23,https://engineeringnews.co.za/article/delaware-court-rules-in-sibanyes-favour-in-stillwater-case-2019-08-23,2019,secondary_keyword_only_review
Engineering News,https://www.engineeringnews.co.za/article/delaware-supreme-court-affirms-sibanye-deal-price-decision-2020-10-16,https://engineeringnews.co.za/article/delaware-supreme-court-affirms-sibanye-deal-price-decision-2020-10-16,2020,secondary_keyword_only_review
Engineering News,https://www.engineeringnews.co.za/article/despite-disappointing-q1-production-figures-lonmin-maintains-fy17-guidance-2017-01-26,https://engineeringnews.co.za/article/despite-disappointing-q1-production-figures-lonmin-maintains-fy17-guidance-2017-01-26,2017,lonmin_only_title_review
Engineering News,https://www.engineeringnews.co.za/article/despite-massive-impairments-sibanye-will-report-narrower-basic-loss-2026-02-18,https://engineeringnews.co.za/article/despite-massive-impairments-sibanye-will-report-narrower-basic-loss-2026-02-18,2026,exclude_outside_period
Engineering News,https://www.engineeringnews.co.za/article/despite-strong-headwinds-sibanye-stillwaters-stewart-remains-bullish-on-pgms-future-2025-04-03,https://engineeringnews.co.za/article/despite-strong-headwinds-sibanye-stillwaters-stewart-remains-bullish-on-pgms-future-2025-04-03,2025,exclude_outside_period
Engineering News,https://www.engineeringnews.co.za/article/diamondcorp-amcu-sign-four-year-wage-deal-2015-02-18,https://engineeringnews.co.za/article/diamondcorp-amcu-sign-four-year-wage-deal-2015-02-18,2015,secondary_keyword_only_review
Engineering News,https://www.engineeringnews.co.za/article/digitisation-slashes-sibanye-stillwaters-loco-incidents-2021-09-29,https://engineeringnews.co.za/article/digitisation-slashes-sibanye-stillwaters-loco-incidents-2021-09-29,2021,secondary_keyword_only_review
Engineering News,https://www.engineeringnews.co.za/article/digitisation-slashes-sibanye-stillwaters-loco-incidents-2021-10-15,https://engineeringnews.co.za/article/digitisation-slashes-sibanye-stillwaters-loco-incidents-2021-10-15,2021,secondary_keyword_only_review
Engineering News,https://www.engineeringnews.co.za/article/diversification-benefits-sibanye-stillwater-as-strong-rand-bites-south-african-gold-operations-2018-05-03,https://engineeringnews.co.za/article/diversification-benefits-sibanye-stillwater-as-strong-rand-bites-south-african-gold-operations-2018-05-03,2018,secondary_keyword_only_review
Engineering News,https://www.engineeringnews.co.za/article/diversification-benefits-sibanye-stillwater-as-strong-rand-bites-south-african-gold-operations-2018-05-11,https://engineeringnews.co.za/article/diversification-benefits-sibanye-stillwater-as-strong-rand-bites-south-african-gold-operations-2018-05-11,2018,secondary_keyword_only_review
Engineering News,https://www.engineeringnews.co.za/article/dmr-lifts-section-54-notice-at-sibanyes-beatrix-3-shaft-2013-03-01,https://engineeringnews.co.za/article/dmr-lifts-section-54-notice-at-sibanyes-beatrix-3-shaft-2013-03-01,2013,secondary_keyword_only_review
Engineering News,https://www.engineeringnews.co.za/article/dol-denies-amcu-deregistration-claims-2014-02-13,https://engineeringnews.co.za/article/dol-denies-amcu-deregistration-claims-2014-02-13,2014,secondary_keyword_only_review
Engineering News,https://www.engineeringnews.co.za/article/drdgold-delivers-another-dividend-supportive-of-possible-sibanye-buyout-2019-09-03,https://engineeringnews.co.za/article/drdgold-delivers-another-dividend-supportive-of-possible-sibanye-buyout-2019-09-03,2019,secondary_keyword_only_review
Engineering News,https://www.engineeringnews.co.za/article/drdgold-delivers-another-dividend-supportive-of-possible-sibanye-buyout-2019-09-13,https://engineeringnews.co.za/article/drdgold-delivers-another-dividend-supportive-of-possible-sibanye-buyout-2019-09-13,2019,secondary_keyword_only_review
Engineering News,https://www.engineeringnews.co.za/article/drdgold-shareholders-approve-wrtrp-deal-with-sibanye-stillwater-2018-03-28,https://engineeringnews.co.za/article/drdgold-shareholders-approve-wrtrp-deal-with-sibanye-stillwater-2018-03-28,2018,secondary_keyword_only_review
Engineering News,https://www.engineeringnews.co.za/article/drdgold-sibanye-stillwater-mintek-make-headlines-2026-07-17,https://engineeringnews.co.za/article/drdgold-sibanye-stillwater-mintek-make-headlines-2026-07-17,2026,exclude_outside_period
Engineering News,https://www.engineeringnews.co.za/article/economy-failed-miners-says-amcus-mathunjwa-2013-08-16,https://engineeringnews.co.za/article/economy-failed-miners-says-amcus-mathunjwa-2013-08-16,2013,secondary_keyword_only_review
Engineering News,https://www.engineeringnews.co.za/article/eff-supports-amcu-strike-2014-03-26,https://engineeringnews.co.za/article/eff-supports-amcu-strike-2014-03-26,2014,secondary_keyword_only_review
Engineering News,https://www.engineeringnews.co.za/article/employee-killed-in-incident-at-sibanyes-khomanani-mine-2018-06-26,https://engineeringnews.co.za/article/employee-killed-in-incident-at-sibanyes-khomanani-mine-2018-06-26,2018,secondary_keyword_only_review
Engineering News,https://www.engineeringnews.co.za/article/employees-demand-solidaritys-recognition-as-trade-union-at-lonmin-2017-11-10,https://engineeringnews.co.za/article/employees-demand-solidaritys-recognition-as-trade-union-at-lonmin-2017-11-10,2017,lonmin_only_title_review
Engineering News,https://www.engineeringnews.co.za/article/employees-hold-unprotected-sit-in-at-sibanyes-kroondal-mine-2024-06-04,https://engineeringnews.co.za/article/employees-hold-unprotected-sit-in-at-sibanyes-kroondal-mine-2024-06-04,2024,exclude_outside_period
Engineering News,https://www.engineeringnews.co.za/article/energy-constraints-more-troublesome-than-platinum-strike-fmf-2014-06-12,https://engineeringnews.co.za/article/energy-constraints-more-troublesome-than-platinum-strike-fmf-2014-06-12,2014,secondary_keyword_only_review
Engineering News,https://www.engineeringnews.co.za/article/energy-constraints-more-troublesome-than-platinum-strike-fmf-2014-06-27,https://engineeringnews.co.za/article/energy-constraints-more-troublesome-than-platinum-strike-fmf-2014-06-27,2014,secondary_keyword_only_review
Engineering News,https://www.engineeringnews.co.za/article/energy-council-yelland-weigh-in-on-sibanye-stillwater-vs-eskom-wayleave-judgment-2026-02-27,https://engineeringnews.co.za/article/energy-council-yelland-weigh-in-on-sibanye-stillwater-vs-eskom-wayleave-judgment-2026-02-27,2026,exclude_outside_period
Engineering News,https://www.engineeringnews.co.za/article/engen-and-tharisa-mines-collaborate-to-support-marikana-matrics-2024-06-27,https://engineeringnews.co.za/article/engen-and-tharisa-mines-collaborate-to-support-marikana-matrics-2024-06-27,2024,exclude_outside_period
Engineering News,https://www.engineeringnews.co.za/article/engen-and-tharisa-mines-support-marikana-north-high-matrics-with-bootcamp-funding-2025-09-09,https://engineeringnews.co.za/article/engen-and-tharisa-mines-support-marikana-north-high-matrics-with-bootcamp-funding-2025-09-09,2025,exclude_outside_period
Engineering News,https://www.engineeringnews.co.za/article/engen-helps-power-marikana-north-high-school-2025-10-24,https://engineeringnews.co.za/article/engen-helps-power-marikana-north-high-school-2025-10-24,2025,exclude_outside_period
Engineering News,https://www.engineeringnews.co.za/article/enviro-friendly-battery-electric-loco-on-track-for-underground-testing-at-sibanye-stillwater-2021-08-15,https://engineeringnews.co.za/article/enviro-friendly-battery-electric-loco-on-track-for-underground-testing-at-sibanye-stillwater-2021-08-15,2021,secondary_keyword_only_review
Engineering News,https://www.engineeringnews.co.za/article/expansion-plans-pointing-to-75-increase-in-sibanye-stillwaters-chrome-volumes-2026-07-16,https://engineeringnews.co.za/article/expansion-plans-pointing-to-75-increase-in-sibanye-stillwaters-chrome-volumes-2026-07-16,2026,exclude_outside_period
Engineering News,https://www.engineeringnews.co.za/article/expansion-plans-pointing-to-75-increase-in-sibanye-stillwaters-chrome-volumes-2026-07-31,https://engineeringnews.co.za/article/expansion-plans-pointing-to-75-increase-in-sibanye-stillwaters-chrome-volumes-2026-07-31,2026,exclude_outside_period
Engineering News,https://www.engineeringnews.co.za/article/false-evidence-by-saps-to-implicate-amcu-in-threats-to-kill-police-officers-2013-09-23,https://engineeringnews.co.za/article/false-evidence-by-saps-to-implicate-amcu-in-threats-to-kill-police-officers-2013-09-23,2013,secondary_keyword_only_review
Engineering News,https://www.engineeringnews.co.za/article/families-of-slain-marikana-miners-call-on-ramaphosa-to-turn-his-promises-into-action-2018-02-22,https://engineeringnews.co.za/article/families-of-slain-marikana-miners-call-on-ramaphosa-to-turn-his-promises-into-action-2018-02-22,2018,explicit_case_title_review
Engineering News,https://www.engineeringnews.co.za/article/farlam-finds-against-lonmin-recommends-enforced-housing-delivery-2015-06-25,https://engineeringnews.co.za/article/farlam-finds-against-lonmin-recommends-enforced-housing-delivery-2015-06-25,2015,already_screened
Engineering News,https://www.engineeringnews.co.za/article/farlam-report-raises-issues-about-mining-stability-as-a-whole-2015-06-29,https://engineeringnews.co.za/article/farlam-report-raises-issues-about-mining-stability-as-a-whole-2015-06-29,2015,explicit_case_title_review
Engineering News,https://www.engineeringnews.co.za/article/farlam-unhappy-with-snail-pace-in-implementation-of-his-marikana-recommendations-2018-08-16,https://engineeringnews.co.za/article/farlam-unhappy-with-snail-pace-in-implementation-of-his-marikana-recommendations-2018-08-16,2018,explicit_case_title_review
Engineering News,https://www.engineeringnews.co.za/article/farlam-wants-workers-housed-mining-charter-goes-to-court-coal-firms-transform-for-eskom-2015-06-26,https://engineeringnews.co.za/article/farlam-wants-workers-housed-mining-charter-goes-to-court-coal-firms-transform-for-eskom-2015-06-26,2015,explicit_case_title_review
Engineering News,https://www.engineeringnews.co.za/article/first-output-from-lace-mine-due-in-h2-despite-amcu-strike-2015-01-29,https://engineeringnews.co.za/article/first-output-from-lace-mine-due-in-h2-despite-amcu-strike-2015-01-29,2015,secondary_keyword_only_review
Engineering News,https://www.engineeringnews.co.za/article/first-output-from-lace-mine-due-in-h2-despite-amcu-strike-2015-02-06,https://engineeringnews.co.za/article/first-output-from-lace-mine-due-in-h2-despite-amcu-strike-2015-02-06,2015,secondary_keyword_only_review
Engineering News,https://www.engineeringnews.co.za/article/first-phase-of-financing-completed-between-keliber-and-sibanye-stillwater-2021-03-19,https://engineeringnews.co.za/article/first-phase-of-financing-completed-between-keliber-and-sibanye-stillwater-2021-03-19,2021,secondary_keyword_only_review
Engineering News,https://www.engineeringnews.co.za/article/first-phase-of-sibanye-stillwaters-secondary-mining-thrust-given-thumbs-up-2026-07-08,https://engineeringnews.co.za/article/first-phase-of-sibanye-stillwaters-secondary-mining-thrust-given-thumbs-up-2026-07-08,2026,exclude_outside_period
Engineering News,https://www.engineeringnews.co.za/article/first-tons-hoisted-at-marikanas-top-tier-4-000-job-k4-platinum-project-2022-05-16,https://engineeringnews.co.za/article/first-tons-hoisted-at-marikanas-top-tier-4-000-job-k4-platinum-project-2022-05-16,2022,already_screened
Engineering News,https://www.engineeringnews.co.za/article/force-majeure-with-some-suppliers-not-customers-lonmin-2014-04-11,https://engineeringnews.co.za/article/force-majeure-with-some-suppliers-not-customers-lonmin-2014-04-11,2014,already_screened
Engineering News,https://www.engineeringnews.co.za/article/forge-academy-launches-new-4ir-training-centrein-partnership-with-sibanye-stillwater-2024-02-19,https://engineeringnews.co.za/article/forge-academy-launches-new-4ir-training-centrein-partnership-with-sibanye-stillwater-2024-02-19,2024,exclude_outside_period
Engineering News,https://www.engineeringnews.co.za/article/former-top-cop-back-in-the-dock-over-shooting-of-30-mine-workers-at-marikana-2019-10-29,https://engineeringnews.co.za/article/former-top-cop-back-in-the-dock-over-shooting-of-30-mine-workers-at-marikana-2019-10-29,2019,explicit_case_title_review
Engineering News,https://www.engineeringnews.co.za/article/four-killed-in-conveyor-accident-at-sibanyes-burnstone-gold-mine-2023-04-14,https://engineeringnews.co.za/article/four-killed-in-conveyor-accident-at-sibanyes-burnstone-gold-mine-2023-04-14,2023,secondary_keyword_only_review
Engineering News,https://www.engineeringnews.co.za/article/froneman-shows-off-sibanye-in-us-as-stillwater-deal-advances-2017-03-10,https://engineeringnews.co.za/article/froneman-shows-off-sibanye-in-us-as-stillwater-deal-advances-2017-03-10,2017,secondary_keyword_only_review
Engineering News,https://www.engineeringnews.co.za/article/froneman-shows-sibanye-off-in-us-as-stillwater-deal-edges-forward-2017-02-27,https://engineeringnews.co.za/article/froneman-shows-sibanye-off-in-us-as-stillwater-deal-edges-forward-2017-02-27,2017,secondary_keyword_only_review
Engineering News,https://www.engineeringnews.co.za/article/froneman-tells-world-sibanye-has-significant-confidence-hydrogen-economy-2021-11-26,https://engineeringnews.co.za/article/froneman-tells-world-sibanye-has-significant-confidence-hydrogen-economy-2021-11-26,2021,secondary_keyword_only_review
Engineering News,https://www.engineeringnews.co.za/article/full-ownership-of-pandora-jv-set-to-unlock-significant-potential-for-lonmin-2018-01-19,https://engineeringnews.co.za/article/full-ownership-of-pandora-jv-set-to-unlock-significant-potential-for-lonmin-2018-01-19,2018,lonmin_only_title_review
Engineering News,https://www.engineeringnews.co.za/article/gabons-mining-education-move-sibanye-supporting-education-new-mining-research-thrust-2016-07-15,https://engineeringnews.co.za/article/gabons-mining-education-move-sibanye-supporting-education-new-mining-research-thrust-2016-07-15,2016,secondary_keyword_only_review
Engineering News,https://www.engineeringnews.co.za/article/gen-mining-and-sibanye-ink-definitive-marathon-agreement-2019-06-26,https://engineeringnews.co.za/article/gen-mining-and-sibanye-ink-definitive-marathon-agreement-2019-06-26,2019,secondary_keyword_only_review
Engineering News,https://www.engineeringnews.co.za/article/gen-mining-interested-in-sibanyes-marathon-pgms-deposit-2019-04-18,https://engineeringnews.co.za/article/gen-mining-interested-in-sibanyes-marathon-pgms-deposit-2019-04-18,2019,secondary_keyword_only_review
Engineering News,https://www.engineeringnews.co.za/article/geothermal-lithium-is-greenest-says-sibanye-stillwaters-froneman-2021-09-29,https://engineeringnews.co.za/article/geothermal-lithium-is-greenest-says-sibanye-stillwaters-froneman-2021-09-29,2021,secondary_keyword_only_review
Engineering News,https://www.engineeringnews.co.za/article/glencore-sibanye-stillwater-exploration-investment-make-headlines-2023-05-11,https://engineeringnews.co.za/article/glencore-sibanye-stillwater-exploration-investment-make-headlines-2023-05-11,2023,secondary_keyword_only_review
Engineering News,https://www.engineeringnews.co.za/article/glencore-to-divest-its-lonmin-stake-2015-02-11,https://engineeringnews.co.za/article/glencore-to-divest-its-lonmin-stake-2015-02-11,2015,lonmin_only_title_review
Engineering News,https://www.engineeringnews.co.za/article/gold-fields-sets-sibanye-listing-dates-2013-01-10,https://engineeringnews.co.za/article/gold-fields-sets-sibanye-listing-dates-2013-01-10,2013,secondary_keyword_only_review
Engineering News,https://www.engineeringnews.co.za/article/gold-fields-yet-to-convince-bondholders-sibanye-spin-off-was-a-successful-strategy-2013-04-19,https://engineeringnews.co.za/article/gold-fields-yet-to-convince-bondholders-sibanye-spin-off-was-a-successful-strategy-2013-04-19,2013,secondary_keyword_only_review
Engineering News,https://www.engineeringnews.co.za/article/gold-majors-amcu-continue-to-thrash-out-issues-of-representation-2015-07-15,https://engineeringnews.co.za/article/gold-majors-amcu-continue-to-thrash-out-issues-of-representation-2015-07-15,2015,secondary_keyword_only_review
Engineering News,https://www.engineeringnews.co.za/article/gold-mines-urged-to-make-amends-to-oppressed-workers-as-amcu-seeks-two-fold-wage-increase-2015-05-13,https://engineeringnews.co.za/article/gold-mines-urged-to-make-amends-to-oppressed-workers-as-amcu-seeks-two-fold-wage-increase-2015-05-13,2015,secondary_keyword_only_review
Engineering News,https://www.engineeringnews.co.za/article/gold-mines-urged-to-make-amends-to-oppressed-workers-as-amcu-seeks-two-fold-wage-increase-2015-05-22,https://engineeringnews.co.za/article/gold-mines-urged-to-make-amends-to-oppressed-workers-as-amcu-seeks-two-fold-wage-increase-2015-05-22,2015,secondary_keyword_only_review
Engineering News,https://www.engineeringnews.co.za/article/gold-one-decreases-shareholding-in-sibanye-stillwater-2020-08-13,https://engineeringnews.co.za/article/gold-one-decreases-shareholding-in-sibanye-stillwater-2020-08-13,2020,secondary_keyword_only_review
Engineering News,https://www.engineeringnews.co.za/article/gold-one-mine-situation-tense-as-police-fire-rubber-bullets-at-protesting-amcu-workers-2023-11-13,https://engineeringnews.co.za/article/gold-one-mine-situation-tense-as-police-fire-rubber-bullets-at-protesting-amcu-workers-2023-11-13,2023,secondary_keyword_only_review
Engineering News,https://www.engineeringnews.co.za/article/gold-platinum-community-upliftment-highlighted-by-sibanye-stillwater-2025-10-22,https://engineeringnews.co.za/article/gold-platinum-community-upliftment-highlighted-by-sibanye-stillwater-2025-10-22,2025,exclude_outside_period
Engineering News,https://www.engineeringnews.co.za/article/gold-producer-representatives-meet-with-amcu-2013-09-16,https://engineeringnews.co.za/article/gold-producer-representatives-meet-with-amcu-2013-09-16,2013,secondary_keyword_only_review
Engineering News,https://www.engineeringnews.co.za/article/gold-producers-complete-union-representation-verification-amcu-numbers-steady-2015-07-08,https://engineeringnews.co.za/article/gold-producers-complete-union-representation-verification-amcu-numbers-steady-2015-07-08,2015,secondary_keyword_only_review
Engineering News,https://www.engineeringnews.co.za/article/gold-producers-complete-union-representation-verification-amcu-numbers-steady-2015-07-17,https://engineeringnews.co.za/article/gold-producers-complete-union-representation-verification-amcu-numbers-steady-2015-07-17,2015,secondary_keyword_only_review
Engineering News,https://www.engineeringnews.co.za/article/gold-producers-declare-dispute-with-amcu-2013-07-29,https://engineeringnews.co.za/article/gold-producers-declare-dispute-with-amcu-2013-07-29,2013,secondary_keyword_only_review
Engineering News,https://www.engineeringnews.co.za/article/gold-producers-will-not-engage-in-further-wage-negotiations-with-amcu-strydom-2013-09-11,https://engineeringnews.co.za/article/gold-producers-will-not-engage-in-further-wage-negotiations-with-amcu-strydom-2013-09-11,2013,secondary_keyword_only_review
Engineering News,https://www.engineeringnews.co.za/article/gold-producers-will-not-engage-in-further-wage-negotiations-with-amcu-strydom-2013-09-20,https://engineeringnews.co.za/article/gold-producers-will-not-engage-in-further-wage-negotiations-with-amcu-strydom-2013-09-20,2013,secondary_keyword_only_review
Engineering News,https://www.engineeringnews.co.za/article/gold-strike-to-push-sibanye-stillwater-to-interim-loss-2019-08-27,https://engineeringnews.co.za/article/gold-strike-to-push-sibanye-stillwater-to-interim-loss-2019-08-27,2019,secondary_keyword_only_review
Engineering News,https://www.engineeringnews.co.za/article/gold-wage-talks-deadlock-again-between-sibanye-and-amcu-2018-09-20,https://engineeringnews.co.za/article/gold-wage-talks-deadlock-again-between-sibanye-and-amcu-2018-09-20,2018,secondary_keyword_only_review
Engineering News,https://www.engineeringnews.co.za/article/government-confirms-lawsuits-from-marikana-victims-total-close-to-r12bn-2017-03-15,https://engineeringnews.co.za/article/government-confirms-lawsuits-from-marikana-victims-total-close-to-r12bn-2017-03-15,2017,explicit_case_title_review
Engineering News,https://www.engineeringnews.co.za/article/government-ready-to-compensate-marikana-victims-zuma-2016-12-12,https://engineeringnews.co.za/article/government-ready-to-compensate-marikana-victims-zuma-2016-12-12,2016,explicit_case_title_review
Engineering News,https://www.engineeringnews.co.za/article/govt-has-paid-over-r330m-in-taxpayer-money-in-marikana-litigation-2023-08-17,https://engineeringnews.co.za/article/govt-has-paid-over-r330m-in-taxpayer-money-in-marikana-litigation-2023-08-17,2023,explicit_case_title_review
Engineering News,https://www.engineeringnews.co.za/article/govt-must-subsidise-mining-companies-that-plead-poverty-amcu-2013-08-02,https://engineeringnews.co.za/article/govt-must-subsidise-mining-companies-that-plead-poverty-amcu-2013-08-02,2013,secondary_keyword_only_review
Engineering News,https://www.engineeringnews.co.za/article/govt-must-subsidise-mining-companies-that-plead-poverty-amcu-2013-08-16,https://engineeringnews.co.za/article/govt-must-subsidise-mining-companies-that-plead-poverty-amcu-2013-08-16,2013,secondary_keyword_only_review
Engineering News,https://www.engineeringnews.co.za/article/govt-observes-anniversary-of-marikana-tragedy-2019-08-16,https://engineeringnews.co.za/article/govt-observes-anniversary-of-marikana-tragedy-2019-08-16,2019,explicit_case_title_review
Engineering News,https://www.engineeringnews.co.za/article/govt-to-expedite-processing-of-marikana-civil-claims-2015-10-14,https://engineeringnews.co.za/article/govt-to-expedite-processing-of-marikana-civil-claims-2015-10-14,2015,explicit_case_title_review
Engineering News,https://www.engineeringnews.co.za/article/green-175-mw-power-for-sibanye-stillwater-platinum-group-metal-mines-2021-10-15,https://engineeringnews.co.za/article/green-175-mw-power-for-sibanye-stillwater-platinum-group-metal-mines-2021-10-15,2021,secondary_keyword_only_review
Engineering News,https://www.engineeringnews.co.za/article/green-175-mw-power-for-sibanye-stillwater-platinum-group-metals-mines-2021-09-27,https://engineeringnews.co.za/article/green-175-mw-power-for-sibanye-stillwater-platinum-group-metals-mines-2021-09-27,2021,secondary_keyword_only_review
Engineering News,https://www.engineeringnews.co.za/article/green-hydrogen-given-huge-boost-as-heraeus-sibanye-attain-iridium-thrifting-breakthrough-2023-11-14,https://engineeringnews.co.za/article/green-hydrogen-given-huge-boost-as-heraeus-sibanye-attain-iridium-thrifting-breakthrough-2023-11-14,2023,secondary_keyword_only_review
Engineering News,https://www.engineeringnews.co.za/article/green-hydrogen-revival-sibanye-stillwater-exploration-silence-make-headlines-2026-04-28,https://engineeringnews.co.za/article/green-hydrogen-revival-sibanye-stillwater-exploration-silence-make-headlines-2026-04-28,2026,exclude_outside_period
Engineering News,https://www.engineeringnews.co.za/article/heraeus-sibanye-stillwater-partner-on-palladium-based-glass-fibre-tech-2026-04-16,https://engineeringnews.co.za/article/heraeus-sibanye-stillwater-partner-on-palladium-based-glass-fibre-tech-2026-04-16,2026,exclude_outside_period
Engineering News,https://www.engineeringnews.co.za/article/heraeus-sibanye-stillwater-target-platinum-substitution-with-palladium-based-glass-fibre-technology-2026-05-01,https://engineeringnews.co.za/article/heraeus-sibanye-stillwater-target-platinum-substitution-with-palladium-based-glass-fibre-technology-2026-05-01,2026,exclude_outside_period
Engineering News,https://www.engineeringnews.co.za/article/hillside-aluminium-sibanye-stillwater-drdgold-make-headlines-2026-07-03,https://engineeringnews.co.za/article/hillside-aluminium-sibanye-stillwater-drdgold-make-headlines-2026-07-03,2026,exclude_outside_period
Engineering News,https://www.engineeringnews.co.za/article/human-rights-orgs-are-seeking-accountability-for-failed-marikana-housing-2022-08-16,https://engineeringnews.co.za/article/human-rights-orgs-are-seeking-accountability-for-failed-marikana-housing-2022-08-16,2022,already_screened
Engineering News,https://www.engineeringnews.co.za/article/hydrogen-economy-providing-pgm-opportunity-similar-to-emissions-boost-of-90s-sibanye-2021-05-18,https://engineeringnews.co.za/article/hydrogen-economy-providing-pgm-opportunity-similar-to-emissions-boost-of-90s-sibanye-2021-05-18,2021,secondary_keyword_only_review
Engineering News,https://www.engineeringnews.co.za/article/hydrogen-fast-tracking-will-be-much-quicker-than-imagined-sibanye-stillwater-2020-10-18,https://engineeringnews.co.za/article/hydrogen-fast-tracking-will-be-much-quicker-than-imagined-sibanye-stillwater-2020-10-18,2020,secondary_keyword_only_review
Engineering News,https://www.engineeringnews.co.za/article/hydrogen-fast-tracking-will-be-much-quicker-than-imagined-sibanye-stillwater-2020-10-30,https://engineeringnews.co.za/article/hydrogen-fast-tracking-will-be-much-quicker-than-imagined-sibanye-stillwater-2020-10-30,2020,secondary_keyword_only_review
Engineering News,https://www.engineeringnews.co.za/article/hydrogen-fuel-cell-technology-not-too-far-away-sibanye-stillwater-2020-02-04,https://engineeringnews.co.za/article/hydrogen-fuel-cell-technology-not-too-far-away-sibanye-stillwater-2020-02-04,2020,secondary_keyword_only_review
Engineering News,https://www.engineeringnews.co.za/article/hydrogen-fuel-cell-technology-not-too-far-away-sibanye-stillwater-2020-02-21,https://engineeringnews.co.za/article/hydrogen-fuel-cell-technology-not-too-far-away-sibanye-stillwater-2020-02-21,2020,secondary_keyword_only_review
Engineering News,https://www.engineeringnews.co.za/article/hydrogen-fuel-cells-the-next-big-disruptive-technology-sibanye-stillwater-2020-02-19,https://engineeringnews.co.za/article/hydrogen-fuel-cells-the-next-big-disruptive-technology-sibanye-stillwater-2020-02-19,2020,secondary_keyword_only_review
Engineering News,https://www.engineeringnews.co.za/article/hydrogen-providing-pgm-opportunity-similar-to-90s-emissions-boost-sibanye-stillwater-2021-06-04,https://engineeringnews.co.za/article/hydrogen-providing-pgm-opportunity-similar-to-90s-emissions-boost-sibanye-stillwater-2021-06-04,2021,secondary_keyword_only_review
Engineering News,https://www.engineeringnews.co.za/article/hydrogen-uptake-sibanye-stillwaters-earnings-upsurge-make-headlines-2026-05-08,https://engineeringnews.co.za/article/hydrogen-uptake-sibanye-stillwaters-earnings-upsurge-make-headlines-2026-05-08,2026,exclude_outside_period
Engineering News,https://www.engineeringnews.co.za/article/idc-rbm-sibanye-make-headlines-2021-08-27,https://engineeringnews.co.za/article/idc-rbm-sibanye-make-headlines-2021-08-27,2021,secondary_keyword_only_review
Engineering News,https://www.engineeringnews.co.za/article/illegal-mining-a-substantial-burden-on-south-african-economy-warns-sibanye-2017-06-28,https://engineeringnews.co.za/article/illegal-mining-a-substantial-burden-on-south-african-economy-warns-sibanye-2017-06-28,2017,secondary_keyword_only_review
Engineering News,https://www.engineeringnews.co.za/article/illegal-strike-erupts-at-lonmin-2013-03-05,https://engineeringnews.co.za/article/illegal-strike-erupts-at-lonmin-2013-03-05,2013,lonmin_only_title_review
Engineering News,https://www.engineeringnews.co.za/article/impairment-silicosis-claims-provision-to-push-sibanye-to-h1-loss-of-at-least-r48-billion-2017-08-17,https://engineeringnews.co.za/article/impairment-silicosis-claims-provision-to-push-sibanye-to-h1-loss-of-at-least-r48-billion-2017-08-17,2017,secondary_keyword_only_review
Engineering News,https://www.engineeringnews.co.za/article/impairments-weigh-on-sibanyes-fy-headline-earnings-2015-02-09,https://engineeringnews.co.za/article/impairments-weigh-on-sibanyes-fy-headline-earnings-2015-02-09,2015,secondary_keyword_only_review
Engineering News,https://www.engineeringnews.co.za/article/implats-amcu-sign-five-year-wage-deal-2022-06-28,https://engineeringnews.co.za/article/implats-amcu-sign-five-year-wage-deal-2022-06-28,2022,secondary_keyword_only_review
Engineering News,https://www.engineeringnews.co.za/article/implats-says-amcu-wage-talks-to-resume-in-2014-2013-12-12,https://engineeringnews.co.za/article/implats-says-amcu-wage-talks-to-resume-in-2014-2013-12-12,2013,secondary_keyword_only_review
Engineering News,https://www.engineeringnews.co.za/article/improving-miners-lives-best-way-of-honouring-marikana-victims-zuma-2017-10-09-1,https://engineeringnews.co.za/article/improving-miners-lives-best-way-of-honouring-marikana-victims-zuma-2017-10-09-1,2017,explicit_case_title_review
Engineering News,https://www.engineeringnews.co.za/article/independent-panel-of-experts-to-help-implement-farlam-commission-findings-2016-01-25,https://engineeringnews.co.za/article/independent-panel-of-experts-to-help-implement-farlam-commission-findings-2016-01-25,2016,explicit_case_title_review
Engineering News,https://www.engineeringnews.co.za/article/injured-sibanye-employees-stable-one-discharged-from-hospital-2018-05-11,https://engineeringnews.co.za/article/injured-sibanye-employees-stable-one-discharged-from-hospital-2018-05-11,2018,secondary_keyword_only_review
Engineering News,https://www.engineeringnews.co.za/article/investec-asset-management-raises-sibanye-shareholding-to-540-2019-12-05,https://engineeringnews.co.za/article/investec-asset-management-raises-sibanye-shareholding-to-540-2019-12-05,2019,secondary_keyword_only_review
Engineering News,https://www.engineeringnews.co.za/article/investec-lifts-shareholding-in-sibanye-above-5-2019-01-15,https://engineeringnews.co.za/article/investec-lifts-shareholding-in-sibanye-above-5-2019-01-15,2019,secondary_keyword_only_review
Engineering News,https://www.engineeringnews.co.za/article/investec-lifts-sibanye-shareholding-to-about-519-2019-02-06,https://engineeringnews.co.za/article/investec-lifts-sibanye-shareholding-to-about-519-2019-02-06,2019,secondary_keyword_only_review
Engineering News,https://www.engineeringnews.co.za/article/ioneer-completes-sibanye-stillwater-placement-2021-10-28,https://engineeringnews.co.za/article/ioneer-completes-sibanye-stillwater-placement-2021-10-28,2021,secondary_keyword_only_review
Engineering News,https://www.engineeringnews.co.za/article/ioneersibanye-stillwater-deal-gets-reserve-bank-approval-2021-11-05,https://engineeringnews.co.za/article/ioneersibanye-stillwater-deal-gets-reserve-bank-approval-2021-11-05,2021,secondary_keyword_only_review
Engineering News,https://www.engineeringnews.co.za/article/ioneersibanye-stilwater-deal-gets-reserve-bank-approval-2021-10-20,https://engineeringnews.co.za/article/ioneersibanye-stilwater-deal-gets-reserve-bank-approval-2021-10-20,2021,secondary_keyword_only_review
Engineering News,https://www.engineeringnews.co.za/article/its-business-unusual-at-improving-lonmin-munroe-2013-03-05,https://engineeringnews.co.za/article/its-business-unusual-at-improving-lonmin-munroe-2013-03-05,2013,lonmin_only_title_review
Engineering News,https://www.engineeringnews.co.za/article/its-business-unusual-at-improving-lonmin-munroe-2013-03-15,https://engineeringnews.co.za/article/its-business-unusual-at-improving-lonmin-munroe-2013-03-15,2013,lonmin_only_title_review
Engineering News,https://www.engineeringnews.co.za/article/jmc-expresses-condolences-following-fatal-incident-at-sibanye-stillwaters-kloof-8-shaft-2026-05-07,https://engineeringnews.co.za/article/jmc-expresses-condolences-following-fatal-incident-at-sibanye-stillwaters-kloof-8-shaft-2026-05-07,2026,exclude_outside_period
Engineering News,https://www.engineeringnews.co.za/article/job-losses-at-beatrix-4-shaft-kloof-1-plant-minimisedsibanye-stillwater-reports-2023-03-09,https://engineeringnews.co.za/article/job-losses-at-beatrix-4-shaft-kloof-1-plant-minimisedsibanye-stillwater-reports-2023-03-09,2023,secondary_keyword_only_review
Engineering News,https://www.engineeringnews.co.za/article/johnson-matthey-sibanye-stillwater-valterra-partner-on-high-impact-pgm-technologies-2026-02-10,https://engineeringnews.co.za/article/johnson-matthey-sibanye-stillwater-valterra-partner-on-high-impact-pgm-technologies-2026-02-10,2026,exclude_outside_period
Engineering News,https://www.engineeringnews.co.za/article/judge-to-take-time-to-consider-judgment-on-marikana-report-2015-06-09,https://engineeringnews.co.za/article/judge-to-take-time-to-consider-judgment-on-marikana-report-2015-06-09,2015,explicit_case_title_review
Engineering News,https://www.engineeringnews.co.za/article/jury-still-out-on-whether-platinum-strike-will-result-in-amcu-gaining-or-losing-members-2014-07-18-1,https://engineeringnews.co.za/article/jury-still-out-on-whether-platinum-strike-will-result-in-amcu-gaining-or-losing-members-2014-07-18-1,2014,secondary_keyword_only_review
Engineering News,https://www.engineeringnews.co.za/article/kagiso-pmi-tumbles-to-four-year-low-on-platinum-strike-2014-06-02,https://engineeringnews.co.za/article/kagiso-pmi-tumbles-to-four-year-low-on-platinum-strike-2014-06-02,2014,secondary_keyword_only_review
Engineering News,https://www.engineeringnews.co.za/article/labour-appeal-court-dismisses-amcu-appeal-2016-03-24,https://engineeringnews.co.za/article/labour-appeal-court-dismisses-amcu-appeal-2016-03-24,2016,secondary_keyword_only_review
Engineering News,https://www.engineeringnews.co.za/article/labour-appeal-court-reserves-judgment-in-amcu-appeal-2015-08-21,https://engineeringnews.co.za/article/labour-appeal-court-reserves-judgment-in-amcu-appeal-2015-08-21,2015,secondary_keyword_only_review
Engineering News,https://www.engineeringnews.co.za/article/labour-court-amcu-gold-strike-return-date-postponed-2014-03-17,https://engineeringnews.co.za/article/labour-court-amcu-gold-strike-return-date-postponed-2014-03-17,2014,secondary_keyword_only_review
Engineering News,https://www.engineeringnews.co.za/article/labour-court-declares-sibanye-wage-extension-valid-2019-03-20,https://engineeringnews.co.za/article/labour-court-declares-sibanye-wage-extension-valid-2019-03-20,2019,secondary_keyword_only_review
Engineering News,https://www.engineeringnews.co.za/article/labour-court-dismisses-amcu-interdict-against-sibanye-restructuring-2019-03-18,https://engineeringnews.co.za/article/labour-court-dismisses-amcu-interdict-against-sibanye-restructuring-2019-03-18,2019,secondary_keyword_only_review
Engineering News,https://www.engineeringnews.co.za/article/labour-court-dismisses-amcu-interdict-against-sibanye-restructuring-2019-03-29,https://engineeringnews.co.za/article/labour-court-dismisses-amcu-interdict-against-sibanye-restructuring-2019-03-29,2019,secondary_keyword_only_review
Engineering News,https://www.engineeringnews.co.za/article/labour-court-puts-temporary-hold-on-amcus-planned-gold-strike-2014-01-22,https://engineeringnews.co.za/article/labour-court-puts-temporary-hold-on-amcus-planned-gold-strike-2014-01-22,2014,secondary_keyword_only_review
Engineering News,https://www.engineeringnews.co.za/article/labour-court-puts-temporary-hold-on-amcus-planned-gold-strike-2014-01-31,https://engineeringnews.co.za/article/labour-court-puts-temporary-hold-on-amcus-planned-gold-strike-2014-01-31,2014,secondary_keyword_only_review
Engineering News,https://www.engineeringnews.co.za/article/labour-court-rejects-sibanyes-strike-stop-application-again-2019-02-08,https://engineeringnews.co.za/article/labour-court-rejects-sibanyes-strike-stop-application-again-2019-02-08,2019,secondary_keyword_only_review
Engineering News,https://www.engineeringnews.co.za/article/labour-court-rules-against-amcu-2014-06-02,https://engineeringnews.co.za/article/labour-court-rules-against-amcu-2014-06-02,2014,secondary_keyword_only_review
Engineering News,https://www.engineeringnews.co.za/article/labour-court-rules-in-favour-of-gold-miners-in-amcu-strike-case-2014-06-23,https://engineeringnews.co.za/article/labour-court-rules-in-favour-of-gold-miners-in-amcu-strike-case-2014-06-23,2014,secondary_keyword_only_review
Engineering News,https://www.engineeringnews.co.za/article/labour-court-rules-in-favour-of-gold-miners-in-amcu-strike-case-2014-07-04,https://engineeringnews.co.za/article/labour-court-rules-in-favour-of-gold-miners-in-amcu-strike-case-2014-07-04,2014,secondary_keyword_only_review
Engineering News,https://www.engineeringnews.co.za/article/lace-mine-development-bruised-but-not-halted-by-amcu-strike-2014-10-30,https://engineeringnews.co.za/article/lace-mine-development-bruised-but-not-halted-by-amcu-strike-2014-10-30,2014,secondary_keyword_only_review
Engineering News,https://www.engineeringnews.co.za/article/legal-action-looming-over-marikana-report-2015-06-03,https://engineeringnews.co.za/article/legal-action-looming-over-marikana-report-2015-06-03,2015,explicit_case_title_review
Engineering News,https://www.engineeringnews.co.za/article/leverage-to-higher-gold-price-drives-216-increase-in-sibanye-stillwaters-ebitda-2025-02-21,https://engineeringnews.co.za/article/leverage-to-higher-gold-price-drives-216-increase-in-sibanye-stillwaters-ebitda-2025-02-21,2025,exclude_outside_period
Engineering News,https://www.engineeringnews.co.za/article/lily-mine-amcu-and-mine-management-dismiss-num-allegations-2016-03-24,https://engineeringnews.co.za/article/lily-mine-amcu-and-mine-management-dismiss-num-allegations-2016-03-24,2016,secondary_keyword_only_review
Engineering News,https://www.engineeringnews.co.za/article/living-wages-living-allowances-and-the-platinum-strike-2014-07-18,https://engineeringnews.co.za/article/living-wages-living-allowances-and-the-platinum-strike-2014-07-18,2014,secondary_keyword_only_review
Engineering News,https://www.engineeringnews.co.za/article/long-term-supply-contracts-shielding-sibanye-stillwater-from-pgm-price-swing-2021-09-23,https://engineeringnews.co.za/article/long-term-supply-contracts-shielding-sibanye-stillwater-from-pgm-price-swing-2021-09-23,2021,secondary_keyword_only_review
Engineering News,https://www.engineeringnews.co.za/article/lonmin-accelerates-union-recognition-process-to-ease-marikana-tensions-2013-05-17,https://engineeringnews.co.za/article/lonmin-accelerates-union-recognition-process-to-ease-marikana-tensions-2013-05-17,2013,explicit_case_title_review
Engineering News,https://www.engineeringnews.co.za/article/lonmin-accused-of-prolonging-platinum-strike-by-hiding-revenue-2014-10-24,https://engineeringnews.co.za/article/lonmin-accused-of-prolonging-platinum-strike-by-hiding-revenue-2014-10-24,2014,lonmin_only_title_review
Engineering News,https://www.engineeringnews.co.za/article/lonmin-affirms-farlam-report-2015-08-21,https://engineeringnews.co.za/article/lonmin-affirms-farlam-report-2015-08-21,2015,already_screened
Engineering News,https://www.engineeringnews.co.za/article/lonmin-aims-for-may-14-restart-in-challenge-to-platinum-strike-2014-05-09,https://engineeringnews.co.za/article/lonmin-aims-for-may-14-restart-in-challenge-to-platinum-strike-2014-05-09,2014,lonmin_only_title_review
Engineering News,https://www.engineeringnews.co.za/article/lonmin-amcu-celebrate-finalisation-of-landmark-bee-equity-deal-2014-12-12,https://engineeringnews.co.za/article/lonmin-amcu-celebrate-finalisation-of-landmark-bee-equity-deal-2014-12-12,2014,lonmin_only_title_review
Engineering News,https://www.engineeringnews.co.za/article/lonmin-amcu-fail-to-reach-agreement-on-union-recognition-2013-05-22,https://engineeringnews.co.za/article/lonmin-amcu-fail-to-reach-agreement-on-union-recognition-2013-05-22,2013,lonmin_only_title_review
Engineering News,https://www.engineeringnews.co.za/article/lonmin-appoints-coo-to-board-2015-06-25,https://engineeringnews.co.za/article/lonmin-appoints-coo-to-board-2015-06-25,2015,lonmin_only_title_review
Engineering News,https://www.engineeringnews.co.za/article/lonmin-appoints-new-cfo-2016-04-19,https://engineeringnews.co.za/article/lonmin-appoints-new-cfo-2016-04-19,2016,lonmin_only_title_review
Engineering News,https://www.engineeringnews.co.za/article/lonmin-artisan-college-forging-ahead-despite-2012-setbacks-2013-03-05,https://engineeringnews.co.za/article/lonmin-artisan-college-forging-ahead-despite-2012-setbacks-2013-03-05,2013,lonmin_only_title_review
Engineering News,https://www.engineeringnews.co.za/article/lonmin-boosts-turnaround-on-upped-output-suffers-fatalities-2017-07-28,https://engineeringnews.co.za/article/lonmin-boosts-turnaround-on-upped-output-suffers-fatalities-2017-07-28,2017,lonmin_only_title_review
Engineering News,https://www.engineeringnews.co.za/article/lonmin-boosts-turnaround-on-upped-production-but-suffers-fatalities-2017-07-17,https://engineeringnews.co.za/article/lonmin-boosts-turnaround-on-upped-production-but-suffers-fatalities-2017-07-17,2017,lonmin_only_title_review
Engineering News,https://www.engineeringnews.co.za/article/lonmin-brings-number-one-furnace-back-online-2015-03-10,https://engineeringnews.co.za/article/lonmin-brings-number-one-furnace-back-online-2015-03-10,2015,lonmin_only_title_review
Engineering News,https://www.engineeringnews.co.za/article/lonmin-buys-amplats-pandora-platinum-stake-lets-out-concentrator-2016-11-11,https://engineeringnews.co.za/article/lonmin-buys-amplats-pandora-platinum-stake-lets-out-concentrator-2016-11-11,2016,lonmin_only_title_review
Engineering News,https://www.engineeringnews.co.za/article/lonmin-buys-remaining-pandora-stake-2017-05-15,https://engineeringnews.co.za/article/lonmin-buys-remaining-pandora-stake-2017-05-15,2017,lonmin_only_title_review
Engineering News,https://www.engineeringnews.co.za/article/lonmin-buys-remaining-pandora-stake-2017-05-26,https://engineeringnews.co.za/article/lonmin-buys-remaining-pandora-stake-2017-05-26,2017,lonmin_only_title_review
Engineering News,https://www.engineeringnews.co.za/article/lonmin-ceo-confident-in-new-chairperson-as-phillimore-set-to-exit-2014-03-31,https://engineeringnews.co.za/article/lonmin-ceo-confident-in-new-chairperson-as-phillimore-set-to-exit-2014-03-31,2014,lonmin_only_title_review
Engineering News,https://www.engineeringnews.co.za/article/lonmin-ceo-pleads-for-consolidation-approval-to-save-20-000-jobs-2018-05-14,https://engineeringnews.co.za/article/lonmin-ceo-pleads-for-consolidation-approval-to-save-20-000-jobs-2018-05-14,2018,lonmin_only_title_review
Engineering News,https://www.engineeringnews.co.za/article/lonmin-chairperson-to-retire-in-2014-2013-11-07,https://engineeringnews.co.za/article/lonmin-chairperson-to-retire-in-2014-2013-11-07,2013,lonmin_only_title_review
Engineering News,https://www.engineeringnews.co.za/article/lonmin-closes-bee-equity-gap-2014-11-26,https://engineeringnews.co.za/article/lonmin-closes-bee-equity-gap-2014-11-26,2014,already_screened
Engineering News,https://www.engineeringnews.co.za/article/lonmin-closes-bee-equity-gap-2014-12-05,https://engineeringnews.co.za/article/lonmin-closes-bee-equity-gap-2014-12-05,2014,lonmin_only_title_review
Engineering News,https://www.engineeringnews.co.za/article/lonmin-commemorates-deceased-mineworkers-describes-massacre-as-catalyst-for-change-2013-08-23,https://engineeringnews.co.za/article/lonmin-commemorates-deceased-mineworkers-describes-massacre-as-catalyst-for-change-2013-08-23,2013,already_screened
Engineering News,https://www.engineeringnews.co.za/article/lonmin-commits-to-revising-housing-plan-2016-12-12,https://engineeringnews.co.za/article/lonmin-commits-to-revising-housing-plan-2016-12-12,2016,lonmin_only_title_review
Engineering News,https://www.engineeringnews.co.za/article/lonmin-committed-to-r500m-expenditure-on-employee-apartments-2017-04-07,https://engineeringnews.co.za/article/lonmin-committed-to-r500m-expenditure-on-employee-apartments-2017-04-07,2017,lonmin_only_title_review
Engineering News,https://www.engineeringnews.co.za/article/lonmin-communities-celebrate-conclusion-of-bee-deals-2014-12-04,https://engineeringnews.co.za/article/lonmin-communities-celebrate-conclusion-of-bee-deals-2014-12-04,2014,lonmin_only_title_review
Engineering News,https://www.engineeringnews.co.za/article/lonmin-community-builds-leader-a-palace-with-funds-probe-finds-2016-08-01,https://engineeringnews.co.za/article/lonmin-community-builds-leader-a-palace-with-funds-probe-finds-2016-08-01,2016,lonmin_only_title_review
Engineering News,https://www.engineeringnews.co.za/article/lonmin-community-wants-operations-suspended-on-social-failings-2017-10-25,https://engineeringnews.co.za/article/lonmin-community-wants-operations-suspended-on-social-failings-2017-10-25,2017,lonmin_only_title_review
Engineering News,https://www.engineeringnews.co.za/article/lonmin-completes-pandora-buyout-2017-12-13,https://engineeringnews.co.za/article/lonmin-completes-pandora-buyout-2017-12-13,2017,lonmin_only_title_review
Engineering News,https://www.engineeringnews.co.za/article/lonmin-confirms-work-stoppage-across-shafts-2013-05-14,https://engineeringnews.co.za/article/lonmin-confirms-work-stoppage-across-shafts-2013-05-14,2013,lonmin_only_title_review
Engineering News,https://www.engineeringnews.co.za/article/lonmin-consults-unions-2013-03-01,https://engineeringnews.co.za/article/lonmin-consults-unions-2013-03-01,2013,lonmin_only_title_review
Engineering News,https://www.engineeringnews.co.za/article/lonmin-coo-resigns-2015-02-24,https://engineeringnews.co.za/article/lonmin-coo-resigns-2015-02-24,2015,lonmin_only_title_review
Engineering News,https://www.engineeringnews.co.za/article/lonmin-coo-steps-down-2017-03-06,https://engineeringnews.co.za/article/lonmin-coo-steps-down-2017-03-06,2017,lonmin_only_title_review
Engineering News,https://www.engineeringnews.co.za/article/lonmin-cuts-spending-plan-on-feeble-platinum-price-outlook-2015-05-14,https://engineeringnews.co.za/article/lonmin-cuts-spending-plan-on-feeble-platinum-price-outlook-2015-05-14,2015,lonmin_only_title_review
Engineering News,https://www.engineeringnews.co.za/article/lonmin-cuts-workforce-shrinks-capex-lowers-unit-costs-2015-11-13,https://engineeringnews.co.za/article/lonmin-cuts-workforce-shrinks-capex-lowers-unit-costs-2015-11-13,2015,lonmin_only_title_review
Engineering News,https://www.engineeringnews.co.za/article/lonmin-dec-output-ahead-of-ramp-up-target-2013-01-31,https://engineeringnews.co.za/article/lonmin-dec-output-ahead-of-ramp-up-target-2013-01-31,2013,lonmin_only_title_review
Engineering News,https://www.engineeringnews.co.za/article/lonmin-denies-allegations-of-tax-evasion-2014-09-23,https://engineeringnews.co.za/article/lonmin-denies-allegations-of-tax-evasion-2014-09-23,2014,lonmin_only_title_review
Engineering News,https://www.engineeringnews.co.za/article/lonmin-denies-media-claims-of-rebuff-by-marikana-community-over-equity-2014-02-28,https://engineeringnews.co.za/article/lonmin-denies-media-claims-of-rebuff-by-marikana-community-over-equity-2014-02-28,2014,explicit_case_title_review
Engineering News,https://www.engineeringnews.co.za/article/lonmin-discussing-cost-reductions-for-sake-of-company-employees-2015-05-07,https://engineeringnews.co.za/article/lonmin-discussing-cost-reductions-for-sake-of-company-employees-2015-05-07,2015,lonmin_only_title_review
Engineering News,https://www.engineeringnews.co.za/article/lonmin-donates-50-ha-of-land-for-residential-development-2013-10-29,https://engineeringnews.co.za/article/lonmin-donates-50-ha-of-land-for-residential-development-2013-10-29,2013,already_screened
Engineering News,https://www.engineeringnews.co.za/article/lonmin-donates-50-ha-of-land-for-residential-development-2013-11-08,https://engineeringnews.co.za/article/lonmin-donates-50-ha-of-land-for-residential-development-2013-11-08,2013,lonmin_only_title_review
Engineering News,https://www.engineeringnews.co.za/article/lonmin-drops-vp-positions-introduces-coo-in-board-shake-up-2014-08-04,https://engineeringnews.co.za/article/lonmin-drops-vp-positions-introduces-coo-in-board-shake-up-2014-08-04,2014,lonmin_only_title_review
Engineering News,https://www.engineeringnews.co.za/article/lonmin-employee-cut-half-done-capex-shrunk-unit-costs-lower-2015-11-02,https://engineeringnews.co.za/article/lonmin-employee-cut-half-done-capex-shrunk-unit-costs-lower-2015-11-02,2015,lonmin_only_title_review
Engineering News,https://www.engineeringnews.co.za/article/lonmin-employee-dies-after-fall-of-ground-2016-07-04,https://engineeringnews.co.za/article/lonmin-employee-dies-after-fall-of-ground-2016-07-04,2016,lonmin_only_title_review
Engineering News,https://www.engineeringnews.co.za/article/lonmin-employee-killed-in-mudslide-2015-10-27,https://engineeringnews.co.za/article/lonmin-employee-killed-in-mudslide-2015-10-27,2015,lonmin_only_title_review
Engineering News,https://www.engineeringnews.co.za/article/lonmin-going-all-out-to-find-partners-to-help-it-address-pressing-accommodation-challenge-2017-04-07,https://engineeringnews.co.za/article/lonmin-going-all-out-to-find-partners-to-help-it-address-pressing-accommodation-challenge-2017-04-07,2017,lonmin_only_title_review
Engineering News,https://www.engineeringnews.co.za/article/lonmin-hands-over-new-marikana-primary-school-to-basic-education-dept-2018-03-23,https://engineeringnews.co.za/article/lonmin-hands-over-new-marikana-primary-school-to-basic-education-dept-2018-03-23,2018,explicit_case_title_review
Engineering News,https://www.engineeringnews.co.za/article/lonmin-hands-over-new-marikana-primary-school-to-basic-education-dept-2018-04-06,https://engineeringnews.co.za/article/lonmin-hands-over-new-marikana-primary-school-to-basic-education-dept-2018-04-06,2018,explicit_case_title_review
Engineering News,https://www.engineeringnews.co.za/article/lonmin-hit-hardest-by-strike-third-capital-raising-expected-2014-05-22,https://engineeringnews.co.za/article/lonmin-hit-hardest-by-strike-third-capital-raising-expected-2014-05-22,2014,lonmin_only_title_review
Engineering News,https://www.engineeringnews.co.za/article/lonmin-inks-landmark-bee-deals-with-traditional-community-2014-07-30,https://engineeringnews.co.za/article/lonmin-inks-landmark-bee-deals-with-traditional-community-2014-07-30,2014,lonmin_only_title_review
Engineering News,https://www.engineeringnews.co.za/article/lonmin-inks-landmark-bee-deals-with-traditional-community-2014-08-08,https://engineeringnews.co.za/article/lonmin-inks-landmark-bee-deals-with-traditional-community-2014-08-08,2014,lonmin_only_title_review
Engineering News,https://www.engineeringnews.co.za/article/lonmin-investors-back-sibanye-deal-to-create-a-platinum-giant-2019-05-28,https://engineeringnews.co.za/article/lonmin-investors-back-sibanye-deal-to-create-a-platinum-giant-2019-05-28,2019,lonmin_only_title_review
Engineering News,https://www.engineeringnews.co.za/article/lonmin-killings-hurt-sa-as-mining-destination-2012-09-10,https://engineeringnews.co.za/article/lonmin-killings-hurt-sa-as-mining-destination-2012-09-10,2012,already_screened
Engineering News,https://www.engineeringnews.co.za/article/lonmin-launches-407m-rights-issue-records-heavy-fy-financial-losses-2015-11-20,https://engineeringnews.co.za/article/lonmin-launches-407m-rights-issue-records-heavy-fy-financial-losses-2015-11-20,2015,lonmin_only_title_review
Engineering News,https://www.engineeringnews.co.za/article/lonmin-launches-community-grievance-system-2018-04-25,https://engineeringnews.co.za/article/lonmin-launches-community-grievance-system-2018-04-25,2018,lonmin_only_title_review
Engineering News,https://www.engineeringnews.co.za/article/lonmin-launches-prospectus-for-407-million-rights-issues-2015-11-09,https://engineeringnews.co.za/article/lonmin-launches-prospectus-for-407-million-rights-issues-2015-11-09,2015,lonmin_only_title_review
Engineering News,https://www.engineeringnews.co.za/article/lonmin-launches-youth-training-programme-2015-06-19,https://engineeringnews.co.za/article/lonmin-launches-youth-training-programme-2015-06-19,2015,lonmin_only_title_review
Engineering News,https://www.engineeringnews.co.za/article/lonmin-likely-to-cut-fewer-jobs-due-to-revenue-boost-ceo-2019-05-15,https://engineeringnews.co.za/article/lonmin-likely-to-cut-fewer-jobs-due-to-revenue-boost-ceo-2019-05-15,2019,lonmin_only_title_review
Engineering News,https://www.engineeringnews.co.za/article/lonmin-looks-to-shareholder-for-400m-parachute-maintains-6-000-job-cut-plans-2015-10-21,https://engineeringnews.co.za/article/lonmin-looks-to-shareholder-for-400m-parachute-maintains-6-000-job-cut-plans-2015-10-21,2015,lonmin_only_title_review
Engineering News,https://www.engineeringnews.co.za/article/lonmin-looks-to-shareholder-for-400m-parachute-maintains-job-cut-plans-2015-10-30,https://engineeringnews.co.za/article/lonmin-looks-to-shareholder-for-400m-parachute-maintains-job-cut-plans-2015-10-30,2015,lonmin_only_title_review
Engineering News,https://www.engineeringnews.co.za/article/lonmin-maintains-fy17-guidance-despite-weaker-than-expected-production-numbers-2017-02-03,https://engineeringnews.co.za/article/lonmin-maintains-fy17-guidance-despite-weaker-than-expected-production-numbers-2017-02-03,2017,lonmin_only_title_review
Engineering News,https://www.engineeringnews.co.za/article/lonmin-miners-return-to-work-2013-05-15,https://engineeringnews.co.za/article/lonmin-miners-return-to-work-2013-05-15,2013,already_screened
Engineering News,https://www.engineeringnews.co.za/article/lonmin-must-improve-housing-plan-or-face-losing-its-mining-rights-2016-12-12,https://engineeringnews.co.za/article/lonmin-must-improve-housing-plan-or-face-losing-its-mining-rights-2016-12-12,2016,lonmin_only_title_review
Engineering News,https://www.engineeringnews.co.za/article/lonmin-nominated-worst-company-of-the-year-by-npos-2013-02-01,https://engineeringnews.co.za/article/lonmin-nominated-worst-company-of-the-year-by-npos-2013-02-01,2013,lonmin_only_title_review
Engineering News,https://www.engineeringnews.co.za/article/lonmin-operations-successfully-ramp-up-to-full-production-2014-10-08,https://engineeringnews.co.za/article/lonmin-operations-successfully-ramp-up-to-full-production-2014-10-08,2014,lonmin_only_title_review
Engineering News,https://www.engineeringnews.co.za/article/lonmin-ops-ramping-up-normal-levels-expected-by-q1-2015-2014-07-25,https://engineeringnews.co.za/article/lonmin-ops-ramping-up-normal-levels-expected-by-q1-2015-2014-07-25,2014,lonmin_only_title_review
Engineering News,https://www.engineeringnews.co.za/article/lonmin-paid-1678m-in-taxes-royalties-during-2018-financial-year-2019-04-01,https://engineeringnews.co.za/article/lonmin-paid-1678m-in-taxes-royalties-during-2018-financial-year-2019-04-01,2019,lonmin_only_title_review
Engineering News,https://www.engineeringnews.co.za/article/lonmin-paid-1678m-in-taxes-royalties-during-2018-financial-year-2019-04-12,https://engineeringnews.co.za/article/lonmin-paid-1678m-in-taxes-royalties-during-2018-financial-year-2019-04-12,2019,lonmin_only_title_review
Engineering News,https://www.engineeringnews.co.za/article/lonmin-plans-to-cut-4-100-workers-as-it-closes-platinum-mines-2019-05-21,https://engineeringnews.co.za/article/lonmin-plans-to-cut-4-100-workers-as-it-closes-platinum-mines-2019-05-21,2019,lonmin_only_title_review
Engineering News,https://www.engineeringnews.co.za/article/lonmin-plans-to-cut-4-100-workers-as-it-closes-platinum-mines-2019-05-31,https://engineeringnews.co.za/article/lonmin-plans-to-cut-4-100-workers-as-it-closes-platinum-mines-2019-05-31,2019,lonmin_only_title_review
Engineering News,https://www.engineeringnews.co.za/article/lonmin-positive-of-improvements-after-rationalisation-2016-08-01,https://engineeringnews.co.za/article/lonmin-positive-of-improvements-after-rationalisation-2016-08-01,2016,lonmin_only_title_review
Engineering News,https://www.engineeringnews.co.za/article/lonmin-profile-2017-03-14,https://engineeringnews.co.za/article/lonmin-profile-2017-03-14,2017,lonmin_only_title_review
Engineering News,https://www.engineeringnews.co.za/article/lonmin-q1-2014-mining-production-down-10-will-revise-full-year-guidance-as-result-of-strikes-2014-01-30,https://engineeringnews.co.za/article/lonmin-q1-2014-mining-production-down-10-will-revise-full-year-guidance-as-result-of-strikes-2014-01-30,2014,lonmin_only_title_review
Engineering News,https://www.engineeringnews.co.za/article/lonmin-raises-full-year-output-guidance-to-700-000-oz-2013-05-13,https://engineeringnews.co.za/article/lonmin-raises-full-year-output-guidance-to-700-000-oz-2013-05-13,2013,lonmin_only_title_review
Engineering News,https://www.engineeringnews.co.za/article/lonmin-receives-bank-support-for-pandora-jv-acquisition-2017-10-06,https://engineeringnews.co.za/article/lonmin-receives-bank-support-for-pandora-jv-acquisition-2017-10-06,2017,lonmin_only_title_review
Engineering News,https://www.engineeringnews.co.za/article/lonmin-reports-fatality-after-e1-shaft-tramming-accident-2016-11-11,https://engineeringnews.co.za/article/lonmin-reports-fatality-after-e1-shaft-tramming-accident-2016-11-11,2016,lonmin_only_title_review
Engineering News,https://www.engineeringnews.co.za/article/lonmin-reports-fatality-at-hossy-shaft-2015-05-20,https://engineeringnews.co.za/article/lonmin-reports-fatality-at-hossy-shaft-2015-05-20,2015,lonmin_only_title_review
Engineering News,https://www.engineeringnews.co.za/article/lonmin-reports-fatality-at-jv-pandora-e3-shaft-2015-08-03,https://engineeringnews.co.za/article/lonmin-reports-fatality-at-jv-pandora-e3-shaft-2015-08-03,2015,lonmin_only_title_review
Engineering News,https://www.engineeringnews.co.za/article/lonmin-reports-fatality-at-rowland-shaft-2016-05-09,https://engineeringnews.co.za/article/lonmin-reports-fatality-at-rowland-shaft-2016-05-09,2016,lonmin_only_title_review
Engineering News,https://www.engineeringnews.co.za/article/lonmin-reports-good-progress-in-rightsizing-the-business-2016-01-28,https://engineeringnews.co.za/article/lonmin-reports-good-progress-in-rightsizing-the-business-2016-01-28,2016,lonmin_only_title_review
Engineering News,https://www.engineeringnews.co.za/article/lonmin-reports-increased-q3-pgm-sales-despite-lower-production-2018-07-27,https://engineeringnews.co.za/article/lonmin-reports-increased-q3-pgm-sales-despite-lower-production-2018-07-27,2018,lonmin_only_title_review
Engineering News,https://www.engineeringnews.co.za/article/lonmin-returns-to-profitability-ahead-of-sibanye-stillwater-merger-2018-11-29,https://engineeringnews.co.za/article/lonmin-returns-to-profitability-ahead-of-sibanye-stillwater-merger-2018-11-29,2018,lonmin_only_title_review
Engineering News,https://www.engineeringnews.co.za/article/lonmin-returns-to-profitability-ahead-of-sibanye-stillwater-merger-2018-12-07,https://engineeringnews.co.za/article/lonmin-returns-to-profitability-ahead-of-sibanye-stillwater-merger-2018-12-07,2018,lonmin_only_title_review
Engineering News,https://www.engineeringnews.co.za/article/lonmin-returns-to-profitability-but-lowers-2017-sales-guidance-2016-11-14,https://engineeringnews.co.za/article/lonmin-returns-to-profitability-but-lowers-2017-sales-guidance-2016-11-14,2016,lonmin_only_title_review
Engineering News,https://www.engineeringnews.co.za/article/lonmin-returns-to-profitability-but-lowers-2017-sales-guidance-2016-11-25,https://engineeringnews.co.za/article/lonmin-returns-to-profitability-but-lowers-2017-sales-guidance-2016-11-25,2016,lonmin_only_title_review
Engineering News,https://www.engineeringnews.co.za/article/lonmin-rights-issue-undersubscribed-2015-12-11,https://engineeringnews.co.za/article/lonmin-rights-issue-undersubscribed-2015-12-11,2015,lonmin_only_title_review
Engineering News,https://www.engineeringnews.co.za/article/lonmin-saves-r15m-a-year-by-reducing-compressed-air-consumption-2018-11-26,https://engineeringnews.co.za/article/lonmin-saves-r15m-a-year-by-reducing-compressed-air-consumption-2018-11-26,2018,lonmin_only_title_review
Engineering News,https://www.engineeringnews.co.za/article/lonmin-says-amcu-arbitration-postponed-until-july-2013-06-26,https://engineeringnews.co.za/article/lonmin-says-amcu-arbitration-postponed-until-july-2013-06-26,2013,lonmin_only_title_review
Engineering News,https://www.engineeringnews.co.za/article/lonmin-says-court-sanctions-scheme-of-arrangement-2019-06-07,https://engineeringnews.co.za/article/lonmin-says-court-sanctions-scheme-of-arrangement-2019-06-07,2019,lonmin_only_title_review
Engineering News,https://www.engineeringnews.co.za/article/lonmin-says-num-brings-court-application-date-set-for-july-10-2013-07-08,https://engineeringnews.co.za/article/lonmin-says-num-brings-court-application-date-set-for-july-10-2013-07-08,2013,lonmin_only_title_review
Engineering News,https://www.engineeringnews.co.za/article/lonmin-says-significant-safety-records-achieved-at-marikana-2013-01-24,https://engineeringnews.co.za/article/lonmin-says-significant-safety-records-achieved-at-marikana-2013-01-24,2013,explicit_case_title_review
Engineering News,https://www.engineeringnews.co.za/article/lonmin-secures-50m-funding-for-tailings-project-2016-08-18,https://engineeringnews.co.za/article/lonmin-secures-50m-funding-for-tailings-project-2016-08-18,2016,lonmin_only_title_review
Engineering News,https://www.engineeringnews.co.za/article/lonmin-sells-petrozim-stake-2018-06-29,https://engineeringnews.co.za/article/lonmin-sells-petrozim-stake-2018-06-29,2018,lonmin_only_title_review
Engineering News,https://www.engineeringnews.co.za/article/lonmin-sells-stake-in-canadian-junior-wallbridge-to-eric-sprott-2018-10-02,https://engineeringnews.co.za/article/lonmin-sells-stake-in-canadian-junior-wallbridge-to-eric-sprott-2018-10-02,2018,lonmin_only_title_review
Engineering News,https://www.engineeringnews.co.za/article/lonmin-shanduka-black-umbrellas-partnership-contributes-positively-to-small-business-development-2015-10-09,https://engineeringnews.co.za/article/lonmin-shanduka-black-umbrellas-partnership-contributes-positively-to-small-business-development-2015-10-09,2015,lonmin_only_title_review
Engineering News,https://www.engineeringnews.co.za/article/lonmin-share-price-rises-as-company-reports-higher-fy-production-earnings-2013-11-11,https://engineeringnews.co.za/article/lonmin-share-price-rises-as-company-reports-higher-fy-production-earnings-2013-11-11,2013,lonmin_only_title_review
Engineering News,https://www.engineeringnews.co.za/article/lonmin-share-price-rises-as-company-reports-higher-fy-production-earnings-2013-11-22,https://engineeringnews.co.za/article/lonmin-share-price-rises-as-company-reports-higher-fy-production-earnings-2013-11-22,2013,lonmin_only_title_review
Engineering News,https://www.engineeringnews.co.za/article/lonmin-shares-rise-as-workers-help-prevent-shaft-closure-2014-11-13,https://engineeringnews.co.za/article/lonmin-shares-rise-as-workers-help-prevent-shaft-closure-2014-11-13,2014,lonmin_only_title_review
Engineering News,https://www.engineeringnews.co.za/article/lonmin-shares-rise-on-r2bn-cost-cut-plan-with-worker-help-preventing-shaft-shut-2014-11-10,https://engineeringnews.co.za/article/lonmin-shares-rise-on-r2bn-cost-cut-plan-with-worker-help-preventing-shaft-shut-2014-11-10,2014,lonmin_only_title_review
Engineering News,https://www.engineeringnews.co.za/article/lonmin-shares-rise-on-r2bn-cost-cut-plan-with-worker-help-preventing-shaft-shut-2014-11-21,https://engineeringnews.co.za/article/lonmin-shares-rise-on-r2bn-cost-cut-plan-with-worker-help-preventing-shaft-shut-2014-11-21,2014,lonmin_only_title_review
Engineering News,https://www.engineeringnews.co.za/article/lonmin-sheds-1-400-jobs-as-cost-cutting-programme-gets-under-way-2015-08-27,https://engineeringnews.co.za/article/lonmin-sheds-1-400-jobs-as-cost-cutting-programme-gets-under-way-2015-08-27,2015,lonmin_only_title_review
Engineering News,https://www.engineeringnews.co.za/article/lonmin-sheds-1-400-jobs-as-cost-cutting-programme-gets-under-way-2015-09-04,https://engineeringnews.co.za/article/lonmin-sheds-1-400-jobs-as-cost-cutting-programme-gets-under-way-2015-09-04,2015,lonmin_only_title_review
Engineering News,https://www.engineeringnews.co.za/article/lonmin-shuts-down-two-furnaces-2013-04-30,https://engineeringnews.co.za/article/lonmin-shuts-down-two-furnaces-2013-04-30,2013,lonmin_only_title_review
Engineering News,https://www.engineeringnews.co.za/article/lonmin-suspends-saffy-production-activities-after-fatality-2013-08-15,https://engineeringnews.co.za/article/lonmin-suspends-saffy-production-activities-after-fatality-2013-08-15,2013,lonmin_only_title_review
Engineering News,https://www.engineeringnews.co.za/article/lonmin-takes-stock-highlights-focus-on-improving-living-conditions-2014-02-04,https://engineeringnews.co.za/article/lonmin-takes-stock-highlights-focus-on-improving-living-conditions-2014-02-04,2014,lonmin_only_title_review
Engineering News,https://www.engineeringnews.co.za/article/lonmin-to-bring-forward-planned-hearth-rebuild-of-number-one-furnace-after-leak-2014-12-08,https://engineeringnews.co.za/article/lonmin-to-bring-forward-planned-hearth-rebuild-of-number-one-furnace-after-leak-2014-12-08,2014,lonmin_only_title_review
Engineering News,https://www.engineeringnews.co.za/article/lonmin-to-derecognise-smaller-unions-in-favour-of-amcu-2013-08-14,https://engineeringnews.co.za/article/lonmin-to-derecognise-smaller-unions-in-favour-of-amcu-2013-08-14,2013,lonmin_only_title_review
Engineering News,https://www.engineeringnews.co.za/article/lonmin-to-derecognise-smaller-unions-in-favour-of-amcu-2013-08-23,https://engineeringnews.co.za/article/lonmin-to-derecognise-smaller-unions-in-favour-of-amcu-2013-08-23,2013,already_screened
Engineering News,https://www.engineeringnews.co.za/article/lonmin-to-lose-3-100-ozd-implats-2-800-ozd-in-production-owing-to-amcu-strike-2014-01-23,https://engineeringnews.co.za/article/lonmin-to-lose-3-100-ozd-implats-2-800-ozd-in-production-owing-to-amcu-strike-2014-01-23,2014,lonmin_only_title_review
Engineering News,https://www.engineeringnews.co.za/article/lonmin-to-maintain-2013-guidance-june-quarter-production-lower-2013-07-25,https://engineeringnews.co.za/article/lonmin-to-maintain-2013-guidance-june-quarter-production-lower-2013-07-25,2013,lonmin_only_title_review
Engineering News,https://www.engineeringnews.co.za/article/lonmin-to-maintain-fy-sales-guidance-cut-capex-while-job-cuts-loom-2015-05-11,https://engineeringnews.co.za/article/lonmin-to-maintain-fy-sales-guidance-cut-capex-while-job-cuts-loom-2015-05-11,2015,lonmin_only_title_review
Engineering News,https://www.engineeringnews.co.za/article/lonmin-to-oppose-amcu-labour-court-interdict-2014-05-19,https://engineeringnews.co.za/article/lonmin-to-oppose-amcu-labour-court-interdict-2014-05-19,2014,lonmin_only_title_review
Engineering News,https://www.engineeringnews.co.za/article/lonmin-to-sell-excess-processing-capacity-implement-other-measures-to-ensure-sustainability-2017-08-07,https://engineeringnews.co.za/article/lonmin-to-sell-excess-processing-capacity-implement-other-measures-to-ensure-sustainability-2017-08-07,2017,lonmin_only_title_review
Engineering News,https://www.engineeringnews.co.za/article/lonmin-to-sell-excess-processing-capacity-implement-other-measures-to-ensure-sustainability-2017-08-18,https://engineeringnews.co.za/article/lonmin-to-sell-excess-processing-capacity-implement-other-measures-to-ensure-sustainability-2017-08-18,2017,lonmin_only_title_review
Engineering News,https://www.engineeringnews.co.za/article/lonmin-to-shut-idle-high-cost-operations-2015-07-24,https://engineeringnews.co.za/article/lonmin-to-shut-idle-high-cost-operations-2015-07-24,2015,lonmin_only_title_review
Engineering News,https://www.engineeringnews.co.za/article/lonmin-to-shut-idle-high-cost-operations-2015-08-07,https://engineeringnews.co.za/article/lonmin-to-shut-idle-high-cost-operations-2015-08-07,2015,lonmin_only_title_review
Engineering News,https://www.engineeringnews.co.za/article/lonmin-transaction-filed-with-south-africas-competition-authority-2018-03-16,https://engineeringnews.co.za/article/lonmin-transaction-filed-with-south-africas-competition-authority-2018-03-16,2018,lonmin_only_title_review
Engineering News,https://www.engineeringnews.co.za/article/lonmin-transaction-filed-with-south-africas-competition-body-2018-03-30,https://engineeringnews.co.za/article/lonmin-transaction-filed-with-south-africas-competition-body-2018-03-30,2018,lonmin_only_title_review
Engineering News,https://www.engineeringnews.co.za/article/lonmin-undertakes-refinancing-delivers-on-results-promise-2018-10-22,https://engineeringnews.co.za/article/lonmin-undertakes-refinancing-delivers-on-results-promise-2018-10-22,2018,lonmin_only_title_review
Engineering News,https://www.engineeringnews.co.za/article/lonmin-undertakes-refinancing-delivers-on-results-promise-2018-11-02,https://engineeringnews.co.za/article/lonmin-undertakes-refinancing-delivers-on-results-promise-2018-11-02,2018,lonmin_only_title_review
Engineering News,https://www.engineeringnews.co.za/article/lonmin-unveils-design-proposal-for-marikana-memorial-park-showcases-new-apartments-2017-08-15,https://engineeringnews.co.za/article/lonmin-unveils-design-proposal-for-marikana-memorial-park-showcases-new-apartments-2017-08-15,2017,explicit_case_title_review
Engineering News,https://www.engineeringnews.co.za/article/lonmin-unveils-design-proposal-for-marikana-memorial-park-showcases-new-apartments-2017-08-25,https://engineeringnews.co.za/article/lonmin-unveils-design-proposal-for-marikana-memorial-park-showcases-new-apartments-2017-08-25,2017,explicit_case_title_review
Engineering News,https://www.engineeringnews.co.za/article/lonmin-warns-on-liquidity-and-persistent-challenges-2019-03-25,https://engineeringnews.co.za/article/lonmin-warns-on-liquidity-and-persistent-challenges-2019-03-25,2019,lonmin_only_title_review
Engineering News,https://www.engineeringnews.co.za/article/lonmin-welcomes-amcus-referral-of-union-negotiations-to-ccma-2013-05-09,https://engineeringnews.co.za/article/lonmin-welcomes-amcus-referral-of-union-negotiations-to-ccma-2013-05-09,2013,lonmin_only_title_review
Engineering News,https://www.engineeringnews.co.za/article/lonmin-will-dismiss-1-139-employees-by-december-claims-solidarity-2017-10-23,https://engineeringnews.co.za/article/lonmin-will-dismiss-1-139-employees-by-december-claims-solidarity-2017-10-23,2017,lonmin_only_title_review
Engineering News,https://www.engineeringnews.co.za/article/lonmin-woes-make-its-stock-the-top-sell-call-in-johannesburg-2017-09-12,https://engineeringnews.co.za/article/lonmin-woes-make-its-stock-the-top-sell-call-in-johannesburg-2017-09-12,2017,lonmin_only_title_review
Engineering News,https://www.engineeringnews.co.za/article/lonmin-working-hard-to-improve-living-conditions-says-ceo-magara-2016-08-16,https://engineeringnews.co.za/article/lonmin-working-hard-to-improve-living-conditions-says-ceo-magara-2016-08-16,2016,already_screened
Engineering News,https://www.engineeringnews.co.za/article/lonmins-biggest-union-wants-sibanye-deal-stopped-over-job-cuts-2018-11-13,https://engineeringnews.co.za/article/lonmins-biggest-union-wants-sibanye-deal-stopped-over-job-cuts-2018-11-13,2018,lonmin_only_title_review
Engineering News,https://www.engineeringnews.co.za/article/lonmins-cfo-to-exit-2016-04-12,https://engineeringnews.co.za/article/lonmins-cfo-to-exit-2016-04-12,2016,lonmin_only_title_review
Engineering News,https://www.engineeringnews.co.za/article/lonmins-cfo-to-exit-2016-04-22,https://engineeringnews.co.za/article/lonmins-cfo-to-exit-2016-04-22,2016,lonmin_only_title_review
Engineering News,https://www.engineeringnews.co.za/article/lonmins-new-ceo-shoulders-output-push-as-costs-soar-2013-04-04,https://engineeringnews.co.za/article/lonmins-new-ceo-shoulders-output-push-as-costs-soar-2013-04-04,2013,lonmin_only_title_review
Engineering News,https://www.engineeringnews.co.za/article/lonmins-q1-results-show-improved-liquidity-despite-relatively-poor-performance-2019-02-08,https://engineeringnews.co.za/article/lonmins-q1-results-show-improved-liquidity-despite-relatively-poor-performance-2019-02-08,2019,lonmin_only_title_review
Engineering News,https://www.engineeringnews.co.za/article/lonmins-refined-platinum-output-plummets-on-smelter-shutdowns-2015-01-29,https://engineeringnews.co.za/article/lonmins-refined-platinum-output-plummets-on-smelter-shutdowns-2015-01-29,2015,lonmin_only_title_review
Engineering News,https://www.engineeringnews.co.za/article/lonmins-refined-platinum-output-plummets-on-smelter-shutdowns-2015-02-06,https://engineeringnews.co.za/article/lonmins-refined-platinum-output-plummets-on-smelter-shutdowns-2015-02-06,2015,lonmin_only_title_review
Engineering News,https://www.engineeringnews.co.za/article/lonmins-strike-ends-amplats-braced-for-trouble-2013-05-16,https://engineeringnews.co.za/article/lonmins-strike-ends-amplats-braced-for-trouble-2013-05-16,2013,lonmin_only_title_review
Engineering News,https://www.engineeringnews.co.za/article/lonminshowcases-career-opportunities-beyond-mining-to-youth-2017-06-30,https://engineeringnews.co.za/article/lonminshowcases-career-opportunities-beyond-mining-to-youth-2017-06-30,2017,lonmin_only_title_review
Engineering News,https://www.engineeringnews.co.za/article/lonminsibanye-merger-judgement-set-for-handing-down-friday-2019-05-10,https://engineeringnews.co.za/article/lonminsibanye-merger-judgement-set-for-handing-down-friday-2019-05-10,2019,lonmin_only_title_review
Engineering News,https://www.engineeringnews.co.za/article/lonminsibanye-merger-judgment-set-for-friday-2019-05-24,https://engineeringnews.co.za/article/lonminsibanye-merger-judgment-set-for-friday-2019-05-24,2019,lonmin_only_title_review
Engineering News,https://www.engineeringnews.co.za/article/low-cost-renewables-will-make-up-30-of-sibanye-stillwater-power-supply-by-2027-2025-09-30,https://engineeringnews.co.za/article/low-cost-renewables-will-make-up-30-of-sibanye-stillwater-power-supply-by-2027-2025-09-30,2025,exclude_outside_period
Engineering News,https://www.engineeringnews.co.za/article/low-morale-management-turnover-lowers-lonmin-production-2019-05-10,https://engineeringnews.co.za/article/low-morale-management-turnover-lowers-lonmin-production-2019-05-10,2019,lonmin_only_title_review
Engineering News,https://www.engineeringnews.co.za/article/low-platinum-price-places-50-of-all-platinum-producers-in-the-red-lonmin-2015-11-27,https://engineeringnews.co.za/article/low-platinum-price-places-50-of-all-platinum-producers-in-the-red-lonmin-2015-11-27,2015,lonmin_only_title_review
Engineering News,https://www.engineeringnews.co.za/article/lower-pgm-gold-prices-result-in-5-yy-decrease-in-sibanyes-third-quarter-ebitda-2021-10-28,https://engineeringnews.co.za/article/lower-pgm-gold-prices-result-in-5-yy-decrease-in-sibanyes-third-quarter-ebitda-2021-10-28,2021,secondary_keyword_only_review
Engineering News,https://www.engineeringnews.co.za/article/lrc-holding-saps-and-lonmin-responsible-for-deaths-and-injuries-of-mineworkers-2014-11-14,https://engineeringnews.co.za/article/lrc-holding-saps-and-lonmin-responsible-for-deaths-and-injuries-of-mineworkers-2014-11-14,2014,lonmin_only_title_review
Engineering News,https://www.engineeringnews.co.za/article/magara-seizes-dual-role-at-lonmin-2017-03-16,https://engineeringnews.co.za/article/magara-seizes-dual-role-at-lonmin-2017-03-16,2017,lonmin_only_title_review
Engineering News,https://www.engineeringnews.co.za/article/magara-seizes-lonmin-coo-opportunity-as-he-grasps-low-price-nettle-2017-03-13,https://engineeringnews.co.za/article/magara-seizes-lonmin-coo-opportunity-as-he-grasps-low-price-nettle-2017-03-13,2017,lonmin_only_title_review
Engineering News,https://www.engineeringnews.co.za/article/magara-takes-the-reins-at-lonmin-furnace-restarted-2013-07-01,https://engineeringnews.co.za/article/magara-takes-the-reins-at-lonmin-furnace-restarted-2013-07-01,2013,lonmin_only_title_review
Engineering News,https://www.engineeringnews.co.za/article/magara-takes-the-reins-at-lonmin-furnace-restarted-2013-07-12,https://engineeringnews.co.za/article/magara-takes-the-reins-at-lonmin-furnace-restarted-2013-07-12,2013,lonmin_only_title_review
Engineering News,https://www.engineeringnews.co.za/article/magna-closes-lonmin-canada-acquisition-2022-11-08,https://engineeringnews.co.za/article/magna-closes-lonmin-canada-acquisition-2022-11-08,2022,lonmin_only_title_review
Engineering News,https://www.engineeringnews.co.za/article/magna-mining-buys-lonmin-canada-2022-08-17,https://engineeringnews.co.za/article/magna-mining-buys-lonmin-canada-2022-08-17,2022,lonmin_only_title_review
Engineering News,https://www.engineeringnews.co.za/article/mantashe-calls-on-police-minister-to-safeguard-carletonville-community-amid-sibanye-strike-2019-03-05,https://engineeringnews.co.za/article/mantashe-calls-on-police-minister-to-safeguard-carletonville-community-amid-sibanye-strike-2019-03-05,2019,secondary_keyword_only_review
Engineering News,https://www.engineeringnews.co.za/article/mantashe-calls-on-sibanye-to-resolve-ongoing-workers-strike-2018-11-30,https://engineeringnews.co.za/article/mantashe-calls-on-sibanye-to-resolve-ongoing-workers-strike-2018-11-30,2018,secondary_keyword_only_review
Engineering News,https://www.engineeringnews.co.za/article/mantashe-meets-with-sibanye-unions-after-members-boo-ramaphosa-off-stage-on-workers-day-2022-05-04,https://engineeringnews.co.za/article/mantashe-meets-with-sibanye-unions-after-members-boo-ramaphosa-off-stage-on-workers-day-2022-05-04,2022,secondary_keyword_only_review
Engineering News,https://www.engineeringnews.co.za/article/mantashe-oliphant-welcome-end-to-sibanye-stillwater-gold-strike-2019-04-18,https://engineeringnews.co.za/article/mantashe-oliphant-welcome-end-to-sibanye-stillwater-gold-strike-2019-04-18,2019,secondary_keyword_only_review
Engineering News,https://www.engineeringnews.co.za/article/mantashe-sibanye-stillwater-clash-over-us-minerals-plan-2025-08-06,https://engineeringnews.co.za/article/mantashe-sibanye-stillwater-clash-over-us-minerals-plan-2025-08-06,2025,exclude_outside_period
Engineering News,https://www.engineeringnews.co.za/article/mantashe-to-receive-r1m-of-ppe-from-sibanye-stillwater-2020-05-05,https://engineeringnews.co.za/article/mantashe-to-receive-r1m-of-ppe-from-sibanye-stillwater-2020-05-05,2020,secondary_keyword_only_review
Engineering News,https://www.engineeringnews.co.za/article/mantashe-urges-sibanye-stillwater-to-prioritise-health-safety-2018-05-04,https://engineeringnews.co.za/article/mantashe-urges-sibanye-stillwater-to-prioritise-health-safety-2018-05-04,2018,secondary_keyword_only_review
Engineering News,https://www.engineeringnews.co.za/article/maphai-to-succeed-moloko-as-sibanye-chairperson-2019-05-29,https://engineeringnews.co.za/article/maphai-to-succeed-moloko-as-sibanye-chairperson-2019-05-29,2019,secondary_keyword_only_review
Engineering News,https://www.engineeringnews.co.za/article/maphai-to-succeed-moloko-as-sibanye-chairperson-2019-06-07,https://engineeringnews.co.za/article/maphai-to-succeed-moloko-as-sibanye-chairperson-2019-06-07,2019,secondary_keyword_only_review
Engineering News,https://www.engineeringnews.co.za/article/marikana-anniversary-highlights-need-for-trust-shared-responsibility-2026-08-18,https://engineeringnews.co.za/article/marikana-anniversary-highlights-need-for-trust-shared-responsibility-2026-08-18,2026,exclude_outside_period
Engineering News,https://www.engineeringnews.co.za/article/marikana-application-dismissed-2015-06-15,https://engineeringnews.co.za/article/marikana-application-dismissed-2015-06-15,2015,explicit_case_title_review
Engineering News,https://www.engineeringnews.co.za/article/marikana-bereaved-say-no-healing-can-occur-until-someone-takes-responsibility-2022-08-18,https://engineeringnews.co.za/article/marikana-bereaved-say-no-healing-can-occur-until-someone-takes-responsibility-2022-08-18,2022,already_screened
Engineering News,https://www.engineeringnews.co.za/article/marikana-commission-cant-be-blamed-for-fact-that-there-were-no-prosecutions-judge-farlam-2019-08-16,https://engineeringnews.co.za/article/marikana-commission-cant-be-blamed-for-fact-that-there-were-no-prosecutions-judge-farlam-2019-08-16,2019,explicit_case_title_review
Engineering News,https://www.engineeringnews.co.za/article/marikana-commission-findings-to-be-implemented-zuma-2015-06-26,https://engineeringnews.co.za/article/marikana-commission-findings-to-be-implemented-zuma-2015-06-26,2015,explicit_case_title_review
Engineering News,https://www.engineeringnews.co.za/article/marikana-events-happened-under-our-watch-anc-admits-2021-08-16,https://engineeringnews.co.za/article/marikana-events-happened-under-our-watch-anc-admits-2021-08-16,2021,explicit_case_title_review
Engineering News,https://www.engineeringnews.co.za/article/marikana-families-sue-police-for-millions-2013-03-01,https://engineeringnews.co.za/article/marikana-families-sue-police-for-millions-2013-03-01,2013,explicit_case_title_review
Engineering News,https://www.engineeringnews.co.za/article/marikana-families-sue-police-minister-2015-08-12,https://engineeringnews.co.za/article/marikana-families-sue-police-minister-2015-08-12,2015,explicit_case_title_review
Engineering News,https://www.engineeringnews.co.za/article/marikana-forced-saps-to-correct-where-it-went-wrong-bheki-cele-2021-03-29,https://engineeringnews.co.za/article/marikana-forced-saps-to-correct-where-it-went-wrong-bheki-cele-2021-03-29,2021,explicit_case_title_review
Engineering News,https://www.engineeringnews.co.za/article/marikana-k4-platinum-group-metals-project-south-africa-update-2025-09-05,https://engineeringnews.co.za/article/marikana-k4-platinum-group-metals-project-south-africa-update-2025-09-05,2025,exclude_outside_period
Engineering News,https://www.engineeringnews.co.za/article/marikana-k4platinum-group-metals-project-south-africa-update-2023-03-03,https://engineeringnews.co.za/article/marikana-k4platinum-group-metals-project-south-africa-update-2023-03-03,2023,explicit_case_title_review
Engineering News,https://www.engineeringnews.co.za/article/marikana-k4platinum-group-metals-project-south-africa-update-2023-04-07,https://engineeringnews.co.za/article/marikana-k4platinum-group-metals-project-south-africa-update-2023-04-07,2023,explicit_case_title_review
Engineering News,https://www.engineeringnews.co.za/article/marikana-k4platinum-group-metals-project-south-africa-update-2023-09-22,https://engineeringnews.co.za/article/marikana-k4platinum-group-metals-project-south-africa-update-2023-09-22,2023,explicit_case_title_review
Engineering News,https://www.engineeringnews.co.za/article/marikana-k4platinum-group-metals-project-south-africa-update-2023-11-10,https://engineeringnews.co.za/article/marikana-k4platinum-group-metals-project-south-africa-update-2023-11-10,2023,explicit_case_title_review
Engineering News,https://www.engineeringnews.co.za/article/marikana-k4platinum-group-metals-project-south-africa-update-2024-05-17,https://engineeringnews.co.za/article/marikana-k4platinum-group-metals-project-south-africa-update-2024-05-17,2024,exclude_outside_period
Engineering News,https://www.engineeringnews.co.za/article/marikana-lawyers-government-mull-compensation-2017-08-01,https://engineeringnews.co.za/article/marikana-lawyers-government-mull-compensation-2017-08-01,2017,explicit_case_title_review
Engineering News,https://www.engineeringnews.co.za/article/marikana-legal-aid-what-we-wanted-organisation-2015-09-25,https://engineeringnews.co.za/article/marikana-legal-aid-what-we-wanted-organisation-2015-09-25,2015,explicit_case_title_review
Engineering News,https://www.engineeringnews.co.za/article/marikana-massacre-as-anc-trumpets-r170m-paid-to-victims-families-calls-for-justice-rage-on-2023-08-16,https://engineeringnews.co.za/article/marikana-massacre-as-anc-trumpets-r170m-paid-to-victims-families-calls-for-justice-rage-on-2023-08-16,2023,explicit_case_title_review
Engineering News,https://www.engineeringnews.co.za/article/marikana-massacre-to-be-commemorated-at-hillside-where-massacre-occurred-2017-08-16,https://engineeringnews.co.za/article/marikana-massacre-to-be-commemorated-at-hillside-where-massacre-occurred-2017-08-16,2017,explicit_case_title_review
Engineering News,https://www.engineeringnews.co.za/article/marikana-memorial-lecture-speakers-issue-call-to-rebuild-2023-08-14,https://engineeringnews.co.za/article/marikana-memorial-lecture-speakers-issue-call-to-rebuild-2023-08-14,2023,explicit_case_title_review
Engineering News,https://www.engineeringnews.co.za/article/marikana-miners-go-to-court-to-force-zuma-to-release-report-2015-05-25,https://engineeringnews.co.za/article/marikana-miners-go-to-court-to-force-zuma-to-release-report-2015-05-25,2015,explicit_case_title_review
Engineering News,https://www.engineeringnews.co.za/article/marikana-mineworkers-case-postponed-again-2019-05-07,https://engineeringnews.co.za/article/marikana-mineworkers-case-postponed-again-2019-05-07,2019,explicit_case_title_review
Engineering News,https://www.engineeringnews.co.za/article/marikana-mineworkers-in-court-for-2012-incidents-2017-02-21,https://engineeringnews.co.za/article/marikana-mineworkers-in-court-for-2012-incidents-2017-02-21,2017,explicit_case_title_review
Engineering News,https://www.engineeringnews.co.za/article/marikana-renewal-programme-marks-progress-but-several-matters-around-massacre-still-unresolved-2025-08-22,https://engineeringnews.co.za/article/marikana-renewal-programme-marks-progress-but-several-matters-around-massacre-still-unresolved-2025-08-22,2025,exclude_outside_period
Engineering News,https://www.engineeringnews.co.za/article/marikana-report-2015-06-25,https://engineeringnews.co.za/article/marikana-report-2015-06-25,2015,already_screened
Engineering News,https://www.engineeringnews.co.za/article/marikana-report-response-2015-07-10,https://engineeringnews.co.za/article/marikana-report-response-2015-07-10,2015,explicit_case_title_review
Engineering News,https://www.engineeringnews.co.za/article/marikana-report-to-zuma-by-tuesday-2015-03-30,https://engineeringnews.co.za/article/marikana-report-to-zuma-by-tuesday-2015-03-30,2015,explicit_case_title_review
Engineering News,https://www.engineeringnews.co.za/article/marikana-students-to-qualify-with-matric-certificate-and-technical-diploma-2013-04-05,https://engineeringnews.co.za/article/marikana-students-to-qualify-with-matric-certificate-and-technical-diploma-2013-04-05,2013,explicit_case_title_review
Engineering News,https://www.engineeringnews.co.za/article/marikana-tradgedy-has-changed-industry-forever-consultancy-2013-04-26,https://engineeringnews.co.za/article/marikana-tradgedy-has-changed-industry-forever-consultancy-2013-04-26,2013,explicit_case_title_review
Engineering News,https://www.engineeringnews.co.za/article/marikana-trial-miners-may-have-been-in-possession-of-60-rounds-of-ammunition---defence-lawyer-2021-05-25,https://engineeringnews.co.za/article/marikana-trial-miners-may-have-been-in-possession-of-60-rounds-of-ammunition---defence-lawyer-2021-05-25,2021,explicit_case_title_review
Engineering News,https://www.engineeringnews.co.za/article/marikana-trial-provoked-miners-posed-no-threat-when-tear-gas-stun-grenades-were-fired-at-them-2021-05-27,https://engineeringnews.co.za/article/marikana-trial-provoked-miners-posed-no-threat-when-tear-gas-stun-grenades-were-fired-at-them-2021-05-27,2021,explicit_case_title_review
Engineering News,https://www.engineeringnews.co.za/article/marikana-us-assets-boost-lonmins-pgm-resources-reserves-2020-02-18,https://engineeringnews.co.za/article/marikana-us-assets-boost-lonmins-pgm-resources-reserves-2020-02-18,2020,already_screened
Engineering News,https://www.engineeringnews.co.za/article/marikanamassacre-commemorated-with-second-yearly-memorial-lecture-2021-08-17,https://engineeringnews.co.za/article/marikanamassacre-commemorated-with-second-yearly-memorial-lecture-2021-08-17,2021,explicit_case_title_review
Engineering News,https://www.engineeringnews.co.za/article/mathunjwa-confirms-platinum-strikers-holding-firm-to-wage-demands-2014-02-05,https://engineeringnews.co.za/article/mathunjwa-confirms-platinum-strikers-holding-firm-to-wage-demands-2014-02-05,2014,secondary_keyword_only_review
Engineering News,https://www.engineeringnews.co.za/article/mathunjwa-to-address-imminent-deregistration-of-amcu-2019-04-26,https://engineeringnews.co.za/article/mathunjwa-to-address-imminent-deregistration-of-amcu-2019-04-26,2019,secondary_keyword_only_review
Engineering News,https://www.engineeringnews.co.za/article/mdm-receives-order-to-execute-sibanye-golds-driefontein-dp2-cil-circuit-installation-plant-2014-04-23,https://engineeringnews.co.za/article/mdm-receives-order-to-execute-sibanye-golds-driefontein-dp2-cil-circuit-installation-plant-2014-04-23,2014,secondary_keyword_only_review
Engineering News,https://www.engineeringnews.co.za/article/measures-to-address-loss-making-assets-expected-to-secure-r66bn-sibanye-agm-hears-2024-05-28,https://engineeringnews.co.za/article/measures-to-address-loss-making-assets-expected-to-secure-r66bn-sibanye-agm-hears-2024-05-28,2024,exclude_outside_period
Engineering News,https://www.engineeringnews.co.za/article/merafe-to-suspend-operations-at-boshoek-wonderkop-smelters-in-may-2025-04-25,https://engineeringnews.co.za/article/merafe-to-suspend-operations-at-boshoek-wonderkop-smelters-in-may-2025-04-25,2025,exclude_outside_period
Engineering News,https://www.engineeringnews.co.za/article/metalloys-drdgold-and-marikana-memorial-lecture-make-headlines-2024-08-23,https://engineeringnews.co.za/article/metalloys-drdgold-and-marikana-memorial-lecture-make-headlines-2024-08-23,2024,exclude_outside_period
Engineering News,https://www.engineeringnews.co.za/article/militias-defending-jacob-zuma-from-arrest-could-lead-to-another-marikana-warns-frank-chikane-2021-03-19,https://engineeringnews.co.za/article/militias-defending-jacob-zuma-from-arrest-could-lead-to-another-marikana-warns-frank-chikane-2021-03-19,2021,explicit_case_title_review
Engineering News,https://www.engineeringnews.co.za/article/miner-dies-at-lonmins-jv-pandora-following-fall-of-ground-accident-2016-04-07,https://engineeringnews.co.za/article/miner-dies-at-lonmins-jv-pandora-following-fall-of-ground-accident-2016-04-07,2016,lonmin_only_title_review
Engineering News,https://www.engineeringnews.co.za/article/miner-killed-in-accident-at-sibanyes-driefontein-mine-2018-06-01,https://engineeringnews.co.za/article/miner-killed-in-accident-at-sibanyes-driefontein-mine-2018-06-01,2018,secondary_keyword_only_review
Engineering News,https://www.engineeringnews.co.za/article/miner-lonmin-narrows-first-half-loss-cuts-annual-spending-target-2018-05-14,https://engineeringnews.co.za/article/miner-lonmin-narrows-first-half-loss-cuts-annual-spending-target-2018-05-14,2018,lonmin_only_title_review
Engineering News,https://www.engineeringnews.co.za/article/minerals-council-sibanye-condemn-false-covid-19-reports-2020-03-23,https://engineeringnews.co.za/article/minerals-council-sibanye-condemn-false-covid-19-reports-2020-03-23,2020,secondary_keyword_only_review
Engineering News,https://www.engineeringnews.co.za/article/minerals-exploration-sibanye-stillwater-structural-issues-make-headlines-2021-10-15,https://engineeringnews.co.za/article/minerals-exploration-sibanye-stillwater-structural-issues-make-headlines-2021-10-15,2021,secondary_keyword_only_review
Engineering News,https://www.engineeringnews.co.za/article/miners-regress-on-arv-treatment-lonmin-2014-04-14,https://engineeringnews.co.za/article/miners-regress-on-arv-treatment-lonmin-2014-04-14,2014,lonmin_only_title_review
Engineering News,https://www.engineeringnews.co.za/article/mines-chief-inspector-compiling-report-on-sibanye-stillwater-accidents-mantashe-2018-06-18,https://engineeringnews.co.za/article/mines-chief-inspector-compiling-report-on-sibanye-stillwater-accidents-mantashe-2018-06-18,2018,secondary_keyword_only_review
Engineering News,https://www.engineeringnews.co.za/article/mineworkers-held-back-at-thembelani-shaft-for-their-safety-sibanye-2019-04-30,https://engineeringnews.co.za/article/mineworkers-held-back-at-thembelani-shaft-for-their-safety-sibanye-2019-04-30,2019,secondary_keyword_only_review
Engineering News,https://www.engineeringnews.co.za/article/mining-companies-meet-with-amcu-over-new-demands-2014-06-19,https://engineeringnews.co.za/article/mining-companies-meet-with-amcu-over-new-demands-2014-06-19,2014,secondary_keyword_only_review
Engineering News,https://www.engineeringnews.co.za/article/mining-companies-need-mechanisms-to-solve-conflicts-marikana-memorial-hears-2024-08-20,https://engineeringnews.co.za/article/mining-companies-need-mechanisms-to-solve-conflicts-marikana-memorial-hears-2024-08-20,2024,exclude_outside_period
Engineering News,https://www.engineeringnews.co.za/article/mining-companies-need-mechanisms-to-solve-conflicts-marikana-memorial-hears-2024-09-06,https://engineeringnews.co.za/article/mining-companies-need-mechanisms-to-solve-conflicts-marikana-memorial-hears-2024-09-06,2024,exclude_outside_period
Engineering News,https://www.engineeringnews.co.za/article/mining-companies-reviewing-amcu-response-to-wage-offer-2014-06-17,https://engineeringnews.co.za/article/mining-companies-reviewing-amcu-response-to-wage-offer-2014-06-17,2014,secondary_keyword_only_review
Engineering News,https://www.engineeringnews.co.za/article/mining-employment-sibanye-stillwater-mark-bristow-make-headlines-2025-10-03,https://engineeringnews.co.za/article/mining-employment-sibanye-stillwater-mark-bristow-make-headlines-2025-10-03,2025,exclude_outside_period
Engineering News,https://www.engineeringnews.co.za/article/mining-production-down-47-as-platinum-strike-continues-2014-05-13,https://engineeringnews.co.za/article/mining-production-down-47-as-platinum-strike-continues-2014-05-13,2014,secondary_keyword_only_review
Engineering News,https://www.engineeringnews.co.za/article/mining-production-up-02-yy-79-mm-despite-ongoing-platinum-strike-2014-06-12,https://engineeringnews.co.za/article/mining-production-up-02-yy-79-mm-despite-ongoing-platinum-strike-2014-06-12,2014,secondary_keyword_only_review
Engineering News,https://www.engineeringnews.co.za/article/mining-technology-gets-boost-from-new-wits-sibanye-partnership-2017-11-09,https://engineeringnews.co.za/article/mining-technology-gets-boost-from-new-wits-sibanye-partnership-2017-11-09,2017,secondary_keyword_only_review
Engineering News,https://www.engineeringnews.co.za/article/mining-technology-gets-boost-from-new-wits-sibanye-partnership-2017-11-17,https://engineeringnews.co.za/article/mining-technology-gets-boost-from-new-wits-sibanye-partnership-2017-11-17,2017,secondary_keyword_only_review
Engineering News,https://www.engineeringnews.co.za/article/mining-unions-prepare-for-massive-strike-at-sibanyes-gold-operations-2022-02-24,https://engineeringnews.co.za/article/mining-unions-prepare-for-massive-strike-at-sibanyes-gold-operations-2022-02-24,2022,secondary_keyword_only_review
Engineering News,https://www.engineeringnews.co.za/article/minings-biggest-loser-lonmin-is-burning-cash-to-stay-alive-2017-03-17,https://engineeringnews.co.za/article/minings-biggest-loser-lonmin-is-burning-cash-to-stay-alive-2017-03-17,2017,lonmin_only_title_review
Engineering News,https://www.engineeringnews.co.za/article/minings-whos-who-leave-amcu-out-to-dry-as-accord-is-signed-2013-07-03,https://engineeringnews.co.za/article/minings-whos-who-leave-amcu-out-to-dry-as-accord-is-signed-2013-07-03,2013,secondary_keyword_only_review
Engineering News,https://www.engineeringnews.co.za/article/minister-pleads-for-resolution-at-mondays-platinum-strike-meeting-2014-06-09,https://engineeringnews.co.za/article/minister-pleads-for-resolution-at-mondays-platinum-strike-meeting-2014-06-09,2014,secondary_keyword_only_review
Engineering News,https://www.engineeringnews.co.za/article/minister-sets-up-technical-team-to-resolve-platinum-strike-2014-05-28,https://engineeringnews.co.za/article/minister-sets-up-technical-team-to-resolve-platinum-strike-2014-05-28,2014,secondary_keyword_only_review
Engineering News,https://www.engineeringnews.co.za/article/ministers-to-visit-marikana-2013-05-16,https://engineeringnews.co.za/article/ministers-to-visit-marikana-2013-05-16,2013,explicit_case_title_review
Engineering News,https://www.engineeringnews.co.za/article/missing-millions-from-lonmin-fund-prompts-community-pay-reform-2016-08-04,https://engineeringnews.co.za/article/missing-millions-from-lonmin-fund-prompts-community-pay-reform-2016-08-04,2016,lonmin_only_title_review
Engineering News,https://www.engineeringnews.co.za/article/moodys-reaffirms-sibanyes-credit-rating-2018-07-06,https://engineeringnews.co.za/article/moodys-reaffirms-sibanyes-credit-rating-2018-07-06,2018,secondary_keyword_only_review
Engineering News,https://www.engineeringnews.co.za/article/moodys-upgrades-sibanye-stillwaters-credit-rating-2022-05-03,https://engineeringnews.co.za/article/moodys-upgrades-sibanye-stillwaters-credit-rating-2022-05-03,2022,secondary_keyword_only_review
Engineering News,https://www.engineeringnews.co.za/article/moolman-appointed-lonmin-coo-2015-03-17,https://engineeringnews.co.za/article/moolman-appointed-lonmin-coo-2015-03-17,2015,lonmin_only_title_review
Engineering News,https://www.engineeringnews.co.za/article/moratorium-aside-zwane-approves-lonmins-bid-to-acquire-anglos-pandora-stake-2017-07-26,https://engineeringnews.co.za/article/moratorium-aside-zwane-approves-lonmins-bid-to-acquire-anglos-pandora-stake-2017-07-26,2017,lonmin_only_title_review
Engineering News,https://www.engineeringnews.co.za/article/more-renewable-energy-secured-by-sibanye-stillwater-for-its-south-african-mines-2026-02-06,https://engineeringnews.co.za/article/more-renewable-energy-secured-by-sibanye-stillwater-for-its-south-african-mines-2026-02-06,2026,exclude_outside_period
Engineering News,https://www.engineeringnews.co.za/article/more-than-4-000-jobs-on-the-line-as-sibanye-considers-future-of-four-south-african-pgm-shafts-2023-10-25,https://engineeringnews.co.za/article/more-than-4-000-jobs-on-the-line-as-sibanye-considers-future-of-four-south-african-pgm-shafts-2023-10-25,2023,already_screened
Engineering News,https://www.engineeringnews.co.za/article/nearly-a-quarter-of-sibanyes-south-african-employees-now-vaccinated-2021-07-29,https://engineeringnews.co.za/article/nearly-a-quarter-of-sibanyes-south-african-employees-now-vaccinated-2021-07-29,2021,secondary_keyword_only_review
Engineering News,https://www.engineeringnews.co.za/article/nedlac-wants-platinum-strike-resolved-2014-05-19,https://engineeringnews.co.za/article/nedlac-wants-platinum-strike-resolved-2014-05-19,2014,secondary_keyword_only_review
Engineering News,https://www.engineeringnews.co.za/article/negotiation-was-marikana-panacea-ramaphosa-2014-08-11,https://engineeringnews.co.za/article/negotiation-was-marikana-panacea-ramaphosa-2014-08-11,2014,already_screened
Engineering News,https://www.engineeringnews.co.za/article/neo-energy-acquires-sibanye-stillwaters-beatrix-4-shaft-including-the-beisa-uranium-project-2024-12-09,https://engineeringnews.co.za/article/neo-energy-acquires-sibanye-stillwaters-beatrix-4-shaft-including-the-beisa-uranium-project-2024-12-09,2024,exclude_outside_period
Engineering News,https://www.engineeringnews.co.za/article/neo-energy-advances-beisa-acquisition-from-sibanye-stillwater-2025-03-10,https://engineeringnews.co.za/article/neo-energy-advances-beisa-acquisition-from-sibanye-stillwater-2025-03-10,2025,exclude_outside_period
Engineering News,https://www.engineeringnews.co.za/article/neo-energy-metals-subsidiary-signs-site-access-agreement-with-sibanye-stillwater-2026-07-24,https://engineeringnews.co.za/article/neo-energy-metals-subsidiary-signs-site-access-agreement-with-sibanye-stillwater-2026-07-24,2026,exclude_outside_period
Engineering News,https://www.engineeringnews.co.za/article/never-again-can-we-allow-such-a-tragedy-to-befall-our-nation-ramaphosa-on-marikana-massacre-2019-08-16,https://engineeringnews.co.za/article/never-again-can-we-allow-such-a-tragedy-to-befall-our-nation-ramaphosa-on-marikana-massacre-2019-08-16,2019,explicit_case_title_review
Engineering News,https://www.engineeringnews.co.za/article/new-fund-approved-by-sibanye-to-foster-rd-2022-04-22,https://engineeringnews.co.za/article/new-fund-approved-by-sibanye-to-foster-rd-2022-04-22,2022,secondary_keyword_only_review
Engineering News,https://www.engineeringnews.co.za/article/new-horizons-for-uranium-as-a-green-metal-sibanye-stillwater-2021-09-10,https://engineeringnews.co.za/article/new-horizons-for-uranium-as-a-green-metal-sibanye-stillwater-2021-09-10,2021,secondary_keyword_only_review
Engineering News,https://www.engineeringnews.co.za/article/new-longer-term-platinum-metal-applications-needed-sibanye-stillwater-headlines-2026-06-25,https://engineeringnews.co.za/article/new-longer-term-platinum-metal-applications-needed-sibanye-stillwater-headlines-2026-06-25,2026,exclude_outside_period
Engineering News,https://www.engineeringnews.co.za/article/new-longer-term-platinum-metal-applications-needed-sibanye-stillwater-headlines-2026-07-10,https://engineeringnews.co.za/article/new-longer-term-platinum-metal-applications-needed-sibanye-stillwater-headlines-2026-07-10,2026,exclude_outside_period
Engineering News,https://www.engineeringnews.co.za/article/new-positive-wind-blowing-through-south-african-mining-sibanye-2016-07-28,https://engineeringnews.co.za/article/new-positive-wind-blowing-through-south-african-mining-sibanye-2016-07-28,2016,secondary_keyword_only_review
Engineering News,https://www.engineeringnews.co.za/article/new-positive-wind-blowing-through-south-african-mining-sibanye-2016-08-12,https://engineeringnews.co.za/article/new-positive-wind-blowing-through-south-african-mining-sibanye-2016-08-12,2016,secondary_keyword_only_review
Engineering News,https://www.engineeringnews.co.za/article/new-york-court-dismisses-class-action-against-sibanye-stillwater-2020-11-12,https://engineeringnews.co.za/article/new-york-court-dismisses-class-action-against-sibanye-stillwater-2020-11-12,2020,secondary_keyword_only_review
Engineering News,https://www.engineeringnews.co.za/article/new-york-court-dismisses-class-action-against-sibanye-stillwater-2020-11-27,https://engineeringnews.co.za/article/new-york-court-dismisses-class-action-against-sibanye-stillwater-2020-11-27,2020,secondary_keyword_only_review
Engineering News,https://www.engineeringnews.co.za/article/niron-metals-sibanye-stillwater-and-barrick-gold-make-headlines-2019-02-27,https://engineeringnews.co.za/article/niron-metals-sibanye-stillwater-and-barrick-gold-make-headlines-2019-02-27,2019,secondary_keyword_only_review
Engineering News,https://www.engineeringnews.co.za/article/no-current-negotiations-after-amcu-members-resoundingly-rejected-latest-offer-mathunjwa-2014-05-05,https://engineeringnews.co.za/article/no-current-negotiations-after-amcu-members-resoundingly-rejected-latest-offer-mathunjwa-2014-05-05,2014,secondary_keyword_only_review
Engineering News,https://www.engineeringnews.co.za/article/no-need-for-forced-retrenchments-at-amplats-if-contract-labour-terminated-amcu-2013-10-07,https://engineeringnews.co.za/article/no-need-for-forced-retrenchments-at-amplats-if-contract-labour-terminated-amcu-2013-10-07,2013,secondary_keyword_only_review
Engineering News,https://www.engineeringnews.co.za/article/no-need-to-go-deeper-to-grow-sibanye-gold-ceo-2013-02-11,https://engineeringnews.co.za/article/no-need-to-go-deeper-to-grow-sibanye-gold-ceo-2013-02-11,2013,secondary_keyword_only_review
Engineering News,https://www.engineeringnews.co.za/article/no-need-to-go-deeper-to-grow-sibanye-gold-ceo-2013-02-22,https://engineeringnews.co.za/article/no-need-to-go-deeper-to-grow-sibanye-gold-ceo-2013-02-22,2013,secondary_keyword_only_review
Engineering News,https://www.engineeringnews.co.za/article/northam-platinum-strike-continues-2013-11-19,https://engineeringnews.co.za/article/northam-platinum-strike-continues-2013-11-19,2013,secondary_keyword_only_review
Engineering News,https://www.engineeringnews.co.za/article/nothing-comes-before-safe-production-sibanye-stillwater-2018-08-23,https://engineeringnews.co.za/article/nothing-comes-before-safe-production-sibanye-stillwater-2018-08-23,2018,secondary_keyword_only_review
Engineering News,https://www.engineeringnews.co.za/article/nothing-comes-before-safe-production-sibanye-stillwater-2018-08-31,https://engineeringnews.co.za/article/nothing-comes-before-safe-production-sibanye-stillwater-2018-08-31,2018,secondary_keyword_only_review
Engineering News,https://www.engineeringnews.co.za/article/nothing-off-table-as-lonmin-pursues-value-in-low-platinum-price-environment-2017-04-07,https://engineeringnews.co.za/article/nothing-off-table-as-lonmin-pursues-value-in-low-platinum-price-environment-2017-04-07,2017,lonmin_only_title_review
Engineering News,https://www.engineeringnews.co.za/article/nothing-off-table-as-lonmin-pursues-value-in-low-platinum-price-environment-2017-04-07-1,https://engineeringnews.co.za/article/nothing-off-table-as-lonmin-pursues-value-in-low-platinum-price-environment-2017-04-07-1,2017,lonmin_only_title_review
Engineering News,https://www.engineeringnews.co.za/article/now-palladium-comes-under-the-heraeus-sibanye-spotlight-to-boost-hydrogen-economy-2024-02-15,https://engineeringnews.co.za/article/now-palladium-comes-under-the-heraeus-sibanye-spotlight-to-boost-hydrogen-economy-2024-02-15,2024,exclude_outside_period
Engineering News,https://www.engineeringnews.co.za/article/now-palladium-comes-under-the-heraeus-sibanye-spotlight-to-boost-hydrogen-economy-2024-03-01,https://engineeringnews.co.za/article/now-palladium-comes-under-the-heraeus-sibanye-spotlight-to-boost-hydrogen-economy-2024-03-01,2024,exclude_outside_period
Engineering News,https://www.engineeringnews.co.za/article/now-us-shareholders-give-nod-to-sibanye-deal-2017-04-26,https://engineeringnews.co.za/article/now-us-shareholders-give-nod-to-sibanye-deal-2017-04-26,2017,secondary_keyword_only_review
Engineering News,https://www.engineeringnews.co.za/article/num-amcu-call-for-proper-regulation-and-safety-measures-for-mineworkers-2020-04-21,https://engineeringnews.co.za/article/num-amcu-call-for-proper-regulation-and-safety-measures-for-mineworkers-2020-04-21,2020,secondary_keyword_only_review
Engineering News,https://www.engineeringnews.co.za/article/num-amcu-march-to-jse-suspended-2022-04-22,https://engineeringnews.co.za/article/num-amcu-march-to-jse-suspended-2022-04-22,2022,secondary_keyword_only_review
Engineering News,https://www.engineeringnews.co.za/article/num-amcu-to-march-to-jse-in-sibanye-wage-dispute-2022-04-21,https://engineeringnews.co.za/article/num-amcu-to-march-to-jse-in-sibanye-wage-dispute-2022-04-21,2022,secondary_keyword_only_review
Engineering News,https://www.engineeringnews.co.za/article/num-amcu-to-ramp-up-sibanye-gold-strike-down-tools-at-affiliated-platinum-mines-2022-04-12,https://engineeringnews.co.za/article/num-amcu-to-ramp-up-sibanye-gold-strike-down-tools-at-affiliated-platinum-mines-2022-04-12,2022,secondary_keyword_only_review
Engineering News,https://www.engineeringnews.co.za/article/num-calls-for-sibanyes-gold-mining-rights-to-be-revoked-2022-05-23,https://engineeringnews.co.za/article/num-calls-for-sibanyes-gold-mining-rights-to-be-revoked-2022-05-23,2022,secondary_keyword_only_review
Engineering News,https://www.engineeringnews.co.za/article/num-demands-arrests-of-perpetrators-of-violence-at-sibanye-stillwater-2019-04-04,https://engineeringnews.co.za/article/num-demands-arrests-of-perpetrators-of-violence-at-sibanye-stillwater-2019-04-04,2019,secondary_keyword_only_review
Engineering News,https://www.engineeringnews.co.za/article/num-demands-immediate-removal-of-froneman-as-sibanye-ceo-2022-03-11,https://engineeringnews.co.za/article/num-demands-immediate-removal-of-froneman-as-sibanye-ceo-2022-03-11,2022,secondary_keyword_only_review
Engineering News,https://www.engineeringnews.co.za/article/num-has-until-july-to-regain-majority-at-lonmin-2013-05-29,https://engineeringnews.co.za/article/num-has-until-july-to-regain-majority-at-lonmin-2013-05-29,2013,lonmin_only_title_review
Engineering News,https://www.engineeringnews.co.za/article/num-lambastes-sibanyes-legal-bid-against-dmr-over-section-54-stoppages-2017-01-30,https://engineeringnews.co.za/article/num-lambastes-sibanyes-legal-bid-against-dmr-over-section-54-stoppages-2017-01-30,2017,secondary_keyword_only_review
Engineering News,https://www.engineeringnews.co.za/article/num-lonmin-chairperson-shot-dead-in-marikana-2013-10-18,https://engineeringnews.co.za/article/num-lonmin-chairperson-shot-dead-in-marikana-2013-10-18,2013,already_screened
Engineering News,https://www.engineeringnews.co.za/article/num-member-dies-after-attack-at-sibanyes-cooke-operation-2016-10-06,https://engineeringnews.co.za/article/num-member-dies-after-attack-at-sibanyes-cooke-operation-2016-10-06,2016,secondary_keyword_only_review
Engineering News,https://www.engineeringnews.co.za/article/num-member-gunned-down-at-lonmin-hostel-2013-06-03,https://engineeringnews.co.za/article/num-member-gunned-down-at-lonmin-hostel-2013-06-03,2013,lonmin_only_title_review
Engineering News,https://www.engineeringnews.co.za/article/num-plans-sibanye-protest-march-2015-03-24,https://engineeringnews.co.za/article/num-plans-sibanye-protest-march-2015-03-24,2015,secondary_keyword_only_review
Engineering News,https://www.engineeringnews.co.za/article/num-says-branch-leader-at-lonmin-unit-shot-dead-2018-01-19,https://engineeringnews.co.za/article/num-says-branch-leader-at-lonmin-unit-shot-dead-2018-01-19,2018,lonmin_only_title_review
Engineering News,https://www.engineeringnews.co.za/article/num-shocked-by-lonmin-cutting-thousands-of-jobs-2015-07-24,https://engineeringnews.co.za/article/num-shocked-by-lonmin-cutting-thousands-of-jobs-2015-07-24,2015,lonmin_only_title_review
Engineering News,https://www.engineeringnews.co.za/article/num-to-fight-lonmin-job-losses-2015-05-08,https://engineeringnews.co.za/article/num-to-fight-lonmin-job-losses-2015-05-08,2015,lonmin_only_title_review
Engineering News,https://www.engineeringnews.co.za/article/num-to-march-against-closure-of-sibanyes-cooke-4-shaft-2016-09-05,https://engineeringnews.co.za/article/num-to-march-against-closure-of-sibanyes-cooke-4-shaft-2016-09-05,2016,secondary_keyword_only_review
Engineering News,https://www.engineeringnews.co.za/article/num-to-march-against-sale-of-sibanye-hospital-2014-03-19,https://engineeringnews.co.za/article/num-to-march-against-sale-of-sibanye-hospital-2014-03-19,2014,secondary_keyword_only_review
Engineering News,https://www.engineeringnews.co.za/article/num-to-sign-wage-agreement-with-sibanye-stillwater-2024-11-07,https://engineeringnews.co.za/article/num-to-sign-wage-agreement-with-sibanye-stillwater-2024-11-07,2024,exclude_outside_period
Engineering News,https://www.engineeringnews.co.za/article/num-uasa-unions-back-strike-at-sibanye-stillwater-gold-mines-2022-03-03,https://engineeringnews.co.za/article/num-uasa-unions-back-strike-at-sibanye-stillwater-gold-mines-2022-03-03,2022,secondary_keyword_only_review
Engineering News,https://www.engineeringnews.co.za/article/num-wants-members-at-lonmin-back-2013-07-11,https://engineeringnews.co.za/article/num-wants-members-at-lonmin-back-2013-07-11,2013,lonmin_only_title_review
Engineering News,https://www.engineeringnews.co.za/article/numsa-dismayed-by-labour-departments-intention-to-de-register-amcu-as-a-union-2019-04-26,https://engineeringnews.co.za/article/numsa-dismayed-by-labour-departments-intention-to-de-register-amcu-as-a-union-2019-04-26,2019,secondary_keyword_only_review
Engineering News,https://www.engineeringnews.co.za/article/old-mutual-decreases-lonmin-voting-rights-2014-10-02,https://engineeringnews.co.za/article/old-mutual-decreases-lonmin-voting-rights-2014-10-02,2014,lonmin_only_title_review
Engineering News,https://www.engineeringnews.co.za/article/ongoing-interventions-improve-sibanye-stillwater-safety-2018-11-01,https://engineeringnews.co.za/article/ongoing-interventions-improve-sibanye-stillwater-safety-2018-11-01,2018,secondary_keyword_only_review
Engineering News,https://www.engineeringnews.co.za/article/ongoing-interventions-improve-sibanye-stillwater-safety-2018-11-09,https://engineeringnews.co.za/article/ongoing-interventions-improve-sibanye-stillwater-safety-2018-11-09,2018,secondary_keyword_only_review
Engineering News,https://www.engineeringnews.co.za/article/operational-glitches-dent-sibanyes-q1-output-as-it-readies-for-wage-talk-season-2015-05-04,https://engineeringnews.co.za/article/operational-glitches-dent-sibanyes-q1-output-as-it-readies-for-wage-talk-season-2015-05-04,2015,secondary_keyword_only_review
Engineering News,https://www.engineeringnews.co.za/article/operational-glitches-dent-sibanyes-q1-output-as-it-readies-for-wage-talk-season-2015-05-15,https://engineeringnews.co.za/article/operational-glitches-dent-sibanyes-q1-output-as-it-readies-for-wage-talk-season-2015-05-15,2015,secondary_keyword_only_review
Engineering News,https://www.engineeringnews.co.za/article/operations-at-sibanyes-thembelani-shaft-resume-2019-05-03,https://engineeringnews.co.za/article/operations-at-sibanyes-thembelani-shaft-resume-2019-05-03,2019,secondary_keyword_only_review
Engineering News,https://www.engineeringnews.co.za/article/operations-resume-at-sibanyes-cooke-mine-2016-10-05,https://engineeringnews.co.za/article/operations-resume-at-sibanyes-cooke-mine-2016-10-05,2016,secondary_keyword_only_review
Engineering News,https://www.engineeringnews.co.za/article/opposition-parties-condemn-zumas-defence-on-marikana-cops-2015-06-24,https://engineeringnews.co.za/article/opposition-parties-condemn-zumas-defence-on-marikana-cops-2015-06-24,2015,explicit_case_title_review
Engineering News,https://www.engineeringnews.co.za/article/outstanding-marikana-matters-set-for-completion-by-month-end-2022-08-10,https://engineeringnews.co.za/article/outstanding-marikana-matters-set-for-completion-by-month-end-2022-08-10,2022,explicit_case_title_review
Engineering News,https://www.engineeringnews.co.za/article/palladium-propelled-us-buy-quickly-paying-its-own-way-sibanye-stillwater-2017-08-31,https://engineeringnews.co.za/article/palladium-propelled-us-buy-quickly-paying-its-own-way-sibanye-stillwater-2017-08-31,2017,secondary_keyword_only_review
Engineering News,https://www.engineeringnews.co.za/article/pgm-price-decline-lower-us-output-to-see-sibanye-stillwater-earnings-fall-2023-08-18,https://engineeringnews.co.za/article/pgm-price-decline-lower-us-output-to-see-sibanye-stillwater-earnings-fall-2023-08-18,2023,secondary_keyword_only_review
Engineering News,https://www.engineeringnews.co.za/article/pgm-price-underpin-by-investment-speculation-expected-to-persist-sibanye-stillwater-2026-04-20,https://engineeringnews.co.za/article/pgm-price-underpin-by-investment-speculation-expected-to-persist-sibanye-stillwater-2026-04-20,2026,exclude_outside_period
Engineering News,https://www.engineeringnews.co.za/article/pgms-operations-offset-strike-induced-gold-losses-at-sibanye-stillwater-2019-05-09,https://engineeringnews.co.za/article/pgms-operations-offset-strike-induced-gold-losses-at-sibanye-stillwater-2019-05-09,2019,secondary_keyword_only_review
Engineering News,https://www.engineeringnews.co.za/article/pgms-operations-offset-strike-induced-gold-losses-at-sibanye-stillwater-2019-05-09-1,https://engineeringnews.co.za/article/pgms-operations-offset-strike-induced-gold-losses-at-sibanye-stillwater-2019-05-09-1,2019,secondary_keyword_only_review
Engineering News,https://www.engineeringnews.co.za/article/pgms-project-will-ensure-marikanas-sustainability-for-50-years-plus-sibanye-2021-03-02,https://engineeringnews.co.za/article/pgms-project-will-ensure-marikanas-sustainability-for-50-years-plus-sibanye-2021-03-02,2021,explicit_case_title_review
Engineering News,https://www.engineeringnews.co.za/article/pic-faces-dilemma-over-backing-lonmin-deal-2019-05-23,https://engineeringnews.co.za/article/pic-faces-dilemma-over-backing-lonmin-deal-2019-05-23,2019,lonmin_only_title_review
Engineering News,https://www.engineeringnews.co.za/article/pic-lifts-stake-in-sibanye-above-10-2019-10-24,https://engineeringnews.co.za/article/pic-lifts-stake-in-sibanye-above-10-2019-10-24,2019,secondary_keyword_only_review
Engineering News,https://www.engineeringnews.co.za/article/pic-lifts-stake-in-sibanye-stillwater-above-20-2025-07-25,https://engineeringnews.co.za/article/pic-lifts-stake-in-sibanye-stillwater-above-20-2025-07-25,2025,exclude_outside_period
Engineering News,https://www.engineeringnews.co.za/article/pic-lifts-stake-in-sibanye-to-15-2020-07-27,https://engineeringnews.co.za/article/pic-lifts-stake-in-sibanye-to-15-2020-07-27,2020,secondary_keyword_only_review
Engineering News,https://www.engineeringnews.co.za/article/pic-lifts-stake-in-sibanye-to-15155-2021-02-08,https://engineeringnews.co.za/article/pic-lifts-stake-in-sibanye-to-15155-2021-02-08,2021,secondary_keyword_only_review
Engineering News,https://www.engineeringnews.co.za/article/pic-now-owns-more-than-1541-of-sibanye-2025-05-13,https://engineeringnews.co.za/article/pic-now-owns-more-than-1541-of-sibanye-2025-05-13,2025,exclude_outside_period
Engineering News,https://www.engineeringnews.co.za/article/pic-raises-shareholding-in-sibanye-stillwater-to-above-20-2025-10-10,https://engineeringnews.co.za/article/pic-raises-shareholding-in-sibanye-stillwater-to-above-20-2025-10-10,2025,exclude_outside_period
Engineering News,https://www.engineeringnews.co.za/article/pic-secures-1083-stake-in-sibanye-stillwater-2017-11-03,https://engineeringnews.co.za/article/pic-secures-1083-stake-in-sibanye-stillwater-2017-11-03,2017,secondary_keyword_only_review
Engineering News,https://www.engineeringnews.co.za/article/pic-snaps-up-unsold-shares-in-lonmin-to-secure-2999-stake-2015-12-14,https://engineeringnews.co.za/article/pic-snaps-up-unsold-shares-in-lonmin-to-secure-2999-stake-2015-12-14,2015,lonmin_only_title_review
Engineering News,https://www.engineeringnews.co.za/article/pics-sibanye-stake-rises-above-107-2019-06-19,https://engineeringnews.co.za/article/pics-sibanye-stake-rises-above-107-2019-06-19,2019,secondary_keyword_only_review
Engineering News,https://www.engineeringnews.co.za/article/platinum-acquisitions-canadas-first-nations-sibanye-stillwater-make-headlines-2021-10-29,https://engineeringnews.co.za/article/platinum-acquisitions-canadas-first-nations-sibanye-stillwater-make-headlines-2021-10-29,2021,secondary_keyword_only_review
Engineering News,https://www.engineeringnews.co.za/article/platinum-bosses-plead-with-amcu-to-return-to-work-2014-02-28,https://engineeringnews.co.za/article/platinum-bosses-plead-with-amcu-to-return-to-work-2014-02-28,2014,secondary_keyword_only_review
Engineering News,https://www.engineeringnews.co.za/article/platinum-companies-amcu-meetings-continue-2014-06-20,https://engineeringnews.co.za/article/platinum-companies-amcu-meetings-continue-2014-06-20,2014,secondary_keyword_only_review
Engineering News,https://www.engineeringnews.co.za/article/platinum-companies-considering-amcus-latest-wage-proposal-2014-06-04,https://engineeringnews.co.za/article/platinum-companies-considering-amcus-latest-wage-proposal-2014-06-04,2014,secondary_keyword_only_review
Engineering News,https://www.engineeringnews.co.za/article/platinum-giants-eye-sibanyes-gold-mining-deal-as-wage-yardstick-2019-07-18,https://engineeringnews.co.za/article/platinum-giants-eye-sibanyes-gold-mining-deal-as-wage-yardstick-2019-07-18,2019,secondary_keyword_only_review
Engineering News,https://www.engineeringnews.co.za/article/platinum-investment-demand-anglo-american-sibanye-stillwater-make-headlines-2020-11-20,https://engineeringnews.co.za/article/platinum-investment-demand-anglo-american-sibanye-stillwater-make-headlines-2020-11-20,2020,secondary_keyword_only_review
Engineering News,https://www.engineeringnews.co.za/article/platinum-marketing-in-need-of-coordination-collaboration-sibanye-2016-12-12,https://engineeringnews.co.za/article/platinum-marketing-in-need-of-coordination-collaboration-sibanye-2016-12-12,2016,secondary_keyword_only_review
Engineering News,https://www.engineeringnews.co.za/article/platinum-marketing-needs-collaboration-sibanye-2017-01-20,https://engineeringnews.co.za/article/platinum-marketing-needs-collaboration-sibanye-2017-01-20,2017,secondary_keyword_only_review
Engineering News,https://www.engineeringnews.co.za/article/platinum-miner-lonmins-lenders-relax-loan-agreements-again-2018-01-18,https://engineeringnews.co.za/article/platinum-miner-lonmins-lenders-relax-loan-agreements-again-2018-01-18,2018,lonmin_only_title_review
Engineering News,https://www.engineeringnews.co.za/article/platinum-price-upturn-needed-to-sustain-industry-lonmin-2017-01-20,https://engineeringnews.co.za/article/platinum-price-upturn-needed-to-sustain-industry-lonmin-2017-01-20,2017,lonmin_only_title_review
Engineering News,https://www.engineeringnews.co.za/article/platinum-price-upturn-needed-to-sustain-industry-lonmin-2017-02-03,https://engineeringnews.co.za/article/platinum-price-upturn-needed-to-sustain-industry-lonmin-2017-02-03,2017,lonmin_only_title_review
Engineering News,https://www.engineeringnews.co.za/article/platinum-producers-amcu-agree-to-labour-court-mediation-2014-05-20,https://engineeringnews.co.za/article/platinum-producers-amcu-agree-to-labour-court-mediation-2014-05-20,2014,secondary_keyword_only_review
Engineering News,https://www.engineeringnews.co.za/article/platinum-producers-amcu-to-resume-talks-on-monday-2014-02-28,https://engineeringnews.co.za/article/platinum-producers-amcu-to-resume-talks-on-monday-2014-02-28,2014,secondary_keyword_only_review
Engineering News,https://www.engineeringnews.co.za/article/platinum-strike-consequences-starting-to-take-shape-2014-08-22,https://engineeringnews.co.za/article/platinum-strike-consequences-starting-to-take-shape-2014-08-22,2014,secondary_keyword_only_review
Engineering News,https://www.engineeringnews.co.za/article/platinum-strike-experience-should-strengthen-collective-bargaining-davies-2014-06-24,https://engineeringnews.co.za/article/platinum-strike-experience-should-strengthen-collective-bargaining-davies-2014-06-24,2014,secondary_keyword_only_review
Engineering News,https://www.engineeringnews.co.za/article/platinum-strike-experience-should-strengthen-collective-bargaining-davies-2014-07-04,https://engineeringnews.co.za/article/platinum-strike-experience-should-strengthen-collective-bargaining-davies-2014-07-04,2014,secondary_keyword_only_review
Engineering News,https://www.engineeringnews.co.za/article/platinum-strike-highlighting-huge-potential-opportunity-loss-for-economy-2014-04-23,https://engineeringnews.co.za/article/platinum-strike-highlighting-huge-potential-opportunity-loss-for-economy-2014-04-23,2014,secondary_keyword_only_review
Engineering News,https://www.engineeringnews.co.za/article/platinum-strike-highlighting-huge-potential-opportunity-loss-for-economy-2014-05-02,https://engineeringnews.co.za/article/platinum-strike-highlighting-huge-potential-opportunity-loss-for-economy-2014-05-02,2014,secondary_keyword_only_review
Engineering News,https://www.engineeringnews.co.za/article/platinum-strike-slashes-amplats-q1-output-by-39-2014-04-24,https://engineeringnews.co.za/article/platinum-strike-slashes-amplats-q1-output-by-39-2014-04-24,2014,secondary_keyword_only_review
Engineering News,https://www.engineeringnews.co.za/article/platinum-strike-threatens-contractor-longevity-2014-05-23,https://engineeringnews.co.za/article/platinum-strike-threatens-contractor-longevity-2014-05-23,2014,secondary_keyword_only_review
Engineering News,https://www.engineeringnews.co.za/article/platinum-strike-to-have-largest-impact-on-march-mining-production-2014-05-12,https://engineeringnews.co.za/article/platinum-strike-to-have-largest-impact-on-march-mining-production-2014-05-12,2014,secondary_keyword_only_review
Engineering News,https://www.engineeringnews.co.za/article/platinum-strikers-could-have-shot-themselves-in-the-foot-2014-09-26,https://engineeringnews.co.za/article/platinum-strikers-could-have-shot-themselves-in-the-foot-2014-09-26,2014,secondary_keyword_only_review
Engineering News,https://www.engineeringnews.co.za/article/platinum-strikes-costing-sa-r400-milion-a-day-2014-02-04,https://engineeringnews.co.za/article/platinum-strikes-costing-sa-r400-milion-a-day-2014-02-04,2014,secondary_keyword_only_review
Engineering News,https://www.engineeringnews.co.za/article/platinum-strikes-costing-sa-r400-million-a-day-2014-02-14,https://engineeringnews.co.za/article/platinum-strikes-costing-sa-r400-million-a-day-2014-02-14,2014,secondary_keyword_only_review
Engineering News,https://www.engineeringnews.co.za/article/policemen-mineworkers-in-court-ahead-of-7th-marikana-massacre-commemoration-2019-08-14,https://engineeringnews.co.za/article/policemen-mineworkers-in-court-ahead-of-7th-marikana-massacre-commemoration-2019-08-14,2019,explicit_case_title_review
Engineering News,https://www.engineeringnews.co.za/article/poverty-led-to-marikana-tragedy-says-mahumapelo-2016-12-05,https://engineeringnews.co.za/article/poverty-led-to-marikana-tragedy-says-mahumapelo-2016-12-05,2016,explicit_case_title_review
Engineering News,https://www.engineeringnews.co.za/article/presidency-rejects-marikana-lawyers-claims-2015-05-25,https://engineeringnews.co.za/article/presidency-rejects-marikana-lawyers-claims-2015-05-25,2015,explicit_case_title_review
Engineering News,https://www.engineeringnews.co.za/article/president-zuma-to-release-marikana-report-to-the-public-in-due-course-2015-05-11,https://engineeringnews.co.za/article/president-zuma-to-release-marikana-report-to-the-public-in-due-course-2015-05-11,2015,explicit_case_title_review
Engineering News,https://www.engineeringnews.co.za/article/prestigious-brigadier-stokes-memorial-award-awarded-to-sibanyes-froneman-2021-08-12,https://engineeringnews.co.za/article/prestigious-brigadier-stokes-memorial-award-awarded-to-sibanyes-froneman-2021-08-12,2021,secondary_keyword_only_review
Engineering News,https://www.engineeringnews.co.za/article/price-spiking-palladium-must-be-substituted-with-platinum-sibanye-stillwater-2020-02-19,https://engineeringnews.co.za/article/price-spiking-palladium-must-be-substituted-with-platinum-sibanye-stillwater-2020-02-19,2020,secondary_keyword_only_review
Engineering News,https://www.engineeringnews.co.za/article/producers-to-oppose-amcu-direct-communication-court-application-2014-05-14,https://engineeringnews.co.za/article/producers-to-oppose-amcu-direct-communication-court-application-2014-05-14,2014,secondary_keyword_only_review
Engineering News,https://www.engineeringnews.co.za/article/production-at-sibanyes-cooke-operations-to-resume-on-monday-2017-06-30,https://engineeringnews.co.za/article/production-at-sibanyes-cooke-operations-to-resume-on-monday-2017-06-30,2017,secondary_keyword_only_review
Engineering News,https://www.engineeringnews.co.za/article/profit-shifting-report-false-lonmin-2014-10-16,https://engineeringnews.co.za/article/profit-shifting-report-false-lonmin-2014-10-16,2014,already_screened
Engineering News,https://www.engineeringnews.co.za/article/project-development-hindered-by-platinum-strike-2014-06-27,https://engineeringnews.co.za/article/project-development-hindered-by-platinum-strike-2014-06-27,2014,secondary_keyword_only_review
Engineering News,https://www.engineeringnews.co.za/article/proposed-stillwater-acquisition-nets-sibanye-deal-of-the-year-award-2017-02-16,https://engineeringnews.co.za/article/proposed-stillwater-acquisition-nets-sibanye-deal-of-the-year-award-2017-02-16,2017,secondary_keyword_only_review
Engineering News,https://www.engineeringnews.co.za/article/proudly-south-african-sibanye-gold-debuts-well-in-new-york-2013-02-22,https://engineeringnews.co.za/article/proudly-south-african-sibanye-gold-debuts-well-in-new-york-2013-02-22,2013,secondary_keyword_only_review
Engineering News,https://www.engineeringnews.co.za/article/proudly-south-african-sibanye-gold-debuts-well-in-new-york-2013-03-08,https://engineeringnews.co.za/article/proudly-south-african-sibanye-gold-debuts-well-in-new-york-2013-03-08,2013,secondary_keyword_only_review
Engineering News,https://www.engineeringnews.co.za/article/r23bn-to-be-spent-on-burnstone-gold-project-sibanye-stillwater-2021-03-05,https://engineeringnews.co.za/article/r23bn-to-be-spent-on-burnstone-gold-project-sibanye-stillwater-2021-03-05,2021,secondary_keyword_only_review
Engineering News,https://www.engineeringnews.co.za/article/r23bn-to-be-spent-on-burnstone-gold-project-sibanye-stillwater-2021-03-26,https://engineeringnews.co.za/article/r23bn-to-be-spent-on-burnstone-gold-project-sibanye-stillwater-2021-03-26,2021,secondary_keyword_only_review
Engineering News,https://www.engineeringnews.co.za/article/r964m-to-be-spent-at-sibanye-stillwaters-k4-platinum-group-metals-project-2026-07-13,https://engineeringnews.co.za/article/r964m-to-be-spent-at-sibanye-stillwaters-k4-platinum-group-metals-project-2026-07-13,2026,exclude_outside_period
Engineering News,https://www.engineeringnews.co.za/article/race-for-anglogold-assets-may-pit-sibanye-against-rival-harmony-2019-05-10,https://engineeringnews.co.za/article/race-for-anglogold-assets-may-pit-sibanye-against-rival-harmony-2019-05-10,2019,secondary_keyword_only_review
Engineering News,https://www.engineeringnews.co.za/article/ramaphosa-mourns-mining-disaster-deaths-at-sibanye-stillwaters-driefontein-operations-2018-05-05,https://engineeringnews.co.za/article/ramaphosa-mourns-mining-disaster-deaths-at-sibanye-stillwaters-driefontein-operations-2018-05-05,2018,secondary_keyword_only_review
Engineering News,https://www.engineeringnews.co.za/article/ramaphosa-questioned-about-marikana-inaction-2014-08-12,https://engineeringnews.co.za/article/ramaphosa-questioned-about-marikana-inaction-2014-08-12,2014,explicit_case_title_review
Engineering News,https://www.engineeringnews.co.za/article/ramaphosa-to-step-down-from-lonmin-mondi-boards-2013-01-23,https://engineeringnews.co.za/article/ramaphosa-to-step-down-from-lonmin-mondi-boards-2013-01-23,2013,lonmin_only_title_review
Engineering News,https://www.engineeringnews.co.za/article/ramaphosa-to-testify-at-farlam-commission-2014-08-11,https://engineeringnews.co.za/article/ramaphosa-to-testify-at-farlam-commission-2014-08-11,2014,explicit_case_title_review
Engineering News,https://www.engineeringnews.co.za/article/ramaphosa-welcomes-court-judgment-says-he-was-not-the-cause-of-harmful-conduct-in-marikana-2022-07-05,https://engineeringnews.co.za/article/ramaphosa-welcomes-court-judgment-says-he-was-not-the-cause-of-harmful-conduct-in-marikana-2022-07-05,2022,explicit_case_title_review
Engineering News,https://www.engineeringnews.co.za/article/record-quarter-sibanye-forecasting-best-ever-2015-gold-output-2015-01-27,https://engineeringnews.co.za/article/record-quarter-sibanye-forecasting-best-ever-2015-gold-output-2015-01-27,2015,secondary_keyword_only_review
Engineering News,https://www.engineeringnews.co.za/article/record-quarter-sibanye-forecasting-best-ever-2015-gold-output-2015-02-06,https://engineeringnews.co.za/article/record-quarter-sibanye-forecasting-best-ever-2015-gold-output-2015-02-06,2015,secondary_keyword_only_review
Engineering News,https://www.engineeringnews.co.za/article/record-rand-gold-price-prompts-sibanye-to-call-employees-unions-back-to-the-table-2016-02-25,https://engineeringnews.co.za/article/record-rand-gold-price-prompts-sibanye-to-call-employees-unions-back-to-the-table-2016-02-25,2016,secondary_keyword_only_review
Engineering News,https://www.engineeringnews.co.za/article/record-rand-gold-price-prompts-sibanye-to-call-employees-unions-back-to-the-table-2016-03-04,https://engineeringnews.co.za/article/record-rand-gold-price-prompts-sibanye-to-call-employees-unions-back-to-the-table-2016-03-04,2016,secondary_keyword_only_review
Engineering News,https://www.engineeringnews.co.za/article/red-tape-costing-sa-miners-their-competitive-edge-laments-sibanye-stillwater-boss-2021-02-04,https://engineeringnews.co.za/article/red-tape-costing-sa-miners-their-competitive-edge-laments-sibanye-stillwater-boss-2021-02-04,2021,secondary_keyword_only_review
Engineering News,https://www.engineeringnews.co.za/article/redemption-of-450m-convertible-bonds-completed-sibanye-2020-10-21,https://engineeringnews.co.za/article/redemption-of-450m-convertible-bonds-completed-sibanye-2020-10-21,2020,secondary_keyword_only_review
Engineering News,https://www.engineeringnews.co.za/article/refurbished-wits-innovation-bridge-marks-multimillion-rand-sibanye-stillwater-sponsorship-2023-07-13,https://engineeringnews.co.za/article/refurbished-wits-innovation-bridge-marks-multimillion-rand-sibanye-stillwater-sponsorship-2023-07-13,2023,secondary_keyword_only_review
Engineering News,https://www.engineeringnews.co.za/article/renewables-now-critical-part-of-metal-mining-thinking-says-sibanye-stillwater-2023-11-14,https://engineeringnews.co.za/article/renewables-now-critical-part-of-metal-mining-thinking-says-sibanye-stillwater-2023-11-14,2023,secondary_keyword_only_review
Engineering News,https://www.engineeringnews.co.za/article/reserve-bank-approves-sibanyes-buyout-of-lonmin-2018-05-15,https://engineeringnews.co.za/article/reserve-bank-approves-sibanyes-buyout-of-lonmin-2018-05-15,2018,lonmin_only_title_review
Engineering News,https://www.engineeringnews.co.za/article/resilient-lonmin-beats-guidance-ups-cash-2017-11-03,https://engineeringnews.co.za/article/resilient-lonmin-beats-guidance-ups-cash-2017-11-03,2017,lonmin_only_title_review
Engineering News,https://www.engineeringnews.co.za/article/resilient-lonmin-beats-guidance-ups-cash-2017-11-17,https://engineeringnews.co.za/article/resilient-lonmin-beats-guidance-ups-cash-2017-11-17,2017,lonmin_only_title_review
Engineering News,https://www.engineeringnews.co.za/article/resilient-lonmin-delivers-sturdy-output-extracts-cash-from-tailings-2018-01-22,https://engineeringnews.co.za/article/resilient-lonmin-delivers-sturdy-output-extracts-cash-from-tailings-2018-01-22,2018,lonmin_only_title_review
Engineering News,https://www.engineeringnews.co.za/article/resilient-lonmin-delivers-sturdy-output-extracts-cash-from-tailings-2018-02-02,https://engineeringnews.co.za/article/resilient-lonmin-delivers-sturdy-output-extracts-cash-from-tailings-2018-02-02,2018,lonmin_only_title_review
Engineering News,https://www.engineeringnews.co.za/article/retention-of-jobs-critical-following-sibanye-lonmin-deal-zwane-2017-12-15,https://engineeringnews.co.za/article/retention-of-jobs-critical-following-sibanye-lonmin-deal-zwane-2017-12-15,2017,lonmin_only_title_review
Engineering News,https://www.engineeringnews.co.za/article/rick-menell-appointed-sibanye-lead-independent-director-2020-02-17,https://engineeringnews.co.za/article/rick-menell-appointed-sibanye-lead-independent-director-2020-02-17,2020,secondary_keyword_only_review
Engineering News,https://www.engineeringnews.co.za/article/rights-groups-demand-police-accountability-for-marikana-massacre-2019-06-11,https://engineeringnews.co.za/article/rights-groups-demand-police-accountability-for-marikana-massacre-2019-06-11,2019,explicit_case_title_review
Engineering News,https://www.engineeringnews.co.za/article/road-deaths-in-sa-equivalent-to-one-marikana-tragedy-a-day-analyst-2015-07-10,https://engineeringnews.co.za/article/road-deaths-in-sa-equivalent-to-one-marikana-tragedy-a-day-analyst-2015-07-10,2015,explicit_case_title_review
Engineering News,https://www.engineeringnews.co.za/article/rock-drill-operator-dies-at-lonmins-k3-shaft-2017-02-21,https://engineeringnews.co.za/article/rock-drill-operator-dies-at-lonmins-k3-shaft-2017-02-21,2017,lonmin_only_title_review
Engineering News,https://www.engineeringnews.co.za/article/rosatom-partners-to-trial-small-hydropower-plant-at-lonmin-2016-07-22,https://engineeringnews.co.za/article/rosatom-partners-to-trial-small-hydropower-plant-at-lonmin-2016-07-22,2016,lonmin_only_title_review
Engineering News,https://www.engineeringnews.co.za/article/rustenburg-communities-want-concourt-to-set-aside-sibanyes-lonmin-takeover-2019-07-19,https://engineeringnews.co.za/article/rustenburg-communities-want-concourt-to-set-aside-sibanyes-lonmin-takeover-2019-07-19,2019,lonmin_only_title_review
Engineering News,https://www.engineeringnews.co.za/article/sa-mining-challenges-about-far-more-than-marikana-migrant-labour-manuel-2013-08-30,https://engineeringnews.co.za/article/sa-mining-challenges-about-far-more-than-marikana-migrant-labour-manuel-2013-08-30,2013,explicit_case_title_review
Engineering News,https://www.engineeringnews.co.za/article/sa-mining-challenges-about-far-more-than-marikana-migrant-labour-manuel-2013-09-13,https://engineeringnews.co.za/article/sa-mining-challenges-about-far-more-than-marikana-migrant-labour-manuel-2013-09-13,2013,explicit_case_title_review
Engineering News,https://www.engineeringnews.co.za/article/sa-platinum-firms-to-meet-mediators-tuesday-amcu-2014-02-10,https://engineeringnews.co.za/article/sa-platinum-firms-to-meet-mediators-tuesday-amcu-2014-02-10,2014,secondary_keyword_only_review
Engineering News,https://www.engineeringnews.co.za/article/sacp-remembers-marikana-tragedy-calls-for-unity-against-economic-exploitation-2019-08-16,https://engineeringnews.co.za/article/sacp-remembers-marikana-tragedy-calls-for-unity-against-economic-exploitation-2019-08-16,2019,explicit_case_title_review
Engineering News,https://www.engineeringnews.co.za/article/safety-dominates-sibanye-results-presentation-as-125-profit-surge-takes-back-seat-2016-08-25,https://engineeringnews.co.za/article/safety-dominates-sibanye-results-presentation-as-125-profit-surge-takes-back-seat-2016-08-25,2016,secondary_keyword_only_review
Engineering News,https://www.engineeringnews.co.za/article/safety-dominates-sibanye-results-presentation-as-125-profit-surge-takes-back-seat-2016-09-02,https://engineeringnews.co.za/article/safety-dominates-sibanye-results-presentation-as-125-profit-surge-takes-back-seat-2016-09-02,2016,secondary_keyword_only_review
Engineering News,https://www.engineeringnews.co.za/article/safrica-deputy-president-to-meet-mining-firms-unions-as-platinum-strike-drags-on-2014-03-24,https://engineeringnews.co.za/article/safrica-deputy-president-to-meet-mining-firms-unions-as-platinum-strike-drags-on-2014-03-24,2014,secondary_keyword_only_review
Engineering News,https://www.engineeringnews.co.za/article/safricas-amcu-says-wage-offer-may-not-be-ready-for-vote-2014-04-24,https://engineeringnews.co.za/article/safricas-amcu-says-wage-offer-may-not-be-ready-for-vote-2014-04-24,2014,secondary_keyword_only_review
Engineering News,https://www.engineeringnews.co.za/article/saimm-awards-its-most-prestigious-prize-to-neal-froneman-ceo-of-sibanye-stillwater-2021-08-12,https://engineeringnews.co.za/article/saimm-awards-its-most-prestigious-prize-to-neal-froneman-ceo-of-sibanye-stillwater-2021-08-12,2021,secondary_keyword_only_review
Engineering News,https://www.engineeringnews.co.za/article/sanco-wants-government-to-intervene-to-halt-looming-job-cut-in-marikana-2019-09-27,https://engineeringnews.co.za/article/sanco-wants-government-to-intervene-to-halt-looming-job-cut-in-marikana-2019-09-27,2019,explicit_case_title_review
Engineering News,https://www.engineeringnews.co.za/article/sandvik-contractor-dies-at-lonmins-marikana-mine-2015-07-23,https://engineeringnews.co.za/article/sandvik-contractor-dies-at-lonmins-marikana-mine-2015-07-23,2015,explicit_case_title_review
Engineering News,https://www.engineeringnews.co.za/article/search-for-fifth-miner-continues-at-sibanye-kloof-mine-2018-06-13,https://engineeringnews.co.za/article/search-for-fifth-miner-continues-at-sibanye-kloof-mine-2018-06-13,2018,secondary_keyword_only_review
Engineering News,https://www.engineeringnews.co.za/article/seven-years-since-marikana-massacre-and-still-no-justice-says-rights-institute-2019-08-16,https://engineeringnews.co.za/article/seven-years-since-marikana-massacre-and-still-no-justice-says-rights-institute-2019-08-16,2019,explicit_case_title_review
Engineering News,https://www.engineeringnews.co.za/article/several-labour-lessons-learnt-from-marikana-tragedy-mpofu-2013-09-04,https://engineeringnews.co.za/article/several-labour-lessons-learnt-from-marikana-tragedy-mpofu-2013-09-04,2013,explicit_case_title_review
Engineering News,https://www.engineeringnews.co.za/article/several-platinum-opportunities-already-abandoned---sibanye-gold-2014-09-16,https://engineeringnews.co.za/article/several-platinum-opportunities-already-abandoned---sibanye-gold-2014-09-16,2014,secondary_keyword_only_review
Engineering News,https://www.engineeringnews.co.za/article/shabangu-denies-encouraging-amplats-to-sue-amcu-2014-02-21,https://engineeringnews.co.za/article/shabangu-denies-encouraging-amplats-to-sue-amcu-2014-02-21,2014,secondary_keyword_only_review
Engineering News,https://www.engineeringnews.co.za/article/shaft-sinkers-secures-114m-contract-at-lonmin-2013-11-27,https://engineeringnews.co.za/article/shaft-sinkers-secures-114m-contract-at-lonmin-2013-11-27,2013,lonmin_only_title_review
Engineering News,https://www.engineeringnews.co.za/article/share-prices-soar-as-sibanye-bids-r4bn-cash-for-aquarius-platinum-2015-10-16,https://engineeringnews.co.za/article/share-prices-soar-as-sibanye-bids-r4bn-cash-for-aquarius-platinum-2015-10-16,2015,secondary_keyword_only_review
Engineering News,https://www.engineeringnews.co.za/article/shareholders-approve-internal-restructuring-of-sibanye-gold-2020-01-23,https://engineeringnews.co.za/article/shareholders-approve-internal-restructuring-of-sibanye-gold-2020-01-23,2020,secondary_keyword_only_review
Engineering News,https://www.engineeringnews.co.za/article/shorts-pile-into-cash-strapped-lonmin-as-platinum-flounders-2017-06-27,https://engineeringnews.co.za/article/shorts-pile-into-cash-strapped-lonmin-as-platinum-flounders-2017-06-27,2017,lonmin_only_title_review
Engineering News,https://www.engineeringnews.co.za/article/sibanye-2012-earnings-up-16-year-on-year-2013-03-01,https://engineeringnews.co.za/article/sibanye-2012-earnings-up-16-year-on-year-2013-03-01,2013,secondary_keyword_only_review
Engineering News,https://www.engineeringnews.co.za/article/sibanye-2013-production-above-guidance-2014-01-31,https://engineeringnews.co.za/article/sibanye-2013-production-above-guidance-2014-01-31,2014,secondary_keyword_only_review
Engineering News,https://www.engineeringnews.co.za/article/sibanye-achieves-iso-45001-accreditation-at-south-african-gold-pgm-operations-2021-11-18,https://engineeringnews.co.za/article/sibanye-achieves-iso-45001-accreditation-at-south-african-gold-pgm-operations-2021-11-18,2021,secondary_keyword_only_review
Engineering News,https://www.engineeringnews.co.za/article/sibanye-achieves-joint-first-place-in-2023-sdti-research-report-2023-08-23,https://engineeringnews.co.za/article/sibanye-achieves-joint-first-place-in-2023-sdti-research-report-2023-08-23,2023,secondary_keyword_only_review
Engineering News,https://www.engineeringnews.co.za/article/sibanye-achieves-level-4-bbbee-accreditation-2024-09-05,https://engineeringnews.co.za/article/sibanye-achieves-level-4-bbbee-accreditation-2024-09-05,2024,exclude_outside_period
Engineering News,https://www.engineeringnews.co.za/article/sibanye-achieves-responsible-sourcing-accreditation-for-south-african-pgm-operations-2021-02-02,https://engineeringnews.co.za/article/sibanye-achieves-responsible-sourcing-accreditation-for-south-african-pgm-operations-2021-02-02,2021,secondary_keyword_only_review
Engineering News,https://www.engineeringnews.co.za/article/sibanye-adds-global-experience-to-safety-panel-2019-01-17,https://engineeringnews.co.za/article/sibanye-adds-global-experience-to-safety-panel-2019-01-17,2019,secondary_keyword_only_review
Engineering News,https://www.engineeringnews.co.za/article/sibanye-adds-three-to-board-2013-10-02,https://engineeringnews.co.za/article/sibanye-adds-three-to-board-2013-10-02,2013,secondary_keyword_only_review
Engineering News,https://www.engineeringnews.co.za/article/sibanye-advances-battery-metals-strategy-through-acquisition-of-french-nickel-refinery-2021-07-30,https://engineeringnews.co.za/article/sibanye-advances-battery-metals-strategy-through-acquisition-of-french-nickel-refinery-2021-07-30,2021,secondary_keyword_only_review
Engineering News,https://www.engineeringnews.co.za/article/sibanye-advances-buyout-of-sandouville-asset-2021-11-04,https://engineeringnews.co.za/article/sibanye-advances-buyout-of-sandouville-asset-2021-11-04,2021,secondary_keyword_only_review
Engineering News,https://www.engineeringnews.co.za/article/sibanye-advances-buyout-of-sandouville-asset-2021-11-19,https://engineeringnews.co.za/article/sibanye-advances-buyout-of-sandouville-asset-2021-11-19,2021,secondary_keyword_only_review
Engineering News,https://www.engineeringnews.co.za/article/sibanye-advances-carbon-neutrality-with-first-utility-scale-renewable-energy-project-2023-05-29,https://engineeringnews.co.za/article/sibanye-advances-carbon-neutrality-with-first-utility-scale-renewable-energy-project-2023-05-29,2023,secondary_keyword_only_review
Engineering News,https://www.engineeringnews.co.za/article/sibanye-advances-carbon-neutrality-with-first-utility-scale-renewable-energy-project-2023-06-16,https://engineeringnews.co.za/article/sibanye-advances-carbon-neutrality-with-first-utility-scale-renewable-energy-project-2023-06-16,2023,secondary_keyword_only_review
Engineering News,https://www.engineeringnews.co.za/article/sibanye-aiming-to-become-south-africas-mining-champion-2015-10-08,https://engineeringnews.co.za/article/sibanye-aiming-to-become-south-africas-mining-champion-2015-10-08,2015,secondary_keyword_only_review
Engineering News,https://www.engineeringnews.co.za/article/sibanye-among-three-new-icmm-members-2020-02-27,https://engineeringnews.co.za/article/sibanye-among-three-new-icmm-members-2020-02-27,2020,secondary_keyword_only_review
Engineering News,https://www.engineeringnews.co.za/article/sibanye-announces-early-tender-results-for-bond-notes-buyback-2018-09-18,https://engineeringnews.co.za/article/sibanye-announces-early-tender-results-for-bond-notes-buyback-2018-09-18,2018,secondary_keyword_only_review
Engineering News,https://www.engineeringnews.co.za/article/sibanye-announces-maiden-lithium-reserve-of-196000-t-2023-02-17,https://engineeringnews.co.za/article/sibanye-announces-maiden-lithium-reserve-of-196000-t-2023-02-17,2023,secondary_keyword_only_review
Engineering News,https://www.engineeringnews.co.za/article/sibanye-announces-r84m-community-upliftment-investment-2023-12-12,https://engineeringnews.co.za/article/sibanye-announces-r84m-community-upliftment-investment-2023-12-12,2023,secondary_keyword_only_review
Engineering News,https://www.engineeringnews.co.za/article/sibanye-announces-senior-management-appointments-2022-03-28,https://engineeringnews.co.za/article/sibanye-announces-senior-management-appointments-2022-03-28,2022,secondary_keyword_only_review
Engineering News,https://www.engineeringnews.co.za/article/sibanye-announces-senior-management-changes-2021-01-22,https://engineeringnews.co.za/article/sibanye-announces-senior-management-changes-2021-01-22,2021,secondary_keyword_only_review
Engineering News,https://www.engineeringnews.co.za/article/sibanye-appoints-chief-regional-officer-for-europe-2021-12-14,https://engineeringnews.co.za/article/sibanye-appoints-chief-regional-officer-for-europe-2021-12-14,2021,secondary_keyword_only_review
Engineering News,https://www.engineeringnews.co.za/article/sibanye-appoints-chief-regional-officers-for-americas-southern-africa-2022-05-31,https://engineeringnews.co.za/article/sibanye-appoints-chief-regional-officers-for-americas-southern-africa-2022-05-31,2022,secondary_keyword_only_review
Engineering News,https://www.engineeringnews.co.za/article/sibanye-appoints-coo-for-us-region-2017-07-24,https://engineeringnews.co.za/article/sibanye-appoints-coo-for-us-region-2017-07-24,2017,secondary_keyword_only_review
Engineering News,https://www.engineeringnews.co.za/article/sibanye-appoints-global-energy-leader-as-nonexec-director-2024-04-08,https://engineeringnews.co.za/article/sibanye-appoints-global-energy-leader-as-nonexec-director-2024-04-08,2024,exclude_outside_period
Engineering News,https://www.engineeringnews.co.za/article/sibanye-appoints-maziya-as-new-non-executive-director-2017-05-24,https://engineeringnews.co.za/article/sibanye-appoints-maziya-as-new-non-executive-director-2017-05-24,2017,secondary_keyword_only_review
Engineering News,https://www.engineeringnews.co.za/article/sibanye-appoints-new-evp-for-us-pgms-operations-announces-other-management-changes-2023-08-29,https://engineeringnews.co.za/article/sibanye-appoints-new-evp-for-us-pgms-operations-announces-other-management-changes-2023-08-29,2023,secondary_keyword_only_review
Engineering News,https://www.engineeringnews.co.za/article/sibanye-appoints-new-nonexec-director-2024-09-11,https://engineeringnews.co.za/article/sibanye-appoints-new-nonexec-director-2024-09-11,2024,exclude_outside_period
Engineering News,https://www.engineeringnews.co.za/article/sibanye-appoints-non-independent-non-executive-directors-2019-12-18,https://engineeringnews.co.za/article/sibanye-appoints-non-independent-non-executive-directors-2019-12-18,2019,secondary_keyword_only_review
Engineering News,https://www.engineeringnews.co.za/article/sibanye-appoints-peter-hancock-as-nonexec-director-2024-05-06,https://engineeringnews.co.za/article/sibanye-appoints-peter-hancock-as-nonexec-director-2024-05-06,2024,exclude_outside_period
Engineering News,https://www.engineeringnews.co.za/article/sibanye-appoints-southern-africa-executive-vp-2017-07-13,https://engineeringnews.co.za/article/sibanye-appoints-southern-africa-executive-vp-2017-07-13,2017,secondary_keyword_only_review
Engineering News,https://www.engineeringnews.co.za/article/sibanye-appoints-veteran-cochran-to-oversee-uranium-developments-2024-03-20,https://engineeringnews.co.za/article/sibanye-appoints-veteran-cochran-to-oversee-uranium-developments-2024-03-20,2024,exclude_outside_period
Engineering News,https://www.engineeringnews.co.za/article/sibanye-appoints-vp-to-head-up-us-region-2017-07-03,https://engineeringnews.co.za/article/sibanye-appoints-vp-to-head-up-us-region-2017-07-03,2017,secondary_keyword_only_review
Engineering News,https://www.engineeringnews.co.za/article/sibanye-approves-development-of-phase-2-of-keliber-lithium-project-2023-10-06,https://engineeringnews.co.za/article/sibanye-approves-development-of-phase-2-of-keliber-lithium-project-2023-10-06,2023,secondary_keyword_only_review
Engineering News,https://www.engineeringnews.co.za/article/sibanye-approves-feasibility-study-on-marathon-project-mulls-interest-increase-2021-04-30,https://engineeringnews.co.za/article/sibanye-approves-feasibility-study-on-marathon-project-mulls-interest-increase-2021-04-30,2021,secondary_keyword_only_review
Engineering News,https://www.engineeringnews.co.za/article/sibanye-aquarius-deal-jumps-final-hurdle-2016-03-22,https://engineeringnews.co.za/article/sibanye-aquarius-deal-jumps-final-hurdle-2016-03-22,2016,secondary_keyword_only_review
Engineering News,https://www.engineeringnews.co.za/article/sibanye-aquarius-deal-jumps-final-hurdle-2016-04-01,https://engineeringnews.co.za/article/sibanye-aquarius-deal-jumps-final-hurdle-2016-04-01,2016,secondary_keyword_only_review
Engineering News,https://www.engineeringnews.co.za/article/sibanye-assumes-full-ownership-of-kroondal-from-amplats-earlier-than-expected-2023-11-01,https://engineeringnews.co.za/article/sibanye-assumes-full-ownership-of-kroondal-from-amplats-earlier-than-expected-2023-11-01,2023,secondary_keyword_only_review
Engineering News,https://www.engineeringnews.co.za/article/sibanye-attains-a--rating-for-water-management-climate-change-disclosures-2024-02-14,https://engineeringnews.co.za/article/sibanye-attains-a--rating-for-water-management-climate-change-disclosures-2024-02-14,2024,exclude_outside_period
Engineering News,https://www.engineeringnews.co.za/article/sibanye-awards-51-bursaries-2022-02-07,https://engineeringnews.co.za/article/sibanye-awards-51-bursaries-2022-02-07,2022,secondary_keyword_only_review
Engineering News,https://www.engineeringnews.co.za/article/sibanye-backs-out-of-brazilian-base-metal-mines-acquisition-2022-01-24,https://engineeringnews.co.za/article/sibanye-backs-out-of-brazilian-base-metal-mines-acquisition-2022-01-24,2022,secondary_keyword_only_review
Engineering News,https://www.engineeringnews.co.za/article/sibanye-bags-saimm-gold-sector-safety-awards-2014-08-25,https://engineeringnews.co.za/article/sibanye-bags-saimm-gold-sector-safety-awards-2014-08-25,2014,secondary_keyword_only_review
Engineering News,https://www.engineeringnews.co.za/article/sibanye-bags-saimm-gold-sector-safety-awards-2014-09-05,https://engineeringnews.co.za/article/sibanye-bags-saimm-gold-sector-safety-awards-2014-09-05,2014,secondary_keyword_only_review
Engineering News,https://www.engineeringnews.co.za/article/sibanye-banks-on-us-mines-high-palladium-price-as-south-african-strike-spreads-2019-01-15,https://engineeringnews.co.za/article/sibanye-banks-on-us-mines-high-palladium-price-as-south-african-strike-spreads-2019-01-15,2019,secondary_keyword_only_review
Engineering News,https://www.engineeringnews.co.za/article/sibanye-becomes-latest-gold-producer-to-ink-3yr-wage-deal-with-unions-2015-10-22,https://engineeringnews.co.za/article/sibanye-becomes-latest-gold-producer-to-ink-3yr-wage-deal-with-unions-2015-10-22,2015,secondary_keyword_only_review
Engineering News,https://www.engineeringnews.co.za/article/sibanye-bides-time-on-battery-metals-push-as-asset-prices-soar-2022-05-10,https://engineeringnews.co.za/article/sibanye-bides-time-on-battery-metals-push-as-asset-prices-soar-2022-05-10,2022,secondary_keyword_only_review
Engineering News,https://www.engineeringnews.co.za/article/sibanye-bids-r407m-for-wits-gold-2013-12-11,https://engineeringnews.co.za/article/sibanye-bids-r407m-for-wits-gold-2013-12-11,2013,secondary_keyword_only_review
Engineering News,https://www.engineeringnews.co.za/article/sibanye-blames-workers-not-following-rules-as-mine-deaths-spike-2018-06-12,https://engineeringnews.co.za/article/sibanye-blames-workers-not-following-rules-as-mine-deaths-spike-2018-06-12,2018,secondary_keyword_only_review
Engineering News,https://www.engineeringnews.co.za/article/sibanye-bolsters-support-for-higher-education-with-r15m-grant-to-uj-2017-08-18,https://engineeringnews.co.za/article/sibanye-bolsters-support-for-higher-education-with-r15m-grant-to-uj-2017-08-18,2017,secondary_keyword_only_review
Engineering News,https://www.engineeringnews.co.za/article/sibanye-boosts-its-financial-assistance-programmes-for-employees-2015-06-26,https://engineeringnews.co.za/article/sibanye-boosts-its-financial-assistance-programmes-for-employees-2015-06-26,2015,secondary_keyword_only_review
Engineering News,https://www.engineeringnews.co.za/article/sibanye-boosts-its-financial-assistance-programmes-for-employees-2015-07-10,https://engineeringnews.co.za/article/sibanye-boosts-its-financial-assistance-programmes-for-employees-2015-07-10,2015,secondary_keyword_only_review
Engineering News,https://www.engineeringnews.co.za/article/sibanye-buys-back-about-3-of-shares-in-issue-2021-09-13,https://engineeringnews.co.za/article/sibanye-buys-back-about-3-of-shares-in-issue-2021-09-13,2021,secondary_keyword_only_review
Engineering News,https://www.engineeringnews.co.za/article/sibanye-cements-lithium-expansion-with-keliber-foundation-stone-laying-2023-05-11,https://engineeringnews.co.za/article/sibanye-cements-lithium-expansion-with-keliber-foundation-stone-laying-2023-05-11,2023,secondary_keyword_only_review
Engineering News,https://www.engineeringnews.co.za/article/sibanye-ceo-confident-of-lonmin-takeover-despite-cash-burn-2018-05-18,https://engineeringnews.co.za/article/sibanye-ceo-confident-of-lonmin-takeover-despite-cash-burn-2018-05-18,2018,lonmin_only_title_review
Engineering News,https://www.engineeringnews.co.za/article/sibanye-ceo-eyes-future-gold-ma-worth-as-much-as-5bn-2020-02-24,https://engineeringnews.co.za/article/sibanye-ceo-eyes-future-gold-ma-worth-as-much-as-5bn-2020-02-24,2020,secondary_keyword_only_review
Engineering News,https://www.engineeringnews.co.za/article/sibanye-ceo-lauded-at-international-conference-2015-12-04,https://engineeringnews.co.za/article/sibanye-ceo-lauded-at-international-conference-2015-12-04,2015,secondary_keyword_only_review
Engineering News,https://www.engineeringnews.co.za/article/sibanye-ceo-says-may-close-metals-streaming-deal-in-third-quarter-2024-06-26,https://engineeringnews.co.za/article/sibanye-ceo-says-may-close-metals-streaming-deal-in-third-quarter-2024-06-26,2024,exclude_outside_period
Engineering News,https://www.engineeringnews.co.za/article/sibanye-ceo-says-seismic-events-a-fact-of-life-for-south-africa-mines-2018-06-07,https://engineeringnews.co.za/article/sibanye-ceo-says-seismic-events-a-fact-of-life-for-south-africa-mines-2018-06-07,2018,secondary_keyword_only_review
Engineering News,https://www.engineeringnews.co.za/article/sibanye-ceo-says-zambias-mopani-copper-mines-investment-not-onerous-2023-10-05,https://engineeringnews.co.za/article/sibanye-ceo-says-zambias-mopani-copper-mines-investment-not-onerous-2023-10-05,2023,secondary_keyword_only_review
Engineering News,https://www.engineeringnews.co.za/article/sibanye-ceo-sees-wage-strike-unlikely-at-platinum-mines-2019-10-25,https://engineeringnews.co.za/article/sibanye-ceo-sees-wage-strike-unlikely-at-platinum-mines-2019-10-25,2019,secondary_keyword_only_review
Engineering News,https://www.engineeringnews.co.za/article/sibanye-ceo-warns-of-platinum-mining-job-losses-as-price-plummets-2023-10-04,https://engineeringnews.co.za/article/sibanye-ceo-warns-of-platinum-mining-job-losses-as-price-plummets-2023-10-04,2023,secondary_keyword_only_review
Engineering News,https://www.engineeringnews.co.za/article/sibanye-clinches-yet-another-renewable-energy-purchase-agreement-2024-05-30,https://engineeringnews.co.za/article/sibanye-clinches-yet-another-renewable-energy-purchase-agreement-2024-05-30,2024,exclude_outside_period
Engineering News,https://www.engineeringnews.co.za/article/sibanye-closes-5m-equity-investment-in-keliber-2022-03-17,https://engineeringnews.co.za/article/sibanye-closes-5m-equity-investment-in-keliber-2022-03-17,2022,secondary_keyword_only_review
Engineering News,https://www.engineeringnews.co.za/article/sibanye-commits-additional-r30m-to-wits-digimine-2019-04-09,https://engineeringnews.co.za/article/sibanye-commits-additional-r30m-to-wits-digimine-2019-04-09,2019,secondary_keyword_only_review
Engineering News,https://www.engineeringnews.co.za/article/sibanye-commits-additional-r30m-to-wits-digimine-2019-04-19,https://engineeringnews.co.za/article/sibanye-commits-additional-r30m-to-wits-digimine-2019-04-19,2019,secondary_keyword_only_review
Engineering News,https://www.engineeringnews.co.za/article/sibanye-concludes-buyout-of-1999-stake-in-new-century-2021-12-08,https://engineeringnews.co.za/article/sibanye-concludes-buyout-of-1999-stake-in-new-century-2021-12-08,2021,secondary_keyword_only_review
Engineering News,https://www.engineeringnews.co.za/article/sibanye-concludes-consultations-with-labour-over-kloof-4-restructuring-2023-12-01,https://engineeringnews.co.za/article/sibanye-concludes-consultations-with-labour-over-kloof-4-restructuring-2023-12-01,2023,secondary_keyword_only_review
Engineering News,https://www.engineeringnews.co.za/article/sibanye-concludes-five-year-wage-agreement-at-kroondal-2023-11-06,https://engineeringnews.co.za/article/sibanye-concludes-five-year-wage-agreement-at-kroondal-2023-11-06,2023,already_screened
Engineering News,https://www.engineeringnews.co.za/article/sibanye-concludes-five-year-wage-deal-at-rustenburg-marikana-operations-2022-10-28,https://engineeringnews.co.za/article/sibanye-concludes-five-year-wage-deal-at-rustenburg-marikana-operations-2022-10-28,2022,already_screened
Engineering News,https://www.engineeringnews.co.za/article/sibanye-concludes-r8bn-share-buyback-2021-10-05,https://engineeringnews.co.za/article/sibanye-concludes-r8bn-share-buyback-2021-10-05,2021,secondary_keyword_only_review
Engineering News,https://www.engineeringnews.co.za/article/sibanye-concludes-restructuring-negotiations-at-its-south-african-pgms-operations-2024-02-23,https://engineeringnews.co.za/article/sibanye-concludes-restructuring-negotiations-at-its-south-african-pgms-operations-2024-02-23,2024,exclude_outside_period
Engineering News,https://www.engineeringnews.co.za/article/sibanye-concludes-wcc-due-diligence-revised-term-sheet-expected-2016-02-02,https://engineeringnews.co.za/article/sibanye-concludes-wcc-due-diligence-revised-term-sheet-expected-2016-02-02,2016,secondary_keyword_only_review
Engineering News,https://www.engineeringnews.co.za/article/sibanye-concludes-wcc-due-diligence-revised-term-sheet-expected-2016-02-12,https://engineeringnews.co.za/article/sibanye-concludes-wcc-due-diligence-revised-term-sheet-expected-2016-02-12,2016,secondary_keyword_only_review
Engineering News,https://www.engineeringnews.co.za/article/sibanye-condemns-violent-protest-at-its-south-african-gold-mines-2018-12-11,https://engineeringnews.co.za/article/sibanye-condemns-violent-protest-at-its-south-african-gold-mines-2018-12-11,2018,secondary_keyword_only_review
Engineering News,https://www.engineeringnews.co.za/article/sibanye-confirms-final-marikana-retrenchment-figures-2020-01-16,https://engineeringnews.co.za/article/sibanye-confirms-final-marikana-retrenchment-figures-2020-01-16,2020,already_screened
Engineering News,https://www.engineeringnews.co.za/article/sibanye-considers-closing-unprofitable-shafts-at-gold-mines-2019-02-12,https://engineeringnews.co.za/article/sibanye-considers-closing-unprofitable-shafts-at-gold-mines-2019-02-12,2019,secondary_keyword_only_review
Engineering News,https://www.engineeringnews.co.za/article/sibanye-considers-restructuring-gold-operations-says-fy-loss-to-narrow-to-r1bn-2019-02-14,https://engineeringnews.co.za/article/sibanye-considers-restructuring-gold-operations-says-fy-loss-to-narrow-to-r1bn-2019-02-14,2019,secondary_keyword_only_review
Engineering News,https://www.engineeringnews.co.za/article/sibanye-considers-sourcing-nickel-for-french-plant-from-new-caledonias-prony-2024-09-17,https://engineeringnews.co.za/article/sibanye-considers-sourcing-nickel-for-french-plant-from-new-caledonias-prony-2024-09-17,2024,exclude_outside_period
Engineering News,https://www.engineeringnews.co.za/article/sibanye-continues-to-increase-geographical-diversity-through-m-2021-04-30,https://engineeringnews.co.za/article/sibanye-continues-to-increase-geographical-diversity-through-m-2021-04-30,2021,secondary_keyword_only_review
Engineering News,https://www.engineeringnews.co.za/article/sibanye-continues-to-increase-geographical-diversity-through-mas-says-froneman-2021-04-14,https://engineeringnews.co.za/article/sibanye-continues-to-increase-geographical-diversity-through-mas-says-froneman-2021-04-14,2021,secondary_keyword_only_review
Engineering News,https://www.engineeringnews.co.za/article/sibanye-continues-to-make-reparations-at-marikana-2022-07-15,https://engineeringnews.co.za/article/sibanye-continues-to-make-reparations-at-marikana-2022-07-15,2022,explicit_case_title_review
Engineering News,https://www.engineeringnews.co.za/article/sibanye-creates-gold-tailings-deal-with-drdgold-2017-11-23,https://engineeringnews.co.za/article/sibanye-creates-gold-tailings-deal-with-drdgold-2017-11-23,2017,secondary_keyword_only_review
Engineering News,https://www.engineeringnews.co.za/article/sibanye-declares-us-resource-under-proudly-south-african-code-2017-11-14,https://engineeringnews.co.za/article/sibanye-declares-us-resource-under-proudly-south-african-code-2017-11-14,2017,secondary_keyword_only_review
Engineering News,https://www.engineeringnews.co.za/article/sibanye-declares-us-resource-under-proudly-south-african-code-2017-11-24,https://engineeringnews.co.za/article/sibanye-declares-us-resource-under-proudly-south-african-code-2017-11-24,2017,secondary_keyword_only_review
Engineering News,https://www.engineeringnews.co.za/article/sibanye-digs-in-as-amcu-opts-for-protected-strike-2016-04-04,https://engineeringnews.co.za/article/sibanye-digs-in-as-amcu-opts-for-protected-strike-2016-04-04,2016,secondary_keyword_only_review
Engineering News,https://www.engineeringnews.co.za/article/sibanye-dismisses-1-514-striking-workers-at-cooke-2017-06-15,https://engineeringnews.co.za/article/sibanye-dismisses-1-514-striking-workers-at-cooke-2017-06-15,2017,secondary_keyword_only_review
Engineering News,https://www.engineeringnews.co.za/article/sibanye-displays-new-mining-machine-at-joburg-indaba-2015-10-14,https://engineeringnews.co.za/article/sibanye-displays-new-mining-machine-at-joburg-indaba-2015-10-14,2015,secondary_keyword_only_review
Engineering News,https://www.engineeringnews.co.za/article/sibanye-displays-new-mining-machine-at-joburg-indaba-2015-10-23,https://engineeringnews.co.za/article/sibanye-displays-new-mining-machine-at-joburg-indaba-2015-10-23,2015,secondary_keyword_only_review
Engineering News,https://www.engineeringnews.co.za/article/sibanye-dives-deeper-into-circular-economy-with-155m-deal-2023-11-24,https://engineeringnews.co.za/article/sibanye-dives-deeper-into-circular-economy-with-155m-deal-2023-11-24,2023,secondary_keyword_only_review
Engineering News,https://www.engineeringnews.co.za/article/sibanye-donates-r25m-to-mining-engineering-education-2014-08-08,https://engineeringnews.co.za/article/sibanye-donates-r25m-to-mining-engineering-education-2014-08-08,2014,secondary_keyword_only_review
Engineering News,https://www.engineeringnews.co.za/article/sibanye-donates-r30m-to-uj-wits-2017-08-15,https://engineeringnews.co.za/article/sibanye-donates-r30m-to-uj-wits-2017-08-15,2017,secondary_keyword_only_review
Engineering News,https://www.engineeringnews.co.za/article/sibanye-donates-r52m-to-wits-for-bridge-refurbishment-scholarships-2021-08-19,https://engineeringnews.co.za/article/sibanye-donates-r52m-to-wits-for-bridge-refurbishment-scholarships-2021-08-19,2021,secondary_keyword_only_review
Engineering News,https://www.engineeringnews.co.za/article/sibanye-elects-not-to-up-stake-in-canada-palladiumcopper-venture-2021-07-22,https://engineeringnews.co.za/article/sibanye-elects-not-to-up-stake-in-canada-palladiumcopper-venture-2021-07-22,2021,secondary_keyword_only_review
Engineering News,https://www.engineeringnews.co.za/article/sibanye-enters-into-500m-streaming-deal-with-wheaton-international-2018-07-16,https://engineeringnews.co.za/article/sibanye-enters-into-500m-streaming-deal-with-wheaton-international-2018-07-16,2018,secondary_keyword_only_review
Engineering News,https://www.engineeringnews.co.za/article/sibanye-enters-into-500m-streaming-deal-with-wheaton-international-2018-07-27,https://engineeringnews.co.za/article/sibanye-enters-into-500m-streaming-deal-with-wheaton-international-2018-07-27,2018,secondary_keyword_only_review
Engineering News,https://www.engineeringnews.co.za/article/sibanye-enters-into-strategic-exploration-partnership-to-unlock-value-in-argentina-2018-06-29,https://engineeringnews.co.za/article/sibanye-enters-into-strategic-exploration-partnership-to-unlock-value-in-argentina-2018-06-29,2018,secondary_keyword_only_review
Engineering News,https://www.engineeringnews.co.za/article/sibanye-enters-section-189-consultations-at-beleaguered-beatrix-mine-2013-04-02,https://engineeringnews.co.za/article/sibanye-enters-section-189-consultations-at-beleaguered-beatrix-mine-2013-04-02,2013,secondary_keyword_only_review
Engineering News,https://www.engineeringnews.co.za/article/sibanye-establishes-board-investment-committee-2021-02-17,https://engineeringnews.co.za/article/sibanye-establishes-board-investment-committee-2021-02-17,2021,secondary_keyword_only_review
Engineering News,https://www.engineeringnews.co.za/article/sibanye-exercises-option-on-australian-copper-mine-2023-11-01,https://engineeringnews.co.za/article/sibanye-exercises-option-on-australian-copper-mine-2023-11-01,2023,secondary_keyword_only_review
Engineering News,https://www.engineeringnews.co.za/article/sibanye-exercises-option-on-australian-copper-mine-2023-11-17,https://engineeringnews.co.za/article/sibanye-exercises-option-on-australian-copper-mine-2023-11-17,2023,secondary_keyword_only_review
Engineering News,https://www.engineeringnews.co.za/article/sibanye-expands-tailings-retreatment-exposure-by-acquiring-1999-stake-in-australian-company-2021-10-27,https://engineeringnews.co.za/article/sibanye-expands-tailings-retreatment-exposure-by-acquiring-1999-stake-in-australian-company-2021-10-27,2021,secondary_keyword_only_review
Engineering News,https://www.engineeringnews.co.za/article/sibanye-expects-further-improvements-after-better-second-quarter-2019-08-08,https://engineeringnews.co.za/article/sibanye-expects-further-improvements-after-better-second-quarter-2019-08-08,2019,secondary_keyword_only_review
Engineering News,https://www.engineeringnews.co.za/article/sibanye-expects-half-year-earnings-of-120c-a-share-2013-10-23,https://engineeringnews.co.za/article/sibanye-expects-half-year-earnings-of-120c-a-share-2013-10-23,2013,secondary_keyword_only_review
Engineering News,https://www.engineeringnews.co.za/article/sibanye-expects-higher-h1-eps-2014-07-25,https://engineeringnews.co.za/article/sibanye-expects-higher-h1-eps-2014-07-25,2014,secondary_keyword_only_review
Engineering News,https://www.engineeringnews.co.za/article/sibanye-expects-lonmin-competition-finality-october-2018-08-27,https://engineeringnews.co.za/article/sibanye-expects-lonmin-competition-finality-october-2018-08-27,2018,lonmin_only_title_review
Engineering News,https://www.engineeringnews.co.za/article/sibanye-expects-lower-fy-earnings-2016-02-23,https://engineeringnews.co.za/article/sibanye-expects-lower-fy-earnings-2016-02-23,2016,secondary_keyword_only_review
Engineering News,https://www.engineeringnews.co.za/article/sibanye-expects-significant-improvement-in-2020-profit-earnings-2021-02-05,https://engineeringnews.co.za/article/sibanye-expects-significant-improvement-in-2020-profit-earnings-2021-02-05,2021,secondary_keyword_only_review
Engineering News,https://www.engineeringnews.co.za/article/sibanye-expects-triple-digit-surge-in-h1-earnings-2016-07-27,https://engineeringnews.co.za/article/sibanye-expects-triple-digit-surge-in-h1-earnings-2016-07-27,2016,secondary_keyword_only_review
Engineering News,https://www.engineeringnews.co.za/article/sibanye-exploring-further-means-of-treating-water-extracting-value-2022-10-06,https://engineeringnews.co.za/article/sibanye-exploring-further-means-of-treating-water-extracting-value-2022-10-06,2022,secondary_keyword_only_review
Engineering News,https://www.engineeringnews.co.za/article/sibanye-exploring-further-means-of-treating-water-extracting-value-2022-10-21,https://engineeringnews.co.za/article/sibanye-exploring-further-means-of-treating-water-extracting-value-2022-10-21,2022,secondary_keyword_only_review
Engineering News,https://www.engineeringnews.co.za/article/sibanye-extends-investment-into-21st-century-mining-tech-human-capital-2021-01-26,https://engineeringnews.co.za/article/sibanye-extends-investment-into-21st-century-mining-tech-human-capital-2021-01-26,2021,secondary_keyword_only_review
Engineering News,https://www.engineeringnews.co.za/article/sibanye-extends-union-wage-agreements-to-all-employees-ends-amcu-strike-2018-12-13,https://engineeringnews.co.za/article/sibanye-extends-union-wage-agreements-to-all-employees-ends-amcu-strike-2018-12-13,2018,secondary_keyword_only_review
Engineering News,https://www.engineeringnews.co.za/article/sibanye-eyes-platinum-opportunities-as-sector-overdue-for-consolidation-2014-06-04,https://engineeringnews.co.za/article/sibanye-eyes-platinum-opportunities-as-sector-overdue-for-consolidation-2014-06-04,2014,secondary_keyword_only_review
Engineering News,https://www.engineeringnews.co.za/article/sibanye-eyes-platinum-opportunities-as-sector-overdue-for-consolidation-2014-06-13,https://engineeringnews.co.za/article/sibanye-eyes-platinum-opportunities-as-sector-overdue-for-consolidation-2014-06-13,2014,secondary_keyword_only_review
Engineering News,https://www.engineeringnews.co.za/article/sibanye-eyes-r3bn-150-mw-solar-power-station-2015-02-19,https://engineeringnews.co.za/article/sibanye-eyes-r3bn-150-mw-solar-power-station-2015-02-19,2015,secondary_keyword_only_review
Engineering News,https://www.engineeringnews.co.za/article/sibanye-eyes-r3bn-150-mw-solar-power-station-2015-02-19-2,https://engineeringnews.co.za/article/sibanye-eyes-r3bn-150-mw-solar-power-station-2015-02-19-2,2015,secondary_keyword_only_review
Engineering News,https://www.engineeringnews.co.za/article/sibanye-eyes-uranium-growth-as-volatile-market-improves-2014-06-04,https://engineeringnews.co.za/article/sibanye-eyes-uranium-growth-as-volatile-market-improves-2014-06-04,2014,secondary_keyword_only_review
Engineering News,https://www.engineeringnews.co.za/article/sibanye-faces-522m-claim-over-cancelled-brazil-mines-deal-2024-10-15,https://engineeringnews.co.za/article/sibanye-faces-522m-claim-over-cancelled-brazil-mines-deal-2024-10-15,2024,exclude_outside_period
Engineering News,https://www.engineeringnews.co.za/article/sibanye-faces-strike-threat-over-union-wage-demand-2018-11-19,https://engineeringnews.co.za/article/sibanye-faces-strike-threat-over-union-wage-demand-2018-11-19,2018,secondary_keyword_only_review
Engineering News,https://www.engineeringnews.co.za/article/sibanye-features-on-ftse4good-index-for-the-ninth-consecutive-year-2024-07-16,https://engineeringnews.co.za/article/sibanye-features-on-ftse4good-index-for-the-ninth-consecutive-year-2024-07-16,2024,exclude_outside_period
Engineering News,https://www.engineeringnews.co.za/article/sibanye-files-court-papers-to-oppose-application-to-halt-r52bn-lonmin-merger-2019-08-02,https://engineeringnews.co.za/article/sibanye-files-court-papers-to-oppose-application-to-halt-r52bn-lonmin-merger-2019-08-02,2019,lonmin_only_title_review
Engineering News,https://www.engineeringnews.co.za/article/sibanye-finalises-terms-of-1bn-rights-offering-2017-05-18,https://engineeringnews.co.za/article/sibanye-finalises-terms-of-1bn-rights-offering-2017-05-18,2017,secondary_keyword_only_review
Engineering News,https://www.engineeringnews.co.za/article/sibanye-firming-up-funding-for-gold-from-dumps-project-2016-08-19,https://engineeringnews.co.za/article/sibanye-firming-up-funding-for-gold-from-dumps-project-2016-08-19,2016,secondary_keyword_only_review
Engineering News,https://www.engineeringnews.co.za/article/sibanye-firming-up-tailings-project-funding-2016-08-10,https://engineeringnews.co.za/article/sibanye-firming-up-tailings-project-funding-2016-08-10,2016,secondary_keyword_only_review
Engineering News,https://www.engineeringnews.co.za/article/sibanye-fy-gold-output-to-exceed-guidance-2014-02-04,https://engineeringnews.co.za/article/sibanye-fy-gold-output-to-exceed-guidance-2014-02-04,2014,secondary_keyword_only_review
Engineering News,https://www.engineeringnews.co.za/article/sibanye-gets-extended-rcf-limits-to-december-31-2019-01-11,https://engineeringnews.co.za/article/sibanye-gets-extended-rcf-limits-to-december-31-2019-01-11,2019,secondary_keyword_only_review
Engineering News,https://www.engineeringnews.co.za/article/sibanye-gets-green-light-to-administer-covid-19-vaccines-in-south-africa-2021-06-24,https://engineeringnews.co.za/article/sibanye-gets-green-light-to-administer-covid-19-vaccines-in-south-africa-2021-06-24,2021,secondary_keyword_only_review
Engineering News,https://www.engineeringnews.co.za/article/sibanye-gets-positive-boost-from-ratings-agencies-2017-06-07,https://engineeringnews.co.za/article/sibanye-gets-positive-boost-from-ratings-agencies-2017-06-07,2017,secondary_keyword_only_review
Engineering News,https://www.engineeringnews.co.za/article/sibanye-gold-amends-increases-bridge-loan-2013-07-11,https://engineeringnews.co.za/article/sibanye-gold-amends-increases-bridge-loan-2013-07-11,2013,secondary_keyword_only_review
Engineering News,https://www.engineeringnews.co.za/article/sibanye-gold-appoints-corporate-affairs-vp-2013-01-08,https://engineeringnews.co.za/article/sibanye-gold-appoints-corporate-affairs-vp-2013-01-08,2013,secondary_keyword_only_review
Engineering News,https://www.engineeringnews.co.za/article/sibanye-gold-awards-dfs-contract-award-for-tailings-retreatment-project-2014-07-15,https://engineeringnews.co.za/article/sibanye-gold-awards-dfs-contract-award-for-tailings-retreatment-project-2014-07-15,2014,secondary_keyword_only_review
Engineering News,https://www.engineeringnews.co.za/article/sibanye-gold-begins-intensive-search-for-appropriate-mining-technology-2014-08-06,https://engineeringnews.co.za/article/sibanye-gold-begins-intensive-search-for-appropriate-mining-technology-2014-08-06,2014,secondary_keyword_only_review
Engineering News,https://www.engineeringnews.co.za/article/sibanye-gold-begins-intensive-search-for-appropriate-mining-technology-2014-08-08,https://engineeringnews.co.za/article/sibanye-gold-begins-intensive-search-for-appropriate-mining-technology-2014-08-08,2014,secondary_keyword_only_review
Engineering News,https://www.engineeringnews.co.za/article/sibanye-gold-confirms-beatrix-4-shaft-production-resumed-2013-02-26,https://engineeringnews.co.za/article/sibanye-gold-confirms-beatrix-4-shaft-production-resumed-2013-02-26,2013,secondary_keyword_only_review
Engineering News,https://www.engineeringnews.co.za/article/sibanye-gold-continues-its-contrarian-path-with-its-purchase-of-a-us-mining-company-2017-08-03,https://engineeringnews.co.za/article/sibanye-gold-continues-its-contrarian-path-with-its-purchase-of-a-us-mining-company-2017-08-03,2017,secondary_keyword_only_review
Engineering News,https://www.engineeringnews.co.za/article/sibanye-gold-declares-37c-interim-dividend-following-wage-agreement-2013-09-12,https://engineeringnews.co.za/article/sibanye-gold-declares-37c-interim-dividend-following-wage-agreement-2013-09-12,2013,secondary_keyword_only_review
Engineering News,https://www.engineeringnews.co.za/article/sibanye-gold-declares-37c-interim-dividend-following-wage-agreement-2013-09-20,https://engineeringnews.co.za/article/sibanye-gold-declares-37c-interim-dividend-following-wage-agreement-2013-09-20,2013,secondary_keyword_only_review
Engineering News,https://www.engineeringnews.co.za/article/sibanye-gold-declares-dividend-on-strong-june-quarter-2015-08-06,https://engineeringnews.co.za/article/sibanye-gold-declares-dividend-on-strong-june-quarter-2015-08-06,2015,secondary_keyword_only_review
Engineering News,https://www.engineeringnews.co.za/article/sibanye-gold-declares-r785m-dividend-2016-08-25,https://engineeringnews.co.za/article/sibanye-gold-declares-r785m-dividend-2016-08-25,2016,secondary_keyword_only_review
Engineering News,https://www.engineeringnews.co.za/article/sibanye-gold-encouraging-family-living-2013-08-22,https://engineeringnews.co.za/article/sibanye-gold-encouraging-family-living-2013-08-22,2013,secondary_keyword_only_review
Engineering News,https://www.engineeringnews.co.za/article/sibanye-gold-exercises-option-on-450m-convertible-bonds-2020-09-18,https://engineeringnews.co.za/article/sibanye-gold-exercises-option-on-450m-convertible-bonds-2020-09-18,2020,secondary_keyword_only_review
Engineering News,https://www.engineeringnews.co.za/article/sibanye-gold-firming-up-funding-for-large-west-rand-tailings-project-2016-08-08,https://engineeringnews.co.za/article/sibanye-gold-firming-up-funding-for-large-west-rand-tailings-project-2016-08-08,2016,secondary_keyword_only_review
Engineering News,https://www.engineeringnews.co.za/article/sibanye-gold-going-all-out-to-win-workers-hearts-minds-froneman-2014-02-05,https://engineeringnews.co.za/article/sibanye-gold-going-all-out-to-win-workers-hearts-minds-froneman-2014-02-05,2014,secondary_keyword_only_review
Engineering News,https://www.engineeringnews.co.za/article/sibanye-gold-going-all-out-to-win-workers-hearts-minds-froneman-2014-02-14,https://engineeringnews.co.za/article/sibanye-gold-going-all-out-to-win-workers-hearts-minds-froneman-2014-02-14,2014,secondary_keyword_only_review
Engineering News,https://www.engineeringnews.co.za/article/sibanye-gold-hands-over-100-family-units-to-employees-2013-08-09,https://engineeringnews.co.za/article/sibanye-gold-hands-over-100-family-units-to-employees-2013-08-09,2013,secondary_keyword_only_review
Engineering News,https://www.engineeringnews.co.za/article/sibanye-gold-issues-trading-statement-2013-07-22,https://engineeringnews.co.za/article/sibanye-gold-issues-trading-statement-2013-07-22,2013,secondary_keyword_only_review
Engineering News,https://www.engineeringnews.co.za/article/sibanye-gold-miners-in-s-africa-stuck-underground-not-in-danger-2018-02-01,https://engineeringnews.co.za/article/sibanye-gold-miners-in-s-africa-stuck-underground-not-in-danger-2018-02-01,2018,secondary_keyword_only_review
Engineering News,https://www.engineeringnews.co.za/article/sibanye-gold-miners-to-strike-over-pay-until-wage-demands-met-2022-02-14,https://engineeringnews.co.za/article/sibanye-gold-miners-to-strike-over-pay-until-wage-demands-met-2022-02-14,2022,secondary_keyword_only_review
Engineering News,https://www.engineeringnews.co.za/article/sibanye-gold-moves-to-secure-coal-for-generation-of-own-electricity-2015-09-17,https://engineeringnews.co.za/article/sibanye-gold-moves-to-secure-coal-for-generation-of-own-electricity-2015-09-17,2015,secondary_keyword_only_review
Engineering News,https://www.engineeringnews.co.za/article/sibanye-gold-output-not-impacted-by-sa-rolling-electricity-blackouts-2014-03-06,https://engineeringnews.co.za/article/sibanye-gold-output-not-impacted-by-sa-rolling-electricity-blackouts-2014-03-06,2014,secondary_keyword_only_review
Engineering News,https://www.engineeringnews.co.za/article/sibanye-gold-preparing-to-spend-upped-r39bn-capex-2016-02-29,https://engineeringnews.co.za/article/sibanye-gold-preparing-to-spend-upped-r39bn-capex-2016-02-29,2016,secondary_keyword_only_review
Engineering News,https://www.engineeringnews.co.za/article/sibanye-gold-preparing-to-spend-upped-r39bn-capex-2016-03-11,https://engineeringnews.co.za/article/sibanye-gold-preparing-to-spend-upped-r39bn-capex-2016-03-11,2016,secondary_keyword_only_review
Engineering News,https://www.engineeringnews.co.za/article/sibanye-gold-set-to-pay-r1bn-a-year-minimum-dividend-to-2028-2014-07-31,https://engineeringnews.co.za/article/sibanye-gold-set-to-pay-r1bn-a-year-minimum-dividend-to-2028-2014-07-31,2014,secondary_keyword_only_review
Engineering News,https://www.engineeringnews.co.za/article/sibanye-gold-set-to-pay-r1bn-a-year-minimum-dividend-to-2028-2014-08-01,https://engineeringnews.co.za/article/sibanye-gold-set-to-pay-r1bn-a-year-minimum-dividend-to-2028-2014-08-01,2014,secondary_keyword_only_review
Engineering News,https://www.engineeringnews.co.za/article/sibanye-gold-showing-much-needed-corporate-patriotism-2016-07-31,https://engineeringnews.co.za/article/sibanye-gold-showing-much-needed-corporate-patriotism-2016-07-31,2016,secondary_keyword_only_review
Engineering News,https://www.engineeringnews.co.za/article/sibanye-gold-solar-power-project-south-africa-2015-04-10,https://engineeringnews.co.za/article/sibanye-gold-solar-power-project-south-africa-2015-04-10,2015,secondary_keyword_only_review
Engineering News,https://www.engineeringnews.co.za/article/sibanye-gold-starts-restructuring-process-new-holding-company-created-2019-10-04,https://engineeringnews.co.za/article/sibanye-gold-starts-restructuring-process-new-holding-company-created-2019-10-04,2019,secondary_keyword_only_review
Engineering News,https://www.engineeringnews.co.za/article/sibanye-gold-turns-killer-gas-into-low-price-electricity-at-beatrix-mine-2013-03-20,https://engineeringnews.co.za/article/sibanye-gold-turns-killer-gas-into-low-price-electricity-at-beatrix-mine-2013-03-20,2013,secondary_keyword_only_review
Engineering News,https://www.engineeringnews.co.za/article/sibanye-gold-turns-killer-gas-into-low-price-electricity-at-beatrix-mine-2013-04-05,https://engineeringnews.co.za/article/sibanye-gold-turns-killer-gas-into-low-price-electricity-at-beatrix-mine-2013-04-05,2013,secondary_keyword_only_review
Engineering News,https://www.engineeringnews.co.za/article/sibanye-gold-upbeat-on-high-value-surface-project-2015-08-06,https://engineeringnews.co.za/article/sibanye-gold-upbeat-on-high-value-surface-project-2015-08-06,2015,secondary_keyword_only_review
Engineering News,https://www.engineeringnews.co.za/article/sibanye-gold-upbeat-on-high-value-surface-project-2015-08-06-1,https://engineeringnews.co.za/article/sibanye-gold-upbeat-on-high-value-surface-project-2015-08-06-1,2015,secondary_keyword_only_review
Engineering News,https://www.engineeringnews.co.za/article/sibanye-golds-earnings-skyrocketing-2016-10-27,https://engineeringnews.co.za/article/sibanye-golds-earnings-skyrocketing-2016-10-27,2016,secondary_keyword_only_review
Engineering News,https://www.engineeringnews.co.za/article/sibanye-golds-holistic-approach-is-boost-for-minings-image-2016-08-12,https://engineeringnews.co.za/article/sibanye-golds-holistic-approach-is-boost-for-minings-image-2016-08-12,2016,secondary_keyword_only_review
Engineering News,https://www.engineeringnews.co.za/article/sibanye-golds-platinum-entry-receives-double-boost-2016-03-17,https://engineeringnews.co.za/article/sibanye-golds-platinum-entry-receives-double-boost-2016-03-17,2016,secondary_keyword_only_review
Engineering News,https://www.engineeringnews.co.za/article/sibanye-golds-platinum-entry-receives-double-boost-2016-04-01,https://engineeringnews.co.za/article/sibanye-golds-platinum-entry-receives-double-boost-2016-04-01,2016,secondary_keyword_only_review
Engineering News,https://www.engineeringnews.co.za/article/sibanye-golds-tailings-project-launch-likely-in-next-six-months-2016-12-14,https://engineeringnews.co.za/article/sibanye-golds-tailings-project-launch-likely-in-next-six-months-2016-12-14,2016,secondary_keyword_only_review
Engineering News,https://www.engineeringnews.co.za/article/sibanye-granted-interdict-against-num-amcu-2018-11-23,https://engineeringnews.co.za/article/sibanye-granted-interdict-against-num-amcu-2018-11-23,2018,secondary_keyword_only_review
Engineering News,https://www.engineeringnews.co.za/article/sibanye-guides-soaring-earnings-after-quarterly-operating-profit-rockets-2016-04-25,https://engineeringnews.co.za/article/sibanye-guides-soaring-earnings-after-quarterly-operating-profit-rockets-2016-04-25,2016,secondary_keyword_only_review
Engineering News,https://www.engineeringnews.co.za/article/sibanye-guides-soaring-earnings-after-quarterly-operating-profit-rockets-2016-05-06,https://engineeringnews.co.za/article/sibanye-guides-soaring-earnings-after-quarterly-operating-profit-rockets-2016-05-06,2016,secondary_keyword_only_review
Engineering News,https://www.engineeringnews.co.za/article/sibanye-h1-earnings-to-fall-2015-07-24,https://engineeringnews.co.za/article/sibanye-h1-earnings-to-fall-2015-07-24,2015,secondary_keyword_only_review
Engineering News,https://www.engineeringnews.co.za/article/sibanye-half-year-results-surprise-on-upside-2018-08-23,https://engineeringnews.co.za/article/sibanye-half-year-results-surprise-on-upside-2018-08-23,2018,secondary_keyword_only_review
Engineering News,https://www.engineeringnews.co.za/article/sibanye-halts-beatrix-ops-amid-union-conflict-2015-02-06,https://engineeringnews.co.za/article/sibanye-halts-beatrix-ops-amid-union-conflict-2015-02-06,2015,secondary_keyword_only_review
Engineering News,https://www.engineeringnews.co.za/article/sibanye-halts-cooke-operations-after-employees-injured-in-attack-2016-10-04,https://engineeringnews.co.za/article/sibanye-halts-cooke-operations-after-employees-injured-in-attack-2016-10-04,2016,secondary_keyword_only_review
Engineering News,https://www.engineeringnews.co.za/article/sibanye-halves-job-losses-at-its-south-african-gold-operations-2019-06-05,https://engineeringnews.co.za/article/sibanye-halves-job-losses-at-its-south-african-gold-operations-2019-06-05,2019,secondary_keyword_only_review
Engineering News,https://www.engineeringnews.co.za/article/sibanye-halves-job-losses-at-its-south-african-gold-operations-2019-06-14,https://engineeringnews.co.za/article/sibanye-halves-job-losses-at-its-south-african-gold-operations-2019-06-14,2019,secondary_keyword_only_review
Engineering News,https://www.engineeringnews.co.za/article/sibanye-harmony-gold-fields-among-miners-listed-in-the-2023-bloomberg-gender-equality-index-2023-01-31,https://engineeringnews.co.za/article/sibanye-harmony-gold-fields-among-miners-listed-in-the-2023-bloomberg-gender-equality-index-2023-01-31,2023,secondary_keyword_only_review
Engineering News,https://www.engineeringnews.co.za/article/sibanye-harmony-swap-mining-rights-at-adjacent-joel-beatrix-mines-2013-11-08,https://engineeringnews.co.za/article/sibanye-harmony-swap-mining-rights-at-adjacent-joel-beatrix-mines-2013-11-08,2013,secondary_keyword_only_review
Engineering News,https://www.engineeringnews.co.za/article/sibanye-heraeus-partner-to-bring-green-hydrogen-electrocatalysts-to-the-market-2022-08-18,https://engineeringnews.co.za/article/sibanye-heraeus-partner-to-bring-green-hydrogen-electrocatalysts-to-the-market-2022-08-18,2022,secondary_keyword_only_review
Engineering News,https://www.engineeringnews.co.za/article/sibanye-heraeus-partner-to-bring-green-hydrogen-electrocatalysts-to-the-market-2022-09-02,https://engineeringnews.co.za/article/sibanye-heraeus-partner-to-bring-green-hydrogen-electrocatalysts-to-the-market-2022-09-02,2022,secondary_keyword_only_review
Engineering News,https://www.engineeringnews.co.za/article/sibanye-highlights-importance-of-wetland-preservation-2021-02-02,https://engineeringnews.co.za/article/sibanye-highlights-importance-of-wetland-preservation-2021-02-02,2021,secondary_keyword_only_review
Engineering News,https://www.engineeringnews.co.za/article/sibanye-highlights-lonmin-drdgold-deal-attractions-at-denver-2018-09-26,https://engineeringnews.co.za/article/sibanye-highlights-lonmin-drdgold-deal-attractions-at-denver-2018-09-26,2018,lonmin_only_title_review
Engineering News,https://www.engineeringnews.co.za/article/sibanye-highlights-lonmin-drdgold-deal-attractions-at-denver-2018-10-05,https://engineeringnews.co.za/article/sibanye-highlights-lonmin-drdgold-deal-attractions-at-denver-2018-10-05,2018,lonmin_only_title_review
Engineering News,https://www.engineeringnews.co.za/article/sibanye-hikes-mineral-reserves-2014-02-17,https://engineeringnews.co.za/article/sibanye-hikes-mineral-reserves-2014-02-17,2014,secondary_keyword_only_review
Engineering News,https://www.engineeringnews.co.za/article/sibanye-hosts-marikana-memorial-lecture-2020-08-14,https://engineeringnews.co.za/article/sibanye-hosts-marikana-memorial-lecture-2020-08-14,2020,explicit_case_title_review
Engineering News,https://www.engineeringnews.co.za/article/sibanye-in-r4bn-cash-bid-for-aquarius-platinum-2015-10-06,https://engineeringnews.co.za/article/sibanye-in-r4bn-cash-bid-for-aquarius-platinum-2015-10-06,2015,secondary_keyword_only_review
Engineering News,https://www.engineeringnews.co.za/article/sibanye-in-r6m-free-state-education-boost-2016-07-06,https://engineeringnews.co.za/article/sibanye-in-r6m-free-state-education-boost-2016-07-06,2016,secondary_keyword_only_review
Engineering News,https://www.engineeringnews.co.za/article/sibanye-in-r6m-free-state-education-boost-2016-07-15,https://engineeringnews.co.za/article/sibanye-in-r6m-free-state-education-boost-2016-07-15,2016,secondary_keyword_only_review
Engineering News,https://www.engineeringnews.co.za/article/sibanye-increases-lonmin-offer-2019-04-25,https://engineeringnews.co.za/article/sibanye-increases-lonmin-offer-2019-04-25,2019,lonmin_only_title_review
Engineering News,https://www.engineeringnews.co.za/article/sibanye-incurs-258bn-in-impairments-on-lower-metals-prices-2024-02-21,https://engineeringnews.co.za/article/sibanye-incurs-258bn-in-impairments-on-lower-metals-prices-2024-02-21,2024,exclude_outside_period
Engineering News,https://www.engineeringnews.co.za/article/sibanye-inks-500m-streaming-agreement-with-franco-nevada-2024-12-19,https://engineeringnews.co.za/article/sibanye-inks-500m-streaming-agreement-with-franco-nevada-2024-12-19,2024,exclude_outside_period
Engineering News,https://www.engineeringnews.co.za/article/sibanye-inoculates-779-employees-in-south-africa-with-covid-19-vaccine-2021-06-28,https://engineeringnews.co.za/article/sibanye-inoculates-779-employees-in-south-africa-with-covid-19-vaccine-2021-06-28,2021,secondary_keyword_only_review
Engineering News,https://www.engineeringnews.co.za/article/sibanye-interested-in-anglos-south-african-coal-assets-2015-11-20,https://engineeringnews.co.za/article/sibanye-interested-in-anglos-south-african-coal-assets-2015-11-20,2015,secondary_keyword_only_review
Engineering News,https://www.engineeringnews.co.za/article/sibanye-interested-in-zambias-mopani-copper-mines-froneman-2022-10-05,https://engineeringnews.co.za/article/sibanye-interested-in-zambias-mopani-copper-mines-froneman-2022-10-05,2022,secondary_keyword_only_review
Engineering News,https://www.engineeringnews.co.za/article/sibanye-investing-r39bn-in-gold-mines-2016-04-20,https://engineeringnews.co.za/article/sibanye-investing-r39bn-in-gold-mines-2016-04-20,2016,secondary_keyword_only_review
Engineering News,https://www.engineeringnews.co.za/article/sibanye-johnson-matthey-partner-to-boost-battery-technology-low-carbon-development-2021-03-19,https://engineeringnews.co.za/article/sibanye-johnson-matthey-partner-to-boost-battery-technology-low-carbon-development-2021-03-19,2021,secondary_keyword_only_review
Engineering News,https://www.engineeringnews.co.za/article/sibanye-keeps-option-to-increase-lonmin-offer-against-rival-bid-2019-05-20,https://engineeringnews.co.za/article/sibanye-keeps-option-to-increase-lonmin-offer-against-rival-bid-2019-05-20,2019,lonmin_only_title_review
Engineering News,https://www.engineeringnews.co.za/article/sibanye-keeps-workers-safe-during-underground-fire-incident-at-kroondal-2020-03-10,https://engineeringnews.co.za/article/sibanye-keeps-workers-safe-during-underground-fire-incident-at-kroondal-2020-03-10,2020,secondary_keyword_only_review
Engineering News,https://www.engineeringnews.co.za/article/sibanye-kicks-off-consultations-on-cooke-4-restructuring-plans-2014-09-12,https://engineeringnews.co.za/article/sibanye-kicks-off-consultations-on-cooke-4-restructuring-plans-2014-09-12,2014,secondary_keyword_only_review
Engineering News,https://www.engineeringnews.co.za/article/sibanye-launches-400m-bond-buyback-2018-09-04,https://engineeringnews.co.za/article/sibanye-launches-400m-bond-buyback-2018-09-04,2018,secondary_keyword_only_review
Engineering News,https://www.engineeringnews.co.za/article/sibanye-launches-500m-bond-offering-2023-11-21,https://engineeringnews.co.za/article/sibanye-launches-500m-bond-offering-2023-11-21,2023,secondary_keyword_only_review
Engineering News,https://www.engineeringnews.co.za/article/sibanye-launches-campaign-to-reimagine-foster-marikana-community-of-the-future-2021-04-16,https://engineeringnews.co.za/article/sibanye-launches-campaign-to-reimagine-foster-marikana-community-of-the-future-2021-04-16,2021,already_screened
Engineering News,https://www.engineeringnews.co.za/article/sibanye-lifts-gold-output-26-qq-in-improved-q2-2015-07-16,https://engineeringnews.co.za/article/sibanye-lifts-gold-output-26-qq-in-improved-q2-2015-07-16,2015,secondary_keyword_only_review
Engineering News,https://www.engineeringnews.co.za/article/sibanye-lifts-stake-in-drdgold-to-501-2020-01-10,https://engineeringnews.co.za/article/sibanye-lifts-stake-in-drdgold-to-501-2020-01-10,2020,secondary_keyword_only_review
Engineering News,https://www.engineeringnews.co.za/article/sibanye-linked-finnish-developer-takes-new-step-towards-battery-grade-lithium-goal-2021-07-01,https://engineeringnews.co.za/article/sibanye-linked-finnish-developer-takes-new-step-towards-battery-grade-lithium-goal-2021-07-01,2021,secondary_keyword_only_review
Engineering News,https://www.engineeringnews.co.za/article/sibanye-linked-finnish-developer-takes-next-step-towards-battery-grade-lithium-goal-2021-07-16,https://engineeringnews.co.za/article/sibanye-linked-finnish-developer-takes-next-step-towards-battery-grade-lithium-goal-2021-07-16,2021,secondary_keyword_only_review
Engineering News,https://www.engineeringnews.co.za/article/sibanye-lonmin-extend-merger-longstop-date-to-june-2019-01-15,https://engineeringnews.co.za/article/sibanye-lonmin-extend-merger-longstop-date-to-june-2019-01-15,2019,lonmin_only_title_review
Engineering News,https://www.engineeringnews.co.za/article/sibanye-lonmin-merger-enters-final-stretch-as-amcu-appeal-is-dismissed-2019-05-17,https://engineeringnews.co.za/article/sibanye-lonmin-merger-enters-final-stretch-as-amcu-appeal-is-dismissed-2019-05-17,2019,lonmin_only_title_review
Engineering News,https://www.engineeringnews.co.za/article/sibanye-lonmin-merger-hearing-postponed-to-november-2018-10-17,https://engineeringnews.co.za/article/sibanye-lonmin-merger-hearing-postponed-to-november-2018-10-17,2018,lonmin_only_title_review
Engineering News,https://www.engineeringnews.co.za/article/sibanye-looking-to-cut-another-2-000-jobs-as-restructure-bears-fruit-2013-08-13,https://engineeringnews.co.za/article/sibanye-looking-to-cut-another-2-000-jobs-as-restructure-bears-fruit-2013-08-13,2013,secondary_keyword_only_review
Engineering News,https://www.engineeringnews.co.za/article/sibanye-looking-to-cut-another-2-000-jobs-as-restructure-bears-fruit-2013-08-23,https://engineeringnews.co.za/article/sibanye-looking-to-cut-another-2-000-jobs-as-restructure-bears-fruit-2013-08-23,2013,secondary_keyword_only_review
Engineering News,https://www.engineeringnews.co.za/article/sibanye-looks-forward-to-more-positive-second-half-performance-2019-08-29,https://engineeringnews.co.za/article/sibanye-looks-forward-to-more-positive-second-half-performance-2019-08-29,2019,secondary_keyword_only_review
Engineering News,https://www.engineeringnews.co.za/article/sibanye-maintains-fy-output-guidance-2014-10-22,https://engineeringnews.co.za/article/sibanye-maintains-fy-output-guidance-2014-10-22,2014,secondary_keyword_only_review
Engineering News,https://www.engineeringnews.co.za/article/sibanye-march-quarter-output-up-36-despite-operational-hiccups-2013-05-08,https://engineeringnews.co.za/article/sibanye-march-quarter-output-up-36-despite-operational-hiccups-2013-05-08,2013,secondary_keyword_only_review
Engineering News,https://www.engineeringnews.co.za/article/sibanye-march-quarter-output-up-36-despite-operational-hiccups-2013-05-17,https://engineeringnews.co.za/article/sibanye-march-quarter-output-up-36-despite-operational-hiccups-2013-05-17,2013,secondary_keyword_only_review
Engineering News,https://www.engineeringnews.co.za/article/sibanye-marks-transformational-moment-on-nyse-2020-02-28,https://engineeringnews.co.za/article/sibanye-marks-transformational-moment-on-nyse-2020-02-28,2020,secondary_keyword_only_review
Engineering News,https://www.engineeringnews.co.za/article/sibanye-may-cut-up-to-7-400-jobs-in-proposed-restructure-of-beatrix-west-cooke-operations-2017-08-03,https://engineeringnews.co.za/article/sibanye-may-cut-up-to-7-400-jobs-in-proposed-restructure-of-beatrix-west-cooke-operations-2017-08-03,2017,secondary_keyword_only_review
Engineering News,https://www.engineeringnews.co.za/article/sibanye-may-resume-dividend-payments-if-metals-prices-hold-2019-10-31,https://engineeringnews.co.za/article/sibanye-may-resume-dividend-payments-if-metals-prices-hold-2019-10-31,2019,secondary_keyword_only_review
Engineering News,https://www.engineeringnews.co.za/article/sibanye-may-retrench-up-to-330-platinum-mine-employees-2017-01-26,https://engineeringnews.co.za/article/sibanye-may-retrench-up-to-330-platinum-mine-employees-2017-01-26,2017,secondary_keyword_only_review
Engineering News,https://www.engineeringnews.co.za/article/sibanye-may-wind-down-gold-mines-in-south-africas-fading-sector-2021-07-14,https://engineeringnews.co.za/article/sibanye-may-wind-down-gold-mines-in-south-africas-fading-sector-2021-07-14,2021,secondary_keyword_only_review
Engineering News,https://www.engineeringnews.co.za/article/sibanye-merger-with-aquarius-platinum-and-rustenburg-platinum-mines-approved-2016-03-18,https://engineeringnews.co.za/article/sibanye-merger-with-aquarius-platinum-and-rustenburg-platinum-mines-approved-2016-03-18,2016,secondary_keyword_only_review
Engineering News,https://www.engineeringnews.co.za/article/sibanye-mineral-reserves-increase-12-to-199moz-2015-02-05,https://engineeringnews.co.za/article/sibanye-mineral-reserves-increase-12-to-199moz-2015-02-05,2015,secondary_keyword_only_review
Engineering News,https://www.engineeringnews.co.za/article/sibanye-negotiating-new-work-shift-arrangements-with-unions-2014-08-12,https://engineeringnews.co.za/article/sibanye-negotiating-new-work-shift-arrangements-with-unions-2014-08-12,2014,secondary_keyword_only_review
Engineering News,https://www.engineeringnews.co.za/article/sibanye-negotiating-new-work-shift-arrangements-with-unions-2014-08-22,https://engineeringnews.co.za/article/sibanye-negotiating-new-work-shift-arrangements-with-unions-2014-08-22,2014,secondary_keyword_only_review
Engineering News,https://www.engineeringnews.co.za/article/sibanye-newshelf-in-breach-of-merger-conditions-competition-commission-2014-11-14,https://engineeringnews.co.za/article/sibanye-newshelf-in-breach-of-merger-conditions-competition-commission-2014-11-14,2014,secondary_keyword_only_review
Engineering News,https://www.engineeringnews.co.za/article/sibanye-newshelf-in-breach-of-merger-conditions-competition-commission-2014-11-28,https://engineeringnews.co.za/article/sibanye-newshelf-in-breach-of-merger-conditions-competition-commission-2014-11-28,2014,secondary_keyword_only_review
Engineering News,https://www.engineeringnews.co.za/article/sibanye-nonexec-director-barry-davison-retires-in-may-2019-03-15,https://engineeringnews.co.za/article/sibanye-nonexec-director-barry-davison-retires-in-may-2019-03-15,2019,secondary_keyword_only_review
Engineering News,https://www.engineeringnews.co.za/article/sibanye-now-largest-shareholder-of-keliber-2021-09-20,https://engineeringnews.co.za/article/sibanye-now-largest-shareholder-of-keliber-2021-09-20,2021,secondary_keyword_only_review
Engineering News,https://www.engineeringnews.co.za/article/sibanye-observes-water-month-with-groundwater-initiatives-2022-03-31,https://engineeringnews.co.za/article/sibanye-observes-water-month-with-groundwater-initiatives-2022-03-31,2022,secondary_keyword_only_review
Engineering News,https://www.engineeringnews.co.za/article/sibanye-obtains-a-rating-for-climate-change-disclosure-2020-01-20,https://engineeringnews.co.za/article/sibanye-obtains-a-rating-for-climate-change-disclosure-2020-01-20,2020,secondary_keyword_only_review
Engineering News,https://www.engineeringnews.co.za/article/sibanye-operating-profit-steady-on-6-lower-gold-output-2016-02-25,https://engineeringnews.co.za/article/sibanye-operating-profit-steady-on-6-lower-gold-output-2016-02-25,2016,secondary_keyword_only_review
Engineering News,https://www.engineeringnews.co.za/article/sibanye-opts-to-pay-back-353m-in-bonds-early-2021-07-02,https://engineeringnews.co.za/article/sibanye-opts-to-pay-back-353m-in-bonds-early-2021-07-02,2021,secondary_keyword_only_review
Engineering News,https://www.engineeringnews.co.za/article/sibanye-plans-to-cut-5-270-jobs-as-it-restructures-marikana-operations-2019-09-25,https://engineeringnews.co.za/article/sibanye-plans-to-cut-5-270-jobs-as-it-restructures-marikana-operations-2019-09-25,2019,already_screened
Engineering News,https://www.engineeringnews.co.za/article/sibanye-plans-to-cut-5-270-jobs-as-it-restructures-marikana-operations-2019-10-04,https://engineeringnews.co.za/article/sibanye-plans-to-cut-5-270-jobs-as-it-restructures-marikana-operations-2019-10-04,2019,explicit_case_title_review
Engineering News,https://www.engineeringnews.co.za/article/sibanye-platinums-favourable-wage-agreement-creates-certainty-solidarity-2017-10-18,https://engineeringnews.co.za/article/sibanye-platinums-favourable-wage-agreement-creates-certainty-solidarity-2017-10-18,2017,secondary_keyword_only_review
Engineering News,https://www.engineeringnews.co.za/article/sibanye-prepares-for-the-future-with-new-senior-management-appointments-2021-04-23,https://engineeringnews.co.za/article/sibanye-prepares-for-the-future-with-new-senior-management-appointments-2021-04-23,2021,secondary_keyword_only_review
Engineering News,https://www.engineeringnews.co.za/article/sibanye-prepares-south-african-ops-for-downtime-warns-of-depressed-guidance-2020-03-25,https://engineeringnews.co.za/article/sibanye-prepares-south-african-ops-for-downtime-warns-of-depressed-guidance-2020-03-25,2020,secondary_keyword_only_review
Engineering News,https://www.engineeringnews.co.za/article/sibanye-prides-itself-in-having-the-rock-star-metals-of-the-moment-2020-09-11,https://engineeringnews.co.za/article/sibanye-prides-itself-in-having-the-rock-star-metals-of-the-moment-2020-09-11,2020,secondary_keyword_only_review
Engineering News,https://www.engineeringnews.co.za/article/sibanye-proceeds-with-lockout-of-workers-at-its-gold-mines-2022-03-10,https://engineeringnews.co.za/article/sibanye-proceeds-with-lockout-of-workers-at-its-gold-mines-2022-03-10,2022,secondary_keyword_only_review
Engineering News,https://www.engineeringnews.co.za/article/sibanye-production-lifts-earnings-off-lower-gold-price-declares-dividend-2014-02-20,https://engineeringnews.co.za/article/sibanye-production-lifts-earnings-off-lower-gold-price-declares-dividend-2014-02-20,2014,secondary_keyword_only_review
Engineering News,https://www.engineeringnews.co.za/article/sibanye-proposes-buyout-of-shares-from-holders-of-fewer-than-400-shares-2020-11-02,https://engineeringnews.co.za/article/sibanye-proposes-buyout-of-shares-from-holders-of-fewer-than-400-shares-2020-11-02,2020,secondary_keyword_only_review
Engineering News,https://www.engineeringnews.co.za/article/sibanye-provides-200m-financial-assistance-to-thor-us-holdco-2017-06-05,https://engineeringnews.co.za/article/sibanye-provides-200m-financial-assistance-to-thor-us-holdco-2017-06-05,2017,secondary_keyword_only_review
Engineering News,https://www.engineeringnews.co.za/article/sibanye-provides-200m-financial-assistance-to-thor-us-holdco-2017-06-16,https://engineeringnews.co.za/article/sibanye-provides-200m-financial-assistance-to-thor-us-holdco-2017-06-16,2017,secondary_keyword_only_review
Engineering News,https://www.engineeringnews.co.za/article/sibanye-pursuing-rapid-self-generation-to-improve-energy-supply-2023-05-09,https://engineeringnews.co.za/article/sibanye-pursuing-rapid-self-generation-to-improve-energy-supply-2023-05-09,2023,secondary_keyword_only_review
Engineering News,https://www.engineeringnews.co.za/article/sibanye-pursuing-rapid-self-generation-to-improve-energy-supply-2023-05-26,https://engineeringnews.co.za/article/sibanye-pursuing-rapid-self-generation-to-improve-energy-supply-2023-05-26,2023,secondary_keyword_only_review
Engineering News,https://www.engineeringnews.co.za/article/sibanye-puts-hand-up-to-be-south-africas-new-mining-champion-2015-09-11,https://engineeringnews.co.za/article/sibanye-puts-hand-up-to-be-south-africas-new-mining-champion-2015-09-11,2015,secondary_keyword_only_review
Engineering News,https://www.engineeringnews.co.za/article/sibanye-q3-production-up-10-full-year-guidance-maintained-2014-10-28,https://engineeringnews.co.za/article/sibanye-q3-production-up-10-full-year-guidance-maintained-2014-10-28,2014,secondary_keyword_only_review
Engineering News,https://www.engineeringnews.co.za/article/sibanye-raises-105bn-in-oversubscribed-bond-offering-2017-06-21,https://engineeringnews.co.za/article/sibanye-raises-105bn-in-oversubscribed-bond-offering-2017-06-21,2017,secondary_keyword_only_review
Engineering News,https://www.engineeringnews.co.za/article/sibanye-raises-r17bn-in-share-placement-2019-04-10,https://engineeringnews.co.za/article/sibanye-raises-r17bn-in-share-placement-2019-04-10,2019,secondary_keyword_only_review
Engineering News,https://www.engineeringnews.co.za/article/sibanye-ranks-fourth-in-biodiversity-disclosure-project-2021-12-08,https://engineeringnews.co.za/article/sibanye-ranks-fourth-in-biodiversity-disclosure-project-2021-12-08,2021,secondary_keyword_only_review
Engineering News,https://www.engineeringnews.co.za/article/sibanye-rbplat-make-progress-with-employee-vaccinations-2021-07-22,https://engineeringnews.co.za/article/sibanye-rbplat-make-progress-with-employee-vaccinations-2021-07-22,2021,secondary_keyword_only_review
Engineering News,https://www.engineeringnews.co.za/article/sibanye-reaches-significant-milestones-in-transaction-with-regulus-2018-09-25,https://engineeringnews.co.za/article/sibanye-reaches-significant-milestones-in-transaction-with-regulus-2018-09-25,2018,secondary_keyword_only_review
Engineering News,https://www.engineeringnews.co.za/article/sibanye-reaches-wage-agreement-with-num-uasa-but-amcu-holds-out-2022-09-30,https://engineeringnews.co.za/article/sibanye-reaches-wage-agreement-with-num-uasa-but-amcu-holds-out-2022-09-30,2022,already_screened
Engineering News,https://www.engineeringnews.co.za/article/sibanye-reaches-wage-agreement-with-stillwater-union-2017-06-19,https://engineeringnews.co.za/article/sibanye-reaches-wage-agreement-with-stillwater-union-2017-06-19,2017,secondary_keyword_only_review
Engineering News,https://www.engineeringnews.co.za/article/sibanye-receives-memorandum-of-demands-from-amcu-2019-01-22,https://engineeringnews.co.za/article/sibanye-receives-memorandum-of-demands-from-amcu-2019-01-22,2019,secondary_keyword_only_review
Engineering News,https://www.engineeringnews.co.za/article/sibanye-recognised-by-rand-water-for-water-conservation-2019-12-02,https://engineeringnews.co.za/article/sibanye-recognised-by-rand-water-for-water-conservation-2019-12-02,2019,secondary_keyword_only_review
Engineering News,https://www.engineeringnews.co.za/article/sibanye-recognised-by-rand-water-for-water-conservation-2019-12-13,https://engineeringnews.co.za/article/sibanye-recognised-by-rand-water-for-water-conservation-2019-12-13,2019,secondary_keyword_only_review
Engineering News,https://www.engineeringnews.co.za/article/sibanye-records-a--rating-for-carbon-climate-change-disclosure-2021-02-11,https://engineeringnews.co.za/article/sibanye-records-a--rating-for-carbon-climate-change-disclosure-2021-02-11,2021,secondary_keyword_only_review
Engineering News,https://www.engineeringnews.co.za/article/sibanye-reduces-cooke-4-job-losses-2015-02-02,https://engineeringnews.co.za/article/sibanye-reduces-cooke-4-job-losses-2015-02-02,2015,secondary_keyword_only_review
Engineering News,https://www.engineeringnews.co.za/article/sibanye-reduces-cooke-4-job-losses-2015-02-13,https://engineeringnews.co.za/article/sibanye-reduces-cooke-4-job-losses-2015-02-13,2015,secondary_keyword_only_review
Engineering News,https://www.engineeringnews.co.za/article/sibanye-reduces-debt-2013-03-26,https://engineeringnews.co.za/article/sibanye-reduces-debt-2013-03-26,2013,secondary_keyword_only_review
Engineering News,https://www.engineeringnews.co.za/article/sibanye-refinances-increases-dollar-denominated-facility-to-1bn-2023-04-11,https://engineeringnews.co.za/article/sibanye-refinances-increases-dollar-denominated-facility-to-1bn-2023-04-11,2023,secondary_keyword_only_review
Engineering News,https://www.engineeringnews.co.za/article/sibanye-refinances-upsizes-credit-facility-concludes-r18bn-gold-prepay-arrangement-2024-08-21,https://engineeringnews.co.za/article/sibanye-refinances-upsizes-credit-facility-concludes-r18bn-gold-prepay-arrangement-2024-08-21,2024,exclude_outside_period
Engineering News,https://www.engineeringnews.co.za/article/sibanye-reiterates-the-need-to-maintain-sustainable-gold-operations-as-wage-negotiations-drag-on-2021-11-10,https://engineeringnews.co.za/article/sibanye-reiterates-the-need-to-maintain-sustainable-gold-operations-as-wage-negotiations-drag-on-2021-11-10,2021,secondary_keyword_only_review
Engineering News,https://www.engineeringnews.co.za/article/sibanye-released-as-guarantor-of-1bn-gold-fields-bond-2015-04-29,https://engineeringnews.co.za/article/sibanye-released-as-guarantor-of-1bn-gold-fields-bond-2015-04-29,2015,secondary_keyword_only_review
Engineering News,https://www.engineeringnews.co.za/article/sibanye-released-as-guarantor-of-1bn-gold-fields-bond-2015-05-08,https://engineeringnews.co.za/article/sibanye-released-as-guarantor-of-1bn-gold-fields-bond-2015-05-08,2015,secondary_keyword_only_review
Engineering News,https://www.engineeringnews.co.za/article/sibanye-report-strong-growth-in-pgm-gold-reserves-2021-02-15,https://engineeringnews.co.za/article/sibanye-report-strong-growth-in-pgm-gold-reserves-2021-02-15,2021,secondary_keyword_only_review
Engineering News,https://www.engineeringnews.co.za/article/sibanye-reports-551-increase-in-lithium-carbonate-equivalent-resources-2024-02-26,https://engineeringnews.co.za/article/sibanye-reports-551-increase-in-lithium-carbonate-equivalent-resources-2024-02-26,2024,exclude_outside_period
Engineering News,https://www.engineeringnews.co.za/article/sibanye-reports-fatality-at-beatrix-2013-02-28,https://engineeringnews.co.za/article/sibanye-reports-fatality-at-beatrix-2013-02-28,2013,secondary_keyword_only_review
Engineering News,https://www.engineeringnews.co.za/article/sibanye-reports-fatality-rescue-operation-at-cooke-2016-02-02,https://engineeringnews.co.za/article/sibanye-reports-fatality-rescue-operation-at-cooke-2016-02-02,2016,secondary_keyword_only_review
Engineering News,https://www.engineeringnews.co.za/article/sibanye-reports-good-pgms-performance-but-gold-output-falls-amid-strike-2019-01-10,https://engineeringnews.co.za/article/sibanye-reports-good-pgms-performance-but-gold-output-falls-amid-strike-2019-01-10,2019,secondary_keyword_only_review
Engineering News,https://www.engineeringnews.co.za/article/sibanye-reports-good-pgms-performance-but-gold-output-falls-amid-strike-2019-01-18,https://engineeringnews.co.za/article/sibanye-reports-good-pgms-performance-but-gold-output-falls-amid-strike-2019-01-18,2019,secondary_keyword_only_review
Engineering News,https://www.engineeringnews.co.za/article/sibanye-reports-lowers-fy-earnings-2015-02-19,https://engineeringnews.co.za/article/sibanye-reports-lowers-fy-earnings-2015-02-19,2015,secondary_keyword_only_review
Engineering News,https://www.engineeringnews.co.za/article/sibanye-reports-lowest-serious-injury-rate-in-its-history-for-the-first-quarter-2024-05-10,https://engineeringnews.co.za/article/sibanye-reports-lowest-serious-injury-rate-in-its-history-for-the-first-quarter-2024-05-10,2024,exclude_outside_period
Engineering News,https://www.engineeringnews.co.za/article/sibanye-reports-pleasing-results-for-march-quarter-2017-05-04,https://engineeringnews.co.za/article/sibanye-reports-pleasing-results-for-march-quarter-2017-05-04,2017,secondary_keyword_only_review
Engineering News,https://www.engineeringnews.co.za/article/sibanye-reports-record-earnings-record-gold-safety-cut-debt-ratio-2020-05-12,https://engineeringnews.co.za/article/sibanye-reports-record-earnings-record-gold-safety-cut-debt-ratio-2020-05-12,2020,secondary_keyword_only_review
Engineering News,https://www.engineeringnews.co.za/article/sibanye-reports-record-operating-profit-soaring-earnings-good-dividend-2017-02-23,https://engineeringnews.co.za/article/sibanye-reports-record-operating-profit-soaring-earnings-good-dividend-2017-02-23,2017,secondary_keyword_only_review
Engineering News,https://www.engineeringnews.co.za/article/sibanye-reports-record-operating-profit-soaring-earnings-good-dividend-2017-03-03,https://engineeringnews.co.za/article/sibanye-reports-record-operating-profit-soaring-earnings-good-dividend-2017-03-03,2017,secondary_keyword_only_review
Engineering News,https://www.engineeringnews.co.za/article/sibanye-reshuffles-to-bring-platinum-energy-into-pack-2016-04-18,https://engineeringnews.co.za/article/sibanye-reshuffles-to-bring-platinum-energy-into-pack-2016-04-18,2016,secondary_keyword_only_review
Engineering News,https://www.engineeringnews.co.za/article/sibanye-reshuffles-to-bring-platinum-energy-into-pack-2016-04-29,https://engineeringnews.co.za/article/sibanye-reshuffles-to-bring-platinum-energy-into-pack-2016-04-29,2016,secondary_keyword_only_review
Engineering News,https://www.engineeringnews.co.za/article/sibanye-restarts-some-safety-affected-operations-but-records-another-fatality-2022-01-20,https://engineeringnews.co.za/article/sibanye-restarts-some-safety-affected-operations-but-records-another-fatality-2022-01-20,2022,secondary_keyword_only_review
Engineering News,https://www.engineeringnews.co.za/article/sibanye-resumes-operations-at-beatrix-2015-02-10,https://engineeringnews.co.za/article/sibanye-resumes-operations-at-beatrix-2015-02-10,2015,secondary_keyword_only_review
Engineering News,https://www.engineeringnews.co.za/article/sibanye-reveals-maiden-lithium-zinc-resources-2022-03-02,https://engineeringnews.co.za/article/sibanye-reveals-maiden-lithium-zinc-resources-2022-03-02,2022,secondary_keyword_only_review
Engineering News,https://www.engineeringnews.co.za/article/sibanye-revises-fy-output-guidance-downwards-despite-improved-q3-2015-10-29,https://engineeringnews.co.za/article/sibanye-revises-fy-output-guidance-downwards-despite-improved-q3-2015-10-29,2015,secondary_keyword_only_review
Engineering News,https://www.engineeringnews.co.za/article/sibanye-revises-fy-output-guidance-downwards-despite-improved-q3-2015-11-06,https://engineeringnews.co.za/article/sibanye-revises-fy-output-guidance-downwards-despite-improved-q3-2015-11-06,2015,secondary_keyword_only_review
Engineering News,https://www.engineeringnews.co.za/article/sibanye-rights-offer-oversubscribed-2017-06-12,https://engineeringnews.co.za/article/sibanye-rights-offer-oversubscribed-2017-06-12,2017,secondary_keyword_only_review
Engineering News,https://www.engineeringnews.co.za/article/sibanye-rights-offer-oversubscribed-2017-06-23,https://engineeringnews.co.za/article/sibanye-rights-offer-oversubscribed-2017-06-23,2017,secondary_keyword_only_review
Engineering News,https://www.engineeringnews.co.za/article/sibanye-says-acts-of-violence-continue-at-its-south-african-gold-mines-2018-11-28,https://engineeringnews.co.za/article/sibanye-says-acts-of-violence-continue-at-its-south-african-gold-mines-2018-11-28,2018,secondary_keyword_only_review
Engineering News,https://www.engineeringnews.co.za/article/sibanye-says-anglogold-gold-fields-fit-acquisition-strategy-2021-03-08,https://engineeringnews.co.za/article/sibanye-says-anglogold-gold-fields-fit-acquisition-strategy-2021-03-08,2021,secondary_keyword_only_review
Engineering News,https://www.engineeringnews.co.za/article/sibanye-says-clears-most-illegal-miners-from-gold-shafts-2018-02-26,https://engineeringnews.co.za/article/sibanye-says-clears-most-illegal-miners-from-gold-shafts-2018-02-26,2018,secondary_keyword_only_review
Engineering News,https://www.engineeringnews.co.za/article/sibanye-says-concourt-dismisses-glcs-applications-2019-09-05,https://engineeringnews.co.za/article/sibanye-says-concourt-dismisses-glcs-applications-2019-09-05,2019,secondary_keyword_only_review
Engineering News,https://www.engineeringnews.co.za/article/sibanye-says-concourt-dismisses-glcs-applications-2019-09-13,https://engineeringnews.co.za/article/sibanye-says-concourt-dismisses-glcs-applications-2019-09-13,2019,secondary_keyword_only_review
Engineering News,https://www.engineeringnews.co.za/article/sibanye-says-gold-mines-shut-down-after-strike-turns-violent-2018-11-22,https://engineeringnews.co.za/article/sibanye-says-gold-mines-shut-down-after-strike-turns-violent-2018-11-22,2018,secondary_keyword_only_review
Engineering News,https://www.engineeringnews.co.za/article/sibanye-says-gold-sector-employees-have-indicated-their-support-for-a-ccma-proposed-wage-deal-2022-06-03,https://engineeringnews.co.za/article/sibanye-says-gold-sector-employees-have-indicated-their-support-for-a-ccma-proposed-wage-deal-2022-06-03,2022,secondary_keyword_only_review
Engineering News,https://www.engineeringnews.co.za/article/sibanye-says-more-workers-report-for-duty-2018-11-26,https://engineeringnews.co.za/article/sibanye-says-more-workers-report-for-duty-2018-11-26,2018,secondary_keyword_only_review
Engineering News,https://www.engineeringnews.co.za/article/sibanye-says-new-us-act-offers-opportunities-2022-08-26,https://engineeringnews.co.za/article/sibanye-says-new-us-act-offers-opportunities-2022-08-26,2022,secondary_keyword_only_review
Engineering News,https://www.engineeringnews.co.za/article/sibanye-says-on-track-to-meet-responsible-gold-principles-by-september-2022-2021-10-14,https://engineeringnews.co.za/article/sibanye-says-on-track-to-meet-responsible-gold-principles-by-september-2022-2021-10-14,2021,secondary_keyword_only_review
Engineering News,https://www.engineeringnews.co.za/article/sibanye-says-planned-amcu-union-strike-suspended-2016-04-06,https://engineeringnews.co.za/article/sibanye-says-planned-amcu-union-strike-suspended-2016-04-06,2016,secondary_keyword_only_review
Engineering News,https://www.engineeringnews.co.za/article/sibanye-says-platinum-mine-shaft-shut-until-official-inspection-2019-05-02,https://engineeringnews.co.za/article/sibanye-says-platinum-mine-shaft-shut-until-official-inspection-2019-05-02,2019,secondary_keyword_only_review
Engineering News,https://www.engineeringnews.co.za/article/sibanye-says-union-wage-demands-may-lead-to-more-closures-2018-08-24,https://engineeringnews.co.za/article/sibanye-says-union-wage-demands-may-lead-to-more-closures-2018-08-24,2018,secondary_keyword_only_review
Engineering News,https://www.engineeringnews.co.za/article/sibanye-says-unions-using-gold-strike-to-leverage-platinum-deal-2022-05-05,https://engineeringnews.co.za/article/sibanye-says-unions-using-gold-strike-to-leverage-platinum-deal-2022-05-05,2022,secondary_keyword_only_review
Engineering News,https://www.engineeringnews.co.za/article/sibanye-says-us-operation-recovering-from-cyber-attack-impact-2024-07-25,https://engineeringnews.co.za/article/sibanye-says-us-operation-recovering-from-cyber-attack-impact-2024-07-25,2024,exclude_outside_period
Engineering News,https://www.engineeringnews.co.za/article/sibanye-secures-500m-green-loan-to-develop-its-keliber-lithium-project-2024-08-22,https://engineeringnews.co.za/article/sibanye-secures-500m-green-loan-to-develop-its-keliber-lithium-project-2024-08-22,2024,exclude_outside_period
Engineering News,https://www.engineeringnews.co.za/article/sibanye-secures-500m-green-loan-to-develop-its-keliber-lithium-project-2024-09-06,https://engineeringnews.co.za/article/sibanye-secures-500m-green-loan-to-develop-its-keliber-lithium-project-2024-09-06,2024,exclude_outside_period
Engineering News,https://www.engineeringnews.co.za/article/sibanye-secures-interdict-against-illegal-strike-at-kroondal-ops-2016-05-27,https://engineeringnews.co.za/article/sibanye-secures-interdict-against-illegal-strike-at-kroondal-ops-2016-05-27,2016,secondary_keyword_only_review
Engineering News,https://www.engineeringnews.co.za/article/sibanye-secures-minimum-20-stake-in-argentina-coppergold-project-2018-10-26,https://engineeringnews.co.za/article/sibanye-secures-minimum-20-stake-in-argentina-coppergold-project-2018-10-26,2018,secondary_keyword_only_review
Engineering News,https://www.engineeringnews.co.za/article/sibanye-secures-new-r5bn-loan-facility-2019-10-25,https://engineeringnews.co.za/article/sibanye-secures-new-r5bn-loan-facility-2019-10-25,2019,secondary_keyword_only_review
Engineering News,https://www.engineeringnews.co.za/article/sibanye-secures-sarb-approval-for-stillwater-deal-2017-02-21,https://engineeringnews.co.za/article/sibanye-secures-sarb-approval-for-stillwater-deal-2017-02-21,2017,secondary_keyword_only_review
Engineering News,https://www.engineeringnews.co.za/article/sibanye-seen-as-likely-buyer-for-anglos-ageing-platinum-mines-2014-04-29,https://engineeringnews.co.za/article/sibanye-seen-as-likely-buyer-for-anglos-ageing-platinum-mines-2014-04-29,2014,secondary_keyword_only_review
Engineering News,https://www.engineeringnews.co.za/article/sibanye-sees-increase-in-gold-and-uranium-reserves-2016-02-24,https://engineeringnews.co.za/article/sibanye-sees-increase-in-gold-and-uranium-reserves-2016-02-24,2016,secondary_keyword_only_review
Engineering News,https://www.engineeringnews.co.za/article/sibanye-sees-positive-outlook-for-2016-2016-02-01,https://engineeringnews.co.za/article/sibanye-sees-positive-outlook-for-2016-2016-02-01,2016,secondary_keyword_only_review
Engineering News,https://www.engineeringnews.co.za/article/sibanye-sees-possible-further-opportunities-in-growing-battery-metals-sector-2022-09-16,https://engineeringnews.co.za/article/sibanye-sees-possible-further-opportunities-in-growing-battery-metals-sector-2022-09-16,2022,secondary_keyword_only_review
Engineering News,https://www.engineeringnews.co.za/article/sibanye-sees-possible-further-opportunities-in-growing-battery-metals-sector-2022-09-30,https://engineeringnews.co.za/article/sibanye-sees-possible-further-opportunities-in-growing-battery-metals-sector-2022-09-30,2022,secondary_keyword_only_review
Engineering News,https://www.engineeringnews.co.za/article/sibanye-sells-first-uranium-to-nuclear-fuels-corporation-2014-05-29,https://engineeringnews.co.za/article/sibanye-sells-first-uranium-to-nuclear-fuels-corporation-2014-05-29,2014,secondary_keyword_only_review
Engineering News,https://www.engineeringnews.co.za/article/sibanye-sells-first-uranium-to-nuclear-fuels-corporation-2014-06-06,https://engineeringnews.co.za/article/sibanye-sells-first-uranium-to-nuclear-fuels-corporation-2014-06-06,2014,secondary_keyword_only_review
Engineering News,https://www.engineeringnews.co.za/article/sibanye-sets-section-189-in-action-for-flailing-cooke-4-2016-07-11,https://engineeringnews.co.za/article/sibanye-sets-section-189-in-action-for-flailing-cooke-4-2016-07-11,2016,secondary_keyword_only_review
Engineering News,https://www.engineeringnews.co.za/article/sibanye-settles-marikana-streaming-deal-2020-03-04,https://engineeringnews.co.za/article/sibanye-settles-marikana-streaming-deal-2020-03-04,2020,already_screened
Engineering News,https://www.engineeringnews.co.za/article/sibanye-share-price-rises-on-gold-tailings-deal-with-drdgold-2017-11-22,https://engineeringnews.co.za/article/sibanye-share-price-rises-on-gold-tailings-deal-with-drdgold-2017-11-22,2017,secondary_keyword_only_review
Engineering News,https://www.engineeringnews.co.za/article/sibanye-share-price-rises-on-gold-tailings-deal-with-drdgold-2017-12-01,https://engineeringnews.co.za/article/sibanye-share-price-rises-on-gold-tailings-deal-with-drdgold-2017-12-01,2017,secondary_keyword_only_review
Engineering News,https://www.engineeringnews.co.za/article/sibanye-shareholders-approve-rustenburg-platinum-mines-deal-2016-01-18,https://engineeringnews.co.za/article/sibanye-shareholders-approve-rustenburg-platinum-mines-deal-2016-01-18,2016,secondary_keyword_only_review
Engineering News,https://www.engineeringnews.co.za/article/sibanye-shareholders-vote-in-favour-of-lonmin-takeover-2019-05-28,https://engineeringnews.co.za/article/sibanye-shareholders-vote-in-favour-of-lonmin-takeover-2019-05-28,2019,lonmin_only_title_review
Engineering News,https://www.engineeringnews.co.za/article/sibanye-shares-soar-on-rustenburg-platinum-deal-2015-09-09,https://engineeringnews.co.za/article/sibanye-shares-soar-on-rustenburg-platinum-deal-2015-09-09,2015,secondary_keyword_only_review
Engineering News,https://www.engineeringnews.co.za/article/sibanye-shares-soar-on-rustenburg-platinum-deal-2015-09-18,https://engineeringnews.co.za/article/sibanye-shares-soar-on-rustenburg-platinum-deal-2015-09-18,2015,secondary_keyword_only_review
Engineering News,https://www.engineeringnews.co.za/article/sibanye-shows-good-faith-northam-bucks-the-trend-harmony-hedges-the-rand-2016-03-04,https://engineeringnews.co.za/article/sibanye-shows-good-faith-northam-bucks-the-trend-harmony-hedges-the-rand-2016-03-04,2016,secondary_keyword_only_review
Engineering News,https://www.engineeringnews.co.za/article/sibanye-slumps-as-ceo-pushes-on-with-bid-to-buy-mopani-copper-mines-2023-08-29,https://engineeringnews.co.za/article/sibanye-slumps-as-ceo-pushes-on-with-bid-to-buy-mopani-copper-mines-2023-08-29,2023,secondary_keyword_only_review
Engineering News,https://www.engineeringnews.co.za/article/sibanye-stands-resolute-as-amcu-num-submit-strike-notice-2022-03-08,https://engineeringnews.co.za/article/sibanye-stands-resolute-as-amcu-num-submit-strike-notice-2022-03-08,2022,secondary_keyword_only_review
Engineering News,https://www.engineeringnews.co.za/article/sibanye-starts-building-359m-lithium-hydroxide-refinery-in-finland-2022-11-28,https://engineeringnews.co.za/article/sibanye-starts-building-359m-lithium-hydroxide-refinery-in-finland-2022-11-28,2022,secondary_keyword_only_review
Engineering News,https://www.engineeringnews.co.za/article/sibanye-starts-section-189-consultations-with-support-services-staff-2013-08-15,https://engineeringnews.co.za/article/sibanye-starts-section-189-consultations-with-support-services-staff-2013-08-15,2013,secondary_keyword_only_review
Engineering News,https://www.engineeringnews.co.za/article/sibanye-stillwater-2017-10-25,https://engineeringnews.co.za/article/sibanye-stillwater-2017-10-25,2017,secondary_keyword_only_review
Engineering News,https://www.engineeringnews.co.za/article/sibanye-stillwater-2020-08-27,https://engineeringnews.co.za/article/sibanye-stillwater-2020-08-27,2020,secondary_keyword_only_review
Engineering News,https://www.engineeringnews.co.za/article/sibanye-stillwater-2021-08-26,https://engineeringnews.co.za/article/sibanye-stillwater-2021-08-26,2021,secondary_keyword_only_review
Engineering News,https://www.engineeringnews.co.za/article/sibanye-stillwater-accelerates-decarbonisation-with-two-further-renewables-projects-2023-12-07,https://engineeringnews.co.za/article/sibanye-stillwater-accelerates-decarbonisation-with-two-further-renewables-projects-2023-12-07,2023,secondary_keyword_only_review
Engineering News,https://www.engineeringnews.co.za/article/sibanye-stillwater-achieves-positive-fy17-operating-results-2018-02-05,https://engineeringnews.co.za/article/sibanye-stillwater-achieves-positive-fy17-operating-results-2018-02-05,2018,secondary_keyword_only_review
Engineering News,https://www.engineeringnews.co.za/article/sibanye-stillwater-addresses-multi-front-covid-19-social-upliftment-2020-10-09,https://engineeringnews.co.za/article/sibanye-stillwater-addresses-multi-front-covid-19-social-upliftment-2020-10-09,2020,secondary_keyword_only_review
Engineering News,https://www.engineeringnews.co.za/article/sibanye-stillwater-advances-green-metals-strategy-with-1bn-nickelcopper-buy-2021-10-26,https://engineeringnews.co.za/article/sibanye-stillwater-advances-green-metals-strategy-with-1bn-nickelcopper-buy-2021-10-26,2021,secondary_keyword_only_review
Engineering News,https://www.engineeringnews.co.za/article/sibanye-stillwater-announces-450m-convertible-bond-offering-2017-09-19,https://engineeringnews.co.za/article/sibanye-stillwater-announces-450m-convertible-bond-offering-2017-09-19,2017,secondary_keyword_only_review
Engineering News,https://www.engineeringnews.co.za/article/sibanye-stillwater-announces-450m-convertible-bond-offering-2017-09-29,https://engineeringnews.co.za/article/sibanye-stillwater-announces-450m-convertible-bond-offering-2017-09-29,2017,secondary_keyword_only_review
Engineering News,https://www.engineeringnews.co.za/article/sibanye-stillwater-announces-changes-to-board-member-capacity-board-committees-2025-03-24,https://engineeringnews.co.za/article/sibanye-stillwater-announces-changes-to-board-member-capacity-board-committees-2025-03-24,2025,exclude_outside_period
Engineering News,https://www.engineeringnews.co.za/article/sibanye-stillwater-announces-forceful-c-suite-sustainability-appointment-2024-01-09,https://engineeringnews.co.za/article/sibanye-stillwater-announces-forceful-c-suite-sustainability-appointment-2024-01-09,2024,exclude_outside_period
Engineering News,https://www.engineeringnews.co.za/article/sibanye-stillwater-announces-planned-changes-to-its-board-committee-structure-2026-03-12,https://engineeringnews.co.za/article/sibanye-stillwater-announces-planned-changes-to-its-board-committee-structure-2026-03-12,2026,exclude_outside_period
Engineering News,https://www.engineeringnews.co.za/article/sibanye-stillwater-appeals-us-decision-over-russian-palladium-import-dumping-2026-07-21,https://engineeringnews.co.za/article/sibanye-stillwater-appeals-us-decision-over-russian-palladium-import-dumping-2026-07-21,2026,exclude_outside_period
Engineering News,https://www.engineeringnews.co.za/article/sibanye-stillwater-appoints-dataprophet-to-implement-an-ai-powered-plant-optimisation-system-2019-03-20,https://engineeringnews.co.za/article/sibanye-stillwater-appoints-dataprophet-to-implement-an-ai-powered-plant-optimisation-system-2019-03-20,2019,secondary_keyword_only_review
Engineering News,https://www.engineeringnews.co.za/article/sibanye-stillwater-appoints-new-investor-relations-head-2026-07-01,https://engineeringnews.co.za/article/sibanye-stillwater-appoints-new-investor-relations-head-2026-07-01,2026,exclude_outside_period
Engineering News,https://www.engineeringnews.co.za/article/sibanye-stillwater-appoints-new-south-african-gold-head-2021-02-04,https://engineeringnews.co.za/article/sibanye-stillwater-appoints-new-south-african-gold-head-2021-02-04,2021,secondary_keyword_only_review
Engineering News,https://www.engineeringnews.co.za/article/sibanye-stillwater-appoints-richard-cox-chief-regional-officer-for-southern-africa-2025-07-24,https://engineeringnews.co.za/article/sibanye-stillwater-appoints-richard-cox-chief-regional-officer-for-southern-africa-2025-07-24,2025,exclude_outside_period
Engineering News,https://www.engineeringnews.co.za/article/sibanye-stillwater-appoints-safety-exec-to-fund-study-to-enhance-risk-management-2018-06-20,https://engineeringnews.co.za/article/sibanye-stillwater-appoints-safety-exec-to-fund-study-to-enhance-risk-management-2018-06-20,2018,secondary_keyword_only_review
Engineering News,https://www.engineeringnews.co.za/article/sibanye-stillwater-appoints-safety-exec-to-fund-study-to-enhance-risk-management-2018-06-29,https://engineeringnews.co.za/article/sibanye-stillwater-appoints-safety-exec-to-fund-study-to-enhance-risk-management-2018-06-29,2018,secondary_keyword_only_review
Engineering News,https://www.engineeringnews.co.za/article/sibanye-stillwater-assessing-on-site-green-hydrogen-generation-to-power-fuel-cell-mobility-2021-02-18,https://engineeringnews.co.za/article/sibanye-stillwater-assessing-on-site-green-hydrogen-generation-to-power-fuel-cell-mobility-2021-02-18,2021,secondary_keyword_only_review
Engineering News,https://www.engineeringnews.co.za/article/sibanye-stillwater-avoids-closure-of-certain-south-african-pgm-business-units-2017-10-16,https://engineeringnews.co.za/article/sibanye-stillwater-avoids-closure-of-certain-south-african-pgm-business-units-2017-10-16,2017,secondary_keyword_only_review
Engineering News,https://www.engineeringnews.co.za/article/sibanye-stillwater-avoids-closure-of-certain-south-african-pgm-business-units-2017-10-27,https://engineeringnews.co.za/article/sibanye-stillwater-avoids-closure-of-certain-south-african-pgm-business-units-2017-10-27,2017,secondary_keyword_only_review
Engineering News,https://www.engineeringnews.co.za/article/sibanye-stillwater-boosts-recycling-push-with-82m-us-deal-2025-07-21,https://engineeringnews.co.za/article/sibanye-stillwater-boosts-recycling-push-with-82m-us-deal-2025-07-21,2025,exclude_outside_period
Engineering News,https://www.engineeringnews.co.za/article/sibanye-stillwater-boosts-recycling-push-with-82m-us-deal-2025-08-08,https://engineeringnews.co.za/article/sibanye-stillwater-boosts-recycling-push-with-82m-us-deal-2025-08-08,2025,exclude_outside_period
Engineering News,https://www.engineeringnews.co.za/article/sibanye-stillwater-building-climate-change-resilient-business-froneman-2021-10-27,https://engineeringnews.co.za/article/sibanye-stillwater-building-climate-change-resilient-business-froneman-2021-10-27,2021,secondary_keyword_only_review
Engineering News,https://www.engineeringnews.co.za/article/sibanye-stillwater-buys-half-of-ioneers-nevada-project-for-490m-2021-09-16,https://engineeringnews.co.za/article/sibanye-stillwater-buys-half-of-ioneers-nevada-project-for-490m-2021-09-16,2021,secondary_keyword_only_review
Engineering News,https://www.engineeringnews.co.za/article/sibanye-stillwater-buys-half-of-ioneers-nevada-project-for-490m-2021-10-01,https://engineeringnews.co.za/article/sibanye-stillwater-buys-half-of-ioneers-nevada-project-for-490m-2021-10-01,2021,secondary_keyword_only_review
Engineering News,https://www.engineeringnews.co.za/article/sibanye-stillwater-ceo-shrugs-off-gold-mega-merger-2023-02-07,https://engineeringnews.co.za/article/sibanye-stillwater-ceo-shrugs-off-gold-mega-merger-2023-02-07,2023,secondary_keyword_only_review
Engineering News,https://www.engineeringnews.co.za/article/sibanye-stillwater-ceo-transition-complete-ex-pic-head-leading-business-development-2025-10-01,https://engineeringnews.co.za/article/sibanye-stillwater-ceo-transition-complete-ex-pic-head-leading-business-development-2025-10-01,2025,exclude_outside_period
Engineering News,https://www.engineeringnews.co.za/article/sibanye-stillwater-ceo-transition-complete-ex-pic-head-leading-business-development-2025-10-17,https://engineeringnews.co.za/article/sibanye-stillwater-ceo-transition-complete-ex-pic-head-leading-business-development-2025-10-17,2025,exclude_outside_period
Engineering News,https://www.engineeringnews.co.za/article/sibanye-stillwater-changes-covenant-flexibility-of-its-credit-facilities-2024-06-07,https://engineeringnews.co.za/article/sibanye-stillwater-changes-covenant-flexibility-of-its-credit-facilities-2024-06-07,2024,exclude_outside_period
Engineering News,https://www.engineeringnews.co.za/article/sibanye-stillwater-collaborates-further-to-find-new-applications-for-platinum-metals-2026-04-17,https://engineeringnews.co.za/article/sibanye-stillwater-collaborates-further-to-find-new-applications-for-platinum-metals-2026-04-17,2026,exclude_outside_period
Engineering News,https://www.engineeringnews.co.za/article/sibanye-stillwater-commences-consultation-with-stakeholders-regarding-possible-restructuring-at-its-gold-operations-and-associated-services-845k-2019-02-18,https://engineeringnews.co.za/article/sibanye-stillwater-commences-consultation-with-stakeholders-regarding-possible-restructuring-at-its-gold-operations-and-associated-services-845k-2019-02-18,2019,secondary_keyword_only_review
Engineering News,https://www.engineeringnews.co.za/article/sibanye-stillwater-completes-acquisition-of-reldan-2024-03-18,https://engineeringnews.co.za/article/sibanye-stillwater-completes-acquisition-of-reldan-2024-03-18,2024,exclude_outside_period
Engineering News,https://www.engineeringnews.co.za/article/sibanye-stillwater-concludes-450m-convertible-bonds-tender-process-2018-09-05,https://engineeringnews.co.za/article/sibanye-stillwater-concludes-450m-convertible-bonds-tender-process-2018-09-05,2018,secondary_keyword_only_review
Engineering News,https://www.engineeringnews.co.za/article/sibanye-stillwater-concludes-450m-convertible-bonds-tender-process-2018-09-14,https://engineeringnews.co.za/article/sibanye-stillwater-concludes-450m-convertible-bonds-tender-process-2018-09-14,2018,secondary_keyword_only_review
Engineering News,https://www.engineeringnews.co.za/article/sibanye-stillwater-concludes-500m-gold-palladium-stream-agreement-with-wheaton-2018-07-25,https://engineeringnews.co.za/article/sibanye-stillwater-concludes-500m-gold-palladium-stream-agreement-with-wheaton-2018-07-25,2018,secondary_keyword_only_review
Engineering News,https://www.engineeringnews.co.za/article/sibanye-stillwater-concludes-deal-to-take-3805-of-drdgold-2018-08-01,https://engineeringnews.co.za/article/sibanye-stillwater-concludes-deal-to-take-3805-of-drdgold-2018-08-01,2018,secondary_keyword_only_review
Engineering News,https://www.engineeringnews.co.za/article/sibanye-stillwater-concludes-gold-wage-agreement-with-three-unions-2018-11-15,https://engineeringnews.co.za/article/sibanye-stillwater-concludes-gold-wage-agreement-with-three-unions-2018-11-15,2018,secondary_keyword_only_review
Engineering News,https://www.engineeringnews.co.za/article/sibanye-stillwater-confident-in-price-hit-pgms-2024-03-22,https://engineeringnews.co.za/article/sibanye-stillwater-confident-in-price-hit-pgms-2024-03-22,2024,exclude_outside_period
Engineering News,https://www.engineeringnews.co.za/article/sibanye-stillwater-confirms-loss-of-life-at-driefontein-2025-03-14,https://engineeringnews.co.za/article/sibanye-stillwater-confirms-loss-of-life-at-driefontein-2025-03-14,2025,exclude_outside_period
Engineering News,https://www.engineeringnews.co.za/article/sibanye-stillwater-confirms-signing-of-wage-agreement-with-unions-2024-11-11,https://engineeringnews.co.za/article/sibanye-stillwater-confirms-signing-of-wage-agreement-with-unions-2024-11-11,2024,exclude_outside_period
Engineering News,https://www.engineeringnews.co.za/article/sibanye-stillwater-continuing-to-assess-operational-positioning-2023-11-02,https://engineeringnews.co.za/article/sibanye-stillwater-continuing-to-assess-operational-positioning-2023-11-02,2023,secondary_keyword_only_review
Engineering News,https://www.engineeringnews.co.za/article/sibanye-stillwater-cuts-gold-production-guidance-ceo-outlines-safety-plan-2018-07-02,https://engineeringnews.co.za/article/sibanye-stillwater-cuts-gold-production-guidance-ceo-outlines-safety-plan-2018-07-02,2018,secondary_keyword_only_review
Engineering News,https://www.engineeringnews.co.za/article/sibanye-stillwater-cuts-gold-production-guidance-ceo-outlines-safety-plan-2018-07-13,https://engineeringnews.co.za/article/sibanye-stillwater-cuts-gold-production-guidance-ceo-outlines-safety-plan-2018-07-13,2018,secondary_keyword_only_review
Engineering News,https://www.engineeringnews.co.za/article/sibanye-stillwater-decides-against-proceeding-with-lithium-boron-project-in-the-us-2025-02-26,https://engineeringnews.co.za/article/sibanye-stillwater-decides-against-proceeding-with-lithium-boron-project-in-the-us-2025-02-26,2025,exclude_outside_period
Engineering News,https://www.engineeringnews.co.za/article/sibanye-stillwater-decides-against-proceeding-with-us-lithium-boron-project-2025-03-14,https://engineeringnews.co.za/article/sibanye-stillwater-decides-against-proceeding-with-us-lithium-boron-project-2025-03-14,2025,exclude_outside_period
Engineering News,https://www.engineeringnews.co.za/article/sibanye-stillwater-declares-its-south-african-platinum-assets-worlds-best-2026-06-23,https://engineeringnews.co.za/article/sibanye-stillwater-declares-its-south-african-platinum-assets-worlds-best-2026-06-23,2026,exclude_outside_period
Engineering News,https://www.engineeringnews.co.za/article/sibanye-stillwater-declares-r39bn-half-year-dividend-2022-08-25,https://engineeringnews.co.za/article/sibanye-stillwater-declares-r39bn-half-year-dividend-2022-08-25,2022,secondary_keyword_only_review
Engineering News,https://www.engineeringnews.co.za/article/sibanye-stillwater-delivers-another-record-performance-with-highest-ever-dividend-2022-03-03,https://engineeringnews.co.za/article/sibanye-stillwater-delivers-another-record-performance-with-highest-ever-dividend-2022-03-03,2022,secondary_keyword_only_review
Engineering News,https://www.engineeringnews.co.za/article/sibanye-stillwater-delivers-phenomenal-260-return-jse-2020-02-19,https://engineeringnews.co.za/article/sibanye-stillwater-delivers-phenomenal-260-return-jse-2020-02-19,2020,secondary_keyword_only_review
Engineering News,https://www.engineeringnews.co.za/article/sibanye-stillwater-developing-seven-primary-platinum-metals-mining-projects-2026-07-06,https://engineeringnews.co.za/article/sibanye-stillwater-developing-seven-primary-platinum-metals-mining-projects-2026-07-06,2026,exclude_outside_period
Engineering News,https://www.engineeringnews.co.za/article/sibanye-stillwater-developing-seven-primary-platinum-metals-mining-projects-2026-07-06-1,https://engineeringnews.co.za/article/sibanye-stillwater-developing-seven-primary-platinum-metals-mining-projects-2026-07-06-1,2026,exclude_outside_period
Engineering News,https://www.engineeringnews.co.za/article/sibanye-stillwater-dives-deeper-into-circular-economy-with-155m-deal-2023-11-09,https://engineeringnews.co.za/article/sibanye-stillwater-dives-deeper-into-circular-economy-with-155m-deal-2023-11-09,2023,secondary_keyword_only_review
Engineering News,https://www.engineeringnews.co.za/article/sibanye-stillwater-doubts-it-will-become-owner-of-worlds-deepest-gold-mine-2020-02-06,https://engineeringnews.co.za/article/sibanye-stillwater-doubts-it-will-become-owner-of-worlds-deepest-gold-mine-2020-02-06,2020,secondary_keyword_only_review
Engineering News,https://www.engineeringnews.co.za/article/sibanye-stillwater-earnings-soar-718-r13bn-dividend-declared-2020-08-27,https://engineeringnews.co.za/article/sibanye-stillwater-earnings-soar-718-r13bn-dividend-declared-2020-08-27,2020,secondary_keyword_only_review
Engineering News,https://www.engineeringnews.co.za/article/sibanye-stillwater-expects-lonmin-competition-finality-in-october-2018-08-27,https://engineeringnews.co.za/article/sibanye-stillwater-expects-lonmin-competition-finality-in-october-2018-08-27,2018,lonmin_only_title_review
Engineering News,https://www.engineeringnews.co.za/article/sibanye-stillwater-expects-to-report-162-yy-rise-in-interim-profit-2021-08-05,https://engineeringnews.co.za/article/sibanye-stillwater-expects-to-report-162-yy-rise-in-interim-profit-2021-08-05,2021,secondary_keyword_only_review
Engineering News,https://www.engineeringnews.co.za/article/sibanye-stillwater-expects-to-report-r444bn-attributable-loss-for-fy17-2018-02-21,https://engineeringnews.co.za/article/sibanye-stillwater-expects-to-report-r444bn-attributable-loss-for-fy17-2018-02-21,2018,secondary_keyword_only_review
Engineering News,https://www.engineeringnews.co.za/article/sibanye-stillwater-extends-helping-hand-to-new-century-2023-03-23,https://engineeringnews.co.za/article/sibanye-stillwater-extends-helping-hand-to-new-century-2023-03-23,2023,secondary_keyword_only_review
Engineering News,https://www.engineeringnews.co.za/article/sibanye-stillwater-eyes-battery-metals-2020-09-10,https://engineeringnews.co.za/article/sibanye-stillwater-eyes-battery-metals-2020-09-10,2020,secondary_keyword_only_review
Engineering News,https://www.engineeringnews.co.za/article/sibanye-stillwater-flags-narrowed-2024-full-year-loss-a-share-a-further-500m-impairment-2025-02-19,https://engineeringnews.co.za/article/sibanye-stillwater-flags-narrowed-2024-full-year-loss-a-share-a-further-500m-impairment-2025-02-19,2025,exclude_outside_period
Engineering News,https://www.engineeringnews.co.za/article/sibanye-stillwater-funding-wits-universitys-carbon-storage-brainstorming-techathon-2023-05-22,https://engineeringnews.co.za/article/sibanye-stillwater-funding-wits-universitys-carbon-storage-brainstorming-techathon-2023-05-22,2023,secondary_keyword_only_review
Engineering News,https://www.engineeringnews.co.za/article/sibanye-stillwater-funding-wits-universitys-carbon-storage-brainstorming-techathon-2023-06-09,https://engineeringnews.co.za/article/sibanye-stillwater-funding-wits-universitys-carbon-storage-brainstorming-techathon-2023-06-09,2023,secondary_keyword_only_review
Engineering News,https://www.engineeringnews.co.za/article/sibanye-stillwater-getting-closer-to-reaching-a-wage-settlement-with-unions-2018-11-02,https://engineeringnews.co.za/article/sibanye-stillwater-getting-closer-to-reaching-a-wage-settlement-with-unions-2018-11-02,2018,secondary_keyword_only_review
Engineering News,https://www.engineeringnews.co.za/article/sibanye-stillwater-gives-updated-guidance-on-climate-policy-other-esg-matters-2021-06-18,https://engineeringnews.co.za/article/sibanye-stillwater-gives-updated-guidance-on-climate-policy-other-esg-matters-2021-06-18,2021,secondary_keyword_only_review
Engineering News,https://www.engineeringnews.co.za/article/sibanye-stillwater-gold-operations-solar-photovoltaic-project-south-africa-2021-10-29,https://engineeringnews.co.za/article/sibanye-stillwater-gold-operations-solar-photovoltaic-project-south-africa-2021-10-29,2021,secondary_keyword_only_review
Engineering News,https://www.engineeringnews.co.za/article/sibanye-stillwater-gold-operations-solar-photovoltaic-project-south-africa-2022-03-25,https://engineeringnews.co.za/article/sibanye-stillwater-gold-operations-solar-photovoltaic-project-south-africa-2022-03-25,2022,secondary_keyword_only_review
Engineering News,https://www.engineeringnews.co.za/article/sibanye-stillwater-gold-operations-solar-photovoltaic-project-south-africa-update-2022-03-18,https://engineeringnews.co.za/article/sibanye-stillwater-gold-operations-solar-photovoltaic-project-south-africa-update-2022-03-18,2022,secondary_keyword_only_review
Engineering News,https://www.engineeringnews.co.za/article/sibanye-stillwater-gold-operations-solar-photovoltaic-project-south-africa-update-2023-04-07,https://engineeringnews.co.za/article/sibanye-stillwater-gold-operations-solar-photovoltaic-project-south-africa-update-2023-04-07,2023,secondary_keyword_only_review
Engineering News,https://www.engineeringnews.co.za/article/sibanye-stillwater-gold-operations-solar-photovoltaic-project-south-africa-update-2023-09-22,https://engineeringnews.co.za/article/sibanye-stillwater-gold-operations-solar-photovoltaic-project-south-africa-update-2023-09-22,2023,secondary_keyword_only_review
Engineering News,https://www.engineeringnews.co.za/article/sibanye-stillwater-granted-approval-for-new-beisa-node-transfer-neo-energy-metals-2026-08-18,https://engineeringnews.co.za/article/sibanye-stillwater-granted-approval-for-new-beisa-node-transfer-neo-energy-metals-2026-08-18,2026,exclude_outside_period
Engineering News,https://www.engineeringnews.co.za/article/sibanye-stillwater-harmony-maintain-inclusion-in-ftse4good-index-series-2025-07-14,https://engineeringnews.co.za/article/sibanye-stillwater-harmony-maintain-inclusion-in-ftse4good-index-series-2025-07-14,2025,exclude_outside_period
Engineering News,https://www.engineeringnews.co.za/article/sibanye-stillwater-highlights-battery-grade-nickel-sulphate-fetching-price-premium-2022-04-01,https://engineeringnews.co.za/article/sibanye-stillwater-highlights-battery-grade-nickel-sulphate-fetching-price-premium-2022-04-01,2022,secondary_keyword_only_review
Engineering News,https://www.engineeringnews.co.za/article/sibanye-stillwater-highlights-expansive-array-of-gold-platinum-community-upliftment-initiatives-2025-11-07,https://engineeringnews.co.za/article/sibanye-stillwater-highlights-expansive-array-of-gold-platinum-community-upliftment-initiatives-2025-11-07,2025,exclude_outside_period
Engineering News,https://www.engineeringnews.co.za/article/sibanye-stillwater-highlights-good-safety-performance-amid-371-earnings-upsurge-2026-05-06,https://engineeringnews.co.za/article/sibanye-stillwater-highlights-good-safety-performance-amid-371-earnings-upsurge-2026-05-06,2026,exclude_outside_period
Engineering News,https://www.engineeringnews.co.za/article/sibanye-stillwater-highlights-its-full-confidence-in-price-hit-platinum-group-metals-2024-03-05,https://engineeringnews.co.za/article/sibanye-stillwater-highlights-its-full-confidence-in-price-hit-platinum-group-metals-2024-03-05,2024,exclude_outside_period
Engineering News,https://www.engineeringnews.co.za/article/sibanye-stillwater-hydrox-holdings-coal-exports-to-china-make-headlines-2021-02-19,https://engineeringnews.co.za/article/sibanye-stillwater-hydrox-holdings-coal-exports-to-china-make-headlines-2021-02-19,2021,secondary_keyword_only_review
Engineering News,https://www.engineeringnews.co.za/article/sibanye-stillwater-implements-new-chrome-agreements-with-the-glencore-merafe-venture-2025-10-21,https://engineeringnews.co.za/article/sibanye-stillwater-implements-new-chrome-agreements-with-the-glencore-merafe-venture-2025-10-21,2025,exclude_outside_period
Engineering News,https://www.engineeringnews.co.za/article/sibanye-stillwater-improves-production-in-second-half-of-2020-2021-01-20,https://engineeringnews.co.za/article/sibanye-stillwater-improves-production-in-second-half-of-2020-2021-01-20,2021,secondary_keyword_only_review
Engineering News,https://www.engineeringnews.co.za/article/sibanye-stillwater-in-talks-over-anglogold-ashantis-mponeng-mine-2019-08-30,https://engineeringnews.co.za/article/sibanye-stillwater-in-talks-over-anglogold-ashantis-mponeng-mine-2019-08-30,2019,secondary_keyword_only_review
Engineering News,https://www.engineeringnews.co.za/article/sibanye-stillwater-in-talks-to-buy-brazil-nickel-and-copper-assets-2021-10-25,https://engineeringnews.co.za/article/sibanye-stillwater-in-talks-to-buy-brazil-nickel-and-copper-assets-2021-10-25,2021,secondary_keyword_only_review
Engineering News,https://www.engineeringnews.co.za/article/sibanye-stillwater-inks-three-year-wage-agreement-with-local-gold-mine-unions-2025-12-02,https://engineeringnews.co.za/article/sibanye-stillwater-inks-three-year-wage-agreement-with-local-gold-mine-unions-2025-12-02,2025,exclude_outside_period
Engineering News,https://www.engineeringnews.co.za/article/sibanye-stillwater-intensifies-pgms-presence-2019-08-23,https://engineeringnews.co.za/article/sibanye-stillwater-intensifies-pgms-presence-2019-08-23,2019,secondary_keyword_only_review
Engineering News,https://www.engineeringnews.co.za/article/sibanye-stillwater-invests-in-social-development-as-youth-day-approaches-2020-06-12,https://engineeringnews.co.za/article/sibanye-stillwater-invests-in-social-development-as-youth-day-approaches-2020-06-12,2020,secondary_keyword_only_review
Engineering News,https://www.engineeringnews.co.za/article/sibanye-stillwater-ixs-programme-igniting-innovation-for-the-mining-industry-2023-06-22,https://engineeringnews.co.za/article/sibanye-stillwater-ixs-programme-igniting-innovation-for-the-mining-industry-2023-06-22,2023,secondary_keyword_only_review
Engineering News,https://www.engineeringnews.co.za/article/sibanye-stillwater-launches-cash-tender-offer-for-outstanding-debt-securities-2026-05-06,https://engineeringnews.co.za/article/sibanye-stillwater-launches-cash-tender-offer-for-outstanding-debt-securities-2026-05-06,2026,exclude_outside_period
Engineering News,https://www.engineeringnews.co.za/article/sibanye-stillwater-launches-programme-to-propel-mining-innovators-entrepreneurs-2021-10-01,https://engineeringnews.co.za/article/sibanye-stillwater-launches-programme-to-propel-mining-innovators-entrepreneurs-2021-10-01,2021,secondary_keyword_only_review
Engineering News,https://www.engineeringnews.co.za/article/sibanye-stillwater-lifts-pgm-grade-at-brownfields-stillwater-mine-extension-2017-09-15,https://engineeringnews.co.za/article/sibanye-stillwater-lifts-pgm-grade-at-brownfields-stillwater-mine-extension-2017-09-15,2017,secondary_keyword_only_review
Engineering News,https://www.engineeringnews.co.za/article/sibanye-stillwater-looking-to-buy-gold-mines-outside-south-africa-2020-09-22,https://engineeringnews.co.za/article/sibanye-stillwater-looking-to-buy-gold-mines-outside-south-africa-2020-09-22,2020,secondary_keyword_only_review
Engineering News,https://www.engineeringnews.co.za/article/sibanye-stillwater-loses-suit-over-12bn-brazil-nickel-deal-2024-10-10,https://engineeringnews.co.za/article/sibanye-stillwater-loses-suit-over-12bn-brazil-nickel-deal-2024-10-10,2024,exclude_outside_period
Engineering News,https://www.engineeringnews.co.za/article/sibanye-stillwater-loses-suit-over-12bn-brazil-nickel-deal-2024-10-10-1,https://engineeringnews.co.za/article/sibanye-stillwater-loses-suit-over-12bn-brazil-nickel-deal-2024-10-10-1,2024,exclude_outside_period
Engineering News,https://www.engineeringnews.co.za/article/sibanye-stillwater-makes-battery-metals-entry-2021-02-23,https://engineeringnews.co.za/article/sibanye-stillwater-makes-battery-metals-entry-2021-02-23,2021,secondary_keyword_only_review
Engineering News,https://www.engineeringnews.co.za/article/sibanye-stillwater-makes-battery-metals-entry-2021-03-12,https://engineeringnews.co.za/article/sibanye-stillwater-makes-battery-metals-entry-2021-03-12,2021,secondary_keyword_only_review
Engineering News,https://www.engineeringnews.co.za/article/sibanye-stillwater-makes-leadership-changes-2020-10-05,https://engineeringnews.co.za/article/sibanye-stillwater-makes-leadership-changes-2020-10-05,2020,secondary_keyword_only_review
Engineering News,https://www.engineeringnews.co.za/article/sibanye-stillwater-market-update-draws-amcus-fury-2019-01-11,https://engineeringnews.co.za/article/sibanye-stillwater-market-update-draws-amcus-fury-2019-01-11,2019,secondary_keyword_only_review
Engineering News,https://www.engineeringnews.co.za/article/sibanye-stillwater-mourns-death-of-south-african-gold-operations-vp-2021-01-19,https://engineeringnews.co.za/article/sibanye-stillwater-mourns-death-of-south-african-gold-operations-vp-2021-01-19,2021,secondary_keyword_only_review
Engineering News,https://www.engineeringnews.co.za/article/sibanye-stillwater-moving-to-radical-transparency-on-public-tailings-disclosure-2021-09-29,https://engineeringnews.co.za/article/sibanye-stillwater-moving-to-radical-transparency-on-public-tailings-disclosure-2021-09-29,2021,secondary_keyword_only_review
Engineering News,https://www.engineeringnews.co.za/article/sibanye-stillwater-operations-affected-by-queensland-bushfire-2024-10-18,https://engineeringnews.co.za/article/sibanye-stillwater-operations-affected-by-queensland-bushfire-2024-10-18,2024,exclude_outside_period
Engineering News,https://www.engineeringnews.co.za/article/sibanye-stillwater-partner-agree-on-staged-start-up-for-keliber-project-2026-01-19,https://engineeringnews.co.za/article/sibanye-stillwater-partner-agree-on-staged-start-up-for-keliber-project-2026-01-19,2026,exclude_outside_period
Engineering News,https://www.engineeringnews.co.za/article/sibanye-stillwater-partners-celebrate-89-mw-wind-farm-reaching-commercial-operation-2025-04-01,https://engineeringnews.co.za/article/sibanye-stillwater-partners-celebrate-89-mw-wind-farm-reaching-commercial-operation-2025-04-01,2025,exclude_outside_period
Engineering News,https://www.engineeringnews.co.za/article/sibanye-stillwater-partners-celebrate-89-mw-wind-farm-reaching-commercial-operation-2025-04-01-1,https://engineeringnews.co.za/article/sibanye-stillwater-partners-celebrate-89-mw-wind-farm-reaching-commercial-operation-2025-04-01-1,2025,exclude_outside_period
Engineering News,https://www.engineeringnews.co.za/article/sibanye-stillwater-plans-to-resume-dividend-payments-in-2020-2019-05-16,https://engineeringnews.co.za/article/sibanye-stillwater-plans-to-resume-dividend-payments-in-2020-2019-05-16,2019,secondary_keyword_only_review
Engineering News,https://www.engineeringnews.co.za/article/sibanye-stillwater-platinum-group-metals-operations-solar-photovoltaic-projects-south-africa-update-2022-03-18,https://engineeringnews.co.za/article/sibanye-stillwater-platinum-group-metals-operations-solar-photovoltaic-projects-south-africa-update-2022-03-18,2022,secondary_keyword_only_review
Engineering News,https://www.engineeringnews.co.za/article/sibanye-stillwater-platinum-group-metals-pgms-operations-solar-photovoltaic-projects-south-africa-2021-10-29,https://engineeringnews.co.za/article/sibanye-stillwater-platinum-group-metals-pgms-operations-solar-photovoltaic-projects-south-africa-2021-10-29,2021,secondary_keyword_only_review
Engineering News,https://www.engineeringnews.co.za/article/sibanye-stillwater-pleased-with-improved-group-profitability-2025-08-28,https://engineeringnews.co.za/article/sibanye-stillwater-pleased-with-improved-group-profitability-2025-08-28,2025,exclude_outside_period
Engineering News,https://www.engineeringnews.co.za/article/sibanye-stillwater-presells-gold-to-citibank-2019-04-11,https://engineeringnews.co.za/article/sibanye-stillwater-presells-gold-to-citibank-2019-04-11,2019,secondary_keyword_only_review
Engineering News,https://www.engineeringnews.co.za/article/sibanye-stillwater-presells-gold-to-citibank-2019-04-26,https://engineeringnews.co.za/article/sibanye-stillwater-presells-gold-to-citibank-2019-04-26,2019,secondary_keyword_only_review
Engineering News,https://www.engineeringnews.co.za/article/sibanye-stillwater-prices-12bn-senior-notes-offering-2021-11-10,https://engineeringnews.co.za/article/sibanye-stillwater-prices-12bn-senior-notes-offering-2021-11-10,2021,secondary_keyword_only_review
Engineering News,https://www.engineeringnews.co.za/article/sibanye-stillwater-prices-oversubscribed-500-million-notes-offering-2026-05-08,https://engineeringnews.co.za/article/sibanye-stillwater-prices-oversubscribed-500-million-notes-offering-2026-05-08,2026,exclude_outside_period
Engineering News,https://www.engineeringnews.co.za/article/sibanye-stillwater-profit-soars-free-cash-rockets-r94bn-dividend-2021-02-18,https://engineeringnews.co.za/article/sibanye-stillwater-profit-soars-free-cash-rockets-r94bn-dividend-2021-02-18,2021,secondary_keyword_only_review
Engineering News,https://www.engineeringnews.co.za/article/sibanye-stillwater-provides-full-bursaries-to-12-top-matriculants-2021-02-26,https://engineeringnews.co.za/article/sibanye-stillwater-provides-full-bursaries-to-12-top-matriculants-2021-02-26,2021,secondary_keyword_only_review
Engineering News,https://www.engineeringnews.co.za/article/sibanye-stillwater-pushes-green-metals-strategy-with-1bn-nickelcopper-buy-2021-11-12,https://engineeringnews.co.za/article/sibanye-stillwater-pushes-green-metals-strategy-with-1bn-nickelcopper-buy-2021-11-12,2021,secondary_keyword_only_review
Engineering News,https://www.engineeringnews.co.za/article/sibanye-stillwater-raises-2018-expected-loss-to-r25bn-2019-02-20,https://engineeringnews.co.za/article/sibanye-stillwater-raises-2018-expected-loss-to-r25bn-2019-02-20,2019,secondary_keyword_only_review
Engineering News,https://www.engineeringnews.co.za/article/sibanye-stillwater-ratifies-new-wage-agreement-at-montana-mine-2022-02-23,https://engineeringnews.co.za/article/sibanye-stillwater-ratifies-new-wage-agreement-at-montana-mine-2022-02-23,2022,secondary_keyword_only_review
Engineering News,https://www.engineeringnews.co.za/article/sibanye-stillwater-receives-iso-27001-certification-2023-05-02,https://engineeringnews.co.za/article/sibanye-stillwater-receives-iso-27001-certification-2023-05-02,2023,secondary_keyword_only_review
Engineering News,https://www.engineeringnews.co.za/article/sibanye-stillwater-receives-keliber-environmental-permit-2023-02-06,https://engineeringnews.co.za/article/sibanye-stillwater-receives-keliber-environmental-permit-2023-02-06,2023,secondary_keyword_only_review
Engineering News,https://www.engineeringnews.co.za/article/sibanye-stillwater-receives-recognition-for-stillwater-acquisition-2018-06-08,https://engineeringnews.co.za/article/sibanye-stillwater-receives-recognition-for-stillwater-acquisition-2018-06-08,2018,secondary_keyword_only_review
Engineering News,https://www.engineeringnews.co.za/article/sibanye-stillwater-receives-sa-innovation-league-award-2022-05-20,https://engineeringnews.co.za/article/sibanye-stillwater-receives-sa-innovation-league-award-2022-05-20,2022,secondary_keyword_only_review
Engineering News,https://www.engineeringnews.co.za/article/sibanye-stillwater-records-third-best-earnings-as-it-celebrates-tenth-anniversary-2023-02-28,https://engineeringnews.co.za/article/sibanye-stillwater-records-third-best-earnings-as-it-celebrates-tenth-anniversary-2023-02-28,2023,secondary_keyword_only_review
Engineering News,https://www.engineeringnews.co.za/article/sibanye-stillwater-refinances-increases-us-dollar-revolving-credit-facility-2018-04-06,https://engineeringnews.co.za/article/sibanye-stillwater-refinances-increases-us-dollar-revolving-credit-facility-2018-04-06,2018,secondary_keyword_only_review
Engineering News,https://www.engineeringnews.co.za/article/sibanye-stillwater-releases-suite-of-reports-will-hold-virtual-agm-2020-04-22,https://engineeringnews.co.za/article/sibanye-stillwater-releases-suite-of-reports-will-hold-virtual-agm-2020-04-22,2020,secondary_keyword_only_review
Engineering News,https://www.engineeringnews.co.za/article/sibanye-stillwater-renewable-energy-projects-south-africa-update-2025-08-01,https://engineeringnews.co.za/article/sibanye-stillwater-renewable-energy-projects-south-africa-update-2025-08-01,2025,exclude_outside_period
Engineering News,https://www.engineeringnews.co.za/article/sibanye-stillwater-renewable-energy-projects-south-africa-update-2026-05-29,https://engineeringnews.co.za/article/sibanye-stillwater-renewable-energy-projects-south-africa-update-2026-05-29,2026,exclude_outside_period
Engineering News,https://www.engineeringnews.co.za/article/sibanye-stillwater-reports-9-yy-growth-in-adjusted-earnings-for-third-quarter-2024-11-05,https://engineeringnews.co.za/article/sibanye-stillwater-reports-9-yy-growth-in-adjusted-earnings-for-third-quarter-2024-11-05,2024,exclude_outside_period
Engineering News,https://www.engineeringnews.co.za/article/sibanye-stillwater-reports-fatality-at-driefontein-mine-2018-02-13,https://engineeringnews.co.za/article/sibanye-stillwater-reports-fatality-at-driefontein-mine-2018-02-13,2018,secondary_keyword_only_review
Engineering News,https://www.engineeringnews.co.za/article/sibanye-stillwater-reports-fatality-at-driefontein-ops-2018-05-03,https://engineeringnews.co.za/article/sibanye-stillwater-reports-fatality-at-driefontein-ops-2018-05-03,2018,secondary_keyword_only_review
Engineering News,https://www.engineeringnews.co.za/article/sibanye-stillwater-reports-positive-earnings-increases-for-the-first-quarter-2025-05-09,https://engineeringnews.co.za/article/sibanye-stillwater-reports-positive-earnings-increases-for-the-first-quarter-2025-05-09,2025,exclude_outside_period
Engineering News,https://www.engineeringnews.co.za/article/sibanye-stillwater-reports-sizeable-platinum-gold-reserves-and-resources-2026-02-17,https://engineeringnews.co.za/article/sibanye-stillwater-reports-sizeable-platinum-gold-reserves-and-resources-2026-02-17,2026,exclude_outside_period
Engineering News,https://www.engineeringnews.co.za/article/sibanye-stillwater-restructures-historical-lonmin-bee-structure-2021-04-14,https://engineeringnews.co.za/article/sibanye-stillwater-restructures-historical-lonmin-bee-structure-2021-04-14,2021,lonmin_only_title_review
Engineering News,https://www.engineeringnews.co.za/article/sibanye-stillwater-says-operational-recovery-progressing-well-2020-10-29,https://engineeringnews.co.za/article/sibanye-stillwater-says-operational-recovery-progressing-well-2020-10-29,2020,secondary_keyword_only_review
Engineering News,https://www.engineeringnews.co.za/article/sibanye-stillwater-secures-more-renewable-energy-in-offtake-agreement-with-noa-2026-02-13,https://engineeringnews.co.za/article/sibanye-stillwater-secures-more-renewable-energy-in-offtake-agreement-with-noa-2026-02-13,2026,exclude_outside_period
Engineering News,https://www.engineeringnews.co.za/article/sibanye-stillwater-secures-six-health-and-safety-awards-2024-11-18,https://engineeringnews.co.za/article/sibanye-stillwater-secures-six-health-and-safety-awards-2024-11-18,2024,exclude_outside_period
Engineering News,https://www.engineeringnews.co.za/article/sibanye-stillwater-shares-rise-on-deleveraging-plan-2018-05-31,https://engineeringnews.co.za/article/sibanye-stillwater-shares-rise-on-deleveraging-plan-2018-05-31,2018,secondary_keyword_only_review
Engineering News,https://www.engineeringnews.co.za/article/sibanye-stillwater-shoots-lights-out-with-super-record-performance-2021-08-26,https://engineeringnews.co.za/article/sibanye-stillwater-shoots-lights-out-with-super-record-performance-2021-08-26,2021,secondary_keyword_only_review
Engineering News,https://www.engineeringnews.co.za/article/sibanye-stillwater-signals-half-year-earnings-decline-2022-08-17,https://engineeringnews.co.za/article/sibanye-stillwater-signals-half-year-earnings-decline-2022-08-17,2022,secondary_keyword_only_review
Engineering News,https://www.engineeringnews.co.za/article/sibanye-stillwater-south-african-platinum-group-metals-operations-solar-photovoltaic-projects-south-africa-update-2023-04-07,https://engineeringnews.co.za/article/sibanye-stillwater-south-african-platinum-group-metals-operations-solar-photovoltaic-projects-south-africa-update-2023-04-07,2023,secondary_keyword_only_review
Engineering News,https://www.engineeringnews.co.za/article/sibanye-stillwater-south-african-platinum-group-metals-operations-solar-photovoltaic-projects-south-africa-update-2023-09-22,https://engineeringnews.co.za/article/sibanye-stillwater-south-african-platinum-group-metals-operations-solar-photovoltaic-projects-south-africa-update-2023-09-22,2023,secondary_keyword_only_review
Engineering News,https://www.engineeringnews.co.za/article/sibanye-stillwater-ssw-platinum-group-metals-operations-solar-photovoltaic-projects-south-africa-update-2022-03-25,https://engineeringnews.co.za/article/sibanye-stillwater-ssw-platinum-group-metals-operations-solar-photovoltaic-projects-south-africa-update-2022-03-25,2022,secondary_keyword_only_review
Engineering News,https://www.engineeringnews.co.za/article/sibanye-stillwater-strategising-energy-solution-involvement-2022-08-25,https://engineeringnews.co.za/article/sibanye-stillwater-strategising-energy-solution-involvement-2022-08-25,2022,already_screened
Engineering News,https://www.engineeringnews.co.za/article/sibanye-stillwater-strategising-energy-solution-involvement-2022-09-02,https://engineeringnews.co.za/article/sibanye-stillwater-strategising-energy-solution-involvement-2022-09-02,2022,already_screened
Engineering News,https://www.engineeringnews.co.za/article/sibanye-stillwater-teams-up-with-uj-to-launch-simulacrum-training-facility-2025-01-07,https://engineeringnews.co.za/article/sibanye-stillwater-teams-up-with-uj-to-launch-simulacrum-training-facility-2025-01-07,2025,exclude_outside_period
Engineering News,https://www.engineeringnews.co.za/article/sibanye-stillwater-to-acquire-embattled-lonmin-in-all-share-offer-2017-12-14,https://engineeringnews.co.za/article/sibanye-stillwater-to-acquire-embattled-lonmin-in-all-share-offer-2017-12-14,2017,lonmin_only_title_review
Engineering News,https://www.engineeringnews.co.za/article/sibanye-stillwater-to-build-houses-in-free-state-2019-03-13,https://engineeringnews.co.za/article/sibanye-stillwater-to-build-houses-in-free-state-2019-03-13,2019,secondary_keyword_only_review
Engineering News,https://www.engineeringnews.co.za/article/sibanye-stillwater-to-hold-agm-electronically-2020-05-19,https://engineeringnews.co.za/article/sibanye-stillwater-to-hold-agm-electronically-2020-05-19,2020,secondary_keyword_only_review
Engineering News,https://www.engineeringnews.co.za/article/sibanye-stillwater-to-lonmins-rescue-2017-12-19,https://engineeringnews.co.za/article/sibanye-stillwater-to-lonmins-rescue-2017-12-19,2017,lonmin_only_title_review
Engineering News,https://www.engineeringnews.co.za/article/sibanye-stillwater-to-report-rebound-in-interim-heps-2025-08-15,https://engineeringnews.co.za/article/sibanye-stillwater-to-report-rebound-in-interim-heps-2025-08-15,2025,exclude_outside_period
Engineering News,https://www.engineeringnews.co.za/article/sibanye-stillwater-to-start-search-for-new-audit-firm-2018-05-04,https://engineeringnews.co.za/article/sibanye-stillwater-to-start-search-for-new-audit-firm-2018-05-04,2018,secondary_keyword_only_review
Engineering News,https://www.engineeringnews.co.za/article/sibanye-stillwater-to-swing-to-h1-profit-2018-08-03,https://engineeringnews.co.za/article/sibanye-stillwater-to-swing-to-h1-profit-2018-08-03,2018,secondary_keyword_only_review
Engineering News,https://www.engineeringnews.co.za/article/sibanye-stillwater-top-brass-donate-third-of-pay-to-covid-19-fund-2020-05-01,https://engineeringnews.co.za/article/sibanye-stillwater-top-brass-donate-third-of-pay-to-covid-19-fund-2020-05-01,2020,secondary_keyword_only_review
Engineering News,https://www.engineeringnews.co.za/article/sibanye-stillwater-top-brass-donate-third-of-pay-to-solidarity-covid-19-fund-2020-04-13,https://engineeringnews.co.za/article/sibanye-stillwater-top-brass-donate-third-of-pay-to-solidarity-covid-19-fund-2020-04-13,2020,secondary_keyword_only_review
Engineering News,https://www.engineeringnews.co.za/article/sibanye-stillwater-trade-unions-ink-three-year-wage-agreement-for-kroondal-2020-10-23,https://engineeringnews.co.za/article/sibanye-stillwater-trade-unions-ink-three-year-wage-agreement-for-kroondal-2020-10-23,2020,secondary_keyword_only_review
Engineering News,https://www.engineeringnews.co.za/article/sibanye-stillwater-union-seek-us-trade-protection-against-russian-palladium-imports-2025-07-31,https://engineeringnews.co.za/article/sibanye-stillwater-union-seek-us-trade-protection-against-russian-palladium-imports-2025-07-31,2025,exclude_outside_period
Engineering News,https://www.engineeringnews.co.za/article/sibanye-stillwater-unions-agree-on-three-year-wage-deal-for-kroondal-2017-11-09,https://engineeringnews.co.za/article/sibanye-stillwater-unions-agree-on-three-year-wage-deal-for-kroondal-2017-11-09,2017,secondary_keyword_only_review
Engineering News,https://www.engineeringnews.co.za/article/sibanye-stillwater-updates-on-strategy-structure-capital-allocation-implementation-2026-01-29,https://engineeringnews.co.za/article/sibanye-stillwater-updates-on-strategy-structure-capital-allocation-implementation-2026-01-29,2026,exclude_outside_period
Engineering News,https://www.engineeringnews.co.za/article/sibanye-stillwater-welcomes-pragmatic-partial-mining-resumption-2020-04-23,https://engineeringnews.co.za/article/sibanye-stillwater-welcomes-pragmatic-partial-mining-resumption-2020-04-23,2020,secondary_keyword_only_review
Engineering News,https://www.engineeringnews.co.za/article/sibanye-stillwater-welcomes-preliminary-determination-on-russian-palladium-imports-into-the-us-2026-02-13,https://engineeringnews.co.za/article/sibanye-stillwater-welcomes-preliminary-determination-on-russian-palladium-imports-into-the-us-2026-02-13,2026,exclude_outside_period
Engineering News,https://www.engineeringnews.co.za/article/sibanye-stillwater-welcomes-us-commerce-depts-preliminary-determination-on-russian-palladium-imports-2026-03-18,https://engineeringnews.co.za/article/sibanye-stillwater-welcomes-us-commerce-depts-preliminary-determination-on-russian-palladium-imports-2026-03-18,2026,exclude_outside_period
Engineering News,https://www.engineeringnews.co.za/article/sibanye-stillwater-wins-eu-strategic-status-for-lithium-ev-battery-projects-2025-03-27,https://engineeringnews.co.za/article/sibanye-stillwater-wins-eu-strategic-status-for-lithium-ev-battery-projects-2025-03-27,2025,exclude_outside_period
Engineering News,https://www.engineeringnews.co.za/article/sibanye-stillwater-wins-ma-advisor-award-for-acquisition-of-stillwater-2018-05-02,https://engineeringnews.co.za/article/sibanye-stillwater-wins-ma-advisor-award-for-acquisition-of-stillwater-2018-05-02,2018,secondary_keyword_only_review
Engineering News,https://www.engineeringnews.co.za/article/sibanye-stillwater-wits-partner-to-digitalise-mining-industry-2018-03-28,https://engineeringnews.co.za/article/sibanye-stillwater-wits-partner-to-digitalise-mining-industry-2018-03-28,2018,secondary_keyword_only_review
Engineering News,https://www.engineeringnews.co.za/article/sibanye-stillwater-wits-partner-to-digitalise-mining-industry-2018-04-05,https://engineeringnews.co.za/article/sibanye-stillwater-wits-partner-to-digitalise-mining-industry-2018-04-05,2018,secondary_keyword_only_review
Engineering News,https://www.engineeringnews.co.za/article/sibanye-stillwaters-2025-headline-earnings-soar-281-r37bn-dividend-declared-2026-02-20,https://engineeringnews.co.za/article/sibanye-stillwaters-2025-headline-earnings-soar-281-r37bn-dividend-declared-2026-02-20,2026,exclude_outside_period
Engineering News,https://www.engineeringnews.co.za/article/sibanye-stillwaters-call-for-us-tariff-on-russian-palladium-may-add-to-price-volatility-2025-08-05,https://engineeringnews.co.za/article/sibanye-stillwaters-call-for-us-tariff-on-russian-palladium-may-add-to-price-volatility-2025-08-05,2025,exclude_outside_period
Engineering News,https://www.engineeringnews.co.za/article/sibanye-stillwaters-chief-commercial-development-officer-resigns-2025-01-27,https://engineeringnews.co.za/article/sibanye-stillwaters-chief-commercial-development-officer-resigns-2025-01-27,2025,exclude_outside_period
Engineering News,https://www.engineeringnews.co.za/article/sibanye-stillwaters-first-quarter-earnings-increase-despite-covid-19-disruptions-2021-05-06,https://engineeringnews.co.za/article/sibanye-stillwaters-first-quarter-earnings-increase-despite-covid-19-disruptions-2021-05-06,2021,secondary_keyword_only_review
Engineering News,https://www.engineeringnews.co.za/article/sibanye-stillwaters-gold-platinum-reserves-decrease-2018-02-19,https://engineeringnews.co.za/article/sibanye-stillwaters-gold-platinum-reserves-decrease-2018-02-19,2018,secondary_keyword_only_review
Engineering News,https://www.engineeringnews.co.za/article/sibanye-stillwaters-gold-platinum-reserves-decrease-2018-03-02,https://engineeringnews.co.za/article/sibanye-stillwaters-gold-platinum-reserves-decrease-2018-03-02,2018,secondary_keyword_only_review
Engineering News,https://www.engineeringnews.co.za/article/sibanye-stillwaters-integrated-report-highlights-green-metals-spread-2023-04-24,https://engineeringnews.co.za/article/sibanye-stillwaters-integrated-report-highlights-green-metals-spread-2023-04-24,2023,secondary_keyword_only_review
Engineering News,https://www.engineeringnews.co.za/article/sibanye-stillwaters-integrated-report-highlights-green-metals-spread-2023-05-12,https://engineeringnews.co.za/article/sibanye-stillwaters-integrated-report-highlights-green-metals-spread-2023-05-12,2023,secondary_keyword_only_review
Engineering News,https://www.engineeringnews.co.za/article/sibanye-stillwaters-k4-platinum-group-metals-shaft-heads-towards-48-year-future-as-final-r964m-is-invested-2026-07-31,https://engineeringnews.co.za/article/sibanye-stillwaters-k4-platinum-group-metals-shaft-heads-towards-48-year-future-as-final-r964m-is-invested-2026-07-31,2026,exclude_outside_period
Engineering News,https://www.engineeringnews.co.za/article/sibanye-stillwaters-mass-of-metal-probably-one-of-planet-earths-biggest-2026-06-24,https://engineeringnews.co.za/article/sibanye-stillwaters-mass-of-metal-probably-one-of-planet-earths-biggest-2026-06-24,2026,exclude_outside_period
Engineering News,https://www.engineeringnews.co.za/article/sibanye-stillwaters-mass-of-metal-probably-one-of-planets-biggest-2026-07-10,https://engineeringnews.co.za/article/sibanye-stillwaters-mass-of-metal-probably-one-of-planets-biggest-2026-07-10,2026,exclude_outside_period
Engineering News,https://www.engineeringnews.co.za/article/sibanye-stillwaters-r43m-investment-in-simulacrum-training-facility-at-uj-realised-at-launch-2024-11-22,https://engineeringnews.co.za/article/sibanye-stillwaters-r43m-investment-in-simulacrum-training-facility-at-uj-realised-at-launch-2024-11-22,2024,exclude_outside_period
Engineering News,https://www.engineeringnews.co.za/article/sibanye-stillwaters-south-africa-platinum-earnings-up-213-gold-earnings-up-177-2025-11-06,https://engineeringnews.co.za/article/sibanye-stillwaters-south-africa-platinum-earnings-up-213-gold-earnings-up-177-2025-11-06,2025,exclude_outside_period
Engineering News,https://www.engineeringnews.co.za/article/sibanye-stillwaters-south-africa-platinum-earnings-up-213-gold-earnings-up-177-2025-11-21,https://engineeringnews.co.za/article/sibanye-stillwaters-south-africa-platinum-earnings-up-213-gold-earnings-up-177-2025-11-21,2025,exclude_outside_period
Engineering News,https://www.engineeringnews.co.za/article/sibanye-stillwaters-us-operations-in-the-midst-of-major-growth-phase-2018-11-02,https://engineeringnews.co.za/article/sibanye-stillwaters-us-operations-in-the-midst-of-major-growth-phase-2018-11-02,2018,secondary_keyword_only_review
Engineering News,https://www.engineeringnews.co.za/article/sibanye-stillwaters-us-operations-in-the-midst-of-major-growth-phase-2018-11-16,https://engineeringnews.co.za/article/sibanye-stillwaters-us-operations-in-the-midst-of-major-growth-phase-2018-11-16,2018,secondary_keyword_only_review
Engineering News,https://www.engineeringnews.co.za/article/sibanye-stresses-importance-of-healthy-wetlands-2022-02-02,https://engineeringnews.co.za/article/sibanye-stresses-importance-of-healthy-wetlands-2022-02-02,2022,secondary_keyword_only_review
Engineering News,https://www.engineeringnews.co.za/article/sibanye-suffers-a-cybersecurity-incident-2024-07-11,https://engineeringnews.co.za/article/sibanye-suffers-a-cybersecurity-incident-2024-07-11,2024,exclude_outside_period
Engineering News,https://www.engineeringnews.co.za/article/sibanye-supportive-of-south-africas-phased-approach-to-resuming-mining-activity-2020-04-23,https://engineeringnews.co.za/article/sibanye-supportive-of-south-africas-phased-approach-to-resuming-mining-activity-2020-04-23,2020,secondary_keyword_only_review
Engineering News,https://www.engineeringnews.co.za/article/sibanye-supports-icmm-water-stewardship-maturity-framework-2023-12-14,https://engineeringnews.co.za/article/sibanye-supports-icmm-water-stewardship-maturity-framework-2023-12-14,2023,secondary_keyword_only_review
Engineering News,https://www.engineeringnews.co.za/article/sibanye-suspends-amcu-members-at-kroondal-2016-06-10,https://engineeringnews.co.za/article/sibanye-suspends-amcu-members-at-kroondal-2016-06-10,2016,secondary_keyword_only_review
Engineering News,https://www.engineeringnews.co.za/article/sibanye-suspends-beatrix-4-shaft-operations-following-a-fire-2013-02-20,https://engineeringnews.co.za/article/sibanye-suspends-beatrix-4-shaft-operations-following-a-fire-2013-02-20,2013,secondary_keyword_only_review
Engineering News,https://www.engineeringnews.co.za/article/sibanye-suspends-gold-guidance-but-reports-strong-first-quarter-earnings-2022-05-05,https://engineeringnews.co.za/article/sibanye-suspends-gold-guidance-but-reports-strong-first-quarter-earnings-2022-05-05,2022,secondary_keyword_only_review
Engineering News,https://www.engineeringnews.co.za/article/sibanye-suspends-kloof-4-shaft-operations-after-incident-2023-08-01,https://engineeringnews.co.za/article/sibanye-suspends-kloof-4-shaft-operations-after-incident-2023-08-01,2023,secondary_keyword_only_review
Engineering News,https://www.engineeringnews.co.za/article/sibanye-suspends-operations-at-kloof-mine-for-a-day-of-mourning-2018-06-12,https://engineeringnews.co.za/article/sibanye-suspends-operations-at-kloof-mine-for-a-day-of-mourning-2018-06-12,2018,secondary_keyword_only_review
Engineering News,https://www.engineeringnews.co.za/article/sibanye-suspends-operations-at-safety-impacted-south-african-mines-adjusts-guidance-2021-12-15,https://engineeringnews.co.za/article/sibanye-suspends-operations-at-safety-impacted-south-african-mines-adjusts-guidance-2021-12-15,2021,secondary_keyword_only_review
Engineering News,https://www.engineeringnews.co.za/article/sibanye-suspends-production-at-shaft-in-rustenburg-following-damage-to-infrastructure-2024-03-20,https://engineeringnews.co.za/article/sibanye-suspends-production-at-shaft-in-rustenburg-following-damage-to-infrastructure-2024-03-20,2024,exclude_outside_period
Engineering News,https://www.engineeringnews.co.za/article/sibanye-tables-conditional-settlement-offer-for-south-african-gold-operations-employees-2021-11-18,https://engineeringnews.co.za/article/sibanye-tables-conditional-settlement-offer-for-south-african-gold-operations-employees-2021-11-18,2021,secondary_keyword_only_review
Engineering News,https://www.engineeringnews.co.za/article/sibanye-takes-control-of-rustenburg-platinum-mines-nel-steps-down-as-platinum-division-ceo-2016-11-01,https://engineeringnews.co.za/article/sibanye-takes-control-of-rustenburg-platinum-mines-nel-steps-down-as-platinum-division-ceo-2016-11-01,2016,secondary_keyword_only_review
Engineering News,https://www.engineeringnews.co.za/article/sibanye-takes-control-of-rustenburg-platinum-mines-nel-steps-down-as-platinum-division-ceo-2016-11-11,https://engineeringnews.co.za/article/sibanye-takes-control-of-rustenburg-platinum-mines-nel-steps-down-as-platinum-division-ceo-2016-11-11,2016,secondary_keyword_only_review
Engineering News,https://www.engineeringnews.co.za/article/sibanye-takes-full-control-of-kroondal-for-r1-plus-mine-closure-rehab-costs-2022-01-31,https://engineeringnews.co.za/article/sibanye-takes-full-control-of-kroondal-for-r1-plus-mine-closure-rehab-costs-2022-01-31,2022,secondary_keyword_only_review
Engineering News,https://www.engineeringnews.co.za/article/sibanye-terminates-discussions-with-wcc-2016-02-26,https://engineeringnews.co.za/article/sibanye-terminates-discussions-with-wcc-2016-02-26,2016,secondary_keyword_only_review
Engineering News,https://www.engineeringnews.co.za/article/sibanye-terminates-key-supply-contract-for-sandouville-refinery-2024-08-21,https://engineeringnews.co.za/article/sibanye-terminates-key-supply-contract-for-sandouville-refinery-2024-08-21,2024,exclude_outside_period
Engineering News,https://www.engineeringnews.co.za/article/sibanye-tests-viability-of-underground-hydroelectric-storage-2021-10-13,https://engineeringnews.co.za/article/sibanye-tests-viability-of-underground-hydroelectric-storage-2021-10-13,2021,secondary_keyword_only_review
Engineering News,https://www.engineeringnews.co.za/article/sibanye-to-acquire-us-platinum-miner-for-r30bn-2016-12-09,https://engineeringnews.co.za/article/sibanye-to-acquire-us-platinum-miner-for-r30bn-2016-12-09,2016,secondary_keyword_only_review
Engineering News,https://www.engineeringnews.co.za/article/sibanye-to-be-included-in-ftsejse-top-40-index-2016-09-07,https://engineeringnews.co.za/article/sibanye-to-be-included-in-ftsejse-top-40-index-2016-09-07,2016,secondary_keyword_only_review
Engineering News,https://www.engineeringnews.co.za/article/sibanye-to-buy-back-up-to-5-of-its-shares-2021-06-01,https://engineeringnews.co.za/article/sibanye-to-buy-back-up-to-5-of-its-shares-2021-06-01,2021,secondary_keyword_only_review
Engineering News,https://www.engineeringnews.co.za/article/sibanye-to-complete-compulsory-acquisition-of-new-century-shares-2023-05-02,https://engineeringnews.co.za/article/sibanye-to-complete-compulsory-acquisition-of-new-century-shares-2023-05-02,2023,secondary_keyword_only_review
Engineering News,https://www.engineeringnews.co.za/article/sibanye-to-consult-labour-on-the-future-of-its-kloof-4-shaft-2023-09-14,https://engineeringnews.co.za/article/sibanye-to-consult-labour-on-the-future-of-its-kloof-4-shaft-2023-09-14,2023,secondary_keyword_only_review
Engineering News,https://www.engineeringnews.co.za/article/sibanye-to-cut-about-300-jobs-at-us-pgm-operations-2023-11-29,https://engineeringnews.co.za/article/sibanye-to-cut-about-300-jobs-at-us-pgm-operations-2023-11-29,2023,secondary_keyword_only_review
Engineering News,https://www.engineeringnews.co.za/article/sibanye-to-embark-on-refinery-construction-after-upping-stake-in-finnish-lithium-project-to-85-in-october-2022-12-16,https://engineeringnews.co.za/article/sibanye-to-embark-on-refinery-construction-after-upping-stake-in-finnish-lithium-project-to-85-in-october-2022-12-16,2022,secondary_keyword_only_review
Engineering News,https://www.engineeringnews.co.za/article/sibanye-to-engage-with-kroondal-employees-following-end-of-illegal-sit-in-2024-06-06,https://engineeringnews.co.za/article/sibanye-to-engage-with-kroondal-employees-following-end-of-illegal-sit-in-2024-06-06,2024,exclude_outside_period
Engineering News,https://www.engineeringnews.co.za/article/sibanye-to-further-restructure-its-us-operations-posts-loss-in-challenging-commodity-price-environment-2024-09-12,https://engineeringnews.co.za/article/sibanye-to-further-restructure-its-us-operations-posts-loss-in-challenging-commodity-price-environment-2024-09-12,2024,exclude_outside_period
Engineering News,https://www.engineeringnews.co.za/article/sibanye-to-further-restructure-its-us-operations-posts-loss-in-challenging-commodity-price-environment-2024-09-27,https://engineeringnews.co.za/article/sibanye-to-further-restructure-its-us-operations-posts-loss-in-challenging-commodity-price-environment-2024-09-27,2024,exclude_outside_period
Engineering News,https://www.engineeringnews.co.za/article/sibanye-to-go-ahead-with-wits-gold-buy-out-2014-03-31,https://engineeringnews.co.za/article/sibanye-to-go-ahead-with-wits-gold-buy-out-2014-03-31,2014,secondary_keyword_only_review
Engineering News,https://www.engineeringnews.co.za/article/sibanye-to-go-ahead-with-wits-gold-buy-out-2014-04-11,https://engineeringnews.co.za/article/sibanye-to-go-ahead-with-wits-gold-buy-out-2014-04-11,2014,secondary_keyword_only_review
Engineering News,https://www.engineeringnews.co.za/article/sibanye-to-grow-uranium-output-as-volatile-market-improves-2014-06-13,https://engineeringnews.co.za/article/sibanye-to-grow-uranium-output-as-volatile-market-improves-2014-06-13,2014,secondary_keyword_only_review
Engineering News,https://www.engineeringnews.co.za/article/sibanye-to-hold-webcast-series-to-aid-healing-and-renewal-in-marikana-2021-08-11,https://engineeringnews.co.za/article/sibanye-to-hold-webcast-series-to-aid-healing-and-renewal-in-marikana-2021-08-11,2021,explicit_case_title_review
Engineering News,https://www.engineeringnews.co.za/article/sibanye-to-lose-9-452-oz-owing-to-power-failure-2013-03-18,https://engineeringnews.co.za/article/sibanye-to-lose-9-452-oz-owing-to-power-failure-2013-03-18,2013,secondary_keyword_only_review
Engineering News,https://www.engineeringnews.co.za/article/sibanye-to-pay-215m-to-settle-dispute-over-cancelled-nickel-mines-deal-2025-11-10,https://engineeringnews.co.za/article/sibanye-to-pay-215m-to-settle-dispute-over-cancelled-nickel-mines-deal-2025-11-10,2025,exclude_outside_period
Engineering News,https://www.engineeringnews.co.za/article/sibanye-to-post-interim-loss-on-us-impairment-lower-headline-earnings-2024-09-02,https://engineeringnews.co.za/article/sibanye-to-post-interim-loss-on-us-impairment-lower-headline-earnings-2024-09-02,2024,exclude_outside_period
Engineering News,https://www.engineeringnews.co.za/article/sibanye-to-proceed-with-buyout-of-shares-from-holders-of-fewer-than-400-shares-2020-12-11,https://engineeringnews.co.za/article/sibanye-to-proceed-with-buyout-of-shares-from-holders-of-fewer-than-400-shares-2020-12-11,2020,secondary_keyword_only_review
Engineering News,https://www.engineeringnews.co.za/article/sibanye-to-push-burnstone-restart-from-zero-base-2014-06-06,https://engineeringnews.co.za/article/sibanye-to-push-burnstone-restart-from-zero-base-2014-06-06,2014,secondary_keyword_only_review
Engineering News,https://www.engineeringnews.co.za/article/sibanye-to-push-burnstone-restart-from-zero-base-2014-06-11,https://engineeringnews.co.za/article/sibanye-to-push-burnstone-restart-from-zero-base-2014-06-11,2014,secondary_keyword_only_review
Engineering News,https://www.engineeringnews.co.za/article/sibanye-to-raise-stake-in-finland-lithium-firm-keliber-to-80-2022-06-30,https://engineeringnews.co.za/article/sibanye-to-raise-stake-in-finland-lithium-firm-keliber-to-80-2022-06-30,2022,secondary_keyword_only_review
Engineering News,https://www.engineeringnews.co.za/article/sibanye-to-restart-south-african-gold-mines-in-a-phased-manner-2022-06-13,https://engineeringnews.co.za/article/sibanye-to-restart-south-african-gold-mines-in-a-phased-manner-2022-06-13,2022,secondary_keyword_only_review
Engineering News,https://www.engineeringnews.co.za/article/sibanye-to-start-labour-consultations-as-beatrix-4-shaft-kloof-1-plant-face-closure-2022-11-01,https://engineeringnews.co.za/article/sibanye-to-start-labour-consultations-as-beatrix-4-shaft-kloof-1-plant-face-closure-2022-11-01,2022,secondary_keyword_only_review
Engineering News,https://www.engineeringnews.co.za/article/sibanye-to-undertake-1bn-rights-offering-to-repay-part-of-stillwater-acquisition-loan-2017-05-11,https://engineeringnews.co.za/article/sibanye-to-undertake-1bn-rights-offering-to-repay-part-of-stillwater-acquisition-loan-2017-05-11,2017,secondary_keyword_only_review
Engineering News,https://www.engineeringnews.co.za/article/sibanye-turns-killer-gas-into-electricity-at-beatrix-gold-mine-2015-02-06,https://engineeringnews.co.za/article/sibanye-turns-killer-gas-into-electricity-at-beatrix-gold-mine-2015-02-06,2015,secondary_keyword_only_review
Engineering News,https://www.engineeringnews.co.za/article/sibanye-tweaks-agreements-with-amplats-2020-03-17,https://engineeringnews.co.za/article/sibanye-tweaks-agreements-with-amplats-2020-03-17,2020,secondary_keyword_only_review
Engineering News,https://www.engineeringnews.co.za/article/sibanye-tying-up-new-century-strings-2023-03-30,https://engineeringnews.co.za/article/sibanye-tying-up-new-century-strings-2023-03-30,2023,secondary_keyword_only_review
Engineering News,https://www.engineeringnews.co.za/article/sibanye-unions-establish-picketing-rules-in-south-african-gold-wage-negotiation-process-2021-12-14,https://engineeringnews.co.za/article/sibanye-unions-establish-picketing-rules-in-south-african-gold-wage-negotiation-process-2021-12-14,2021,secondary_keyword_only_review
Engineering News,https://www.engineeringnews.co.za/article/sibanye-unions-still-unable-to-agree-on-gold-wage-increases-2021-11-24,https://engineeringnews.co.za/article/sibanye-unions-still-unable-to-agree-on-gold-wage-increases-2021-11-24,2021,secondary_keyword_only_review
Engineering News,https://www.engineeringnews.co.za/article/sibanye-updates-h1-earnings-outlook-2016-08-19,https://engineeringnews.co.za/article/sibanye-updates-h1-earnings-outlook-2016-08-19,2016,secondary_keyword_only_review
Engineering News,https://www.engineeringnews.co.za/article/sibanye-ups-2014-production-guidance-2014-06-04,https://engineeringnews.co.za/article/sibanye-ups-2014-production-guidance-2014-06-04,2014,secondary_keyword_only_review
Engineering News,https://www.engineeringnews.co.za/article/sibanye-ups-q1-gold-output-11-awaits-ruling-on-strike-2014-04-24,https://engineeringnews.co.za/article/sibanye-ups-q1-gold-output-11-awaits-ruling-on-strike-2014-04-24,2014,secondary_keyword_only_review
Engineering News,https://www.engineeringnews.co.za/article/sibanye-ups-shareholding-in-keliber-to-nearly-85-2022-10-03,https://engineeringnews.co.za/article/sibanye-ups-shareholding-in-keliber-to-nearly-85-2022-10-03,2022,secondary_keyword_only_review
Engineering News,https://www.engineeringnews.co.za/article/sibanye-ups-yearly-guidance-as-q3-performance-improves-2013-10-31,https://engineeringnews.co.za/article/sibanye-ups-yearly-guidance-as-q3-performance-improves-2013-10-31,2013,secondary_keyword_only_review
Engineering News,https://www.engineeringnews.co.za/article/sibanye-warns-of-4-000-more-potential-job-losses-as-it-proposes-further-restructuring-of-its-gold-ops-2024-04-11,https://engineeringnews.co.za/article/sibanye-warns-of-4-000-more-potential-job-losses-as-it-proposes-further-restructuring-of-its-gold-ops-2024-04-11,2024,exclude_outside_period
Engineering News,https://www.engineeringnews.co.za/article/sibanye-warns-of-lower-activity-from-blitz-mine-2020-03-23,https://engineeringnews.co.za/article/sibanye-warns-of-lower-activity-from-blitz-mine-2020-03-23,2020,secondary_keyword_only_review
Engineering News,https://www.engineeringnews.co.za/article/sibanye-welcomes-nature-related-disclosure-guidance-for-the-mining-sector-2024-07-30,https://engineeringnews.co.za/article/sibanye-welcomes-nature-related-disclosure-guidance-for-the-mining-sector-2024-07-30,2024,exclude_outside_period
Engineering News,https://www.engineeringnews.co.za/article/sibanye-will-have-to-shutter-us-mine-unless-palladium-recovers-2024-06-27,https://engineeringnews.co.za/article/sibanye-will-have-to-shutter-us-mine-unless-palladium-recovers-2024-06-27,2024,exclude_outside_period
Engineering News,https://www.engineeringnews.co.za/article/sibanye-wins-final-go-ahead-for-lonmin-deal-2019-05-17,https://engineeringnews.co.za/article/sibanye-wins-final-go-ahead-for-lonmin-deal-2019-05-17,2019,lonmin_only_title_review
Engineering News,https://www.engineeringnews.co.za/article/sibanye-wins-four-nsa-awards-2017-04-07,https://engineeringnews.co.za/article/sibanye-wins-four-nsa-awards-2017-04-07,2017,secondary_keyword_only_review
Engineering News,https://www.engineeringnews.co.za/article/sibanye-wins-us-thumbs-up-for-stillwater-acquisition-2017-04-18,https://engineeringnews.co.za/article/sibanye-wins-us-thumbs-up-for-stillwater-acquisition-2017-04-18,2017,secondary_keyword_only_review
Engineering News,https://www.engineeringnews.co.za/article/sibanye-wins-us-thumbs-up-for-stillwater-acquisition-2017-04-28,https://engineeringnews.co.za/article/sibanye-wins-us-thumbs-up-for-stillwater-acquisition-2017-04-28,2017,secondary_keyword_only_review
Engineering News,https://www.engineeringnews.co.za/article/sibanye-wits-collaborate-to-make-face-shields-2020-08-21,https://engineeringnews.co.za/article/sibanye-wits-collaborate-to-make-face-shields-2020-08-21,2020,secondary_keyword_only_review
Engineering News,https://www.engineeringnews.co.za/article/sibanye-working-to-bring-260-kloof-workers-back-to-surface-2025-05-23,https://engineeringnews.co.za/article/sibanye-working-to-bring-260-kloof-workers-back-to-surface-2025-05-23,2025,exclude_outside_period
Engineering News,https://www.engineeringnews.co.za/article/sibanye-works-to-rescue-two-trapped-workers-at-kloof-mine-2018-02-07,https://engineeringnews.co.za/article/sibanye-works-to-rescue-two-trapped-workers-at-kloof-mine-2018-02-07,2018,secondary_keyword_only_review
Engineering News,https://www.engineeringnews.co.za/article/sibanye-works-to-win-hearts-of-workers-with-care-programme-2014-07-03,https://engineeringnews.co.za/article/sibanye-works-to-win-hearts-of-workers-with-care-programme-2014-07-03,2014,secondary_keyword_only_review
Engineering News,https://www.engineeringnews.co.za/article/sibanye-writes-open-letter-to-amcu-amid-violent-strike-at-its-gold-operations-2018-12-05,https://engineeringnews.co.za/article/sibanye-writes-open-letter-to-amcu-amid-violent-strike-at-its-gold-operations-2018-12-05,2018,secondary_keyword_only_review
Engineering News,https://www.engineeringnews.co.za/article/sibanyes-all-shareholder-approach-2016-08-02,https://engineeringnews.co.za/article/sibanyes-all-shareholder-approach-2016-08-02,2016,secondary_keyword_only_review
Engineering News,https://www.engineeringnews.co.za/article/sibanyes-earnings-skyrocketing-2016-11-04,https://engineeringnews.co.za/article/sibanyes-earnings-skyrocketing-2016-11-04,2016,secondary_keyword_only_review
Engineering News,https://www.engineeringnews.co.za/article/sibanyes-first-quarter-gold-production-falls-on-strike-impact-2019-04-09,https://engineeringnews.co.za/article/sibanyes-first-quarter-gold-production-falls-on-strike-impact-2019-04-09,2019,secondary_keyword_only_review
Engineering News,https://www.engineeringnews.co.za/article/sibanyes-froneman-appointed-chair-drdgolds-pretorius-as-director-of-the-wgc-2023-10-04,https://engineeringnews.co.za/article/sibanyes-froneman-appointed-chair-drdgolds-pretorius-as-director-of-the-wgc-2023-10-04,2023,secondary_keyword_only_review
Engineering News,https://www.engineeringnews.co.za/article/sibanyes-gold-operations-achieve-safety-milestone-2020-01-27,https://engineeringnews.co.za/article/sibanyes-gold-operations-achieve-safety-milestone-2020-01-27,2020,secondary_keyword_only_review
Engineering News,https://www.engineeringnews.co.za/article/sibanyes-gold-operations-offset-impact-of-lower-pgm-prices-2023-08-29,https://engineeringnews.co.za/article/sibanyes-gold-operations-offset-impact-of-lower-pgm-prices-2023-08-29,2023,secondary_keyword_only_review
Engineering News,https://www.engineeringnews.co.za/article/sibanyes-interim-earnings-boosted-by-higher-prices-weaker-dollar-2020-08-14,https://engineeringnews.co.za/article/sibanyes-interim-earnings-boosted-by-higher-prices-weaker-dollar-2020-08-14,2020,secondary_keyword_only_review
Engineering News,https://www.engineeringnews.co.za/article/sibanyes-jse-listed-shares-rise-on-upbeat-trading-update-2020-02-14,https://engineeringnews.co.za/article/sibanyes-jse-listed-shares-rise-on-upbeat-trading-update-2020-02-14,2020,secondary_keyword_only_review
Engineering News,https://www.engineeringnews.co.za/article/sibanyes-jse-shares-fall-as-it-warns-of-drop-in-earnings-2023-02-21,https://engineeringnews.co.za/article/sibanyes-jse-shares-fall-as-it-warns-of-drop-in-earnings-2023-02-21,2023,secondary_keyword_only_review
Engineering News,https://www.engineeringnews.co.za/article/sibanyes-marikana-restructuring-good-in-the-long-run-say-market-commentators-2019-09-26,https://engineeringnews.co.za/article/sibanyes-marikana-restructuring-good-in-the-long-run-say-market-commentators-2019-09-26,2019,explicit_case_title_review
Engineering News,https://www.engineeringnews.co.za/article/sibanyes-performance-pleasing-despite-gold-downturn-moloko-2013-05-13,https://engineeringnews.co.za/article/sibanyes-performance-pleasing-despite-gold-downturn-moloko-2013-05-13,2013,secondary_keyword_only_review
Engineering News,https://www.engineeringnews.co.za/article/sibanyes-performance-pleasing-despite-gold-downturn-moloko-2013-05-24,https://engineeringnews.co.za/article/sibanyes-performance-pleasing-despite-gold-downturn-moloko-2013-05-24,2013,secondary_keyword_only_review
Engineering News,https://www.engineeringnews.co.za/article/sibanyes-platinum-asset-acquisitions-nearing-completion-2015-11-30,https://engineeringnews.co.za/article/sibanyes-platinum-asset-acquisitions-nearing-completion-2015-11-30,2015,secondary_keyword_only_review
Engineering News,https://www.engineeringnews.co.za/article/sibanyes-post-mining-agri-initiative-seeks-commercial-farming-agribusiness-partners-2024-04-05,https://engineeringnews.co.za/article/sibanyes-post-mining-agri-initiative-seeks-commercial-farming-agribusiness-partners-2024-04-05,2024,exclude_outside_period
Engineering News,https://www.engineeringnews.co.za/article/sibanyes-q1-gold-production-falls-on-strike-impact-2019-04-19,https://engineeringnews.co.za/article/sibanyes-q1-gold-production-falls-on-strike-impact-2019-04-19,2019,secondary_keyword_only_review
Engineering News,https://www.engineeringnews.co.za/article/sibanyes-r15m-investment-aims-to-unlock-benefits-of-4th-industrial-revolution-for-mining-2017-08-10,https://engineeringnews.co.za/article/sibanyes-r15m-investment-aims-to-unlock-benefits-of-4th-industrial-revolution-for-mining-2017-08-10,2017,secondary_keyword_only_review
Engineering News,https://www.engineeringnews.co.za/article/sibanyes-reports-shaft-infrastructure-damage-at-stillwater-west-mine-2023-03-13,https://engineeringnews.co.za/article/sibanyes-reports-shaft-infrastructure-damage-at-stillwater-west-mine-2023-03-13,2023,secondary_keyword_only_review
Engineering News,https://www.engineeringnews.co.za/article/sibanyes-safety-performance-improves-as-initiatives-continue-2019-08-30,https://engineeringnews.co.za/article/sibanyes-safety-performance-improves-as-initiatives-continue-2019-08-30,2019,secondary_keyword_only_review
Engineering News,https://www.engineeringnews.co.za/article/sibanyes-safety-performance-improves-as-initiatives-continue-2019-09-13,https://engineeringnews.co.za/article/sibanyes-safety-performance-improves-as-initiatives-continue-2019-09-13,2019,secondary_keyword_only_review
Engineering News,https://www.engineeringnews.co.za/article/sibanyes-siphumelele-shaft-on-track-for-may-restart-marikana-4b-shaft-to-be-shut-2024-04-18,https://engineeringnews.co.za/article/sibanyes-siphumelele-shaft-on-track-for-may-restart-marikana-4b-shaft-to-be-shut-2024-04-18,2024,exclude_outside_period
Engineering News,https://www.engineeringnews.co.za/article/sibanyes-south-african-pgms-output-falls-on-power-curtailments-copper-cable-theft-2022-11-03,https://engineeringnews.co.za/article/sibanyes-south-african-pgms-output-falls-on-power-curtailments-copper-cable-theft-2022-11-03,2022,secondary_keyword_only_review
Engineering News,https://www.engineeringnews.co.za/article/sibanyes-stillwater-acquisition-progresses-as-it-mulls-hiking-equity-component-to-13bn-2017-02-03,https://engineeringnews.co.za/article/sibanyes-stillwater-acquisition-progresses-as-it-mulls-hiking-equity-component-to-13bn-2017-02-03,2017,secondary_keyword_only_review
Engineering News,https://www.engineeringnews.co.za/article/sibanyes-stillwater-buy-wins-strong-shareholder-support-2017-04-25,https://engineeringnews.co.za/article/sibanyes-stillwater-buy-wins-strong-shareholder-support-2017-04-25,2017,secondary_keyword_only_review
Engineering News,https://www.engineeringnews.co.za/article/sibanyes-stillwater-deal-to-come-under-april-25-spotlight-2017-03-20,https://engineeringnews.co.za/article/sibanyes-stillwater-deal-to-come-under-april-25-spotlight-2017-03-20,2017,secondary_keyword_only_review
Engineering News,https://www.engineeringnews.co.za/article/sibanyes-stillwater-deal-to-come-under-april-25-spotlight-2017-03-31,https://engineeringnews.co.za/article/sibanyes-stillwater-deal-to-come-under-april-25-spotlight-2017-03-31,2017,secondary_keyword_only_review
Engineering News,https://www.engineeringnews.co.za/article/sibanyes-stillwater-mine-suspended-for-4-6-weeks-2022-06-24,https://engineeringnews.co.za/article/sibanyes-stillwater-mine-suspended-for-4-6-weeks-2022-06-24,2022,secondary_keyword_only_review
Engineering News,https://www.engineeringnews.co.za/article/sibanyes-stillwater-platinum-deal-edges-forward-2017-01-19,https://engineeringnews.co.za/article/sibanyes-stillwater-platinum-deal-edges-forward-2017-01-19,2017,secondary_keyword_only_review
Engineering News,https://www.engineeringnews.co.za/article/sibanyes-stillwater-platinum-deal-edges-forward-2017-01-27,https://engineeringnews.co.za/article/sibanyes-stillwater-platinum-deal-edges-forward-2017-01-27,2017,secondary_keyword_only_review
Engineering News,https://www.engineeringnews.co.za/article/sibanyes-stillwater-platinum-deal-runs-deep-2016-12-09,https://engineeringnews.co.za/article/sibanyes-stillwater-platinum-deal-runs-deep-2016-12-09,2016,secondary_keyword_only_review
Engineering News,https://www.engineeringnews.co.za/article/sibanyestops-south-africa-gold-mining-operations-as-strike-begins-2022-03-10,https://engineeringnews.co.za/article/sibanyestops-south-africa-gold-mining-operations-as-strike-begins-2022-03-10,2022,secondary_keyword_only_review
Engineering News,https://www.engineeringnews.co.za/article/silver-is-smart-metal-that-fits-sibanye-stillwaters-green-space-froneman-2021-03-31,https://engineeringnews.co.za/article/silver-is-smart-metal-that-fits-sibanye-stillwaters-green-space-froneman-2021-03-31,2021,secondary_keyword_only_review
Engineering News,https://www.engineeringnews.co.za/article/simplification-of-wul-applications-key-sibanye-2017-08-18,https://engineeringnews.co.za/article/simplification-of-wul-applications-key-sibanye-2017-08-18,2017,secondary_keyword_only_review
Engineering News,https://www.engineeringnews.co.za/article/sixth-death-in-lonmin-in-three-months-2017-10-19,https://engineeringnews.co.za/article/sixth-death-in-lonmin-in-three-months-2017-10-19,2017,lonmin_only_title_review
Engineering News,https://www.engineeringnews.co.za/article/slain-marikana-workers-to-be-remembered-2013-08-13,https://engineeringnews.co.za/article/slain-marikana-workers-to-be-remembered-2013-08-13,2013,explicit_case_title_review
Engineering News,https://www.engineeringnews.co.za/article/solidarity-accepts-sibanyes-final-wage-offer-2022-03-02,https://engineeringnews.co.za/article/solidarity-accepts-sibanyes-final-wage-offer-2022-03-02,2022,secondary_keyword_only_review
Engineering News,https://www.engineeringnews.co.za/article/solidarity-calls-for-action-after-illegal-miners-allegedly-kill-sibanye-stillwater-employee-2022-06-07,https://engineeringnews.co.za/article/solidarity-calls-for-action-after-illegal-miners-allegedly-kill-sibanye-stillwater-employee-2022-06-07,2022,secondary_keyword_only_review
Engineering News,https://www.engineeringnews.co.za/article/solidarity-concerned-over-loss-of-recognition-at-lonmin-2017-08-07,https://engineeringnews.co.za/article/solidarity-concerned-over-loss-of-recognition-at-lonmin-2017-08-07,2017,lonmin_only_title_review
Engineering News,https://www.engineeringnews.co.za/article/solidarity-gears-up-for-lonmin-strike-2013-08-19,https://engineeringnews.co.za/article/solidarity-gears-up-for-lonmin-strike-2013-08-19,2013,lonmin_only_title_review
Engineering News,https://www.engineeringnews.co.za/article/solidarity-meets-sibanye-over-amcus-wage-deal-2016-04-18,https://engineeringnews.co.za/article/solidarity-meets-sibanye-over-amcus-wage-deal-2016-04-18,2016,secondary_keyword_only_review
Engineering News,https://www.engineeringnews.co.za/article/solidarity-num-sign-agreements-with-sibanye-to-soften-job-cuts-2014-11-13,https://engineeringnews.co.za/article/solidarity-num-sign-agreements-with-sibanye-to-soften-job-cuts-2014-11-13,2014,secondary_keyword_only_review
Engineering News,https://www.engineeringnews.co.za/article/solidarity-rejects-lonmin-wage-offer-2013-10-31,https://engineeringnews.co.za/article/solidarity-rejects-lonmin-wage-offer-2013-10-31,2013,lonmin_only_title_review
Engineering News,https://www.engineeringnews.co.za/article/solidarity-requests-labour-court-to-review-lonmins-withdrawal-of-solidaritys-rights-recognition-2017-10-24,https://engineeringnews.co.za/article/solidarity-requests-labour-court-to-review-lonmins-withdrawal-of-solidaritys-rights-recognition-2017-10-24,2017,lonmin_only_title_review
Engineering News,https://www.engineeringnews.co.za/article/solidarity-says-courts-ruling-against-amcu-agency-fee-at-lonmin-is-victory-for-workers-2019-06-25,https://engineeringnews.co.za/article/solidarity-says-courts-ruling-against-amcu-agency-fee-at-lonmin-is-victory-for-workers-2019-06-25,2019,lonmin_only_title_review
Engineering News,https://www.engineeringnews.co.za/article/solidarity-says-to-meet-with-sibanye-management-on-retrenchments-2013-04-09,https://engineeringnews.co.za/article/solidarity-says-to-meet-with-sibanye-management-on-retrenchments-2013-04-09,2013,secondary_keyword_only_review
Engineering News,https://www.engineeringnews.co.za/article/solidarity-says-unions-conclude-wage-agreement-with-sibanye-stillwaters-south-african-gold-operations-2025-11-28,https://engineeringnews.co.za/article/solidarity-says-unions-conclude-wage-agreement-with-sibanye-stillwaters-south-african-gold-operations-2025-11-28,2025,exclude_outside_period
Engineering News,https://www.engineeringnews.co.za/article/solidarity-seeks-urgent-interdict-against-sibanye-to-block-immoral-lock-out-2022-03-09,https://engineeringnews.co.za/article/solidarity-seeks-urgent-interdict-against-sibanye-to-block-immoral-lock-out-2022-03-09,2022,secondary_keyword_only_review
Engineering News,https://www.engineeringnews.co.za/article/solidarity-suggests-sibanye-should-undergo-business-rescue-2021-12-06,https://engineeringnews.co.za/article/solidarity-suggests-sibanye-should-undergo-business-rescue-2021-12-06,2021,secondary_keyword_only_review
Engineering News,https://www.engineeringnews.co.za/article/solidarity-to-urge-members-to-accept-sibanyes-revised-gold-wage-offer-2022-02-07,https://engineeringnews.co.za/article/solidarity-to-urge-members-to-accept-sibanyes-revised-gold-wage-offer-2022-02-07,2022,secondary_keyword_only_review
Engineering News,https://www.engineeringnews.co.za/article/solidarity-uasa-members-no-longer-subject-to-lockout-at-sibanyes-gold-mines-2022-03-14,https://engineeringnews.co.za/article/solidarity-uasa-members-no-longer-subject-to-lockout-at-sibanyes-gold-mines-2022-03-14,2022,secondary_keyword_only_review
Engineering News,https://www.engineeringnews.co.za/article/south-africa-losing-out-on-billions-of-rands-sibanye-on-millions-owing-to-illegal-mining-2017-07-29,https://engineeringnews.co.za/article/south-africa-losing-out-on-billions-of-rands-sibanye-on-millions-owing-to-illegal-mining-2017-07-29,2017,secondary_keyword_only_review
Engineering News,https://www.engineeringnews.co.za/article/south-africa-must-prosecute-2012-marikana-deaths-amnesty-says-2017-08-15,https://engineeringnews.co.za/article/south-africa-must-prosecute-2012-marikana-deaths-amnesty-says-2017-08-15,2017,explicit_case_title_review
Engineering News,https://www.engineeringnews.co.za/article/south-africa-must-prosecute-2012-marikana-deaths-amnesty-says-2017-08-25,https://engineeringnews.co.za/article/south-africa-must-prosecute-2012-marikana-deaths-amnesty-says-2017-08-25,2017,explicit_case_title_review
Engineering News,https://www.engineeringnews.co.za/article/south-africa-platinum-union-to-restart-trust-for-marikana-miners-2016-08-15,https://engineeringnews.co.za/article/south-africa-platinum-union-to-restart-trust-for-marikana-miners-2016-08-15,2016,already_screened
Engineering News,https://www.engineeringnews.co.za/article/south-african-court-blocks-mine-union-amcu-plans-for-industry-wide-strike-2019-03-15,https://engineeringnews.co.za/article/south-african-court-blocks-mine-union-amcu-plans-for-industry-wide-strike-2019-03-15,2019,secondary_keyword_only_review
Engineering News,https://www.engineeringnews.co.za/article/south-african-government-says-it-intends-to-de-register-amcu-union-2019-04-24,https://engineeringnews.co.za/article/south-african-government-says-it-intends-to-de-register-amcu-union-2019-04-24,2019,secondary_keyword_only_review
Engineering News,https://www.engineeringnews.co.za/article/south-african-government-says-it-intends-to-deregister-amcu-2019-04-24,https://engineeringnews.co.za/article/south-african-government-says-it-intends-to-deregister-amcu-2019-04-24,2019,secondary_keyword_only_review
Engineering News,https://www.engineeringnews.co.za/article/south-africas-chromite-recovery-potential-broadened-by-glencore-sibanye-deal-2025-02-19,https://engineeringnews.co.za/article/south-africas-chromite-recovery-potential-broadened-by-glencore-sibanye-deal-2025-02-19,2025,exclude_outside_period
Engineering News,https://www.engineeringnews.co.za/article/southern-palladium-sibanye-stillwater-hillside-aluminium-make-headlines-2025-10-24,https://engineeringnews.co.za/article/southern-palladium-sibanye-stillwater-hillside-aluminium-make-headlines-2025-10-24,2025,exclude_outside_period
Engineering News,https://www.engineeringnews.co.za/article/sp-revises-outlook-to-positive-for-sibanye-stillwater-2021-05-31,https://engineeringnews.co.za/article/sp-revises-outlook-to-positive-for-sibanye-stillwater-2021-05-31,2021,secondary_keyword_only_review
Engineering News,https://www.engineeringnews.co.za/article/sp-revises-sibanyes-outlook-to-negative-owing-to-liquidity-concerns-2019-06-14,https://engineeringnews.co.za/article/sp-revises-sibanyes-outlook-to-negative-owing-to-liquidity-concerns-2019-06-14,2019,secondary_keyword_only_review
Engineering News,https://www.engineeringnews.co.za/article/springbok-solar-pv-project-reaches-commercial-operation-sibanye-stillwater-2025-10-07,https://engineeringnews.co.za/article/springbok-solar-pv-project-reaches-commercial-operation-sibanye-stillwater-2025-10-07,2025,exclude_outside_period
Engineering News,https://www.engineeringnews.co.za/article/stewart-to-succeed-sibanye-stillwaters-froneman-when-he-retires-in-september-2025-02-13,https://engineeringnews.co.za/article/stewart-to-succeed-sibanye-stillwaters-froneman-when-he-retires-in-september-2025-02-13,2025,exclude_outside_period
Engineering News,https://www.engineeringnews.co.za/article/stillwater-deal-advances-as-sibanye-grasps-26bn-bridge-finance-nettle-2017-02-13,https://engineeringnews.co.za/article/stillwater-deal-advances-as-sibanye-grasps-26bn-bridge-finance-nettle-2017-02-13,2017,secondary_keyword_only_review
Engineering News,https://www.engineeringnews.co.za/article/streaming-to-lower-debt-lonmin-on-a-knife-edge-zambian-mining-cries-out-2015-11-13,https://engineeringnews.co.za/article/streaming-to-lower-debt-lonmin-on-a-knife-edge-zambian-mining-cries-out-2015-11-13,2015,lonmin_only_title_review
Engineering News,https://www.engineeringnews.co.za/article/strike-hit-but-upbeat-sibanye-confident-of-value-uplift-as-precious-metals-shine-2019-02-21,https://engineeringnews.co.za/article/strike-hit-but-upbeat-sibanye-confident-of-value-uplift-as-precious-metals-shine-2019-02-21,2019,secondary_keyword_only_review
Engineering News,https://www.engineeringnews.co.za/article/strike-hit-mothers-have-no-food-to-put-on-the-table-lonmin-2014-04-03,https://engineeringnews.co.za/article/strike-hit-mothers-have-no-food-to-put-on-the-table-lonmin-2014-04-03,2014,lonmin_only_title_review
Engineering News,https://www.engineeringnews.co.za/article/strike-hit-mothers-have-no-food-to-put-on-the-table-lonmin-2014-04-11,https://engineeringnews.co.za/article/strike-hit-mothers-have-no-food-to-put-on-the-table-lonmin-2014-04-11,2014,lonmin_only_title_review
Engineering News,https://www.engineeringnews.co.za/article/striking-workers-losing-2-years-of-increase-value-as-strike-intensifies-says-sibanye-2022-04-13,https://engineeringnews.co.za/article/striking-workers-losing-2-years-of-increase-value-as-strike-intensifies-says-sibanye-2022-04-13,2022,secondary_keyword_only_review
Engineering News,https://www.engineeringnews.co.za/article/strong-platinum-leadership-needed-sibanye-2016-05-13,https://engineeringnews.co.za/article/strong-platinum-leadership-needed-sibanye-2016-05-13,2016,secondary_keyword_only_review
Engineering News,https://www.engineeringnews.co.za/article/struggle-continues-amcu-2014-03-18,https://engineeringnews.co.za/article/struggle-continues-amcu-2014-03-18,2014,secondary_keyword_only_review
Engineering News,https://www.engineeringnews.co.za/article/substituting-rhodium-with-palladium-next-says-sibanye-stillwater-2021-03-25,https://engineeringnews.co.za/article/substituting-rhodium-with-palladium-next-says-sibanye-stillwater-2021-03-25,2021,secondary_keyword_only_review
Engineering News,https://www.engineeringnews.co.za/article/successful-sibanye-refinancing-demonstrates-local-and-global-finance-partnership-opportunities-2014-05-26,https://engineeringnews.co.za/article/successful-sibanye-refinancing-demonstrates-local-and-global-finance-partnership-opportunities-2014-05-26,2014,secondary_keyword_only_review
Engineering News,https://www.engineeringnews.co.za/article/surviving-on-3oz-has-lonmin-in-race-against-time-2017-11-09,https://engineeringnews.co.za/article/surviving-on-3oz-has-lonmin-in-race-against-time-2017-11-09,2017,lonmin_only_title_review
Engineering News,https://www.engineeringnews.co.za/article/sustainability-remains-integral-sibanye-stillwater-strategy-long-term-value-creator-2026-04-28,https://engineeringnews.co.za/article/sustainability-remains-integral-sibanye-stillwater-strategy-long-term-value-creator-2026-04-28,2026,exclude_outside_period
Engineering News,https://www.engineeringnews.co.za/article/talbot-and-sibanye-stillwaters-kloof-mine-another-step-closer-to-water-independence-2023-08-17,https://engineeringnews.co.za/article/talbot-and-sibanye-stillwaters-kloof-mine-another-step-closer-to-water-independence-2023-08-17,2023,secondary_keyword_only_review
Engineering News,https://www.engineeringnews.co.za/article/ten-more-projects-fast-tracked-in-us-critical-minerals-push-including-glencore-teck-and-sibanye-mines-2025-05-05,https://engineeringnews.co.za/article/ten-more-projects-fast-tracked-in-us-critical-minerals-push-including-glencore-teck-and-sibanye-mines-2025-05-05,2025,exclude_outside_period
Engineering News,https://www.engineeringnews.co.za/article/tenova-awarded-sibanye-tailings-retreatment-dfs-contract-2014-07-15,https://engineeringnews.co.za/article/tenova-awarded-sibanye-tailings-retreatment-dfs-contract-2014-07-15,2014,secondary_keyword_only_review
Engineering News,https://www.engineeringnews.co.za/article/tenova-awarded-sibanye-tailings-retreatment-dfs-contract-2014-07-25,https://engineeringnews.co.za/article/tenova-awarded-sibanye-tailings-retreatment-dfs-contract-2014-07-25,2014,secondary_keyword_only_review
Engineering News,https://www.engineeringnews.co.za/article/thakadu-to-build-14m-nickel-beneficiation-plant-at-lonmin-refinery-2016-11-16,https://engineeringnews.co.za/article/thakadu-to-build-14m-nickel-beneficiation-plant-at-lonmin-refinery-2016-11-16,2016,lonmin_only_title_review
Engineering News,https://www.engineeringnews.co.za/article/thakadu-to-build-14m-nickel-beneficiation-plant-at-lonmin-refinery-2016-11-25,https://engineeringnews.co.za/article/thakadu-to-build-14m-nickel-beneficiation-plant-at-lonmin-refinery-2016-11-25,2016,lonmin_only_title_review
Engineering News,https://www.engineeringnews.co.za/article/tharisa-amcu-agree-to-two-year-wage-deal-2018-11-27,https://engineeringnews.co.za/article/tharisa-amcu-agree-to-two-year-wage-deal-2018-11-27,2018,secondary_keyword_only_review
Engineering News,https://www.engineeringnews.co.za/article/tharisa-lonmin-in-pgm-rich-metal-alloys-accord-2017-08-31,https://engineeringnews.co.za/article/tharisa-lonmin-in-pgm-rich-metal-alloys-accord-2017-08-31,2017,lonmin_only_title_review
Engineering News,https://www.engineeringnews.co.za/article/third-amcu-strike-will-lift-number-of-striking-workers-to-80-000-union-2014-01-20,https://engineeringnews.co.za/article/third-amcu-strike-will-lift-number-of-striking-workers-to-80-000-union-2014-01-20,2014,secondary_keyword_only_review
Engineering News,https://www.engineeringnews.co.za/article/third-quarter-sibanye-stillwater-operating-profit-up-41-2017-10-26,https://engineeringnews.co.za/article/third-quarter-sibanye-stillwater-operating-profit-up-41-2017-10-26,2017,secondary_keyword_only_review
Engineering News,https://www.engineeringnews.co.za/article/third-quarter-sibanye-stillwater-operating-profit-up-41-2017-11-03,https://engineeringnews.co.za/article/third-quarter-sibanye-stillwater-operating-profit-up-41-2017-11-03,2017,secondary_keyword_only_review
Engineering News,https://www.engineeringnews.co.za/article/this-cannot-continue-says-amcu-after-another-fatality-at-sibanye-stillwater-2019-10-14,https://engineeringnews.co.za/article/this-cannot-continue-says-amcu-after-another-fatality-at-sibanye-stillwater-2019-10-14,2019,secondary_keyword_only_review
Engineering News,https://www.engineeringnews.co.za/article/threat-of-deregistration-motivated-by-state-captured-by-white-monopoly-capital-says-amcu-2019-04-26,https://engineeringnews.co.za/article/threat-of-deregistration-motivated-by-state-captured-by-white-monopoly-capital-says-amcu-2019-04-26,2019,secondary_keyword_only_review
Engineering News,https://www.engineeringnews.co.za/article/three-miners-killed-in-accident-at-sibanye-gold-mine-2018-06-11,https://engineeringnews.co.za/article/three-miners-killed-in-accident-at-sibanye-gold-mine-2018-06-11,2018,secondary_keyword_only_review
Engineering News,https://www.engineeringnews.co.za/article/top-sibanye-holders-are-said-to-show-support-for-lonmin-deal-2018-09-03,https://engineeringnews.co.za/article/top-sibanye-holders-are-said-to-show-support-for-lonmin-deal-2018-09-03,2018,lonmin_only_title_review
Engineering News,https://www.engineeringnews.co.za/article/transport-smme-from-marikana-launches-road-safety-campaign-2023-07-12,https://engineeringnews.co.za/article/transport-smme-from-marikana-launches-road-safety-campaign-2023-07-12,2023,explicit_case_title_review
Engineering News,https://www.engineeringnews.co.za/article/trapped-miner-rescued-at-sibanyes-cooke-1-shaft-2016-02-03,https://engineeringnews.co.za/article/trapped-miner-rescued-at-sibanyes-cooke-1-shaft-2016-02-03,2016,secondary_keyword_only_review
Engineering News,https://www.engineeringnews.co.za/article/trapped-miners-at-south-africas-sibanye-stillwater-gold-mine-brought-to-surface-2018-02-02,https://engineeringnews.co.za/article/trapped-miners-at-south-africas-sibanye-stillwater-gold-mine-brought-to-surface-2018-02-02,2018,secondary_keyword_only_review
Engineering News,https://www.engineeringnews.co.za/article/tremendous-prospects-for-pgms-thanks-to-green-tech-lonmin-ceo-2016-02-24,https://engineeringnews.co.za/article/tremendous-prospects-for-pgms-thanks-to-green-tech-lonmin-ceo-2016-02-24,2016,lonmin_only_title_review
Engineering News,https://www.engineeringnews.co.za/article/tribunal-approves-consolidation-of-glencore-sibanye-stillwaters-chrome-operations-2025-10-07,https://engineeringnews.co.za/article/tribunal-approves-consolidation-of-glencore-sibanye-stillwaters-chrome-operations-2025-10-07,2025,exclude_outside_period
Engineering News,https://www.engineeringnews.co.za/article/tribunal-approves-sibanye-lonmin-merger-imposes-6-month-moratorium-on-retrenchments-2018-11-21,https://engineeringnews.co.za/article/tribunal-approves-sibanye-lonmin-merger-imposes-6-month-moratorium-on-retrenchments-2018-11-21,2018,lonmin_only_title_review
Engineering News,https://www.engineeringnews.co.za/article/tribunal-approves-sibanye-lonmin-merger-imposes-6-month-moratorium-on-retrenchments-2018-11-30,https://engineeringnews.co.za/article/tribunal-approves-sibanye-lonmin-merger-imposes-6-month-moratorium-on-retrenchments-2018-11-30,2018,lonmin_only_title_review
Engineering News,https://www.engineeringnews.co.za/article/tribunal-to-consider-sibanye-lonmin-merger-at-oct-18-hearing-2018-10-09,https://engineeringnews.co.za/article/tribunal-to-consider-sibanye-lonmin-merger-at-oct-18-hearing-2018-10-09,2018,lonmin_only_title_review
Engineering News,https://www.engineeringnews.co.za/article/tribunal-to-hold-sibanye-lonmin-merger-hearing-next-week-2018-11-09,https://engineeringnews.co.za/article/tribunal-to-hold-sibanye-lonmin-merger-hearing-next-week-2018-11-09,2018,lonmin_only_title_review
Engineering News,https://www.engineeringnews.co.za/article/two-miners-die-in-incident-at-sibanye-stillwaters-kloof-8-shaft-2026-05-04,https://engineeringnews.co.za/article/two-miners-die-in-incident-at-sibanye-stillwaters-kloof-8-shaft-2026-05-04,2026,exclude_outside_period
Engineering News,https://www.engineeringnews.co.za/article/ug2-outperfoms-as-sibanye-stillwater-positions-for-new-world--2019-02-21,https://engineeringnews.co.za/article/ug2-outperfoms-as-sibanye-stillwater-positions-for-new-world--2019-02-21,2019,secondary_keyword_only_review
Engineering News,https://www.engineeringnews.co.za/article/ug2-outperforms-as-sibanye-positions-for-new-world--2019-03-01,https://engineeringnews.co.za/article/ug2-outperforms-as-sibanye-positions-for-new-world--2019-03-01,2019,secondary_keyword_only_review
Engineering News,https://www.engineeringnews.co.za/article/uk-regulatory-body-approves-sibanyes-acquisition-of-lonmin-2018-06-28,https://engineeringnews.co.za/article/uk-regulatory-body-approves-sibanyes-acquisition-of-lonmin-2018-06-28,2018,lonmin_only_title_review
Engineering News,https://www.engineeringnews.co.za/article/union-membership-verification-at-sibanyes-gold-operations-suspended-2019-01-16,https://engineeringnews.co.za/article/union-membership-verification-at-sibanyes-gold-operations-suspended-2019-01-16,2019,secondary_keyword_only_review
Engineering News,https://www.engineeringnews.co.za/article/union-membership-verification-at-sibanyes-gold-operations-suspended-2019-01-16-1,https://engineeringnews.co.za/article/union-membership-verification-at-sibanyes-gold-operations-suspended-2019-01-16-1,2019,secondary_keyword_only_review
Engineering News,https://www.engineeringnews.co.za/article/union-puts-chamber-on-spot-over-alleged-lonmin-breach-2013-08-26,https://engineeringnews.co.za/article/union-puts-chamber-on-spot-over-alleged-lonmin-breach-2013-08-26,2013,lonmin_only_title_review
Engineering News,https://www.engineeringnews.co.za/article/union-puts-chamber-on-spot-over-alleged-lonmin-breach-2013-09-06,https://engineeringnews.co.za/article/union-puts-chamber-on-spot-over-alleged-lonmin-breach-2013-09-06,2013,already_screened
Engineering News,https://www.engineeringnews.co.za/article/union-reports-fatalities-at-sibanyes-beatrix-mine-2020-10-02,https://engineeringnews.co.za/article/union-reports-fatalities-at-sibanyes-beatrix-mine-2020-10-02,2020,secondary_keyword_only_review
Engineering News,https://www.engineeringnews.co.za/article/unions-disappointed-with-concessions-made-by-sibanye-2016-04-08,https://engineeringnews.co.za/article/unions-disappointed-with-concessions-made-by-sibanye-2016-04-08,2016,secondary_keyword_only_review
Engineering News,https://www.engineeringnews.co.za/article/unions-sasol-mining-ink-wage-deal-amcu-members-go-on-strike-2016-11-10,https://engineeringnews.co.za/article/unions-sasol-mining-ink-wage-deal-amcu-members-go-on-strike-2016-11-10,2016,secondary_keyword_only_review
Engineering News,https://www.engineeringnews.co.za/article/unions-slate-amplats-state-for-legal-attacks-on-amcu-2014-02-19,https://engineeringnews.co.za/article/unions-slate-amplats-state-for-legal-attacks-on-amcu-2014-02-19,2014,secondary_keyword_only_review
Engineering News,https://www.engineeringnews.co.za/article/unions-team-up-in-wage-increase-dispute-with-sibanye-in-the-gold-sector-2021-10-01,https://engineeringnews.co.za/article/unions-team-up-in-wage-increase-dispute-with-sibanye-in-the-gold-sector-2021-10-01,2021,secondary_keyword_only_review
Engineering News,https://www.engineeringnews.co.za/article/unions-to-hold-mass-meeting-to-update-workers-on-sibanye-wage-negotiations-2022-02-11,https://engineeringnews.co.za/article/unions-to-hold-mass-meeting-to-update-workers-on-sibanye-wage-negotiations-2022-02-11,2022,secondary_keyword_only_review
Engineering News,https://www.engineeringnews.co.za/article/unnurtured-mining-industry-will-disappear-sibanye-stillwater-2017-08-30,https://engineeringnews.co.za/article/unnurtured-mining-industry-will-disappear-sibanye-stillwater-2017-08-30,2017,secondary_keyword_only_review
Engineering News,https://www.engineeringnews.co.za/article/unnurtured-mining-industry-will-disappear-sibanye-stillwater-2017-08-30-1,https://engineeringnews.co.za/article/unnurtured-mining-industry-will-disappear-sibanye-stillwater-2017-08-30-1,2017,secondary_keyword_only_review
Engineering News,https://www.engineeringnews.co.za/article/unprecedented-flooding-erodes-road-to-sibanyes-stillwater-mine-2022-06-14,https://engineeringnews.co.za/article/unprecedented-flooding-erodes-road-to-sibanyes-stillwater-mine-2022-06-14,2022,secondary_keyword_only_review
Engineering News,https://www.engineeringnews.co.za/article/uphold-overwhelming-wish-of-workers-to-return-pleads-lonmin-2014-05-12,https://engineeringnews.co.za/article/uphold-overwhelming-wish-of-workers-to-return-pleads-lonmin-2014-05-12,2014,lonmin_only_title_review
Engineering News,https://www.engineeringnews.co.za/article/us-advances-plan-to-protect-flower-near-lithium-project-sibanye-invested-in-2021-10-03,https://engineeringnews.co.za/article/us-advances-plan-to-protect-flower-near-lithium-project-sibanye-invested-in-2021-10-03,2021,secondary_keyword_only_review
Engineering News,https://www.engineeringnews.co.za/article/us-body-extends-review-of-stillwater-acquisition-sibanye-provides-update-on-reserves-2017-03-03,https://engineeringnews.co.za/article/us-body-extends-review-of-stillwater-acquisition-sibanye-provides-update-on-reserves-2017-03-03,2017,secondary_keyword_only_review
Engineering News,https://www.engineeringnews.co.za/article/us-regulation-revision-likely-to-benefit-sibanye-stillwaters-pgm-operations-in-montana-2024-10-25,https://engineeringnews.co.za/article/us-regulation-revision-likely-to-benefit-sibanye-stillwaters-pgm-operations-in-montana-2024-10-25,2024,exclude_outside_period
Engineering News,https://www.engineeringnews.co.za/article/vast-majority-of-platinum-strikers-wanted-to-work-kweyama-2014-08-22,https://engineeringnews.co.za/article/vast-majority-of-platinum-strikers-wanted-to-work-kweyama-2014-08-22,2014,secondary_keyword_only_review
Engineering News,https://www.engineeringnews.co.za/article/very-proudly-south-african-sibanye-stillwater-set-to-take-on-world-froneman-2020-02-19,https://engineeringnews.co.za/article/very-proudly-south-african-sibanye-stillwater-set-to-take-on-world-froneman-2020-02-19,2020,secondary_keyword_only_review
Engineering News,https://www.engineeringnews.co.za/article/violence-erupts-as-sibanye-workers-strike-at-cooke-2017-06-09,https://engineeringnews.co.za/article/violence-erupts-as-sibanye-workers-strike-at-cooke-2017-06-09,2017,secondary_keyword_only_review
Engineering News,https://www.engineeringnews.co.za/article/violent-protestors-demand-1-500-new-jobs-from-struggling-lonmin-2017-05-11,https://engineeringnews.co.za/article/violent-protestors-demand-1-500-new-jobs-from-struggling-lonmin-2017-05-11,2017,lonmin_only_title_review
Engineering News,https://www.engineeringnews.co.za/article/vw-debacle-unlikely-to-hit-platinum-demand-hard-sibanye-2015-10-07,https://engineeringnews.co.za/article/vw-debacle-unlikely-to-hit-platinum-demand-hard-sibanye-2015-10-07,2015,secondary_keyword_only_review
Engineering News,https://www.engineeringnews.co.za/article/vw-debacle-unlikely-to-hit-platinum-hard-sibanye-2015-10-16,https://engineeringnews.co.za/article/vw-debacle-unlikely-to-hit-platinum-hard-sibanye-2015-10-16,2015,secondary_keyword_only_review
Engineering News,https://www.engineeringnews.co.za/article/wait-and-see-approach-only-way-to-determine-amcus-future-2014-07-18,https://engineeringnews.co.za/article/wait-and-see-approach-only-way-to-determine-amcus-future-2014-07-18,2014,secondary_keyword_only_review
Engineering News,https://www.engineeringnews.co.za/article/walkabout-buys-lonmins-northern-ireland-exploration-portfolio-2017-11-15,https://engineeringnews.co.za/article/walkabout-buys-lonmins-northern-ireland-exploration-portfolio-2017-11-15,2017,lonmin_only_title_review
Engineering News,https://www.engineeringnews.co.za/article/wallbridge-to-operate-sibanyes-loncan-operations-in-canada-2019-10-30,https://engineeringnews.co.za/article/wallbridge-to-operate-sibanyes-loncan-operations-in-canada-2019-10-30,2019,secondary_keyword_only_review
Engineering News,https://www.engineeringnews.co.za/article/we-made-significant-progress-in-marikana-says-lonmin-2018-08-15,https://engineeringnews.co.za/article/we-made-significant-progress-in-marikana-says-lonmin-2018-08-15,2018,explicit_case_title_review
Engineering News,https://www.engineeringnews.co.za/article/weba-chutes-systems-secures-contract-to-supply-chutes-to-sibanye-stillwaters-marikana-operation-2023-05-31,https://engineeringnews.co.za/article/weba-chutes-systems-secures-contract-to-supply-chutes-to-sibanye-stillwaters-marikana-operation-2023-05-31,2023,explicit_case_title_review
Engineering News,https://www.engineeringnews.co.za/article/wesizwe-has-not-ruled-out-purchase-of-amplats-lonmin-implants-mines-2014-05-30,https://engineeringnews.co.za/article/wesizwe-has-not-ruled-out-purchase-of-amplats-lonmin-implants-mines-2014-05-30,2014,lonmin_only_title_review
Engineering News,https://www.engineeringnews.co.za/article/west-wits-pours-first-qala-shallows-gold-at-sibanye-stillwaters-ezulwini-plant-2026-03-17,https://engineeringnews.co.za/article/west-wits-pours-first-qala-shallows-gold-at-sibanye-stillwaters-ezulwini-plant-2026-03-17,2026,exclude_outside_period
Engineering News,https://www.engineeringnews.co.za/article/west-wits-pours-first-qala-shallows-gold-at-sibanye-stillwaters-ezulwini-plant-2026-04-03,https://engineeringnews.co.za/article/west-wits-pours-first-qala-shallows-gold-at-sibanye-stillwaters-ezulwini-plant-2026-04-03,2026,exclude_outside_period
Engineering News,https://www.engineeringnews.co.za/article/why-have-the-police-learned-nothing-from-marikana-2013-08-16,https://engineeringnews.co.za/article/why-have-the-police-learned-nothing-from-marikana-2013-08-16,2013,explicit_case_title_review
Engineering News,https://www.engineeringnews.co.za/article/wits-gold-secures-future-for-projects-with-sibanye-transaction-2013-12-11,https://engineeringnews.co.za/article/wits-gold-secures-future-for-projects-with-sibanye-transaction-2013-12-11,2013,secondary_keyword_only_review
Engineering News,https://www.engineeringnews.co.za/article/wmi-sibanye-stress-importance-of-innovation-in-a-changing-mining-industry-2022-09-27,https://engineeringnews.co.za/article/wmi-sibanye-stress-importance-of-innovation-in-a-changing-mining-industry-2022-09-27,2022,secondary_keyword_only_review
Engineering News,https://www.engineeringnews.co.za/article/workers-at-lonmin-operations-on-wildcat-strike-2013-05-14,https://engineeringnews.co.za/article/workers-at-lonmin-operations-on-wildcat-strike-2013-05-14,2013,lonmin_only_title_review
Engineering News,https://www.engineeringnews.co.za/article/zambia-state-firm-says-zijin-sibanye-interested-in-copper-mine-2023-06-26,https://engineeringnews.co.za/article/zambia-state-firm-says-zijin-sibanye-interested-in-copper-mine-2023-06-26,2023,secondary_keyword_only_review
Engineering News,https://www.engineeringnews.co.za/article/zuma-calls-for-end-to-platinum-strike-2014-05-02,https://engineeringnews.co.za/article/zuma-calls-for-end-to-platinum-strike-2014-05-02,2014,secondary_keyword_only_review
Engineering News,https://www.engineeringnews.co.za/article/zuma-fast-tracks-compensation-for-marikana-families-2015-09-30,https://engineeringnews.co.za/article/zuma-fast-tracks-compensation-for-marikana-families-2015-09-30,2015,explicit_case_title_review
Engineering News,https://www.engineeringnews.co.za/article/zuma-promises-to-release-marikana-report-2015-05-26,https://engineeringnews.co.za/article/zuma-promises-to-release-marikana-report-2015-05-26,2015,explicit_case_title_review
Engineering News,https://www.engineeringnews.co.za/article/zuma-set-to-release-marikana-report-on-thursday-2015-06-25,https://engineeringnews.co.za/article/zuma-set-to-release-marikana-report-on-thursday-2015-06-25,2015,explicit_case_title_review
