record_id,label,final_stakeholder_group,final_stakeholder_status,status,method,words,text_sha256,error
CORP-001,0,investor,resolved,retrieved_extracted,pymupdf,97635,69d7e0cfc85171f0ab5d28bdb78d1133d1d8238a7011ed9386679f55068f27c5,
CORP-002,0,investor,resolved,retrieved_extracted,pypdf,122802,d269633bc639acc87ed20b214d18d802f458ad69ce47042b983dbf9d91b33adf,
CORP-003,0,investor,resolved,retrieved_extracted,pymupdf,114947,8fe1b018c47e5e4987ebb90fe91a004a7892eaf0bc0fc287139ff73cdb67e48a,
CORP-004,0,investor,resolved,retrieved_extracted,pypdf,147501,65958f0fc322584867c0ac28484a9ca56280141635b86a8a009aa99a6e4a9c1f,
CORP-006,0,investor,resolved,retrieved_extracted,pypdf,41631,a69476d8e2ff830470035247b05aa0b7e041efda4a15ac6ca506fba7032cb8bd,
CORP-008,1,investor,resolved,retrieved_extracted,trafilatura,325,df977e9ab7ce473effc2d861b9e81ea46de34dbf6301a97233e976c1aff0e251,
CORP-009,1,investor,resolved,retrieved_extracted,trafilatura,2730,fac8bb110d5ede5abbd11bd0c773542c38250a1f1b3be863ec5cea218f4d6a47,
CORP-NEWS-001,0,investor,resolved,retrieved_extracted,pypdf,1438,cf1889aa2800aa0c8dd4a0fab7fbe5a38fc2742dc1854146c6514b488e478a42,
CORP-NEWS-003,1,investor,resolved,retrieved_extracted,pypdf,915,307fbad8eaa5dacb0714a59449e6e66ff139470c3c5252d6c6cfa5d9cf611886,
CORP-NEWS-005,0,investor,resolved,retrieved_extracted,pypdf,821,e78ae612e5d3dad931eb34174ad4c7d0c97481c3bab1ea8bd191b171c1ec651e,
CORP-SAT-001,1,investor,resolved,retrieved_extracted,trafilatura,120,281130ac753f39cf2e916790599e23ddc1bcbb57378b4383633223a9b8fc24bf,
CORP-SAT-002,1,investor,resolved,retrieved_extracted,trafilatura,1292,49e24cb29abbbd788baad726209355a1ff09d26df81ae312bb98c2dd0d2f6676,
CORP-SAT-003,1,investor,resolved,retrieved_extracted,trafilatura,478,2969298d169c91ef5b6f10c857ea1710ee696e94e6a00146ba3e3bb95fa34bd9,
CORP-SAT-004,1,investor,resolved,retrieved_extracted,trafilatura,1688,4fa6b310739a398a1307ac090b20c2a7c9df369c59c3da4d6d59f857771d405e,
DISC-MEDIA-0001,0,labour,resolved,retrieved_extracted,trafilatura,1239,8c12568b097eaf5088b2bc69f8d7cf039ee44c36ea62092bf6bb79c1e7e81aa1,
DISC-MEDIA-0002,0,investor,resolved,retrieved_extracted,trafilatura,960,0425b9e0b5d6443bd4c9e248039a4b07f54bb2ae7da492022ca8d8da72a847e5,
DISC-MEDIA-0003,0,labour,resolved,retrieved_extracted,trafilatura,1623,edf1c6138605d38cb5b8f7f6bafb52876b9ac59ab03d210eea107a991ea51097,
DISC-MEDIA-0004,0,labour,resolved,retrieved_extracted,trafilatura,914,2c199347114f21fa766065f1c27d1ec0ab0858e02053c20882d985ba538ca0da,
DISC-MEDIA-0005,0,investor,resolved,retrieved_extracted,trafilatura,1180,44613bb417302c3cdd7abfcd2443e36fc3affa1608bb802085ddb5eb244d49c4,
DISC-MEDIA-0006,0,labour,resolved,retrieved_extracted,trafilatura,974,04d4a1f3e25ca3fc487e3bba51f25d35e7e812ba730a61db82919b1e809ee4e6,
DISC-MEDIA-0007,0,government,resolved,retrieved_extracted,trafilatura,971,addfb55131394259868ffc43df8e89157c64d21600680cbf9b9176b3dcd814e0,
DISC-MEDIA-0008,0,investor,resolved,retrieved_extracted,trafilatura,1604,a1ae55b05ba3b6a299305c457b050295e2602fd0427a1981bf28864afda21753,
DISC-MEDIA-0009,0,labour,resolved,retrieved_extracted,trafilatura,1424,90b69f96113f4f62a4f3a7d12e0ae741315bb81f4658a0a5d6ee2fee0241e06f,
DISC-MEDIA-0010,0,government,resolved,retrieved_extracted,trafilatura,1515,169f055a613370904455abf7189c5a2b18d6e7236b47fe24b5af220dceb19df0,
DISC-MEDIA-0011,0,government,resolved,retrieved_extracted,trafilatura,1344,4e7ca8bf8233572e9e323ea0de77d1d1bf8ff82359cdc34517adb97f9c127ca4,
DISC-MEDIA-0012,0,government,resolved,retrieved_extracted,trafilatura,2523,76ef61d43f5f4806e4d550d7b7d4e0a3e1b1324ec16e7a6b8395c7090c6ecebe,
DISC-MEDIA-0013,0,,unresolved,retrieved_extracted,trafilatura,1510,3d30e5f1d0d1beeb02afeca1248edff40a1642ce33b8db5ef09222b98a47af1b,
DISC-MEDIA-0014,0,government,resolved,retrieved_extracted,trafilatura,1706,d7cdaf78fef76a143a8a96f60a6fa19b682fb9bfcdaa3bf319d7c13e67886820,
DISC-MEDIA-0015,0,labour,resolved,retrieved_extracted,trafilatura,1007,241c41cbfd6fed26622503cee52b257c487b04dc1ef7c70b42fcd894ee364492,
DISC-MEDIA-0016,0,labour,resolved,retrieved_extracted,trafilatura,1155,e73fbbb2e9ecd42e0a5caf5fb2218a3583dcc635e13b7a9a30c938cfdf3caf7a,
DISC-MEDIA-0017,0,labour,resolved,retrieved_extracted,trafilatura,1607,6ad8c53b2a4f77fd90ec63c73e454671d5e7734b9089f60953035a174a4b8ad9,
DISC-MEDIA-0018,0,government,resolved,retrieved_extracted,trafilatura,1702,320feee87bb29e4b5cc8e4e7e5094a7b11564329cce97c9aeb32aa2c34576909,
DISC-MEDIA-0019,0,labour,resolved,retrieved_extracted,trafilatura,920,9f5d0bcfe8c2a9fea1676785280ce8199037d8bd90694aaac73a751bec33246c,
DISC-MEDIA-0020,0,government,resolved,retrieved_extracted,trafilatura,1731,f886351e30fef0fcd66cef1cce5cad58e214b76fcc3b887ff0af79c015d61fd0,
DISC-MEDIA-0021,0,government,resolved,retrieved_extracted,trafilatura,1436,ab7cbaef26d0912bf3e51a0c2181f20f21bab59d35f84c040c8349908c757c96,
DISC-MEDIA-0022,0,government,resolved,retrieved_extracted,trafilatura,901,d52209e2f6d8797776edd8b15807f2cddb7d9afe1b4418448195befed274cf96,
DISC-MEDIA-0023,0,government,resolved,retrieved_extracted,trafilatura,978,8d53f6610b4451bb814a89c5c84aa7a2d3426ea6ee0863014037b82aa30a18f5,
DISC-MEDIA-0024,0,government,resolved,retrieved_extracted,trafilatura,1658,102da609e128447d2b6596f825c17b3ed33fbe3d472a037226fdcfd30f6dda08,
DISC-MEDIA-0025,0,government,resolved,retrieved_extracted,trafilatura,941,52c094fcb9ee08e42fb6e84db2a2ed098027a7d250b7f166b99d634d7755b6f4,
DISC-MEDIA-0026,0,government,resolved,retrieved_extracted,trafilatura,1219,ebe8f581fa4bfe899dc70e808fcb20a348098397b70ef5b2f759e4719ca12564,
DISC-MEDIA-0027,0,NGO,resolved,retrieved_extracted,trafilatura,1161,5d9372d7a9df0d9c6090245e362d4440ab4e08ba856b4ffa8701ab6279988dc9,
DISC-MEDIA-0028,0,government,resolved,retrieved_extracted,trafilatura,1971,7f532f2c257fd9693784f95d0c4197f9c2a1e70a03042e42137deb82cfa9607e,
DISC-MEDIA-0029,0,government,resolved,retrieved_extracted,trafilatura,1054,efed7c656977c2a85ca1228deabfe7f356af47dc7f053ece66362dda4465c762,
DISC-MEDIA-0030,0,investor,resolved,retrieved_extracted,trafilatura,712,040bd647b6c1d8212ae22fa8c5f1f90d50bb6679a3a00f5e6aefa8691a7630a0,
DISC-MEDIA-0031,0,government,resolved,retrieved_extracted,trafilatura,499,6ffa79b41b41b7fc73bbe4edb062c1bad0efcfbad8d7def6bdb54231e6efd97f,
DISC-MEDIA-0032,0,government,resolved,retrieved_extracted,trafilatura,1362,34acc8bf0c7fafc1cab9919ff3b6fad50a5bc490a3261102c75b80fc5fdc3136,
DISC-MEDIA-0033,0,investor,resolved,retrieved_extracted,trafilatura,1043,678d7879d44ea08de0ced9bf50c6e8d25f1509aac5bbbbbb84bae84082c10390,
DISC-MEDIA-0034,0,labour,resolved,retrieved_extracted,trafilatura,1232,1cfd5e35c17c3a7124ccc24cfb04bf93523a54532be86a0990dfd0a678cae370,
DISC-MEDIA-0035,0,,unresolved,retrieved_extracted,trafilatura,958,bd20bfad814f43e986d18afd132b11c935aa6280ac2d4575ad127c0d44c940b0,
DISC-MEDIA-0036,0,government,resolved,retrieved_extracted,trafilatura,1344,0d11f07605a67c9fccd3262c9a2647d69fce5bfb55704ddbd921575729eb358b,
DISC-MEDIA-0037,0,labour,resolved,retrieved_extracted,trafilatura,1151,7d7c878f0e0b9b8023e7d25958cc59bbb61f3308e2050b9c6a942ef18b55a858,
DISC-MEDIA-0038,0,investor,resolved,retrieved_extracted,trafilatura,1320,7b9d233c7673c27f26ceac18ba5bd3ff1e58a44149df4fd6a6c8b6014af66756,
DISC-MEDIA-0039,0,,unresolved,retrieved_extracted,trafilatura,1284,10929de8ac687823fd75430b036bb09d950a553d27be9d9eccafcab43c5ea417,
DISC-MEDIA-0040,0,labour,resolved,retrieved_extracted,trafilatura,867,8bb66b256056e7af50bad3c9b5648940ce39ffbd8ea8fb49db12291b55a4452c,
DISC-MEDIA-0041,0,investor,resolved,retrieved_extracted,trafilatura,677,57a0f84a57567f93562077c6fb2e2ac22a2ae775730fc2b28ec4b86eb2a93125,
DISC-MEDIA-0042,0,government,resolved,retrieved_extracted,trafilatura,897,9d805dad4767814b134fa35757aa5fcaa5a3dae1eb11a39587060b163eb4bb58,
DISC-MEDIA-0044,0,government,resolved,retrieved_extracted,trafilatura,1208,8925156736b7ab2a7c14469fac8efd2b809b54c41d94ee5be105c235d133b232,
DISC-MEDIA-0045,0,government,resolved,retrieved_extracted,trafilatura,1063,7d13638f3a061fa541a337a4dbf6e1e0fa7fccb1b7263b49c05732b5bdaf18e1,
DISC-MEDIA-0046,0,government,resolved,retrieved_extracted,trafilatura,1408,683b3b5a266e23d2d3cb3496d1f868e60f6c7c3ccf2890940979d4ce6a3a72ac,
DISC-MEDIA-0047,0,labour,resolved,retrieved_extracted,trafilatura,1212,9913248414189220a330b44ccdcc4c303f5d6c0783008274718b4b80bf022eab,
DISC-MEDIA-0048,0,government,resolved,retrieved_extracted,trafilatura,1073,564c7769c0c1a973c764789e6c64843b670f31a9a0cb1449c0b2536d3677c92e,
DISC-MEDIA-0049,0,,unresolved,retrieved_extracted,trafilatura,1049,66484beedf9003e5631e9e7f3528cd7b37d882b7918bb56c5e9b4df79a915725,
DISC-MEDIA-0050,0,labour,resolved,retrieved_extracted,trafilatura,1369,dfe903ada0f49c8f6d41c066e36cc31b0c07917dae47ec53a8712076892b4461,
DISC-MEDIA-0051,0,government,resolved,retrieved_extracted,trafilatura,980,918303edccb0f484e5f12aeed6810ed66aa7db2e2fe741ecdf7a5ef401cf5d5b,
DISC-MEDIA-0052,0,community,resolved,retrieved_extracted,trafilatura,859,2b812335d66773711ef22e56609c7ebbce93f5abc031bce1430681d65627443f,
DISC-MEDIA-0053,0,labour,resolved,retrieved_extracted,trafilatura,1190,15091627e53d5fa2932a93fa275a2952b5c901a4bcb4ab2c78766badbbc44d68,
DISC-MEDIA-0054,0,government,resolved,retrieved_extracted,trafilatura,1095,8e2195c163fe7f83218078f138ff1ace3c0c639a979d26be9c547cf680b8a771,
DISC-MEDIA-0055,0,labour,resolved,retrieved_extracted,trafilatura,1310,7f7b20d169c7ace42faca491a953c45e30de207bae1205c415bb37a743c3460f,
DISC-MEDIA-0056,0,labour,resolved,retrieved_extracted,trafilatura,1071,584e71ada919374b65338d5cad8da03817e0e01e869ba5d94342f03f8b298257,
DISC-MEDIA-0057,0,government,resolved,retrieved_extracted,trafilatura,1474,7a41735f5c463fffb074e3b66c0b67631a04a362ce5dd57d10c2d609ce579d95,
DISC-MEDIA-0058,0,government,resolved,retrieved_extracted,trafilatura,856,8b4311fcc1054305963b213b761073d3d137cbb8c0367264fc1aef8b789cfdf5,
DISC-MEDIA-0059,0,government,resolved,retrieved_extracted,trafilatura,839,2f848d6129dfa83b9e467516aeb027368b54e39388190d7b2889d69589a55167,
DISC-MEDIA-0060,0,government,resolved,retrieved_extracted,trafilatura,2172,de68baaad373baba074816152c8de7ed72c4c1922656ae82469385992b60d7c0,
DISC-MEDIA-0061,0,government,resolved,retrieved_extracted,trafilatura,1070,f024f40ff5ca402bfa313ea7e8250be65c1c4237c514efa406b872cff10263c3,
DISC-MEDIA-0062,0,government,resolved,retrieved_extracted,trafilatura,1043,f37502148f6e32a371963ff847c4556588702774ee885d84d4719c5a72d3aff7,
DISC-MEDIA-0064,0,labour,resolved,retrieved_extracted,trafilatura,1910,5ca31b1beab861ffa0df7df4b64b6570e2e48d7228e859e6c404f784f9ad23dd,
DISC-MEDIA-0065,0,government,resolved,retrieved_extracted,trafilatura,1119,3e492bdb7787406266712b13d4a8c859fb5a9dc93ad97ee21b602de6ecc22852,
DISC-MEDIA-0066,0,government,resolved,retrieved_extracted,trafilatura,726,ac037daedc036c03ecdf09604e6ab79b4e431fee6afb7514ec2b0ca2ca617e74,
DISC-MEDIA-0067,0,government,resolved,retrieved_extracted,trafilatura,850,a3608f03a2fd1f0c5e2ba94b0a2c4e299bac61c4c5f56343d4aba3bdaac81ad2,
DISC-MEDIA-0068,0,government,resolved,retrieved_extracted,trafilatura,1001,ab71ad494d983bec5e9612dab03c6be4f82838309617ba07b2e81d1bcc22e94b,
DISC-MEDIA-0069,0,community,resolved,retrieved_extracted,trafilatura,1054,26ac8136dd4c27b9c303e8809ed406b89f651438eb494f4e764098647cbd25d0,
DISC-MEDIA-0070,0,government,resolved,retrieved_extracted,trafilatura,1118,978b082b4ad92235946303b0ac3dac6193b5583847632356e5399b94d8b722bd,
DISC-MEDIA-0071,0,government,resolved,retrieved_extracted,trafilatura,1073,b7983aef39d6287e64d6bf4192996a76b5baaf51a47ef32872269816d78c4bd5,
DISC-MEDIA-0072,0,government,resolved,retrieved_extracted,trafilatura,528,9b91703d6d9bec0af92435b8f221d9bd671bdea78a9fcf090550de989c487007,
DISC-MEDIA-0073,0,government,resolved,retrieved_extracted,trafilatura,1091,6fbbe6caf13f5f198e1d9213e653147129be248a0809aa136eda847bd932b109,
DISC-MEDIA-0074,0,government,resolved,retrieved_extracted,trafilatura,980,b5b922bd7c232763e0a8e6c43007259ca0b22e54d3221b5c6985f16b0cd6e7c8,
DISC-MEDIA-0075,0,government,resolved,retrieved_extracted,trafilatura,1016,2099e014b9820dc85234390e4e6354a6ceeb086dc807ecc80700b26fb874e6de,
DISC-MEDIA-0076,0,community,resolved,retrieved_extracted,trafilatura,1563,0489746c0b15d4cb5c3d033e77a9ca837b03d3aceedcb80cd24a03a648b15c55,
DISC-MEDIA-0077,0,government,resolved,retrieved_extracted,trafilatura,914,ae6be7be7cd7f00081d4ffe7fec44b3ea1fbad44ac36fbb5aeb161b9c3bfce94,
DISC-MEDIA-0078,0,government,resolved,retrieved_extracted,trafilatura,1032,92c9689e4fb51b9e06cb7f579e8418e31dd91b1a2a6b8f6e2ba63c2db2be7ea8,
DISC-MEDIA-0079,0,government,resolved,retrieved_extracted,trafilatura,876,e285010a2231079f924b71f3c6a49a39f9917f671e3c6429e63e325aeb444016,
DISC-MEDIA-0080,0,government,resolved,retrieved_extracted,trafilatura,528,3d38d2a24a8cad8b7a18e7b04a21c335f225c3ea140b786d9e2c80d9fb55697b,
DISC-MEDIA-0081,0,government,resolved,retrieved_extracted,trafilatura,729,bd45cebb6e42c823a0d131e6fe9e7e141393516d5443039701272638ccd247ea,
DISC-MEDIA-0082,0,government,resolved,retrieved_extracted,trafilatura,1176,bb6e48465018ae9e6ab9f994f96762488f3c5712d23ad19e8a52e199a0304c64,
DISC-MEDIA-0083,0,government,resolved,retrieved_extracted,trafilatura,742,f0d5ed630d1c500c0374a77c753a61c09a5d9749a05cda547e4d992f80059b01,
DISC-MEDIA-0084,0,labour,resolved,retrieved_extracted,trafilatura,847,b7e0806e2333456f712d687675bff41fb3087f338b8958dff69fb7cd00e681af,
DISC-MEDIA-0085,0,,unresolved,retrieved_extracted,trafilatura,679,c94efc20bc1b804c907a0a75b1eee8c9476ce5bba1bfaed743647d62598e9556,
DISC-MEDIA-0086,0,labour,resolved,retrieved_extracted,trafilatura,1038,744622d22b6e724d8b527c423a97e2569c35a7dd01e8f16b8ce12c8a507459d0,
DISC-MEDIA-0087,0,labour,resolved,retrieved_extracted,trafilatura,1327,e670c9be0b8b646a0c8f25185cdb8db0f2327954dbbc03729b9ffea969bc99a7,
DISC-MEDIA-0088,0,labour,resolved,retrieved_extracted,trafilatura,669,8274dd8237f72da1ce8eb556b97eda19ed6bedcc0f2c86b63274c857d2f13d62,
DISC-MEDIA-0089,0,labour,resolved,retrieved_extracted,trafilatura,820,8d6dd1b806ee50166d4c28400942d9f9ff36430dd5ee6a57824fcc0629de061b,
DISC-MEDIA-0090,0,labour,resolved,retrieved_extracted,trafilatura,380,6b99fa84a88c771f8bace0b509dfe82b030a122bd839322b63bf9845dbeb3075,
DISC-MEDIA-0091,0,government,resolved,retrieved_extracted,trafilatura,916,09bdd67e61249b067fd36fcbeadf3e76d7088e941c851129a079f155fe1f636a,
DISC-MEDIA-0092,0,labour,resolved,retrieved_extracted,trafilatura,858,a56524f333fd679f61093ce17b176c91de9b0d3290c7715a6ef989468560da1d,
DISC-MEDIA-0093,0,labour,resolved,retrieved_extracted,trafilatura,1002,bdff10b417d5b67c8581103aa24e4bb25429929fd73b05ebb42bd31d497db2b9,
DISC-MEDIA-0094,0,government,resolved,retrieved_extracted,trafilatura,2016,b0cdd09d9f2d043b4b1e9f094ccda5a87b735d7be40ad180c7f90531c25ef218,
DISC-MEDIA-0095,0,labour,resolved,retrieved_extracted,trafilatura,1015,74715e7fcc5fdfe3d09d1ae1ab10f0c91c0f31effb59356b8c01a15d5dd94e27,
DISC-MEDIA-0096,0,government,resolved,retrieved_extracted,trafilatura,1669,b6d5f46ec33ffc6fe3f01f9658f88528b8b5e65a9d9996890e8c58700fd3e286,
DISC-MEDIA-0097,0,government,resolved,retrieved_extracted,trafilatura,2205,f536bdd0337a60a8a5439c8c81448251540532d618a9a14eb5bbca7a8624dc7e,
DISC-MEDIA-0098,0,government,resolved,retrieved_extracted,trafilatura,922,c90cf246ba23e71e22e5950d224ce3345bf500bae66237673b98d91ac245484c,
DISC-MEDIA-0099,0,government,resolved,retrieved_extracted,trafilatura,1121,1304859e500a77f8493c11533e04ca79208c64f5c70518166ad0fa0fa88da07d,
DISC-MEDIA-0100,0,government,resolved,retrieved_extracted,trafilatura,819,164e2c3c2e680e35b2e3c2363a5bc864ef674ec30aa3ca6020363fce6d886261,
DISC-MEDIA-0101,0,labour,resolved,retrieved_extracted,trafilatura,1080,ebc250ce0809b8a43ba1115edb9bdb556ce37b7f34d3cb395b6dd3618c77dcc8,
DISC-MEDIA-0102,0,government,resolved,retrieved_extracted,trafilatura,1787,f5934397c75be1f848c24f6c1c92ea0feca32228c00173fee45db5a3eeea2067,
DISC-MEDIA-0103,0,government,resolved,retrieved_extracted,trafilatura,841,a8ffca0a7f9e0919cac7b54652c7ab02281e4959d24ba3bd6e06a0d13b4a63a9,
DISC-MEDIA-0104,0,government,resolved,retrieved_extracted,trafilatura,1035,eeff68b61e0e2025546d87e6c768d91401df74fe1d18949d1ab2cbc5c0753927,
DISC-MEDIA-0105,0,government,resolved,retrieved_extracted,trafilatura,984,1635a8c667af9249184a93f41caf13626568e0f1b1ae6b1612a4d616eda60a95,
DISC-MEDIA-0106,0,government,resolved,retrieved_extracted,trafilatura,883,69f277af027400aa4c6807ceeb11db04cf508d97d29febe6969b6b41ca1ac480,
DISC-MEDIA-0107,0,government,resolved,retrieved_extracted,trafilatura,861,bd280d6393b9111b8d9e583c1d72c047d1511127224b3fef1ecdda1249967283,
DISC-MEDIA-0108,0,,unresolved,retrieved_extracted,trafilatura,396,f7eebe870a4f8208864e41cac9645c96ca5bc9c830443a1384c4db2ec0eac836,
DISC-MEDIA-0109,0,government,resolved,retrieved_extracted,trafilatura,831,4551decb6f74db5409555bea973f34f9298f15434f1faeed7629947748d261df,
DISC-MEDIA-0110,0,government,resolved,retrieved_extracted,trafilatura,812,4b68b0c0ed04d54ae18c74a5a9c0d2c3a44e9d8efa4de4741d2040938fed02c0,
DISC-MEDIA-0111,0,government,resolved,retrieved_extracted,trafilatura,937,16599f467e919f402e756b4d4248998cbba0f4fd13e9ac01f816b379ca0e56b8,
DISC-MEDIA-0112,0,government,resolved,retrieved_extracted,trafilatura,1212,e6a888eed6c84cd1a4bec04bc6e10ff210c5221a87c92e5d1439e6eda74b7dd7,
DISC-MEDIA-0113,0,labour,resolved,retrieved_extracted,trafilatura,1696,03f58b96a26fd0dd460f62e5a70b4c559ada04f26336bdbeae7d5d09c113f99e,
DISC-MEDIA-0114,0,government,resolved,retrieved_extracted,trafilatura,745,707ec06f3fddd0b3db9e1fc9c15a70d70adf2f42447a4d962a79d143ea70e3d2,
DISC-MEDIA-0115,0,government,resolved,retrieved_extracted,trafilatura,711,f4dce0bad4409c40d5c1790efd4da6826133b11c7141f90f9d2bd3126feeef3a,
DISC-MEDIA-0116,0,government,resolved,retrieved_extracted,trafilatura,822,4bd0d24a84b5772f35ed1927df4df46ec30959e4727b8338fe071712de91f27a,
DISC-MEDIA-0117,0,labour,resolved,retrieved_extracted,trafilatura,2474,5cd221e31cb86450c173df5089eb7b3f05056cd458a88cdadbc739edeb91e950,
DISC-MEDIA-0119,0,labour,resolved,retrieved_extracted,trafilatura,1785,00172246851c260d8081b8bf7f0161e0f964817696cedb552c384c762ab0d1c2,
DISC-MEDIA-0120,0,labour,resolved,retrieved_extracted,trafilatura,1137,7f4f0859a2a67528b3b4690d62734a7e8d71f1afd0489064de1f5576a871bd10,
DISC-MEDIA-0121,0,community,resolved,retrieved_extracted,trafilatura,769,66e2445fd9b643643a647bf7fba81d59e148933934922c38cb5ac3eae4de1de3,
DISC-MEDIA-0122,0,government,resolved,retrieved_extracted,trafilatura,2169,c8ce23703e564806b6dfaeb743f5fd48cf1a8dffc47143e322b71f9cd7fea38a,
DISC-MEDIA-0123,0,government,resolved,retrieved_extracted,trafilatura,997,3e9e88cd26440ed9328d428dbd8f0ce056ae4dd3a66e4cd57eeff80bb2b882ea,
DISC-MEDIA-0124,0,government,resolved,retrieved_extracted,trafilatura,490,de68053c03be3aedc6fa3602878a16065f322781cb2df2f2b7fd259c838ddaf6,
DISC-MEDIA-0125,0,labour,resolved,retrieved_extracted,trafilatura,512,a0789293b0bf4de6b77f6db96519ec9584ad9e8d8cc5471c036d27075290208d,
DISC-MEDIA-0126,0,labour,resolved,retrieved_extracted,trafilatura,1058,1c47f07e40fceb504da22de711ca1eaa406184f9f25eb8bbbb71554b79fc890d,
DISC-MEDIA-0127,0,labour,resolved,retrieved_extracted,trafilatura,424,2d083b93f1cad979de785a9b8d68ab20eec0069503490df5b87dee361b255bd5,
DISC-MEDIA-0128,0,labour,resolved,retrieved_extracted,trafilatura,1170,49670a937a30f510a956112d90ee944eb3e7e39c4c83c327ae3291af4106b5ff,
DISC-MEDIA-0129,0,labour,resolved,retrieved_extracted,trafilatura,826,e40732cf3d9a4040c7756ab7a85a63e3647038f240631a00e6fc86b730cecacc,
DISC-MEDIA-0130,0,labour,resolved,retrieved_extracted,trafilatura,1073,1491e41c8857d005f22bdcad7251dac19b637e13497cba996b8bb80f0da04b50,
DISC-MEDIA-0131,0,investor,resolved,retrieved_extracted,trafilatura,978,c5c001ff50db2b7fca915f3bf1ae541ef09c785baa05d031e7da02432e317048,
DISC-MEDIA-0132,0,government,resolved,retrieved_extracted,trafilatura,1525,f414fef09bbd47580051da66352b4bd6aacae9e2d961afb7062f89f81420e5f5,
DISC-MEDIA-0133,0,government,resolved,retrieved_extracted,trafilatura,953,2aec945c8b55e03b828669907151d012c19d2ed2e7beaa7210572d4a8527d323,
DISC-MEDIA-0134,0,government,resolved,retrieved_extracted,trafilatura,785,e2ebe4a23e446c2501516ad1303b8f27af48bd7e957b1e006b096e28071daf87,
DISC-MEDIA-0135,0,government,resolved,retrieved_extracted,trafilatura,698,69f696909bf5c7eb81017cf6173715142cc0034b18fc1520a79b9d8243c90833,
DISC-MEDIA-0136,0,government,resolved,retrieved_extracted,trafilatura,822,8104269ffdf05888b8c6f997b756d61997ff2ba2f24bc1f41e1e08d645cd4bf6,
DISC-MEDIA-0137,0,government,resolved,retrieved_extracted,trafilatura,872,1345c64e94df144d8249719ecdb89fd0c656203b4f0c9fa10f1ee8c69d98330f,
DISC-MEDIA-0138,0,government,resolved,retrieved_extracted,trafilatura,1718,adb2c3e6b66adb2a2276dc85d1c89b342c3c302d6c2dc67a9e46666bbe17b68f,
DISC-MEDIA-0139,0,government,resolved,retrieved_extracted,trafilatura,1166,874ba5599d1d174c165a7924058286204fcd476f41e1e250c69ee9c9b385749d,
DISC-MEDIA-0140,0,government,resolved,retrieved_extracted,trafilatura,1387,6753608df4729e3e9251dd39fb7f9109c38b7733a12cad8906a62eb9b587ee51,
DISC-MEDIA-0142,0,labour,resolved,retrieved_extracted,trafilatura,350,d5e831213c2ae1a9974975f89c5c4b94dc84ff3ac82727f4d20b451bbd756dbe,
DISC-MEDIA-0143,0,labour,resolved,retrieved_extracted,trafilatura,633,76c52e9433770fa9ebbbac6a21af7d798500550b959e72717dfb3499a3df09d3,
DISC-MEDIA-0144,0,government,resolved,retrieved_extracted,trafilatura,1480,0524d92badc91d6a2d42100eeee11c3aca62c0f5299702ac2dcc6539b7aaa00c,
DISC-MEDIA-0145,0,government,resolved,retrieved_extracted,trafilatura,1781,fd1bb4606825594ba26531ccb1f1072485c6f5f4cdd5268f46b94ad2f8b6a63d,
DISC-MEDIA-0146,0,labour,resolved,retrieved_extracted,trafilatura,961,233c9357505010d49dccad2e5b5124c3590829f3bbf76f69131a22105bddf890,
DISC-MEDIA-0147,0,labour,resolved,retrieved_extracted,trafilatura,1044,2bf97e01fd4876380fcbbc33567558ded5388425ece34862ce405f3421c12133,
DISC-MEDIA-0148,0,government,resolved,retrieved_extracted,trafilatura,2369,273b0db51341b59e72b0a0a31817b4975ea188d2003a0dea9f0815b43d7b3bf3,
DISC-MEDIA-0149,0,labour,resolved,retrieved_extracted,trafilatura,1017,f3c8fc21d17e981dd5faa7e1c5243faaaaffa12a1a4b82d8d74ea064ebbc9a76,
DISC-MEDIA-0150,0,labour,resolved,retrieved_extracted,trafilatura,1593,6a15e412c441408d89864d92e99df304d1c9107d077bd73631762bff257b5902,
DISC-MEDIA-0151,1,,unresolved,retrieved_extracted,trafilatura,122,4dd581d3b519f48f927b49015654a236978665746115dc65d73cd30e2a876f4c,
DISC-MEDIA-0152,0,government,resolved,retrieved_extracted,trafilatura,3660,f36e386da42755916e6dee502ee45d07f44fc38ab1282241ec70a5f8182997bd,
DISC-MEDIA-0153,0,labour,resolved,retrieved_extracted,trafilatura,1164,e45c7adb4253829849d0308e1dbd34382f3908b1c93f9f53cd4e385857387130,
DISC-MEDIA-0154,0,government,resolved,retrieved_extracted,trafilatura,753,551763d048bff0779b6f459644d413f2b1b03e26a0566b46656663abfdacab42,
DISC-MEDIA-0155,0,labour,resolved,retrieved_extracted,trafilatura,1264,7e698819bb7341e5d2f5ce056ae000350e18900285b0d42c7b6a94c0883408f9,
DISC-MEDIA-0156,0,government,resolved,retrieved_extracted,trafilatura,3081,2554186a0bd9efdd7f155dc99d684c2fd2c9d6670ac1276498afc5d3d0da0370,
DISC-MEDIA-0157,0,government,resolved,retrieved_extracted,trafilatura,1373,1fcda3597d844570d6d8dfa37cff36d459d7dfa839f664907a7d5846a1e2a43d,
DISC-MEDIA-0158,0,government,resolved,retrieved_extracted,trafilatura,1489,a4cb347a12fcde897a8d9fdf6956d8b26ca161cb2473cd97d3c4389c01415e3d,
DISC-MEDIA-0159,0,investor,resolved,retrieved_extracted,trafilatura,542,5392b68dc0672f594bf51e8c61ef3d8c6874ffdb6be77efe9e8bff549903bb07,
DISC-MEDIA-0160,0,government,resolved,retrieved_extracted,trafilatura,1374,06593111a456e3da54806d49c5f61954384a32434c4fffde371fea00c9c43b1d,
DISC-MEDIA-0161,0,government,resolved,retrieved_extracted,trafilatura,1816,38761916c3cde16b80bd97d308b721650f64709a11e941130548356866a074fa,
DISC-MEDIA-0162,0,government,resolved,retrieved_extracted,trafilatura,989,d4de8797dd6d9f731c6c84bdc778c4f0e98bd0c5b2deb9388f152d6181192b8d,
DISC-MEDIA-0163,0,community,resolved,retrieved_extracted,trafilatura,1115,9cf6ddb4f49ba7ae6d67b4cf9b55e404ab5a06b60afb404287a9cd592a15329c,
DISC-MEDIA-0164,0,government,resolved,retrieved_extracted,trafilatura,1642,eec1383316fbc70871cf7ac06461c5ea82b9d75f26c889408e18ebf078800a92,
DISC-MEDIA-0165,0,government,resolved,retrieved_extracted,trafilatura,1148,1de955b30631077165e4c12217f5cee4f164ed6915790ee17b463ae6f55a9a49,
DISC-MEDIA-0166,0,labour,resolved,retrieved_extracted,trafilatura,1195,20cba87c94a33dae70abb76b941ef1f58ee0841a3a31ea880e2c4550c972a000,
DISC-MEDIA-0167,0,government,resolved,retrieved_extracted,trafilatura,2293,191fa5cf1e9e860da1f1bddd31d7c50c3311d729f9cd83a438b958e9735a7766,
DISC-MEDIA-0168,0,investor,resolved,retrieved_extracted,trafilatura,1793,9fb8e05c046785f767f3530defa06a824d71418c411a211831128576201dad58,
DISC-MEDIA-0169,0,government,resolved,retrieved_extracted,trafilatura,1109,14dae258a5d62507637f2e4fa506c170906873fa2d9f5655ae1965d6d0abd1b9,
DISC-MEDIA-0170,0,government,resolved,retrieved_extracted,trafilatura,1022,ad6ee619b3c8c04872ce16891d5b10885fa327a764bd985778f9a0dc5064b834,
DISC-MEDIA-0171,0,government,resolved,retrieved_extracted,trafilatura,805,d83fbd5a8bfe766a7cbb884575501d13234e16c34669627ff95645a0d06c865d,
DISC-MEDIA-0172,0,investor,resolved,retrieved_extracted,trafilatura,1369,a49692b7fb4ee4c2ec694b2ed3e046c7463c736f784a0875f66ce7660926dd6e,
DISC-MEDIA-0173,0,government,resolved,retrieved_extracted,trafilatura,1534,cb2d40e57468919e84b4b4824933a798b4bbaeb938f5ec61c20158b5265671df,
DISC-MEDIA-0174,0,government,resolved,retrieved_extracted,trafilatura,723,9ac96d67a5bf2608769e0c5efad6d229527a309e5f9c461a1663c668ef9b638f,
DISC-MEDIA-0176,0,government,resolved,retrieved_extracted,trafilatura,764,4488f56e50a582254c2f7c3f5f5d2d9d1ca134d7f5536bf0d4212c4f5213df84,
DISC-MEDIA-0177,0,government,resolved,retrieved_extracted,trafilatura,1358,58006e43bfb13dfa804ee849a245a596043bda91ceedf133f8713d4802dd082a,
DISC-MEDIA-0178,0,government,resolved,retrieved_extracted,trafilatura,1324,a040a78f306819f21f3a8f9b0f295d4db22040e7be83a8776c8c3cfef4f60ab5,
DISC-MEDIA-0180,0,government,resolved,retrieved_extracted,trafilatura,1609,fe070568471090676eca82193c76d5b2810fcc6a94b566aa051c7959ca9aa647,
DISC-MEDIA-0181,0,government,resolved,retrieved_extracted,trafilatura,1931,c0c280e95598daa50b34d98909b86a147b9b8d14766b69688677c80a626d9872,
DISC-MEDIA-0182,0,government,resolved,retrieved_extracted,trafilatura,2028,eabcb5bc57083ebd41807fe6264b8a6ba2f34e6858db8b5dd5acc69d83c7e84b,
DISC-MEDIA-0183,0,government,resolved,retrieved_extracted,trafilatura,825,fb9a64bf892266d2e15bb5137b3fea1b7d644dcbf314d83187337ad79861f066,
DISC-MEDIA-0184,0,investor,resolved,retrieved_extracted,trafilatura,1154,60cc434506e622d5e8822c74786ed7efb85e9e2161eec5a136334c876e83c492,
DISC-MEDIA-0185,0,government,resolved,retrieved_extracted,trafilatura,1407,17ccc56d9b71388fc1a7f96405244610534b302569aa19d819f8b93afb57e090,
DISC-MEDIA-0186,0,government,resolved,retrieved_extracted,trafilatura,1175,58df196bfe241a87280aff49655cdc031f0a61f41e3a80ef3e71428a31a00104,
DISC-MEDIA-0187,0,labour,resolved,retrieved_extracted,trafilatura,872,8e5fa412f895b6b6fdb4b207bf38359e5ff513ded3d4a899c03ff2ea154e692e,
DISC-MEDIA-0188,0,government,resolved,retrieved_extracted,trafilatura,1229,69eebf878ff7602272e4d64e6eb33cfc4f34fe61233b5907b59be1221e277bb1,
DISC-MEDIA-0189,0,labour,resolved,retrieved_extracted,trafilatura,853,2bab232b9a9c9057cca0d1d7e795ba598321496fc36e3ef7493800ac7dd1cd9c,
DISC-MEDIA-0190,0,labour,resolved,retrieved_extracted,trafilatura,907,cff80b847a2ce0d94e10eee6fcb8767e990d6f495ffa9bfc668516dc57131f9a,
DISC-MEDIA-0191,0,government,resolved,retrieved_extracted,trafilatura,960,03ddd7a2a088b16d8632766d74f989761bfd3df9522232278c874c049891c501,
DISC-MEDIA-0192,0,government,resolved,retrieved_extracted,trafilatura,1700,c12ce0b18d7681c184954ad07d11331d15f6a2ac4d1be17b3c2905c6da5794fa,
DISC-MEDIA-0193,0,government,resolved,retrieved_extracted,trafilatura,874,37c605a11742e9ab6af8dedb12c91be382608b08f653d18fe28d3d91040bc986,
DISC-MEDIA-0194,0,government,resolved,retrieved_extracted,trafilatura,1914,db8927b4f0e6a54c2fa0fb0a20a35eb7e0937959e3af6100f287dd3e67a83010,
DISC-MEDIA-0195,0,government,resolved,retrieved_extracted,trafilatura,1080,fab2b4dd1d06197c03bca29ee95371a72028d663888029b28a63fbf6ee3876c2,
DISC-MEDIA-0196,0,labour,resolved,retrieved_extracted,trafilatura,1058,08fd1015fca4e001b192d1cd9f13605df59d9341eebf4d70347c91798d5f0f7b,
DISC-MEDIA-0197,0,investor,resolved,retrieved_extracted,trafilatura,908,c45ad5bcb69ea1ae9171a9afe3c8cf1bf08a3216f8cd727f74d2fad6e2ca5940,
DISC-MEDIA-0198,0,,unresolved,retrieved_extracted,trafilatura,99,3b86c994b8a29bf85e51182f1c6cec14feb4b8792db617c18a3fdc90898a53d6,
DISC-MEDIA-0199,0,government,resolved,retrieved_extracted,trafilatura,1400,b58047e8ceca57731d40714cb31638ec3cee65e7ba019206c4c17f9faa08ebed,
DISC-MEDIA-0200,0,government,resolved,retrieved_extracted,trafilatura,1129,c5090a0bd286774e04920eb4a80ec259c23006016ad1a0a8c5cffc18b1aba7de,
DISC-MEDIA-0201,0,government,resolved,retrieved_extracted,trafilatura,1529,6a006d126f9ffe29c2ede784a8b0e0b9ee748586bd991cd67e78607f1e40a61a,
DISC-MEDIA-0202,0,government,resolved,retrieved_extracted,trafilatura,552,326a71d5d2bed8f50c483a3ebb7bea5b76fedfc65da4a2d0940e6d6c07b5dfb2,
DISC-MEDIA-0203,0,government,resolved,retrieved_extracted,trafilatura,1144,50cb9598719a7b7d3bbc848ec761ffcd84071427a853e49844509d9f2073745a,
DISC-MEDIA-0204,0,government,resolved,retrieved_extracted,trafilatura,1261,d33d8ecb84bc79c1efe892af4f53d527a75958bed274feb7555aa70a03a4a876,
DISC-MEDIA-0205,0,labour,resolved,retrieved_extracted,trafilatura,835,d3628d0f9a57993d8febf3df1688c99e3b80e8e30781b22c669ac7b3f5b355f9,
DISC-MEDIA-0206,0,community,resolved,retrieved_extracted,trafilatura,1157,56c1d8515ce18f56af1f51cf4e753040a019da40c8adb186eda37a0f5e84605f,
DISC-MEDIA-0207,0,government,resolved,retrieved_extracted,trafilatura,1290,b98108185682c62a7f78da92eda942ae4e44308528487c5fd7ccec9e4e4b990b,
DISC-MEDIA-0208,1,government,resolved,retrieved_extracted,trafilatura,969,cd6c4a800ea7e2157b143719425b9e9f0710f2445b081e47760ad86581abf315,
DISC-MEDIA-0209,1,government,resolved,retrieved_extracted,trafilatura,781,b2cea9c13b51d223db8ccb66da0b8928605425d0028f281a5579724929e7cd24,
DISC-MEDIA-0210,1,government,resolved,retrieved_extracted,trafilatura,1061,a646bec17f7ebb0818c66dc2370c7ec4a106813491fd24b341abd90db3081ccd,
DISC-MEDIA-0211,0,labour,resolved,retrieved_extracted,trafilatura,1951,9e1e22e9015817df5be097294b4ed6d4cca8564d458612ba1daf970c0f4e4f57,
DISC-MEDIA-0212,0,government,resolved,retrieved_extracted,trafilatura,1011,52a2998a1e3cb9f5238df42809c40b418464fb2833507bc221a47c1603708c1a,
DISC-MEDIA-0213,1,government,resolved,retrieved_extracted,trafilatura,860,072e45d6ee4592df0ee18c975bbacdacecba000f8229f2c34595efd17553b9df,
DISC-MEDIA-0214,1,government,resolved,retrieved_extracted,trafilatura,969,2021d8bfbb755d86b0021a9828a610d81f7872f1ceb815a9dcadc9a26186a9b1,
DISC-MEDIA-0215,1,government,resolved,retrieved_extracted,trafilatura,795,ea34b4be09b60454757f917c260f5516d22d87d0a77b5c4019865ba45c99cad4,
DISC-MEDIA-0216,1,government,resolved,retrieved_extracted,trafilatura,979,a0ac87bc7ed83ed0873dfec641c35e10a984c9c1a67cfa25c12106c2a3944ff9,
DISC-MEDIA-0217,0,government,resolved,retrieved_extracted,trafilatura,1982,5b5630b157dd7720dc5498d1cdf45454cdfde540c47b548b8d23109c5379725f,
DISC-MEDIA-0218,0,government,resolved,retrieved_extracted,trafilatura,1451,ad571b533be577943007fcca07624772481ef90339fe041d99d3f0b8b1e54538,
DISC-MEDIA-0220,0,labour,resolved,retrieved_extracted,trafilatura,997,666496f61cc83492ed03fc36b7d314e1d04ab4db0ea55267cdc96c5be550c13a,
DISC-MEDIA-0221,0,labour,resolved,retrieved_extracted,trafilatura,1033,070d55efbc24b31605176b6b0d7a283212cbd275a30f5a077af0ea6a433fa649,
DISC-MEDIA-0222,0,government,resolved,retrieved_extracted,trafilatura,1116,cc25d0e4f5a96c850d25faaa3ba544adb624dcb383d64db971ef0f0d3bc28e9a,
DISC-MEDIA-0223,0,investor,resolved,retrieved_extracted,trafilatura,1032,63eed5cfac0d354ab42cac9b251add3639ef532772bb2af8f06eb6de235bae8a,
DISC-MEDIA-0224,0,government,resolved,retrieved_extracted,trafilatura,1617,79d7673fbdde6195a116151c707c1420d2d67a6651f31af9b63fd36e72b78e15,
DISC-MEDIA-0226,0,investor,resolved,retrieved_extracted,trafilatura,2273,271f76a5e352c096ea4d11d8af7fc1f078d55062373cab0b3072b6d7be19691e,
DISC-MEDIA-0227,0,government,resolved,retrieved_extracted,trafilatura,837,cf6ca9f83ce0fe7681abdaf5a62d2331b339ae1d3770f443f951d8959b4c205b,
DISC-MEDIA-0230,0,government,resolved,retrieved_extracted,trafilatura,497,04033cbba27e924e42ac70ba2c8a7c17fac9a44a5ee844df67759395e711eb08,
DISC-MEDIA-0231,0,government,resolved,retrieved_extracted,trafilatura,1010,d4d0bea4222a0486e4dbddf67bcff1992229d1e39eeaa0abd1c9865b8fc9d672,
DISC-MEDIA-0232,0,government,resolved,retrieved_extracted,trafilatura,1543,c06cd202a6ba9b2eec1e9934b3a2834edaf4e464b1b67b18aee53dde0338af50,
DISC-MEDIA-0233,0,labour,resolved,retrieved_extracted,trafilatura,336,f9480bd7b7f780332e0de8dfff1938c04efbb36b9da742db1a76a1c8859bfd9b,
DISC-MEDIA-0234,0,government,resolved,retrieved_extracted,trafilatura,1047,8f605e42357fcc461a48424e2448170d4ca17f0c7aa446d9cb479d635ded75b9,
DISC-MEDIA-0235,1,community,resolved,retrieved_extracted,trafilatura,1593,86c8a160c9263e62f682b4a2206f5c990f7d44cf6704236a26d7848c0b30a798,
DISC-MEDIA-0236,0,labour,resolved,retrieved_extracted,trafilatura,1155,0bd0b7feca570c606ac6aaa7b8309bdc3ed85b1a604d25b8842380cc9ccf2164,
DISC-MEDIA-0237,0,government,resolved,retrieved_extracted,trafilatura,1198,8f01a971b61750557a1b3d377f975d4ae92b83782db4d2c8c71d628208c5131e,
DISC-MEDIA-0238,0,government,resolved,retrieved_extracted,trafilatura,967,9e0bb564af5a637e4fccdf7d7c57d20b294091b484ed01a8ac88ff0d2b7b76e4,
DISC-MEDIA-0239,0,labour,resolved,retrieved_extracted,trafilatura,456,8198138748820133ffe25845e3f907563a685a5657b71886ec8548cbd895fed7,
DISC-MEDIA-0240,0,NGO,resolved,retrieved_extracted,trafilatura,1276,e453a25d91f0d7c3074f6b784117370bed919b896020f2144a4ddd57ca4d88d3,
DISC-MEDIA-0241,0,,unresolved,retrieved_extracted,trafilatura,1170,9c5eee54df820187092a90d441e48da3d370a5d42207bf122f84af97f83bfc4a,
DISC-MEDIA-0243,1,community,resolved,retrieved_extracted,trafilatura,1514,8de5bbacd4e538307198b68cefb04e0aa138e2b04e165aba9da2fc8606860d45,
DISC-MEDIA-0244,0,government,resolved,retrieved_extracted,trafilatura,1477,b7f945bb5d8544e7b244e76db39a56b81aab733ce158e83f69fec6ec3d7199eb,
DISC-MEDIA-0245,0,government,resolved,retrieved_extracted,trafilatura,1155,3bd6e2b65ebd95f1bf116534a56a5b28e9429830b9bebba455b5630c9db33ec5,
DISC-MEDIA-0247,0,government,resolved,retrieved_extracted,trafilatura,640,abdcc2cc73e408f8bd7314d72a5d9b0ed584eeb9bbafb9e5bea1d7ba4f0f4ead,
DISC-MEDIA-0248,0,government,resolved,retrieved_extracted,trafilatura,847,aa4d5e8e9711202dfa23e7a7717c27dd83d2a38fa7be73a161facebac5329442,
DISC-MEDIA-0249,1,government,resolved,retrieved_extracted,trafilatura,825,00ec808a50f068e6b2b219d3567883b8eced23bba135888e36802719655c8f1b,
DISC-MEDIA-0250,0,,unresolved,retrieved_extracted,trafilatura,868,d681f61cef176a0812d0a3f97331cd2292bbf8b76319bf04f863c46d964241d0,
DISC-MEDIA-0251,0,labour,resolved,retrieved_extracted,trafilatura,1565,06695deef2b93bc6832fe14080abc2df06a238a7d6bddfcfebfe596019f28c6b,
DISC-MEDIA-0252,0,investor,resolved,retrieved_extracted,trafilatura,1599,c502bbcbc7e07de082532df55d742f2716b008f14551fc1d5258c28816710660,
DISC-MEDIA-0253,0,labour,resolved,retrieved_extracted,trafilatura,548,5fccc9cbaec711d5df3deb267529a024b954e1c561509d905ef0d382cbf4ad66,
DISC-MEDIA-0254,0,government,resolved,retrieved_extracted,trafilatura,247,afe6e841075269442cb8a7ba40607056a7475f4b787447884eb57b452addde8a,
DISC-MEDIA-0255,0,community,resolved,retrieved_extracted,trafilatura,693,388e7b1ec42ffe76217ead6bcbb1047d770bd37f68239ff977e2d3d7f7a74066,
DISC-MEDIA-0256,0,government,resolved,retrieved_extracted,trafilatura,878,f6413cfa82cd9dcbf6808aae1c56bd71ea56c69ffae2e6a09841365bf29279a9,
DISC-MEDIA-0257,0,investor,resolved,retrieved_extracted,trafilatura,761,da45201c478c73035a71074cf39a7290bbf1f2c6ee24c29623b7132d47308927,
DISC-MEDIA-0258,0,investor,resolved,retrieved_extracted,trafilatura,1070,ac870e618ad12c00e5e1fe069318c0cfed25947d9a55de781719bbaeae730881,
DISC-MEDIA-0259,0,investor,resolved,retrieved_extracted,trafilatura,788,a5d18f435c6c74054cc057e7e9b4fb433aecded27c05b9615b56a83a6a30b7ec,
DISC-MEDIA-0260,0,investor,resolved,retrieved_extracted,trafilatura,784,9b106b5021951918b0ea4b13e140525db75f1d52577fc88ec92b132f7cc0ca79,
DISC-MEDIA-0262,0,investor,resolved,retrieved_extracted,trafilatura,1225,9cd4141e25807f8404523efe5eb26438a45930494423be1ba253c30e31a28bdb,
DISC-MEDIA-0264,0,government,resolved,retrieved_extracted,trafilatura,996,a4468723b8df96b620f1e532e093ed6928b8e9053b190a2cc7fe44760520ef9d,
DISC-MEDIA-0265,0,,unresolved,retrieved_extracted,trafilatura,95,bd5844b36804fec5a23c3e5b97aa4d1c9bc470f0a7d9ce13efa30d1dca04e9dd,
DISC-MEDIA-0266,0,investor,resolved,retrieved_extracted,trafilatura,459,5a78c786c9598848126d06ded246b06eed4a762dd83cb6ef5b1c5555e1cec6d7,
DISC-MEDIA-0267,0,labour,resolved,retrieved_extracted,trafilatura,382,c6dc532da98649342be7c399e5127157ea83f2c1ae790e62bbc5339edd4685dd,
DISC-MEDIA-0268,0,labour,resolved,retrieved_extracted,trafilatura,774,2a82c7d56795715392bfd3fc06f4f9ffaf3b2efa443263a8ff146d271f594ffa,
DISC-MEDIA-0269,0,labour,resolved,retrieved_extracted,trafilatura,1064,e419f58be1b1fa06faedc74097fa77d1a6c3eea0367c8904d414fc22f5b35a86,
DISC-MEDIA-0270,0,investor,resolved,retrieved_extracted,trafilatura,635,77f0cc914005750b0cc6004c6d755566b0be342301ab415abd9583ea874ffd1c,
DISC-MEDIA-0272,0,government,resolved,retrieved_extracted,trafilatura,1061,dd3f09ff4efb1f95b75214e527e54ed6497fd1e537b6eab7f6d05addb7eedd0c,
DISC-MEDIA-0273,0,government,resolved,retrieved_extracted,trafilatura,1503,c6bc2cc7a3ad9fbeea2ba2e93cd2beabb997264ab880b9e2af0e3329676767ea,
DISC-MEDIA-0274,1,investor,resolved,retrieved_extracted,trafilatura,1196,38c606e4dec46d4f8bb0557c255d39af52044b04620d10d0207bda5b7940132d,
DISC-MEDIA-0276,0,government,resolved,retrieved_extracted,trafilatura,963,48ed87ce3157134c39ed71475547c6906973f2330d19730b6a71fa3289e354fd,
DISC-MEDIA-0277,0,government,resolved,retrieved_extracted,trafilatura,1071,3f4d4d58fc05092d747404e252b9c02163504482bc69027884eb3a0764e7a2d3,
DISC-MEDIA-0279,0,investor,resolved,retrieved_extracted,trafilatura,426,a8d89ae8f4c82ff11cecc759accf50ec0027fd4efc17e9218520bd35554a6517,
DISC-MEDIA-0280,0,government,resolved,retrieved_extracted,trafilatura,1455,cb480b359d7fd197ec8fd6f1503efdb0be583a12d4313647326269e02fb96d4b,
DISC-MEDIA-0282,0,labour,resolved,retrieved_extracted,trafilatura,524,71cd44198413808c7078a4641773e86292a725ced56f43cd9e4ff7d400a1af7b,
DISC-MEDIA-0283,0,government,resolved,retrieved_extracted,trafilatura,850,9c999a90d0798dc1a1f84a597dee87f9db58e9500e4183ef0cd08e06367bab0e,
DISC-MEDIA-0284,0,community,resolved,retrieved_extracted,trafilatura,2247,538c2df101c8971f06f3014dd38323c37553fff3a8335c3538b06828bc81a288,
DISC-MEDIA-0285,0,government,resolved,retrieved_extracted,trafilatura,538,20c563f93a5e9b293eea00fb2c56ec04a605c2cdaf2eac81089fda81f9064b23,
DISC-MEDIA-0287,0,government,resolved,retrieved_extracted,trafilatura,419,11f02e8e9df357b7fc4dee8de436a4ab23115a58650c41c0629f131fbc28fab4,
DISC-MEDIA-0288,0,government,resolved,retrieved_extracted,trafilatura,1516,9ca0ad26af9b6068fa7f8c3cbda33c392dee9b021857142a96db648a05fcd3f3,
DISC-MEDIA-0289,0,labour,resolved,retrieved_extracted,trafilatura,1602,285093a2ce8936a7d2b5a732be05848ca7c1a69fd3bf637c9b9a9a54ea8d78c9,
DISC-MEDIA-0290,1,community,resolved,retrieved_extracted,trafilatura,782,91e0a19bf26758493c8afe27d97f508617d3f89e380b74ecb2d234daf10cd1f9,
DISC-MEDIA-0291,0,community,resolved,retrieved_extracted,trafilatura,1045,da286c5706375186db638b2c0f060cc1cd444d28160eb4043b0fce1e1d9dcd71,
DISC-MEDIA-0292,1,government,resolved,retrieved_extracted,trafilatura,696,1441f9fc4aabda21696afc9700291d510a1d6435c02ddbc07fd06e54be24183b,
DISC-MEDIA-0293,0,government,resolved,retrieved_extracted,trafilatura,1237,0886ef3f59d5a6f4c83f0e537faba09ca53ebdb046bbc2434cd0ec7c63944ce2,
DISC-MEDIA-0294,0,labour,resolved,retrieved_extracted,trafilatura,1143,795aac7d2a88f4226b3098be8fdffd56d0c633e439e973190b3346d3f467bb38,
DISC-MEDIA-0295,0,government,resolved,retrieved_extracted,trafilatura,103,3af9a39e7207a95a710c8b092a74c281775788c93a0b347c63195f5881e9b7b0,
DISC-MEDIA-0296,0,government,resolved,retrieved_extracted,trafilatura,1554,154b8ceb7006abbcd65a011c1fe22441a9476b46580332fdef55bbaa8f8f8c05,
DISC-MEDIA-0297,0,government,resolved,retrieved_extracted,trafilatura,930,40e3418b419cfb3e13c8b036f6ccfe250d4903304b00f72d9da7e984bf631561,
DISC-MEDIA-0298,0,government,resolved,retrieved_extracted,trafilatura,194,7b25923fae9b3929e67ad4d0050459ac9d539d0ec3f2ec0dff2a4efc35c4362b,
DISC-MEDIA-0299,0,government,resolved,retrieved_extracted,trafilatura,2908,af4290b354073ab0b6704b475e558bbe4847eacef1bbd434010fbb931c6d48e9,
DISC-MEDIA-0300,0,investor,resolved,retrieved_extracted,trafilatura,422,55966bacfd91eda497632371e78b5d8f8366f7d03cafeea5c337b15e08103394,
DISC-MEDIA-0301,1,community,resolved,retrieved_extracted,trafilatura,794,09037be0e9a3e8ea1b7d4cace4314c5ce65466e9bd8c034ca37096631be42a16,
DISC-MEDIA-0302,0,community,resolved,retrieved_extracted,trafilatura,688,1d1e6b3c61688483672cededfac39f6c0559fe2d683c5ac91b74396fe1caa730,
DISC-MEDIA-0303,0,investor,resolved,retrieved_extracted,trafilatura,1133,5231aeb62760334b937c7b829f1e68eeb5d22ddcb3b384c046858510b801f9e6,
DISC-MEDIA-0304,0,government,resolved,retrieved_extracted,trafilatura,1252,efd5b6d54c3d1044f4a93ff57659bd0c488d3522bfce8fbeb3f15c0469f0fc03,
DISC-MEDIA-0305,0,government,resolved,retrieved_extracted,trafilatura,936,d952d2045ef0ea5fad8951be194ce5e7567ca00a46538597e37f397a1fb2a410,
DISC-MEDIA-0306,0,government,resolved,retrieved_extracted,trafilatura,3801,a513a989de43430d10b0ef5e4f680b1ff2e81446729579df32655f9bdde32b3e,
DISC-MEDIA-0307,0,government,resolved,retrieved_extracted,trafilatura,1641,9020617a9ecf5d1d8f4c2eb539f8a468debd4fad03a2a7fcdf40b4c4325a0d6e,
DISC-MEDIA-0308,0,government,resolved,retrieved_extracted,trafilatura,614,575b818c5e6fa2904c56cc3530405c6ee54d3da0b1cbf90af22e4a0b861c8bdd,
DISC-MEDIA-0309,0,labour,resolved,retrieved_extracted,trafilatura,1348,28eddbe3812b35def2472917d10282725da72913130c683c5414639598ccf486,
DISC-MEDIA-0310,0,labour,resolved,retrieved_extracted,trafilatura,1404,6c0b4ad67a51f642d52b83b3f0be6f01aa109f525a61a66dc01b47d41e3827d0,
DISC-MEDIA-0311,0,government,resolved,retrieved_extracted,trafilatura,1416,72ab94733021819c5a7f81d29abfb64f7e2a5913f30b7d63ff6525491dfcddf7,
DISC-MEDIA-0312,0,government,resolved,retrieved_extracted,trafilatura,1245,319bd512da0b9d9c97cab89ae4bfcf288a145a5871ff76705467bd8692bb0f4c,
DISC-MEDIA-0313,0,investor,resolved,retrieved_extracted,trafilatura,823,59e14213fd607d8ff4a382704190cd66902be8860797ad823e070d6ae1f6a524,
DISC-MEDIA-0315,0,government,resolved,retrieved_extracted,trafilatura,1539,1277cbabc09c7a87e5ef32563609fab3c15a73a6eae6d9ae83305d9ca4aa2e4c,
DISC-MEDIA-0316,0,government,resolved,retrieved_extracted,trafilatura,1789,3e0bb8493e9c512ec0cb82e3a72aae19307051ba171e89c0990cdb97f036ebfd,
DISC-MEDIA-0317,0,government,resolved,retrieved_extracted,trafilatura,1830,8dad53853a7b607b6406824bf41247956bd78ce51538b438859c754906695449,
DISC-MEDIA-0318,0,government,resolved,retrieved_extracted,trafilatura,887,38246018313ccd3e3cba19dab33ef2706fafffb9dd7e562e791e71a8dc5286a5,
DISC-MEDIA-0319,0,investor,resolved,retrieved_extracted,trafilatura,852,25d2f261f5b0c83dda9cba15102af8663a9f76c11d46426640fac91daf2989af,
DISC-MEDIA-0320,0,investor,resolved,retrieved_extracted,trafilatura,743,abcfe0380c222ff09f810073cbd5bf73de9bb1297b7ea2e8235e451f8fdd3301,
DISC-MEDIA-0322,0,government,resolved,retrieved_extracted,trafilatura,925,4ff38d9a3db5b4d4391b696ffa5a658c93fb72ac75903f2d3aebd42c95f1ba94,
DISC-MEDIA-0323,0,labour,resolved,retrieved_extracted,trafilatura,2899,78445ef80f0150182ef25f99d4315e192bc6803e0029d1c337809b42298488f3,
DISC-MEDIA-0324,0,labour,resolved,retrieved_extracted,trafilatura,1419,66d35f7875bbeeb7c0859000b702eb3bdbf9bfe0891dcb0f0efed28527a356a7,
DISC-MEDIA-0325,0,government,resolved,retrieved_extracted,trafilatura,2318,ba0fb09922e1f5807ecba042254928f5d28b2a33babc3bb3f3f38aeea40d0d74,
DISC-MEDIA-0326,0,government,resolved,retrieved_extracted,trafilatura,837,242f62f2211dcb7f97fa505b73405f0177102f8a4732d661cd1091a41ee786e7,
DISC-MEDIA-0327,0,government,resolved,retrieved_extracted,trafilatura,1508,3eb2e0b433d6dbc05c1ee722b11adf222fdfc430fdb9ead62d77019194c9caf9,
DISC-MEDIA-0328,0,labour,resolved,retrieved_extracted,trafilatura,1214,1e0ef290c2d7535f7da253d76ba3a03df5923e71c7404ab91353fb3b6562283f,
DISC-MEDIA-0329,0,community,resolved,retrieved_extracted,trafilatura,1224,6ee460213753281f17fafa583f0fd8a9cb1276530d20966d9c9efbd3fedeb6da,
DISC-MEDIA-0330,0,government,resolved,retrieved_extracted,trafilatura,1136,afe6e832c9f5945f443cf693a503a5adec07d15d2a79d9e0da05633f6aa9cedb,
DISC-MEDIA-0331,0,,unresolved,retrieved_extracted,trafilatura,1045,8ff61fadd1e8ec7defa9a40cc24c7cd5af7adfcc6dd1ae59b31e864a201a390c,
DISC-MEDIA-0332,0,government,resolved,retrieved_extracted,trafilatura,1257,bcdb544cc71ae1a4b156807847d6d44cc43479ee69989d0397d17e770378e4f5,
DISC-MEDIA-0333,0,government,resolved,retrieved_extracted,trafilatura,769,297b49c076d858dcffdf02a0a08c3152f63d1347305a7420ea427974ca58277d,
DISC-MEDIA-0334,0,government,resolved,retrieved_extracted,trafilatura,982,ad60abfaf0bc02ca00f51440080a543d464241d128bb081ddbea5327c5aa1c03,
DISC-MEDIA-0335,0,government,resolved,retrieved_extracted,trafilatura,806,9da601479417fa6c0c730bf77c2ddc27d748e6379e0e1f5b32360c64690abe9e,
DISC-MEDIA-0338,0,government,resolved,retrieved_extracted,trafilatura,1270,f7e657517d373af5385ae86ad881cb0d593e463957500dcb31bc8f9a940c164a,
DISC-MEDIA-0339,0,government,resolved,retrieved_extracted,trafilatura,918,f004e7be62fc7f5142d05a186f21be316dd9145e342d73fe415bc0e64b019a98,
DISC-MEDIA-0340,0,investor,resolved,retrieved_extracted,trafilatura,1557,944cc74f52b3c897fe12b4698806a8ec2600589a8c60cf7266d6a78a3d43d7f9,
DISC-MEDIA-0341,0,government,resolved,retrieved_extracted,trafilatura,1167,c08685106af0758e709a413f7b2abbf9c0223765d08bbba72f5d3b600ea40c14,
DISC-MEDIA-0343,0,government,resolved,retrieved_extracted,trafilatura,726,c7b4434e861430f9b4fe28b53e1fde69121ba9c67c8f0203b60ff666161d7fe1,
DISC-MEDIA-0344,0,government,resolved,retrieved_extracted,trafilatura,1297,46da213a8985e9640a29cfb84c345d36848455480aba01dd775b281d21bdf0b2,
DISC-MEDIA-0345,0,government,resolved,retrieved_extracted,trafilatura,1442,86fedc37865ae2c6f6081fafa573f97614edb25ec7102e53107371a2f085801b,
DISC-MEDIA-0346,0,community,resolved,retrieved_extracted,trafilatura,1450,cd01da148269c1380526b9d0004b480d0bd42fca41485af3df42b3ea9d4152c7,
DISC-MEDIA-0347,0,government,resolved,retrieved_extracted,trafilatura,1189,222cd22249849a7ddfec616df96ffd9bd30f28b092f3fbf55cfec05b75cd9bbf,
DISC-MEDIA-0348,1,government,resolved,retrieved_extracted,trafilatura,1044,bf99256c43ed1430c38ac30e319b6eb4d7589688db101d258a4fc058b8d36667,
DISC-MEDIA-0349,0,government,resolved,retrieved_extracted,trafilatura,1063,1643df384cac32664c7777c6d6c482221db3fcf004df2ed9c96ade7e12c372cc,
DISC-MEDIA-0350,1,labour,resolved,retrieved_extracted,trafilatura,467,f598e04a4656e4c042e3e1d93934382164c6f852ee8e83490a6b91b1e419c25e,
DISC-MEDIA-0351,0,government,resolved,retrieved_extracted,trafilatura,2518,35d87b55c8fa1edd9c16f50d5164b15b7c0bd1b5697f5b29a680176429c345b9,
DISC-MEDIA-0352,0,labour,resolved,retrieved_extracted,trafilatura,509,0dfd3c5b1a7ec8e8db4e2592e377ec712cfa74a093a85ef0db57801208811018,
DISC-MEDIA-0353,0,government,resolved,retrieved_extracted,trafilatura,786,0c967136c0913ea637c9517d6c7552939577c0b13ca335348cf61b5cf6a78b6f,
DISC-MEDIA-0354,1,government,resolved,retrieved_extracted,trafilatura,619,1f58e49c26aac36f5030e2e5a16740ba1ba6c50dbe622aa047dd9e9b8eaeb4a3,
DISC-MEDIA-0355,0,government,resolved,retrieved_extracted,trafilatura,2387,db410cbc56031ec1ebcc34d90cda23ef1389bcf5383154385fb32883a85518c0,
DISC-MEDIA-0356,1,investor,resolved,retrieved_extracted,trafilatura,933,85885c7ae8a320961a771d221d26bdff9967c31bc3212e22561eb33225ce1dbe,
DISC-MEDIA-0357,0,,unresolved,retrieved_extracted,trafilatura,938,b5b449e23dd9a57302d4cfd78d2e8b2586aaa1f045294927a489421a5cd7b76c,
DISC-MEDIA-0358,0,government,resolved,retrieved_extracted,trafilatura,655,3b12394e56ef069bf74e65bc6683f799c6e5389a9290ab8185e044e1e4d7b58d,
DISC-MEDIA-0359,0,government,resolved,retrieved_extracted,trafilatura,784,4c734e06f951e219de5107c887924d79550bdfca9e36b84e64774877adb9010f,
DISC-MEDIA-0360,0,,unresolved,retrieved_extracted,trafilatura,1201,126a69b6f00980c94b0f71b1bc8ce89ef7a592af3b28b2b22cf4933ed1587828,
DISC-MEDIA-0361,0,government,resolved,retrieved_extracted,trafilatura,847,68b8c75bb8cbf79b4a9d7c96ea08221f56f106aaae34c34a6286df9624787a4a,
DISC-MEDIA-0363,0,labour,resolved,retrieved_extracted,trafilatura,962,40b760a1be7faebc3824904ab13d48e20811fc8cd3ebf7f17d8a0e015ff708d5,
DISC-MEDIA-0364,0,investor,resolved,retrieved_extracted,trafilatura,636,7f5a5ff698a087585cdec4fae0dc28cf634f9bdf2ed4bd6070736b2af46c9fc4,
DISC-MEDIA-0365,0,investor,resolved,retrieved_extracted,trafilatura,653,e961669bfe8e59176ecf89a544990401fd8b48a0c196eb2ecb60a00b368edb01,
DISC-MEDIA-0368,0,investor,resolved,retrieved_extracted,trafilatura,447,ad176d9565e8499ec2234d05746ec3518414b702fa40d9b0ba168214c2a42aaa,
DISC-MEDIA-0369,0,investor,resolved,retrieved_extracted,trafilatura,900,3e6e0276c8d04cebab7034857e62d1294cf33f10c47890fd8beafde761fa15ff,
DISC-MEDIA-0371,0,labour,resolved,retrieved_extracted,trafilatura,604,3c48642721db724b4c8b7a758d96a5947a8b7177f4dc460cb5e7ed689e7fa095,
DISC-MEDIA-0372,0,labour,resolved,retrieved_extracted,trafilatura,661,ac7daec8018266e553d2eac10c87604a329aae79ce83425b9c4cfa7735b6ceee,
DISC-MEDIA-0374,0,investor,resolved,retrieved_extracted,trafilatura,692,e38a37164e5d57e07dbaefeeb1c01b40020f0ef93e15846d4343f2b53e44a4be,
DISC-MEDIA-0376,0,government,resolved,retrieved_extracted,trafilatura,578,9a73c720ca05c1f18b2176d4f15edf6d81f1ec2dfdfc728fbe5614425c560e76,
DISC-MEDIA-0381,0,investor,resolved,retrieved_extracted,trafilatura,1302,b4b660ec8738b987da856ec85316de5c9484eae2a29683de2b5268756c1f4c4e,
DISC-MEDIA-0383,0,investor,resolved,retrieved_extracted,trafilatura,770,0b52ff8de28cb055cfcd80b43d6831567fe5718ea258908d328ebc39fafaccaa,
DISC-MEDIA-0385,0,government,resolved,retrieved_extracted,trafilatura,315,8ba320f33e76aab918f0474b42d824634bdb687d768577eab164cf00f7dee3bb,
DISC-MEDIA-0386,1,,unresolved,retrieved_extracted,trafilatura,387,e4fb9d84f7da08fcf0cb9c46947adfe75afe99e1b403392b76b32da7e7570b68,
DISC-MEDIA-0387,1,community,resolved,retrieved_extracted,trafilatura,1303,3f3394fff716a7b2b1689a8745ab6434070a1e17a16f3a6c8faecdfa050f4efd,
DISC-MEDIA-0389,1,community,resolved,retrieved_extracted,trafilatura,1023,fc24e58e7fe65e69f64f343918995c7ab0aa5278c2ba4ea027bad80e0ca45d1f,
DISC-MEDIA-0393,0,labour,resolved,retrieved_extracted,trafilatura,805,63be04ace13594a3d30908efd722b664d99bf831114414ad386ce634aeb9c370,
DISC-MEDIA-0394,0,government,resolved,retrieved_extracted,trafilatura,935,45e92fcaffb047a05aecaad08f7e6638c2588380710d531e460519200f8b9404,
DISC-MEDIA-0396,0,labour,resolved,retrieved_extracted,trafilatura,536,965ec9fccfee6201f47c4a7df3c9735dd486194a1927227ea09c5b782ed1dcef,
DISC-MEDIA-0397,0,government,resolved,retrieved_extracted,trafilatura,860,1ce35c32936bd5b9521fa03cacf0a4f3ded21ebe7ba6c568c02a92258667c555,
DISC-MEDIA-0398,0,,unresolved,retrieved_extracted,trafilatura,1442,4e87be3e80d1e0af279a288f94ba160f4ad0396b50ac3765ff25b88b8047fc4b,
DISC-MEDIA-0399,0,government,resolved,retrieved_extracted,trafilatura,793,80a49b229ce43a493e80fc814670413d914169a8cef4e343283b12a31249c41a,
DISC-MEDIA-0401,0,labour,resolved,retrieved_extracted,trafilatura,583,819f57d7fee937b11addeffdbbe8e73a5c1af3d3bf688e771ad6b965aaf9eb94,
DISC-MEDIA-0404,0,government,resolved,retrieved_extracted,trafilatura,754,7cfba67a28e32117e0e4965a24e0e0978b1939c5cfe493a20770f5a61469042f,
DISC-MEDIA-0405,0,government,resolved,retrieved_extracted,trafilatura,685,32ee7978cf747718efcd698bcd6df80300a6947cd213c64cb48dc8abe3157691,
DISC-MEDIA-0406,0,government,resolved,retrieved_extracted,trafilatura,658,12eff5966a17e3a94c5bcd8ed97ec310bc80a98d7282c204a97aaa170e36e80f,
DISC-MEDIA-0407,1,government,resolved,retrieved_extracted,trafilatura,611,a700e394b2f4af87ffd9fdbbcdb7bc1248dc20bc08f485c63409166e4b106dee,
DISC-MEDIA-0408,0,government,resolved,retrieved_extracted,trafilatura,449,68a9619c0f6aea560a8a9c74496d1ea908e2035e1864418d6c94e74fc14f4743,
DISC-MEDIA-0410,0,government,resolved,retrieved_extracted,trafilatura,542,ec5f2d966cb9ace3272ef10e448c4d1bfc85337765ba1c68bf0c73e5e37f0034,
DISC-MEDIA-0411,0,government,resolved,retrieved_extracted,trafilatura,515,7fec38cb75e49b994152595156e7ac9ee8147740059042c0de31837312130f69,
DISC-MEDIA-0414,0,community,resolved,retrieved_extracted,trafilatura,792,884a8e8cb18a8ed97e32a78f52dcf0a073205294fe52590c9bd38b10bd5c3bcc,
DISC-MEDIA-0415,0,investor,resolved,retrieved_extracted,trafilatura,526,46952519a1658e2959eb2994214b6752991b662410c25cb4483cf4e2267b3bc8,
DISC-MEDIA-0420,1,investor,resolved,retrieved_extracted,trafilatura,569,3e66f9b2e1d0e09138da241bab74ed8049db82a8cb324fed87dc6299c434ade6,
DISC-MEDIA-0431,0,investor,resolved,retrieved_extracted,trafilatura,1170,fcd3ec31fac107223408cac170c27f1ffbff12d8edfa3501610ab47bea5384c7,
DISC-MEDIA-0433,1,investor,resolved,retrieved_extracted,trafilatura,572,f4e498fc25a2cf7bcef0037ae095abed7505fc39278830735197f7ee8e42243f,
DISC-MEDIA-0434,1,investor,resolved,retrieved_extracted,trafilatura,484,ff23cedbd8e30cc0ce24d8059edd73d8f40f730e8b5aa0e88e54ff9bfec6722e,
DISC-MEDIA-0441,1,investor,resolved,retrieved_extracted,trafilatura,439,7bbea37c7291a2200c7e726d938e6d79057aef5373a0c6289f0df17f29ead10f,
DISC-MEDIA-0447,0,investor,resolved,retrieved_extracted,trafilatura,666,4611a6f5ba019234d7bf5adab9317439b2886e15c5cc5ba53f433ed49130b5be,
DISC-MEDIA-0449,0,investor,resolved,retrieved_extracted,trafilatura,575,07a764ef922a33017a96d09da7fd551d50267e16204275cf48d135dbe95ed2a2,
DISC-MEDIA-0463,1,investor,resolved,retrieved_extracted,trafilatura,601,7b7a238ded035e5a0878c7aafa0e9fd60268c113b18d4f4d4f609147024960a3,
DISC-MEDIA-0466,0,investor,resolved,retrieved_extracted,trafilatura,745,99fa121bca2ec535aef8fe5e70bfe3472b948583531cf4b24c2eb2adaf183fbd,
DISC-MEDIA-0470,0,investor,resolved,retrieved_extracted,trafilatura,667,2f90d51399ce4a77073575027bdf95695c1c5fb5458a0c67c238eca09470d963,
DISC-MEDIA-0471,0,investor,resolved,retrieved_extracted,trafilatura,896,786c2d73a34d2de441859cc4c538a13bd6770cb7ee57cde17e5d62ab425d6753,
DISC-MEDIA-0476,0,investor,resolved,retrieved_extracted,trafilatura,425,4eea0608c203e0751d2fd68ab32abc63b07892d3d48737bb663b850f5e42f115,
DISC-MEDIA-0481,1,investor,resolved,retrieved_extracted,trafilatura,1268,3ed356d7ccb82f49fa6977ff2d8075132f9eb4d7939c2889da53f4fc312fc0b5,
DISC-MEDIA-0493,1,investor,resolved,retrieved_extracted,trafilatura,579,ead636699d0502fada3727af8eeabb7cfecedfb801f81b2c867558ac1b1ddc72,
DISC-MEDIA-0502,1,investor,resolved,retrieved_extracted,trafilatura,803,48cf141ccdca6718ca5569c041151ddbdf4412d7780f125dd5d1b163ac9758b1,
DISC-MEDIA-0503,0,investor,resolved,retrieved_extracted,trafilatura,845,3a85373166841d25650dd29fe888616a96f8fd9f8494a7f524622634896bac82,
DISC-MEDIA-0512,0,investor,resolved,retrieved_extracted,trafilatura,787,9590492ab49dc550cdc6ddbbe2d12ec33e23d17ec044903f4cf6360a38c1c000,
DISC-MEDIA-0518,0,labour,resolved,retrieved_extracted,trafilatura,791,f704866f92541300157b85d6a27a3610163632491c69cd3cc9d832c256140664,
DISC-MEDIA-0530,1,,unresolved,retrieved_extracted,trafilatura,498,d740ac78c3e1df4559fa28269756cfacda047a7181c687dd438fb013bbe6bbd5,
DISC-MEDIA-0531,0,labour,resolved,retrieved_extracted,trafilatura,551,fb0fcd948cc160c5536e47db87bc9705ffe1b70493a2200bf290280a9f07440f,
DISC-MEDIA-0533,1,investor,resolved,retrieved_extracted,trafilatura,622,87b68aabef208194dc4942599ecc21a2567606b4423f3be1e6542f6b353bc4a6,
DISC-MEDIA-0540,0,,unresolved,retrieved_extracted,trafilatura,585,f0a644ac3b766b1d341f06e3fe85a0f835fbba89c767798868b4468564d625b2,
DISC-MEDIA-0548,0,investor,resolved,retrieved_extracted,trafilatura,1385,c2882bf101eb951023e5a603ca2323acc52cac75cb3b591fa4eb9de2c60ad9f9,
DISC-MEDIA-0553,0,government,resolved,retrieved_extracted,trafilatura,698,2510e3e2f9d78372dd48030d5e790405f91f715de169bf2dbb231ce174a4642f,
DISC-MEDIA-0555,0,government,resolved,retrieved_extracted,trafilatura,500,bdb35a49a0b45440c450fde655651b7c18617d9f736c26f7c19f0058f4b54546,
DISC-MEDIA-0557,0,government,resolved,retrieved_extracted,trafilatura,648,48d83fda239126684ba1b4853eb25e4b9996a540f6834aaa37a79004d241aae3,
DISC-MEDIA-0558,0,government,resolved,retrieved_extracted,trafilatura,606,4a3e3ea2791e2ee6c7fcea12185f198bb5dca8e702b84413206e787e4ca3c260,
DISC-MEDIA-0564,1,government,resolved,retrieved_extracted,trafilatura,460,cad93202ae2d4a83a323b9999a967e466274af284c01f6ebde3c340529059b6c,
DISC-MEDIA-0565,0,investor,resolved,retrieved_extracted,trafilatura,730,8e848a68d874e29011843e4d523e6c398952dd2ea2e1817562c6922b09be6099,
DISC-MEDIA-0567,0,government,resolved,retrieved_extracted,trafilatura,578,f1cc289a28cbf23eec47bb2a1beb04eeeeda9ebd3b78c67e32d19ad2672555be,
DISC-MEDIA-0569,0,government,resolved,retrieved_extracted,trafilatura,759,cb8ffcc90c57cfb921b62a6f665bef06bd7c7d02640a5f4192ed1740733f7c07,
DISC-MEDIA-0570,0,labour,resolved,retrieved_extracted,trafilatura,615,746a0e8ba2fcc62c32bc834b250b92ce86ebe2db04e610d5cbf24df89e50d010,
DISC-MEDIA-0571,0,labour,resolved,retrieved_extracted,trafilatura,553,2e972e4af0397941c3b0f402a467b2f9f31a67d5eb584e0c62ed42b55e380195,
DISC-MEDIA-0572,0,investor,resolved,retrieved_extracted,trafilatura,689,8785cab49dbb7b3121791ec98ef59c9e19de029375ecd7dcc7ce197f3051bcc2,
DISC-MEDIA-0574,1,investor,resolved,retrieved_extracted,trafilatura,1017,fed24bddc1972baf8b6c6ac81d307bfb3e079a692e180edbc4cbd836025238a2,
DISC-MEDIA-0576,0,government,resolved,retrieved_extracted,trafilatura,904,4d3dd9d0139a75b2fd220078ad1e7b6f36b076b9bee326b5193f77e5e3eb5eb1,
DISC-MEDIA-0577,0,government,resolved,retrieved_extracted,trafilatura,1073,45a28362a416a2a9656a3a25aafe771bfa0ea29297812105878adb07819680c3,
DISC-MEDIA-0583,0,investor,resolved,retrieved_extracted,trafilatura,1118,2362f0ae8e888d256a5b23fe229d2730e07c669c65b1983b620b8998bef426c2,
DISC-MEDIA-0584,0,government,resolved,retrieved_extracted,trafilatura,639,bd14160dfcf472753b751b1a03b93b07dedef102465f9daef6ad981ae75a1f3c,
DISC-MEDIA-0591,1,labour,resolved,retrieved_extracted,trafilatura,600,9bbf5527b01530bf579558ff671237f1ced196f3906fa12897159f3f0953f2ee,
DISC-MEDIA-0593,0,labour,resolved,retrieved_extracted,trafilatura,530,70e10217459669b1a61ad369d1732bd61c6f13acb97ef88155c29937a12ca2c8,
DISC-MEDIA-0594,0,labour,resolved,retrieved_extracted,trafilatura,748,cb15f66cfbf88ca60c716732a70291a95edd203c7813e13fd9e5f93ff2f55ba4,
DISC-MEDIA-0595,0,,unresolved,retrieved_extracted,trafilatura,609,6965816c2a9162f45b23c34959707c7066797d4bbe801bb92c1f6f8bbb9439a1,
DISC-MEDIA-0598,0,government,resolved,retrieved_extracted,trafilatura,832,0776e944ab9ce34a528dba71e60b0fc1c66697233398631c5a2dbfd52c84007f,
DISC-MEDIA-0599,0,government,resolved,retrieved_extracted,trafilatura,1027,46db54107174a0c69635c942b968fc292dcff525db59359383260f0e5f386377,
DISC-MEDIA-0601,0,investor,resolved,retrieved_extracted,trafilatura,770,ea5072aaf915d183ca54fda78469ce7f57997150935711ce18c26e67fafade26,
DISC-MEDIA-0606,0,labour,resolved,retrieved_extracted,trafilatura,1227,4b6aa18ad65760cf9f963a4b084fedec8b29c86202320040d2121342f57a3c57,
DISC-MEDIA-0608,0,government,resolved,retrieved_extracted,trafilatura,905,956d155c070246d8cf9411ce01115efe40f754c4c727c3360c8933dec1fbe1e4,
DISC-MEDIA-0609,0,government,resolved,retrieved_extracted,trafilatura,498,a5137e75003fc155c4cc4b42694f8bb4886ccc57947e8fad213e0a68d488b75f,
DISC-MEDIA-0612,0,government,resolved,retrieved_extracted,trafilatura,718,60483efc36d3a61f6c9930c5ddd9f819b41200b2df095f7a869fab5560b3d542,
DISC-MEDIA-0620,0,government,resolved,retrieved_extracted,trafilatura,704,113e6de072f2727d7c679c66930a311b447d0d5e0d211620fb5d25583270bd86,
DISC-MEDIA-0625,0,labour,resolved,retrieved_extracted,trafilatura,1004,2a9af318396bfbe274022f4af5d52dfc8064e9c60328cb92acf32119844231b1,
DISC-MEDIA-0627,0,labour,resolved,retrieved_extracted,trafilatura,603,ede47121c0a38efb86293eaeceeb52c91b2137cc408d1874e2481625c31e092c,
DISC-MEDIA-0628,0,government,resolved,retrieved_extracted,trafilatura,516,fbf7acbd28f9b002aa6c7843f99e26ed964aa024b9caa2dc00e34bfb964aba8d,
DISC-MEDIA-0630,0,labour,resolved,retrieved_extracted,trafilatura,668,59b3ae34ae4eacf681b6785df4107dc3e0993616a43701817c981a3e54429753,
DISC-MEDIA-0634,0,investor,resolved,retrieved_extracted,trafilatura,756,5580fc2076ce4f54c7139c80e1db9b971c63c14e9b0d9bc43756a0c6a1f13fc1,
DISC-MEDIA-0636,1,investor,resolved,retrieved_extracted,trafilatura,939,de72951ef63dba5112caac9ba72e7b71e1b9ae919dcf5032e12ea9f946c58eca,
DISC-MEDIA-0651,0,investor,resolved,retrieved_extracted,trafilatura,505,99865a34c014b8ba7fa4c3688093c0d66cf8e68b955ec2eeac9b9f532bbe94a9,
DISC-MEDIA-0654,0,investor,resolved,retrieved_extracted,trafilatura,654,cfa1da58fcaaa06462da1ac308a51d84c39cb7c037a49ad89d3b4675b99df9bd,
DISC-MEDIA-0655,0,labour,resolved,retrieved_extracted,trafilatura,971,9c4b42e0e69143e5f0f2556151342a60c10f06bf6bfdbf9ccffac87eb073248d,
DISC-MEDIA-0657,0,investor,resolved,retrieved_extracted,trafilatura,532,5a73b5af4c060c45eb77d1ffb0397b705837375de571124db26ccba340588747,
DISC-MEDIA-0660,0,,unresolved,retrieved_extracted,trafilatura,706,518bd7b73425582dd8de7b394835b1c6515527201a447341afccf26dc8106408,
DISC-MEDIA-0661,1,labour,resolved,retrieved_extracted,trafilatura,604,5fda740a7378dc938f7dd2b46612a01d563e0de75090ba7cc7cd96a9066fef7d,
DISC-MEDIA-0662,0,government,resolved,retrieved_extracted,trafilatura,565,f6d9fbdcf03d084f0733751215d29e4e3e75d853b67d5fe018c8bf64624d76c0,
DISC-MEDIA-0667,0,investor,resolved,retrieved_extracted,trafilatura,1010,cf747cec203029d7bf848cb696e9f3d7486d17c9679a41eefed93b0e2242bca3,
DISC-MEDIA-0677,1,investor,resolved,retrieved_extracted,trafilatura,719,667e2984dd3aaf0e7c1931b9fa7abe87f3892d5ab7e8028d67b55e5f07f0dbd9,
DISC-MEDIA-0687,0,labour,resolved,retrieved_extracted,trafilatura,347,5e56286e9b517805368a0e05e542bc1e725555c52010e6b0562ad320ed898a2f,
DISC-MEDIA-0688,1,government,resolved,retrieved_extracted,trafilatura,636,e12271d60b6339e3d7ca85f7d32123f11f0a2dd837797d5b88321a2f9abf81f5,
DISC-MEDIA-0689,0,government,resolved,retrieved_extracted,trafilatura,440,8b914a9332b14d129b3d4016bad9dbb495d3c015b0b7bebe086dac4a4b213fd6,
DISC-MEDIA-0690,0,government,resolved,retrieved_extracted,trafilatura,428,c610bc6967955d550f3e3185ecc7266943aab57145fbcc5e9b755b53a0cd1177,
EXP-CORP-004,0,investor,resolved,retrieved_extracted,pypdf,7215,0305307b4198bccbb86086a11a8cb76c9bdde400aa49a5a2b9d7bb4e81b77612,
EXP-GOV-001,0,government,resolved,retrieved_extracted,trafilatura,2388,94329e929e52daa54c55f42798df85ef0581bcf8ab08f0f602f3f890db2db20a,
EXP-GOV-002,1,government,resolved,unavailable_for_model_execution,,0,,"ReadTimeout: HTTPSConnectionPool(host='www.gov.za', port=443): Read timed out. (read timeout=60)"
EXP-GOV-004,1,government,resolved,retrieved_extracted,trafilatura,1066,ad5ea50c3d28e5f4c1634555915ddae78c6b997154dabdac16e200e70213ccfb,
EXP-GOV-005,1,government,resolved,retrieved_extracted,trafilatura,1141,e9df0bcab8bf762154efe94698bbb1fc82273b3c3cd9f454809b348e90767808,
EXP-GOV-010,0,government,resolved,retrieved_extracted,pypdf,194376,8be1ca547188198fd9698b255d72d6395f007f7b896fdf3c31c16ade4509b1b0,
EXP-GOV-012,0,government,resolved,retrieved_extracted,trafilatura,650,7a7147b63868b01b966abf64c8ebda2dce74f9fc7267e911511d2bd6de9c7a55,
EXP-MEDIA-053,0,community,resolved,retrieved_extracted,trafilatura,3707,fd6d91dcb4b0fc392aae2c295e1ec4b5a621f738413d29ab3dfd148fa8eb59ed,
EXP-MEDIA-054,0,government,resolved,retrieved_extracted,trafilatura,1103,55f63bce39dc4bae04128328532f9d65a2298d2182df8fb9d2f5e663bacc2277,
EXP-MEDIA-055,0,government,resolved,retrieved_extracted,trafilatura,1362,33d576dfd271d1da6b4b2061ab4d8bb85d8d65c310a1a63badc06be6808c9c4b,
EXP-MEDIA-056,0,government,resolved,retrieved_extracted,trafilatura,911,43290c8c05f39e2da5d47dbe5939195623af698ddbf0de774ef8c1f4b7aa1efa,
EXP-MEDIA-057,0,government,resolved,retrieved_extracted,trafilatura,1290,7756ade416d7615d2aee59262adeae0f9b5adab9c037f4abb89fcc4833f4c8af,
EXP-MEDIA-058,0,government,resolved,retrieved_extracted,trafilatura,785,67a33d170b0f63bd86eaa008124b58a1ed7dd28fc062bf184aaaf4ed83e7b825,
EXP-MEDIA-059,0,government,resolved,retrieved_extracted,trafilatura,1073,d2183e51c156c3db9feccf6e7ebdb862854152b394ebb4518c2f3ba103881779,
EXP-MEDIA-062,1,investor,resolved,retrieved_extracted,trafilatura,552,b46025277d5dcb4d4c1666322bae8e638cce0d5605cdab75d77beeb60ed81734,
EXP-MEDIA-064,0,investor,resolved,retrieved_extracted,trafilatura,807,03e7711da26b2c757624568b0cf72362b3b0c979cab5ec4ba43a0207ba9110f4,
EXP-MEDIA-065,1,labour,resolved,retrieved_extracted,trafilatura,634,0c2d6708065a53325a36b5b34964c8a125e7bf6d675d5e434b7d83bd78cd1d8f,
EXP-MEDIA-068,0,investor,resolved,retrieved_extracted,trafilatura,992,f75d30d3934ee9ee91d2c63068960151d55822a70895cb8ff96839cbd2d20aa9,
EXP-MEDIA-069,0,labour,resolved,retrieved_extracted,trafilatura,1175,99078126663743e9e6c03a8e7635a2ee465395e3987ba39d7c62af12f333eca2,
EXP-MEDIA-070,0,labour,resolved,retrieved_extracted,trafilatura,4078,408beb7bbc3a2328c5916e049bb96e5e09c7d2dec2c6c620081aa9b7679ca465,
EXP-MEDIA-071,0,labour,resolved,retrieved_extracted,trafilatura,1245,05f2878d2b20b4ce5376b29d6d59559b73ffd4803409ed65f527d858fd40dd0b,
EXP-NGO-001,0,NGO,resolved,retrieved_extracted,pypdf,26644,e77a38ef8af75b55db89da538d6419fef4bc388c297d77129e32336e4fd6bea8,
EXP-NGO-002,0,NGO,resolved,retrieved_extracted,pypdf,20808,865017d984ea2c9180071d4909a2207365f599ae1351b252628278f3e3dce4ba,
EXP-NGO-004,0,NGO,resolved,retrieved_extracted,trafilatura,5886,b9d909b2d04157b591135cf39183ec16debfcf6ed87cff46810a56e7f844fc21,
EXP-NGO-005,0,investor,resolved,retrieved_extracted,pypdf,30013,52f682dbf1c259cfb7f6935f6d95a2628acb78d2aa305d4387def6b7b1243bf5,
EXP-NGO-006,0,NGO,resolved,retrieved_extracted,pypdf,16593,de93912379a291ac94c8ecd92b7b8ecb672a027f9595602ca45eb58a07121a17,
EXP-NGO-008,0,labour,resolved,retrieved_extracted,pypdf,129,20f0462900a993adc3f51ea1d8c2582b52ea162ccaf7e24cbfa14f5926236326,
EXP-NGO-009,0,NGO,resolved,retrieved_extracted,pypdf,1323,1ca97c6acd10f6800b5900eee9eea938f3a0f84eb69eadb8acbcf45e83c263f8,
EXP-NGO-011,0,NGO,resolved,retrieved_extracted,pypdf,386,8e0bb43eb5b97ae5778b4b4f36bf2e7170683ad7948b1f5700be43fa527219b7,
EXP-NGO-013,0,NGO,resolved,retrieved_extracted,pypdf,351,8fd1701a664fb6c50f32eb8c5c1b44fcd71e988bb9210d302dfa65b473612c36,
EXP-NGO-014,0,NGO,resolved,retrieved_extracted,pypdf,451,c8184475367f9eb25b02ca432c48792ff04970fd94a21a49dfaa4e6b06c4404b,
EXP-NGO-015,0,NGO,resolved,retrieved_extracted,trafilatura,788,487502314f8eb18e3857c59bf4e5f07dc05258403e26488bbf74c943de4e8a51,
EXP-NGO-016,0,NGO,resolved,retrieved_extracted,pypdf,585,bffc92cfd7975028ff8596c4040b70ec3fb46e0e5947eb4fcfda179102669c4c,
EXP-NGO-017,0,NGO,resolved,retrieved_extracted,pypdf,1010,a9cfb72431d676cf0e5758ebc5e21686be42484ebffe1b14d1f8a54741f36e1a,
EXP-NGO-018,0,NGO,resolved,retrieved_extracted,pypdf,1218,f781838fdf4c31cdf73a9b8200e543c2cb7b850c33b40f0872f4499cb8fa3c91,
EXP-NGO-019,0,government,resolved,retrieved_extracted,trafilatura,594,5f08199c5434c9ced792e14a07b3292a5f5641e365bf9c6a650f4d9240427d76,
EXP-NGO-020,0,government,resolved,retrieved_extracted,pypdf,7158,9d579c8881f164feb195535f0682b9f291c6559ef1a5c1038713a02de4513597,
EXP-NGO-021,0,government,resolved,retrieved_extracted,trafilatura,1061,bf304a8442dc7258e28c85e5f08c04243edb59a4f22ada4fcb5a2b4c136893f1,
EXP-NGO-022,0,community,resolved,retrieved_extracted,pypdf,1223,5b8c3be5fe328157f03f44225a886f553f4120f6a856c2d4a908d23ee1b171c1,
EXP-NGO-023,0,government,resolved,retrieved_extracted,trafilatura,676,ff69776bba03de3a9cc70621340a0e406ea28a0987792242f5ef68a52960bef4,
EXP-NGO-024,0,NGO,resolved,retrieved_extracted,pypdf,512,c85838358c6bbc300320a6f1b1f1987b04a6f4b4829127a2a3a3e703823cf370,
EXP-NGO-025,0,NGO,resolved,retrieved_extracted,pypdf,421,d6420a24983a682e0c3141c74a1ae498f8e09d987edd0967695003737da238c4,
EXP-NGO-026,0,NGO,resolved,retrieved_extracted,pypdf,370,3fee4dccaed3616f2604140bcb858d172e1d8118ea0391a6ef847b24dc7b2f90,
EXP-NGO-027,1,NGO,resolved,retrieved_extracted,pypdf,452,52afad35194a53b236d529508ffbd9a713716e22c6cd92a91a6464fc9f5247f4,
EXP-NGO-028,0,NGO,resolved,retrieved_extracted,pypdf,1168,fa402cd396be0a442f3a438c68d8b3955046d7d104940ad4f2a4def3f9c5bfd6,
EXP-NGO-029,0,NGO,resolved,retrieved_extracted,pypdf,595,f4478d15090870eccfb4ab28fc740c8760210f20f32f9466184ccd38a402882e,
EXP-NGO-030,0,NGO,resolved,retrieved_extracted,pypdf,699,bc887c9d23761aaf82b447fe3f472d155ffda69f3b05cb7402a2b48f2528a4cf,
EXP-OFFICIAL-013,0,community,resolved,retrieved_extracted,pypdf,15488,c09bc39d845361f563838c7e312d23807c4d75bab5d99bc570b6e265902998e2,
EXP-OFFICIAL-015,0,community,resolved,retrieved_extracted,pypdf,9709,ce6d1279aa31a55ad26a42be7fda79a98519d7b83c618c0b22e41469f2f3161d,
GOV-SAT-001,1,government,resolved,retrieved_extracted,trafilatura,603,4d6d7e4d2f13f3458cd2a96d772980b681fce5564f9a7d6467012152b6702d75,
INST-001,0,government,resolved,retrieved_extracted,pypdf,153495,94665832387751bfc73e5f241d0971bf0500a9e28cfc37154b5e621cde8daf07,
INST-002,0,NGO,resolved,retrieved_extracted,pypdf,51202,8f8867497238f8fbf27adf841646975fe945d5271fa51f2099f7b95eaaeccfd1,
INST-003,0,NGO,resolved,retrieved_extracted,pypdf,61984,56cf94d44f0f8d3d29cf06b1dad8e80d7bb861d5b5dd3f52b4f4a67d4b8c5c31,
INST-005,0,NGO,resolved,retrieved_extracted,pypdf,267,bed492ab350792e9810a2f386182358089507fb54239d342822a236daf2cbcb8,
MEDIA-001,0,investor,resolved,retrieved_extracted,trafilatura,1075,8a5e0963a6594c5db709627c898e024e6dc900b65ced3edda4cc1e6ec556faed,
MEDIA-002,0,labour,resolved,retrieved_extracted,trafilatura,1205,ee8d5601125a5ee0d2947f4f0b1b0f6b78874f51278257bc24c747c34d97fd2f,
MEDIA-003,0,government,resolved,retrieved_extracted,trafilatura,2194,b2ab20803cc9e715d67c71e00c1482142a2f4a57242841d816989f58c45b8029,
MEDIA-004,0,government,resolved,retrieved_extracted,trafilatura,1236,3e4b51d039b2cd0052306fc2243a9b06e01dfa4382853aef05ad51e87fdd61c7,
MEDIA-005,0,government,resolved,retrieved_extracted,trafilatura,1165,147696b0aff40f5a0385ea1d0351af60c90103a10eb1be49604a5543ebd6ec33,
MEDIA-006,0,community,resolved,retrieved_extracted,trafilatura,1357,cc2494df2e3a6e9c504c2cc5647e9785d14707b073f54c94bdbb7ec0f1918a86,
MEDIA-007,0,government,resolved,retrieved_extracted,trafilatura,1013,4990477a169e72ba640c1ceceaad864e56a7f8e3a6e696408e26c49a17275eac,
MEDIA-008,0,investor,resolved,retrieved_extracted,trafilatura,1096,38c4d0b79bdbf7a16952fe0c5ec71d1fd1a4e6ad47826feb14fc6addf3ceb1b1,
MEDIA-009,0,labour,resolved,retrieved_extracted,trafilatura,614,404ef2c575a73e5c1ec735571e6da35f2cbd5a095fed42dce124ec2ee89be046,
MEDIA-010,0,labour,resolved,retrieved_extracted,trafilatura,840,22736f343d9e757131add6e5e0b69370f0c5c834d80601700f591ba425605584,
MEDIA-011,0,government,resolved,retrieved_extracted,trafilatura,1744,50d10ee46af277cb83cd6940cca260adf6db710011f17514d5561e92079e3d90,
MEDIA-012,0,government,resolved,retrieved_extracted,trafilatura,1001,d1e64247a4e028f56d0f7a80121f6609b5f39e2be065a80842e8c98346c6e225,
MEDIA-013,0,labour,resolved,retrieved_extracted,trafilatura,685,87c2c133ce0dc0507a07535330aa446b14d1ae5acfeec7d4abb2572ee6faa0ef,
MEDIA-014,0,investor,resolved,retrieved_extracted,trafilatura,767,007352323215d8e01db01c88a6bd31ea4c328fe3eb372205db01c2a2f17233f5,
MEDIA-015,0,labour,resolved,retrieved_extracted,trafilatura,1203,6b01d6937c40c3c8092c2af5bbb47b310ec608544f78992ae0c0c7274559a227,
MEDIA-016,0,investor,resolved,retrieved_extracted,trafilatura,907,c4e7db0801cbcbe986814952268d6ffdb185cfbcc4e426e0f577cf811a162255,
MEDIA-017,0,government,resolved,retrieved_extracted,trafilatura,1846,d89e1c49a67208866c7f3147f9f52ee32f4c41f7648b88a4cc155c8fea6dbfa7,
MEDIA-018,0,investor,resolved,retrieved_extracted,trafilatura,1154,7672c7413f01d66b9fb8e65449e7d891417606ca0069e1e1d05c3a0771f650cd,
MEDIA-019,0,government,resolved,retrieved_extracted,trafilatura,3077,7f09169d4f87fd79f05e134f171e9cba688791706656c5bbf6ca2dfd6a9c2e32,
MEDIA-020,0,labour,resolved,retrieved_extracted,trafilatura,1455,f95c88ec16c15348a5e9ce6988f25d6beec7016b38526b8c8351fdc46df976c4,
MEDIA-021,0,labour,resolved,retrieved_extracted,trafilatura,501,54c301fe0ab64b925f96965a14fcb33e40b0b0d9b296c3a6dc770286651daa57,
MEDIA-022,0,investor,resolved,retrieved_extracted,trafilatura,822,59b0e1f282564aa0649c2b0d0ab9af66deccf7af3f3f059ffc6a65b2b98525e8,
MEDIA-023,0,labour,resolved,retrieved_extracted,trafilatura,541,5993db38abc24cd7c4006aeadc89a6ef2e71c0814495ca9755ddbd7ba61eead9,
MEDIA-024,1,investor,resolved,retrieved_extracted,trafilatura,962,13c4f16fd4fdbc0e246ac816784057e08112a5e2962e047bb870e2f00a4ed2ec,
MEDIA-025,0,government,resolved,retrieved_extracted,trafilatura,854,544d6cd8ce53507cd303b8ceb45b769f69c3067daddd7af006604751cf4949a8,
MEDIA-026,0,investor,resolved,retrieved_extracted,trafilatura,866,1857d97b03ca3ee49d239d7f7f16114f451ae22af8a1909b33374b40ac80e33e,
MEDIA-027,1,government,resolved,retrieved_extracted,trafilatura,763,58e2cf7541cc25e952690e4c2947aca7fad067138a69de38b8e0c096bd02ddce,
MEDIA-028,1,investor,resolved,retrieved_extracted,trafilatura,793,63eb6dab3a9db88331e0b4dd801b94e51129b171cf3d591fcf06b863e11e2050,
MEDIA-029,0,investor,resolved,retrieved_extracted,trafilatura,1303,1c0a5711e3a5fe9cf99d9c6ebac9f05708b7235000681d54a1caa70f39d9b6ad,
MEDIA-030,0,investor,resolved,retrieved_extracted,trafilatura,829,d1bcdcaeaf3aed2fda228c83d7feb10e646c830a69c05fb497672f738f631390,
MEDIA-032,0,labour,resolved,retrieved_extracted,trafilatura,1229,1a218aca40020f9714c1744f65370899a56f961d5929a2ad1b18aedb125893bf,
MEDIA-033,0,labour,resolved,retrieved_extracted,trafilatura,1284,9a1a0b9ffe779d6be6db35bcad604ff43697af950d937cc94e7533bead6468e3,
MEDIA-034,0,,unresolved,retrieved_extracted,trafilatura,624,7da8403e80798c715e9e0cf1874c8d8f645317f331115875dd5b6bfef4f3ee0f,
MEDIA-035,0,labour,resolved,retrieved_extracted,trafilatura,681,7a4a219605fb8264a9a2b574a8d45c49b16faad2d38f24c01680e073ba8d9941,
MEDIA-036,0,labour,resolved,retrieved_extracted,trafilatura,742,3d928ee2f5aaeddabc517084dc7d5583a55546f3654bbbf6ebf0b90647a1334e,
MEDIA-037,1,labour,resolved,retrieved_extracted,trafilatura,1746,15151c25233bed58b6e0883d34d375b7b1b202913f80fa0d8a0e649f0ef81a8b,
MEDIA-038,0,labour,resolved,retrieved_extracted,trafilatura,812,acdd9b04667d637c52339362aa40693424ccb22411b4b6135078d154b5fa01ac,
MEDIA-039,1,government,resolved,retrieved_extracted,trafilatura,1622,f0f02ca6b812af09bc9c7ff09e8e2ffec8807bfc1741094b3a71c930ee8d1fb8,
MEDIA-040,0,government,resolved,retrieved_extracted,trafilatura,2195,0627db5bf833836efec03a82c8f1a48963d182a1d1f7179914a839cb8ccf4ec7,
MEDIA-041,1,investor,resolved,retrieved_extracted,trafilatura,1676,33ae1135c40aca1ba4d5aa98436c3aa6931cf879e47ef1086d4c01d12456aeea,
MEDIA-044,0,investor,resolved,retrieved_extracted,trafilatura,461,373db119d41fe79ab61ac435dd5685c428b6952df8a70b02c2e4c54dccbc5b55,
MEDIA-045,0,investor,resolved,retrieved_extracted,trafilatura,613,a01b3107de395862ce2ca00feace6e65d1ea1160b37c56c19f95b520b7f20b38,
MEDIA-047,0,investor,resolved,retrieved_extracted,trafilatura,614,707f39da86515718d82dc3763f73c5d7d31146f7926fd38f333ca2e5909ae8fe,
MEDIA-048,0,investor,resolved,retrieved_extracted,trafilatura,1360,d8eae2bbc8f0cc281457b5b507064eba01c3abe616e847ba8442c9988e66be81,
MEDIA-049,0,investor,resolved,retrieved_extracted,trafilatura,764,9e948cf6e44f167ccf051d37eb95300c88f8d9bb7846081168e9a143a21dc704,
MEDIA-051,0,labour,resolved,retrieved_extracted,trafilatura,976,46ce993cc2dc9db00649240e3e27dd931d3db013c00ad45880c865a7e5bb5ac8,
MEDIA-053,0,investor,resolved,retrieved_extracted,trafilatura,551,8e3412fdfa96ac9ae222c8775c58af18bcb84cb2e9558b16f0c2bfee27d36104,
MEDIA-054,1,investor,resolved,retrieved_extracted,trafilatura,1227,598a1b05584e0d369935293a55c2fad6547ca24bca8ccbce52128b6592eb8ce7,
MEDIA-055,1,investor,resolved,retrieved_extracted,trafilatura,961,0e13ba9a57aed44b9d35b4077e5172e92b4f6e2defc28aebcbe688700acc6474,
MEDIA-056,0,labour,resolved,retrieved_extracted,trafilatura,615,7e89ee51c4658553917fdfbaf1d29d3a1bad31e7ece63cee9a76d0a3043c4720,
MEDIA-057,0,labour,resolved,retrieved_extracted,trafilatura,1877,be59b25bad1982d8bc9c0b5dcc2ca2eab1ed4b3a9325d07ec79f124cbac82317,
MEDIA-058,0,government,resolved,retrieved_extracted,trafilatura,2080,ccd19eb5e458c349856f80737d70549815f7425f48ef932ba0811582e76d0112,
NGO-SAT-001,0,NGO,resolved,retrieved_extracted,trafilatura,651,49c37d26ae853a41c72e5c5bf455c487d5d5cfce64719fde47afdf7012c5272e,
NGO-SAT-002,0,government,resolved,retrieved_extracted,trafilatura,274,d5b623a7bdfb49a446b382ee95f71a2c952b60ef0d006395c7b9f9a1f4292278,
NGO-SAT2-001,0,NGO,resolved,retrieved_extracted,pypdf,91846,2ab2e47c64061797f2832a6dda04f25d77e59a501478168d4f2239e39b3738c0,
OFFICIAL-001,0,labour,resolved,retrieved_extracted,pypdf,57418,72a14c105c27ddcc6ce49d164390ad7327a16476782b1a21e813d79c803afaeb,
OFFICIAL-002,0,community,resolved,retrieved_extracted,pypdf,4217,d1fde7173357d6dda1d35e9c03a3f0379a1d4225624e197bdd133dba4d5f70cc,
OFFICIAL-003,0,government,resolved,retrieved_extracted,pypdf,4322,66bc1e06a21695264c7f2349df24b073c6fd2a24afd314643ff4a7571020eb4c,
OFFICIAL-004,0,,unresolved,retrieved_extracted,pypdf,169497,75d4af7a0e5bd375738edd77c565b15b73ab97c43837b1ef3d788aba7a611be0,
OFFICIAL-005,0,community,resolved,retrieved_extracted,pypdf,76233,a9b8f1c82d0978f4dac94ec4df90331e84c95c248a791fcbec47042bb1eb6fed,
OFFICIAL-006,0,community,resolved,retrieved_extracted,pypdf,73475,770c6fcb8108ef1b039c79e438a1489cdb442e18de39919fd8b69c66c6b26153,
OFFICIAL-007,0,investor,resolved,retrieved_extracted,pypdf,45505,f48107132dae77e2661dbee4ab12b78a8afd778a8744fdddd9fe8284409a27ac,
OFFICIAL-008,0,NGO,resolved,retrieved_extracted,pypdf,69796,d0f4fdd08db181ffd47fdeba323238500aa34a18e65f38493e59ef66d4cfa584,
OFFICIAL-009,0,government,resolved,retrieved_extracted,pypdf,6365,3afac08dde92e496a25e85dfaef2f097a85ef16c7c4d2dd25827ff66d0155061,
OFFICIAL-010,0,labour,resolved,retrieved_extracted,pypdf,43558,a63cfb5ccb5f9e3df099f74c83a47627fb5b8b838d91e6d11a4938ea74df7ce6,
OFFICIAL-011,0,government,resolved,retrieved_extracted,pypdf,16541,e8348adc3989aac88f6bc48f5e980a7d7ab3dd517951b54963118a2df79a9df4,
OFFICIAL-012,0,government,resolved,retrieved_extracted,pypdf,174810,bb92706b8a476cd9c19a0e4062a371b7cc88bbc3020a01522def51f2b2ac6f11,
OFFICIAL-013,0,government,resolved,retrieved_extracted,pypdf,57831,ce2598d1386ecab6371d46baaf5db58662afe87a059b8a094161d0e25403a3dd,
SAT-EARLY-MEDIA-001,1,community,resolved,retrieved_extracted,trafilatura,1140,fc11007861699253489423afb813523928aa0d73308bf07e39fabcda65eb388f,
SAT-EARLY-MEDIA-002,1,community,resolved,retrieved_extracted,trafilatura,737,78f2ecbeb6b301a9621ecb012046d8165cfffd9247a53fe8b604145ce61d386d,
SAT-EARLY-MEDIA-005,0,,unresolved,retrieved_extracted,trafilatura,685,4033ab0f65f7616fe851b36cd763941795c74d5acda5f08f24fb0ad8e324c54f,
SAT-EARLY-MEDIA-006,0,labour,resolved,retrieved_extracted,trafilatura,1394,d4d5acdaee305101073ec839ff861f8bd241af6dc8d3192bf494a26cc9defed0,
SAT-EARLY-MEDIA-007,0,investor,resolved,retrieved_extracted,trafilatura,752,24f8d6630b6665065c381f4997728dac340b31e4f35c314f8e975d4cfbee3ab6,
SAT-EARLY-MEDIA-008,1,labour,resolved,retrieved_extracted,trafilatura,431,15f9f673a08e890179a41525146b386c5a4aa80c639d1829d3456b8057fe6dc4,
SAT-EARLY-MEDIA-011,0,government,resolved,retrieved_extracted,trafilatura,2239,4e6925580d5d1dd49223cdf984d2f6cf00b425046980802a2b50a2394f3ee9f6,
SAT-EARLY-MEDIA-012,0,,unresolved,retrieved_extracted,trafilatura,819,4a9129016d05a5f47ae7c8387ba0d1173ba8fd005ccbb3a25253f11b14f4c5c8,
SAT-EARLY-MEDIA-015,0,labour,resolved,retrieved_extracted,trafilatura,591,7e971a612c20b724e5d3da30519984796332f344740d9350d5c7fcb1c1ad60c7,
SAT-EARLY-MEDIA-016,0,labour,resolved,retrieved_extracted,trafilatura,759,629ef0d70f9d7426dbd4225e3d6d3c31fcefc48c23f2265ae6554cba0c8abac2,
SAT-EARLY-MEDIA-018,0,investor,resolved,retrieved_extracted,trafilatura,1090,072c760e097524d8d3bf5272439bb1c4e2f13423e6621716b93d538be4144d92,
SAT-MEDIA-001,0,government,resolved,retrieved_extracted,trafilatura,1383,5517a423b9249473887b24c4bfc7918611a3cbc74f58a9aed54f9c392ebba43b,
SAT-MEDIA-002,0,investor,resolved,retrieved_extracted,trafilatura,716,59b35ebc0476ec0a636a08bda7ebb668ff238b3ec6d029eb96f86f5128af2e81,
SAT-MEDIA-003,0,government,resolved,retrieved_extracted,trafilatura,918,d456110de410dcdac1e383459b88aa6fd9bc8e0bb8ed4f1064a72d5e433da89b,
SAT-MEDIA-014,1,investor,resolved,retrieved_extracted,trafilatura,573,e2084d3b42c059ad0e73ab0f5d6514a939565357dd8a9b5fadd0b1ff398d52a0,
SAT-MEDIA-015,1,investor,resolved,retrieved_extracted,trafilatura,602,9c4ad49ac0459d83b54b2aa2147ea72aec15213d28c7da7d0ee6efcf5c5e24e0,
SAT4-MEDIA-001,0,labour,resolved,retrieved_extracted,trafilatura,900,509ace3f3096972ac77c772992ac0c5dba6182e19b83a4c3d8f4275a5f075b0b,
SAT4-MEDIA-005,0,government,resolved,retrieved_extracted,trafilatura,1747,39677e3767f10f2919bfa67be26e8a673445ea958abbdf166483a7daaa2795de,
SAT4-MEDIA-006,0,labour,resolved,retrieved_extracted,trafilatura,1279,df3731e1b2face5369d5492e48fe45d1524deb07d2fdf951f455010b71f17a92,
SAT4-MEDIA-007,0,,unresolved,retrieved_extracted,trafilatura,1907,8e3a6ae1e9cb3656301f8bf5f7cb1ace568906dae6415f4f380c47d6161e70a4,
SAT4-MEDIA-008,1,community,resolved,retrieved_extracted,trafilatura,929,061cf6ca3e4b464448a267a6527e468b78965f6473b23ca91d4dd9fda52514d1,
SAT4-MEDIA-009,0,investor,resolved,retrieved_extracted,trafilatura,773,df9c02a13ea4b8e6aa4bba8717c14503a5be8a09a0a1268674efa3183990fbc0,
SAT4-MEDIA-010,0,labour,resolved,retrieved_extracted,trafilatura,452,1d8698fec9ff8454ad7c5f43c317890f0fcefc191dcca41d87a32b61e9427b0f,
SAT4-MEDIA-011,0,labour,resolved,retrieved_extracted,trafilatura,729,456411aed8cee9a5f4932be4d953874eb9ae1ef6fffb0dd2ee9bd4861c5c0821,
SAT5-MEDIA-003,0,,unresolved,retrieved_extracted,trafilatura,1140,8b8b6a870e7a905f6414cf284578862acacf78c27546a65f956c1760e6940df7,
SAT6-MEDIA-003,0,government,resolved,retrieved_extracted,trafilatura,1353,ffead02d5356136be3026088a48890bc6f8b25a864f828b63bae73b83b44d2dd,
SAT7-MEDIA-001,0,government,resolved,retrieved_extracted,trafilatura,1565,399383f3bb749b93ab5b841a86439905eb10dca6adf1fe8cd5efb93e6d5a86af,
SAT7-MEDIA-002,0,government,resolved,retrieved_extracted,trafilatura,1590,8bddeee80c0e31cabe05171ea375810f426de29ba0fe40bdec2471c789c7cbb2,
SAT8-MEDIA-001,0,government,resolved,retrieved_extracted,trafilatura,1388,8cb4ed67a1c958a4b90569769a14202902d793f9df91441a307c41ce2d48ffc9,
SAT8-MEDIA-002,0,government,resolved,retrieved_extracted,trafilatura,1266,3555c85dec2bc4b4f1a0938e01b0f3ac7f576406707fd102ec72d3cceb36397a,
SAT8-MEDIA-003,0,government,resolved,retrieved_extracted,trafilatura,1487,86c5260bcfccdd99d5d9c0ac1f591210ff5f14e6164ad16c04a61b8719d286a5,
SAT8-MEDIA-004,0,government,resolved,retrieved_extracted,trafilatura,1067,22ef404803be943cb92c08c3658c151b6e2078fe9874348d3f3ee16f8c236cec,
SAT8-MEDIA-005,0,government,resolved,retrieved_extracted,trafilatura,1510,812c510a9f8705e6bfc5e8c7cea77778d0f4ae7420e22c71233ef1333f019a8b,
SAT8-MEDIA-006,0,,unresolved,retrieved_extracted,trafilatura,1367,21fd40a9038ca3ed16c8ee10956519ff859efa0f2c3d89ceec319892493f21b4,
SEC-MEDIA-0001,0,labour,resolved,retrieved_extracted,trafilatura,871,994adf7d99dee1ac61a42b8d2278705164d5d3dc9ec97c786fac4e41a7ddc72f,
SEC-MEDIA-0003,0,labour,resolved,retrieved_extracted,trafilatura,1275,4364efceb77eb2a8916fff849694dd84e3bb5a70bfe1e5c853ba35028dea707d,
SEC-MEDIA-0004,0,labour,resolved,retrieved_extracted,trafilatura,1109,ce1d8527030f3f783b9db790287268e882007cfc31ecd9b9a61446572fe20d68,
SEC-MEDIA-0005,0,labour,resolved,retrieved_extracted,trafilatura,1281,86a11b6058d2a7551a80eac73209ecde588dce3c8226f51cf8f8353ef58bfd5a,
SEC-MEDIA-0007,1,labour,resolved,retrieved_extracted,trafilatura,1053,82f84f7e6ee78e9c786ed2908907e6dacbe1093d126c0145b87552408ad5d4d4,
SEC-MEDIA-0008,0,labour,resolved,retrieved_extracted,trafilatura,1053,43c9944e28289ead1a4744cead7616d66af621a70d8de0b26672fed07befb0b9,
SEC-MEDIA-0010,0,labour,resolved,retrieved_extracted,trafilatura,772,9bbc79964d4a49dfaa2043ae3b5b7ca8e9b1b1b45ca6067cd6c17520e17ee073,
SEC-MEDIA-0011,0,labour,resolved,retrieved_extracted,trafilatura,1086,34eda634062f9d4a8123c520c1d0c8f5c4dbb081b673f2ed69c258c2e82db07f,
SEC-MEDIA-0012,0,labour,resolved,retrieved_extracted,trafilatura,879,a3a7b841371a194086d2508c3a48bd00004a0fd8f998f91fbab954ab31787599,
SEC-MEDIA-0013,0,labour,resolved,retrieved_extracted,trafilatura,786,772403d2dc6df01a39fd9f311743e6905b8ee89a64bf7f21f21dd3f0450eaa53,
SEC-MEDIA-0014,0,labour,resolved,retrieved_extracted,trafilatura,285,c5884445173a98d1653e1fff3f50f845061dd471576caac845e51d55844c315e,
SEC-MEDIA-0015,0,labour,resolved,retrieved_extracted,trafilatura,1539,c92bf18b0a31093aa0894226a9010edc21de1896d323da13d812c7d7fa5e28bb,
SEC-MEDIA-0016,0,labour,resolved,retrieved_extracted,trafilatura,1545,f38f92c2951fac80f4fb991b79b9e905fb72e95d1762639d6b595f247bc0ff0a,
SEC-MEDIA-0017,0,labour,resolved,retrieved_extracted,trafilatura,1089,0f6051d993140762773f056ad111dc9a99641fd7686fc8b303c2a92e6de1c50f,
SEC-MEDIA-0018,0,labour,resolved,retrieved_extracted,trafilatura,1172,d87b6f34a2d5f84dfd3fc60114e4ed5c74e1ff74bbdc45fdb88ac405141c4ad5,
SEC-MEDIA-0019,0,labour,resolved,retrieved_extracted,trafilatura,1111,201908b8111714eb5f779e41a5414053ed2a80622aecee197528a5305f670187,
SEC-MEDIA-0020,0,labour,resolved,retrieved_extracted,trafilatura,1073,7e3b345498e471ec56b705db0d7b973a1d0eb11ebe9effefbe5cd69f112bf304,
SEC-MEDIA-0021,0,labour,resolved,retrieved_extracted,trafilatura,1210,99aa9ba7eac229e51f0750f025723b69f2d3093a804d7d50255ad7c29543ee95,
SEC-MEDIA-0022,0,labour,resolved,retrieved_extracted,trafilatura,1214,32cb88d8c5fdd1bf42fbc5309d0bffc0f48a515f49b512f93c6389f96543f083,
SEC-MEDIA-0024,0,labour,resolved,retrieved_extracted,trafilatura,1439,03d2086f28838ea1005b75f2b03df22b0c950a52ab7d3a6da4390a405bef3cd2,
SEC-MEDIA-0025,0,labour,resolved,retrieved_extracted,trafilatura,964,3aff22d9856479bdedee4497fdafffdc98a7443e6dbae84c234cf446724d04ff,
SEC-MEDIA-0026,0,labour,resolved,retrieved_extracted,trafilatura,1173,dcecda83247c3923fef670f6f16a4577fa0c0d4ac3577479894f1e0575c9086d,
SEC-MEDIA-0027,0,labour,resolved,retrieved_extracted,trafilatura,1143,0c9d252476208bd3ab4d704a0917b3cbf135da8f914c24954426ab1c1848e073,
SEC-MEDIA-0028,0,labour,resolved,retrieved_extracted,trafilatura,888,347fe91d70398cccc28bd9cf8eab5d8e9cf934482c4cb5c5d52bab995f71cb93,
SEC-MEDIA-0029,0,labour,resolved,retrieved_extracted,trafilatura,1252,93ef6b2af52ac21f36da73469c7cfc967bd9a4df6b05e5ca8eced7fcdc5096ff,
SEC-MEDIA-0030,0,labour,resolved,retrieved_extracted,trafilatura,2015,2aa3ba31272e2191a191a433c3e5ec14424364a9f9e2512a520f93c9c7f00891,
SEC-MEDIA-0031,0,labour,resolved,retrieved_extracted,trafilatura,774,a58257a3728fadf6b5192146d4a982e5a5590571ea38159c7fcc7d75567a71d8,
SEC-MEDIA-0033,0,labour,resolved,retrieved_extracted,trafilatura,1423,41cef8b6b65ffd4549d131f37cc9332bb4c0cb0d9ec867bb8113c42ef136d7e6,
SEC-MEDIA-0040,0,labour,resolved,retrieved_extracted,trafilatura,823,eb9deaba06078f8a3f72255cb3ef9809b0c9f8f149e51e32ec0bea4981bf1f20,
SEC-MEDIA-0044,0,labour,resolved,retrieved_extracted,trafilatura,577,95a8ef11d00a51921a70ecd2c3a3aae04e972d69ba40b5acc6f94e1bf848f369,
SEC-MEDIA-0049,0,labour,resolved,retrieved_extracted,trafilatura,753,6fbf9a23a8fe06b15f67fbebc2d603235cb19e9065b7cf1908bded753e8985b2,
SEC-MEDIA-0052,0,labour,resolved,retrieved_extracted,trafilatura,409,2e83c84ceea0e3f148d53a171c761e0237ea5b34ba7d7e3336d9858ff4fa65e9,
SEC-MEDIA-0063,0,investor,resolved,retrieved_extracted,trafilatura,828,2404cc4e1ef1fcf8855848e5a81eaa310d44a6711047dd91b6fdf30489a8175b,
SEC-MEDIA-0086,0,investor,resolved,retrieved_extracted,trafilatura,1316,3ca569b9b128359dffcd46d3071202a9b79102e417cb70087bfabf831dfb329e,
SEC-MEDIA-0087,0,labour,resolved,retrieved_extracted,trafilatura,905,b3074cfd6b6b8c35ee1a7f5e8abbb62c2c0c338ed323eb290051f222aac00643,
SEC-MEDIA-0099,0,labour,resolved,retrieved_extracted,trafilatura,590,46ca213eea7e01ce43c6bd03a7e40c6bcd9e77bef4138d26b092f01485f96878,
SEC-MEDIA-0102,0,labour,resolved,retrieved_extracted,trafilatura,638,2b82b1651674d61d72b8fff449fb2b39cc9185a514193d3ef62e65ade8ead1f0,
SEC-MEDIA-0115,0,labour,resolved,retrieved_extracted,trafilatura,1149,dc5bb76e3a1cbfe34519cf82222bab2f3b0d38ba3a8c2a41a6c611a0b3bb5457,
SEC-MEDIA-0116,0,government,resolved,retrieved_extracted,trafilatura,1192,772e671ce3561e28090cccd2e10526a64a18d30ccedebf4f45ef7f69a833e325,
SEC-MEDIA-0117,0,labour,resolved,retrieved_extracted,trafilatura,1058,5b5f462275232d55803d9262bc35d7fe857fd0188cf29f449214dca75b5476ef,
SEC-MEDIA-0125,1,investor,resolved,retrieved_extracted,trafilatura,865,1775c5905b91b7a20fdf8df10f965f6ab0dbc3145f90366ce5f3e2259e3ad203,
SEC-MEDIA-0150,0,labour,resolved,retrieved_extracted,trafilatura,580,64c84e59d0d72ebfe7d40581f9f0cfeeef85aa31976438445082023106e9ec61,
SEC-MEDIA-0169,0,labour,resolved,retrieved_extracted,trafilatura,558,88e77552fea3b1e78119a950f486c60c170a06e6387b66db036afbb2cb0accdb,
SEC-MEDIA-0178,0,labour,resolved,retrieved_extracted,trafilatura,628,58d9dfb1fab1977e8693a976e3e4b326a609149e4720dc5f696cd12347028fe3,
SEC-MEDIA-0184,0,labour,resolved,retrieved_extracted,trafilatura,1354,4c3ca3a8c0ce4af8d8a422c8fddbcff6970c7ebca8a6e193b94a1fdfb7995fb7,
SEC-MEDIA-0188,0,labour,resolved,retrieved_extracted,trafilatura,704,c0762fb7b6ac3675733d1ee188d870d9cf7804f814629ea0166bb2d8af0a3141,
SEC-MEDIA-0194,0,labour,resolved,retrieved_extracted,trafilatura,619,a533f7d160bb701bb722c642489f772b7add13b3c817e3b3c422960055bee353,
SEC-MEDIA-0196,0,labour,resolved,retrieved_extracted,trafilatura,720,0b5a967e9efccbdffced42e38e0f5635aec9d271fd3a7d69b341603c5d59a239,
SEC-MEDIA-0197,1,labour,resolved,retrieved_extracted,trafilatura,441,bae1c6e81c94a1775dbb9f4c292ab96a0a92068e9bf60b2bf347e7165c1b547a,
SEC-MEDIA-0198,0,labour,resolved,retrieved_extracted,trafilatura,506,90693dbeb6beea75d50275058369df86697c54efcbf11262203d046bf12cdd38,
SEC-MEDIA-0206,0,labour,resolved,retrieved_extracted,trafilatura,559,1c8ac32ac54479c236cd879de15169a3ee0f499e18f7f5174fbe29a65318880f,
SEC-MEDIA-0212,0,labour,resolved,retrieved_extracted,trafilatura,584,018a8e8bbb09e1402f3a124798a3ac7ed1a2b1fb0a6cd1bcc13e229d5827f4bd,
SEC-MEDIA-0228,0,labour,resolved,retrieved_extracted,trafilatura,747,a6ddb95cf7b2b6b5988a8e073b911f7f63764f6a1d52524f8cadad197a4fc4e5,
SEC-MEDIA-0229,0,labour,resolved,retrieved_extracted,trafilatura,677,8777c0b71c2e823cec9d7219285d503cbf210eca4d2ef337a7494de07c71b001,
SEC-MEDIA-0230,0,labour,resolved,retrieved_extracted,trafilatura,501,ae1f4c62928e3e1df9a8cbf362f652cac3e1551436ad6a0e2d7b7bdb33edccb5,
SEC-MEDIA-0233,0,labour,resolved,retrieved_extracted,trafilatura,936,3ff98edc924dd075351249e3444e03a9c4a46550315f6250e63dff92c624ba82,
SEC-MEDIA-0235,0,labour,resolved,retrieved_extracted,trafilatura,587,0ffe1bbc613c188ba10ec12d97b5317f4ae601af3e3cce251cff5014e0c0364c,
SEC-MEDIA-0236,0,labour,resolved,retrieved_extracted,trafilatura,627,51d2b212100c1689864000c09946cb2368fdd2f3682afcfeffd933ed472a1f3f,
SEC-MEDIA-0237,0,labour,resolved,retrieved_extracted,trafilatura,546,8d5dc0071686cde256935f54e27c23959999e34ee41439989f3b70c279b41430,
SEC-MEDIA-0239,0,labour,resolved,retrieved_extracted,trafilatura,623,a34d56be7f17939624d1eae5f15dbe4bfc2c5fd909683cf91d8fbb1956b9674c,
SEC-MEDIA-0251,0,labour,resolved,retrieved_extracted,trafilatura,979,dd0a35ff4f48e5a58d4de1694d69d3e4c2751c04ce62cb9bf3a0dd159c16c9ec,
SEC-MEDIA-0254,0,labour,resolved,retrieved_extracted,trafilatura,955,0e64f41a578b0f9d5051231a5e72c5624578c35e27d2470195b2b726f0ef98cc,
SEC-MEDIA-0258,0,labour,resolved,retrieved_extracted,trafilatura,645,494a687427af7c05de5d7fd14b128669af6e23faba1871c721c343e6f308850a,
SEC-MEDIA-0264,0,labour,resolved,retrieved_extracted,trafilatura,533,7408726e931a6b3c31ab0358b40ef8f8ed325e89f6fbbbc70c0651dd35ba7dc7,
SEC-MEDIA-0265,0,labour,resolved,retrieved_extracted,trafilatura,835,bcfc211ce1d25d67e34800974df815709dcdc85904ab53a0445d324341af8cf7,
SEC-MEDIA-0267,0,labour,resolved,retrieved_extracted,trafilatura,647,acb360b333f726a19e6ce2dfa0b70f71a57fd9d8eb9918ce2e244f745edd3707,
SEC-MEDIA-0280,0,government,resolved,retrieved_extracted,trafilatura,589,be4beda4e857feaaa388d7db48b96d8e12547634b3a80631c5797974a760e06c,
SEC-MEDIA-0283,0,investor,resolved,retrieved_extracted,trafilatura,1189,1e3dbacc2f6593b59209b0809fb6d99c0e8874341eee32ac9bd0113d48cd1792,
SEC-MEDIA-0293,0,labour,resolved,retrieved_extracted,trafilatura,621,a471865b54dbf673f4c2e700a3ea46bd47c81d22b6d3f73d7ffabed64fd0443f,
SEC-MEDIA-0317,0,labour,resolved,retrieved_extracted,trafilatura,630,905d6a2693a676c8274e0ecef477561f80414b98d79f4f6e3eb51aebfda24fa0,
SEC-MEDIA-0322,0,labour,resolved,retrieved_extracted,trafilatura,838,41a32237016b027caa91ccc970c5cbf6455525053f478e9dce5fa7f5426ef6e3,
SEC-MEDIA-0327,0,government,resolved,retrieved_extracted,trafilatura,695,b43260c8e24cd845ff4c9d0a6f7c34400f305934c601382430ecf4ef4f9e0e0e,
SEC-MEDIA-0372,0,labour,resolved,retrieved_extracted,trafilatura,649,19e8198943a4843feaeeab3b20011841a2976d37931f14bd5d6b7b5a9d361cf5,
SEC-MEDIA-0385,0,labour,resolved,retrieved_extracted,trafilatura,461,5f765365871d624ff7fb618f77bd70f969fefc666cf2c09d60b3cf8fec2c70e2,
SEC-MEDIA-0389,0,labour,resolved,retrieved_extracted,trafilatura,703,00b53da1bc9c8dac04ada3db01b01bef10fa5fcc198625eeb61def99b6d6c1cc,
SEC-MEDIA-0392,0,labour,resolved,retrieved_extracted,trafilatura,573,14232ef82ed4d57b03ac17014a8220cff4d85926be3117a5c411af0cc4e1e227,
SEC-MEDIA-0397,0,labour,resolved,retrieved_extracted,trafilatura,1210,e100b21ab71bd5d3179ee6dac43bd1db2e1b3993002862b42b9370a42e66465f,
SEC-MEDIA-0416,0,labour,resolved,retrieved_extracted,trafilatura,478,906ad16703f5d2cd08ae285f4b515f20e6faaaf814b40cf871dde968fe2ad261,
SEC-MEDIA-0417,0,labour,resolved,retrieved_extracted,trafilatura,489,51c2e37ec7fb61ace936528eb017bdd117265f4125a222c20b8d73f645bd442d,
SEC-MEDIA-0424,0,government,resolved,retrieved_extracted,trafilatura,670,47c9176099af06e3931415a9b874b8bfec2ae55577a780e5dbd1257a4c933079,
SEC-MEDIA-0425,0,government,resolved,retrieved_extracted,trafilatura,560,b361eff3d9686dd8f151feec09e22a8472f1f821fad7559c9266e1f113bed87b,
SEC-MEDIA-0429,0,labour,resolved,retrieved_extracted,trafilatura,601,adb25a6b8c81a8cfea4d2988732bcce1f0f93e4ebdce225c2f295c6e67aa8536,
SEC-MEDIA-0437,0,labour,resolved,retrieved_extracted,trafilatura,1387,c2c3331ace3d55c8fa4705fbdeb637b09b0b258abcf105c35ac09a39f607fc24,
SEC-MEDIA-0475,0,labour,resolved,retrieved_extracted,trafilatura,1526,21cc2ff562db49c268c27919aa715699f90fa7216a61fd4de333de8bd649d305,
SEC-MEDIA-0476,0,labour,resolved,retrieved_extracted,trafilatura,681,7749accb4e05acf0d1a33333b82d660b296994fba54a5a68de84bdcec33614f4,
SEC-MEDIA-0477,0,labour,resolved,retrieved_extracted,trafilatura,762,168b85c2a931a5d7ac84530fd9cdc637c6df00163afa50fc2f2e7628e04b37f9,
SEC-MEDIA-0478,0,,unresolved,retrieved_extracted,trafilatura,839,760d4a424dd997f3ff5ace4c469f653723da7270270bf99e735f04c64c783609,
SEC-MEDIA-0482,0,investor,resolved,retrieved_extracted,trafilatura,489,526185118bf18b414bde68dc53e26d50abef1abf49d2062519ac96ea7598f5a1,
SEC-MEDIA-0483,0,labour,resolved,retrieved_extracted,trafilatura,384,f9cab0e0c66bba350e8100d9aab45470ceb3d50379bff33c09d7e94c63482198,
SEC-MEDIA-0484,0,labour,resolved,retrieved_extracted,trafilatura,1284,e4b5c40bcc246eeaeafb364946bd0103b2f4a16c4db25923275fe3b0b9ea47a0,
SEC-MEDIA-0485,0,labour,resolved,retrieved_extracted,trafilatura,656,1349b2b27b366a32dc0b689e5bafae0ff3132d06c31d5f52f3837e893e1f3b32,
SEC-MEDIA-0489,0,labour,resolved,retrieved_extracted,trafilatura,967,6c20f7dd5de7b510f5ea0934992fcd1a66072f08e16e9e5bc146fc09fbcfc868,
SEC-MEDIA-0490,0,labour,resolved,retrieved_extracted,trafilatura,1025,cf4dc86107e523b16339ddc0dc8061561bce791bacca2a265ea7320901336951,
SEC-MEDIA-0492,0,labour,resolved,retrieved_extracted,trafilatura,990,37b21115836c14ab6232305872cbf060750222aea31cee704d290c6603c89800,
SEC-MEDIA-0493,0,labour,resolved,retrieved_extracted,trafilatura,750,9816096f25d594c15431f0278d482c48cd58288a203250934e384372947952ee,
SEC-MEDIA-0497,0,labour,resolved,retrieved_extracted,trafilatura,760,f2163710f8e9792b9d25c7d51dc7b1585128f27800e72a9e9bdc34f3ab9b5195,
SEC-MEDIA-0516,0,labour,resolved,retrieved_extracted,trafilatura,496,30944e4fd8ff5dc5c05b500b31bcd4214674841759eded854f725c9e037e47f9,
SEC-MEDIA-0519,0,labour,resolved,retrieved_extracted,trafilatura,679,6854475395aec50a6d47ddd94bde2f7854e9abc4c7d7a94109922946125499a6,
SEC-MEDIA-0524,0,labour,resolved,retrieved_extracted,trafilatura,934,cea154084c44c8f26ec0e84ca97f22994700b596b168aadfc6f22d2bc9d84b2a,
SEC-MEDIA-0559,1,investor,resolved,retrieved_extracted,trafilatura,515,c9be650b29c7db9e7b866f1c9ceaca2b0f6b50419ff13e4cdc040314a30d8f1a,
SEC-MEDIA-0577,0,investor,resolved,retrieved_extracted,trafilatura,421,be6dc278e7ffd58aa161e1982937341300e9a7dca8c66a2f592d58a4bc9f6d49,
SEC-MEDIA-0622,0,investor,resolved,retrieved_extracted,trafilatura,805,5809faf3f5886b4174fbc06f93642328ad72bf6129d9436c7b82d764f36a7ebe,
SEC-MEDIA-0706,0,investor,resolved,retrieved_extracted,trafilatura,1917,a6a77bcc14a97d8ccfc61d5c954ab672f45889d8b54b7c1f6b5f4f4a62e6bcf5,
SEC-MEDIA-0764,0,investor,resolved,retrieved_extracted,trafilatura,2028,adaf38dbece8bb601089ef5e66f01f418ab3bbbc40cc300119125f7a436b3339,
SEC-MEDIA-0877,0,investor,resolved,retrieved_extracted,trafilatura,662,258bc882f0b70a9af7b71d384d3d0d8774933ce3c663ca3c5f65d31f828f7c3d,
SEC-MEDIA-0928,0,investor,resolved,retrieved_extracted,trafilatura,1494,c630b1ecead79cf4ffb1ba6bbffd89bb00989224d63ff960222d02018955fe79,
SEC-MEDIA-1013,0,labour,resolved,retrieved_extracted,trafilatura,558,a87a9b0abb0a341bdc2c420472148a0a40166907c05ee938f7b7340e333ff42c,
SEC-MEDIA-1017,0,investor,resolved,retrieved_extracted,trafilatura,878,8cb8aebd95344eb11597faa4f621aecb3137005251f55ac0a38e981083ba5edb,
SEC-MEDIA-1029,0,labour,resolved,retrieved_extracted,trafilatura,818,28a9b4af707cdbf8bcaee2ea8a5b3f3b45b26ad50ad68b342bd8142f814387b3,
SEC-MEDIA-1044,0,labour,resolved,retrieved_extracted,trafilatura,638,cdcc61dd2cbf422bc3a427c601f3e59d11a04c6bc11c3509daff3fa629302e7d,
SERI-SAT2-001,0,NGO,resolved,retrieved_extracted,pypdf,517,01d4fe14e970ddae66e1fa661d93eb74245ab9468d2b55b20a7ac551eed13b26,
SERI-SAT2-002,0,NGO,resolved,retrieved_extracted,pypdf,378,0a515de4a95a0c8fb06d059849f423a4d3b4b3e9993532eded3e34146a9d9670,
SERI-SAT2-003,0,NGO,resolved,retrieved_extracted,pypdf,1409,f3a281dae19d23926c72d6b2960a498c43f3fdcdbb32ba461518acae20e1bd30,
SERI-SAT2-004,0,NGO,resolved,retrieved_extracted,pypdf,667,9365e98e65b99fc70b73f15dc30c0b795354b4ffa200c3e7b4446461cb2de05d,
WEB-GOV-001,1,government,resolved,retrieved_extracted,trafilatura,236,79160a443a6534388e8ac6de7dd55de381eb6c977c56d2b785e0bd743882bbe4,
WEB-GOV-002,0,government,resolved,retrieved_extracted,trafilatura,976,4a630ee882767ae8709e77319bc9ebebd3878ea18b3155786143203e0bdb397a,
WEB-GOV-003,0,government,resolved,retrieved_extracted,trafilatura,404,89ed791ea730986167fa5dd1745aa5247541b8caf7b180b36a418aa44cd8f3af,
WEB-MEDIA-002,0,government,resolved,retrieved_extracted,trafilatura,885,9a9ab163828f0bda2e9222878f779d2c05d6e281dd09b780b69fa412d2d2854f,
WEB-MEDIA-003,0,investor,resolved,retrieved_extracted,trafilatura,1156,42b2ada017e412ee67a697c5dc952a09dcb9108f0cdf7f9939062f087010fdc4,
WEB-MEDIA-004,1,investor,resolved,retrieved_extracted,trafilatura,1582,5462b3d466bce5e28b7d7bf963a67924b920c8eb683d5af1f452ea1caf81bcbb,
WEB-MEDIA-007,0,labour,resolved,retrieved_extracted,trafilatura,1017,81608b42685e7dc228970c5de6fa8d4c0c4903308d78ad83529b308ab6cbb31b,
expanded_corporate_candidates__EXP-CORP-002,0,investor,resolved,retrieved_extracted,pymupdf,79172,1653d5dc7031c44661f36fbcac50967c9683b7e5b5156976e838167446cbb0a5,
expanded_media_candidates_02__EXP-MEDIA-038,0,labour,resolved,retrieved_extracted,trafilatura,1132,84b9e8ffd5341fe8cdc1ce4ba83f33ff36eaf3658b2591589769d7a3166ee77e,
expanded_media_candidates_02__EXP-MEDIA-039,0,labour,resolved,retrieved_extracted,trafilatura,570,dc2b8ecee6ff4339ea681bedda5e509cad108fea5ec8021d0a6654f52f0a5235,
expanded_media_candidates_02__EXP-MEDIA-041,0,labour,resolved,retrieved_extracted,trafilatura,606,0dcc2364bc7d0fb0cc885e3d93b1c0d4acc88d59150c0e43943ea6baa7a117b1,
expanded_media_candidates_02__EXP-MEDIA-042,0,labour,resolved,retrieved_extracted,trafilatura,691,09086ae2e88a510d896dc6ab00972f1373fd3826f7a2ae50ab6d52d32d30bd71,
expanded_media_candidates_02__EXP-MEDIA-044,0,labour,resolved,retrieved_extracted,trafilatura,622,ae3077052f3bca8f1b55eb9430ca8f3c70f5b754a6462007fdc335138bf0490a,
expanded_media_candidates_02__EXP-MEDIA-045,0,labour,resolved,retrieved_extracted,trafilatura,648,e56bd88901487c16a6a600628dbe96e92a91c64503e96eb66f27a3576989a66a,
expanded_media_candidates_02__EXP-MEDIA-046,0,government,resolved,retrieved_extracted,trafilatura,1639,442c923390b3a90d264b476022ef9aa481afe1b185b77360519962865a90f729,
expanded_media_candidates_02__EXP-MEDIA-047,0,government,resolved,retrieved_extracted,trafilatura,1246,f64290f4a4a29dcac59baef4c5f30aae20f77dc528817025681af07dfe5ecedb,
expanded_media_candidates_02__EXP-MEDIA-048,0,government,resolved,retrieved_extracted,trafilatura,1764,b8b96007d123206d6dc204706db0533e760fcd3204b829e8e1d4b6a51fdf38f3,
expanded_media_candidates_02__EXP-MEDIA-049,0,government,resolved,retrieved_extracted,trafilatura,1049,cb7ccfc31041334f26e1be864cfb7778ebeab98ddd8dc507df06db0aa5131727,
expanded_media_candidates_02__EXP-MEDIA-050,0,government,resolved,retrieved_extracted,trafilatura,1370,d32f50bd199f65b09e0bf6a6c8bd3e721f0d4a6c62ac73ae2760ceb94c06b0cb,
expanded_media_candidates_02__EXP-MEDIA-051,0,investor,resolved,retrieved_extracted,trafilatura,1196,4eea80111d2c561af09436a9f9ac007b468f0fa91feff08d180a16ab3d76b0f6,
expanded_media_candidates_02__EXP-MEDIA-052,0,investor,resolved,retrieved_extracted,trafilatura,741,327146befd2fcc72f4b74978544608389cf3e2d2390d036bd46a2f8f38975497,
expanded_media_candidates__EXP-MEDIA-004,0,labour,resolved,retrieved_extracted,trafilatura,501,5f06f89f4cad53caa57ac16aeab2388f3a43ebb447cbbf9912789ec0c7d684b5,
expanded_media_candidates__EXP-MEDIA-005,0,labour,resolved,retrieved_extracted,trafilatura,616,5e03b0e74c989dc38ea16dc61155e714d55ec8aa1287f25775927b402aacadae,
expanded_media_candidates__EXP-MEDIA-006,0,labour,resolved,retrieved_extracted,trafilatura,1042,80cef5c3759cc283fc1d83d316a6e940407fe3e9cb453c8bd69c10f61e5ef6e3,
expanded_media_candidates__EXP-MEDIA-007,0,investor,resolved,retrieved_extracted,trafilatura,1366,1fe537ff0c935cb25231ed86a2ccaae5690d8bd9938ac46a7ed4c71f84a50dcb,
expanded_media_candidates__EXP-MEDIA-008,0,labour,resolved,retrieved_extracted,trafilatura,603,2187cc93a83577be13daa94632fe9c80609d68aae7297e3b6eac5f0d61d87bdd,
expanded_media_candidates__EXP-MEDIA-009,1,labour,resolved,retrieved_extracted,trafilatura,1836,abaf3e97f6b322e2310533511c6e2c98d3aaaf45ac5ee31ce3fdd18691675aab,
expanded_media_candidates__EXP-MEDIA-010,0,government,resolved,retrieved_extracted,trafilatura,495,28163256eb840f5c0763fce243053adbc7f83e4a02b1a1c5c56939132ba845b5,
expanded_media_candidates__EXP-MEDIA-011,0,government,resolved,retrieved_extracted,trafilatura,1366,70107f57792368886c5250afe181a2a886299c43bad3a15b37dab6705467cfef,
expanded_media_candidates__EXP-MEDIA-012,0,government,resolved,retrieved_extracted,trafilatura,729,5eb3de69c422b7ae383ae983496deae9f98a2c94cb96318518499d0cf48556fa,
expanded_media_candidates__EXP-MEDIA-013,0,labour,resolved,retrieved_extracted,trafilatura,882,c340c06295226b684e50e464c8537fe636e6345dcfa3d12da0876e020df70ef0,
expanded_media_candidates__EXP-MEDIA-014,0,investor,resolved,retrieved_extracted,trafilatura,1933,fa4cb12cb03af059fa13ddf2e895f8f83a51a3360c422065c40a9a86106741f3,
expanded_media_candidates__EXP-MEDIA-015,0,government,resolved,retrieved_extracted,trafilatura,796,15481f8473975ff0b5d5abb1cfc48d9ea927c5cf1f32f61b9f78f9fba0d6de20,
expanded_media_candidates__EXP-MEDIA-016,0,government,resolved,retrieved_extracted,trafilatura,862,daab031f5834011f472d3f1ffac17422dfb0d426090e84404012d92f980a6b0d,
expanded_media_candidates__EXP-MEDIA-017,0,government,resolved,retrieved_extracted,trafilatura,1518,318996d06c98636b46183a1edfe867117efa1dcb6bf70d18a29e7209d5478f9c,
expanded_media_candidates__EXP-MEDIA-018,0,government,resolved,retrieved_extracted,trafilatura,1204,d967fe24ba8c22b4886ba2fb5fa1cdb66fb730043ee25fa7994d67088c51d94f,
expanded_media_candidates__EXP-MEDIA-019,0,government,resolved,retrieved_extracted,trafilatura,2039,434b4a48adfadf53a11a36b0949157c37a4f3f1b9e81fc5f93dd0018b4ef9d3b,
expanded_media_candidates__EXP-MEDIA-020,0,government,resolved,retrieved_extracted,trafilatura,1222,71757d23196821c4d7f680076d5e4ac96d7d0d5f7a231c69cee552f49b378d45,
expanded_media_candidates__EXP-MEDIA-021,0,government,resolved,retrieved_extracted,trafilatura,1098,363bc3350a6074b2d2efedf77b6a42a5f1366dd003d847b2904c8a518d2b4752,
expanded_media_candidates__EXP-MEDIA-022,0,labour,resolved,retrieved_extracted,trafilatura,968,9142a00744b8d739564341265b253df9246cb8c68a1d9b39cb98979c7a0f2989,
expanded_media_candidates__EXP-MEDIA-023,0,investor,resolved,retrieved_extracted,trafilatura,2316,883551ea427223e6b5e6864a6d57d8996a32a1fb7bf741a889cdd3fea9f1ea4b,
expanded_media_candidates__EXP-MEDIA-024,0,government,resolved,retrieved_extracted,trafilatura,1403,4d0f2bdfe6667a9a523d219d2ef56edefe367b167f2ce1e58399618a6ab9c370,
expanded_media_candidates__EXP-MEDIA-025,0,community,resolved,retrieved_extracted,trafilatura,1432,869362f39c94ffeb0a829a035982688ea657cb50bcc8add6f66799aa67d83f6a,
expanded_media_candidates__EXP-MEDIA-029,0,government,resolved,retrieved_extracted,trafilatura,1215,41d9bb527c923be1fa92ffbf8906f24eab0f63d6c6d65e3d5c8b827a019cface,
expanded_media_candidates__EXP-MEDIA-033,0,investor,resolved,retrieved_extracted,trafilatura,839,cd1292d424ba9707df82daa697f82cbdd52bd0bf0fb83312544a5a36bfe0f216,
expanded_media_candidates__EXP-MEDIA-035,0,government,resolved,retrieved_extracted,trafilatura,1268,645c1d508e2c9a4c0d6feb70aa161810666806158699f8e0395f84ac87f589c6,
expanded_media_candidates__EXP-MEDIA-036,0,government,resolved,retrieved_extracted,trafilatura,1222,e3662dc659ba36b43d46b37fa37f6d91617ab506ae5025ec27510ed758b33fde,
expanded_media_candidates_batch1__EXP-MEDIA-001,0,government,resolved,retrieved_extracted,trafilatura,2953,385f1969dce95ffb279ceb81bc90943b67f5b2117e071fae87b92c81d0e0171b,
expanded_media_candidates_batch1__EXP-MEDIA-002,0,government,resolved,retrieved_extracted,trafilatura,1399,a083a10400ae0558b7301c23b7f5548d2db65297b88f753460d1d9265015e555,
expanded_media_candidates_batch1__EXP-MEDIA-004,0,investor,resolved,retrieved_extracted,trafilatura,1465,c9f06df4ead577ee4ce016415656354b9246e8c9c1f70c1fef39c9048379ecae,
expanded_media_candidates_batch1__EXP-MEDIA-005,0,investor,resolved,retrieved_extracted,trafilatura,3422,8a3600cf6a2a846781c526510ed3c6fb4cd56b4694a5bd85d2b4d40fc473055e,
expanded_media_candidates_batch1__EXP-MEDIA-006,0,labour,resolved,retrieved_extracted,trafilatura,1159,5afb1c3183cd912eeef79dea35c44e9f5038374c2d7c61d3d1ec864e031787e4,
expanded_media_candidates_batch1__EXP-MEDIA-007,0,government,resolved,retrieved_extracted,trafilatura,1439,ae29c5671dc16ae0ab2c73bd833557f49a1f94dabfb2275bfda97530fac98634,
expanded_media_candidates_batch1__EXP-MEDIA-010,0,government,resolved,retrieved_extracted,trafilatura,1320,70d51792b399721c24e538c8efc11c9cc1dcdf30d0266cee5d4ce53f9c3b359c,
expanded_media_candidates_batch1__EXP-MEDIA-011,0,government,resolved,retrieved_extracted,trafilatura,1484,4077012b6f376d1be1924826a67b1a4778a3ae68e2f42e53bdaa311b0cf1fd45,
expanded_media_candidates_batch1__EXP-MEDIA-012,0,,unresolved,retrieved_extracted,trafilatura,1227,7f3f0c36ddab49a79c6e6894d2e9561216172078d9af8e727afc8ebcca331889,
expanded_media_candidates_batch1__EXP-MEDIA-015,0,government,resolved,retrieved_extracted,trafilatura,1025,78cefa79c4728b832f7e6bf48de2ce35dc01aa07477e537c71ba22e4f75499d7,
expanded_media_candidates_batch1__EXP-MEDIA-022,0,government,resolved,retrieved_extracted,trafilatura,1139,662491328bf250e1b8187563ca530053f9e72057a6f9345eeea0847181e60699,
expanded_media_candidates_batch1__EXP-MEDIA-023,0,labour,resolved,retrieved_extracted,trafilatura,1906,c61e5c8ca8c1a876c4f49dc978b4190e0324d20ab1d5042844c539c61631d1a1,
expanded_media_candidates_batch1__EXP-MEDIA-030,0,,unresolved,retrieved_extracted,trafilatura,516,0428e5267a1b4c084f80514d1cb0fabb7bf4f698866f12ffd9d84518111546b8,
expanded_media_candidates_batch1__EXP-MEDIA-032,0,labour,resolved,retrieved_extracted,trafilatura,594,d354f1cb454e64a8684ac5c328a99ed37b171e4c0d2a286ec4a87156a3f8d542,
expanded_media_candidates_batch1__EXP-MEDIA-033,0,labour,resolved,retrieved_extracted,trafilatura,812,b4207285d5fd502b3741b3fdf2c33f08dcba288c0ee9c87031582b64f9f0482f,
expanded_media_candidates_batch1__EXP-MEDIA-034,0,,unresolved,retrieved_extracted,trafilatura,1890,04b628f9c3614ad31642f11721a17ee868a1d7faf5c02d271c90c5c557204e9c,
expanded_media_candidates_batch1__EXP-MEDIA-035,0,labour,resolved,retrieved_extracted,trafilatura,1233,37cd2c857898f0c81a2cac8f6e092995a237a0c7c71b26791eb1fab7de90d934,
expanded_media_candidates_batch1__EXP-MEDIA-037,0,investor,resolved,retrieved_extracted,trafilatura,757,8c4763d27d707c437cd722a3389a3d2ea1d2b93d96fe60ab395d7c8cb268e24f,
expanded_media_candidates_batch1__EXP-MEDIA-038,1,investor,resolved,retrieved_extracted,trafilatura,649,45f95751bb7ff20d487df496711462e51f5e3ca642dffab9a88a38e9474f1a4d,
expanded_media_candidates_batch1__EXP-MEDIA-041,0,labour,resolved,retrieved_extracted,trafilatura,666,37335eafdccc9ee8848204593a1065d1b2a0a548afbf60db1fcade43a969d303,
expanded_media_candidates_batch1__EXP-MEDIA-042,0,labour,resolved,retrieved_extracted,trafilatura,685,13d173ace0943474ea6325637bafa176a3fec8bf7f37487ee272e9a576c0f79d,
expanded_media_candidates_batch1__EXP-MEDIA-044,0,investor,resolved,retrieved_extracted,trafilatura,498,d34cb3fdae1ca26e95ca9059f2d03659f8e74ca8d236ca531af946d4924cf4b4,
expanded_media_candidates_batch2__EXP-MEDIA-045,0,community,resolved,retrieved_extracted,trafilatura,780,d6f308d66b22d570b9921cbe91fd5242a0de01f0083c168de8b6d31594f378a0,
expanded_media_candidates_batch2__EXP-MEDIA-046,1,investor,resolved,retrieved_extracted,trafilatura,1276,701d21245cb7403a66f79caf92397450cf761e788999de8450d1ed59ed6ff5e8,
expanded_media_candidates_batch2__EXP-MEDIA-047,0,investor,resolved,retrieved_extracted,trafilatura,1161,35b8fd10a68d40c88c1bff43b413d8acf9423e2f2305902c024a0aa99cd00cb9,
expanded_media_candidates_batch2__EXP-MEDIA-048,0,investor,resolved,retrieved_extracted,trafilatura,912,13d6a6855ce5d224753a2342a1aec47f24972b731051fa33ad171b5d45e4cd06,
expanded_media_candidates_batch2__EXP-MEDIA-049,0,labour,resolved,retrieved_extracted,trafilatura,429,0fc5faa02c35f0fc6fd54095715e7fd8532d261c499986628ba506f8333640ed,
expanded_media_candidates_batch2__EXP-MEDIA-052,0,labour,resolved,retrieved_extracted,trafilatura,1510,a11bc60adf7cf96a816afa12252ce97685b4d4fc46b48bec69b7fa2875690177,
expanded_official_candidates__EXP-OFFICIAL-001,0,government,resolved,retrieved_extracted,pypdf,28695,445751fe135e51ee9f0a5e5721c8b8e6d8739c75f808dfe1c3e48dbd2363c87b,
expanded_official_candidates__EXP-OFFICIAL-002,0,government,resolved,retrieved_extracted,pypdf,8164,d993a9cf69cd149bd64f66d37a72ccf7e584b71202e63f388af3b67f69864367,
expanded_official_candidates__EXP-OFFICIAL-003,0,government,resolved,retrieved_extracted,pypdf,1740,75215b0805fa9f607cb4e84bbfc7957d2202f669cfbcbbdb9b5540e74541bf0f,
expanded_official_candidates__EXP-OFFICIAL-004,0,labour,resolved,retrieved_extracted,pypdf,1271,5f013788ec94239c91736e4b4d22cbe4cbeb675f39fb1eb98dd4af2fe9d62d6b,
expanded_official_candidates__EXP-OFFICIAL-005,0,labour,resolved,retrieved_extracted,pypdf,1111,df538cc4fd37355b269ea256d4ee9af426c4d6033c9dc8f04025b8a9344a6269,
expanded_official_candidates__EXP-OFFICIAL-006,0,labour,resolved,retrieved_extracted,pypdf,1189,b1fc61a596dbcd9302e64ba9fb2049856d2c20172e336e2bc972f728cc059720,
expanded_official_candidates__EXP-OFFICIAL-009,0,labour,resolved,retrieved_extracted,pypdf,1235,d976ee20af2b578e936c081f49c6082223b829d09719fcf8d8ad167e0e6e0519,
expanded_official_candidates__EXP-OFFICIAL-010,0,labour,resolved,retrieved_extracted,pypdf,332,b3d3cc2d8583a6d01e1537ce1d2a31cf505a234bae5ceb1a56284d3d339c5cd7,
expanded_official_candidates__EXP-OFFICIAL-011,0,community,resolved,retrieved_extracted,pypdf,2198,6100fc8ba9285841383ce758791d0e36dfa68c140c470f5937982924a00d1b0b,
expanded_official_candidates_batch2__EXP-OFFICIAL-011,0,NGO,resolved,retrieved_extracted,pypdf,16315,ad625a0697db7764719cea07b87adce7bf456e0ba8d61004c176f7b80b4f7098,
