record_id,title,year,publisher,url,stakeholder_group_proxy,stakeholder_confidence,stakeholder_method,stakeholder_score_government,stakeholder_score_investor,stakeholder_score_community,stakeholder_score_labour,stakeholder_score_NGO,stance_a_label,stance_a_score,stance_a_positive_sentences,stance_a_negative_sentences,stance_b_label,stance_b_score,stance_b_positive_sentences,stance_b_negative_sentences,draft_reconstructed_label,annotation_confidence,needs_review,review_reason,positive_cue_families,negative_cue_families,final_reconstructed_label,final_label_method,adjudication_score,pass1_stakeholder_group_proxy,pass1_stakeholder_confidence,pass1_stakeholder_method,final_stakeholder_group,final_stakeholder_status,final_stakeholder_method,final_stakeholder_confidence,third_pass_score_government,third_pass_score_investor,third_pass_score_community,third_pass_score_labour,third_pass_score_NGO
OFFICIAL-001,AMCU Heads of Argument,2014,AMCU,https://www.justice.gov.za/comm-mrk/docs/201411-HoA-AMCU.pdf,labour,1.0000,document_author_group,0.000,0.000,0.000,10.000,0.000,0,-2.51852,38,483,0,-18.83524,5,444,0,1.0000,false,computational_readings_agree,,,0,pass1_independent_readings_agree,,labour,1.0000,document_author_group,labour,resolved,pass1_retained_sufficient_confidence,1.0000,,,,,
OFFICIAL-002,Bapo ba Mogale Heads of Argument,2014,Bapo ba Mogale,https://www.justice.gov.za/comm-mrk/docs/201411-HoA-BapoBaMogale.pdf,community,1.0000,document_author_group,0.000,0.000,10.000,0.000,0.000,1,0.42744,22,14,0,-3.31662,0,11,,0.3567,true,stance_readings_disagree_or_low_margin,,,0,third_computational_adjudication_clear_margin,-1.070184,community,1.0000,document_author_group,community,resolved,pass1_retained_sufficient_confidence,1.0000,,,,,
OFFICIAL-003,DMR-Shabangu Heads of Argument,2014,DMR / Minister Shabangu,https://www.justice.gov.za/comm-mrk/docs/201411-HoA-DMR-Shabangu.pdf,government,1.0000,document_author_group,10.000,0.000,0.000,0.000,0.000,0,-2.70805,0,14,0,-3.16228,0,10,0,1.0000,false,computational_readings_agree,,,0,pass1_independent_readings_agree,,government,1.0000,document_author_group,government,resolved,pass1_retained_sufficient_confidence,1.0000,,,,,
OFFICIAL-004,Heads of Argument of Evidence Leaders,2014,Evidence Leaders,https://www.justice.gov.za/comm-mrk/docs/201411-HoA-EvidenceLeaders.pdf,labour,0.0356,dominant_voice_proxy,892.900,469.000,88.100,925.900,0.000,0,-2.61758,120,1657,0,-34.63676,15,1483,0,1.0000,true,stakeholder_voice_low_confidence,,,0,pass1_independent_readings_agree,,labour,0.0356,dominant_voice_proxy,,unresolved,unresolved_stakeholder_voice_ambiguous,0.0097,528.800,339.200,57.000,534.000,0.000
OFFICIAL-005,Heads of Argument on behalf of Families,2014,Families,https://www.justice.gov.za/comm-mrk/docs/201411-HoA-Families.pdf,community,1.0000,document_author_group,0.000,0.000,10.000,0.000,0.000,0,-4.07641,14,883,0,-23.21928,7,669,0,1.0000,false,computational_readings_agree,,,0,pass1_independent_readings_agree,,community,1.0000,document_author_group,community,resolved,pass1_retained_sufficient_confidence,1.0000,,,,,
OFFICIAL-006,Heads of Argument of Injured and Arrested Persons,2014,Injured and Arrested Persons,https://www.justice.gov.za/comm-mrk/docs/201411-HoA-InjuredArrested.pdf,community,1.0000,document_author_group,0.000,0.000,10.000,0.000,0.000,0,-3.41851,20,640,0,-21.06646,6,553,0,1.0000,false,computational_readings_agree,,,0,pass1_independent_readings_agree,,community,1.0000,document_author_group,community,resolved,pass1_retained_sufficient_confidence,1.0000,,,,,
OFFICIAL-007,Lonmin Heads of Argument,2014,Lonmin,https://www.justice.gov.za/comm-mrk/docs/201411-HoA-Lonmin.pdf,investor,1.0000,document_author_group,0.000,10.000,0.000,0.000,0.000,0,-2.20226,43,397,0,-18.10501,2,381,0,1.0000,false,computational_readings_agree,,,0,pass1_independent_readings_agree,,investor,1.0000,document_author_group,investor,resolved,pass1_retained_sufficient_confidence,1.0000,,,,,
OFFICIAL-008,Heads of Argument of the Legal Resources Centre (Phase 1) on behalf of the Ledingoane Family and Bench Marks Foundation,2014,Bench Marks Foundation / Ledingoane Family (represented by Legal Resources Centre),https://www.justice.gov.za/comm-mrk/docs/201411-HoA-LRC.pdf,NGO,1.0000,document_author_group,0.000,0.000,0.000,0.000,10.000,0,-2.50600,42,526,0,-18.76393,5,441,0,1.0000,false,computational_readings_agree,,,0,pass1_independent_readings_agree,,NGO,1.0000,document_author_group,NGO,resolved,pass1_retained_sufficient_confidence,1.0000,,,,,
OFFICIAL-009,Mthethwa Heads of Argument,2014,Nathi Mthethwa,https://www.justice.gov.za/comm-mrk/docs/201411-HoA-Mthethwa.pdf,government,1.0000,document_author_group,10.000,0.000,0.000,0.000,0.000,0,-1.46634,5,25,0,-3.69042,1,22,0,1.0000,false,computational_readings_agree,,,0,pass1_independent_readings_agree,,government,1.0000,document_author_group,government,resolved,pass1_retained_sufficient_confidence,1.0000,,,,,
OFFICIAL-010,NUM & Mrs Fundi Heads of Argument,2014,NUM and Mrs Fundi,https://www.justice.gov.za/comm-mrk/docs/201411-HoA-NUM-MrsFundi.pdf,labour,1.0000,document_author_group,0.000,0.000,0.000,10.000,0.000,0,-1.42760,82,345,0,-14.74824,9,315,0,1.0000,false,computational_readings_agree,,,0,pass1_independent_readings_agree,,labour,1.0000,document_author_group,labour,resolved,pass1_retained_sufficient_confidence,1.0000,,,,,
OFFICIAL-011,Ramaphosa Heads of Argument,2014,Cyril Ramaphosa,https://www.justice.gov.za/comm-mrk/docs/201411-HoA-Ramaphosa.pdf,government,1.0000,document_author_group,10.000,0.000,0.000,0.000,0.000,0,-4.66344,0,105,0,-8.54400,0,73,0,1.0000,false,computational_readings_agree,,,0,pass1_independent_readings_agree,,government,1.0000,document_author_group,government,resolved,pass1_retained_sufficient_confidence,1.0000,,,,,
OFFICIAL-012,SAHRC Heads of Argument,2014,South African Human Rights Commission,https://www.justice.gov.za/comm-mrk/docs/201411-HoA-SAHRC.pdf,government,1.0000,document_author_group,10.000,0.000,0.000,0.000,0.000,0,-2.52702,123,1551,0,-32.10795,25,1377,0,1.0000,false,computational_readings_agree,,,0,pass1_independent_readings_agree,,government,1.0000,document_author_group,government,resolved,pass1_retained_sufficient_confidence,1.0000,,,,,
OFFICIAL-013,SAPS Heads of Argument,2014,South African Police Service,https://www.justice.gov.za/comm-mrk/docs/201411-HoA-SAPS.pdf,government,1.0000,document_author_group,10.000,0.000,0.000,0.000,0.000,0,-2.47642,68,820,0,-24.86634,8,767,0,1.0000,false,computational_readings_agree,,,0,pass1_independent_readings_agree,,government,1.0000,document_author_group,government,resolved,pass1_retained_sufficient_confidence,1.0000,,,,,
INST-001,Marikana Commission of Inquiry: Report on matters of public national and international concern arising out of tragic incidents at Lonmin Mine in Marikana,2015,South African Human Rights Commission mirror of official Farlam report,https://sahrc.org.za/home/21/files/marikana-report-1.pdf,government,1.0000,document_author_group,10.000,0.000,0.000,0.000,0.000,0,-2.64848,82,1172,0,-29.05598,7,1005,0,1.0000,false,computational_readings_agree,,,0,pass1_independent_readings_agree,,government,1.0000,document_author_group,government,resolved,pass1_retained_sufficient_confidence,1.0000,,,,,
INST-002,Policy Gap 6: A Review of Platinum Mining in the Bojanala District of the North West Province,2012,Bench Marks Foundation,https://www.bench-marks.org.za/wp-content/uploads/2021/02/rustenburg_review_policy_gap_final_aug_2012.pdf,NGO,1.0000,document_author_group,0.000,0.000,0.000,0.000,10.000,0,-0.10426,90,100,0,-2.02922,24,48,0,0.4267,false,computational_readings_agree,,,0,pass1_independent_readings_agree,,NGO,1.0000,document_author_group,NGO,resolved,pass1_retained_sufficient_confidence,1.0000,,,,,
INST-005,Statement on behalf of the deceased miners' families represented before the Marikana Commission of Inquiry,2013,Socio-Economic Rights Institute of South Africa,https://justice.gov.za/comm-mrk/exhibits/Exhibit-FFF-26.pdf,NGO,1.0000,document_author_group,0.000,0.000,0.000,0.000,10.000,0,-1.94591,0,6,0,-2.23607,0,5,0,0.8364,false,computational_readings_agree,,,0,pass1_independent_readings_agree,,NGO,1.0000,document_author_group,NGO,resolved,pass1_retained_sufficient_confidence,1.0000,,,,,
INST-003,Zero Hour: Poor Governance of Mining and the Violation of Environmental Rights in South Africa,2016,Centre for Environmental Rights,https://cer.org.za/wp-content/uploads/2016/06/Zero-Hour-May-2016.pdf,NGO,1.0000,document_author_group,0.000,0.000,0.000,0.000,10.000,0,-2.38676,71,247,0,-4.05539,25,82,0,1.0000,false,computational_readings_agree,,violation,0,pass1_independent_readings_agree,,NGO,1.0000,document_author_group,NGO,resolved,pass1_retained_sufficient_confidence,1.0000,,,,,
MEDIA-001,Lonmin killings hurt SA as mining destination,2012,Mining Weekly,https://www.miningweekly.com/article/lonmin-killings-hurt-sa-as-mining-destination-2012-09-10,investor,0.1705,dominant_voice_proxy,0.350,12.900,0.000,10.700,0.000,0,-3.09591,0,6,0,-3.73607,0,5,0,1.0000,false,computational_readings_agree,,(?:massacre|killings?|shootings?|deaths?|torture) | kill(?:ed|ing|ings)?,0,pass1_independent_readings_agree,,investor,0.1705,dominant_voice_proxy,investor,resolved,pass1_retained_sufficient_confidence,0.1705,,,,,
MEDIA-002,Lonmin's killing fields: the inevitable tragic next move,2012,Daily Maverick,https://www.dailymaverick.co.za/article/2012-08-17-lonmins-killing-fields-the-inevitable-tragic-next-move/,labour,0.4710,dominant_voice_proxy,12.750,12.550,0.000,24.100,0.000,0,-2.94176,1,11,0,-4.32843,0,8,0,1.0000,false,computational_readings_agree,,(?:massacre|killings?|shootings?|deaths?|torture) | kill(?:ed|ing|ings)?,0,pass1_independent_readings_agree,,labour,0.4710,dominant_voice_proxy,labour,resolved,pass1_retained_sufficient_confidence,0.4710,,,,,
MEDIA-003,Lonmin: Malema fans the flames but the victims are still out in the cold,2012,Daily Maverick,https://www.dailymaverick.co.za/article/2012-08-18-lonmin-malema-fans-the-flames-but-the-victims-are-still-out-in-the-cold/,government,0.2827,dominant_voice_proxy,9.550,6.850,4.900,1.750,0.000,0,-2.70805,0,14,0,-3.46410,0,12,0,1.0000,false,computational_readings_agree,,,0,pass1_independent_readings_agree,,government,0.2827,dominant_voice_proxy,government,resolved,pass1_retained_sufficient_confidence,0.2827,,,,,
MEDIA-004,Marikana: Police torture takes centre stage,2012,Daily Maverick,https://www.dailymaverick.co.za/article/2012-08-28-marikana-police-torture-takes-central-stage/,government,0.8557,dominant_voice_proxy,34.650,4.250,0.000,5.000,0.000,0,-4.51730,0,28,0,-6.59902,0,26,0,1.0000,false,computational_readings_agree,,(?:massacre|killings?|shootings?|deaths?|torture) | tortur,0,pass1_independent_readings_agree,,government,0.8557,dominant_voice_proxy,government,resolved,pass1_retained_sufficient_confidence,0.8557,,,,,
MEDIA-005,Marikana eyewitness: He raised his hands they shoot him in the head,2012,Daily Maverick,https://www.dailymaverick.co.za/article/2012-09-06-marikana-eyewitness-he-raised-his-hands-they-shoot-him-in-the-head/,government,0.2793,dominant_voice_proxy,21.300,6.050,2.500,15.350,0.000,0,-4.24104,0,21,0,-3.74166,0,14,0,1.0000,false,computational_readings_agree,,shoot(?:ing|ings)?,0,pass1_independent_readings_agree,,government,0.2793,dominant_voice_proxy,government,resolved,pass1_retained_sufficient_confidence,0.2793,,,,,
MEDIA-006,Marikana: Mourning families and their forgotten legal rights,2012,Daily Maverick,https://www.dailymaverick.co.za/article/2012-08-28-marikana-mourning-families-and-their-forgotten-legal-rights/,community,0.1778,dominant_voice_proxy,7.400,3.200,9.000,0.350,0.000,0,-2.07944,0,7,0,-2.23607,0,5,0,0.8631,false,computational_readings_agree,,,0,pass1_independent_readings_agree,,community,0.1778,dominant_voice_proxy,community,resolved,pass1_retained_sufficient_confidence,0.1778,,,,,
MEDIA-007,FIVE MINUTES: SOUTH AFRICA 16 August 2012,2012,Daily Maverick,https://www.dailymaverick.co.za/article/2012-08-16-five-minutes-south-africa-16-august-2012/,government,0.9683,dominant_voice_proxy,22.100,0.700,0.000,0.700,0.000,0,-1.38629,0,3,1,0.00000,1,1,,0.2773,true,stance_readings_disagree_or_low_margin,,,0,third_computational_adjudication_clear_margin,-0.831774,government,0.9683,dominant_voice_proxy,government,resolved,pass1_retained_sufficient_confidence,0.9683,,,,,
MEDIA-008,Lonmin commemorates deceased mineworkers describes massacre as catalyst for change,2013,Mining Weekly,https://www.miningweekly.com/article/lonmin-commemorates-deceased-mineworkers-describes-massacre-as-catalyst-for-change-2013-08-23,investor,0.6604,dominant_voice_proxy,0.700,16.050,2.800,5.450,0.000,0,-1.84315,2,5,0,-1.91421,1,2,0,0.7515,false,computational_readings_agree,,(?:massacre|killings?|shootings?|deaths?|torture) | massacre,0,pass1_independent_readings_agree,,investor,0.6604,dominant_voice_proxy,investor,resolved,pass1_retained_sufficient_confidence,0.6604,,,,,
MEDIA-009,Economy failed miners says AMCUs Mathunjwa,2013,Mining Weekly,https://www.miningweekly.com/article/economy-failed-miners-says-amcus-mathunjwa-2013-08-16,labour,0.7947,dominant_voice_proxy,3.550,3.900,2.500,19.000,0.000,0,-2.06629,1,4,0,-2.23205,1,3,0,0.8597,false,computational_readings_agree,,(?:failed|failure|non[- ]compliance|breach|neglect|shortcoming) | failed|failure,0,pass1_independent_readings_agree,,labour,0.7947,dominant_voice_proxy,labour,resolved,pass1_retained_sufficient_confidence,0.7947,,,,,
MEDIA-010,Slain Marikana workers to be remembered,2013,Mining Weekly,https://www.miningweekly.com/article/slain-marikana-workers-to-be-remembered-2013-08-13,labour,0.7803,dominant_voice_proxy,11.400,5.700,2.500,51.900,0.000,0,-1.70475,1,10,0,-0.82185,2,5,0,0.5053,false,computational_readings_agree,,,0,pass1_independent_readings_agree,,labour,0.7803,dominant_voice_proxy,labour,resolved,pass1_retained_sufficient_confidence,0.7803,,,,,
MEDIA-011,Marikana one year later: the hell above and below ground,2013,Daily Maverick,https://www.dailymaverick.co.za/article/2013-08-16-marikana-one-year-later-the-hell-above-and-below-ground/,government,0.8462,dominant_voice_proxy,4.550,0.700,0.000,0.350,0.350,0,-1.79176,0,5,0,-2.00000,0,4,0,0.7584,false,computational_readings_agree,,,0,pass1_independent_readings_agree,,government,0.8462,dominant_voice_proxy,government,resolved,pass1_retained_sufficient_confidence,0.8462,,,,,
MEDIA-012,Ramaphosa says negotiation was Marikana panacea,2014,Mining Weekly,https://www.miningweekly.com/article/negotiation-was-marikana-panacea-ramaphosa-2014-08-11,investor,0.0493,dominant_voice_proxy,6.750,7.100,0.000,3.200,0.350,0,-1.38629,2,11,0,-2.64575,0,7,0,0.8064,true,stakeholder_voice_low_confidence,,,0,pass1_independent_readings_agree,,investor,0.0493,dominant_voice_proxy,government,resolved,third_pass_unique_headline_subject,0.9500,1.000,0.000,0.000,0.000,0.000
MEDIA-013,Ramaphosa questioned about Marikana inaction,2014,Mining Weekly,https://www.miningweekly.com/article/ramaphosa-questioned-about-marikana-inaction-2014-08-12,labour,0.4085,dominant_voice_proxy,2.100,1.750,0.000,3.550,0.000,0,-2.19722,0,8,0,-2.23607,0,5,0,0.8867,false,computational_readings_agree,,,0,pass1_independent_readings_agree,,labour,0.4085,dominant_voice_proxy,labour,resolved,pass1_retained_sufficient_confidence,0.4085,,,,,
MEDIA-014,Lonmin affirms Farlam report,2015,Mining Weekly,https://www.miningweekly.com/article/lonmin-affirms-farlam-report-2015-08-21,investor,0.8685,dominant_voice_proxy,3.200,29.650,0.350,3.900,0.000,1,0.00000,1,1,0,-1.00000,0,1,,0.1333,true,stance_readings_disagree_or_low_margin,,,0,third_computational_adjudication_clear_margin,-0.400000,investor,0.8685,dominant_voice_proxy,investor,resolved,pass1_retained_sufficient_confidence,0.8685,,,,,
MEDIA-015,NUM welcomes further investigation recommendation defends member actions,2015,Mining Weekly,https://www.miningweekly.com/article/num-welcomes-further-investigation-recommendation-defends-member-actions-2015-06-26,labour,0.1113,dominant_voice_proxy,29.550,9.250,5.350,33.250,0.000,0,-1.32176,3,14,0,-2.19134,2,13,0,0.7026,true,stakeholder_voice_low_confidence,,,0,pass1_independent_readings_agree,,labour,0.1113,dominant_voice_proxy,labour,resolved,third_pass_unique_headline_subject,0.9500,0.000,0.000,0.000,1.000,0.000
MEDIA-016,Lonmin unveils design proposal for Marikana memorial park showcases new apartments,2017,Mining Weekly,https://www.miningweekly.com/article/lonmin-unveils-design-proposal-for-marikana-memorial-park-showcases-new-apartments-2017-08-15,investor,0.6201,dominant_voice_proxy,2.850,24.350,2.100,9.250,0.000,1,0.22314,4,3,0,-1.73205,0,3,,0.1863,true,stance_readings_disagree_or_low_margin,,,0,third_computational_adjudication_clear_margin,-0.558936,investor,0.6201,dominant_voice_proxy,investor,resolved,pass1_retained_sufficient_confidence,0.6201,,,,,
MEDIA-017,Six years on there is no accountability for the elite police unit shootings at Marikana Scene 2,2018,Daily Maverick,https://www.dailymaverick.co.za/article/2018-08-16-six-years-on-there-is-no-accountability-for-the-elite-police-unit-shootings-at-marikana-scene-2/,government,0.3411,dominant_voice_proxy,19.200,0.350,0.350,12.650,0.000,0,-4.17042,1,40,0,-7.66441,0,38,0,1.0000,false,computational_readings_agree,,(?:massacre|killings?|shootings?|deaths?|torture) | shoot(?:ing|ings)?,0,pass1_independent_readings_agree,,government,0.3411,dominant_voice_proxy,government,resolved,pass1_retained_sufficient_confidence,0.3411,,,,,
MEDIA-018,Sibanye hosts Marikana memorial lecture,2020,Mining Weekly,https://www.miningweekly.com/article/sibanye-hosts-marikana-memorial-lecture-2020-08-14,investor,0.7391,dominant_voice_proxy,1.050,16.100,1.400,4.200,0.000,0,-1.32176,3,14,0,-1.58457,3,11,0,0.5813,false,computational_readings_agree,,,0,pass1_independent_readings_agree,,investor,0.7391,dominant_voice_proxy,investor,resolved,pass1_retained_sufficient_confidence,0.7391,,,,,
MEDIA-019,Marikana: The unfolding of a never-ending tragedy,2021,Daily Maverick,https://www.dailymaverick.co.za/article/2021-08-14-marikana-the-unfolding-of-a-never-ending-tragedy/,government,0.1944,dominant_voice_proxy,41.400,33.350,2.800,29.650,0.000,0,-2.83321,2,50,0,-5.29399,2,45,0,1.0000,false,computational_readings_agree,,,0,pass1_independent_readings_agree,,government,0.1944,dominant_voice_proxy,government,resolved,pass1_retained_sufficient_confidence,0.1944,,,,,
MEDIA-020,Families of slain Marikana mine workers reflect on decade of betrayal,2022,Daily Maverick,https://www.dailymaverick.co.za/article/2022-08-15-marikana-families-of-slain-mineworkers-reflect-on-10-years-of-betrayal/,labour,0.3934,dominant_voice_proxy,14.950,6.750,16.500,27.200,0.000,0,-0.87547,4,11,0,-1.58457,3,11,0,0.4920,false,computational_readings_agree,,,0,pass1_independent_readings_agree,,labour,0.3934,dominant_voice_proxy,labour,resolved,pass1_retained_sufficient_confidence,0.3934,,,,,
MEDIA-021,The smell of blood comes back to me as I think of Marikana,2022,Daily Maverick,https://www.dailymaverick.co.za/article/2022-08-15-the-smell-of-blood-comes-back-to-me-as-i-remember-sas-dark-day-in-a-north-west-village/,labour,0.1228,dominant_voice_proxy,0.700,2.500,1.050,2.850,0.000,0,-0.40547,1,2,0,-1.41421,0,2,0,0.3639,false,computational_readings_agree,,,0,pass1_independent_readings_agree,,labour,0.1228,dominant_voice_proxy,labour,resolved,pass1_retained_sufficient_confidence,0.1228,,,,,
MEDIA-022,"Lonmin Q1 2014 mining production down 10%, will revise full-year guidance as result of strikes",2014,Mining Weekly,https://www.miningweekly.com/article/lonmin-q1-2014-mining-production-down-10-will-revise-full-year-guidance-as-result-of-strikes-2014-01-30,investor,0.6454,dominant_voice_proxy,0.000,21.150,0.000,7.500,0.000,0,-2.24861,0,2,0,-2.91421,0,2,0,1.0000,false,computational_readings_agree,,(?:strike|protest|unrest|industrial action) | strike,0,pass1_independent_readings_agree,,investor,0.6454,dominant_voice_proxy,investor,resolved,pass1_retained_sufficient_confidence,0.6454,,,,,
MEDIA-023,AMCU members defy call to return to work,2014,Engineering News,https://www.engineeringnews.co.za/article/amcu-members-defy-call-to-return-to-work-2014-05-14,labour,0.7130,dominant_voice_proxy,0.000,2.100,3.200,11.150,0.000,0,-1.09861,0,2,0,-1.00000,0,1,0,0.4197,false,computational_readings_agree,,,0,pass1_independent_readings_agree,,labour,0.7130,dominant_voice_proxy,labour,resolved,pass1_retained_sufficient_confidence,0.7130,,,,,
MEDIA-024,"Lonmin, AMCU celebrate finalisation of landmark BEE equity deal",2014,Mining Weekly,https://www.miningweekly.com/article/lonmin-amcu-celebrate-finalisation-of-landmark-bee-equity-deal-2014-12-12,investor,0.4257,dominant_voice_proxy,2.850,17.500,3.500,10.050,0.000,1,1.38629,3,0,1,1.41421,2,0,1,0.5601,false,computational_readings_agree,,,1,pass1_independent_readings_agree,,investor,0.4257,dominant_voice_proxy,investor,resolved,pass1_retained_sufficient_confidence,0.4257,,,,,
MEDIA-025,"Farlam wants workers housed, Mining Charter goes to court, coal firms transform for Eskom",2015,Mining Weekly,https://www.miningweekly.com/article/farlam-wants-workers-housed-mining-charter-goes-to-court-coal-firms-transform-for-eskom-2015-06-26,government,0.4808,dominant_voice_proxy,7.800,3.900,0.000,4.050,0.000,0,-0.40547,1,2,0,-1.41421,0,2,0,0.3639,false,computational_readings_agree,,,0,pass1_independent_readings_agree,,government,0.4808,dominant_voice_proxy,government,resolved,pass1_retained_sufficient_confidence,0.4808,,,,,
MEDIA-026,"Lonmin cuts workforce, shrinks capex, lowers unit costs",2015,Mining Weekly,https://www.miningweekly.com/article/lonmin-cuts-workforce-shrinks-capex-lowers-unit-costs-2015-11-13,investor,0.5652,dominant_voice_proxy,0.350,17.250,0.000,7.500,0.000,0,-1.09861,0,2,0,-1.41421,0,2,0,0.5026,false,computational_readings_agree,,,0,pass1_independent_readings_agree,,investor,0.5652,dominant_voice_proxy,investor,resolved,pass1_retained_sufficient_confidence,0.5652,,,,,
MEDIA-027,Corobrik's quality face bricks used in the construction of Marikana's housing project,2016,Engineering News,https://www.engineeringnews.co.za/article/corobriks-quality-face-bricks-used-in-the-construction-of-marikanas-housing-project-2016-05-23,government,0.2056,dominant_voice_proxy,5.350,0.700,4.250,0.000,0.000,1,0.69315,1,0,1,1.41421,2,0,1,0.4215,false,computational_readings_agree,,,1,pass1_independent_readings_agree,,government,0.2056,dominant_voice_proxy,government,resolved,pass1_retained_sufficient_confidence,0.2056,,,,,
MEDIA-028,"Objectives are to cut fixed costs, minimise capex, up efficiencies",2017,Mining Weekly,https://www.miningweekly.com/article/objectives-are-to-cut-fixed-costs-minimise-capex-up-efficiencies-2017-04-07,investor,0.8121,dominant_voice_proxy,0.000,7.450,1.400,0.700,0.000,1,0.69315,3,1,1,0.41421,2,1,1,0.2215,false,computational_readings_agree,,,1,pass1_independent_readings_agree,,investor,0.8121,dominant_voice_proxy,investor,resolved,pass1_retained_sufficient_confidence,0.8121,,,,,
MEDIA-029,The lost platinum sector jobs are not coming back,2019,Daily Maverick,https://www.dailymaverick.co.za/article/2019-10-24-the-lost-platinum-sector-jobs-are-not-coming-back/,investor,0.3458,dominant_voice_proxy,2.100,5.350,0.000,3.500,0.000,0,-2.07944,1,15,0,-3.46410,0,12,0,1.0000,false,computational_readings_agree,,,0,pass1_independent_readings_agree,,investor,0.3458,dominant_voice_proxy,investor,resolved,pass1_retained_sufficient_confidence,0.3458,,,,,
MEDIA-030,"One decade on, the Marikana mine has seen a turnaround in fortunes and is making a punchy profit",2022,Daily Maverick,https://www.dailymaverick.co.za/article/2022-08-14-one-decade-on-the-marikana-mine-has-seen-a-turnaround-in-fortunes-and-is-making-a-punchy-profit/,investor,0.6416,dominant_voice_proxy,0.350,16.600,0.000,5.950,0.000,0,-0.91629,1,4,0,-1.00000,1,4,0,0.3833,false,computational_readings_agree,,,0,pass1_independent_readings_agree,,investor,0.6416,dominant_voice_proxy,investor,resolved,pass1_retained_sufficient_confidence,0.6416,,,,,
MEDIA-032,80 000 AMCU workers on strike in platinum sector,2014,Mining Weekly,https://www.miningweekly.com/article/80-000-amcu-workers-on-strike-in-platinum-sector-2014-01-23,labour,0.7483,dominant_voice_proxy,12.800,9.950,0.000,50.850,0.000,0,-3.16490,1,14,0,-5.10555,0,13,0,1.0000,false,computational_readings_agree,,(?:strike|protest|unrest|industrial action) | strike,0,pass1_independent_readings_agree,,labour,0.7483,dominant_voice_proxy,labour,resolved,pass1_retained_sufficient_confidence,0.7483,,,,,
MEDIA-033,Strike-hit mothers have no food to put on the table – Lonmin,2014,Mining Weekly,https://www.miningweekly.com/article/strike-hit-mothers-have-no-food-to-put-on-the-table-lonmin-2014-04-03,labour,0.2694,dominant_voice_proxy,2.850,15.050,0.000,20.600,0.000,0,-2.02547,4,11,0,-4.50000,0,9,0,1.0000,false,computational_readings_agree,,(?:strike|protest|unrest|industrial action) | strike,0,pass1_independent_readings_agree,,labour,0.2694,dominant_voice_proxy,labour,resolved,pass1_retained_sufficient_confidence,0.2694,,,,,
MEDIA-034,Miners regress on ARV treatment – Lonmin,2014,Mining Weekly,https://www.miningweekly.com/article/miners-regress-on-arv-treatment-lonmin-2014-04-14,labour,0.0137,dominant_voice_proxy,2.500,14.400,0.000,14.600,0.000,0,-0.40547,1,2,0,-1.41421,0,2,0,0.3639,true,stakeholder_voice_low_confidence,,,0,pass1_independent_readings_agree,,labour,0.0137,dominant_voice_proxy,,unresolved,unresolved_stakeholder_voice_ambiguous,0.2230,3.800,21.600,0.000,27.800,0.000
MEDIA-035,"AMCU opens strike fund for members, calls for donations",2014,Mining Weekly,https://www.miningweekly.com/article/amcu-opens-strike-fund-for-members-calls-for-donations-2014-04-15,labour,0.7576,dominant_voice_proxy,3.200,0.700,0.350,13.200,0.000,0,-2.53629,0,3,0,-3.73607,0,5,0,1.0000,false,computational_readings_agree,,(?:strike|protest|unrest|industrial action) | strike,0,pass1_independent_readings_agree,,labour,0.7576,dominant_voice_proxy,labour,resolved,pass1_retained_sufficient_confidence,0.7576,,,,,
MEDIA-036,AMCU considering all options – negotiator,2014,Mining Weekly,https://www.miningweekly.com/article/amcu-considering-all-options-negotiator-2014-05-29,labour,0.8607,dominant_voice_proxy,2.500,0.700,0.000,17.950,0.000,0,-1.09861,0,2,0,-1.73205,0,3,0,0.5661,false,computational_readings_agree,,,0,pass1_independent_readings_agree,,labour,0.8607,dominant_voice_proxy,labour,resolved,pass1_retained_sufficient_confidence,0.8607,,,,,
MEDIA-037,Housing Miners,2014,Mining Weekly,https://www.miningweekly.com/article/housing-miners-2014-11-11,investor,0.1021,dominant_voice_proxy,6.750,11.750,4.950,10.550,0.000,1,0.40547,2,1,1,1.00000,1,0,1,0.2811,true,stakeholder_voice_low_confidence,,,1,pass1_independent_readings_agree,,investor,0.1021,dominant_voice_proxy,labour,resolved,third_pass_unique_headline_subject,0.9500,0.000,0.000,0.000,1.000,0.000
MEDIA-038,"AMCU stands firm on R12 500 demand, Lonmin calls on union to reconsider 9%",2014,Mining Weekly,https://www.miningweekly.com/article/amcu-stands-firm-on-r12-500-demand-lonmin-calls-on-union-to-reconsider-9-2014-04-03,labour,0.4836,dominant_voice_proxy,2.850,27.600,0.000,53.450,0.000,0,-0.91629,1,4,0,-2.00000,0,4,0,0.5833,false,computational_readings_agree,,,0,pass1_independent_readings_agree,,labour,0.4836,dominant_voice_proxy,labour,resolved,pass1_retained_sufficient_confidence,0.4836,,,,,
MEDIA-039,Mining towns get R18bn facelift,2015,Mining Weekly,https://www.miningweekly.com/article/mining-towns-get-r18bn-facelift-2015-07-01,government,0.8170,dominant_voice_proxy,27.050,2.100,0.000,4.950,2.500,1,1.70475,10,1,1,0.41421,2,1,1,0.4238,false,computational_readings_agree,,,1,pass1_independent_readings_agree,,government,0.8170,dominant_voice_proxy,government,resolved,pass1_retained_sufficient_confidence,0.8170,,,,,
MEDIA-040,"Farlam finds against Lonmin, recommends enforced housing delivery",2015,Mining Weekly,https://www.miningweekly.com/article/farlam-finds-against-lonmin-recommends-enforced-housing-delivery-2015-06-25,government,0.4515,dominant_voice_proxy,36.100,11.850,0.000,19.800,0.000,0,-2.07944,2,23,0,-4.35890,0,19,0,1.0000,false,computational_readings_agree,,,0,pass1_independent_readings_agree,,government,0.4515,dominant_voice_proxy,government,resolved,pass1_retained_sufficient_confidence,0.4515,,,,,
MEDIA-041,Govt commits billions for revitalisation of mining-dependent communities,2016,Mining Weekly,https://www.miningweekly.com/article/govt-commits-billions-for-revitalisation-of-mining-dependent-communities-2016-02-05,investor,0.3636,dominant_voice_proxy,3.150,4.950,1.050,2.100,0.000,1,0.95551,12,4,1,0.31784,3,2,1,0.2547,false,computational_readings_agree,,,1,pass1_independent_readings_agree,,investor,0.3636,dominant_voice_proxy,investor,resolved,pass1_retained_sufficient_confidence,0.3636,,,,,
MEDIA-044,Lonmin transaction filed with South Africa's competition authority,2018,Mining Weekly,https://www.miningweekly.com/article/lonmin-transaction-filed-with-south-africas-competition-body-2018-03-30,investor,0.1172,dominant_voice_proxy,0.350,7.250,0.350,6.400,0.000,0,-0.69315,0,1,0,-1.00000,0,1,0,0.3386,true,stakeholder_voice_low_confidence,,,0,pass1_independent_readings_agree,,investor,0.1172,dominant_voice_proxy,investor,resolved,third_pass_unique_headline_subject,0.9500,0.000,1.000,0.000,0.000,0.000
MEDIA-045,Reserve Bank approves Sibanye's buyout of Lonmin,2018,Mining Weekly,https://www.miningweekly.com/article/reserve-bank-approves-sibanyes-buyout-of-lonmin-2018-05-15,investor,0.9429,dominant_voice_proxy,0.350,43.800,0.000,2.500,0.000,0,-1.38629,0,3,0,-0.73205,1,3,0,0.4237,false,computational_readings_agree,,,0,pass1_independent_readings_agree,,investor,0.9429,dominant_voice_proxy,investor,resolved,pass1_retained_sufficient_confidence,0.9429,,,,,
MEDIA-047,"Tribunal approves Sibanye, Lonmin merger; imposes 6-month moratorium on retrenchments",2018,Mining Weekly,https://www.miningweekly.com/article/tribunal-approves-sibanye-lonmin-merger-imposes-6-month-moratorium-on-retrenchments-2018-11-21,investor,0.9848,dominant_voice_proxy,0.350,23.050,0.000,0.000,0.000,0,-1.55547,1,2,0,-2.91421,0,2,0,0.8939,false,computational_readings_agree,,(?:retrenchment|job losses|layoffs) | retrench,0,pass1_independent_readings_agree,,investor,0.9848,dominant_voice_proxy,investor,resolved,pass1_retained_sufficient_confidence,0.9848,,,,,
MEDIA-048,"Lonmin undertakes refinancing, delivers on results promise",2018,Mining Weekly,https://www.miningweekly.com/article/lonmin-undertakes-refinancing-delivers-on-results-promise-2018-10-22,investor,0.7580,dominant_voice_proxy,6.050,25.000,0.000,0.350,0.000,1,0.00000,1,1,0,-1.00000,0,1,,0.1333,true,stance_readings_disagree_or_low_margin,,,0,third_computational_adjudication_clear_margin,-0.400000,investor,0.7580,dominant_voice_proxy,investor,resolved,pass1_retained_sufficient_confidence,0.7580,,,,,
MEDIA-049,"Sibanye, Lonmin merger enters final stretch as AMCU appeal is dismissed",2019,Mining Weekly,https://www.miningweekly.com/article/sibanye-lonmin-merger-enters-final-stretch-as-amcu-appeal-is-dismissed-2019-05-17,investor,0.8773,dominant_voice_proxy,0.700,33.000,0.350,4.050,0.000,0,-0.69315,0,1,0,-1.00000,0,1,0,0.3386,false,computational_readings_agree,,,0,pass1_independent_readings_agree,,investor,0.8773,dominant_voice_proxy,investor,resolved,pass1_retained_sufficient_confidence,0.8773,,,,,
MEDIA-051,Sibanye plans to cut 5 270 jobs as it restructures Marikana operations,2019,Mining Weekly,https://www.miningweekly.com/article/sibanye-plans-to-cut-5-270-jobs-as-it-restructures-marikana-operations-2019-09-25,labour,0.1634,dominant_voice_proxy,2.850,21.500,2.500,25.700,0.000,0,-2.07944,0,7,0,-2.44949,0,6,0,0.9058,false,computational_readings_agree,,,0,pass1_independent_readings_agree,,labour,0.1634,dominant_voice_proxy,labour,resolved,pass1_retained_sufficient_confidence,0.1634,,,,,
MEDIA-053,Sibanye confirms final Marikana retrenchment figures,2020,Mining Weekly,https://www.miningweekly.com/article/sibanye-confirms-final-marikana-retrenchment-figures-2020-01-16,investor,0.9079,dominant_voice_proxy,0.000,7.600,0.000,0.700,0.000,0,-2.24861,0,2,0,-2.50000,0,1,0,0.9497,false,computational_readings_agree,,(?:retrenchment|job losses|layoffs) | retrench,0,pass1_independent_readings_agree,,investor,0.9079,dominant_voice_proxy,investor,resolved,pass1_retained_sufficient_confidence,0.9079,,,,,
MEDIA-054,"Sibanye launches campaign to reimagine, foster Marikana community of the future",2021,Mining Weekly,https://www.miningweekly.com/article/sibanye-launches-campaign-to-reimagine-foster-marikana-community-of-the-future-2021-04-16,investor,0.5509,dominant_voice_proxy,0.350,36.850,16.550,2.850,0.000,1,1.38629,11,2,1,2.31662,11,1,1,0.7406,false,computational_readings_agree,,,1,pass1_independent_readings_agree,,investor,0.5509,dominant_voice_proxy,investor,resolved,pass1_retained_sufficient_confidence,0.5509,,,,,
MEDIA-055,Sibanye to hold webcast series to aid healing and renewal in Marikana,2021,Mining Weekly,https://www.miningweekly.com/article/sibanye-to-hold-webcast-series-to-aid-healing-and-renewal-in-marikana-2021-08-11,investor,0.7450,dominant_voice_proxy,0.350,25.100,6.400,0.350,0.000,1,4.49722,8,0,1,4.14575,7,0,1,1.0000,false,computational_readings_agree,(?:healing|renewal|reconciliation|remediation|redress|compensation|restorative) | healing | renewal,,1,pass1_independent_readings_agree,,investor,0.7450,dominant_voice_proxy,investor,resolved,pass1_retained_sufficient_confidence,0.7450,,,,,
MEDIA-056,Amcu's Marikana PGM miners demand pay hikes of up to 40% from Sibanye,2022,Daily Maverick,https://www.dailymaverick.co.za/article/2022-05-03-exclusive-amcus-marikana-pgm-miners-demand-pay-hikes-of-up-to-40-from-sibanye/,labour,0.3163,dominant_voice_proxy,0.350,10.050,0.000,14.700,0.000,0,-1.38629,0,3,0,-1.73205,0,3,0,0.6237,false,computational_readings_agree,,,0,pass1_independent_readings_agree,,labour,0.3163,dominant_voice_proxy,labour,resolved,pass1_retained_sufficient_confidence,0.3163,,,,,
MEDIA-057,"Mine workers have seen significant wage growth since Marikana, but social burdens undermine gains",2022,Daily Maverick,https://www.dailymaverick.co.za/article/2022-07-24-mine-workers-have-seen-significant-wage-growth-since-marikana-but-social-burdens-undermine-gains/,labour,0.6968,dominant_voice_proxy,1.050,4.200,0.000,13.850,0.000,0,-1.94591,1,13,0,-3.16228,0,10,0,1.0000,false,computational_readings_agree,,,0,pass1_independent_readings_agree,,labour,0.6968,dominant_voice_proxy,labour,resolved,pass1_retained_sufficient_confidence,0.6968,,,,,
MEDIA-058,Marikana miners: We'll fight another 10 years to taste justice,2022,Daily Maverick,https://www.dailymaverick.co.za/article/2022-08-13-mine-workers-symbolising-sas-tragic-day-well-fight-another-10-years-to-taste-justice/,government,0.2896,dominant_voice_proxy,25.900,18.400,6.000,17.350,0.000,0,-1.48808,6,30,0,-2.66291,5,24,0,0.8302,false,computational_readings_agree,,,0,pass1_independent_readings_agree,,government,0.2896,dominant_voice_proxy,government,resolved,pass1_retained_sufficient_confidence,0.2896,,,,,
CORP-001,Lonmin Plc Annual Report and Accounts 2012,2012,Lonmin Plc,https://www.annualreports.com/HostedData/AnnualReportArchive/l/LSE_LMI_2012.pdf,investor,1.0000,document_author_group,0.000,10.000,0.000,0.000,0.000,0,-0.18572,97,117,0,-3.19435,35,83,0,0.6760,false,computational_readings_agree,,,0,pass1_independent_readings_agree,,investor,1.0000,document_author_group,investor,resolved,pass1_retained_sufficient_confidence,1.0000,,,,,
CORP-002,Lonmin Plc Annual Report and Accounts 2013,2013,Lonmin Plc,https://www.annualreports.com/HostedData/AnnualReportArchive/l/LSE_LMI_2013.pdf,investor,1.0000,document_author_group,0.000,10.000,0.000,0.000,0.000,1,0.15415,97,83,0,-1.52277,30,49,,0.1722,true,stance_readings_disagree_or_low_margin,,,0,third_computational_adjudication_clear_margin,-0.516618,investor,1.0000,document_author_group,investor,resolved,pass1_retained_sufficient_confidence,1.0000,,,,,
CORP-003,Lonmin Plc Annual Report and Accounts 2014,2014,Lonmin Plc,https://www.annualreports.com/HostedData/AnnualReportArchive/l/LSE_LMI_2014.pdf,investor,1.0000,document_author_group,0.000,10.000,0.000,0.000,0.000,0,-0.74424,123,260,0,-7.80722,47,215,0,1.0000,false,computational_readings_agree,,,0,pass1_independent_readings_agree,,investor,1.0000,document_author_group,investor,resolved,pass1_retained_sufficient_confidence,1.0000,,,,,
CORP-004,Lonmin Plc Annual Report and Accounts 2016,2016,Lonmin Plc,https://www.annualreports.com/HostedData/AnnualReportArchive/l/LSE_LMI_2015.pdf,investor,1.0000,document_author_group,0.000,10.000,0.000,0.000,0.000,0,-1.46968,22,99,0,-4.67107,3,41,0,1.0000,false,computational_readings_agree,,,0,pass1_independent_readings_agree,,investor,1.0000,document_author_group,investor,resolved,pass1_retained_sufficient_confidence,1.0000,,,,,
CORP-006,Lonmin Plc Annual Report and Accounts 2017,2017,Lonmin Plc,https://www.sibanyestillwater.com/wp-content/uploads/transactions/lonmin/final-offer/lonmin-year-end-30september2017.pdf,investor,1.0000,document_author_group,0.000,10.000,0.000,0.000,0.000,0,-0.22314,3,4,0,-0.58579,2,4,,0.1227,true,stance_readings_disagree_or_low_margin,,,0,third_computational_adjudication_clear_margin,-0.368200,investor,1.0000,document_author_group,investor,resolved,pass1_retained_sufficient_confidence,1.0000,,,,,
CORP-008,Sibanye-Stillwater Integrated Report 2019,2019,Sibanye-Stillwater,https://reports.sibanyestillwater.com/2019/,investor,1.0000,document_author_group,0.000,10.000,0.000,0.000,0.000,1,0.69315,1,0,1,1.00000,1,0,1,0.3386,false,computational_readings_agree,,,1,pass1_independent_readings_agree,,investor,1.0000,document_author_group,investor,resolved,pass1_retained_sufficient_confidence,1.0000,,,,,
CORP-009,Sibanye-Stillwater Integrated Report 2020,2020,Sibanye-Stillwater,https://reports.sibanyestillwater.com/2020/,investor,1.0000,document_author_group,0.000,10.000,0.000,0.000,0.000,1,0.84730,6,2,1,1.03528,6,2,1,0.3765,false,computational_readings_agree,,,1,pass1_independent_readings_agree,,investor,1.0000,document_author_group,investor,resolved,pass1_retained_sufficient_confidence,1.0000,,,,,
expanded_corporate_candidates__EXP-CORP-002,Lonmin Plc Annual Report and Accounts 2011,2011,Lonmin Plc,https://www.annualreports.co.uk/HostedData/AnnualReportArchive/l/LSE_LMI_2011.pdf,investor,1.0000,document_author_group,0.000,10.000,0.000,0.000,0.000,0,-0.23796,66,84,0,-1.54304,29,48,0,0.3562,false,computational_readings_agree,,,0,pass1_independent_readings_agree,,investor,1.0000,document_author_group,investor,resolved,pass1_retained_sufficient_confidence,1.0000,,,,,
EXP-CORP-004,Lonmin Plc Sustainable Development Report 2016,2016,Lonmin Plc,https://wikirate-production-storage.fra1.cdn.digitaloceanspaces.com/files/3336301/14042001.pdf,investor,1.0000,document_author_group,0.000,10.000,0.000,0.000,0.000,0,-0.60218,22,41,0,-1.73205,3,12,0,0.4668,false,computational_readings_agree,,,0,pass1_independent_readings_agree,,investor,1.0000,document_author_group,investor,resolved,pass1_retained_sufficient_confidence,1.0000,,,,,
CORP-NEWS-001,Sibanye-Stillwater enters Section 189 consultation with stakeholders at its Marikana operation and associated services,2019,Sibanye-Stillwater,https://www.resource-capital.ch/fileadmin/user_upload/25092019_EN_Sibanye-Stillwater_enters_Section_189_consultation_with_stakeholders_at_its_Marikana_operation_and_associated_services_25Sep2019.pdf,investor,1.0000,document_author_group,0.000,10.000,0.000,0.000,0.000,0,-0.69315,2,5,0,-2.23607,0,5,0,0.5858,false,computational_readings_agree,,,0,pass1_independent_readings_agree,,investor,1.0000,document_author_group,investor,resolved,pass1_retained_sufficient_confidence,1.0000,,,,,
CORP-NEWS-003,Sibanye-Stillwater signs three-year PGM wage agreements,2019,Sibanye-Stillwater,https://thevault.exchange/?get_group_doc=245%2F1573812467-sibanye-stillwater-signs-three-year-pgm-agreements-15nov2019.pdf,investor,1.0000,document_author_group,0.000,10.000,0.000,0.000,0.000,1,2.53629,3,0,1,1.41421,2,0,1,0.7901,false,computational_readings_agree,agreement,,1,pass1_independent_readings_agree,,investor,1.0000,document_author_group,investor,resolved,pass1_retained_sufficient_confidence,1.0000,,,,,
CORP-NEWS-005,Referral of the Platinum wage negotiations dispute to the CCMA for Sibanye-Stillwater’s Rustenburg and Marikana operations,2019,Sibanye-Stillwater,https://thevault.exchange/?get_group_doc=245%2F1569859850-MediareleaseReferralofthePlatinumwagenegotiationsdisputetotheCCMAforSibanye-StillwatersRustenburgandMarikanaoperations30Sep2019.pdf,investor,1.0000,document_author_group,0.000,10.000,0.000,0.000,0.000,1,1.09861,2,0,0,-2.50000,0,1,,0.1136,true,stance_readings_disagree_or_low_margin,,"(?:wage|pay).{0,30}(?:dispute|demand|strike)",0,third_computational_adjudication_clear_margin,-0.340834,investor,1.0000,document_author_group,investor,resolved,pass1_retained_sufficient_confidence,1.0000,,,,,
CORP-SAT-001,SA PGM wage negotiations,2019,Sibanye-Stillwater,https://www.sibanyestillwater.com/features/2019/sa-pgm-wage-negotiations/,investor,1.0000,document_author_group,0.000,10.000,0.000,0.000,0.000,1,0.69315,1,0,1,1.00000,1,0,1,0.3386,false,computational_readings_agree,,,1,pass1_independent_readings_agree,,investor,1.0000,document_author_group,investor,resolved,pass1_retained_sufficient_confidence,1.0000,,,,,
CORP-SAT-002,Marikana Memorial,2020,Sibanye-Stillwater,https://www.sibanyestillwater.com/features/2020/marikana-memorial/,investor,1.0000,document_author_group,0.000,10.000,0.000,0.000,0.000,1,2.30259,9,0,1,2.82843,8,0,1,1.0000,false,computational_readings_agree,,,1,pass1_independent_readings_agree,,investor,1.0000,document_author_group,investor,resolved,pass1_retained_sufficient_confidence,1.0000,,,,,
CORP-SAT-003,Marikana Renewal,2021,Sibanye-Stillwater,https://www.sibanyestillwater.com/features/2021/marikana-renewal/,investor,1.0000,document_author_group,0.000,10.000,0.000,0.000,0.000,1,3.45259,9,0,1,3.73607,5,0,1,1.0000,false,computational_readings_agree,(?:healing|renewal|reconciliation|remediation|redress|compensation|restorative) | renewal,,1,pass1_independent_readings_agree,,investor,1.0000,document_author_group,investor,resolved,pass1_retained_sufficient_confidence,1.0000,,,,,
CORP-SAT-004,Marikana commemoration 2021,2021,Sibanye-Stillwater,https://www.sibanyestillwater.com/features/2021/marikana-commemoration/,investor,1.0000,document_author_group,0.000,10.000,0.000,0.000,0.000,1,1.89712,19,2,1,4.12311,17,0,1,1.0000,false,computational_readings_agree,,,1,pass1_independent_readings_agree,,investor,1.0000,document_author_group,investor,resolved,pass1_retained_sufficient_confidence,1.0000,,,,,
EXP-GOV-001,Release of the Marikana Commission report,2015,The Presidency / South African Government,https://www.gov.za/news/speeches/president-jacob-zuma-release-marikana-report-25-jun-2015,government,1.0000,document_author_group,10.000,0.000,0.000,0.000,0.000,0,-1.88707,4,32,0,-5.09902,0,26,0,1.0000,false,computational_readings_agree,,,0,pass1_independent_readings_agree,,government,1.0000,document_author_group,government,resolved,pass1_retained_sufficient_confidence,1.0000,,,,,
EXP-GOV-002,North West Human Settlements on Marikana housing project,2015,North West Department of Local Government and Human Settlements / South African Government,https://www.gov.za/speeches/north-west-human-settlements-marikana-housing-project-7-dec-2015-0000,government,1.0000,document_author_group,10.000,0.000,0.000,0.000,0.000,1,2.24861,2,0,1,0.00000,0,0,1,0.4497,false,computational_readings_agree,settlement,,1,pass1_independent_readings_agree,,government,1.0000,document_author_group,government,resolved,pass1_retained_sufficient_confidence,1.0000,,,,,
EXP-GOV-004,Government remembers Marikana,2017,South African Government,https://www.gov.za/speeches/government-remembers-marikana-16-aug-2017-0000,government,1.0000,document_author_group,10.000,0.000,0.000,0.000,0.000,1,1.29928,10,2,1,1.00000,4,1,1,0.4599,false,computational_readings_agree,,,1,pass1_independent_readings_agree,,government,1.0000,document_author_group,government,resolved,pass1_retained_sufficient_confidence,1.0000,,,,,
EXP-GOV-005,Department of Human Settlements Embarks on Major Effort to Revitalise Distressed Mining Towns,2017,Parliament of South Africa,https://www.parliament.gov.za/news/department-human-settlements-embarks-major-effort-revitalise-distressed-mining-towns,government,1.0000,document_author_group,10.000,0.000,0.000,0.000,0.000,1,3.85805,14,0,1,0.00000,0,0,1,0.7716,false,computational_readings_agree,settlement,,1,pass1_independent_readings_agree,,government,1.0000,document_author_group,government,resolved,pass1_retained_sufficient_confidence,1.0000,,,,,
EXP-GOV-010,Panel of Experts Report on Policing and Crowd Management,2018,Panel of Experts / Minister of Police,https://cisp.cachefly.net/assets/articles/attachments/84996_pannel_of_experts_2021.pdf,government,1.0000,document_author_group,10.000,0.000,0.000,0.000,0.000,0,-2.44058,122,1411,0,-29.51629,11,1078,0,1.0000,false,computational_readings_agree,,,0,pass1_independent_readings_agree,,government,1.0000,document_author_group,government,resolved,pass1_retained_sufficient_confidence,1.0000,,,,,
EXP-GOV-012,Panel of experts on Farlam Commission briefs Parliament,2017,South African Government News Agency,https://www.sanews.gov.za/south-africa/panel-experts-farlam-commission-briefs-parliament,government,1.0000,document_author_group,10.000,0.000,0.000,0.000,0.000,0,-1.94591,0,6,0,-1.41421,0,2,0,0.6720,false,computational_readings_agree,,,0,pass1_independent_readings_agree,,government,1.0000,document_author_group,government,resolved,pass1_retained_sufficient_confidence,1.0000,,,,,
GOV-SAT-001,Government on Marikana related litigation,2023,South African Government / GCIS,https://www.gov.za/news/media-statements/government-marikana-related-litigation-17-aug-2023,government,1.0000,document_author_group,10.000,0.000,0.000,0.000,0.000,1,2.19722,8,0,1,2.44949,6,0,1,0.9293,false,computational_readings_agree,,,1,pass1_independent_readings_agree,,government,1.0000,document_author_group,government,resolved,pass1_retained_sufficient_confidence,1.0000,,,,,
WEB-GOV-001,Minister Nathi Nhleko says closure needed over Marikana,2015,South African Police Service / South African Government,https://www.gov.za/news/media-statements/minister-nathi-nhleko-says-closure-needed-over-marikana-12-aug-2015,government,1.0000,document_author_group,10.000,0.000,0.000,0.000,0.000,1,1.09861,2,0,1,0.00000,0,0,1,0.2197,false,computational_readings_agree,,,1,pass1_independent_readings_agree,,government,1.0000,document_author_group,government,resolved,pass1_retained_sufficient_confidence,1.0000,,,,,
WEB-GOV-002,Farlam recommendations being implemented,2016,South African Government News Agency,https://www.sanews.gov.za/south-africa/farlam-recommendations-being-implemented,government,1.0000,document_author_group,10.000,0.000,0.000,0.000,0.000,0,-0.33647,4,6,0,-1.44949,1,6,0,0.3572,false,computational_readings_agree,,,0,pass1_independent_readings_agree,,government,1.0000,document_author_group,government,resolved,pass1_retained_sufficient_confidence,1.0000,,,,,
WEB-GOV-003,Government remembers Marikana tragedy,2020,Government Communication and Information System,https://www.gcis.gov.za/newsroom/media-releases/government-remembers-marikana-tragedy,government,1.0000,document_author_group,10.000,0.000,0.000,0.000,0.000,0,-0.69315,0,1,1,0.00000,0,0,,0.1386,true,stance_readings_disagree_or_low_margin,,,0,third_computational_adjudication_clear_margin,-0.415890,government,1.0000,document_author_group,government,resolved,pass1_retained_sufficient_confidence,1.0000,,,,,
expanded_media_candidates__EXP-MEDIA-004,NUM wants members at Lonmin back,2013,Mining Weekly,https://www.miningweekly.com/article/num-wants-members-at-lonmin-back-2013-07-11,labour,0.4057,dominant_voice_proxy,0.000,7.250,0.000,12.200,0.000,0,-1.38629,0,3,0,-1.00000,0,1,0,0.4773,false,computational_readings_agree,,,0,pass1_independent_readings_agree,,labour,0.4057,dominant_voice_proxy,labour,resolved,pass1_retained_sufficient_confidence,0.4057,,,,,
expanded_media_candidates__EXP-MEDIA-005,NUM member gunned down at Lonmin hostel,2013,Mining Weekly,https://www.miningweekly.com/article/num-member-gunned-down-at-lonmin-hostel-2013-06-03,labour,0.2009,dominant_voice_proxy,0.350,16.900,5.350,21.150,0.000,0,-1.79176,0,5,0,-1.41421,0,2,0,0.6412,false,computational_readings_agree,,,0,pass1_independent_readings_agree,,labour,0.2009,dominant_voice_proxy,labour,resolved,pass1_retained_sufficient_confidence,0.2009,,,,,
expanded_media_candidates__EXP-MEDIA-006,AMCU postpones Lonmin strike action pending meeting with Motlanthe,2013,Mining Weekly,https://www.miningweekly.com/article/amcu-postpones-strike-action-pending-meeting-with-motlanthe-2013-06-13,labour,0.4203,dominant_voice_proxy,1.050,22.550,0.000,38.900,0.000,0,-0.61100,11,6,0,-3.73607,0,5,0,0.8694,false,computational_readings_agree,,(?:strike|protest|unrest|industrial action) | strike,0,pass1_independent_readings_agree,,labour,0.4203,dominant_voice_proxy,labour,resolved,pass1_retained_sufficient_confidence,0.4203,,,,,
expanded_media_candidates__EXP-MEDIA-007,Union puts chamber on spot over alleged Lonmin breach,2013,Mining Weekly,https://www.miningweekly.com/article/union-puts-chamber-on-spot-over-alleged-lonmin-breach-2013-09-06,investor,0.5668,dominant_voice_proxy,1.050,40.400,0.000,17.500,0.000,0,-1.35764,12,15,0,-3.37350,3,13,0,0.9462,false,computational_readings_agree,,(?:failed|failure|non[- ]compliance|breach|neglect|shortcoming) | breach,0,pass1_independent_readings_agree,,investor,0.5668,dominant_voice_proxy,investor,resolved,pass1_retained_sufficient_confidence,0.5668,,,,,
expanded_media_candidates__EXP-MEDIA-008,Solidarity gears up for Lonmin strike,2013,Mining Weekly,https://www.miningweekly.com/article/solidarity-gears-up-for-lonmin-strike-2013-08-19,labour,0.1408,dominant_voice_proxy,0.350,11.900,0.000,13.850,0.000,0,-2.13083,2,7,0,-4.14575,0,7,0,1.0000,false,computational_readings_agree,,(?:strike|protest|unrest|industrial action) | strike,0,pass1_independent_readings_agree,,labour,0.1408,dominant_voice_proxy,labour,resolved,pass1_retained_sufficient_confidence,0.1408,,,,,
expanded_media_candidates__EXP-MEDIA-009,An end to platinum miner's single-sex hostels beckons,2014,Mining Weekly,https://www.miningweekly.com/article/an-end-to-platinum-miners-single-sex-hostels-beckons-2014-03-28,labour,0.1957,dominant_voice_proxy,0.700,26.300,7.100,32.700,0.000,1,1.79176,11,1,0,-1.00000,0,1,,0.2250,true,stance_readings_disagree_or_low_margin,,,1,third_computational_adjudication_clear_margin,0.675056,labour,0.1957,dominant_voice_proxy,labour,resolved,pass1_retained_sufficient_confidence,0.1957,,,,,
expanded_media_candidates__EXP-MEDIA-010,Marikana report to Zuma by Tuesday,2015,Mining Weekly,https://www.miningweekly.com/article/marikana-report-to-zuma-by-tuesday-2015-03-30,government,0.8906,dominant_voice_proxy,6.400,0.700,0.000,0.350,0.000,0,-1.09861,0,2,0,-1.00000,0,1,0,0.4197,false,computational_readings_agree,,,0,pass1_independent_readings_agree,,government,0.8906,dominant_voice_proxy,government,resolved,pass1_retained_sufficient_confidence,0.8906,,,,,
expanded_media_candidates__EXP-MEDIA-011,Marikana Commission: Sowing the killing fields,2012,Daily Maverick,https://www.dailymaverick.co.za/article/2012-11-09-marikana-commission-sowing-the-killing-fields/,government,0.5222,dominant_voice_proxy,30.350,6.400,2.850,14.500,0.000,0,-3.04712,2,19,0,-5.50000,0,16,0,1.0000,false,computational_readings_agree,,(?:massacre|killings?|shootings?|deaths?|torture) | kill(?:ed|ing|ings)?,0,pass1_independent_readings_agree,,government,0.5222,dominant_voice_proxy,government,resolved,pass1_retained_sufficient_confidence,0.5222,,,,,
expanded_media_candidates__EXP-MEDIA-012,Marikana Commission: 'Don't single us out' - police,2012,Daily Maverick,https://www.dailymaverick.co.za/article/2012-11-06-marikana-commission-dont-single-us-out-police/,government,0.8074,dominant_voice_proxy,55.550,8.200,0.000,10.700,0.000,0,-2.30259,0,9,0,-3.00000,0,9,0,1.0000,false,computational_readings_agree,,,0,pass1_independent_readings_agree,,government,0.8074,dominant_voice_proxy,government,resolved,pass1_retained_sufficient_confidence,0.8074,,,,,
expanded_media_candidates__EXP-MEDIA-013,"Marikana Commission: The foiled saviour, Joseph Mathunjwa",2012,Daily Maverick,https://www.dailymaverick.co.za/article/2012-11-29-marikana-commission-the-foiled-saviour-joseph-mathunjwa/,labour,0.3750,dominant_voice_proxy,16.500,4.950,0.000,26.400,0.000,0,-1.60944,0,4,0,-1.73205,0,3,0,0.6683,false,computational_readings_agree,,,0,pass1_independent_readings_agree,,labour,0.3750,dominant_voice_proxy,labour,resolved,pass1_retained_sufficient_confidence,0.3750,,,,,
expanded_media_candidates__EXP-MEDIA-014,25 October 2012: A day of reckoning at Marikana,2012,Daily Maverick,https://www.dailymaverick.co.za/article/2012-10-24-25-october-2012-a-day-of-reckoning-at-marikana/,investor,0.1631,dominant_voice_proxy,3.150,25.450,0.700,21.300,0.000,0,-2.25129,1,18,0,-4.12311,0,17,0,1.0000,false,computational_readings_agree,,,0,pass1_independent_readings_agree,,investor,0.1631,dominant_voice_proxy,investor,resolved,pass1_retained_sufficient_confidence,0.1631,,,,,
expanded_media_candidates__EXP-MEDIA-015,Marikana Commission: Gung-ho Mangwashi Phiyega under scrutiny,2013,Daily Maverick,https://www.dailymaverick.co.za/article/2013-01-24-marikana-commission-gung-ho-mangwashi-phiyega-under-scrutiny/,government,0.8649,dominant_voice_proxy,21.100,0.700,2.850,0.000,0.000,0,-2.30259,0,9,0,-2.23607,0,5,0,0.9077,false,computational_readings_agree,,,0,pass1_independent_readings_agree,,government,0.8649,dominant_voice_proxy,government,resolved,pass1_retained_sufficient_confidence,0.8649,,,,,
expanded_media_candidates__EXP-MEDIA-016,Money-kana Commission?,2013,Daily Maverick,https://www.dailymaverick.co.za/article/2013-08-30-money-kana-commission/,government,0.9663,dominant_voice_proxy,20.750,0.350,0.000,0.700,0.000,0,-2.30259,0,9,0,-2.82843,0,8,0,1.0000,false,computational_readings_agree,,,0,pass1_independent_readings_agree,,government,0.9663,dominant_voice_proxy,government,resolved,pass1_retained_sufficient_confidence,0.9663,,,,,
expanded_media_candidates__EXP-MEDIA-017,"Marikana Commission: Lies, videotapes and the police's crumbling wall of deceit",2013,Daily Maverick,https://www.dailymaverick.co.za/article/2013-09-16-marikana-commission-lies-videotapes-and-the-polices-crumbling-wall-of-deceit/,government,0.9889,dominant_voice_proxy,31.450,0.350,0.000,0.000,0.000,0,-0.84730,2,6,0,-1.73205,0,3,0,0.5159,false,computational_readings_agree,,,0,pass1_independent_readings_agree,,government,0.9889,dominant_voice_proxy,government,resolved,pass1_retained_sufficient_confidence,0.9889,,,,,
expanded_media_candidates__EXP-MEDIA-018,Marikana massacre: More disturbing questions about police planning and objectives,2013,Daily Maverick,https://www.dailymaverick.co.za/article/2013-10-23-marikana-massacre-more-disturbing-questions-about-police-planning-and-objectives/,government,0.9257,dominant_voice_proxy,23.550,0.350,0.700,1.750,0.000,0,-2.69045,2,13,0,-4.96410,0,12,0,1.0000,false,computational_readings_agree,,(?:massacre|killings?|shootings?|deaths?|torture) | massacre,0,pass1_independent_readings_agree,,government,0.9257,dominant_voice_proxy,government,resolved,pass1_retained_sufficient_confidence,0.9257,,,,,
expanded_media_candidates__EXP-MEDIA-019,"Marikana massacre: SAPS, Lonmin, Ramaphosa & time for blood. Miners' blood.",2013,Daily Maverick,https://www.dailymaverick.co.za/article/2013-10-24-marikana-massacre-saps-lonmin-ramaphosa-time-for-blood-miners-blood/,government,0.4781,dominant_voice_proxy,44.550,23.250,0.000,18.500,0.000,0,-3.16490,1,14,0,-4.81662,0,11,0,1.0000,false,computational_readings_agree,,(?:massacre|killings?|shootings?|deaths?|torture) | massacre,0,pass1_independent_readings_agree,,government,0.4781,dominant_voice_proxy,government,resolved,pass1_retained_sufficient_confidence,0.4781,,,,,
expanded_media_candidates__EXP-MEDIA-020,"Marikana massacre: Ramaphosa's statement, revisited",2013,Daily Maverick,https://www.dailymaverick.co.za/article/2013-10-25-marikana-massacre-ramaphosas-statement-revisited/,government,0.6174,dominant_voice_proxy,28.750,11.000,0.000,3.550,0.000,0,-3.78906,0,13,0,-4.66228,0,10,0,1.0000,false,computational_readings_agree,,(?:massacre|killings?|shootings?|deaths?|torture) | massacre,0,pass1_independent_readings_agree,,government,0.6174,dominant_voice_proxy,government,resolved,pass1_retained_sufficient_confidence,0.6174,,,,,
expanded_media_candidates__EXP-MEDIA-021,"Memories of Marikana, through the eNCA lens",2013,Daily Maverick,https://www.dailymaverick.co.za/article/2013-08-13-memories-of-marikana-through-the-enca-lens/,government,0.7692,dominant_voice_proxy,4.550,1.050,0.700,1.050,0.000,0,-2.30259,0,9,0,-3.00000,0,9,0,1.0000,false,computational_readings_agree,,,0,pass1_independent_readings_agree,,government,0.7692,dominant_voice_proxy,government,resolved,pass1_retained_sufficient_confidence,0.7692,,,,,
expanded_media_candidates__EXP-MEDIA-022,Marking the anniversary of two mining massacres: So much remains the same,2013,Daily Maverick,https://www.dailymaverick.co.za/article/2013-08-14-marking-the-anniversary-of-two-mining-massacres-so-much-remains-the-same/,labour,0.4981,dominant_voice_proxy,6.750,1.050,0.350,13.450,0.000,0,-3.45259,1,19,0,-5.74264,0,18,0,1.0000,false,computational_readings_agree,,(?:massacre|killings?|shootings?|deaths?|torture) | massacre,0,pass1_independent_readings_agree,,labour,0.4981,dominant_voice_proxy,labour,resolved,pass1_retained_sufficient_confidence,0.4981,,,,,
expanded_media_candidates__EXP-MEDIA-023,Marikana massacre: The first of Lonmin's voices are heard,2014,Daily Maverick,https://www.dailymaverick.co.za/article/2014-06-09-marikana-massacre-the-first-of-lonmins-voices-are-heard/,investor,0.0585,dominant_voice_proxy,2.800,27.350,0.000,25.750,0.000,0,-3.67573,1,24,0,-6.08258,0,21,0,1.0000,true,stakeholder_voice_low_confidence,,(?:massacre|killings?|shootings?|deaths?|torture) | massacre,0,pass1_independent_readings_agree,,investor,0.0585,dominant_voice_proxy,investor,resolved,third_pass_unique_headline_subject,0.9500,0.000,1.000,0.000,0.000,0.000
expanded_media_candidates__EXP-MEDIA-024,Marikana report: Key findings and recommendations,2015,Daily Maverick,https://www.dailymaverick.co.za/article/2015-06-26-marikana-report-key-findings-and-recommendations/,government,0.7934,dominant_voice_proxy,30.500,2.100,0.000,6.300,0.000,0,-3.09104,0,21,0,-4.35890,0,19,0,1.0000,false,computational_readings_agree,,,0,pass1_independent_readings_agree,,government,0.7934,dominant_voice_proxy,government,resolved,pass1_retained_sufficient_confidence,0.7934,,,,,
expanded_media_candidates__EXP-MEDIA-025,amaBhungane: 'War' looming over Marikana housing evictions,2016,Daily Maverick,https://www.dailymaverick.co.za/article/2016-08-31-amabhungane-war-looming-over-marikana-housing-evictions/,community,0.3904,dominant_voice_proxy,14.950,21.700,35.600,6.750,0.000,0,-2.53629,3,15,0,-4.32843,0,8,0,1.0000,false,computational_readings_agree,,(?:eviction|displacement|forced removal) | evict,0,pass1_independent_readings_agree,,community,0.3904,dominant_voice_proxy,community,resolved,pass1_retained_sufficient_confidence,0.3904,,,,,
expanded_media_candidates__EXP-MEDIA-029,Marikana: What's been done on SAPS recommendations?,2017,Daily Maverick,https://www.dailymaverick.co.za/article/2017-08-16-marikana-whats-been-done-on-saps-recommendations/,government,0.9128,dominant_voice_proxy,40.700,3.550,0.700,1.050,0.000,0,-1.67398,2,15,0,-3.60555,0,13,0,1.0000,false,computational_readings_agree,,,0,pass1_independent_readings_agree,,government,0.9128,dominant_voice_proxy,government,resolved,pass1_retained_sufficient_confidence,0.9128,,,,,
expanded_media_candidates__EXP-MEDIA-033,Community wants ConCourt to declare R5bn Lonmin deal illegal,2019,Daily Maverick,https://www.dailymaverick.co.za/article/2019-07-21-community-wants-concourt-to-declare-r5bn-lonmin-deal-illegal/,investor,0.3630,dominant_voice_proxy,6.050,33.200,21.150,10.700,0.000,1,0.28768,7,5,0,-1.23607,1,5,,0.1073,true,stance_readings_disagree_or_low_margin,,,0,third_computational_adjudication_clear_margin,-0.321820,investor,0.3630,dominant_voice_proxy,investor,resolved,pass1_retained_sufficient_confidence,0.3630,,,,,
expanded_media_candidates__EXP-MEDIA-035,"Marikana massacre: The devastating impact of the narrative painted by business, police and the state",2020,Daily Maverick,https://www.dailymaverick.co.za/article/2020-08-26-marikana-massacre-the-devastating-impact-of-the-narrative-painted-by-business-police-and-the-state/,government,0.7244,dominant_voice_proxy,26.850,7.400,1.050,4.900,0.350,0,-2.85475,3,21,0,-3.82744,2,14,0,1.0000,false,computational_readings_agree,,(?:massacre|killings?|shootings?|deaths?|torture) | massacre,0,pass1_independent_readings_agree,,government,0.7244,dominant_voice_proxy,government,resolved,pass1_retained_sufficient_confidence,0.7244,,,,,
expanded_media_candidates__EXP-MEDIA-036,"SAPS transformation: Key report gathers dust, snubbing Marikana Commission",2021,Daily Maverick,https://www.dailymaverick.co.za/article/2021-01-17-saps-transformation-key-report-gathers-dust-snubbing-marikana-commission/,government,0.9527,dominant_voice_proxy,22.200,1.050,0.000,0.000,0.350,0,-1.09861,0,2,0,-1.00000,0,1,0,0.4197,false,computational_readings_agree,,,0,pass1_independent_readings_agree,,government,0.9527,dominant_voice_proxy,government,resolved,pass1_retained_sufficient_confidence,0.9527,,,,,
expanded_media_candidates_02__EXP-MEDIA-038,"AMCU, Lonmin find strike-averting meeting point?",2013,Mining Weekly,https://www.miningweekly.com/article/amcu-lonmin-find-strike-averting-meeting-point-deputy-president-2013-06-21,labour,0.7389,dominant_voice_proxy,11.050,12.600,0.350,48.250,0.000,0,-2.75944,1,9,0,-4.32843,0,8,0,1.0000,false,computational_readings_agree,,(?:strike|protest|unrest|industrial action) | strike,0,pass1_independent_readings_agree,,labour,0.7389,dominant_voice_proxy,labour,resolved,pass1_retained_sufficient_confidence,0.7389,,,,,
expanded_media_candidates_02__EXP-MEDIA-039,Lonmin confirms work stoppage across shafts,2013,Mining Weekly,https://www.miningweekly.com/article/lonmin-confirms-work-stoppage-across-shafts-2013-05-14,labour,0.6705,dominant_voice_proxy,0.000,10.100,0.000,30.650,0.000,0,-0.40547,1,2,0,-0.41421,1,2,,0.1363,true,stance_readings_disagree_or_low_margin,,,0,third_computational_adjudication_clear_margin,-0.408966,labour,0.6705,dominant_voice_proxy,labour,resolved,pass1_retained_sufficient_confidence,0.6705,,,,,
expanded_media_candidates_02__EXP-MEDIA-041,"Lonmin to lose 3 100 oz/d, Implats 2 800 oz/d in production owing to AMCU strike",2014,Mining Weekly,https://www.miningweekly.com/article/lonmin-to-lose-3-100-ozd-implats-2-800-ozd-in-production-owing-to-amcu-strike-2014-01-23,labour,0.4131,dominant_voice_proxy,0.350,7.600,0.000,12.950,0.000,0,-2.53629,0,3,0,-3.23205,0,3,0,1.0000,false,computational_readings_agree,,(?:strike|protest|unrest|industrial action) | strike,0,pass1_independent_readings_agree,,labour,0.4131,dominant_voice_proxy,labour,resolved,pass1_retained_sufficient_confidence,0.4131,,,,,
expanded_media_candidates_02__EXP-MEDIA-042,"AMCU, platinum companies' wage talks stall",2014,Mining Weekly,https://www.miningweekly.com/article/amcu-platinum-companies-wage-talks-stall-2014-02-06,labour,0.3089,dominant_voice_proxy,0.350,4.250,0.000,6.150,0.000,0,-0.28768,2,3,0,-2.00000,0,4,0,0.4575,false,computational_readings_agree,,,0,pass1_independent_readings_agree,,labour,0.3089,dominant_voice_proxy,labour,resolved,pass1_retained_sufficient_confidence,0.3089,,,,,
expanded_media_candidates_02__EXP-MEDIA-044,"Lonmin hit hardest by strike, third capital raising expected",2014,Mining Weekly,https://www.miningweekly.com/article/lonmin-hit-hardest-by-strike-third-capital-raising-expected-2014-05-22,labour,0.2157,dominant_voice_proxy,0.000,14.000,0.000,17.850,0.000,0,-3.09591,0,6,0,-4.14575,0,7,0,1.0000,false,computational_readings_agree,,(?:strike|protest|unrest|industrial action) | strike,0,pass1_independent_readings_agree,,labour,0.2157,dominant_voice_proxy,labour,resolved,pass1_retained_sufficient_confidence,0.2157,,,,,
expanded_media_candidates_02__EXP-MEDIA-045,"AMCU rejects platinum offer, sticking to R12 500 demand",2014,Mining Weekly,https://www.miningweekly.com/article/amcu-rejects-platinum-offer-sticking-to-r12-500-demand-2014-01-31,labour,0.5773,dominant_voice_proxy,0.000,8.200,0.000,19.400,0.000,1,0.51083,4,2,0,-1.73205,0,3,,0.1288,true,stance_readings_disagree_or_low_margin,,,0,third_computational_adjudication_clear_margin,-0.386322,labour,0.5773,dominant_voice_proxy,labour,resolved,pass1_retained_sufficient_confidence,0.5773,,,,,
expanded_media_candidates_02__EXP-MEDIA-046,Farlam Commission: More Marikana massacre secrets and lies,2014,Daily Maverick,https://www.dailymaverick.co.za/article/2014-03-14-farlam-commission-more-marikana-massacre-secrets-and-lies/,government,0.9743,dominant_voice_proxy,13.600,0.350,0.350,0.350,0.000,0,-4.24104,0,21,0,-5.62311,0,17,0,1.0000,false,computational_readings_agree,,(?:massacre|killings?|shootings?|deaths?|torture) | massacre,0,pass1_independent_readings_agree,,government,0.9743,dominant_voice_proxy,government,resolved,pass1_retained_sufficient_confidence,0.9743,,,,,
expanded_media_candidates_02__EXP-MEDIA-047,"In Marikana, local government's failures in plain sight",2012,Daily Maverick,https://www.dailymaverick.co.za/article/2012-09-10-in-marikana-local-governments-failures-in-plain-sight/,government,0.5037,dominant_voice_proxy,20.050,9.950,8.450,1.400,0.000,0,-1.33232,4,5,0,-3.23205,0,3,0,0.9129,false,computational_readings_agree,,(?:failed|failure|non[- ]compliance|breach|neglect|shortcoming) | failed|failure,0,pass1_independent_readings_agree,,government,0.5037,dominant_voice_proxy,government,resolved,pass1_retained_sufficient_confidence,0.5037,,,,,
expanded_media_candidates_02__EXP-MEDIA-048,Cyril Ramaphosa: The true betrayal,2012,Daily Maverick,https://www.dailymaverick.co.za/article/2012-10-27-cyril-ramaphosa-the-true-betrayal/,government,0.2538,dominant_voice_proxy,29.550,22.050,2.850,17.400,0.000,0,-2.94444,0,18,0,-4.00000,0,16,0,1.0000,false,computational_readings_agree,,,0,pass1_independent_readings_agree,,government,0.2538,dominant_voice_proxy,government,resolved,pass1_retained_sufficient_confidence,0.2538,,,,,
expanded_media_candidates_02__EXP-MEDIA-049,Marikana Commission: Phiyega's testimony begins,2013,Daily Maverick,https://www.dailymaverick.co.za/article/2013-03-15-marikana-commission-phiyegas-testimony-begins/,government,0.8182,dominant_voice_proxy,25.300,4.600,0.000,3.900,0.000,0,-1.87180,1,12,0,-3.31662,0,11,0,1.0000,false,computational_readings_agree,,,0,pass1_independent_readings_agree,,government,0.8182,dominant_voice_proxy,government,resolved,pass1_retained_sufficient_confidence,0.8182,,,,,
expanded_media_candidates_02__EXP-MEDIA-050,Marikana Commission: Sangoma's death and Phiyega's understanding of truth,2013,Daily Maverick,https://www.dailymaverick.co.za/article/2013-03-26-marikana-commission-sangomas-death-and-phiyegas-understanding-of-truth/,government,0.8934,dominant_voice_proxy,43.150,0.700,0.700,4.600,0.000,0,-3.78906,0,13,0,-4.96410,0,12,0,1.0000,false,computational_readings_agree,,(?:massacre|killings?|shootings?|deaths?|torture) | death(?:s)?,0,pass1_independent_readings_agree,,government,0.8934,dominant_voice_proxy,government,resolved,pass1_retained_sufficient_confidence,0.8934,,,,,
expanded_media_candidates_02__EXP-MEDIA-051,"Lonmin ops ramping up, normal levels expected by Q1 2015",2014,Mining Weekly,https://www.miningweekly.com/article/lonmin-ops-ramping-up-normal-levels-expected-by-q1-2015-2014-07-25,investor,0.8477,dominant_voice_proxy,2.500,32.500,0.700,4.950,0.000,0,-1.79176,0,5,0,-2.23607,0,5,0,0.8056,false,computational_readings_agree,,,0,pass1_independent_readings_agree,,investor,0.8477,dominant_voice_proxy,investor,resolved,pass1_retained_sufficient_confidence,0.8477,,,,,
expanded_media_candidates_02__EXP-MEDIA-052,"We made significant progress in Marikana, says Lonmin",2018,Mining Weekly,https://www.miningweekly.com/article/we-made-significant-progress-in-marikana-says-lonmin-2018-08-15,investor,0.6219,dominant_voice_proxy,2.850,28.300,5.700,10.700,0.000,0,-0.28768,2,3,0,-1.73205,0,3,0,0.4039,false,computational_readings_agree,,,0,pass1_independent_readings_agree,,investor,0.6219,dominant_voice_proxy,investor,resolved,pass1_retained_sufficient_confidence,0.6219,,,,,
expanded_media_candidates_batch1__EXP-MEDIA-001,The murder fields of Marikana. The cold murder fields of Marikana.,2012,Daily Maverick,https://www.dailymaverick.co.za/article/2012-09-08-the-murder-fields-of-marikana-the-cold-murder-fields-of-marikana/,government,0.7478,dominant_voice_proxy,27.950,1.050,2.800,7.050,0.000,0,-2.63906,2,41,0,-4.79583,0,23,0,1.0000,false,computational_readings_agree,,,0,pass1_independent_readings_agree,,government,0.7478,dominant_voice_proxy,government,resolved,pass1_retained_sufficient_confidence,0.7478,,,,,
expanded_media_candidates_batch1__EXP-MEDIA-002,"Marikana's Small Koppie: 14 dead, 300 metres away from Wonderkop. Why?",2012,Daily Maverick,https://www.dailymaverick.co.za/article/2012-09-08-marikanas-small-koppie-14-dead-300-metres-away-from-wonderkop-why/,government,0.3759,dominant_voice_proxy,7.050,0.700,4.400,0.000,0.000,0,-1.50408,1,8,0,-2.44949,0,6,0,0.7907,false,computational_readings_agree,,,0,pass1_independent_readings_agree,,government,0.3759,dominant_voice_proxy,government,resolved,pass1_retained_sufficient_confidence,0.3759,,,,,
expanded_media_candidates_batch1__EXP-MEDIA-004,"Unsafe House, Unsafe Job? The foul truth about living conditions at Marikana",2012,Daily Maverick,https://www.dailymaverick.co.za/article/2012-09-27-unsafe-house-unsafe-job-the-foul-truth-about-living-conditions-at-marikana/,investor,0.3802,dominant_voice_proxy,3.200,25.250,5.650,15.650,6.750,0,-0.22314,3,4,0,-1.41421,0,2,0,0.3275,false,computational_readings_agree,,,0,pass1_independent_readings_agree,,investor,0.3802,dominant_voice_proxy,investor,resolved,pass1_retained_sufficient_confidence,0.3802,,,,,
expanded_media_candidates_batch1__EXP-MEDIA-005,Friendship forged in the depths of the earth and strengthened by the horror of Marikana,2012,Daily Maverick,https://www.dailymaverick.co.za/article/2012-09-26-friendship-forged-in-the-depths-of-the-earth-and-strengthened-by-the-horror-of-marikana/,investor,0.1768,dominant_voice_proxy,3.500,9.900,0.700,8.150,0.000,0,-2.70805,0,14,0,-3.46410,0,12,0,1.0000,false,computational_readings_agree,,,0,pass1_independent_readings_agree,,investor,0.1768,dominant_voice_proxy,investor,resolved,pass1_retained_sufficient_confidence,0.1768,,,,,
expanded_media_candidates_batch1__EXP-MEDIA-006,Marikana: The debt-hole that fuelled the fire,2012,Daily Maverick,https://www.dailymaverick.co.za/article/2012-10-12-marikana-the-debt-hole-that-fuelled-the-fire/,labour,0.4083,dominant_voice_proxy,3.550,3.200,0.350,6.000,0.000,0,-1.38629,0,3,0,-1.73205,0,3,0,0.6237,false,computational_readings_agree,,,0,pass1_independent_readings_agree,,labour,0.4083,dominant_voice_proxy,labour,resolved,pass1_retained_sufficient_confidence,0.4083,,,,,
expanded_media_candidates_batch1__EXP-MEDIA-007,Marikana: Police torturing their way to intimidation,2012,Daily Maverick,https://www.dailymaverick.co.za/article/2012-11-02-marikana-police-torturing-their-way-to-intimidation/,government,0.7924,dominant_voice_proxy,11.800,1.050,2.450,0.000,0.000,0,-4.24104,0,21,0,-4.58258,0,21,0,1.0000,false,computational_readings_agree,,tortur,0,pass1_independent_readings_agree,,government,0.7924,dominant_voice_proxy,government,resolved,pass1_retained_sufficient_confidence,0.7924,,,,,
expanded_media_candidates_batch1__EXP-MEDIA-010,Marikana murders: The world now believes,2012,Daily Maverick,https://www.dailymaverick.co.za/article/2012-09-10-marikana-murders-the-world-now-believes/,government,0.5617,dominant_voice_proxy,8.100,3.200,3.550,2.850,0.000,0,-2.89037,0,17,0,-2.82843,0,8,0,1.0000,false,computational_readings_agree,,,0,pass1_independent_readings_agree,,government,0.5617,dominant_voice_proxy,government,resolved,pass1_retained_sufficient_confidence,0.5617,,,,,
expanded_media_candidates_batch1__EXP-MEDIA-011,"Marikana, Malema, rebellion, revolution",2012,Daily Maverick,https://www.dailymaverick.co.za/article/2012-09-12-marikana-malema-rebellion-revolution/,government,0.2680,dominant_voice_proxy,14.550,3.900,1.400,10.650,0.000,0,-2.94444,0,18,0,-4.12311,0,17,0,1.0000,false,computational_readings_agree,,,0,pass1_independent_readings_agree,,government,0.2680,dominant_voice_proxy,government,resolved,pass1_retained_sufficient_confidence,0.2680,,,,,
expanded_media_candidates_batch1__EXP-MEDIA-012,Daily Maverick's SA Persons of the Year: The victims of Marikana,2012,Daily Maverick,https://www.dailymaverick.co.za/article/2012-12-31-daily-mavericks-sa-persons-of-the-year-the-victims-of-marikana/,labour,0.1111,dominant_voice_proxy,2.800,1.750,0.700,3.150,0.350,0,-2.48491,0,11,0,-3.16228,0,10,0,1.0000,true,stakeholder_voice_low_confidence,,,0,pass1_independent_readings_agree,,labour,0.1111,dominant_voice_proxy,,unresolved,unresolved_stakeholder_voice_ambiguous,0.4900,0.800,0.000,0.000,0.000,0.000
expanded_media_candidates_batch1__EXP-MEDIA-015,"The Marikana Commission, and skewed access to justice",2013,Daily Maverick,https://www.dailymaverick.co.za/article/2013-08-15-the-marikana-commission-and-skewed-access-to-justice/,government,0.8081,dominant_voice_proxy,26.050,3.200,5.000,2.500,0.000,0,-1.94591,0,6,0,-2.23607,0,5,0,0.8364,false,computational_readings_agree,,,0,pass1_independent_readings_agree,,government,0.8081,dominant_voice_proxy,government,resolved,pass1_retained_sufficient_confidence,0.8081,,,,,
expanded_media_candidates_batch1__EXP-MEDIA-022,Marikana – a massacre without criminal consequences,2022,Daily Maverick,https://www.dailymaverick.co.za/article/2022-05-19-marikana-a-massacre-still-without-any-criminal-consequences/,government,0.1200,dominant_voice_proxy,11.250,2.450,3.900,9.900,3.200,0,-2.63160,4,21,0,-3.50657,5,18,0,1.0000,false,computational_readings_agree,,(?:massacre|killings?|shootings?|deaths?|torture) | massacre,0,pass1_independent_readings_agree,,government,0.1200,dominant_voice_proxy,government,resolved,pass1_retained_sufficient_confidence,0.1200,,,,,
expanded_media_candidates_batch1__EXP-MEDIA-023,We must fight to ensure that those slain at Marikana did not die in vain,2022,Daily Maverick,https://www.dailymaverick.co.za/article/2022-08-15-we-must-fight-to-ensure-that-those-slain-at-marikana-on-16-august-2012-did-not-die-in-vain/,labour,0.6126,dominant_voice_proxy,4.550,4.550,4.900,12.650,0.000,0,-0.82668,6,15,0,-1.74806,2,10,0,0.5149,false,computational_readings_agree,,,0,pass1_independent_readings_agree,,labour,0.6126,dominant_voice_proxy,labour,resolved,pass1_retained_sufficient_confidence,0.6126,,,,,
expanded_media_candidates_batch1__EXP-MEDIA-030,"AMCU to serve strike notice on Lonmin, Implats",2014,Mining Weekly,https://www.miningweekly.com/article/amcu-to-serve-strike-notice-on-lonmin-implats-2014-01-17,labour,0.0278,dominant_voice_proxy,0.350,12.250,0.000,12.600,0.000,0,-2.75944,0,4,0,-3.50000,0,4,0,1.0000,true,stakeholder_voice_low_confidence,,(?:strike|protest|unrest|industrial action) | strike,0,pass1_independent_readings_agree,,labour,0.0278,dominant_voice_proxy,,unresolved,unresolved_stakeholder_voice_ambiguous,0.0396,0.800,19.400,0.000,20.200,0.000
expanded_media_candidates_batch1__EXP-MEDIA-032,AMCU prepared to strike for next six months,2014,Mining Weekly,https://www.miningweekly.com/article/amcu-will-not-return-to-work-without-r12-500-basic-wage-2014-03-27,labour,0.5957,dominant_voice_proxy,0.000,8.550,0.000,21.150,0.000,0,-2.53629,0,3,0,-3.23205,0,3,0,1.0000,false,computational_readings_agree,,(?:strike|protest|unrest|industrial action) | strike,0,pass1_independent_readings_agree,,labour,0.5957,dominant_voice_proxy,labour,resolved,pass1_retained_sufficient_confidence,0.5957,,,,,
expanded_media_candidates_batch1__EXP-MEDIA-033,Lonmin aims for May 14 restart in challenge to platinum strike,2014,Mining Weekly,https://www.miningweekly.com/article/lonmin-aims-for-may-14-restart-in-challenge-to-platinum-strike-2014-05-09,labour,0.1368,dominant_voice_proxy,0.000,10.100,0.000,11.700,0.000,0,-2.75944,0,4,0,-3.23205,0,3,0,1.0000,false,computational_readings_agree,,(?:strike|protest|unrest|industrial action) | strike,0,pass1_independent_readings_agree,,labour,0.1368,dominant_voice_proxy,labour,resolved,pass1_retained_sufficient_confidence,0.1368,,,,,
expanded_media_candidates_batch1__EXP-MEDIA-034,"Uphold overwhelming wish of workers to return, pleads Lonmin",2014,Mining Weekly,https://www.miningweekly.com/article/uphold-overwhelming-wish-of-workers-to-return-pleads-lonmin-2014-05-12,labour,0.0112,dominant_voice_proxy,3.550,35.350,0.350,35.750,0.000,0,-3.09104,0,21,0,-3.35890,1,19,0,1.0000,true,stakeholder_voice_low_confidence,,,0,pass1_independent_readings_agree,,labour,0.0112,dominant_voice_proxy,,unresolved,unresolved_stakeholder_voice_ambiguous,0.1755,3.000,40.400,0.000,49.000,0.000
expanded_media_candidates_batch1__EXP-MEDIA-035,"Platinum majors, AMCU sign wage deal; workers to return Wed",2014,Mining Weekly,https://www.miningweekly.com/article/sa-platinum-job-cuts-in-question-as-wage-deals-to-be-signed-2014-06-24,labour,0.6343,dominant_voice_proxy,3.200,9.600,0.000,26.250,0.000,0,-0.09531,9,10,0,-1.90241,2,11,0,0.3995,false,computational_readings_agree,,,0,pass1_independent_readings_agree,,labour,0.6343,dominant_voice_proxy,labour,resolved,pass1_retained_sufficient_confidence,0.6343,,,,,
expanded_media_candidates_batch1__EXP-MEDIA-037,Lonmin accused of prolonging platinum strike by hiding revenue,2014,Mining Weekly,https://www.miningweekly.com/article/lonmin-accused-of-prolonging-platinum-strike-by-hiding-revenue-2014-10-24,investor,0.7907,dominant_voice_proxy,0.700,32.250,0.000,6.750,0.000,0,-2.24861,0,2,0,-3.23205,0,3,0,1.0000,false,computational_readings_agree,,(?:strike|protest|unrest|industrial action) | strike,0,pass1_independent_readings_agree,,investor,0.7907,dominant_voice_proxy,investor,resolved,pass1_retained_sufficient_confidence,0.7907,,,,,
expanded_media_candidates_batch1__EXP-MEDIA-038,Lonmin hands over New Marikana primary school to Basic Education dept,2018,Engineering News / Creamer Media,https://www.engineeringnews.co.za/article/lonmin-hands-over-new-marikana-primary-school-to-basic-education-dept-2018-04-06,investor,0.7605,dominant_voice_proxy,2.850,11.900,1.050,0.000,0.000,1,1.09861,2,0,1,1.00000,1,0,1,0.4197,false,computational_readings_agree,,,1,pass1_independent_readings_agree,,investor,0.7605,dominant_voice_proxy,investor,resolved,pass1_retained_sufficient_confidence,0.7605,,,,,
expanded_media_candidates_batch1__EXP-MEDIA-041,Lonmin miners return to work,2013,Engineering News,https://www.engineeringnews.co.za/article/lonmin-miners-return-to-work-2013-05-15,labour,0.6779,dominant_voice_proxy,2.850,9.050,0.350,28.100,0.000,0,-1.60944,0,4,0,-1.41421,0,2,0,0.6047,false,computational_readings_agree,,,0,pass1_independent_readings_agree,,labour,0.6779,dominant_voice_proxy,labour,resolved,pass1_retained_sufficient_confidence,0.6779,,,,,
expanded_media_candidates_batch1__EXP-MEDIA-042,"Platinum town, striking miner ready for deal",2014,Engineering News,https://www.engineeringnews.co.za/article/platinum-town-striking-miner-ready-for-deal-2014-04-25,labour,0.3750,dominant_voice_proxy,0.000,1.750,0.350,2.800,0.000,0,-0.69315,1,3,0,-1.73205,0,3,0,0.4850,false,computational_readings_agree,,,0,pass1_independent_readings_agree,,labour,0.3750,dominant_voice_proxy,labour,resolved,pass1_retained_sufficient_confidence,0.3750,,,,,
expanded_media_candidates_batch1__EXP-MEDIA-044,"Force majeure with some suppliers, not customers – Lonmin",2014,Engineering News,https://www.engineeringnews.co.za/article/force-majeure-with-some-suppliers-not-customers-lonmin-2014-04-11,investor,1.0000,dominant_voice_proxy,0.000,15.800,0.000,0.000,0.000,0,-1.38629,0,3,0,-1.73205,0,3,0,0.6237,false,computational_readings_agree,,,0,pass1_independent_readings_agree,,investor,1.0000,dominant_voice_proxy,investor,resolved,pass1_retained_sufficient_confidence,1.0000,,,,,
expanded_media_candidates_batch2__EXP-MEDIA-045,Volatility now plagues platinum miner's housing allocation,2016,Mining Weekly,https://www.miningweekly.com/article/volatility-now-plagues-platinum-miners-housing-allocation-2016-02-05,community,0.3333,dominant_voice_proxy,3.550,0.700,8.550,5.700,0.000,1,0.18232,5,4,0,-1.73205,0,3,,0.1945,true,stance_readings_disagree_or_low_margin,,,0,third_computational_adjudication_clear_margin,-0.583428,community,0.3333,dominant_voice_proxy,community,resolved,pass1_retained_sufficient_confidence,0.3333,,,,,
expanded_media_candidates_batch2__EXP-MEDIA-046,Lonmin committed to R500m expenditure on employee apartments,2017,Mining Weekly,https://www.miningweekly.com/article/lonmin-committed-to-r500m-expenditure-on-employee-apartments-2017-04-07,investor,0.1584,dominant_voice_proxy,1.050,11.050,0.700,9.300,0.000,1,1.60944,4,0,1,0.00000,0,0,1,0.3219,false,computational_readings_agree,,,1,pass1_independent_readings_agree,,investor,0.1584,dominant_voice_proxy,investor,resolved,pass1_retained_sufficient_confidence,0.1584,,,,,
expanded_media_candidates_batch2__EXP-MEDIA-047,Violent protestors demand 1 500 new jobs from struggling Lonmin,2017,Mining Weekly,https://www.miningweekly.com/article/violent-protestors-demand-1-500-new-jobs-from-struggling-lonmin-2017-05-11,investor,0.3524,dominant_voice_proxy,0.350,23.550,15.250,4.250,0.000,0,-1.48647,4,6,0,-2.32185,2,5,0,0.7617,false,computational_readings_agree,,(?:strike|protest|unrest|industrial action) | protest,0,pass1_independent_readings_agree,,investor,0.3524,dominant_voice_proxy,investor,resolved,pass1_retained_sufficient_confidence,0.3524,,,,,
expanded_media_candidates_batch2__EXP-MEDIA-048,Review Mining Charter's proposed home ownership model,2017,Mining Weekly,https://www.miningweekly.com/article/review-mining-charters-proposed-home-ownership-model-2017-02-10,investor,0.4459,dominant_voice_proxy,16.400,29.600,8.550,8.550,10.700,0,-0.91629,1,4,0,-0.73205,1,3,0,0.3297,false,computational_readings_agree,,,0,pass1_independent_readings_agree,,investor,0.4459,dominant_voice_proxy,investor,resolved,pass1_retained_sufficient_confidence,0.4459,,,,,
expanded_media_candidates_batch2__EXP-MEDIA-049,POST MARIKANA MEASURES,2017,Mining Weekly,https://www.miningweekly.com/article/post-marikana-measures-2017-01-27,labour,0.4800,dominant_voice_proxy,0.350,3.900,0.000,7.500,0.000,0,-1.09861,0,2,0,-1.41421,0,2,0,0.5026,false,computational_readings_agree,,,0,pass1_independent_readings_agree,,labour,0.4800,dominant_voice_proxy,labour,resolved,pass1_retained_sufficient_confidence,0.4800,,,,,
expanded_media_candidates_batch2__EXP-MEDIA-052,"Murder at Small Koppie: J'Accuse, Greg Marinovich's way",2016,Daily Maverick,https://www.dailymaverick.co.za/article/2016-03-24-murder-at-small-koppie-jaccuse-greg-marinovichs-way/,labour,0.2283,dominant_voice_proxy,4.900,7.100,0.350,9.200,0.000,0,-2.39790,1,21,0,-3.60555,0,13,0,1.0000,false,computational_readings_agree,,,0,pass1_independent_readings_agree,,labour,0.2283,dominant_voice_proxy,labour,resolved,pass1_retained_sufficient_confidence,0.2283,,,,,
EXP-MEDIA-053,What's mine is mine: How the Bapo Ba Mogale got robbed of R800 million,2016,Daily Maverick,https://www.dailymaverick.co.za/article/2016-10-26-whats-mine-is-mine-how-the-bapo-ba-mogale-got-robbed-of-r800-million/,community,0.4922,dominant_voice_proxy,19.500,10.950,38.400,0.000,0.000,0,-0.84730,2,6,1,0.00000,2,2,,0.1695,true,stance_readings_disagree_or_low_margin,,,0,third_computational_adjudication_clear_margin,-0.508380,community,0.4922,dominant_voice_proxy,community,resolved,pass1_retained_sufficient_confidence,0.4922,,,,,
EXP-MEDIA-054,Marikana Massacre: Police absolve 87 of their own,2017,Daily Maverick,https://www.dailymaverick.co.za/article/2017-03-15-marikana-massacre-police-absolve-87-of-their-own/,government,0.8808,dominant_voice_proxy,35.650,1.400,4.250,0.000,2.500,0,-3.02180,1,12,0,-3.54989,2,12,0,1.0000,false,computational_readings_agree,,(?:massacre|killings?|shootings?|deaths?|torture) | massacre,0,pass1_independent_readings_agree,,government,0.8808,dominant_voice_proxy,government,resolved,pass1_retained_sufficient_confidence,0.8808,,,,,
EXP-MEDIA-055,"Marikana Massacre: 'He is fine, let him die'",2017,Daily Maverick,https://www.dailymaverick.co.za/article/2017-03-20-marikana-massacre-he-is-fine-let-him-die/,government,0.7859,dominant_voice_proxy,51.600,3.900,11.050,7.100,2.850,0,-3.29007,1,16,0,-3.66228,1,10,0,1.0000,false,computational_readings_agree,,(?:massacre|killings?|shootings?|deaths?|torture) | massacre,0,pass1_independent_readings_agree,,government,0.7859,dominant_voice_proxy,government,resolved,pass1_retained_sufficient_confidence,0.7859,,,,,
EXP-MEDIA-056,Will there ever be accountability for the Marikana Massacre?,2018,Daily Maverick,https://www.dailymaverick.co.za/article/2018-06-15-will-there-ever-be-accountability-for-the-marikana-massacre/,government,0.7520,dominant_voice_proxy,12.700,0.000,3.150,1.400,0.350,0,-2.01500,7,18,0,-2.85425,7,16,0,0.9738,false,computational_readings_agree,,(?:massacre|killings?|shootings?|deaths?|torture) | massacre,0,pass1_independent_readings_agree,,government,0.7520,dominant_voice_proxy,government,resolved,pass1_retained_sufficient_confidence,0.7520,,,,,
EXP-MEDIA-057,The legacy of Marikana: Accountability urgent to prevent another atrocity,2018,Daily Maverick,https://www.dailymaverick.co.za/article/2018-08-15-the-legacy-of-marikana-accountability-urgent-to-prevent-another-atrocity/,government,0.9091,dominant_voice_proxy,15.400,1.400,1.050,1.050,0.700,0,-2.25129,1,18,0,-4.00000,0,16,0,1.0000,false,computational_readings_agree,,,0,pass1_independent_readings_agree,,government,0.9091,dominant_voice_proxy,government,resolved,pass1_retained_sufficient_confidence,0.9091,,,,,
EXP-MEDIA-058,"Marikana Massacre – IPID investigates massacred miners' deaths, and SAPS' lies, without the promised funding",2018,Daily Maverick,https://www.dailymaverick.co.za/article/2018-08-30-marikana-massacre-ipid-investigates-massacred-miners-deaths-and-saps-lies-without-the-promised-funding/,government,0.8314,dominant_voice_proxy,29.650,5.000,0.000,0.350,0.000,0,-4.69790,0,10,0,-4.50000,0,9,0,1.0000,false,computational_readings_agree,,(?:massacre|killings?|shootings?|deaths?|torture) | death(?:s)? | massacre,0,pass1_independent_readings_agree,,government,0.8314,dominant_voice_proxy,government,resolved,pass1_retained_sufficient_confidence,0.8314,,,,,
EXP-MEDIA-059,SA still waiting for action on Farlam Commission findings,2019,Daily Maverick,https://www.dailymaverick.co.za/article/2019-08-16-sa-still-waiting-for-action-on-farlam-commission-findings/,government,0.9588,dominant_voice_proxy,60.700,2.500,2.500,2.500,0.000,0,-1.20397,2,9,0,-1.64575,1,7,0,0.5699,false,computational_readings_agree,,,0,pass1_independent_readings_agree,,government,0.9588,dominant_voice_proxy,government,resolved,pass1_retained_sufficient_confidence,0.9588,,,,,
EXP-MEDIA-062,Sibanye settles Marikana streaming deal,2020,Engineering News,https://www.engineeringnews.co.za/article/sibanye-settles-marikana-streaming-deal-2020-03-04,investor,1.0000,dominant_voice_proxy,0.000,4.750,0.000,0.000,0.000,1,1.38629,3,0,1,0.00000,0,0,1,0.2773,false,computational_readings_agree,,,1,pass1_independent_readings_agree,,investor,1.0000,dominant_voice_proxy,investor,resolved,pass1_retained_sufficient_confidence,1.0000,,,,,
EXP-MEDIA-064,Sibanye-Stillwater hoists first tons from R4bn 4 000-job K4 platinum project,2022,Engineering News,https://www.engineeringnews.co.za/article/first-tons-hoisted-at-marikanas-top-tier-4-000-job-k4-platinum-project-2022-05-16,investor,0.9653,dominant_voice_proxy,0.350,10.100,0.000,0.000,0.000,0,-0.69315,0,1,1,0.00000,0,0,,0.1386,true,stance_readings_disagree_or_low_margin,,,0,third_computational_adjudication_clear_margin,-0.415890,investor,0.9653,dominant_voice_proxy,investor,resolved,pass1_retained_sufficient_confidence,0.9653,,,,,
EXP-MEDIA-065,"Sibanye reaches wage agreement with NUM, UASA, but AMCU holds out",2022,Engineering News,https://www.engineeringnews.co.za/article/sibanye-reaches-wage-agreement-with-num-uasa-but-amcu-holds-out-2022-09-30,labour,0.4096,dominant_voice_proxy,0.350,10.450,0.000,17.700,0.000,1,2.75944,4,0,1,1.00000,1,0,1,0.7519,false,computational_readings_agree,agreement,,1,pass1_independent_readings_agree,,labour,0.4096,dominant_voice_proxy,labour,resolved,pass1_retained_sufficient_confidence,0.4096,,,,,
EXP-MEDIA-068,More than 4 000 jobs on the line as Sibanye considers future of four South African PGM shafts,2023,Engineering News,https://www.engineeringnews.co.za/article/more-than-4-000-jobs-on-the-line-as-sibanye-considers-future-of-four-south-african-pgm-shafts-2023-10-25,investor,0.4398,dominant_voice_proxy,0.000,13.300,0.000,7.450,0.000,0,-1.60944,0,4,0,-2.00000,0,4,0,0.7219,false,computational_readings_agree,,,0,pass1_independent_readings_agree,,investor,0.4398,dominant_voice_proxy,investor,resolved,pass1_retained_sufficient_confidence,0.4398,,,,,
EXP-MEDIA-069,"For the platinum Industry, Marikana was a ‘Mechanisation Moment’",2019,Daily Maverick,https://www.dailymaverick.co.za/article/2019-08-16-for-the-platinum-industry-marikana-was-a-mechanisation-moment/,labour,0.5864,dominant_voice_proxy,1.750,4.550,0.000,11.000,0.000,0,-2.39790,0,10,0,-3.00000,0,9,0,1.0000,false,computational_readings_agree,,,0,pass1_independent_readings_agree,,labour,0.5864,dominant_voice_proxy,labour,resolved,pass1_retained_sufficient_confidence,0.5864,,,,,
EXP-MEDIA-070,How the twilight of South Africa’s migrant labour system spawned a social apocalypse,2022,Daily Maverick,https://www.dailymaverick.co.za/article/2022-11-27-how-the-twilight-of-sas-migrant-labour-system-spawned-a-social-apocalypse/,labour,0.6426,dominant_voice_proxy,5.650,5.950,4.950,16.650,0.000,0,-0.94446,6,17,0,-0.67087,7,11,0,0.3231,false,computational_readings_agree,,,0,pass1_independent_readings_agree,,labour,0.6426,dominant_voice_proxy,labour,resolved,pass1_retained_sufficient_confidence,0.6426,,,,,
EXP-MEDIA-071,Cooling of labour militancy in SA’s mines mirrors decline of migrant labour system,2022,Daily Maverick,https://www.dailymaverick.co.za/article/2022-11-28-cooling-of-labour-militancy-in-sas-mines-mirrors-decline-of-migrant-labour-system/,labour,0.8934,dominant_voice_proxy,0.700,1.050,0.000,9.850,0.000,0,-0.51083,2,4,0,-1.73205,0,3,0,0.4486,false,computational_readings_agree,,,0,pass1_independent_readings_agree,,labour,0.8934,dominant_voice_proxy,labour,resolved,pass1_retained_sufficient_confidence,0.8934,,,,,
SAT-EARLY-MEDIA-001,Lonmin inks landmark BEE deals with traditional community,2014,Mining Weekly,https://www.miningweekly.com/article/lonmin-inks-landmark-bee-deals-with-traditional-community-2014-07-30,community,0.1346,dominant_voice_proxy,7.500,15.750,18.200,0.350,0.000,1,1.60944,4,0,1,1.73205,3,0,1,0.6683,false,computational_readings_agree,,,1,pass1_independent_readings_agree,,community,0.1346,dominant_voice_proxy,community,resolved,pass1_retained_sufficient_confidence,0.1346,,,,,
SAT-EARLY-MEDIA-002,Missing millions from Lonmin fund prompts community pay reform,2016,Mining Weekly / Bloomberg,https://www.miningweekly.com/article/missing-millions-from-lonmin-fund-prompts-community-pay-reform-2016-08-04,community,0.1980,dominant_voice_proxy,5.350,15.800,19.700,0.000,0.000,1,2.06629,4,1,0,-1.00000,0,1,,0.2799,true,stance_readings_disagree_or_low_margin,reform,,1,third_computational_adjudication_clear_margin,0.839774,community,0.1980,dominant_voice_proxy,community,resolved,pass1_retained_sufficient_confidence,0.1980,,,,,
SAT-EARLY-MEDIA-005,Bapo cancel protest march against Lonmin after reaching new employment deal,2015,Mining Weekly / African News Agency,https://www.miningweekly.com/article/bapo-cancel-protest-march-against-lonmin-after-reaching-new-employment-deal-2015-06-17,community,0.0695,dominant_voice_proxy,2.500,19.400,20.850,0.000,0.000,0,-1.37314,3,4,0,-2.23205,1,3,0,0.7210,true,stakeholder_voice_low_confidence,,(?:strike|protest|unrest|industrial action) | protest,0,pass1_independent_readings_agree,,community,0.0695,dominant_voice_proxy,,unresolved,unresolved_stakeholder_voice_ambiguous,0.0201,3.800,29.200,29.800,0.000,0.000
SAT-EARLY-MEDIA-006,Power shift in unions could mean a difficult time ahead in SA platinum belt,2013,Mining Weekly,https://www.miningweekly.com/article/power-shift-in-unions-could-mean-a-difficult-time-ahead-in-sa-platinum-belt-2013-06-28,labour,0.4217,dominant_voice_proxy,0.350,18.100,2.850,31.300,2.500,0,-0.40547,1,2,0,-1.41421,0,2,0,0.3639,false,computational_readings_agree,,,0,pass1_independent_readings_agree,,labour,0.4217,dominant_voice_proxy,labour,resolved,pass1_retained_sufficient_confidence,0.4217,,,,,
SAT-EARLY-MEDIA-007,Lonmin artisan college forging ahead despite 2012 setbacks,2013,Mining Weekly,https://www.miningweekly.com/article/lonmin-artisan-college-forging-ahead-despite-2012-setbacks-2013-03-05,investor,0.9595,dominant_voice_proxy,0.000,8.650,0.350,0.350,0.000,0,-1.60944,0,4,0,-1.41421,0,2,0,0.6047,false,computational_readings_agree,,,0,pass1_independent_readings_agree,,investor,0.9595,dominant_voice_proxy,investor,resolved,pass1_retained_sufficient_confidence,0.9595,,,,,
SAT-EARLY-MEDIA-008,HONOURING AGREEMENTS,2013,Mining Weekly,https://www.miningweekly.com/article/honouring-agreements-2013-03-15,labour,0.4673,dominant_voice_proxy,0.000,2.850,0.000,5.350,0.000,1,1.55547,2,1,0,-1.00000,0,1,,0.1778,true,stance_readings_disagree_or_low_margin,agreement,,1,third_computational_adjudication_clear_margin,0.533282,labour,0.4673,dominant_voice_proxy,labour,resolved,pass1_retained_sufficient_confidence,0.4673,,,,,
SAT-EARLY-MEDIA-011,"Marikana: NPA drops 'common purpose' charges, but critical questions remain",2012,Daily Maverick,https://www.dailymaverick.co.za/article/2012-09-03-marikana-npa-drops-common-purpose-charges-but-critical-questions-remain/,government,0.8000,dominant_voice_proxy,16.000,0.000,3.200,0.000,0.000,0,-2.63906,0,13,0,-3.00000,0,9,0,1.0000,false,computational_readings_agree,,,0,pass1_independent_readings_agree,,government,0.8000,dominant_voice_proxy,government,resolved,pass1_retained_sufficient_confidence,0.8000,,,,,
SAT-EARLY-MEDIA-012,A tale of two worlds - Sun City and Marikana,2012,Daily Maverick,https://www.dailymaverick.co.za/article/2012-09-03-a-tale-of-two-worlds-sun-city-and-marikana/,government,0.0000,dominant_voice_proxy,1.400,1.400,0.000,1.400,0.000,0,-1.09861,1,5,0,-2.23607,0,5,0,0.6669,true,stakeholder_voice_low_confidence,,,0,pass1_independent_readings_agree,,government,0.0000,dominant_voice_proxy,,unresolved,unresolved_stakeholder_voice_ambiguous,0.4900,1.600,0.800,0.000,0.000,0.000
SAT-EARLY-MEDIA-015,NUM Lonmin chairperson shot dead in Marikana,2013,Engineering News / Reuters,https://www.engineeringnews.co.za/article/num-lonmin-chairperson-shot-dead-in-marikana-2013-10-18,labour,0.2279,dominant_voice_proxy,2.850,14.400,0.000,18.650,0.000,0,-1.25276,1,6,0,-1.41421,0,2,0,0.5334,false,computational_readings_agree,,,0,pass1_independent_readings_agree,,labour,0.2279,dominant_voice_proxy,labour,resolved,pass1_retained_sufficient_confidence,0.2279,,,,,
SAT-EARLY-MEDIA-016,"Some return to work, others strike",2014,Engineering News / Sapa,https://www.engineeringnews.co.za/article/some-return-to-work-others-strike-2014-05-14,labour,0.3955,dominant_voice_proxy,5.350,4.600,0.350,8.850,0.000,0,-3.54790,0,10,0,-4.14575,0,7,0,1.0000,false,computational_readings_agree,,(?:strike|protest|unrest|industrial action) | strike,0,pass1_independent_readings_agree,,labour,0.3955,dominant_voice_proxy,labour,resolved,pass1_retained_sufficient_confidence,0.3955,,,,,
SAT-EARLY-MEDIA-018,Platinum miner aims to complete housing project by 2014,2013,Mining Weekly,https://www.miningweekly.com/article/platinum-miner-aims-to-complete-housing-project-by-2014-2013-03-29,investor,0.5170,dominant_voice_proxy,3.200,8.800,3.200,4.250,0.000,0,-0.69315,2,5,0,-2.00000,0,4,0,0.5386,false,computational_readings_agree,,,0,pass1_independent_readings_agree,,investor,0.5170,dominant_voice_proxy,investor,resolved,pass1_retained_sufficient_confidence,0.5170,,,,,
SAT-MEDIA-001,"Another year, another Marikana commemoration - but betrayal, neglect and injustice are still there",2019,Daily Maverick,https://www.dailymaverick.co.za/article/2019-08-16-another-year-another-marikana-commemoration-but-betrayal-neglect-and-injustice-are-still-there/,government,0.3075,dominant_voice_proxy,17.400,10.650,7.050,12.050,0.000,0,-2.85475,3,21,0,-4.12685,3,19,0,1.0000,false,computational_readings_agree,,(?:failed|failure|non[- ]compliance|breach|neglect|shortcoming) | neglect,0,pass1_independent_readings_agree,,government,0.3075,dominant_voice_proxy,government,resolved,pass1_retained_sufficient_confidence,0.3075,,,,,
SAT-MEDIA-002,Sibanye-Stillwater defeats mining communities challenging R5.4bn Lonmin merger,2019,Daily Maverick,https://www.dailymaverick.co.za/article/2019-09-09-sibanye-stillwater-defeats-mining-communities-challenging-r5-4bn-lonmin-merger/,investor,0.6518,dominant_voice_proxy,1.050,32.600,11.350,3.200,0.000,1,0.22314,4,3,0,-1.41421,0,2,,0.1439,true,stance_readings_disagree_or_low_margin,,,0,third_computational_adjudication_clear_margin,-0.431800,investor,0.6518,dominant_voice_proxy,investor,resolved,pass1_retained_sufficient_confidence,0.6518,,,,,
SAT-MEDIA-003,"Eight years later, families of killed Marikana miners still seek justice",2020,Daily Maverick,https://www.dailymaverick.co.za/article/2020-08-14-eight-years-later-families-of-killed-marikana-miners-still-seek-justice/,government,0.7913,dominant_voice_proxy,26.350,3.200,5.500,0.700,1.050,0,-3.71495,0,12,0,-3.31662,0,11,0,1.0000,false,computational_readings_agree,,kill(?:ed|ing|ings)?,0,pass1_independent_readings_agree,,government,0.7913,dominant_voice_proxy,government,resolved,pass1_retained_sufficient_confidence,0.7913,,,,,
SAT-MEDIA-014,Sibanye says ConCourt dismisses GLC's applications,2019,Mining Weekly,https://www.miningweekly.com/article/sibanye-says-concourt-dismisses-glcs-applications-2019-09-05,investor,0.7758,dominant_voice_proxy,0.700,11.150,2.500,0.000,0.000,1,1.09861,2,0,1,1.00000,1,0,1,0.4197,false,computational_readings_agree,,,1,pass1_independent_readings_agree,,investor,0.7758,dominant_voice_proxy,investor,resolved,pass1_retained_sufficient_confidence,0.7758,,,,,
SAT-MEDIA-015,Sibanye-Stillwater restructures historical Lonmin BEE structure,2021,Mining Weekly,https://www.miningweekly.com/article/sibanye-stillwater-restructures-historical-lonmin-bee-structure-2021-04-14,investor,1.0000,dominant_voice_proxy,0.000,24.500,0.000,0.000,0.000,1,0.69315,1,0,1,0.00000,0,0,,0.1386,true,stance_readings_disagree_or_low_margin,,,1,third_computational_adjudication_clear_margin,0.415890,investor,1.0000,dominant_voice_proxy,investor,resolved,pass1_retained_sufficient_confidence,1.0000,,,,,
SAT4-MEDIA-001,Lesson from Marikana: The other side of above-inflation pay rises,2019,Daily Maverick,https://www.dailymaverick.co.za/article/2019-07-10-lesson-from-marikana-the-other-side-of-above-inflation-pay-rises/,labour,0.2090,dominant_voice_proxy,0.000,5.300,0.350,6.700,0.000,0,-1.38629,0,3,0,-1.73205,0,3,0,0.6237,false,computational_readings_agree,,,0,pass1_independent_readings_agree,,labour,0.2090,dominant_voice_proxy,labour,resolved,pass1_retained_sufficient_confidence,0.2090,,,,,
SAT4-MEDIA-005,Marikana and the police: It's been a decade and the SAPS has learnt nothing,2022,Daily Maverick,https://www.dailymaverick.co.za/article/2022-08-13-marikana-and-the-police-its-been-a-decade-and-theyve-learnt-nothing/,government,0.9072,dominant_voice_proxy,61.450,5.700,2.500,3.550,0.000,0,-2.99573,0,19,0,-4.00000,0,16,0,1.0000,false,computational_readings_agree,,,0,pass1_independent_readings_agree,,government,0.9072,dominant_voice_proxy,government,resolved,pass1_retained_sufficient_confidence,0.9072,,,,,
SAT4-MEDIA-006,Ten years on: The possibility of holding Cyril Ramaphosa personally liable for the Marikana tragedy,2022,Daily Maverick,https://www.dailymaverick.co.za/article/2022-08-15-10-years-on-the-possibility-of-personal-liability-for-ramaphosa-for-marikana/,labour,0.1560,dominant_voice_proxy,5.950,2.800,1.050,7.050,0.000,0,-1.02962,4,13,0,-2.46410,1,12,0,0.6987,false,computational_readings_agree,,,0,pass1_independent_readings_agree,,labour,0.1560,dominant_voice_proxy,labour,resolved,pass1_retained_sufficient_confidence,0.1560,,,,,
SAT4-MEDIA-007,"Marikana massacre: Ten years on, the truth-tellers still carry the weight of what they uncovered",2022,Daily Maverick,https://www.dailymaverick.co.za/article/2022-08-15-ten-years-on-the-marikana-truth-tellers-still-carry-the-weight-of-what-they-uncovered/,government,0.0839,dominant_voice_proxy,7.750,7.100,4.600,4.950,0.000,0,-4.32805,0,23,0,-5.74264,0,18,0,1.0000,true,stakeholder_voice_low_confidence,,(?:massacre|killings?|shootings?|deaths?|torture) | massacre,0,pass1_independent_readings_agree,,government,0.0839,dominant_voice_proxy,,unresolved,unresolved_stakeholder_voice_ambiguous,0.0882,6.200,6.800,3.000,4.600,0.000
SAT4-MEDIA-008,Marikana bereaved say no healing can occur until someone takes responsibility,2022,Engineering News,https://www.engineeringnews.co.za/article/marikana-bereaved-say-no-healing-can-occur-until-someone-takes-responsibility-2022-08-18,community,0.6667,dominant_voice_proxy,2.850,2.450,8.550,0.350,0.000,1,1.62000,7,4,1,1.76795,4,3,1,0.6776,false,computational_readings_agree,(?:healing|renewal|reconciliation|remediation|redress|compensation|restorative) | healing,,1,pass1_independent_readings_agree,,community,0.6667,dominant_voice_proxy,community,resolved,pass1_retained_sufficient_confidence,0.6667,,,,,
SAT4-MEDIA-009,"Lonmin working hard to improve living conditions, says CEO Magara",2016,Engineering News,https://www.engineeringnews.co.za/article/lonmin-working-hard-to-improve-living-conditions-says-ceo-magara-2016-08-16,investor,0.5626,dominant_voice_proxy,0.700,22.750,1.750,9.950,0.350,1,0.00000,4,4,0,-1.73205,0,3,,0.2309,true,stance_readings_disagree_or_low_margin,,,0,third_computational_adjudication_clear_margin,-0.692820,investor,0.5626,dominant_voice_proxy,investor,resolved,pass1_retained_sufficient_confidence,0.5626,,,,,
SAT4-MEDIA-010,South Africa platinum union to restart trust for Marikana miners,2016,Engineering News / Bloomberg,https://www.engineeringnews.co.za/article/south-africa-platinum-union-to-restart-trust-for-marikana-miners-2016-08-15,labour,0.6832,dominant_voice_proxy,0.350,3.200,0.000,10.100,0.000,0,-0.91629,1,4,0,-1.73205,0,3,0,0.5297,false,computational_readings_agree,,,0,pass1_independent_readings_agree,,labour,0.6832,dominant_voice_proxy,labour,resolved,pass1_retained_sufficient_confidence,0.6832,,,,,
SAT4-MEDIA-011,AMCU signs three-year wage deal with Lonmin,2016,Engineering News,https://www.engineeringnews.co.za/article/amcu-signs-three-year-wage-deal-with-lonmin-2016-10-31,labour,0.2570,dominant_voice_proxy,0.000,18.650,0.000,25.100,0.000,1,0.22314,4,3,0,-1.73205,0,3,,0.1863,true,stance_readings_disagree_or_low_margin,,,0,third_computational_adjudication_clear_margin,-0.558936,labour,0.2570,dominant_voice_proxy,labour,resolved,pass1_retained_sufficient_confidence,0.2570,,,,,
SAT5-MEDIA-003,Rights organisations are seeking accountability for failed Marikana housing,2022,Engineering News,https://www.engineeringnews.co.za/article/human-rights-orgs-are-seeking-accountability-for-failed-marikana-housing-2022-08-16,government,0.0277,dominant_voice_proxy,27.100,26.350,2.850,9.250,2.500,0,-1.62000,4,7,0,-2.73154,2,7,0,0.8703,true,stakeholder_voice_low_confidence,,(?:failed|failure|non[- ]compliance|breach|neglect|shortcoming) | failed|failure,0,pass1_independent_readings_agree,,government,0.0277,dominant_voice_proxy,,unresolved,unresolved_stakeholder_voice_ambiguous,0.0806,37.200,34.200,3.800,12.200,3.800
SAT6-MEDIA-003,Court dismisses Riah Phiyega’s attempt to overturn findings of Marikana Commission,2021,Daily Maverick,https://www.dailymaverick.co.za/article/2021-06-20-court-dismisses-riah-phiyegas-attempt-to-overturn-findings-of-marikana-commission/,government,0.8578,dominant_voice_proxy,22.500,3.200,0.350,0.350,0.000,0,-1.79176,1,11,0,-3.16228,0,10,0,0.9908,false,computational_readings_agree,,,0,pass1_independent_readings_agree,,government,0.8578,dominant_voice_proxy,government,resolved,pass1_retained_sufficient_confidence,0.8578,,,,,
SAT7-MEDIA-001,Marikana Commission: Ramaphosa walks the line,2014,Daily Maverick,https://www.dailymaverick.co.za/article/2014-08-13-marikana-commission-ramaphosa-walks-the-line/,government,0.0025,dominant_voice_proxy,20.350,20.300,0.350,19.950,0.000,0,-2.99573,0,19,0,-3.60555,0,13,0,1.0000,true,stakeholder_voice_low_confidence,,,0,pass1_independent_readings_agree,,government,0.0025,dominant_voice_proxy,government,resolved,third_pass_unique_headline_subject,0.9500,2.000,0.000,0.000,0.000,0.000
SAT7-MEDIA-002,Marikana Commission: Police’s defence collapsing,2014,Daily Maverick,https://www.dailymaverick.co.za/article/2014-09-09-marikana-commission-polices-defence-collapsing/,government,0.9776,dominant_voice_proxy,46.800,1.050,0.350,0.700,0.000,0,-2.99573,0,19,0,-2.87298,1,15,0,1.0000,false,computational_readings_agree,,,0,pass1_independent_readings_agree,,government,0.9776,dominant_voice_proxy,government,resolved,pass1_retained_sufficient_confidence,0.9776,,,,,
SAT8-MEDIA-001,Marikana Commission: Mthethwa under fire,2014,Daily Maverick,https://www.dailymaverick.co.za/article/2014-07-16-marikana-commission-mthethwa-under-fire/,government,0.8753,dominant_voice_proxy,48.500,6.050,2.850,3.900,0.000,0,-2.70805,0,14,0,-3.16228,0,10,0,1.0000,false,computational_readings_agree,,,0,pass1_independent_readings_agree,,government,0.8753,dominant_voice_proxy,government,resolved,pass1_retained_sufficient_confidence,0.8753,,,,,
SAT8-MEDIA-002,Marikana Commission: Riah Phiyega's impossibly hazy memory,2014,Daily Maverick,https://www.dailymaverick.co.za/article/2014-09-11-marikana-commission-riah-phiyegas-impossibly-hazy-memory/,government,0.8975,dominant_voice_proxy,27.800,0.700,0.000,2.850,0.000,0,-1.20397,2,9,0,-1.41421,2,8,0,0.5236,false,computational_readings_agree,,,0,pass1_independent_readings_agree,,government,0.8975,dominant_voice_proxy,government,resolved,pass1_retained_sufficient_confidence,0.8975,,,,,
SAT8-MEDIA-003,"Marikana Commission: Under oath, Phiyega’s bald-faced lie exposed",2013,Daily Maverick,https://www.dailymaverick.co.za/article/2013-03-19-marikana-commission-under-oath-phiyegas-bald-faced-lie-exposed/,government,0.9871,dominant_voice_proxy,27.100,0.000,0.000,0.350,0.000,0,-2.07944,0,7,0,-2.44949,0,6,0,0.9058,false,computational_readings_agree,,,0,pass1_independent_readings_agree,,government,0.9871,dominant_voice_proxy,government,resolved,pass1_retained_sufficient_confidence,0.9871,,,,,
SAT8-MEDIA-004,Marikana Commission: Phiyega’s bad start gets worse,2013,Daily Maverick,https://www.dailymaverick.co.za/article/2013-03-19-marikana-commission-phiyegas-bad-start-gets-worse/,government,0.9896,dominant_voice_proxy,33.550,0.350,0.000,0.000,0.000,0,-2.30259,0,9,0,-3.00000,0,9,0,1.0000,false,computational_readings_agree,,,0,pass1_independent_readings_agree,,government,0.9896,dominant_voice_proxy,government,resolved,pass1_retained_sufficient_confidence,0.9896,,,,,
SAT8-MEDIA-005,Marikana: Phiyega on the attack and Malema on new legal and political crusade,2015,Daily Maverick,https://www.dailymaverick.co.za/article/2015-07-03-marikana-phiyega-on-the-attack-and-malema-on-new-legal-and-political-crusade/,government,0.6979,dominant_voice_proxy,44.850,8.550,2.500,13.550,0.000,0,-2.39790,0,10,0,-3.16228,0,10,0,1.0000,false,computational_readings_agree,,,0,pass1_independent_readings_agree,,government,0.6979,dominant_voice_proxy,government,resolved,pass1_retained_sufficient_confidence,0.6979,,,,,
SAT8-MEDIA-006,"Marikana report: Despite the release promise, pressure on Zuma persists",2015,Daily Maverick,https://www.dailymaverick.co.za/article/2015-05-27-marikana-report-despite-the-release-promise-pressure-on-zuma-persists/,labour,0.0757,dominant_voice_proxy,5.650,0.000,3.550,9.250,8.550,0,-2.19722,0,8,0,-2.00000,0,4,0,0.8394,true,stakeholder_voice_low_confidence,,,0,pass1_independent_readings_agree,,labour,0.0757,dominant_voice_proxy,,unresolved,unresolved_stakeholder_voice_ambiguous,0.1404,5.400,0.000,3.000,9.800,11.400
WEB-MEDIA-002,Marikana and the many faces of justice,2021,Daily Maverick,https://www.dailymaverick.co.za/article/2021-08-22-marikana-and-the-many-faces-of-justice/,government,0.8313,dominant_voice_proxy,12.450,1.050,2.100,0.700,0.000,0,-1.60944,2,14,0,-1.58457,3,11,0,0.6388,false,computational_readings_agree,,,0,pass1_independent_readings_agree,,government,0.8313,dominant_voice_proxy,government,resolved,pass1_retained_sufficient_confidence,0.8313,,,,,
WEB-MEDIA-003,Marikana massacre commemorated with second yearly memorial lecture,2021,Mining Weekly,https://www.miningweekly.com/article/marikanamassacre-commemorated-with-second-yearly-memorial-lecture-2021-08-17,investor,0.5501,dominant_voice_proxy,7.850,17.450,1.050,2.500,2.500,0,-0.74453,5,3,0,-1.18216,3,2,0,0.3853,false,computational_readings_agree,,(?:massacre|killings?|shootings?|deaths?|torture) | massacre,0,pass1_independent_readings_agree,,investor,0.5501,dominant_voice_proxy,investor,resolved,pass1_retained_sufficient_confidence,0.5501,,,,,
WEB-MEDIA-004,Sibanye continues to make reparations at Marikana,2022,Mining Weekly,https://www.miningweekly.com/article/sibanye-continues-to-make-reparations-at-marikana-2022-07-15,investor,0.7182,dominant_voice_proxy,3.200,27.500,7.750,6.750,0.000,1,0.60614,10,5,1,1.41421,8,2,1,0.4041,false,computational_readings_agree,,,1,pass1_independent_readings_agree,,investor,0.7182,dominant_voice_proxy,investor,resolved,pass1_retained_sufficient_confidence,0.7182,,,,,
WEB-MEDIA-007,After the Bell: South African miners are by no means earning the 'slave wages' asserted by Amcu leader,2023,Daily Maverick,https://www.dailymaverick.co.za/article/2023-12-10-after-the-bell-sa-miners-are-by-no-means-earning-the-slave-wages-asserted-by-amcus-mathunjwa/,labour,0.8912,dominant_voice_proxy,0.350,1.050,0.350,9.650,0.000,0,-0.69315,3,7,0,-2.44949,0,6,0,0.6285,false,computational_readings_agree,,,0,pass1_independent_readings_agree,,labour,0.8912,dominant_voice_proxy,labour,resolved,pass1_retained_sufficient_confidence,0.8912,,,,,
EXP-NGO-001,Coping with Unsustainability: Policy Gap 7 – Lonmin 2003–2012,2013,Bench Marks Foundation,https://www.bench-marks.org.za/wp-content/uploads/2021/02/lonmin_report_print-1.pdf,NGO,1.0000,document_author_group,0.000,0.000,0.000,0.000,10.000,0,-0.95343,36,95,0,-2.84699,24,60,0,0.7601,false,computational_readings_agree,,,0,pass1_independent_readings_agree,,NGO,1.0000,document_author_group,NGO,resolved,pass1_retained_sufficient_confidence,1.0000,,,,,
EXP-NGO-002,"Platinum for the World Market, Iron Shacks for the Workers: Living and Working Conditions in Marikana Five Years After the Massacre",2017,Bread for the World / Bench Marks Foundation,https://www.brot-fuer-die-welt.de/fileadmin/mediapool/blogs/Dossing_Helle/platinum_for_the_world.final_.pdf,NGO,1.0000,document_author_group,0.000,0.000,0.000,0.000,10.000,0,-1.86815,78,161,0,-8.13358,24,133,0,1.0000,false,computational_readings_agree,,(?:massacre|killings?|shootings?|deaths?|torture) | massacre,0,pass1_independent_readings_agree,,NGO,1.0000,document_author_group,NGO,resolved,pass1_retained_sufficient_confidence,1.0000,,,,,
EXP-NGO-004,"Nothing has changed for the better, things are worse",2022,Bench Marks Foundation,https://www.bench-marks.org.za/nothing-has-changed-for-the-better-things-are-worse/,NGO,1.0000,document_author_group,0.000,0.000,0.000,0.000,10.000,0,-1.23676,8,30,0,-2.12283,5,19,0,0.6719,false,computational_readings_agree,,,0,pass1_independent_readings_agree,,NGO,1.0000,document_author_group,NGO,resolved,pass1_retained_sufficient_confidence,1.0000,,,,,
EXP-NGO-005,Smoke and Mirrors: Lonmin's failure to address housing conditions at Marikana,2016,Amnesty International,https://www.amnesty.org/en/wp-content/uploads/2021/05/AFR5345522016ENGLISH.pdf,investor,0.6468,dominant_voice_proxy,144.000,425.250,80.900,150.200,2.100,0,-1.17020,146,149,0,-9.13170,18,141,0,1.0000,false,computational_readings_agree,,(?:failed|failure|non[- ]compliance|breach|neglect|shortcoming) | failed|failure,0,pass1_independent_readings_agree,,investor,0.6468,dominant_voice_proxy,investor,resolved,pass1_retained_sufficient_confidence,0.6468,,,,,
EXP-NGO-006,Carrying the Costs: Human rights impacts in communities affected by platinum mining in South Africa,2018,Swedwatch with Bench Marks Foundation,https://www.bench-marks.org.za/wp-content/uploads/2021/02/carrying_the_costs.pdf,NGO,1.0000,document_author_group,0.000,0.000,0.000,0.000,10.000,0,-0.75031,33,71,0,-3.90879,10,50,0,0.9318,false,computational_readings_agree,,,0,pass1_independent_readings_agree,,NGO,1.0000,document_author_group,NGO,resolved,pass1_retained_sufficient_confidence,1.0000,,,,,
EXP-NGO-008,SERI to represent AMCU at the Marikana Commission,2012,Socio-Economic Rights Institute of South Africa,https://www.seri-sa.org/images/stories/seri_mediastatement_amcu_14sep12.pdf,labour,1.0000,document_author_group,0.000,0.000,0.000,10.000,0.000,0,-0.69315,0,1,1,0.00000,0,0,,0.1386,true,stance_readings_disagree_or_low_margin,,,0,third_computational_adjudication_clear_margin,-0.415890,labour,1.0000,document_author_group,labour,resolved,pass1_retained_sufficient_confidence,1.0000,,,,,
EXP-NGO-009,Civil Society Statement Regarding the Killings at Marikana: A Demand for Justice and Truth,2012,SERI and South African civil-society organisations,https://www.seri-sa.org/images/stories/marikana_civil_society_statement_13_september_2012_.pdf,NGO,0.3137,dominant_voice_proxy,3.500,1.400,2.450,1.750,5.100,0,-3.14243,2,21,0,-4.32843,2,18,0,1.0000,false,computational_readings_agree,,(?:massacre|killings?|shootings?|deaths?|torture) | kill(?:ed|ing|ings)?,0,pass1_independent_readings_agree,,NGO,0.3137,dominant_voice_proxy,NGO,resolved,pass1_retained_sufficient_confidence,0.3137,,,,,
EXP-NGO-011,Families of Marikana deceased demand payment from SAPS,2013,Socio-Economic Rights Institute of South Africa,https://www.seri-sa.org/images/stories/Marikana_damages_pressrelease_28Feb13_final.pdf,NGO,1.0000,document_author_group,0.000,0.000,0.000,0.000,10.000,0,-2.19722,0,8,0,-2.64575,0,7,0,0.9686,false,computational_readings_agree,,,0,pass1_independent_readings_agree,,NGO,1.0000,document_author_group,NGO,resolved,pass1_retained_sufficient_confidence,1.0000,,,,,
EXP-NGO-013,Families of slain Marikana miners want the truth about massacre to be revealed,2020,Socio-Economic Rights Institute of South Africa,https://www.seri-sa.org/images/SERI_Statement-Marikana_families_want_the_truth_revealed.pdf,NGO,1.0000,document_author_group,0.000,0.000,0.000,0.000,10.000,0,-3.09591,0,6,0,-3.73607,0,5,0,1.0000,false,computational_readings_agree,,(?:massacre|killings?|shootings?|deaths?|torture) | massacre,0,pass1_independent_readings_agree,,NGO,1.0000,document_author_group,NGO,resolved,pass1_retained_sufficient_confidence,1.0000,,,,,
EXP-NGO-014,"Eight years since Marikana, the brutality and lack of accountability continues",2020,Socio-Economic Rights Institute of South Africa,https://www.seri-sa.org/images/SERI_Press_statement_Marikana_8th_anniversary_FINAL.pdf,NGO,1.0000,document_author_group,0.000,0.000,0.000,0.000,10.000,0,-2.39790,0,10,0,-2.82843,0,8,0,1.0000,false,computational_readings_agree,,,0,pass1_independent_readings_agree,,NGO,1.0000,document_author_group,NGO,resolved,pass1_retained_sufficient_confidence,1.0000,,,,,
EXP-NGO-015,SERI commemorates the 9th anniversary of the Marikana massacre,2021,Socio-Economic Rights Institute of South Africa,https://www.seri-sa.org/index.php/more-news/1185-advocacy-seri-commemorates-the-9th-anniversary-of-the-marikana-massacre-15-september-2021,NGO,1.0000,document_author_group,0.000,0.000,0.000,0.000,10.000,0,-3.16490,1,14,0,-5.24166,0,14,0,1.0000,false,computational_readings_agree,,(?:massacre|killings?|shootings?|deaths?|torture) | massacre,0,pass1_independent_readings_agree,,NGO,1.0000,document_author_group,NGO,resolved,pass1_retained_sufficient_confidence,1.0000,,,,,
EXP-NGO-016,Ten years since the Marikana massacre,2022,Socio-Economic Rights Institute of South Africa,https://seri-sa.org/images/SERI_Press_statement__10_years_since_Marikana_FINAL.pdf,NGO,1.0000,document_author_group,0.000,0.000,0.000,0.000,10.000,0,-3.85805,0,14,0,-4.66228,0,10,0,1.0000,false,computational_readings_agree,,(?:massacre|killings?|shootings?|deaths?|torture) | massacre,0,pass1_independent_readings_agree,,NGO,1.0000,document_author_group,NGO,resolved,pass1_retained_sufficient_confidence,1.0000,,,,,
EXP-NGO-017,11 years later: The victims of the Marikana Massacre still await justice,2023,Socio-Economic Rights Institute of South Africa,https://www.seri-sa.org/images/Final_SERI_Press_statement__Marikana_11th_anniversary.pdf,NGO,1.0000,document_author_group,0.000,0.000,0.000,0.000,10.000,0,-2.65408,3,17,0,-3.69134,2,13,0,1.0000,false,computational_readings_agree,,(?:massacre|killings?|shootings?|deaths?|torture) | massacre,0,pass1_independent_readings_agree,,NGO,1.0000,document_author_group,NGO,resolved,pass1_retained_sufficient_confidence,1.0000,,,,,
EXP-NGO-018,Marikana: Response to Solicitor General's Media Briefing,2023,Socio-Economic Rights Institute of South Africa,https://www.seri-sa.org/images/FINAL_SERI_Press_statement__Marikana_claims_2023_20230818.pdf,NGO,1.0000,document_author_group,0.000,0.000,0.000,0.000,10.000,0,-0.53900,6,11,0,-0.59236,5,8,0,0.2263,false,computational_readings_agree,,,0,pass1_independent_readings_agree,,NGO,1.0000,document_author_group,NGO,resolved,pass1_retained_sufficient_confidence,1.0000,,,,,
EXP-NGO-019,South Africa: Marikana mine killings inquiry must be robust and visibly impartial,2012,Amnesty International,https://www.amnesty.org.uk/knowledge-hub/all-resources/south-africa-marikana-mine-killings-inquiry-must-be-robust-and-visibly-impartial/,government,0.8619,dominant_voice_proxy,18.100,2.500,0.350,0.000,0.000,0,-2.65408,1,8,0,-2.53528,2,6,0,1.0000,false,computational_readings_agree,,(?:massacre|killings?|shootings?|deaths?|torture) | kill(?:ed|ing|ings)?,0,pass1_independent_readings_agree,,government,0.8619,dominant_voice_proxy,government,resolved,pass1_retained_sufficient_confidence,0.8619,,,,,
EXP-NGO-020,South Africa: Unlawful force and the pattern of concealment: Barriers to accountability for the killings at Marikana,2014,Amnesty International,https://www.amnesty.org/en/wp-content/uploads/2023/05/AFR530042014ENGLISH.pdf,government,0.8365,dominant_voice_proxy,60.250,9.850,2.100,6.650,1.400,0,-3.49181,4,51,0,-7.28233,1,46,0,1.0000,false,computational_readings_agree,,(?:massacre|killings?|shootings?|deaths?|torture) | kill(?:ed|ing|ings)?,0,pass1_independent_readings_agree,,government,0.8365,dominant_voice_proxy,government,resolved,pass1_retained_sufficient_confidence,0.8365,,,,,
EXP-NGO-021,South Africa: President Zuma must urgently make Marikana findings public,2015,Amnesty International,https://www.amnesty.org/en/latest/news/2015/03/south-africa-president-zuma-marikana-findings/,government,0.7069,dominant_voice_proxy,14.500,3.900,3.200,4.250,0.000,0,-2.07944,1,15,0,-3.74166,0,14,0,1.0000,false,computational_readings_agree,,,0,pass1_independent_readings_agree,,government,0.7069,dominant_voice_proxy,government,resolved,pass1_retained_sufficient_confidence,0.7069,,,,,
EXP-NGO-022,South Africa: Marikana Commission Report only partly addresses accountability leaving families with a long struggle for closure,2015,Amnesty International,https://www.amnesty.org/en/wp-content/uploads/2023/06/AFR5321112015ENGLISH.pdf,community,1.0000,document_author_group,0.000,0.000,10.000,0.000,0.000,0,-1.73460,2,16,0,-2.58579,2,16,0,0.8641,false,computational_readings_agree,,,0,pass1_independent_readings_agree,,community,1.0000,document_author_group,community,resolved,pass1_retained_sufficient_confidence,1.0000,,,,,
EXP-NGO-023,South Africa: Suspend those behind the Marikana killings and subsequent cover-up,2015,Amnesty International,https://www.amnesty.org/en/latest/news/2015/08/south-africa-suspend-those-behind-the-marikana-killings-and-subsequent-cover-up/,government,0.9071,dominant_voice_proxy,11.300,0.350,1.050,0.700,0.000,0,-3.45259,0,9,0,-4.32843,0,8,0,1.0000,false,computational_readings_agree,,(?:massacre|killings?|shootings?|deaths?|torture) | kill(?:ed|ing|ings)?,0,pass1_independent_readings_agree,,government,0.9071,dominant_voice_proxy,government,resolved,pass1_retained_sufficient_confidence,0.9071,,,,,
EXP-NGO-024,Families request Marikana Report be released by Friday,2015,SERI / Legal Resources Centre,https://seri-sa.org/images/Marikana_PressStatement_27May15_FINAL.pdf,NGO,1.0000,document_author_group,0.000,0.000,0.000,0.000,10.000,0,-0.69315,0,1,1,0.00000,0,0,,0.1386,true,stance_readings_disagree_or_low_margin,,,0,third_computational_adjudication_clear_margin,-0.415890,NGO,1.0000,document_author_group,NGO,resolved,pass1_retained_sufficient_confidence,1.0000,,,,,
EXP-NGO-025,Families of Marikana mineworkers file civil claims against Government,2015,SERI / Legal Resources Centre / Wits Law Clinic,https://seri-sa.org/images/Marikana_PressStatement.pdf,NGO,1.0000,document_author_group,0.000,0.000,0.000,0.000,10.000,0,-0.98083,2,7,0,-0.82185,2,5,0,0.3605,false,computational_readings_agree,,,0,pass1_independent_readings_agree,,NGO,1.0000,document_author_group,NGO,resolved,pass1_retained_sufficient_confidence,1.0000,,,,,
EXP-NGO-026,Constitutional Court dismisses Legal Aid appeal,2015,Socio-Economic Rights Institute of South Africa,https://seri-sa.org/images/MagidiwanaCCPress.pdf,NGO,1.0000,document_author_group,0.000,0.000,0.000,0.000,10.000,0,-0.69315,0,1,0,-1.00000,0,1,0,0.3386,false,computational_readings_agree,,,0,pass1_independent_readings_agree,,NGO,1.0000,document_author_group,NGO,resolved,pass1_retained_sufficient_confidence,1.0000,,,,,
EXP-NGO-027,Marikana families left in the dark despite President’s assurances to the media,2015,Socio-Economic Rights Institute of South Africa,https://seri-sa.org/images/MarikanaSettlements.pdf,NGO,1.0000,document_author_group,0.000,0.000,0.000,0.000,10.000,1,0.51083,4,2,1,0.41421,2,1,1,0.1850,false,computational_readings_agree,,,1,pass1_independent_readings_agree,,NGO,1.0000,document_author_group,NGO,resolved,pass1_retained_sufficient_confidence,1.0000,,,,,
EXP-NGO-028,SERI stands by claims for damages made by the deceased miners' families against the state,2021,Socio-Economic Rights Institute of South Africa,https://www.seri-sa.org/images/SERI_Press_statement__Marikana_Claims_FINAL.pdf,NGO,1.0000,document_author_group,0.000,0.000,0.000,0.000,10.000,0,-1.02962,4,13,0,-1.73205,3,12,0,0.5523,false,computational_readings_agree,,,0,pass1_independent_readings_agree,,NGO,1.0000,document_author_group,NGO,resolved,pass1_retained_sufficient_confidence,1.0000,,,,,
EXP-NGO-029,Marikana Massacre 9th Commemoration,2021,Socio-Economic Rights Institute of South Africa,https://www.seri-sa.org/images/FINAL_SERI_Press_statement__Marikana_9th_Commemoration.pdf,NGO,1.0000,document_author_group,0.000,0.000,0.000,0.000,10.000,0,-4.04037,0,17,0,-5.37298,0,15,0,1.0000,false,computational_readings_agree,,(?:massacre|killings?|shootings?|deaths?|torture) | massacre,0,pass1_independent_readings_agree,,NGO,1.0000,document_author_group,NGO,resolved,pass1_retained_sufficient_confidence,1.0000,,,,,
EXP-NGO-030,SERI welcomes the release of the Marikana Panel of Experts Report on Policing and Crowd Management,2021,Socio-Economic Rights Institute of South Africa,https://www.seri-sa.org/images/SERI_Press_statement-Panel_of_Experts_report_-_FINAL.pdf,NGO,1.0000,document_author_group,0.000,0.000,0.000,0.000,10.000,0,-2.30259,0,9,0,-2.82843,0,8,0,1.0000,false,computational_readings_agree,,,0,pass1_independent_readings_agree,,NGO,1.0000,document_author_group,NGO,resolved,pass1_retained_sufficient_confidence,1.0000,,,,,
NGO-SAT-001,Update on the Criminal Proceedings against the police for the killing of 37 Miners on 13 & 16 August 2012,2018,Socio-Economic Rights Institute of South Africa,https://www.seri-sa.org/index.php/more-news/822-marikana-update-on-the-criminal-proceedings-against-the-police-for-the-killing-of-37-miners-on-13-16-august-2012-13-august-2018,NGO,1.0000,document_author_group,0.000,0.000,0.000,0.000,10.000,0,-3.63491,0,11,0,-4.66228,0,10,0,1.0000,false,computational_readings_agree,,(?:massacre|killings?|shootings?|deaths?|torture) | kill(?:ed|ing|ings)?,0,pass1_independent_readings_agree,,NGO,1.0000,document_author_group,NGO,resolved,pass1_retained_sufficient_confidence,1.0000,,,,,
NGO-SAT-002,Mining Forum of South Africa and another v Minister of Mineral Resources and others,2019,High Court of South Africa / CER legal archive,https://cer.org.za/virtual-library/judgments/high-courts/mining-forum-of-south-africa-and-another-v-minister-of-mineral-resources-and-others,government,1.0000,document_author_group,10.000,0.000,0.000,0.000,0.000,0,-0.69315,1,3,0,-1.73205,0,3,0,0.4850,false,computational_readings_agree,,,0,pass1_independent_readings_agree,,government,1.0000,document_author_group,government,resolved,pass1_retained_sufficient_confidence,1.0000,,,,,
NGO-SAT2-001,Full Disclosure: The Truth about Corporate Environmental Compliance in South Africa,2015,Centre for Environmental Rights,https://fulldisclosure.cer.org.za/2015/download/CER-Full-Disclosure.pdf,NGO,1.0000,document_author_group,0.000,0.000,0.000,0.000,10.000,0,-2.00148,64,480,0,-12.64922,26,315,0,1.0000,false,computational_readings_agree,,,0,pass1_independent_readings_agree,,NGO,1.0000,document_author_group,NGO,resolved,pass1_retained_sufficient_confidence,1.0000,,,,,
SERI-SAT2-001,Department of Justice is Misleading the Public about Marikana Families,2012,Socio-Economic Rights Institute of South Africa,https://www.seri-sa.org/images/stories/press_statement_marikana_28oct12.pdf,NGO,1.0000,document_author_group,0.000,0.000,0.000,0.000,10.000,0,-0.69315,0,1,1,0.00000,0,0,,0.1386,true,stance_readings_disagree_or_low_margin,,,0,third_computational_adjudication_clear_margin,-0.415890,NGO,1.0000,document_author_group,NGO,resolved,pass1_retained_sufficient_confidence,1.0000,,,,,
SERI-SAT2-002,SERI to seek international scrutiny of police action by the Marikana Commission of Inquiry,2012,Socio-Economic Rights Institute of South Africa,https://www.seri-sa.org/images/stories/marikana_pressrelease_10oct12.pdf,NGO,1.0000,document_author_group,0.000,0.000,0.000,0.000,10.000,0,-1.09861,0,2,1,0.00000,0,0,,0.2197,true,stance_readings_disagree_or_low_margin,,,0,third_computational_adjudication_clear_margin,-0.659166,NGO,1.0000,document_author_group,NGO,resolved,pass1_retained_sufficient_confidence,1.0000,,,,,
SERI-SAT2-003,Families to make closing arguments before the Marikana Commission,2014,Socio-Economic Rights Institute of South Africa,https://www.seri-sa.org/images/Marikana_press_statement_10Nov14.pdf,NGO,1.0000,document_author_group,0.000,0.000,0.000,0.000,10.000,0,-2.04769,3,30,0,-3.06378,3,23,0,1.0000,false,computational_readings_agree,,,0,pass1_independent_readings_agree,,NGO,1.0000,document_author_group,NGO,resolved,pass1_retained_sufficient_confidence,1.0000,,,,,
SERI-SAT2-004,Marikana legal funding: correcting inaccurate reports,2014,Socio-Economic Rights Institute of South Africa,https://www.seri-sa.org/images/Marikana_PressStatement_20Jul14.pdf,NGO,1.0000,document_author_group,0.000,0.000,0.000,0.000,10.000,0,-1.09861,0,2,0,-1.00000,0,1,0,0.4197,false,computational_readings_agree,,,0,pass1_independent_readings_agree,,NGO,1.0000,document_author_group,NGO,resolved,pass1_retained_sufficient_confidence,1.0000,,,,,
expanded_official_candidates__EXP-OFFICIAL-001,David Bruce Submissions to the Marikana Commission,2014,David Bruce / Marikana Commission,https://www.justice.gov.za/comm-mrk/docs/201411-HoA-DaveBruce.pdf,government,1.0000,document_author_group,10.000,0.000,0.000,0.000,0.000,0,-2.13351,17,151,0,-4.36170,21,80,0,1.0000,false,computational_readings_agree,,,0,pass1_independent_readings_agree,,government,1.0000,document_author_group,government,resolved,pass1_retained_sufficient_confidence,1.0000,,,,,
expanded_official_candidates__EXP-OFFICIAL-002,Mabelane Fundi Heads of Argument,2014,Mabelane Fundi / Marikana Commission,https://www.justice.gov.za/comm-mrk/docs/201411-HoA-MabelaneFundi.pdf,government,1.0000,document_author_group,10.000,0.000,0.000,0.000,0.000,0,-3.44468,2,93,0,-8.21954,1,85,0,1.0000,false,computational_readings_agree,,,0,pass1_independent_readings_agree,,government,1.0000,document_author_group,government,resolved,pass1_retained_sufficient_confidence,1.0000,,,,,
expanded_official_candidates__EXP-OFFICIAL-003,How can the South African Police Service prevent another Marikana?,2014,Gareth Newham / Institute for Security Studies,https://www.justice.gov.za/comm-mrk/docs/20140409-SeminarPhase02-Newham.pdf,government,0.9447,dominant_voice_proxy,31.650,1.750,1.050,0.350,0.000,0,-1.29928,2,10,0,-2.23607,0,5,0,0.7071,false,computational_readings_agree,,,0,pass1_independent_readings_agree,,government,0.9447,dominant_voice_proxy,government,resolved,pass1_retained_sufficient_confidence,0.9447,,,,,
expanded_official_candidates__EXP-OFFICIAL-004,Explaining violence in strikes,2014,Crispen Chinguno / SWOP,https://www.justice.gov.za/comm-mrk/docs/20140409-SeminarPhase02-Chinguno.pdf,labour,0.5947,dominant_voice_proxy,3.850,1.050,0.000,9.500,0.000,0,-4.19712,2,19,0,-5.10555,0,13,0,1.0000,false,computational_readings_agree,,(?:strike|protest|unrest|industrial action) | strike | violence,0,pass1_independent_readings_agree,,labour,0.5947,dominant_voice_proxy,labour,resolved,pass1_retained_sufficient_confidence,0.5947,,,,,
expanded_official_candidates__EXP-OFFICIAL-005,Strike Violence: An Alternative Avenue,2014,Edward Webster / SWOP,https://www.justice.gov.za/comm-mrk/docs/20140409-SeminarPhase02-Webster.pdf,labour,0.6592,dominant_voice_proxy,5.300,4.950,0.700,15.550,0.000,0,-4.29243,2,21,0,-5.85890,0,19,0,1.0000,false,computational_readings_agree,,(?:strike|protest|unrest|industrial action) | strike | violence,0,pass1_independent_readings_agree,,labour,0.6592,dominant_voice_proxy,labour,resolved,pass1_retained_sufficient_confidence,0.6592,,,,,
expanded_official_candidates__EXP-OFFICIAL-006,Understanding the causes and re-thinking the future post the strike wave,2014,Gavin Hartford,https://www.justice.gov.za/comm-mrk/docs/20140409-SeminarPhase02-Hartford.pdf,labour,0.1667,dominant_voice_proxy,1.400,3.500,1.050,4.200,0.000,0,-1.99730,2,6,0,-2.08579,2,4,0,0.8166,false,computational_readings_agree,,(?:strike|protest|unrest|industrial action) | strike,0,pass1_independent_readings_agree,,labour,0.1667,dominant_voice_proxy,labour,resolved,pass1_retained_sufficient_confidence,0.1667,,,,,
expanded_official_candidates__EXP-OFFICIAL-009,Resolving labour tensions in African mining – the effective regulation of industrial democracy,2014,John Brand,https://www.justice.gov.za/comm-mrk/docs/20140331-SeminarPhase02-SAIIA-Roundtable.pdf,labour,1.0000,dominant_voice_proxy,0.000,0.000,0.000,6.650,0.000,1,0.00000,4,4,0,-1.73205,0,3,,0.2309,true,stance_readings_disagree_or_low_margin,,,0,third_computational_adjudication_clear_margin,-0.692820,labour,1.0000,dominant_voice_proxy,labour,resolved,pass1_retained_sufficient_confidence,1.0000,,,,,
expanded_official_candidates__EXP-OFFICIAL-010,Post-apartheid Trade Union Role and Weaknesses,2014,Sakhela Buhlungu / University of Cape Town,https://www.justice.gov.za/comm-mrk/docs/20140331-SeminarPhase02-UCT.pdf,labour,1.0000,document_author_group,0.000,0.000,0.000,10.000,0.000,1,0.00000,1,1,0,-1.00000,0,1,,0.1333,true,stance_readings_disagree_or_low_margin,,,0,third_computational_adjudication_clear_margin,-0.400000,labour,1.0000,document_author_group,labour,resolved,pass1_retained_sufficient_confidence,1.0000,,,,,
expanded_official_candidates__EXP-OFFICIAL-011,Opening Statement on behalf of the families of 21 striking miners killed on 16 August 2012,2012,Counsel for the Families / SERI archive,https://www.seri-sa.org/images/stories/marikana_opening_submissions_final.pdf,community,1.0000,document_author_group,0.000,0.000,10.000,0.000,0.000,0,-3.30948,2,25,0,-4.35890,0,19,0,1.0000,false,computational_readings_agree,,kill(?:ed|ing|ings)?,0,pass1_independent_readings_agree,,community,1.0000,document_author_group,community,resolved,pass1_retained_sufficient_confidence,1.0000,,,,,
EXP-OFFICIAL-013,Lepaaku and Baloyi Families Written Submissions,2014,Lepaaku and Baloyi Families / SERI archive,https://www.seri-sa.org/images/Lepaaku_Baloyi_Heads.pdf,community,1.0000,document_author_group,0.000,0.000,10.000,0.000,0.000,0,-3.21888,7,199,0,-11.70066,2,172,0,1.0000,false,computational_readings_agree,,,0,pass1_independent_readings_agree,,community,1.0000,document_author_group,community,resolved,pass1_retained_sufficient_confidence,1.0000,,,,,
expanded_official_candidates_batch2__EXP-OFFICIAL-011,Submission by CASAC to the Marikana Commission of Inquiry,2013,Council for the Advancement of the South African Constitution (CASAC) / Marikana Commission,https://justice.gov.za/comm-mrk/exhibits/Exhibit-FFF-17.pdf,NGO,1.0000,document_author_group,0.000,0.000,0.000,0.000,10.000,0,-2.92077,8,166,0,-8.61203,3,107,0,1.0000,false,computational_readings_agree,,,0,pass1_independent_readings_agree,,NGO,1.0000,document_author_group,NGO,resolved,pass1_retained_sufficient_confidence,1.0000,,,,,
EXP-OFFICIAL-015,Monene Family Heads of Argument,2014,Monene Family / Marikana Commission,https://www.seri-sa.org/images/Monene_Heads.pdf,community,1.0000,document_author_group,0.000,0.000,10.000,0.000,0.000,0,-2.26003,11,114,0,-9.69536,0,94,0,1.0000,false,computational_readings_agree,,,0,pass1_independent_readings_agree,,community,1.0000,document_author_group,community,resolved,pass1_retained_sufficient_confidence,1.0000,,,,,
DISC-MEDIA-0001,Lonmins Killing Fields,2012,Daily Maverick,https://www.dailymaverick.co.za/article/2012-08-14-lonmins-killing-fields/,labour,0.6488,dominant_voice_proxy,10.300,13.450,2.850,38.300,0.000,0,-3.54790,1,21,0,-5.10555,0,13,0,1.0000,false,computational_readings_agree,,(?:massacre|killings?|shootings?|deaths?|torture) | kill(?:ed|ing|ings)?,0,pass1_independent_readings_agree,,labour,0.6488,dominant_voice_proxy,labour,resolved,pass1_retained_sufficient_confidence,0.6488,,,,,
DISC-MEDIA-0002,Lonmin Mining Crisis Precarious Balance No Solution In Sight,2012,Daily Maverick,https://www.dailymaverick.co.za/article/2012-08-15-lonmin-mining-crisis-precarious-balance-no-solution-in-sight/,investor,0.0742,dominant_voice_proxy,8.550,28.300,2.500,26.200,0.000,0,-2.63906,0,13,0,-2.44949,0,6,0,1.0000,true,stakeholder_voice_low_confidence,,,0,pass1_independent_readings_agree,,investor,0.0742,dominant_voice_proxy,investor,resolved,third_pass_unique_headline_subject,0.9500,0.000,1.000,0.000,0.000,0.000
DISC-MEDIA-0003,Beyond The Chaos At Marikana The Search For The Real Issues,2012,Daily Maverick,https://www.dailymaverick.co.za/article/2012-08-17-beyond-the-chaos-at-marikana-the-search-for-the-real-issues/,labour,0.6764,dominant_voice_proxy,3.900,8.850,5.700,27.350,0.000,0,-1.79176,1,11,0,-2.82843,0,8,0,0.9240,false,computational_readings_agree,,,0,pass1_independent_readings_agree,,labour,0.6764,dominant_voice_proxy,labour,resolved,pass1_retained_sufficient_confidence,0.6764,,,,,
DISC-MEDIA-0004,Reporters Notebook Wonderkop Marikana Friday 17Th,2012,Daily Maverick,https://www.dailymaverick.co.za/article/2012-08-17-reporters-notebook-wonderkop-marikana-friday-17th/,labour,0.3883,dominant_voice_proxy,8.850,8.900,5.800,14.550,0.000,0,-2.63906,0,13,0,-3.31662,0,11,0,1.0000,false,computational_readings_agree,,,0,pass1_independent_readings_agree,,labour,0.3883,dominant_voice_proxy,labour,resolved,pass1_retained_sufficient_confidence,0.3883,,,,,
DISC-MEDIA-0005,Lonmin The Unacceptable Face Of Capitalism,2012,Daily Maverick,https://www.dailymaverick.co.za/article/2012-08-20-lonmin-the-unacceptable-face-of-capitalism/,investor,0.7284,dominant_voice_proxy,4.250,15.650,0.700,3.550,0.000,0,-2.48491,0,11,0,-3.31662,0,11,0,1.0000,false,computational_readings_agree,,,0,pass1_independent_readings_agree,,investor,0.7284,dominant_voice_proxy,investor,resolved,pass1_retained_sufficient_confidence,0.7284,,,,,
DISC-MEDIA-0006,Marikana Massacre Global Medias Focus On Tripartite Failures And The Growing Class Divide,2012,Daily Maverick,https://www.dailymaverick.co.za/article/2012-08-20-marikana-massacre-global-medias-focus-on-tripartite-failures-and-the-growing-class-divide/,labour,0.1232,dominant_voice_proxy,8.500,15.300,0.000,17.450,0.000,0,-4.86495,0,12,0,-6.16228,0,10,0,1.0000,false,computational_readings_agree,,(?:failed|failure|non[- ]compliance|breach|neglect|shortcoming) | (?:massacre|killings?|shootings?|deaths?|torture) | failed|failure | massacre,0,pass1_independent_readings_agree,,labour,0.1232,dominant_voice_proxy,labour,resolved,pass1_retained_sufficient_confidence,0.1232,,,,,
DISC-MEDIA-0007,Outrage At Marikana Massacre Grows Around The World,2012,Daily Maverick,https://www.dailymaverick.co.za/article/2012-08-20-outrage-at-marikana-massacre-grows-around-the-world/,government,0.5859,dominant_voice_proxy,12.800,3.550,0.000,5.300,0.000,0,-3.85805,0,14,0,-5.24166,0,14,0,1.0000,false,computational_readings_agree,,(?:massacre|killings?|shootings?|deaths?|torture) | massacre,0,pass1_independent_readings_agree,,government,0.5859,dominant_voice_proxy,government,resolved,pass1_retained_sufficient_confidence,0.5859,,,,,
DISC-MEDIA-0309,Marikana Lonmins Disquiet And The Fight For Manhood,2012,Daily Maverick,https://www.dailymaverick.co.za/opinionista/2012-08-20-marikana-lonmins-disquiet-and-the-fight-for-manhood/,labour,0.8968,dominant_voice_proxy,0.700,2.100,0.350,20.350,0.000,0,-1.20397,2,9,0,-2.82843,0,8,0,0.8065,false,computational_readings_agree,,,0,pass1_independent_readings_agree,,labour,0.8968,dominant_voice_proxy,labour,resolved,pass1_retained_sufficient_confidence,0.8968,,,,,
DISC-MEDIA-0310,The Lonmin Shootings Could Knobble Cosatu Be Afraid,2012,Daily Maverick,https://www.dailymaverick.co.za/opinionista/2012-08-20-the-lonmin-shootings-could-knobble-cosatu-be-afraid/,labour,0.4812,dominant_voice_proxy,0.700,8.950,0.000,17.250,0.000,0,-2.61634,2,12,0,-4.66228,0,10,0,1.0000,false,computational_readings_agree,,(?:massacre|killings?|shootings?|deaths?|torture) | shoot(?:ing|ings)?,0,pass1_independent_readings_agree,,labour,0.4812,dominant_voice_proxy,labour,resolved,pass1_retained_sufficient_confidence,0.4812,,,,,
DISC-MEDIA-0008,Analysis A Tough Future For Both Lonmin And Its Metal,2012,Daily Maverick,https://www.dailymaverick.co.za/article/2012-08-21-analysis-a-tough-future-for-both-lonmin-and-its-metal/,investor,0.1142,dominant_voice_proxy,4.250,23.200,0.700,20.550,0.000,0,-1.54045,2,13,0,-3.31662,0,11,0,0.9714,true,stakeholder_voice_low_confidence,,,0,pass1_independent_readings_agree,,investor,0.1142,dominant_voice_proxy,investor,resolved,third_pass_unique_headline_subject,0.9500,0.000,1.000,0.000,0.000,0.000
DISC-MEDIA-0009,Marikana Where Is The Anc,2012,Daily Maverick,https://www.dailymaverick.co.za/article/2012-08-21-marikana-where-is-the-anc/,labour,0.6999,dominant_voice_proxy,11.400,4.250,11.750,39.150,0.000,0,-2.01490,1,14,0,-3.00000,0,9,0,1.0000,false,computational_readings_agree,,,0,pass1_independent_readings_agree,,labour,0.6999,dominant_voice_proxy,labour,resolved,pass1_retained_sufficient_confidence,0.6999,,,,,
DISC-MEDIA-0010,A World Away From Its Reality Marikana Dissected Used Abused,2012,Daily Maverick,https://www.dailymaverick.co.za/article/2012-08-22-a-world-away-from-its-reality-marikana-dissected-used-abused/,government,0.6658,dominant_voice_proxy,59.550,12.850,0.350,19.900,0.000,0,-1.84583,2,18,0,-2.46410,1,12,0,0.8620,false,computational_readings_agree,,,0,pass1_independent_readings_agree,,government,0.6658,dominant_voice_proxy,government,resolved,pass1_retained_sufficient_confidence,0.6658,,,,,
DISC-MEDIA-0011,Marikana Cabinet Ministers Feel Full Force Of Striking Miners Fury,2012,Daily Maverick,https://www.dailymaverick.co.za/article/2012-08-22-marikana-cabinet-ministers-feel-full-force-of-striking-miners-fury/,government,0.7837,dominant_voice_proxy,24.500,5.300,4.200,3.200,0.000,0,-2.56495,0,12,0,-2.44949,0,6,0,1.0000,false,computational_readings_agree,,,0,pass1_independent_readings_agree,,government,0.7837,dominant_voice_proxy,government,resolved,pass1_retained_sufficient_confidence,0.7837,,,,,
DISC-MEDIA-0012,Marikana What Really Happened We May Never Know,2012,Daily Maverick,https://www.dailymaverick.co.za/article/2012-08-23-marikana-what-really-happened-we-may-never-know/,government,0.8156,dominant_voice_proxy,42.300,2.500,5.350,7.800,0.000,0,-3.36730,0,28,0,-4.79583,0,23,0,1.0000,false,computational_readings_agree,,,0,pass1_independent_readings_agree,,government,0.8156,dominant_voice_proxy,government,resolved,pass1_retained_sufficient_confidence,0.8156,,,,,
DISC-MEDIA-0013,Marikana Zuma Reclaims His Soul And His Presidency,2012,Daily Maverick,https://www.dailymaverick.co.za/article/2012-08-23-marikana-zuma-reclaims-his-soul-and-his-presidency/,labour,0.0705,dominant_voice_proxy,13.850,5.350,6.400,14.900,0.000,0,-2.01490,1,14,0,-3.16228,0,10,0,1.0000,true,stakeholder_voice_low_confidence,,,0,pass1_independent_readings_agree,,labour,0.0705,dominant_voice_proxy,,unresolved,unresolved_stakeholder_voice_ambiguous,0.0000,16.000,7.600,7.600,16.000,0.000
DISC-MEDIA-0014,Marxism Socialism And The Ghosts Of Marikana,2012,Daily Maverick,https://www.dailymaverick.co.za/article/2012-08-23-marxism-socialism-and-the-ghosts-of-marikana/,government,0.9013,dominant_voice_proxy,35.950,3.550,2.850,2.500,0.000,0,-2.48491,0,11,0,-2.82843,0,8,0,1.0000,false,computational_readings_agree,,,0,pass1_independent_readings_agree,,government,0.9013,dominant_voice_proxy,government,resolved,pass1_retained_sufficient_confidence,0.9013,,,,,
DISC-MEDIA-0015,Reporters Notebook Num Drowned Out At Uj Meeting On Marikana,2012,Daily Maverick,https://www.dailymaverick.co.za/article/2012-08-23-reporters-notebook-num-drowned-out-at-uj-meeting-on-marikana/,labour,0.1168,dominant_voice_proxy,4.250,6.050,3.200,6.850,0.000,0,-0.81093,3,8,0,-2.64575,0,7,0,0.6913,true,stakeholder_voice_low_confidence,,,0,pass1_independent_readings_agree,,labour,0.1168,dominant_voice_proxy,labour,resolved,third_pass_unique_headline_subject,0.9500,0.000,0.000,0.000,1.000,0.000
DISC-MEDIA-0016,Royal Bafokeng Faces Miners Strike As Lonmin Fallout Spreads,2012,Daily Maverick,https://www.dailymaverick.co.za/article/2012-08-23-royal-bafokeng-faces-miners-strike-as-lonmin-fallout-spreads/,labour,0.3274,dominant_voice_proxy,6.750,15.100,2.850,22.450,0.000,0,-3.85805,0,14,0,-5.10555,0,13,0,1.0000,false,computational_readings_agree,,(?:strike|protest|unrest|industrial action) | strike,0,pass1_independent_readings_agree,,labour,0.3274,dominant_voice_proxy,labour,resolved,pass1_retained_sufficient_confidence,0.3274,,,,,
DISC-MEDIA-0311,Marikana Avoidable Unconstitutional And Entirely Predictable,2012,Daily Maverick,https://www.dailymaverick.co.za/opinionista/2012-08-23-marikana-avoidable-unconstitutional-and-entirely-predictable/,government,0.8960,dominant_voice_proxy,24.050,0.000,2.500,0.350,0.000,0,-3.33220,0,27,0,-3.74166,0,14,0,1.0000,false,computational_readings_agree,,,0,pass1_independent_readings_agree,,government,0.8960,dominant_voice_proxy,government,resolved,pass1_retained_sufficient_confidence,0.8960,,,,,
DISC-MEDIA-0017,Marikana One Week On Sas War With Itself For All To See,2012,Daily Maverick,https://www.dailymaverick.co.za/article/2012-08-24-marikana-one-week-on-sas-war-with-itself-for-all-to-see/,labour,0.3605,dominant_voice_proxy,18.450,3.900,0.350,28.850,0.000,0,-2.03688,2,22,0,-3.24264,1,18,0,1.0000,false,computational_readings_agree,,,0,pass1_independent_readings_agree,,labour,0.3605,dominant_voice_proxy,labour,resolved,pass1_retained_sufficient_confidence,0.3605,,,,,
DISC-MEDIA-0018,Marikana The Matter Of Embedded Journalism,2012,Daily Maverick,https://www.dailymaverick.co.za/article/2012-08-24-marikana-the-matter-of-embedded-journalism/,government,0.2811,dominant_voice_proxy,27.750,3.550,0.350,19.950,0.350,0,-2.56495,0,12,0,-2.82843,0,8,0,1.0000,false,computational_readings_agree,,,0,pass1_independent_readings_agree,,government,0.2811,dominant_voice_proxy,government,resolved,pass1_retained_sufficient_confidence,0.2811,,,,,
DISC-MEDIA-0019,Num Takes Aim At Malema At Jhb Memorial Service For Marikana Victims,2012,Daily Maverick,https://www.dailymaverick.co.za/article/2012-08-24-num-takes-aim-at-malema-at-jhb-memorial-service-for-marikana-victims/,labour,0.3423,dominant_voice_proxy,14.600,5.700,10.700,22.200,0.000,0,-2.48491,0,11,0,-2.23607,0,5,0,0.9442,false,computational_readings_agree,,,0,pass1_independent_readings_agree,,labour,0.3423,dominant_voice_proxy,labour,resolved,pass1_retained_sufficient_confidence,0.3423,,,,,
DISC-MEDIA-0312,Lonmin Inquiry Not Bad Not Bad At All,2012,Daily Maverick,https://www.dailymaverick.co.za/opinionista/2012-08-24-lonmin-inquiry-not-bad-not-bad-at-all/,government,0.8333,dominant_voice_proxy,20.100,3.350,0.000,1.050,0.000,0,-1.38629,1,7,0,-2.23607,0,5,0,0.7245,false,computational_readings_agree,,,0,pass1_independent_readings_agree,,government,0.8333,dominant_voice_proxy,government,resolved,pass1_retained_sufficient_confidence,0.8333,,,,,
DISC-MEDIA-0020,Marikana Selebi And The Murder Of Sas Specialist Policing Skills,2012,Daily Maverick,https://www.dailymaverick.co.za/article/2012-08-27-marikana-selebi-and-the-murder-of-sas-specialist-policing-skills/,government,0.9084,dominant_voice_proxy,19.100,1.750,0.000,0.000,0.000,0,-4.04037,0,17,0,-2.82843,0,8,0,1.0000,false,computational_readings_agree,,kill(?:ed|ing|ings)?,0,pass1_independent_readings_agree,,government,0.9084,dominant_voice_proxy,government,resolved,pass1_retained_sufficient_confidence,0.9084,,,,,
DISC-MEDIA-0021,Marikana What Price Will Zuma Pay,2012,Daily Maverick,https://www.dailymaverick.co.za/article/2012-08-27-marikana-what-price-will-zuma-pay/,government,0.8312,dominant_voice_proxy,23.100,3.550,0.350,3.900,0.000,0,-2.77259,0,15,0,-3.74166,0,14,0,1.0000,false,computational_readings_agree,,,0,pass1_independent_readings_agree,,government,0.8312,dominant_voice_proxy,government,resolved,pass1_retained_sufficient_confidence,0.8312,,,,,
DISC-MEDIA-0313,Lonmin Strike Why The R4000 Figure Is No Trivial Matter,2012,Daily Maverick,https://www.dailymaverick.co.za/opinionista/2012-08-27-lonmin-strike-why-the-r4000-figure-is-no-trivial-matter/,investor,0.6977,dominant_voice_proxy,3.200,12.900,2.850,3.900,0.000,0,-2.24861,1,5,0,-2.23205,1,3,0,0.8961,false,computational_readings_agree,,(?:strike|protest|unrest|industrial action) | strike,0,pass1_independent_readings_agree,,investor,0.6977,dominant_voice_proxy,investor,resolved,pass1_retained_sufficient_confidence,0.6977,,,,,
DISC-MEDIA-0022,Marikana Strike Continues New Tensions Evident,2012,Daily Maverick,https://www.dailymaverick.co.za/article/2012-08-28-marikana-strike-continues-new-tensions-evident/,government,0.8250,dominant_voice_proxy,6.000,1.050,0.700,0.700,0.000,0,-2.53629,2,11,0,-4.50000,0,9,0,1.0000,false,computational_readings_agree,,(?:strike|protest|unrest|industrial action) | strike,0,pass1_independent_readings_agree,,government,0.8250,dominant_voice_proxy,government,resolved,pass1_retained_sufficient_confidence,0.8250,,,,,
DISC-MEDIA-0315,Marikana We Should Be Incandescent With Rage,2012,Daily Maverick,https://www.dailymaverick.co.za/opinionista/2012-08-28-marikana-we-should-be-incandescent-with-rage/,government,0.9250,dominant_voice_proxy,33.350,0.700,0.000,2.500,0.000,0,-2.63906,0,13,0,-3.00000,0,9,0,1.0000,false,computational_readings_agree,,,0,pass1_independent_readings_agree,,government,0.9250,dominant_voice_proxy,government,resolved,pass1_retained_sufficient_confidence,0.9250,,,,,
DISC-MEDIA-0023,Marikana Survivors May Be Charged With Murdering Own Comrades,2012,Daily Maverick,https://www.dailymaverick.co.za/article/2012-08-30-marikana-survivors-may-be-charged-with-murdering-own-comrades/,government,0.4350,dominant_voice_proxy,8.850,2.500,5.000,2.850,0.000,0,-2.48491,0,11,0,-2.82843,0,8,0,1.0000,false,computational_readings_agree,,,0,pass1_independent_readings_agree,,government,0.4350,dominant_voice_proxy,government,resolved,pass1_retained_sufficient_confidence,0.4350,,,,,
DISC-MEDIA-0024,Apartheid And The Marikana Murder Charges A Common Purpose Indeed,2012,Daily Maverick,https://www.dailymaverick.co.za/article/2012-08-31-apartheid-and-the-marikana-murder-charges-a-common-purpose-indeed/,government,0.9765,dominant_voice_proxy,14.900,0.350,0.000,0.350,0.000,0,-2.77259,0,15,0,-3.16228,0,10,0,1.0000,false,computational_readings_agree,,,0,pass1_independent_readings_agree,,government,0.9765,dominant_voice_proxy,government,resolved,pass1_retained_sufficient_confidence,0.9765,,,,,
DISC-MEDIA-0316,Democracy For All Marikana Signals Our Second Chance,2012,Daily Maverick,https://www.dailymaverick.co.za/opinionista/2012-08-31-democracy-for-all-marikana-signals-our-second-chance/,government,0.8750,dominant_voice_proxy,5.600,0.700,0.700,0.000,0.350,0,-0.69315,4,9,0,-2.44949,0,6,0,0.6285,false,computational_readings_agree,,,0,pass1_independent_readings_agree,,government,0.8750,dominant_voice_proxy,government,resolved,pass1_retained_sufficient_confidence,0.8750,,,,,
DISC-MEDIA-0025,Far Away From Murder Fields Of Marikana A Funeral,2012,Daily Maverick,https://www.dailymaverick.co.za/article/2012-09-03-far-away-from-murder-fields-of-marikana-a-funeral/,government,0.8034,dominant_voice_proxy,8.900,0.700,0.700,1.750,0.000,0,-1.38629,1,7,0,-2.00000,0,4,0,0.6773,false,computational_readings_agree,,,0,pass1_independent_readings_agree,,government,0.8034,dominant_voice_proxy,government,resolved,pass1_retained_sufficient_confidence,0.8034,,,,,
DISC-MEDIA-0026,Marikana And Mangaung Where Tragedy And Political Theatre Meet,2012,Daily Maverick,https://www.dailymaverick.co.za/article/2012-09-03-marikana-and-mangaung-where-tragedy-and-political-theatre-meet/,government,0.5543,dominant_voice_proxy,8.750,3.900,0.700,3.150,0.000,0,-1.60944,1,9,0,-3.00000,0,9,0,0.9219,false,computational_readings_agree,,,0,pass1_independent_readings_agree,,government,0.5543,dominant_voice_proxy,government,resolved,pass1_retained_sufficient_confidence,0.5543,,,,,
DISC-MEDIA-0027,Marikana Civil Society Demands Justice And Truth,2012,Daily Maverick,https://www.dailymaverick.co.za/article/2012-09-03-marikana-civil-society-demands-justice-and-truth/,NGO,0.2045,dominant_voice_proxy,3.500,1.400,2.450,1.750,4.400,0,-1.99243,2,21,0,-2.82843,2,18,0,0.9642,false,computational_readings_agree,,,0,pass1_independent_readings_agree,,NGO,0.2045,dominant_voice_proxy,NGO,resolved,pass1_retained_sufficient_confidence,0.2045,,,,,
DISC-MEDIA-0317,Marikana Murder Charge Withdrawal The First Glimmer Of Sanity,2012,Daily Maverick,https://www.dailymaverick.co.za/opinionista/2012-09-03-marikana-murder-charge-withdrawal-the-first-glimmer-of-sanity/,government,0.9698,dominant_voice_proxy,11.600,0.000,0.000,0.350,0.000,0,-3.25810,0,25,0,-4.00000,0,16,0,1.0000,false,computational_readings_agree,,,0,pass1_independent_readings_agree,,government,0.9698,dominant_voice_proxy,government,resolved,pass1_retained_sufficient_confidence,0.9698,,,,,
DISC-MEDIA-0318,The Marikana Miners Have Rights Too,2012,Daily Maverick,https://www.dailymaverick.co.za/opinionista/2012-09-03-the-marikana-miners-have-rights-too/,government,1.0000,dominant_voice_proxy,6.000,0.000,0.000,0.000,0.000,0,-2.07944,0,7,0,-2.23607,0,5,0,0.8631,false,computational_readings_agree,,,0,pass1_independent_readings_agree,,government,1.0000,dominant_voice_proxy,government,resolved,pass1_retained_sufficient_confidence,1.0000,,,,,
DISC-MEDIA-0028,Marikana A Common Purpose For 162 Miners Freedom,2012,Daily Maverick,https://www.dailymaverick.co.za/article/2012-09-04-marikana-a-common-purpose-for-162-miners-freedom/,government,0.5989,dominant_voice_proxy,8.850,1.050,3.550,0.000,0.350,0,-2.19722,0,8,0,-2.00000,0,4,0,0.8394,false,computational_readings_agree,,,0,pass1_independent_readings_agree,,government,0.5989,dominant_voice_proxy,government,resolved,pass1_retained_sufficient_confidence,0.5989,,,,,
DISC-MEDIA-0029,Marikana Freed Miners Speak Of Torture In Police Cells,2012,Daily Maverick,https://www.dailymaverick.co.za/article/2012-09-04-marikana-freed-miners-speak-of-torture-in-police-cells/,government,0.9031,dominant_voice_proxy,25.800,0.350,2.500,0.000,0.000,0,-3.45259,0,9,0,-3.94949,0,6,0,1.0000,false,computational_readings_agree,,(?:massacre|killings?|shootings?|deaths?|torture) | tortur,0,pass1_independent_readings_agree,,government,0.9031,dominant_voice_proxy,government,resolved,pass1_retained_sufficient_confidence,0.9031,,,,,
DISC-MEDIA-0030,Lonmin Marikanas Near Total Stay Away,2012,Daily Maverick,https://www.dailymaverick.co.za/article/2012-09-05-lonmin-marikanas-near-total-stay-away/,investor,0.9263,dominant_voice_proxy,1.400,19.000,0.350,1.050,0.000,0,-1.94591,0,6,0,-2.64575,0,7,0,0.9183,false,computational_readings_agree,,,0,pass1_independent_readings_agree,,investor,0.9263,dominant_voice_proxy,investor,resolved,pass1_retained_sufficient_confidence,0.9263,,,,,
DISC-MEDIA-0031,Marikana Tide Is Turning Against Police As Miners Lay Charge Of Torture,2012,Daily Maverick,https://www.dailymaverick.co.za/article/2012-09-05-marikana-tide-is-turning-against-police-as-miners-lay-charge-of-torture/,government,1.0000,dominant_voice_proxy,14.400,0.000,0.000,0.000,0.000,0,-3.34722,0,8,0,-4.32843,0,8,0,1.0000,false,computational_readings_agree,,(?:massacre|killings?|shootings?|deaths?|torture) | tortur,0,pass1_independent_readings_agree,,government,1.0000,dominant_voice_proxy,government,resolved,pass1_retained_sufficient_confidence,1.0000,,,,,
DISC-MEDIA-0032,Farlam Commission Finding Truths In The Marikana Labyrinth,2012,Daily Maverick,https://www.dailymaverick.co.za/article/2012-09-06-farlam-commission-finding-truths-in-the-marikana-labyrinth/,government,0.7031,dominant_voice_proxy,42.100,3.550,8.900,7.800,12.500,0,-1.38629,2,11,0,-2.00000,1,9,0,0.6773,false,computational_readings_agree,,,0,pass1_independent_readings_agree,,government,0.7031,dominant_voice_proxy,government,resolved,pass1_retained_sufficient_confidence,0.7031,,,,,
DISC-MEDIA-0033,Marikana A Mining Town On Edge,2012,Daily Maverick,https://www.dailymaverick.co.za/article/2012-09-06-marikana-a-mining-town-on-edge/,investor,0.2057,dominant_voice_proxy,1.400,7.050,2.850,5.600,0.000,0,-1.50408,1,8,0,-2.82843,0,8,0,0.8665,false,computational_readings_agree,,,0,pass1_independent_readings_agree,,investor,0.2057,dominant_voice_proxy,investor,resolved,pass1_retained_sufficient_confidence,0.2057,,,,,
DISC-MEDIA-0034,Marikana How Much Will It Cost South Africa,2012,Daily Maverick,https://www.dailymaverick.co.za/article/2012-09-06-marikana-how-much-will-it-cost-south-africa/,labour,0.1457,dominant_voice_proxy,8.500,4.200,0.350,9.950,0.000,0,-0.69315,1,3,0,-0.73205,1,3,0,0.2850,false,computational_readings_agree,,,0,pass1_independent_readings_agree,,labour,0.1457,dominant_voice_proxy,labour,resolved,pass1_retained_sufficient_confidence,0.1457,,,,,
DISC-MEDIA-0035,Marikana Strikers Send Down Tools Or Else Message To Remaining Lonmin Employees,2012,Daily Maverick,https://www.dailymaverick.co.za/article/2012-09-06-marikana-strikers-send-down-tools-or-else-message-to-remaining-lonmin-employees/,labour,0.0878,dominant_voice_proxy,2.800,9.350,1.050,10.250,0.000,0,-2.94176,1,11,0,-4.81662,0,11,0,1.0000,true,stakeholder_voice_low_confidence,,(?:strike|protest|unrest|industrial action) | strike,0,pass1_independent_readings_agree,,labour,0.0878,dominant_voice_proxy,,unresolved,unresolved_stakeholder_voice_ambiguous,0.0851,3.200,9.400,1.600,8.600,0.000
DISC-MEDIA-0319,World Banks Kim Goes To Joburg But Will He Miss Marikana And Medupi,2012,Daily Maverick,https://www.dailymaverick.co.za/opinionista/2012-09-06-world-banks-kim-goes-to-joburg-but-will-he-miss-marikana-and-medupi/,investor,0.7544,dominant_voice_proxy,0.000,2.850,0.700,0.700,0.350,0,-0.91629,1,4,0,-0.41421,1,2,0,0.2661,false,computational_readings_agree,,,0,pass1_independent_readings_agree,,investor,0.7544,dominant_voice_proxy,investor,resolved,pass1_retained_sufficient_confidence,0.7544,,,,,
DISC-MEDIA-0036,Marikana The Investigations Integrity Compromised As Small Koppies Crime Scene Defaced,2012,Daily Maverick,https://www.dailymaverick.co.za/article/2012-09-07-marikana-the-investigations-integrity-compromised-as-small-koppies-crime-scene-defaced/,government,0.9419,dominant_voice_proxy,12.050,0.000,0.700,0.000,0.700,0,-0.69315,0,1,0,-1.00000,0,1,0,0.3386,false,computational_readings_agree,,,0,pass1_independent_readings_agree,,government,0.9419,dominant_voice_proxy,government,resolved,pass1_retained_sufficient_confidence,0.9419,,,,,
DISC-MEDIA-0320,Stuck In The Mud In Marikana,2012,Daily Maverick,https://www.dailymaverick.co.za/opinionista/2012-09-07-stuck-in-the-mud-in-marikana/,investor,0.2019,dominant_voice_proxy,0.000,10.650,0.350,8.500,0.000,0,-0.69315,3,7,0,-2.44949,0,6,0,0.6285,false,computational_readings_agree,,,0,pass1_independent_readings_agree,,investor,0.2019,dominant_voice_proxy,investor,resolved,pass1_retained_sufficient_confidence,0.2019,,,,,
DISC-MEDIA-0037,Analysis The Worthless Marikana Peace Accord,2012,Daily Maverick,https://www.dailymaverick.co.za/article/2012-09-10-analysis-the-worthless-marikana-peace-accord/,labour,0.7109,dominant_voice_proxy,1.400,4.900,0.000,16.950,0.000,0,-0.84730,2,6,0,-2.23607,0,5,0,0.6167,false,computational_readings_agree,,,0,pass1_independent_readings_agree,,labour,0.7109,dominant_voice_proxy,labour,resolved,pass1_retained_sufficient_confidence,0.7109,,,,,
DISC-MEDIA-0038,Marikana Gift Of The Givers Brings Food To Striking Miners,2012,Daily Maverick,https://www.dailymaverick.co.za/article/2012-09-10-marikana-gift-of-the-givers-brings-food-to-striking-miners/,investor,0.1976,dominant_voice_proxy,3.200,12.400,5.300,9.950,0.000,0,-1.09861,2,8,0,-1.23607,1,5,0,0.4669,false,computational_readings_agree,,,0,pass1_independent_readings_agree,,investor,0.1976,dominant_voice_proxy,investor,resolved,pass1_retained_sufficient_confidence,0.1976,,,,,
DISC-MEDIA-0039,Plotting Sas Post Marikana Scenarios Grim Pictures Dominate,2012,Daily Maverick,https://www.dailymaverick.co.za/article/2012-09-11-plotting-sas-post-marikana-scenarios-grim-pictures-dominate/,labour,0.1111,dominant_voice_proxy,2.800,1.750,0.350,3.150,0.000,0,-2.07944,0,7,0,-2.44949,0,6,0,0.9058,true,stakeholder_voice_low_confidence,,,0,pass1_independent_readings_agree,,labour,0.1111,dominant_voice_proxy,,unresolved,unresolved_stakeholder_voice_ambiguous,0.4900,3.200,0.000,0.000,1.600,0.000
DISC-MEDIA-0040,Reporters Notebook A Day In Marikanas Theatre Of The Absurd,2012,Daily Maverick,https://www.dailymaverick.co.za/article/2012-09-11-reporters-notebook-a-day-in-marikanas-theatre-of-the-absurd/,labour,0.4525,dominant_voice_proxy,2.450,6.050,3.200,11.050,0.000,0,-1.38629,0,3,0,-1.41421,0,2,0,0.5601,false,computational_readings_agree,,,0,pass1_independent_readings_agree,,labour,0.4525,dominant_voice_proxy,labour,resolved,pass1_retained_sufficient_confidence,0.4525,,,,,
DISC-MEDIA-0041,A Possible Way Out Of The Marikana Stand Off,2012,Daily Maverick,https://www.dailymaverick.co.za/article/2012-09-13-a-possible-way-out-of-the-marikana-stand-off/,investor,0.1257,dominant_voice_proxy,3.200,17.100,0.000,14.950,0.000,0,-1.94591,0,6,0,-2.23607,0,5,0,0.8364,false,computational_readings_agree,,,0,pass1_independent_readings_agree,,investor,0.1257,dominant_voice_proxy,investor,resolved,pass1_retained_sufficient_confidence,0.1257,,,,,
DISC-MEDIA-0042,Reporters Marikana Notebook The Governments Clenched Fist,2012,Daily Maverick,https://www.dailymaverick.co.za/article/2012-09-14-reporters-marikana-notebook-the-governments-clenched-fist/,government,0.8188,dominant_voice_proxy,13.800,0.350,0.350,2.500,0.000,0,-2.48491,0,11,0,-2.64575,0,7,0,1.0000,false,computational_readings_agree,,,0,pass1_independent_readings_agree,,government,0.8188,dominant_voice_proxy,government,resolved,pass1_retained_sufficient_confidence,0.8188,,,,,
DISC-MEDIA-0044,In Embracing Marikana The Sacc Revitalises Itself,2012,Daily Maverick,https://www.dailymaverick.co.za/article/2012-09-17-in-embracing-marikana-the-sacc-revitalises-itself/,government,0.3094,dominant_voice_proxy,13.900,9.600,1.050,7.400,2.850,0,-1.50408,1,8,0,-2.44949,0,6,0,0.7907,false,computational_readings_agree,,,0,pass1_independent_readings_agree,,government,0.3094,dominant_voice_proxy,government,resolved,pass1_retained_sufficient_confidence,0.3094,,,,,
DISC-MEDIA-0045,In The Wake Of Marikana Anc Pushing A Self Destruct Button,2012,Daily Maverick,https://www.dailymaverick.co.za/article/2012-09-17-in-the-wake-of-marikana-anc-pushing-a-self-destruct-button/,government,0.5917,dominant_voice_proxy,6.000,1.050,2.450,1.050,0.000,0,-1.38629,3,15,0,-3.87298,0,15,0,1.0000,false,computational_readings_agree,,,0,pass1_independent_readings_agree,,government,0.5917,dominant_voice_proxy,government,resolved,pass1_retained_sufficient_confidence,0.5917,,,,,
DISC-MEDIA-0046,Marikana Notebook A Thin Line Between Fear And Hate,2012,Daily Maverick,https://www.dailymaverick.co.za/article/2012-09-17-marikana-notebook-a-thin-line-between-fear-and-hate/,government,0.6316,dominant_voice_proxy,12.350,0.350,4.550,0.000,0.000,0,-1.29928,2,10,0,-2.64575,0,7,0,0.7890,false,computational_readings_agree,,,0,pass1_independent_readings_agree,,government,0.6316,dominant_voice_proxy,government,resolved,pass1_retained_sufficient_confidence,0.6316,,,,,
DISC-MEDIA-0047,Preview Cosatu Congress Haunted By The Pall Of Marikana,2012,Daily Maverick,https://www.dailymaverick.co.za/article/2012-09-17-preview-cosatu-congress-haunted-by-the-pall-of-marikana/,labour,0.8095,dominant_voice_proxy,1.400,0.700,0.000,7.350,0.000,0,-2.07944,0,7,0,-2.64575,0,7,0,0.9450,false,computational_readings_agree,,,0,pass1_independent_readings_agree,,labour,0.8095,dominant_voice_proxy,labour,resolved,pass1_retained_sufficient_confidence,0.8095,,,,,
DISC-MEDIA-0048,Reporters Marikana Notebook Police Intimidation 1 Abandoned Community 0,2012,Daily Maverick,https://www.dailymaverick.co.za/article/2012-09-17-reporters-marikana-notebook-police-intimidation-1-abandoned-community-0/,government,0.6923,dominant_voice_proxy,24.700,0.350,7.600,0.350,0.000,1,0.00000,5,5,0,-1.73205,0,3,,0.2309,true,stance_readings_disagree_or_low_margin,,,0,third_computational_adjudication_clear_margin,-0.692820,government,0.6923,dominant_voice_proxy,government,resolved,pass1_retained_sufficient_confidence,0.6923,,,,,
DISC-MEDIA-0049,Cosatu Congress Allies Talk About Marikana And The Enemies Of The Struggle,2012,Daily Maverick,https://www.dailymaverick.co.za/article/2012-09-18-cosatu-congress-allies-talk-about-marikana-and-the-enemies-of-the-struggle/,labour,0.0802,dominant_voice_proxy,7.450,1.400,3.200,8.100,0.000,0,-1.79176,1,11,0,-3.16228,0,10,0,0.9908,true,stakeholder_voice_low_confidence,,,0,pass1_independent_readings_agree,,labour,0.0802,dominant_voice_proxy,,unresolved,unresolved_stakeholder_voice_ambiguous,0.0256,7.600,1.600,3.000,7.800,0.000
DISC-MEDIA-0050,Cosatu On Marikana 10 It Was Brute Force Cosatu On Marikana 20 It Was Not Brute Force,2012,Daily Maverick,https://www.dailymaverick.co.za/article/2012-09-18-cosatu-on-marikana-10-it-was-brute-force-cosatu-on-marikana-20-it-was-not-brute-force/,labour,0.1578,dominant_voice_proxy,24.550,2.850,0.000,29.150,0.000,0,-2.39790,0,10,0,-2.82843,0,8,0,1.0000,false,computational_readings_agree,,,0,pass1_independent_readings_agree,,labour,0.1578,dominant_voice_proxy,labour,resolved,pass1_retained_sufficient_confidence,0.1578,,,,,
DISC-MEDIA-0051,Marikana Malemas Police Sponsored Exit,2012,Daily Maverick,https://www.dailymaverick.co.za/article/2012-09-18-marikana-malemas-police-sponsored-exit/,government,0.6600,dominant_voice_proxy,12.500,1.050,3.200,4.250,0.000,0,-1.25276,3,13,0,-2.64575,0,7,0,0.7797,false,computational_readings_agree,,,0,pass1_independent_readings_agree,,government,0.6600,dominant_voice_proxy,government,resolved,pass1_retained_sufficient_confidence,0.6600,,,,,
DISC-MEDIA-0052,Marikana Social Scientists Seek Understanding And Demand Justice,2012,Daily Maverick,https://www.dailymaverick.co.za/article/2012-09-18-marikana-social-scientists-seek-understanding-and-demand-justice/,community,0.2500,dominant_voice_proxy,1.050,0.700,1.400,0.700,0.350,0,-2.19722,0,8,0,-1.44949,1,6,0,0.7293,false,computational_readings_agree,,,0,pass1_independent_readings_agree,,community,0.2500,dominant_voice_proxy,community,resolved,pass1_retained_sufficient_confidence,0.2500,,,,,
DISC-MEDIA-0053,Marikana The Strike Ends Now What,2012,Daily Maverick,https://www.dailymaverick.co.za/article/2012-09-19-marikana-the-strike-ends-now-what/,labour,0.5077,dominant_voice_proxy,3.900,9.600,0.000,19.500,0.000,0,-2.03730,6,16,0,-4.37298,1,15,0,1.0000,false,computational_readings_agree,,(?:strike|protest|unrest|industrial action) | strike,0,pass1_independent_readings_agree,,labour,0.5077,dominant_voice_proxy,labour,resolved,pass1_retained_sufficient_confidence,0.5077,,,,,
DISC-MEDIA-0054,Marikana The Strike Might Be Over But The Struggle Continues,2012,Daily Maverick,https://www.dailymaverick.co.za/article/2012-09-19-marikana-the-strike-might-be-over-but-the-struggle-continues/,government,0.5724,dominant_voice_proxy,22.450,9.600,7.100,8.150,0.700,0,-1.84315,2,5,0,-3.73607,0,5,0,1.0000,false,computational_readings_agree,,(?:strike|protest|unrest|industrial action) | strike,0,pass1_independent_readings_agree,,government,0.5724,dominant_voice_proxy,government,resolved,pass1_retained_sufficient_confidence,0.5724,,,,,
DISC-MEDIA-0055,Cosatu Congress Battling The Rupture Of Mangaung And The Curse Of Marikana,2012,Daily Maverick,https://www.dailymaverick.co.za/article/2012-09-20-cosatu-congress-battling-the-rupture-of-mangaung-and-the-curse-of-marikana/,labour,0.9601,dominant_voice_proxy,1.050,1.050,0.000,26.300,0.350,0,-0.33647,4,6,0,-2.44949,0,6,0,0.5572,false,computational_readings_agree,,,0,pass1_independent_readings_agree,,labour,0.9601,dominant_voice_proxy,labour,resolved,pass1_retained_sufficient_confidence,0.9601,,,,,
DISC-MEDIA-0056,Marikana The Next Goal For The Workers Split From Num,2012,Daily Maverick,https://www.dailymaverick.co.za/article/2012-09-20-marikana-the-next-goal-for-the-workers-split-from-num/,labour,0.6711,dominant_voice_proxy,0.000,13.500,0.350,41.050,0.000,0,-0.84730,2,6,0,-2.23607,0,5,0,0.6167,false,computational_readings_agree,,,0,pass1_independent_readings_agree,,labour,0.6711,dominant_voice_proxy,labour,resolved,pass1_retained_sufficient_confidence,0.6711,,,,,
DISC-MEDIA-0057,Marikanas Theatre Of The Absurd Claims Another Life,2012,Daily Maverick,https://www.dailymaverick.co.za/article/2012-09-20-marikanas-theatre-of-the-absurd-claims-another-life/,government,0.6167,dominant_voice_proxy,32.350,1.400,12.400,0.700,0.000,0,-2.77259,0,15,0,-3.87298,0,15,0,1.0000,false,computational_readings_agree,,,0,pass1_independent_readings_agree,,government,0.6167,dominant_voice_proxy,government,resolved,pass1_retained_sufficient_confidence,0.6167,,,,,
DISC-MEDIA-0058,Bring On The Sanctions Bishop Paul Verryn On Marikana And Poverty,2012,Daily Maverick,https://www.dailymaverick.co.za/article/2012-09-21-bring-on-the-sanctions-bishop-paul-verryn-on-marikana-and-poverty/,government,0.7975,dominant_voice_proxy,12.100,0.000,2.450,0.350,0.000,0,-2.07944,0,7,0,-2.64575,0,7,0,0.9450,false,computational_readings_agree,,,0,pass1_independent_readings_agree,,government,0.7975,dominant_voice_proxy,government,resolved,pass1_retained_sufficient_confidence,0.7975,,,,,
DISC-MEDIA-0059,The Marikana Effect A Sharp Drop For The Anc In Septembers By Elections,2012,Daily Maverick,https://www.dailymaverick.co.za/article/2012-09-21-the-marikana-effect-a-sharp-drop-for-the-anc-in-septembers-by-elections/,government,0.3500,dominant_voice_proxy,0.350,0.000,0.000,0.000,0.000,0,-1.79176,0,5,0,-1.41421,0,2,0,0.6412,false,computational_readings_agree,,,0,pass1_independent_readings_agree,,government,0.3500,dominant_voice_proxy,government,resolved,pass1_retained_sufficient_confidence,0.3500,,,,,
DISC-MEDIA-0060,Marikana Putting Words To Tragedy,2012,Daily Maverick,https://www.dailymaverick.co.za/article/2012-09-24-marikana-putting-words-to-tragedy/,government,0.9075,dominant_voice_proxy,11.350,0.350,0.350,1.050,0.000,0,-2.39790,0,10,0,-2.82843,0,8,0,1.0000,false,computational_readings_agree,,,0,pass1_independent_readings_agree,,government,0.9075,dominant_voice_proxy,government,resolved,pass1_retained_sufficient_confidence,0.9075,,,,,
DISC-MEDIA-0061,Marikana Shaky Start For The Farlam Commission,2012,Daily Maverick,https://www.dailymaverick.co.za/article/2012-10-02-marikana-shaky-start-for-the-farlam-commission/,government,0.4480,dominant_voice_proxy,26.450,0.700,14.600,5.000,3.550,0,-1.50408,1,8,0,-1.44949,1,6,0,0.5907,false,computational_readings_agree,,,0,pass1_independent_readings_agree,,government,0.4480,dominant_voice_proxy,government,resolved,pass1_retained_sufficient_confidence,0.4480,,,,,
DISC-MEDIA-0062,Nigerias Marikana Moment Yet Another One,2012,Daily Maverick,https://www.dailymaverick.co.za/article/2012-10-04-nigerias-marikana-moment-yet-another-one/,government,0.9060,dominant_voice_proxy,7.450,0.000,0.350,0.700,0.000,0,-2.89037,0,17,0,-3.31662,0,11,0,1.0000,false,computational_readings_agree,,,0,pass1_independent_readings_agree,,government,0.9060,dominant_voice_proxy,government,resolved,pass1_retained_sufficient_confidence,0.9060,,,,,
DISC-MEDIA-0322,Water Fail Farlam Commission Bows To Industry Secrecy,2012,Daily Maverick,https://www.dailymaverick.co.za/opinionista/2012-10-10-water-fail-farlam-commission-bows-to-industry-secrecy/,government,0.4682,dominant_voice_proxy,8.650,4.600,1.750,0.000,0.700,1,0.51083,9,5,0,-2.23607,0,5,,0.1960,true,stance_readings_disagree_or_low_margin,,,0,third_computational_adjudication_clear_margin,-0.587930,government,0.4682,dominant_voice_proxy,government,resolved,pass1_retained_sufficient_confidence,0.4682,,,,,
DISC-MEDIA-0323,Marikana Prequel Num And The Murders That Started It All,2012,Daily Maverick,https://www.dailymaverick.co.za/opinionista/2012-10-12-marikana-prequel-num-and-the-murders-that-started-it-all/,labour,0.8177,dominant_voice_proxy,4.900,11.550,10.900,63.350,0.350,0,-2.75154,2,46,0,-6.40312,0,41,0,1.0000,false,computational_readings_agree,,,0,pass1_independent_readings_agree,,labour,0.8177,dominant_voice_proxy,labour,resolved,pass1_retained_sufficient_confidence,0.8177,,,,,
SEC-MEDIA-0001,Down With Amcu And Malema Cosatu And Mk Sing From The Same Song Sheet,2012,Daily Maverick,https://www.dailymaverick.co.za/article/2012-10-15-down-with-amcu-and-malema-cosatu-and-mk-sing-from-the-same-song-sheet/,labour,0.9407,dominant_voice_proxy,0.700,0.000,0.000,11.800,0.000,0,-1.94591,0,6,0,-2.23607,0,5,0,0.8364,false,computational_readings_agree,,,0,pass1_independent_readings_agree,,labour,0.9407,dominant_voice_proxy,labour,resolved,pass1_retained_sufficient_confidence,0.9407,,,,,
DISC-MEDIA-0064,Marikana Tragedy Marches Towards Platinum Rebellion,2012,Daily Maverick,https://www.dailymaverick.co.za/article/2012-10-15-marikana-tragedy-marches-towards-platinum-rebellion/,labour,0.5361,dominant_voice_proxy,13.500,11.050,0.350,29.100,0.000,0,-3.33220,0,27,0,-5.00000,0,25,0,1.0000,false,computational_readings_agree,,,0,pass1_independent_readings_agree,,labour,0.5361,dominant_voice_proxy,labour,resolved,pass1_retained_sufficient_confidence,0.5361,,,,,
DISC-MEDIA-0065,Marikana After Wave Of Arrests Miners To Return To Strike,2012,Daily Maverick,https://www.dailymaverick.co.za/article/2012-10-18-marikana-after-wave-of-arrests-miners-to-return-to-strike/,government,0.5304,dominant_voice_proxy,18.100,8.500,1.750,5.300,0.000,0,-2.94176,1,11,0,-4.50000,0,9,0,1.0000,false,computational_readings_agree,,(?:strike|protest|unrest|industrial action) | strike,0,pass1_independent_readings_agree,,government,0.5304,dominant_voice_proxy,government,resolved,pass1_retained_sufficient_confidence,0.5304,,,,,
SEC-MEDIA-0115,From The Nums Ashes Amcu Will Rise And Rise,2012,Daily Maverick,https://www.dailymaverick.co.za/opinionista/2012-10-19-from-the-nums-ashes-amcu-will-rise-and-rise/,labour,0.9531,dominant_voice_proxy,1.750,1.050,0.000,37.350,0.000,0,-2.30259,0,9,0,-2.82843,0,8,0,1.0000,false,computational_readings_agree,,,0,pass1_independent_readings_agree,,labour,0.9531,dominant_voice_proxy,labour,resolved,pass1_retained_sufficient_confidence,0.9531,,,,,
DISC-MEDIA-0324,In The Thick Of Marikana The Lessons No Journalism School Can Teach You,2012,Daily Maverick,https://www.dailymaverick.co.za/opinionista/2012-10-22-in-the-thick-of-marikana-the-lessons-no-journalism-school-can-teach-you/,labour,0.7333,dominant_voice_proxy,1.050,1.400,0.700,5.250,0.000,0,-2.63906,0,13,0,-2.64575,0,7,0,1.0000,false,computational_readings_agree,,,0,pass1_independent_readings_agree,,labour,0.7333,dominant_voice_proxy,labour,resolved,pass1_retained_sufficient_confidence,0.7333,,,,,
DISC-MEDIA-0066,Death Threats Blazing Guns Police Intimidation Spikes Alongside The Marikana Commission,2012,Daily Maverick,https://www.dailymaverick.co.za/article/2012-10-23-death-threats-blazing-guns-police-intimidation-spikes-alongside-the-marikana-commission/,government,0.9665,dominant_voice_proxy,20.900,0.700,0.700,0.000,0.000,0,-2.75944,1,9,0,-4.32843,0,8,0,1.0000,false,computational_readings_agree,,(?:massacre|killings?|shootings?|deaths?|torture) | death(?:s)?,0,pass1_independent_readings_agree,,government,0.9665,dominant_voice_proxy,government,resolved,pass1_retained_sufficient_confidence,0.9665,,,,,
DISC-MEDIA-0067,Marikana Commission Lawyers Draw Up Battle Lines,2012,Daily Maverick,https://www.dailymaverick.co.za/article/2012-10-23-marikana-commission-lawyers-draw-up-battle-lines/,government,0.8223,dominant_voice_proxy,31.800,1.050,3.200,5.650,0.700,0,-2.56495,0,12,0,-3.16228,0,10,0,1.0000,false,computational_readings_agree,,,0,pass1_independent_readings_agree,,government,0.8223,dominant_voice_proxy,government,resolved,pass1_retained_sufficient_confidence,0.8223,,,,,
DISC-MEDIA-0068,Marikana Commission More Sides Pitch In More Mud Flung In Ramaphosas Face,2012,Daily Maverick,https://www.dailymaverick.co.za/article/2012-10-24-marikana-commission-more-sides-pitch-in-more-mud-flung-in-ramaphosas-face/,government,0.4541,dominant_voice_proxy,29.400,16.050,3.200,3.200,2.500,0,-1.38629,1,7,0,-2.44949,0,6,0,0.7672,false,computational_readings_agree,,,0,pass1_independent_readings_agree,,government,0.4541,dominant_voice_proxy,government,resolved,pass1_retained_sufficient_confidence,0.4541,,,,,
DISC-MEDIA-0069,Marikana Commission Check Book Justice As Dead Miners Families Must Pay Their Own Way,2012,Daily Maverick,https://www.dailymaverick.co.za/article/2012-10-29-marikana-commission-check-book-justice-as-dead-miners-families-must-pay-their-own-way/,community,0.3338,dominant_voice_proxy,25.750,0.350,38.650,0.000,10.000,0,-1.38629,0,3,1,0.73205,3,1,,0.1797,true,stance_readings_disagree_or_low_margin,,,0,third_computational_adjudication_clear_margin,-0.538954,community,0.3338,dominant_voice_proxy,community,resolved,pass1_retained_sufficient_confidence,0.3338,,,,,
DISC-MEDIA-0070,Marikana Commission Travel Pains For The Families,2012,Daily Maverick,https://www.dailymaverick.co.za/article/2012-10-30-marikana-commission-travel-pains-for-the-families/,government,0.2406,dominant_voice_proxy,29.300,7.850,22.250,0.350,5.700,0,-1.94591,0,6,0,-0.73205,1,3,0,0.5356,false,computational_readings_agree,,,0,pass1_independent_readings_agree,,government,0.2406,dominant_voice_proxy,government,resolved,pass1_retained_sufficient_confidence,0.2406,,,,,
DISC-MEDIA-0071,Marikana Commission Colonel Johannes Bothas Tough Day At The Office,2012,Daily Maverick,https://www.dailymaverick.co.za/article/2012-10-31-marikana-commission-colonel-johannes-bothas-tough-day-at-the-office/,government,0.4923,dominant_voice_proxy,16.150,8.200,0.000,0.000,2.500,0,-2.07944,0,7,0,-2.64575,0,7,0,0.9450,false,computational_readings_agree,,,0,pass1_independent_readings_agree,,government,0.4923,dominant_voice_proxy,government,resolved,pass1_retained_sufficient_confidence,0.4923,,,,,
DISC-MEDIA-0072,Marikana Commission Dali Mpofu Drops New Torture Bombshell,2012,Daily Maverick,https://www.dailymaverick.co.za/article/2012-10-31-marikana-commission-dali-mpofu-drops-new-torture-bombshell/,government,0.9587,dominant_voice_proxy,25.450,0.000,0.000,1.050,0.000,0,-2.75944,0,4,0,-3.50000,0,4,0,1.0000,false,computational_readings_agree,,(?:massacre|killings?|shootings?|deaths?|torture) | tortur,0,pass1_independent_readings_agree,,government,0.9587,dominant_voice_proxy,government,resolved,pass1_retained_sufficient_confidence,0.9587,,,,,
DISC-MEDIA-0073,Marikana Commission The Forensic Expert Who Saw Little Heard Nothing Couldnt Say Much,2012,Daily Maverick,https://www.dailymaverick.co.za/article/2012-11-01-marikana-commission-the-forensic-expert-who-saw-little-heard-nothing-couldnt-say-much/,government,0.8258,dominant_voice_proxy,14.350,0.000,0.000,1.050,2.500,0,-1.79176,0,5,0,-2.23607,0,5,0,0.8056,false,computational_readings_agree,,,0,pass1_independent_readings_agree,,government,0.8258,dominant_voice_proxy,government,resolved,pass1_retained_sufficient_confidence,0.8258,,,,,
DISC-MEDIA-0325,Marikana Who Murdered Num Branch Secretary Daluvuyo Bongo,2012,Daily Maverick,https://www.dailymaverick.co.za/opinionista/2012-11-02-marikana-who-murdered-num-branch-secretary-daluvuyo-bongo/,government,0.4547,dominant_voice_proxy,34.750,2.500,0.000,18.950,0.350,0,-2.30259,1,19,0,-4.00000,0,16,0,1.0000,false,computational_readings_agree,,,0,pass1_independent_readings_agree,,government,0.4547,dominant_voice_proxy,government,resolved,pass1_retained_sufficient_confidence,0.4547,,,,,
DISC-MEDIA-0074,Marikana Commission Prima Facie Case For Tampering With Evidence,2012,Daily Maverick,https://www.dailymaverick.co.za/article/2012-11-06-marikana-commission-prima-facie-case-for-tampering-with-evidence/,government,0.6016,dominant_voice_proxy,12.550,0.350,0.000,5.000,2.500,0,-1.79176,0,5,0,-2.00000,0,4,0,0.7584,false,computational_readings_agree,,,0,pass1_independent_readings_agree,,government,0.6016,dominant_voice_proxy,government,resolved,pass1_retained_sufficient_confidence,0.6016,,,,,
DISC-MEDIA-0326,Marikana A Cover Up For All To See,2012,Daily Maverick,https://www.dailymaverick.co.za/opinionista/2012-11-06-marikana-a-cover-up-for-all-to-see/,government,0.9668,dominant_voice_proxy,10.550,0.000,0.000,0.350,0.000,0,-1.79176,0,5,0,-1.73205,0,3,0,0.7048,false,computational_readings_agree,,,0,pass1_independent_readings_agree,,government,0.9668,dominant_voice_proxy,government,resolved,pass1_retained_sufficient_confidence,0.9668,,,,,
DISC-MEDIA-0075,Marikana Commission Police Play Their Case,2012,Daily Maverick,https://www.dailymaverick.co.za/article/2012-11-12-marikana-commission-police-play-their-case/,government,0.2263,dominant_voice_proxy,13.700,5.700,0.000,10.600,0.000,0,-2.35138,1,20,0,-4.35890,0,19,0,1.0000,false,computational_readings_agree,,,0,pass1_independent_readings_agree,,government,0.2263,dominant_voice_proxy,government,resolved,pass1_retained_sufficient_confidence,0.2263,,,,,
DISC-MEDIA-0076,Painting Marikanas Tragedy,2012,Daily Maverick,https://www.dailymaverick.co.za/article/2012-11-13-painting-marikanas-tragedy/,community,0.7795,dominant_voice_proxy,1.400,0.000,6.350,1.050,0.000,0,-1.25276,1,6,0,-1.03528,2,6,0,0.4576,false,computational_readings_agree,,,0,pass1_independent_readings_agree,,community,0.7795,dominant_voice_proxy,community,resolved,pass1_retained_sufficient_confidence,0.7795,,,,,
DISC-MEDIA-0077,Marikana Commission Bishop Seoka Blames Police Unions And Lonmin,2012,Daily Maverick,https://www.dailymaverick.co.za/article/2012-11-15-marikana-commission-bishop-seoka-blames-police-unions-and-lonmin/,government,0.4105,dominant_voice_proxy,23.750,14.000,0.000,12.750,0.000,0,-2.56495,0,12,0,-2.44949,0,6,0,1.0000,false,computational_readings_agree,,,0,pass1_independent_readings_agree,,government,0.4105,dominant_voice_proxy,government,resolved,pass1_retained_sufficient_confidence,0.4105,,,,,
DISC-MEDIA-0078,Marikana Commission Spotty Police Evidence Continues,2012,Daily Maverick,https://www.dailymaverick.co.za/article/2012-11-16-marikana-commission-spotty-police-evidence-continues/,government,0.9527,dominant_voice_proxy,14.800,0.700,0.000,0.000,0.000,0,-2.39790,0,10,0,-2.82843,0,8,0,1.0000,false,computational_readings_agree,,,0,pass1_independent_readings_agree,,government,0.9527,dominant_voice_proxy,government,resolved,pass1_retained_sufficient_confidence,0.9527,,,,,
DISC-MEDIA-0079,Marikana Commission Did The Police Throw Away Their Own Rulebook,2012,Daily Maverick,https://www.dailymaverick.co.za/article/2012-11-20-marikana-commission-did-the-police-throw-away-their-own-rulebook/,government,0.9820,dominant_voice_proxy,19.450,0.350,0.350,0.350,0.000,0,-2.07944,0,7,0,-2.44949,0,6,0,0.9058,false,computational_readings_agree,,,0,pass1_independent_readings_agree,,government,0.9820,dominant_voice_proxy,government,resolved,pass1_retained_sufficient_confidence,0.9820,,,,,
DISC-MEDIA-0080,Marikana Commission What Happened Before 16 August Lonmin And Police Videos Failed To Capture Crucial Evidence,2012,Daily Maverick,https://www.dailymaverick.co.za/article/2012-11-21-marikana-commission-what-happened-before-16-august-lonmin-and-police-videos-failed-to-capture-crucial-evidence/,government,0.2132,dominant_voice_proxy,9.850,5.100,0.350,7.750,0.000,0,-2.24861,0,2,0,-2.91421,0,2,0,1.0000,false,computational_readings_agree,,(?:failed|failure|non[- ]compliance|breach|neglect|shortcoming) | failed|failure,0,pass1_independent_readings_agree,,government,0.2132,dominant_voice_proxy,government,resolved,pass1_retained_sufficient_confidence,0.2132,,,,,
DISC-MEDIA-0081,Marikana Commission Better Videos Of 16 August But Still Not Much To See,2012,Daily Maverick,https://www.dailymaverick.co.za/article/2012-11-22-marikana-commission-better-videos-of-16-august-but-still-not-much-to-see/,government,0.6667,dominant_voice_proxy,21.150,1.050,0.000,7.050,0.000,0,-2.19722,0,8,0,-2.44949,0,6,0,0.9293,false,computational_readings_agree,,,0,pass1_independent_readings_agree,,government,0.6667,dominant_voice_proxy,government,resolved,pass1_retained_sufficient_confidence,0.6667,,,,,
DISC-MEDIA-0082,Marikana Commission Cops Lonmin Hit Back At Bishop Seoka,2012,Daily Maverick,https://www.dailymaverick.co.za/article/2012-11-23-marikana-commission-cops-lonmin-hit-back-at-bishop-seoka/,government,0.4566,dominant_voice_proxy,17.850,9.700,0.000,4.950,0.350,0,-1.38629,1,7,0,-2.64575,0,7,0,0.8064,false,computational_readings_agree,,,0,pass1_independent_readings_agree,,government,0.4566,dominant_voice_proxy,government,resolved,pass1_retained_sufficient_confidence,0.4566,,,,,
DISC-MEDIA-0083,Marikana Commission Weapons That Kill And A Row Over Subpoenas,2012,Daily Maverick,https://www.dailymaverick.co.za/article/2012-11-27-marikana-commission-weapons-that-kill-and-a-row-over-subpoenas/,government,0.9575,dominant_voice_proxy,24.700,0.000,0.350,1.050,0.000,0,-3.45259,0,9,0,-2.23607,0,5,0,1.0000,false,computational_readings_agree,,kill(?:ed|ing|ings)?,0,pass1_independent_readings_agree,,government,0.9575,dominant_voice_proxy,government,resolved,pass1_retained_sufficient_confidence,0.9575,,,,,
DISC-MEDIA-0084,Marikana Commission Amcu President Flays Num,2012,Daily Maverick,https://www.dailymaverick.co.za/article/2012-11-28-marikana-commission-amcu-president-flays-num/,labour,0.7682,dominant_voice_proxy,7.950,7.050,0.350,34.300,0.000,0,-1.70475,1,10,0,-2.23607,0,5,0,0.7882,false,computational_readings_agree,,,0,pass1_independent_readings_agree,,labour,0.7682,dominant_voice_proxy,labour,resolved,pass1_retained_sufficient_confidence,0.7682,,,,,
DISC-MEDIA-0085,Marikana Commission Joseph Mathunjwa Locks Horns With Police,2012,Daily Maverick,https://www.dailymaverick.co.za/article/2012-11-30-marikana-commission-joseph-mathunjwa-locks-horns-with-police/,labour,0.1029,dominant_voice_proxy,17.000,0.350,0.000,18.950,0.000,0,-1.50408,1,8,0,-2.82843,0,8,0,0.8665,true,stakeholder_voice_low_confidence,,,0,pass1_independent_readings_agree,,labour,0.1029,dominant_voice_proxy,,unresolved,unresolved_stakeholder_voice_ambiguous,0.1293,20.200,0.000,0.000,23.200,0.000
DISC-MEDIA-0086,Marikana Who Shot First,2012,Daily Maverick,https://www.dailymaverick.co.za/article/2012-11-30-marikana-who-shot-first/,labour,0.7159,dominant_voice_proxy,10.300,1.400,0.000,36.250,0.000,0,-2.94444,0,18,0,-3.46410,0,12,0,1.0000,false,computational_readings_agree,,,0,pass1_independent_readings_agree,,labour,0.7159,dominant_voice_proxy,labour,resolved,pass1_retained_sufficient_confidence,0.7159,,,,,
DISC-MEDIA-0087,Union Poster Feel It Western Cape Marikana Is Here,2012,Daily Maverick,https://www.dailymaverick.co.za/article/2012-11-30-union-poster-feel-it-western-cape-marikana-is-here/,government,0.0245,dominant_voice_proxy,8.150,2.850,2.500,7.950,0.000,0,-2.39790,0,10,0,-2.23607,0,5,0,0.9268,true,stakeholder_voice_low_confidence,,,0,pass1_independent_readings_agree,,government,0.0245,dominant_voice_proxy,labour,resolved,third_pass_unique_headline_subject,0.9500,0.000,0.000,0.000,1.000,0.000
DISC-MEDIA-0088,Marikana Commission Joseph Mathunjwa Still Stands His Ground,2012,Daily Maverick,https://www.dailymaverick.co.za/article/2012-12-04-marikana-commission-joseph-mathunjwa-still-stands-his-ground/,labour,0.6225,dominant_voice_proxy,8.650,14.950,0.000,39.600,0.000,0,-1.60944,0,4,0,-2.00000,0,4,0,0.7219,false,computational_readings_agree,,,0,pass1_independent_readings_agree,,labour,0.6225,dominant_voice_proxy,labour,resolved,pass1_retained_sufficient_confidence,0.6225,,,,,
DISC-MEDIA-0089,Marikana Commission Cornered Mathunjwa Let Out By Dumisa Ntsebeza,2012,Daily Maverick,https://www.dailymaverick.co.za/article/2012-12-05-marikana-commission-cornered-mathunjwa-let-out-by-dumisa-ntsebeza/,labour,0.7752,dominant_voice_proxy,9.700,7.100,1.050,43.150,0.000,0,-1.87180,1,12,0,-3.00000,0,9,0,0.9744,false,computational_readings_agree,,,0,pass1_independent_readings_agree,,labour,0.7752,dominant_voice_proxy,labour,resolved,pass1_retained_sufficient_confidence,0.7752,,,,,
DISC-MEDIA-0090,Zuma Marikana Exposed Organisational Challenges,2012,Daily Maverick,https://www.dailymaverick.co.za/article/2012-12-16-zuma-marikana-exposed-organisational-challenges/,labour,0.9541,dominant_voice_proxy,0.700,0.700,0.000,15.250,0.000,0,-2.07944,0,7,0,-2.44949,0,6,0,0.9058,false,computational_readings_agree,,,0,pass1_independent_readings_agree,,labour,0.9541,dominant_voice_proxy,labour,resolved,pass1_retained_sufficient_confidence,0.9541,,,,,
DISC-MEDIA-0091,2013 The Lingering Spectre Of Marikana,2013,Daily Maverick,https://www.dailymaverick.co.za/article/2013-01-11-2013-the-lingering-spectre-of-marikana/,government,0.6726,dominant_voice_proxy,19.550,6.400,2.100,0.700,0.000,0,-1.09861,1,5,0,-2.23607,0,5,0,0.6669,false,computational_readings_agree,,,0,pass1_independent_readings_agree,,government,0.6726,dominant_voice_proxy,government,resolved,pass1_retained_sufficient_confidence,0.6726,,,,,
DISC-MEDIA-0092,Marikana Commission Num Takes The Stand,2013,Daily Maverick,https://www.dailymaverick.co.za/article/2013-01-25-marikana-commission-num-takes-the-stand/,labour,0.2232,dominant_voice_proxy,7.950,17.750,0.000,22.850,0.000,0,-1.29928,2,10,0,-2.82843,0,8,0,0.8255,false,computational_readings_agree,,,0,pass1_independent_readings_agree,,labour,0.2232,dominant_voice_proxy,labour,resolved,pass1_retained_sufficient_confidence,0.2232,,,,,
DISC-MEDIA-0093,Heartfelt Hard Painful Songs Of Marikana,2013,Daily Maverick,https://www.dailymaverick.co.za/article/2013-01-28-heartfelt-hard-painful-songs-of-marikana/,labour,0.4615,dominant_voice_proxy,1.050,2.100,0.700,3.900,0.000,0,-2.19722,0,8,0,-2.82843,0,8,0,1.0000,false,computational_readings_agree,,,0,pass1_independent_readings_agree,,labour,0.4615,dominant_voice_proxy,labour,resolved,pass1_retained_sufficient_confidence,0.4615,,,,,
DISC-MEDIA-0094,Truth Lies The Saga Of The Marikana Massacre Continues,2013,Daily Maverick,https://www.dailymaverick.co.za/article/2013-01-29-truth-lies-the-saga-of-the-marikana-massacre-continues/,government,0.9835,dominant_voice_proxy,21.200,0.350,0.000,0.000,0.000,0,-4.32805,0,23,0,-5.37298,0,15,0,1.0000,false,computational_readings_agree,,(?:massacre|killings?|shootings?|deaths?|torture) | massacre,0,pass1_independent_readings_agree,,government,0.9835,dominant_voice_proxy,government,resolved,pass1_retained_sufficient_confidence,0.9835,,,,,
DISC-MEDIA-0095,Marikana Commission Num In A Deep Hole Over The Fight That Started It All,2013,Daily Maverick,https://www.dailymaverick.co.za/article/2013-02-01-marikana-commission-num-in-a-deep-hole-over-the-fight-that-started-it-all/,labour,0.7181,dominant_voice_proxy,7.950,3.900,0.350,28.200,0.000,0,-2.19722,0,8,0,-2.82843,0,8,0,1.0000,false,computational_readings_agree,,,0,pass1_independent_readings_agree,,labour,0.7181,dominant_voice_proxy,labour,resolved,pass1_retained_sufficient_confidence,0.7181,,,,,
DISC-MEDIA-0471,Lonmin Nominated Worst Company Of The Year By Npos,2013,Engineering News,https://www.engineeringnews.co.za/article/lonmin-nominated-worst-company-of-the-year-by-npos-2013-02-01,investor,0.4961,dominant_voice_proxy,6.050,12.700,2.500,6.400,2.850,0,-1.94591,0,6,0,-2.23607,0,5,0,0.8364,false,computational_readings_agree,,,0,pass1_independent_readings_agree,,investor,0.4961,dominant_voice_proxy,investor,resolved,pass1_retained_sufficient_confidence,0.4961,,,,,
DISC-MEDIA-0096,Black Valentine 2013 Love In The Time Of Marikana Nkandla Anene Booysens,2013,Daily Maverick,https://www.dailymaverick.co.za/article/2013-02-14-black-valentine-2013-love-in-the-time-of-marikana-nkandla-anene-booysens/,government,0.9412,dominant_voice_proxy,5.950,0.000,0.000,0.350,0.000,0,-1.50408,1,8,0,-1.44949,1,6,0,0.5907,false,computational_readings_agree,,,0,pass1_independent_readings_agree,,government,0.9412,dominant_voice_proxy,government,resolved,pass1_retained_sufficient_confidence,0.9412,,,,,
SEC-MEDIA-0003,Rustenburg Amcu And Num Call A Truce For Now,2013,Daily Maverick,https://www.dailymaverick.co.za/article/2013-02-20-rustenburg-amcu-and-num-call-a-truce-for-now/,labour,0.7600,dominant_voice_proxy,1.750,13.200,0.000,55.000,0.000,0,-1.46634,2,12,0,-3.46410,0,12,0,0.9861,false,computational_readings_agree,,,0,pass1_independent_readings_agree,,labour,0.7600,dominant_voice_proxy,labour,resolved,pass1_retained_sufficient_confidence,0.7600,,,,,
DISC-MEDIA-0441,Lonmin Consults Unions,2013,Engineering News,https://www.engineeringnews.co.za/article/lonmin-consults-unions-2013-03-01,investor,0.9586,dominant_voice_proxy,0.000,16.900,0.000,0.700,0.000,1,0.69315,1,0,1,1.00000,1,0,1,0.3386,false,computational_readings_agree,,,1,pass1_independent_readings_agree,,investor,0.9586,dominant_voice_proxy,investor,resolved,pass1_retained_sufficient_confidence,0.9586,,,,,
DISC-MEDIA-0557,Marikana Families Sue Police For Millions,2013,Engineering News,https://www.engineeringnews.co.za/article/marikana-families-sue-police-for-millions-2013-03-01,government,0.4602,dominant_voice_proxy,20.100,1.050,10.850,5.350,2.850,0,-2.19722,0,8,0,-2.23607,0,5,0,0.8867,false,computational_readings_agree,,,0,pass1_independent_readings_agree,,government,0.4602,dominant_voice_proxy,government,resolved,pass1_retained_sufficient_confidence,0.4602,,,,,
DISC-MEDIA-0097,Marikana Aftermath As The Commission Plays On Theres Still No Equality Before The Law,2013,Daily Maverick,https://www.dailymaverick.co.za/article/2013-03-04-marikana-aftermath-as-the-commission-plays-on-theres-still-no-equality-before-the-law/,government,0.6722,dominant_voice_proxy,42.400,0.000,4.950,13.900,0.000,0,-2.48491,1,23,0,-4.47214,0,20,0,1.0000,false,computational_readings_agree,,,0,pass1_independent_readings_agree,,government,0.6722,dominant_voice_proxy,government,resolved,pass1_retained_sufficient_confidence,0.6722,,,,,
SEC-MEDIA-0264,Amplats Signs With Amcu,2013,Engineering News,https://www.engineeringnews.co.za/article/amplats-signs-with-amcu-2013-03-04,labour,0.9402,dominant_voice_proxy,0.000,2.100,0.000,35.100,0.000,0,-0.40547,1,2,0,-0.41421,1,2,,0.1363,true,stance_readings_disagree_or_low_margin,,,0,third_computational_adjudication_clear_margin,-0.408966,labour,0.9402,dominant_voice_proxy,labour,resolved,pass1_retained_sufficient_confidence,0.9402,,,,,
DISC-MEDIA-0098,Marikana Commission Why Did Non Employees Join The Strike,2013,Daily Maverick,https://www.dailymaverick.co.za/article/2013-03-14-marikana-commission-why-did-non-employees-join-the-strike/,government,0.3844,dominant_voice_proxy,14.700,3.900,0.350,9.050,0.000,0,-3.09591,0,6,0,-3.73607,0,5,0,1.0000,false,computational_readings_agree,,(?:strike|protest|unrest|industrial action) | strike,0,pass1_independent_readings_agree,,government,0.3844,dominant_voice_proxy,government,resolved,pass1_retained_sufficient_confidence,0.3844,,,,,
DISC-MEDIA-0099,Marikana How Much And When Did Zuma Know,2013,Daily Maverick,https://www.dailymaverick.co.za/article/2013-03-18-marikana-how-much-and-when-did-zuma-know/,government,0.8700,dominant_voice_proxy,32.700,4.250,2.500,0.000,0.000,0,-2.39790,0,10,0,-2.82843,0,8,0,1.0000,false,computational_readings_agree,,,0,pass1_independent_readings_agree,,government,0.8700,dominant_voice_proxy,government,resolved,pass1_retained_sufficient_confidence,0.8700,,,,,
DISC-MEDIA-0100,Farlams Site Visit Brings Community Closer To Commission,2013,Daily Maverick,https://www.dailymaverick.co.za/article/2013-03-22-farlams-site-visit-brings-community-closer-to-commission/,government,0.4381,dominant_voice_proxy,21.800,0.700,12.250,0.700,2.850,0,-1.94591,0,6,0,-2.23607,0,5,0,0.8364,false,computational_readings_agree,,,0,pass1_independent_readings_agree,,government,0.4381,dominant_voice_proxy,government,resolved,pass1_retained_sufficient_confidence,0.4381,,,,,
DISC-MEDIA-0101,Analysis The Future Of South Africas Labour Market Post Marikana,2013,Daily Maverick,https://www.dailymaverick.co.za/article/2013-03-25-analysis-the-future-of-south-africas-labour-market-post-marikana/,labour,0.6429,dominant_voice_proxy,0.700,1.400,1.750,4.900,0.000,0,-0.40547,5,8,0,-2.00000,0,4,0,0.4811,false,computational_readings_agree,,,0,pass1_independent_readings_agree,,labour,0.6429,dominant_voice_proxy,labour,resolved,pass1_retained_sufficient_confidence,0.6429,,,,,
DISC-MEDIA-0102,Born In Post Marikana Anger Workers Socialist Party Enters Sa Politics,2013,Daily Maverick,https://www.dailymaverick.co.za/article/2013-03-25-born-in-post-marikana-anger-workers-socialist-party-enters-sa-politics/,government,0.1878,dominant_voice_proxy,22.100,1.050,8.900,17.950,0.000,0,-2.30259,0,9,0,-2.00000,1,9,0,0.8605,false,computational_readings_agree,,,0,pass1_independent_readings_agree,,government,0.1878,dominant_voice_proxy,government,resolved,pass1_retained_sufficient_confidence,0.1878,,,,,
DISC-MEDIA-0103,Marikana Commission Phiyega Continues To Play Dumb,2013,Daily Maverick,https://www.dailymaverick.co.za/article/2013-03-27-marikana-commission-phiyega-continues-to-play-dumb/,government,0.9367,dominant_voice_proxy,11.050,0.000,0.700,0.350,0.000,0,-2.07944,0,7,0,-2.64575,0,7,0,0.9450,false,computational_readings_agree,,,0,pass1_independent_readings_agree,,government,0.9367,dominant_voice_proxy,government,resolved,pass1_retained_sufficient_confidence,0.9367,,,,,
DISC-MEDIA-0104,Marikana Commission Why Did Apartheid Lessons Not Inform Police Action On 16 August,2013,Daily Maverick,https://www.dailymaverick.co.za/article/2013-03-28-marikana-commission-why-did-apartheid-lessons-not-inform-police-action-on-16-august/,government,0.9845,dominant_voice_proxy,22.600,0.000,0.000,0.000,0.350,0,-2.56495,0,12,0,-3.31662,0,11,0,1.0000,false,computational_readings_agree,,,0,pass1_independent_readings_agree,,government,0.9845,dominant_voice_proxy,government,resolved,pass1_retained_sufficient_confidence,0.9845,,,,,
DISC-MEDIA-0105,Marikana Commission As Bizos Cross Exam Ends Phiyega Is Still Not Forthcoming,2013,Daily Maverick,https://www.dailymaverick.co.za/article/2013-04-03-marikana-commission-as-bizos-cross-exam-ends-phiyega-is-still-not-forthcoming/,government,0.8994,dominant_voice_proxy,31.800,3.200,0.350,0.350,0.350,0,-1.94591,0,6,0,-2.44949,0,6,0,0.8791,false,computational_readings_agree,,,0,pass1_independent_readings_agree,,government,0.8994,dominant_voice_proxy,government,resolved,pass1_retained_sufficient_confidence,0.8994,,,,,
DISC-MEDIA-0106,Marikana Commission Move To Pretoria Halts As Phiyega Grilling Continues,2013,Daily Maverick,https://www.dailymaverick.co.za/article/2013-04-04-marikana-commission-move-to-pretoria-halts-as-phiyega-grilling-continues/,government,0.4349,dominant_voice_proxy,31.500,5.700,17.800,0.000,0.350,0,-1.79176,0,5,0,-2.23607,0,5,0,0.8056,false,computational_readings_agree,,,0,pass1_independent_readings_agree,,government,0.4349,dominant_voice_proxy,government,resolved,pass1_retained_sufficient_confidence,0.4349,,,,,
DISC-MEDIA-0107,Marikana Commission Zooms In On Phiyegas Changed Affidavit,2013,Daily Maverick,https://www.dailymaverick.co.za/article/2013-04-05-marikana-commission-zooms-in-on-phiyegas-changed-affidavit/,government,0.9442,dominant_voice_proxy,12.550,0.700,0.000,0.000,0.000,0,-1.60944,0,4,0,-2.00000,0,4,0,0.7219,false,computational_readings_agree,,,0,pass1_independent_readings_agree,,government,0.9442,dominant_voice_proxy,government,resolved,pass1_retained_sufficient_confidence,0.9442,,,,,
DISC-MEDIA-0574,Marikana Students To Qualify With Matric Certificate And Technical Diploma,2013,Engineering News,https://www.engineeringnews.co.za/article/marikana-students-to-qualify-with-matric-certificate-and-technical-diploma-2013-04-05,investor,0.4167,dominant_voice_proxy,0.000,4.200,2.450,0.000,0.000,1,0.00000,1,1,1,1.00000,1,0,1,0.2000,false,computational_readings_agree,,,1,pass1_independent_readings_agree,,investor,0.4167,dominant_voice_proxy,investor,resolved,pass1_retained_sufficient_confidence,0.4167,,,,,
SEC-MEDIA-0004,The Numamcu Cold War Moves To Bargaining Councils,2013,Daily Maverick,https://www.dailymaverick.co.za/article/2013-04-09-the-numamcu-cold-war-moves-to-bargaining-councils/,labour,0.8995,dominant_voice_proxy,1.400,5.650,0.000,56.200,0.000,0,-1.70475,1,10,0,-3.00000,0,9,0,0.9409,false,computational_readings_agree,,,0,pass1_independent_readings_agree,,labour,0.8995,dominant_voice_proxy,labour,resolved,pass1_retained_sufficient_confidence,0.8995,,,,,
DISC-MEDIA-0108,In Pictures The Children Of Marikana,2013,Daily Maverick,https://www.dailymaverick.co.za/article/2013-04-12-in-pictures-the-children-of-marikana/,labour,0.0897,dominant_voice_proxy,0.000,3.550,1.050,3.900,0.350,0,-1.38629,0,3,0,-1.41421,0,2,0,0.5601,true,stakeholder_voice_low_confidence,,,0,pass1_independent_readings_agree,,labour,0.0897,dominant_voice_proxy,,unresolved,unresolved_stakeholder_voice_ambiguous,0.1290,0.000,5.400,2.400,6.200,0.000
DISC-MEDIA-0109,Marikana Commission Continues As Does The Grilling Of Riah Phiyega,2013,Daily Maverick,https://www.dailymaverick.co.za/article/2013-04-17-marikana-commission-continues-as-does-the-grilling-of-riah-phiyega/,government,0.2796,dominant_voice_proxy,9.300,4.600,1.050,6.700,0.000,0,-1.25276,1,6,0,-2.00000,0,4,0,0.6506,false,computational_readings_agree,,,0,pass1_independent_readings_agree,,government,0.2796,dominant_voice_proxy,government,resolved,pass1_retained_sufficient_confidence,0.2796,,,,,
DISC-MEDIA-0110,Marikana Commission Phiyega Not Sure Who Killed The Miners,2013,Daily Maverick,https://www.dailymaverick.co.za/article/2013-04-18-marikana-commission-phiyega-not-sure-who-killed-the-miners/,government,0.9167,dominant_voice_proxy,30.000,0.000,0.350,2.500,0.000,0,-3.54790,0,10,0,-2.44949,0,6,0,1.0000,false,computational_readings_agree,,kill(?:ed|ing|ings)?,0,pass1_independent_readings_agree,,government,0.9167,dominant_voice_proxy,government,resolved,pass1_retained_sufficient_confidence,0.9167,,,,,
DISC-MEDIA-0111,Marikana Commission Another I Dont Know Marathon From Riah Phiyega,2013,Daily Maverick,https://www.dailymaverick.co.za/article/2013-04-19-marikana-commission-another-i-dont-know-marathon-from-riah-phiyega/,government,0.8838,dominant_voice_proxy,27.550,0.350,3.200,0.350,0.000,0,-2.19722,0,8,0,-2.23607,0,5,0,0.8867,false,computational_readings_agree,,,0,pass1_independent_readings_agree,,government,0.8838,dominant_voice_proxy,government,resolved,pass1_retained_sufficient_confidence,0.8838,,,,,
DISC-MEDIA-0327,Boston Exposes Saps Shortfall After Marikana,2013,Daily Maverick,https://www.dailymaverick.co.za/opinionista/2013-04-22-boston-exposes-saps-shortfall-after-marikana/,government,1.0000,dominant_voice_proxy,21.750,0.000,0.000,0.000,0.000,0,-2.94444,0,18,0,-3.74166,0,14,0,1.0000,false,computational_readings_agree,,,0,pass1_independent_readings_agree,,government,1.0000,dominant_voice_proxy,government,resolved,pass1_retained_sufficient_confidence,1.0000,,,,,
DISC-MEDIA-0112,Police Boss Before Marikana Operation There Will Be Bloodshed,2013,Daily Maverick,https://www.dailymaverick.co.za/article/2013-04-30-police-boss-before-marikana-operation-there-will-be-bloodshed/,government,0.4175,dominant_voice_proxy,20.000,4.250,0.000,11.650,0.000,0,-2.56495,0,12,0,-3.31662,0,11,0,1.0000,false,computational_readings_agree,,,0,pass1_independent_readings_agree,,government,0.4175,dominant_voice_proxy,government,resolved,pass1_retained_sufficient_confidence,0.4175,,,,,
DISC-MEDIA-0113,Marikana Unfreedom Day Land Occupation Ends In Violent Workers Day Eviction,2013,Daily Maverick,https://www.dailymaverick.co.za/article/2013-05-02-marikana-unfreedom-day-land-occupation-ends-in-violent-workers-day-eviction/,government,0.0000,dominant_voice_proxy,6.300,0.000,6.300,4.050,0.000,0,-2.80823,3,20,0,-5.24166,0,14,0,1.0000,true,stakeholder_voice_low_confidence,,(?:eviction|displacement|forced removal) | evict,0,pass1_independent_readings_agree,,government,0.0000,dominant_voice_proxy,labour,resolved,third_pass_unique_headline_subject,0.9500,0.000,0.000,0.000,1.000,0.000
DISC-MEDIA-0114,Marikana Commission Annandale In The Hot Seat,2013,Daily Maverick,https://www.dailymaverick.co.za/article/2013-05-03-marikana-commission-annandale-in-the-hot-seat/,government,0.9828,dominant_voice_proxy,20.400,0.000,0.000,0.350,0.000,0,-1.60944,1,9,0,-2.82843,0,8,0,0.8876,false,computational_readings_agree,,,0,pass1_independent_readings_agree,,government,0.9828,dominant_voice_proxy,government,resolved,pass1_retained_sufficient_confidence,0.9828,,,,,
DISC-MEDIA-0115,Marikana Commission Mpembe Threatened By Cops For Marikana Deaths,2013,Daily Maverick,https://www.dailymaverick.co.za/article/2013-05-07-marikana-commission-mpembe-threatened-by-cops-for-marikana-deaths/,government,0.8086,dominant_voice_proxy,27.950,2.850,0.350,5.350,0.000,0,-3.09591,1,13,0,-4.32843,0,8,0,1.0000,false,computational_readings_agree,,(?:massacre|killings?|shootings?|deaths?|torture) | death(?:s)?,0,pass1_independent_readings_agree,,government,0.8086,dominant_voice_proxy,government,resolved,pass1_retained_sufficient_confidence,0.8086,,,,,
DISC-MEDIA-0116,Marikana Commission The Death Toll Mounts,2013,Daily Maverick,https://www.dailymaverick.co.za/article/2013-05-08-marikana-commission-the-death-toll-mounts/,government,0.7350,dominant_voice_proxy,28.300,7.500,0.700,7.500,0.000,0,-3.78906,0,13,0,-4.81662,0,11,0,1.0000,false,computational_readings_agree,,(?:massacre|killings?|shootings?|deaths?|torture) | death(?:s)?,0,pass1_independent_readings_agree,,government,0.7350,dominant_voice_proxy,government,resolved,pass1_retained_sufficient_confidence,0.7350,,,,,
DISC-MEDIA-0530,Lonmin Welcomes Amcus Referral Of Union Negotiations To Ccma,2013,Engineering News,https://www.engineeringnews.co.za/article/lonmin-welcomes-amcus-referral-of-union-negotiations-to-ccma-2013-05-09,investor,0.1151,dominant_voice_proxy,2.500,12.600,0.000,11.150,0.000,1,1.79176,5,0,1,0.00000,0,0,1,0.3584,true,stakeholder_voice_low_confidence,,,1,pass1_independent_readings_agree,,investor,0.1151,dominant_voice_proxy,,unresolved,unresolved_stakeholder_voice_ambiguous,0.0309,3.800,19.400,0.000,18.800,0.000
DISC-MEDIA-0481,Lonmin Raises Full Year Output Guidance To 700 000 Oz,2013,Engineering News,https://www.engineeringnews.co.za/article/lonmin-raises-full-year-output-guidance-to-700-000-oz-2013-05-13,investor,0.5995,dominant_voice_proxy,2.850,18.600,0.000,7.450,0.000,1,1.25276,6,1,1,0.41421,2,1,1,0.3334,false,computational_readings_agree,,,1,pass1_independent_readings_agree,,investor,0.5995,dominant_voice_proxy,investor,resolved,pass1_retained_sufficient_confidence,0.5995,,,,,
DISC-MEDIA-0117,Marikana Fear And Terror At The Unions Battlefield,2013,Daily Maverick,https://www.dailymaverick.co.za/article/2013-05-14-marikana-fear-and-terror-at-the-unions-battlefield/,labour,0.6595,dominant_voice_proxy,6.750,22.050,4.600,64.750,0.000,0,-2.25129,1,18,0,-3.46410,0,12,0,1.0000,false,computational_readings_agree,,,0,pass1_independent_readings_agree,,labour,0.6595,dominant_voice_proxy,labour,resolved,pass1_retained_sufficient_confidence,0.6595,,,,,
SEC-MEDIA-0005,Negotiating Season Amcus Headache Mathunjwas Migraine,2013,Daily Maverick,https://www.dailymaverick.co.za/article/2013-05-14-negotiating-season-amcus-headache-mathunjwas-migraine/,labour,0.8333,dominant_voice_proxy,1.400,1.400,0.000,8.400,0.000,0,-1.50408,1,8,0,-1.00000,1,4,0,0.5008,false,computational_readings_agree,,,0,pass1_independent_readings_agree,,labour,0.8333,dominant_voice_proxy,labour,resolved,pass1_retained_sufficient_confidence,0.8333,,,,,
DISC-MEDIA-0328,Marikana A Downward Spiral,2013,Daily Maverick,https://www.dailymaverick.co.za/opinionista/2013-05-14-marikana-a-downward-spiral/,labour,0.7558,dominant_voice_proxy,4.200,3.500,0.350,17.200,0.000,0,-1.65823,3,20,0,-3.35890,1,19,0,1.0000,false,computational_readings_agree,,,0,pass1_independent_readings_agree,,labour,0.7558,dominant_voice_proxy,labour,resolved,pass1_retained_sufficient_confidence,0.7558,,,,,
DISC-MEDIA-0687,Workers At Lonmin Operations On Wildcat Strike,2013,Engineering News,https://www.engineeringnews.co.za/article/workers-at-lonmin-operations-on-wildcat-strike-2013-05-14,labour,0.2232,dominant_voice_proxy,0.000,8.700,0.000,11.200,0.000,0,-2.24861,0,2,0,-2.91421,0,2,0,1.0000,false,computational_readings_agree,,(?:strike|protest|unrest|industrial action) | strike,0,pass1_independent_readings_agree,,labour,0.2232,dominant_voice_proxy,labour,resolved,pass1_retained_sufficient_confidence,0.2232,,,,,
DISC-MEDIA-0540,Lonmins Strike Ends Amplats Braced For Trouble,2013,Engineering News,https://www.engineeringnews.co.za/article/lonmins-strike-ends-amplats-braced-for-trouble-2013-05-16,labour,0.0719,dominant_voice_proxy,0.350,13.550,0.000,14.600,0.000,0,-3.22944,0,7,0,-4.14575,0,7,0,1.0000,true,stakeholder_voice_low_confidence,,(?:strike|protest|unrest|industrial action) | strike,0,pass1_independent_readings_agree,,labour,0.0719,dominant_voice_proxy,,unresolved,unresolved_stakeholder_voice_ambiguous,0.1345,0.800,20.600,0.000,23.800,0.000
DISC-MEDIA-0584,Ministers To Visit Marikana,2013,Engineering News,https://www.engineeringnews.co.za/article/ministers-to-visit-marikana-2013-05-16,government,0.6719,dominant_voice_proxy,6.400,0.700,0.000,2.100,0.000,0,-1.09861,1,5,0,-1.73205,0,3,0,0.5661,false,computational_readings_agree,,,0,pass1_independent_readings_agree,,government,0.6719,dominant_voice_proxy,government,resolved,pass1_retained_sufficient_confidence,0.6719,,,,,
SEC-MEDIA-0233,Amcu Threatens To Bring South Africa To Standstill,2013,Engineering News,https://www.engineeringnews.co.za/article/amcu-threatens-to-bring-south-africa-to-standstill-2013-05-17,labour,0.9235,dominant_voice_proxy,0.700,3.200,0.000,41.850,0.000,0,-2.19722,0,8,0,-2.64575,0,7,0,0.9686,false,computational_readings_agree,,,0,pass1_independent_readings_agree,,labour,0.9235,dominant_voice_proxy,labour,resolved,pass1_retained_sufficient_confidence,0.9235,,,,,
DISC-MEDIA-0329,Welcome To Marikana Cape Town,2013,Daily Maverick,https://www.dailymaverick.co.za/opinionista/2013-05-22-welcome-to-marikana-cape-town/,community,0.8421,dominant_voice_proxy,1.050,0.000,6.650,0.700,0.000,0,-1.25276,1,6,0,-1.73205,0,3,0,0.5970,false,computational_readings_agree,,,0,pass1_independent_readings_agree,,community,0.8421,dominant_voice_proxy,community,resolved,pass1_retained_sufficient_confidence,0.8421,,,,,
DISC-MEDIA-0420,Lonmin Amcu Fail To Reach Agreement On Union Recognition,2013,Engineering News,https://www.engineeringnews.co.za/article/lonmin-amcu-fail-to-reach-agreement-on-union-recognition-2013-05-22,investor,0.2934,dominant_voice_proxy,0.350,12.950,0.000,9.150,0.000,1,3.09591,6,0,1,1.41421,2,0,1,0.9020,false,computational_readings_agree,agreement,,1,pass1_independent_readings_agree,,investor,0.2934,dominant_voice_proxy,investor,resolved,pass1_retained_sufficient_confidence,0.2934,,,,,
DISC-MEDIA-0591,Num Has Until July To Regain Majority At Lonmin,2013,Engineering News,https://www.engineeringnews.co.za/article/num-has-until-july-to-regain-majority-at-lonmin-2013-05-29,labour,0.4049,dominant_voice_proxy,0.350,19.400,0.000,32.600,0.000,1,1.09861,2,0,1,0.00000,0,0,1,0.2197,false,computational_readings_agree,,,1,pass1_independent_readings_agree,,labour,0.4049,dominant_voice_proxy,labour,resolved,pass1_retained_sufficient_confidence,0.4049,,,,,
DISC-MEDIA-0119,Num Amcu Marikana Tis The Season To Be Bloody,2013,Daily Maverick,https://www.dailymaverick.co.za/article/2013-06-04-num-amcu-marikana-tis-the-season-to-be-bloody/,labour,0.8778,dominant_voice_proxy,3.900,5.250,3.550,42.950,0.000,0,-2.56495,0,12,0,-2.64575,0,7,0,1.0000,false,computational_readings_agree,,,0,pass1_independent_readings_agree,,labour,0.8778,dominant_voice_proxy,labour,resolved,pass1_retained_sufficient_confidence,0.8778,,,,,
DISC-MEDIA-0371,Amcu Threatens To Strike At Lonmin Operations,2013,Engineering News,https://www.engineeringnews.co.za/article/amcu-threatens-to-strike-at-lonmin-operations-2013-06-06,labour,0.3759,dominant_voice_proxy,0.350,8.300,0.000,13.300,0.000,0,-0.99585,6,5,0,-3.73607,0,5,0,0.9464,false,computational_readings_agree,,(?:strike|protest|unrest|industrial action) | strike,0,pass1_independent_readings_agree,,labour,0.3759,dominant_voice_proxy,labour,resolved,pass1_retained_sufficient_confidence,0.3759,,,,,
DISC-MEDIA-0120,Back To Square One Another Lonmin Strike Looms,2013,Daily Maverick,https://www.dailymaverick.co.za/article/2013-06-07-back-to-square-one-another-lonmin-strike-looms/,labour,0.3099,dominant_voice_proxy,0.700,44.650,0.350,64.700,0.000,0,-1.31705,10,12,0,-3.40241,2,11,0,0.9439,false,computational_readings_agree,,(?:strike|protest|unrest|industrial action) | strike,0,pass1_independent_readings_agree,,labour,0.3099,dominant_voice_proxy,labour,resolved,pass1_retained_sufficient_confidence,0.3099,,,,,
DISC-MEDIA-0121,The Other Marikana,2013,Daily Maverick,https://www.dailymaverick.co.za/article/2013-06-21-the-other-marikana/,government,0.0000,dominant_voice_proxy,3.550,0.000,3.550,0.000,0.000,0,-0.51083,2,4,0,-2.00000,0,4,0,0.5022,true,stakeholder_voice_low_confidence,,,0,pass1_independent_readings_agree,,government,0.0000,dominant_voice_proxy,community,resolved,third_pass_attributed_voice_clear_margin,0.7500,3.000,0.000,5.400,0.000,0.000
SEC-MEDIA-0184,Amcu Outdoes Num Demands 150 Pay Rise For Entry Level Gold Miners,2013,Engineering News,https://www.engineeringnews.co.za/article/amcu-outdoes-num-demands-150-pay-rise-for-entry-level-gold-miners-2013-06-25,labour,0.8736,dominant_voice_proxy,0.000,5.700,0.350,45.100,0.000,1,0.22314,4,3,0,-1.41421,0,2,,0.1439,true,stance_readings_disagree_or_low_margin,,,0,third_computational_adjudication_clear_margin,-0.431800,labour,0.8736,dominant_voice_proxy,labour,resolved,pass1_retained_sufficient_confidence,0.8736,,,,,
SEC-MEDIA-0007,Agreement For A Sustainable Mining Industry Amcu Needs More Time,2013,Daily Maverick,https://www.dailymaverick.co.za/article/2013-07-04-agreement-for-a-sustainable-mining-industry-amcu-needs-more-time/,labour,0.6466,dominant_voice_proxy,4.600,8.200,0.000,23.200,0.000,1,3.02180,12,1,1,0.00000,1,1,1,0.6044,false,computational_readings_agree,agreement,,1,pass1_independent_readings_agree,,labour,0.6466,dominant_voice_proxy,labour,resolved,pass1_retained_sufficient_confidence,0.6466,,,,,
DISC-MEDIA-0122,As Farlam Returns The Truth About The Massacre Remains A Distant Perhaps Impossible Goal,2013,Daily Maverick,https://www.dailymaverick.co.za/article/2013-07-12-as-farlam-returns-the-truth-about-the-massacre-remains-a-distant-perhaps-impossible-goal/,government,0.9218,dominant_voice_proxy,35.800,1.050,1.050,0.000,2.800,0,-2.53629,2,11,0,-3.14575,1,7,0,1.0000,false,computational_readings_agree,,(?:massacre|killings?|shootings?|deaths?|torture) | massacre,0,pass1_independent_readings_agree,,government,0.9218,dominant_voice_proxy,government,resolved,pass1_retained_sufficient_confidence,0.9218,,,,,
DISC-MEDIA-0123,The Truth Endangered Miners Representatives Withdraw From Farlam Commission,2013,Daily Maverick,https://www.dailymaverick.co.za/article/2013-07-18-the-truth-endangered-miners-representatives-withdraw-from-farlam-commission/,government,0.9132,dominant_voice_proxy,12.100,0.350,1.050,0.700,1.050,0,-1.09861,0,2,0,-1.41421,0,2,0,0.5026,false,computational_readings_agree,,,0,pass1_independent_readings_agree,,government,0.9132,dominant_voice_proxy,government,resolved,pass1_retained_sufficient_confidence,0.9132,,,,,
DISC-MEDIA-0124,The Issue Of Marikana Commission Funding Could Go To Constitutional Court,2013,Daily Maverick,https://www.dailymaverick.co.za/article/2013-07-19-the-issue-of-marikana-commission-funding-could-go-to-constitutional-court/,government,0.6562,dominant_voice_proxy,17.600,0.000,2.500,6.050,2.500,0,-1.38629,0,3,0,-1.00000,0,1,0,0.4773,false,computational_readings_agree,,,0,pass1_independent_readings_agree,,government,0.6562,dominant_voice_proxy,government,resolved,pass1_retained_sufficient_confidence,0.6562,,,,,
DISC-MEDIA-0330,Marikana Commission More Questions Than Answers,2013,Daily Maverick,https://www.dailymaverick.co.za/opinionista/2013-08-01-marikana-commission-more-questions-than-answers/,government,0.8550,dominant_voice_proxy,19.650,1.050,2.850,2.500,0.000,0,-1.09861,0,2,0,-1.41421,0,2,0,0.5026,false,computational_readings_agree,,,0,pass1_independent_readings_agree,,government,0.8550,dominant_voice_proxy,government,resolved,pass1_retained_sufficient_confidence,0.8550,,,,,
DISC-MEDIA-0125,Another Week Another Murder In Marikana,2013,Daily Maverick,https://www.dailymaverick.co.za/article/2013-08-13-another-week-another-murder-in-marikana/,labour,0.4439,dominant_voice_proxy,3.550,5.700,5.700,10.250,0.000,0,-2.48491,0,11,0,-2.82843,0,8,0,1.0000,false,computational_readings_agree,,,0,pass1_independent_readings_agree,,labour,0.4439,dominant_voice_proxy,labour,resolved,pass1_retained_sufficient_confidence,0.4439,,,,,
DISC-MEDIA-0126,Marikana Prepares To Honour The Fallen,2013,Daily Maverick,https://www.dailymaverick.co.za/article/2013-08-14-marikana-prepares-to-honour-the-fallen/,labour,0.7508,dominant_voice_proxy,11.350,3.200,5.350,45.550,0.000,0,-2.63906,0,13,0,-3.16228,0,10,0,1.0000,false,computational_readings_agree,,,0,pass1_independent_readings_agree,,labour,0.7508,dominant_voice_proxy,labour,resolved,pass1_retained_sufficient_confidence,0.7508,,,,,
DISC-MEDIA-0331,2014 The Marikana Vote,2013,Daily Maverick,https://www.dailymaverick.co.za/opinionista/2013-08-15-2014-the-marikana-vote/,government,0.0902,dominant_voice_proxy,6.650,6.050,0.350,6.000,0.000,0,-3.13549,0,22,0,-4.00000,0,16,0,1.0000,true,stakeholder_voice_low_confidence,,,0,pass1_independent_readings_agree,,government,0.0902,dominant_voice_proxy,,unresolved,unresolved_stakeholder_voice_ambiguous,0.2333,2.400,6.000,0.000,4.600,0.000
DISC-MEDIA-0127,Images Of Marikana August 16 2013,2013,Daily Maverick,https://www.dailymaverick.co.za/article/2013-08-16-images-of-marikana-august-16-2013/,labour,0.2205,dominant_voice_proxy,4.950,2.450,0.000,6.350,0.000,0,-2.07944,0,7,0,-2.23607,0,5,0,0.8631,false,computational_readings_agree,,,0,pass1_independent_readings_agree,,labour,0.2205,dominant_voice_proxy,labour,resolved,pass1_retained_sufficient_confidence,0.2205,,,,,
DISC-MEDIA-0128,Marikana The Lives Of Others,2013,Daily Maverick,https://www.dailymaverick.co.za/article/2013-08-16-marikana-the-lives-of-others/,labour,0.3478,dominant_voice_proxy,3.200,3.900,6.000,9.200,0.000,0,-1.38629,2,11,0,-3.16228,0,10,0,0.9097,false,computational_readings_agree,,,0,pass1_independent_readings_agree,,labour,0.3478,dominant_voice_proxy,labour,resolved,pass1_retained_sufficient_confidence,0.3478,,,,,
DISC-MEDIA-0129,Marikana To Anc We Dont Want You Anyway,2013,Daily Maverick,https://www.dailymaverick.co.za/article/2013-08-16-marikana-to-anc-we-dont-want-you-anyway/,labour,0.7299,dominant_voice_proxy,0.700,6.050,2.500,22.400,0.000,0,-0.55962,3,6,0,-1.23607,1,5,0,0.3591,false,computational_readings_agree,,,0,pass1_independent_readings_agree,,labour,0.7299,dominant_voice_proxy,labour,resolved,pass1_retained_sufficient_confidence,0.7299,,,,,
DISC-MEDIA-0130,Marikana Healing Sans Government The Anc Or Num,2013,Daily Maverick,https://www.dailymaverick.co.za/article/2013-08-19-marikana-healing-sans-government-the-anc-or-num/,labour,0.4718,dominant_voice_proxy,5.100,8.900,1.750,16.850,0.000,0,-0.29692,3,16,0,-0.69134,2,13,0,0.1977,false,computational_readings_agree,(?:healing|renewal|reconciliation|remediation|redress|compensation|restorative) | healing,,0,pass1_independent_readings_agree,,labour,0.4718,dominant_voice_proxy,labour,resolved,pass1_retained_sufficient_confidence,0.4718,,,,,
DISC-MEDIA-0131,When Theatre Met The Marikana Massacre,2013,Daily Maverick,https://www.dailymaverick.co.za/article/2013-08-21-when-theatre-met-the-marikana-massacre/,investor,0.3294,dominant_voice_proxy,2.850,4.250,1.050,2.100,0.000,0,-3.92259,0,15,0,-4.96410,0,12,0,1.0000,false,computational_readings_agree,,(?:massacre|killings?|shootings?|deaths?|torture) | massacre,0,pass1_independent_readings_agree,,investor,0.3294,dominant_voice_proxy,investor,resolved,pass1_retained_sufficient_confidence,0.3294,,,,,
DISC-MEDIA-0332,Is There Hope For The Marikana Commission,2013,Daily Maverick,https://www.dailymaverick.co.za/opinionista/2013-08-23-is-there-hope-for-the-marikana-commission/,government,0.7960,dominant_voice_proxy,17.400,3.550,1.050,1.750,0.000,0,-2.19722,0,8,0,-2.00000,0,4,0,0.8394,false,computational_readings_agree,,,0,pass1_independent_readings_agree,,government,0.7960,dominant_voice_proxy,government,resolved,pass1_retained_sufficient_confidence,0.7960,,,,,
DISC-MEDIA-0132,Citizens4Marikana Crowdfunding For Miners Legal Fees,2013,Daily Maverick,https://www.dailymaverick.co.za/article/2013-08-28-citizens4marikana-crowdfunding-for-miners-legal-fees/,government,0.6522,dominant_voice_proxy,27.600,6.400,0.350,9.600,0.000,0,-1.94591,0,6,0,-2.23607,0,5,0,0.8364,false,computational_readings_agree,,,0,pass1_independent_readings_agree,,government,0.6522,dominant_voice_proxy,government,resolved,pass1_retained_sufficient_confidence,0.6522,,,,,
DISC-MEDIA-0333,The Marikana Commission Funding Farce An Injustice To Citizens,2013,Daily Maverick,https://www.dailymaverick.co.za/opinionista/2013-08-30-the-marikana-commission-funding-farce-an-injustice-to-citizens/,government,0.9665,dominant_voice_proxy,10.450,0.350,0.000,0.000,0.000,0,-0.69315,0,1,0,-1.00000,0,1,0,0.3386,false,computational_readings_agree,,,0,pass1_independent_readings_agree,,government,0.9665,dominant_voice_proxy,government,resolved,pass1_retained_sufficient_confidence,0.9665,,,,,
DISC-MEDIA-0625,Sa Mining Challenges About Far More Than Marikana Migrant Labour Manuel,2013,Engineering News,https://www.engineeringnews.co.za/article/sa-mining-challenges-about-far-more-than-marikana-migrant-labour-manuel-2013-08-30,labour,0.2934,dominant_voice_proxy,8.550,3.200,3.200,12.100,0.000,0,-0.91629,1,4,0,-2.00000,0,4,0,0.5833,false,computational_readings_agree,,,0,pass1_independent_readings_agree,,labour,0.2934,dominant_voice_proxy,labour,resolved,pass1_retained_sufficient_confidence,0.2934,,,,,
SEC-MEDIA-0008,All That Glitters Compromises In Gold Strike Amcu Claims Conspiracy,2013,Daily Maverick,https://www.dailymaverick.co.za/article/2013-09-05-all-that-glitters-compromises-in-gold-strike-amcu-claims-conspiracy/,labour,0.9465,dominant_voice_proxy,0.000,3.550,0.000,66.400,0.000,0,-0.74453,8,5,0,-3.50000,0,4,0,0.8489,false,computational_readings_agree,,(?:strike|protest|unrest|industrial action) | strike,0,pass1_independent_readings_agree,,labour,0.9465,dominant_voice_proxy,labour,resolved,pass1_retained_sufficient_confidence,0.9465,,,,,
DISC-MEDIA-0133,Marikana Injured Step Up Their Fight For Legal Help And Ultimately Farlam Commissions Relevance,2013,Daily Maverick,https://www.dailymaverick.co.za/article/2013-09-06-marikana-injured-step-up-their-fight-for-legal-help-and-ultimately-farlam-commissions-relevance/,government,0.2168,dominant_voice_proxy,11.300,0.000,1.050,8.850,0.000,0,-0.69315,1,3,0,-1.41421,0,2,0,0.4215,false,computational_readings_agree,,,0,pass1_independent_readings_agree,,government,0.2168,dominant_voice_proxy,government,resolved,pass1_retained_sufficient_confidence,0.2168,,,,,
DISC-MEDIA-0134,Cyril Remember Marikana,2013,Daily Maverick,https://www.dailymaverick.co.za/article/2013-09-11-cyril-remember-marikana/,government,0.2336,dominant_voice_proxy,10.700,0.700,5.000,8.200,0.000,0,-1.60944,0,4,0,-2.00000,0,4,0,0.7219,false,computational_readings_agree,,,0,pass1_independent_readings_agree,,government,0.2336,dominant_voice_proxy,government,resolved,pass1_retained_sufficient_confidence,0.2336,,,,,
DISC-MEDIA-0135,Marikana Police Lied Faked Farlam Commission Evidence,2013,Daily Maverick,https://www.dailymaverick.co.za/article/2013-09-20-marikana-police-lied-faked-farlam-commission-evidence/,government,0.9873,dominant_voice_proxy,27.650,0.000,0.000,0.350,0.000,0,-1.38629,0,3,0,-1.41421,0,2,0,0.5601,false,computational_readings_agree,,,0,pass1_independent_readings_agree,,government,0.9873,dominant_voice_proxy,government,resolved,pass1_retained_sufficient_confidence,0.9873,,,,,
SEC-MEDIA-0327,False Evidence By Saps To Implicate Amcu In Threats To Kill Police Officers,2013,Engineering News,https://www.engineeringnews.co.za/article/false-evidence-by-saps-to-implicate-amcu-in-threats-to-kill-police-officers-2013-09-23,government,0.4780,dominant_voice_proxy,15.900,0.350,0.000,8.300,0.000,0,-3.34722,0,8,0,-2.82843,0,8,0,1.0000,false,computational_readings_agree,,kill(?:ed|ing|ings)?,0,pass1_independent_readings_agree,,government,0.4780,dominant_voice_proxy,government,resolved,pass1_retained_sufficient_confidence,0.4780,,,,,
DISC-MEDIA-0136,Marikana Malemas 2014 Battle Begins,2013,Daily Maverick,https://www.dailymaverick.co.za/article/2013-10-14-marikana-malemas-2014-battle-begins/,government,0.6667,dominant_voice_proxy,1.050,0.000,0.350,0.350,0.000,0,-2.19722,0,8,0,-1.00000,1,4,0,0.6394,false,computational_readings_agree,,,0,pass1_independent_readings_agree,,government,0.6667,dominant_voice_proxy,government,resolved,pass1_retained_sufficient_confidence,0.6667,,,,,
DISC-MEDIA-0137,Marikana Commission Chronicle Of Death Foretold And Planned For By Saps,2013,Daily Maverick,https://www.dailymaverick.co.za/article/2013-10-15-marikana-commission-chronicle-of-death-foretold-and-planned-for-by-saps/,government,0.3706,dominant_voice_proxy,25.500,7.850,2.500,16.050,0.000,0,-3.63491,0,11,0,-4.66228,0,10,0,1.0000,false,computational_readings_agree,,(?:massacre|killings?|shootings?|deaths?|torture) | death(?:s)?,0,pass1_independent_readings_agree,,government,0.3706,dominant_voice_proxy,government,resolved,pass1_retained_sufficient_confidence,0.3706,,,,,
DISC-MEDIA-0138,The State Vs The People Vs The Police Finally Court Victory For Marikana Survivors,2013,Daily Maverick,https://www.dailymaverick.co.za/article/2013-10-15-the-state-vs-the-people-vs-the-police-finally-court-victory-for-marikana-survivors/,government,0.8995,dominant_voice_proxy,41.800,3.200,1.050,4.200,0.000,0,-0.28768,2,3,0,-0.41421,1,2,,0.1128,true,stance_readings_disagree_or_low_margin,,,0,third_computational_adjudication_clear_margin,-0.338292,government,0.8995,dominant_voice_proxy,government,resolved,pass1_retained_sufficient_confidence,0.8995,,,,,
DISC-MEDIA-0139,Marikana Massacre 55 Seconds Later Cease Fire What Cease Fire,2013,Daily Maverick,https://www.dailymaverick.co.za/article/2013-11-06-marikana-massacre-55-seconds-later-cease-fire-what-cease-fire/,government,0.9219,dominant_voice_proxy,13.450,0.000,0.000,1.050,0.000,0,-3.09591,0,6,0,-3.94949,0,6,0,1.0000,false,computational_readings_agree,,(?:massacre|killings?|shootings?|deaths?|torture) | massacre,0,pass1_independent_readings_agree,,government,0.9219,dominant_voice_proxy,government,resolved,pass1_retained_sufficient_confidence,0.9219,,,,,
DISC-MEDIA-0503,Lonmin Share Price Rises As Company Reports Higher Fy Production Earnings,2013,Engineering News,https://www.engineeringnews.co.za/article/lonmin-share-price-rises-as-company-reports-higher-fy-production-earnings-2013-11-11,investor,0.7415,dominant_voice_proxy,2.500,23.400,0.000,6.050,0.000,0,-0.69315,1,3,0,-1.73205,0,3,0,0.4850,false,computational_readings_agree,,,0,pass1_independent_readings_agree,,investor,0.7415,dominant_voice_proxy,investor,resolved,pass1_retained_sufficient_confidence,0.7415,,,,,
DISC-MEDIA-0140,Seris Fight For Justice And Reconciliation From The Trc To Farlam,2013,Daily Maverick,https://www.dailymaverick.co.za/article/2013-11-28-seris-fight-for-justice-and-reconciliation-from-the-trc-to-farlam/,government,0.2159,dominant_voice_proxy,11.350,3.550,8.900,2.500,6.750,0,-2.19722,0,8,1,2.14575,7,4,,0.1533,true,stance_readings_disagree_or_low_margin,(?:healing|renewal|reconciliation|remediation|redress|compensation|restorative),,0,third_computational_adjudication_clear_margin,-0.460032,government,0.2159,dominant_voice_proxy,government,resolved,pass1_retained_sufficient_confidence,0.2159,,,,,
SEC-MEDIA-0372,Implats Says Amcu Wage Talks To Resume In 2014,2013,Engineering News,https://www.engineeringnews.co.za/article/implats-says-amcu-wage-talks-to-resume-in-2014-2013-12-12,labour,0.7909,dominant_voice_proxy,0.350,3.900,0.000,18.650,0.000,0,-1.60944,0,4,0,-1.73205,0,3,0,0.6683,false,computational_readings_agree,,,0,pass1_independent_readings_agree,,labour,0.7909,dominant_voice_proxy,labour,resolved,pass1_retained_sufficient_confidence,0.7909,,,,,
SEC-MEDIA-0010,Platinum Politics Under Pressure To Deliver Amcu Shifts To Damage Control,2014,Daily Maverick,https://www.dailymaverick.co.za/article/2014-01-14-platinum-politics-under-pressure-to-deliver-amcu-shifts-to-damage-control/,labour,0.9117,dominant_voice_proxy,0.000,3.900,0.350,44.150,0.000,0,-2.19722,0,8,0,-2.64575,0,7,0,0.9686,false,computational_readings_agree,,,0,pass1_independent_readings_agree,,labour,0.9117,dominant_voice_proxy,labour,resolved,pass1_retained_sufficient_confidence,0.9117,,,,,
SEC-MEDIA-0198,Amcu Reiterates Implats Strike Threat,2014,Engineering News,https://www.engineeringnews.co.za/article/amcu-reiterates-implats-strike-threat-2014-01-15,labour,0.8452,dominant_voice_proxy,2.500,1.050,0.000,16.150,0.000,0,-2.53629,0,3,0,-3.23205,0,3,0,1.0000,false,computational_readings_agree,,(?:strike|protest|unrest|industrial action) | strike,0,pass1_independent_readings_agree,,labour,0.8452,dominant_voice_proxy,labour,resolved,pass1_retained_sufficient_confidence,0.8452,,,,,
SEC-MEDIA-0229,Amcu Strike Extends To The Gold Sector As Strike Notices Issued,2014,Engineering News,https://www.engineeringnews.co.za/article/amcu-strike-extends-to-the-gold-sector-as-strike-notices-issued-2014-01-20,labour,0.7132,dominant_voice_proxy,2.500,3.900,0.000,13.600,0.000,0,-1.62000,4,7,0,-2.73154,2,7,0,0.8703,false,computational_readings_agree,,(?:strike|protest|unrest|industrial action) | strike,0,pass1_independent_readings_agree,,labour,0.7132,dominant_voice_proxy,labour,resolved,pass1_retained_sufficient_confidence,0.7132,,,,,
SEC-MEDIA-1029,Third Amcu Strike Will Lift Number Of Striking Workers To 80 000 Union,2014,Engineering News,https://www.engineeringnews.co.za/article/third-amcu-strike-will-lift-number-of-striking-workers-to-80-000-union-2014-01-20,labour,0.4552,dominant_voice_proxy,0.700,14.600,0.000,26.800,0.000,0,-3.09591,1,13,0,-4.10555,1,13,0,1.0000,false,computational_readings_agree,,(?:strike|protest|unrest|industrial action) | strike,0,pass1_independent_readings_agree,,labour,0.4552,dominant_voice_proxy,labour,resolved,pass1_retained_sufficient_confidence,0.4552,,,,,
SEC-MEDIA-0011,Platinum Strikes To Amcu Its About More Than Just The Money,2014,Daily Maverick,https://www.dailymaverick.co.za/article/2014-01-22-platinum-strikes-to-amcu-its-about-more-than-just-the-money/,labour,0.8079,dominant_voice_proxy,1.750,8.550,2.850,44.500,0.000,0,-4.19452,0,20,0,-5.97214,0,20,0,1.0000,false,computational_readings_agree,,(?:strike|protest|unrest|industrial action) | strike,0,pass1_independent_readings_agree,,labour,0.8079,dominant_voice_proxy,labour,resolved,pass1_retained_sufficient_confidence,0.8079,,,,,
SEC-MEDIA-0389,Labour Court Puts Temporary Hold On Amcus Planned Gold Strike,2014,Engineering News,https://www.engineeringnews.co.za/article/labour-court-puts-temporary-hold-on-amcus-planned-gold-strike-2014-01-22,labour,0.7344,dominant_voice_proxy,0.000,4.250,0.000,16.000,0.000,0,-2.40276,1,6,0,-4.14575,0,7,0,1.0000,false,computational_readings_agree,,(?:strike|protest|unrest|industrial action) | strike,0,pass1_independent_readings_agree,,labour,0.7344,dominant_voice_proxy,labour,resolved,pass1_retained_sufficient_confidence,0.7344,,,,,
DISC-MEDIA-0142,Amcu At Marikana Malibelinye Linye Asiye In One Voice We Are Not Going,2014,Daily Maverick,https://www.dailymaverick.co.za/article/2014-01-24-amcu-at-marikana-malibelinye-linye-asiye-in-one-voice-we-are-not-going/,labour,0.9424,dominant_voice_proxy,0.000,0.700,0.350,12.150,0.000,0,-2.07944,0,7,0,-2.64575,0,7,0,0.9450,false,computational_readings_agree,,,0,pass1_independent_readings_agree,,labour,0.9424,dominant_voice_proxy,labour,resolved,pass1_retained_sufficient_confidence,0.9424,,,,,
SEC-MEDIA-0293,Ccma Facilitated Talks Continue Constructively Amcu Expects New Offer,2014,Engineering News,https://www.engineeringnews.co.za/article/ccma-facilitated-talks-continue-constructively-amcu-expects-new-offer-2014-01-28,labour,0.5921,dominant_voice_proxy,0.350,6.750,0.000,16.550,0.000,0,-1.60944,0,4,0,-2.00000,0,4,0,0.7219,false,computational_readings_agree,,,0,pass1_independent_readings_agree,,labour,0.5921,dominant_voice_proxy,labour,resolved,pass1_retained_sufficient_confidence,0.5921,,,,,
SEC-MEDIA-0012,Amcu Holds Firm On Platinum Strike,2014,Daily Maverick,https://www.dailymaverick.co.za/article/2014-01-30-amcu-holds-firm-on-platinum-strike/,labour,0.9143,dominant_voice_proxy,2.850,3.550,0.000,41.400,0.000,0,-2.53629,2,11,0,-4.96410,0,12,0,1.0000,false,computational_readings_agree,,(?:strike|protest|unrest|industrial action) | strike,0,pass1_independent_readings_agree,,labour,0.9143,dominant_voice_proxy,labour,resolved,pass1_retained_sufficient_confidence,0.9143,,,,,
DISC-MEDIA-0512,Lonmin Takes Stock Highlights Focus On Improving Living Conditions,2014,Engineering News,https://www.engineeringnews.co.za/article/lonmin-takes-stock-highlights-focus-on-improving-living-conditions-2014-02-04,investor,0.4039,dominant_voice_proxy,2.500,17.950,0.350,10.700,0.000,0,-0.91629,1,4,0,-2.00000,0,4,0,0.5833,false,computational_readings_agree,,,0,pass1_independent_readings_agree,,investor,0.4039,dominant_voice_proxy,investor,resolved,pass1_retained_sufficient_confidence,0.4039,,,,,
SEC-MEDIA-0493,Platinum Strikes Costing Sa R400 Milion A Day,2014,Engineering News,https://www.engineeringnews.co.za/article/platinum-strikes-costing-sa-r400-milion-a-day-2014-02-04,labour,0.1522,dominant_voice_proxy,3.900,1.400,0.000,4.600,0.000,0,-1.70962,3,6,0,-2.73607,1,5,0,0.8891,false,computational_readings_agree,,(?:strike|protest|unrest|industrial action) | strike,0,pass1_independent_readings_agree,,labour,0.1522,dominant_voice_proxy,labour,resolved,pass1_retained_sufficient_confidence,0.1522,,,,,
DISC-MEDIA-0143,Higher Stocks Give Lonmin Breathing Space During Strike,2014,Daily Maverick,https://www.dailymaverick.co.za/article/2014-02-05-higher-stocks-give-lonmin-breathing-space-during-strike/,labour,0.2864,dominant_voice_proxy,2.500,7.600,0.000,10.650,0.000,0,-3.09591,0,6,0,-3.73607,0,5,0,1.0000,false,computational_readings_agree,,(?:strike|protest|unrest|industrial action) | strike,0,pass1_independent_readings_agree,,labour,0.2864,dominant_voice_proxy,labour,resolved,pass1_retained_sufficient_confidence,0.2864,,,,,
SEC-MEDIA-0178,Amcu Miner Shot Dead In Limpopo Amplats,2014,Engineering News,https://www.engineeringnews.co.za/article/amcu-miner-shot-dead-in-limpopo-amplats-2014-02-10,labour,0.4900,dominant_voice_proxy,6.400,6.050,2.850,12.550,0.000,0,-2.39790,0,10,0,-3.00000,0,9,0,1.0000,false,computational_readings_agree,,,0,pass1_independent_readings_agree,,labour,0.4900,dominant_voice_proxy,labour,resolved,pass1_retained_sufficient_confidence,0.4900,,,,,
SEC-MEDIA-0516,Sa Platinum Firms To Meet Mediators Tuesday Amcu,2014,Engineering News,https://www.engineeringnews.co.za/article/sa-platinum-firms-to-meet-mediators-tuesday-amcu-2014-02-10,labour,0.7912,dominant_voice_proxy,2.850,1.400,0.000,13.650,0.000,0,-0.40547,1,2,0,-0.41421,1,2,,0.1363,true,stance_readings_disagree_or_low_margin,,,0,third_computational_adjudication_clear_margin,-0.408966,labour,0.7912,dominant_voice_proxy,labour,resolved,pass1_retained_sufficient_confidence,0.7912,,,,,
SEC-MEDIA-0228,Amcu Strike Could Force Closure Of Platinum Companies Warns Uasa,2014,Engineering News,https://www.engineeringnews.co.za/article/amcu-strike-could-force-closure-of-platinum-companies-warns-uasa-2014-02-12,labour,0.9094,dominant_voice_proxy,2.500,1.750,0.000,27.600,0.000,0,-1.66083,2,4,0,-2.73607,1,5,0,0.8794,false,computational_readings_agree,,(?:strike|protest|unrest|industrial action) | strike,0,pass1_independent_readings_agree,,labour,0.9094,dominant_voice_proxy,labour,resolved,pass1_retained_sufficient_confidence,0.9094,,,,,
SEC-MEDIA-0317,Dol Denies Amcu Deregistration Claims,2014,Engineering News,https://www.engineeringnews.co.za/article/dol-denies-amcu-deregistration-claims-2014-02-13,labour,0.7424,dominant_voice_proxy,2.500,4.250,0.000,16.500,0.000,0,-0.40547,1,2,0,-0.41421,1,2,,0.1363,true,stance_readings_disagree_or_low_margin,,,0,third_computational_adjudication_clear_margin,-0.408966,labour,0.7424,dominant_voice_proxy,labour,resolved,pass1_retained_sufficient_confidence,0.7424,,,,,
SEC-MEDIA-0265,Amplats Sues Amcu Union For Platinum Strike Damages,2014,Engineering News,https://www.engineeringnews.co.za/article/amplats-sues-amcu-union-for-platinum-strike-damages-2014-02-17,labour,0.8655,dominant_voice_proxy,3.200,4.250,0.000,31.600,0.000,0,-3.22944,0,7,0,-3.94949,0,6,0,1.0000,false,computational_readings_agree,,(?:strike|protest|unrest|industrial action) | strike,0,pass1_independent_readings_agree,,labour,0.8655,dominant_voice_proxy,labour,resolved,pass1_retained_sufficient_confidence,0.8655,,,,,
SEC-MEDIA-1044,Unions Slate Amplats State For Legal Attacks On Amcu,2014,Engineering News,https://www.engineeringnews.co.za/article/unions-slate-amplats-state-for-legal-attacks-on-amcu-2014-02-19,labour,0.6626,dominant_voice_proxy,8.350,2.850,0.000,24.750,0.000,0,-2.19722,0,8,0,-2.82843,0,8,0,1.0000,false,computational_readings_agree,,,0,pass1_independent_readings_agree,,labour,0.6626,dominant_voice_proxy,labour,resolved,pass1_retained_sufficient_confidence,0.6626,,,,,
SEC-MEDIA-0254,Amcu Willing To Move On Wage Demands Wants To Negotiate Directly With Ceos,2014,Engineering News,https://www.engineeringnews.co.za/article/amcu-willing-to-move-on-wage-demands-wants-to-negotiate-directly-with-ceos-2014-02-20,labour,0.8799,dominant_voice_proxy,1.400,2.450,0.000,20.400,0.000,0,-0.40547,3,5,0,-3.94949,0,6,0,0.8710,false,computational_readings_agree,,"(?:wage|pay).{0,30}(?:dispute|demand|strike)",0,pass1_independent_readings_agree,,labour,0.8799,dominant_voice_proxy,labour,resolved,pass1_retained_sufficient_confidence,0.8799,,,,,
SEC-MEDIA-0524,Shabangu Denies Encouraging Amplats To Sue Amcu,2014,Engineering News,https://www.engineeringnews.co.za/article/shabangu-denies-encouraging-amplats-to-sue-amcu-2014-02-21,labour,0.6447,dominant_voice_proxy,5.700,6.750,0.000,19.000,0.000,0,-1.79176,0,5,0,-2.44949,0,6,0,0.8482,false,computational_readings_agree,,,0,pass1_independent_readings_agree,,labour,0.6447,dominant_voice_proxy,labour,resolved,pass1_retained_sufficient_confidence,0.6447,,,,,
DISC-MEDIA-0144,Marikana Commission The Long Game Reveals Itself,2014,Daily Maverick,https://www.dailymaverick.co.za/article/2014-02-25-marikana-commission-the-long-game-reveals-itself/,government,0.7680,dominant_voice_proxy,15.300,2.500,2.500,3.550,0.000,0,-2.63906,0,13,0,-3.16228,0,10,0,1.0000,false,computational_readings_agree,,,0,pass1_independent_readings_agree,,government,0.7680,dominant_voice_proxy,government,resolved,pass1_retained_sufficient_confidence,0.7680,,,,,
SEC-MEDIA-0475,Platinum Bosses Plead With Amcu To Return To Work,2014,Engineering News,https://www.engineeringnews.co.za/article/platinum-bosses-plead-with-amcu-to-return-to-work-2014-02-28,labour,0.7455,dominant_voice_proxy,5.700,7.100,0.000,27.900,0.000,0,-0.81093,3,8,0,-3.00000,0,9,0,0.7622,false,computational_readings_agree,,,0,pass1_independent_readings_agree,,labour,0.7455,dominant_voice_proxy,labour,resolved,pass1_retained_sufficient_confidence,0.7455,,,,,
SEC-MEDIA-0483,Platinum Producers Amcu To Resume Talks On Monday,2014,Engineering News,https://www.engineeringnews.co.za/article/platinum-producers-amcu-to-resume-talks-on-monday-2014-02-28,labour,0.2983,dominant_voice_proxy,0.000,8.350,0.000,11.900,0.000,0,-0.69315,0,1,0,-1.00000,0,1,0,0.3386,false,computational_readings_agree,,,0,pass1_independent_readings_agree,,labour,0.2983,dominant_voice_proxy,labour,resolved,pass1_retained_sufficient_confidence,0.2983,,,,,
SEC-MEDIA-0206,Amcu Revised Demand Still Unaffordable,2014,Engineering News,https://www.engineeringnews.co.za/article/amcu-revised-demand-still-unaffordable-2014-03-05,labour,0.5047,dominant_voice_proxy,0.000,7.850,0.000,15.850,0.000,0,-0.69315,0,1,0,-1.00000,0,1,0,0.3386,false,computational_readings_agree,,,0,pass1_independent_readings_agree,,labour,0.5047,dominant_voice_proxy,labour,resolved,pass1_retained_sufficient_confidence,0.5047,,,,,
SEC-MEDIA-0013,Platinum Strike The Negotiation Tables Depressing Emptiness,2014,Daily Maverick,https://www.dailymaverick.co.za/article/2014-03-06-platinum-strike-the-negotiation-tables-depressing-emptiness/,labour,0.8265,dominant_voice_proxy,3.550,4.250,0.000,24.500,0.000,0,-2.44928,2,10,0,-4.50000,0,9,0,1.0000,false,computational_readings_agree,,(?:strike|protest|unrest|industrial action) | strike,0,pass1_independent_readings_agree,,labour,0.8265,dominant_voice_proxy,labour,resolved,pass1_retained_sufficient_confidence,0.8265,,,,,
SEC-MEDIA-0014,In Pictures Amcu Takes To The Union Buildings,2014,Daily Maverick,https://www.dailymaverick.co.za/article/2014-03-07-in-pictures-amcu-takes-to-the-union-buildings/,labour,0.8150,dominant_voice_proxy,3.200,2.500,0.000,17.300,0.000,0,-0.69315,0,1,1,0.00000,0,0,,0.1386,true,stance_readings_disagree_or_low_margin,,,0,third_computational_adjudication_clear_margin,-0.415890,labour,0.8150,dominant_voice_proxy,labour,resolved,pass1_retained_sufficient_confidence,0.8150,,,,,
SEC-MEDIA-0015,Amcus Mathunjwa Last Six Weeks Of Platinum Strike Was Like A Warm Up,2014,Daily Maverick,https://www.dailymaverick.co.za/article/2014-03-11-amcus-mathunjwa-last-six-weeks-of-platinum-strike-was-like-a-warm-up/,labour,0.8525,dominant_voice_proxy,11.400,8.900,0.350,77.300,0.000,0,-3.71495,0,12,0,-4.96410,0,12,0,1.0000,false,computational_readings_agree,,(?:strike|protest|unrest|industrial action) | strike,0,pass1_independent_readings_agree,,labour,0.8525,dominant_voice_proxy,labour,resolved,pass1_retained_sufficient_confidence,0.8525,,,,,
SEC-MEDIA-0236,Amcu To March To Amplats Offices On Tuesday,2014,Engineering News,https://www.engineeringnews.co.za/article/amcu-to-march-to-amplats-offices-on-tuesday-2014-03-17,labour,0.6202,dominant_voice_proxy,1.050,6.400,0.000,16.850,0.000,0,-1.94591,0,6,0,-2.44949,0,6,0,0.8791,false,computational_readings_agree,,,0,pass1_independent_readings_agree,,labour,0.6202,dominant_voice_proxy,labour,resolved,pass1_retained_sufficient_confidence,0.6202,,,,,
SEC-MEDIA-0385,Labour Court Amcu Gold Strike Return Date Postponed,2014,Engineering News,https://www.engineeringnews.co.za/article/labour-court-amcu-gold-strike-return-date-postponed-2014-03-17,labour,0.5789,dominant_voice_proxy,0.000,3.200,0.000,7.600,0.000,0,-2.75944,0,4,0,-3.50000,0,4,0,1.0000,false,computational_readings_agree,,(?:strike|protest|unrest|industrial action) | strike,0,pass1_independent_readings_agree,,labour,0.5789,dominant_voice_proxy,labour,resolved,pass1_retained_sufficient_confidence,0.5789,,,,,
SEC-MEDIA-0016,Amcu Takes Platinum Fight To Heart Of Amplats,2014,Daily Maverick,https://www.dailymaverick.co.za/article/2014-03-19-amcu-takes-platinum-fight-to-heart-of-amplats/,labour,0.8585,dominant_voice_proxy,6.050,11.050,2.850,78.100,0.000,0,-1.94591,0,6,0,-2.00000,0,4,0,0.7892,false,computational_readings_agree,,,0,pass1_independent_readings_agree,,labour,0.8585,dominant_voice_proxy,labour,resolved,pass1_retained_sufficient_confidence,0.8585,,,,,
SEC-MEDIA-0519,Safrica Deputy President To Meet Mining Firms Unions As Platinum Strike Drags On,2014,Engineering News,https://www.engineeringnews.co.za/article/safrica-deputy-president-to-meet-mining-firms-unions-as-platinum-strike-drags-on-2014-03-24,labour,0.6404,dominant_voice_proxy,0.350,3.200,0.000,8.900,0.000,0,-2.75944,0,4,0,-3.50000,0,4,0,1.0000,false,computational_readings_agree,,(?:strike|protest|unrest|industrial action) | strike,0,pass1_independent_readings_agree,,labour,0.6404,dominant_voice_proxy,labour,resolved,pass1_retained_sufficient_confidence,0.6404,,,,,
SEC-MEDIA-0017,Platinum Strikes Two Months Into Starving Negotiations,2014,Daily Maverick,https://www.dailymaverick.co.za/article/2014-03-26-platinum-strikes-two-months-into-starving-negotiations/,labour,0.6397,dominant_voice_proxy,1.750,7.800,5.000,21.650,0.000,0,-2.94176,1,11,0,-4.50000,0,9,0,1.0000,false,computational_readings_agree,,(?:strike|protest|unrest|industrial action) | strike,0,pass1_independent_readings_agree,,labour,0.6397,dominant_voice_proxy,labour,resolved,pass1_retained_sufficient_confidence,0.6397,,,,,
SEC-MEDIA-0322,Eff Supports Amcu Strike,2014,Engineering News,https://www.engineeringnews.co.za/article/eff-supports-amcu-strike-2014-03-26,labour,0.8149,dominant_voice_proxy,0.350,5.700,0.000,30.800,0.000,0,-2.65408,1,8,0,-4.32843,0,8,0,1.0000,false,computational_readings_agree,,(?:strike|protest|unrest|industrial action) | strike,0,pass1_independent_readings_agree,,labour,0.8149,dominant_voice_proxy,labour,resolved,pass1_retained_sufficient_confidence,0.8149,,,,,
DISC-MEDIA-0145,Marikana Commission A Cop Who Stands For Truth And Accountability,2014,Daily Maverick,https://www.dailymaverick.co.za/article/2014-03-27-marikana-commission-a-cop-who-stands-for-truth-and-accountability/,government,0.4404,dominant_voice_proxy,26.000,1.050,0.350,14.550,2.850,0,-3.36730,0,28,0,-4.79583,0,23,0,1.0000,false,computational_readings_agree,,,0,pass1_independent_readings_agree,,government,0.4404,dominant_voice_proxy,government,resolved,pass1_retained_sufficient_confidence,0.4404,,,,,
SEC-MEDIA-0150,Amcu Coal Gold Strike Not Approved Nedlac,2014,Engineering News,https://www.engineeringnews.co.za/article/amcu-coal-gold-strike-not-approved-nedlac-2014-03-28,labour,0.9615,dominant_voice_proxy,0.350,1.050,0.000,27.250,0.000,0,-2.53629,0,3,0,-3.23205,0,3,0,1.0000,false,computational_readings_agree,,(?:strike|protest|unrest|industrial action) | strike,0,pass1_independent_readings_agree,,labour,0.9615,dominant_voice_proxy,labour,resolved,pass1_retained_sufficient_confidence,0.9615,,,,,
DISC-MEDIA-0146,Marikana Commission Phase Two The Big Picture,2014,Daily Maverick,https://www.dailymaverick.co.za/article/2014-03-31-marikana-commission-phase-two-the-big-picture/,labour,0.5291,dominant_voice_proxy,9.700,5.350,1.050,20.600,0.000,0,-2.30259,0,9,0,-2.82843,0,8,0,1.0000,false,computational_readings_agree,,,0,pass1_independent_readings_agree,,labour,0.5291,dominant_voice_proxy,labour,resolved,pass1_retained_sufficient_confidence,0.5291,,,,,
SEC-MEDIA-0018,Platinum Strike Miners Share Their Ordeal,2014,Daily Maverick,https://www.dailymaverick.co.za/article/2014-04-04-platinum-strike-miners-share-their-ordeal/,labour,0.8095,dominant_voice_proxy,0.700,1.400,0.700,7.350,0.000,0,-1.99730,2,6,0,-3.73607,0,5,0,1.0000,false,computational_readings_agree,,(?:strike|protest|unrest|industrial action) | strike,0,pass1_independent_readings_agree,,labour,0.8095,dominant_voice_proxy,labour,resolved,pass1_retained_sufficient_confidence,0.8095,,,,,
DISC-MEDIA-0147,Marikana Commission Phase Two Migrancy,2014,Daily Maverick,https://www.dailymaverick.co.za/article/2014-04-10-marikana-commission-phase-two-migrancy/,labour,0.5011,dominant_voice_proxy,11.550,10.700,11.400,23.150,2.500,0,-1.20397,2,9,0,-2.44949,0,6,0,0.7307,false,computational_readings_agree,,,0,pass1_independent_readings_agree,,labour,0.5011,dominant_voice_proxy,labour,resolved,pass1_retained_sufficient_confidence,0.5011,,,,,
DISC-MEDIA-0148,Will Marikanas Mr X Be A Game Changer,2014,Daily Maverick,https://www.dailymaverick.co.za/article/2014-04-15-will-marikanas-mr-x-be-a-game-changer/,government,0.8416,dominant_voice_proxy,40.100,3.900,1.750,6.350,0.000,0,-3.13549,0,22,0,-4.47214,0,20,0,1.0000,false,computational_readings_agree,,,0,pass1_independent_readings_agree,,government,0.8416,dominant_voice_proxy,government,resolved,pass1_retained_sufficient_confidence,0.8416,,,,,
SEC-MEDIA-0019,Platinum Strikes Discussions To Determine Platinum Belt Amcus Future,2014,Daily Maverick,https://www.dailymaverick.co.za/article/2014-04-23-platinum-strikes-discussions-to-determine-platinum-belt-amcus-future/,labour,0.6561,dominant_voice_proxy,5.700,8.150,2.850,23.700,0.000,0,-3.22944,1,15,0,-4.96410,0,12,0,1.0000,false,computational_readings_agree,,(?:strike|protest|unrest|industrial action) | strike,0,pass1_independent_readings_agree,,labour,0.6561,dominant_voice_proxy,labour,resolved,pass1_retained_sufficient_confidence,0.6561,,,,,
SEC-MEDIA-0489,Platinum Strike Slashes Amplats Q1 Output By 39,2014,Engineering News,https://www.engineeringnews.co.za/article/platinum-strike-slashes-amplats-q1-output-by-39-2014-04-24,investor,0.0156,dominant_voice_proxy,0.000,3.200,0.000,3.150,0.000,0,-2.94176,1,11,0,-4.81662,0,11,0,1.0000,true,stakeholder_voice_low_confidence,,(?:strike|protest|unrest|industrial action) | strike,0,pass1_independent_readings_agree,,investor,0.0156,dominant_voice_proxy,labour,resolved,third_pass_attributed_voice_clear_margin,0.6946,0.000,3.800,0.000,5.600,0.000
DISC-MEDIA-0149,A Luta Continua Amcu Decides In Zuma Free Marikana,2014,Daily Maverick,https://www.dailymaverick.co.za/article/2014-04-30-a-luta-continua-amcu-decides-in-zuma-free-marikana/,labour,0.8266,dominant_voice_proxy,0.700,3.150,4.950,28.550,0.000,0,-1.38629,2,11,0,-3.16228,0,10,0,0.9097,false,computational_readings_agree,,,0,pass1_independent_readings_agree,,labour,0.8266,dominant_voice_proxy,labour,resolved,pass1_retained_sufficient_confidence,0.8266,,,,,
DISC-MEDIA-0150,Khayelitsha May Day Rally Silence On Zuma Nkandla And Marikana Not So On Enemies Of The Revolution,2014,Daily Maverick,https://www.dailymaverick.co.za/article/2014-05-02-khayelitsha-may-day-rally-silence-on-zuma-nkandla-and-marikana-not-so-on-enemies-of-the-revolution/,labour,0.3307,dominant_voice_proxy,4.250,0.000,0.350,6.350,0.000,0,-1.09861,0,2,0,-1.00000,0,1,0,0.4197,false,computational_readings_agree,,,0,pass1_independent_readings_agree,,labour,0.3307,dominant_voice_proxy,labour,resolved,pass1_retained_sufficient_confidence,0.3307,,,,,
DISC-MEDIA-0386,Community Lonmin To Pursue Equity Trust For Development,2014,Engineering News,https://www.engineeringnews.co.za/article/community-lonmin-to-pursue-equity-trust-for-development-2014-05-02,community,0.0000,dominant_voice_proxy,0.000,4.750,4.750,0.000,0.000,1,1.09861,2,0,1,2.91421,2,0,1,0.8026,true,stakeholder_voice_low_confidence,"(?:community|stakeholder).{0,35}(?:agreement|consent|engagement|participation|consultation|benefit|development)",,1,pass1_independent_readings_agree,,community,0.0000,dominant_voice_proxy,,unresolved,unresolved_stakeholder_voice_ambiguous,0.0000,0.000,8.000,8.000,0.000,0.000
SEC-MEDIA-0437,No Current Negotiations After Amcu Members Resoundingly Rejected Latest Offer Mathunjwa,2014,Engineering News,https://www.engineeringnews.co.za/article/no-current-negotiations-after-amcu-members-resoundingly-rejected-latest-offer-mathunjwa-2014-05-05,labour,0.7507,dominant_voice_proxy,0.000,21.400,0.000,85.850,0.000,0,-1.38629,2,11,0,-3.16228,0,10,0,0.9097,false,computational_readings_agree,,,0,pass1_independent_readings_agree,,labour,0.7507,dominant_voice_proxy,labour,resolved,pass1_retained_sufficient_confidence,0.7507,,,,,
DISC-MEDIA-0151,Elections In Marikana The Mining Belt Makes Its Mark In Pictures,2014,Daily Maverick,https://www.dailymaverick.co.za/article/2014-05-07-elections-in-marikana-the-mining-belt-makes-its-mark-in-pictures/,government,0.0000,fallback_no_actor_signal,0.000,0.000,0.000,0.000,0.000,1,1.09861,2,0,1,0.00000,0,0,1,0.2197,false,computational_readings_agree,,,1,pass1_independent_readings_agree,,government,0.0000,fallback_no_actor_signal,,unresolved,unresolved_stakeholder_voice_ambiguous,0.0000,0.000,0.000,0.000,0.000,0.000
SEC-MEDIA-0497,Producers To Oppose Amcu Direct Communication Court Application,2014,Engineering News,https://www.engineeringnews.co.za/article/producers-to-oppose-amcu-direct-communication-court-application-2014-05-14,labour,0.6259,dominant_voice_proxy,2.500,10.700,0.000,28.600,0.000,1,0.00000,2,2,0,-1.41421,0,2,,0.1886,true,stance_readings_disagree_or_low_margin,,,0,third_computational_adjudication_clear_margin,-0.565684,labour,0.6259,dominant_voice_proxy,labour,resolved,pass1_retained_sufficient_confidence,0.6259,,,,,
DISC-MEDIA-0152,Marikana Commission Man And His Truth A Story Of The Policemen Who Was Not Afraid,2014,Daily Maverick,https://www.dailymaverick.co.za/article/2014-05-15-marikana-commission-man-and-his-truth-a-story-of-the-policemen-who-was-not-afraid/,government,0.9394,dominant_voice_proxy,64.350,0.700,1.750,3.900,0.000,0,-3.61092,0,36,0,-5.19615,0,27,0,1.0000,false,computational_readings_agree,,,0,pass1_independent_readings_agree,,government,0.9394,dominant_voice_proxy,government,resolved,pass1_retained_sufficient_confidence,0.9394,,,,,
DISC-MEDIA-0153,Platinum Strikes The Marikana Standoff Continues,2014,Daily Maverick,https://www.dailymaverick.co.za/article/2014-05-15-platinum-strikes-the-marikana-standoff-continues/,labour,0.5337,dominant_voice_proxy,23.550,12.100,6.400,50.500,0.000,0,-4.14573,0,19,0,-5.24166,0,14,0,1.0000,false,computational_readings_agree,,(?:strike|protest|unrest|industrial action) | strike,0,pass1_independent_readings_agree,,labour,0.5337,dominant_voice_proxy,labour,resolved,pass1_retained_sufficient_confidence,0.5337,,,,,
DISC-MEDIA-0154,Marikana Commission All For Nought,2014,Daily Maverick,https://www.dailymaverick.co.za/article/2014-05-19-marikana-commission-all-for-nought/,government,0.9023,dominant_voice_proxy,10.750,0.700,1.050,0.700,0.000,0,-2.01490,1,14,0,-3.00000,0,9,0,1.0000,false,computational_readings_agree,,,0,pass1_independent_readings_agree,,government,0.9023,dominant_voice_proxy,government,resolved,pass1_retained_sufficient_confidence,0.9023,,,,,
DISC-MEDIA-0518,Lonmin To Oppose Amcu Labour Court Interdict,2014,Engineering News,https://www.engineeringnews.co.za/article/lonmin-to-oppose-amcu-labour-court-interdict-2014-05-19,labour,0.2779,dominant_voice_proxy,0.000,16.500,0.000,22.850,0.000,0,-0.51083,2,4,0,-2.00000,0,4,0,0.5022,false,computational_readings_agree,,,0,pass1_independent_readings_agree,,labour,0.2779,dominant_voice_proxy,labour,resolved,pass1_retained_sufficient_confidence,0.2779,,,,,
SEC-MEDIA-0429,Nedlac Wants Platinum Strike Resolved,2014,Engineering News,https://www.engineeringnews.co.za/article/nedlac-wants-platinum-strike-resolved-2014-05-19,government,0.0200,dominant_voice_proxy,2.500,0.700,0.350,2.450,0.000,0,-2.75944,0,4,0,-3.50000,0,4,0,1.0000,true,stakeholder_voice_low_confidence,,(?:strike|protest|unrest|industrial action) | strike,0,pass1_independent_readings_agree,,government,0.0200,dominant_voice_proxy,labour,resolved,third_pass_attributed_voice_clear_margin,0.6946,3.800,0.800,0.800,5.600,0.000
SEC-MEDIA-0020,Platinum Strikes Lets See Yo Cards Boys,2014,Daily Maverick,https://www.dailymaverick.co.za/article/2014-05-20-platinum-strikes-lets-see-yo-cards-boys/,labour,0.5314,dominant_voice_proxy,3.550,15.300,2.850,32.650,0.000,0,-2.53629,3,15,0,-4.96410,0,12,0,1.0000,false,computational_readings_agree,,(?:strike|protest|unrest|industrial action) | strike,0,pass1_independent_readings_agree,,labour,0.5314,dominant_voice_proxy,labour,resolved,pass1_retained_sufficient_confidence,0.5314,,,,,
SEC-MEDIA-0482,Platinum Producers Amcu Agree To Labour Court Mediation,2014,Engineering News,https://www.engineeringnews.co.za/article/platinum-producers-amcu-agree-to-labour-court-mediation-2014-05-20,investor,0.4202,dominant_voice_proxy,0.000,9.400,0.000,5.450,0.000,0,-0.69315,1,3,0,-1.73205,0,3,0,0.4850,false,computational_readings_agree,,,0,pass1_independent_readings_agree,,investor,0.4202,dominant_voice_proxy,investor,resolved,pass1_retained_sufficient_confidence,0.4202,,,,,
SEC-MEDIA-0194,Amcu Producers Optimistic About Talks,2014,Engineering News,https://www.engineeringnews.co.za/article/amcu-producers-optimistic-about-talks-2014-05-21,labour,0.7282,dominant_voice_proxy,0.000,3.900,0.000,14.350,0.000,0,-0.69315,1,3,0,-1.73205,0,3,0,0.4850,false,computational_readings_agree,,,0,pass1_independent_readings_agree,,labour,0.7282,dominant_voice_proxy,labour,resolved,pass1_retained_sufficient_confidence,0.7282,,,,,
SEC-MEDIA-0490,Platinum Strike Threatens Contractor Longevity,2014,Engineering News,https://www.engineeringnews.co.za/article/platinum-strike-threatens-contractor-longevity-2014-05-23,labour,0.7000,dominant_voice_proxy,0.000,1.050,0.350,3.500,0.000,0,-3.09591,0,6,0,-3.73607,0,5,0,1.0000,false,computational_readings_agree,,(?:strike|protest|unrest|industrial action) | strike,0,pass1_independent_readings_agree,,labour,0.7000,dominant_voice_proxy,labour,resolved,pass1_retained_sufficient_confidence,0.7000,,,,,
DISC-MEDIA-0155,A Roadshow Like No Other Striking Marikana Miners Looking To Win Hearts And Minds,2014,Daily Maverick,https://www.dailymaverick.co.za/article/2014-05-26-a-roadshow-like-no-other-striking-marikana-miners-looking-to-win-hearts-and-minds/,labour,0.8431,dominant_voice_proxy,3.900,3.900,2.500,24.850,0.000,0,-2.83321,0,16,0,-3.87298,0,15,0,1.0000,false,computational_readings_agree,,,0,pass1_independent_readings_agree,,labour,0.8431,dominant_voice_proxy,labour,resolved,pass1_retained_sufficient_confidence,0.8431,,,,,
SEC-MEDIA-0021,Platinum Strikes Hope For The Next Step But Which Way,2014,Daily Maverick,https://www.dailymaverick.co.za/article/2014-05-27-platinum-strikes-hope-for-the-next-step-but-which-way/,labour,0.3994,dominant_voice_proxy,10.000,1.750,3.550,16.650,2.500,0,-2.94176,1,11,0,-4.81662,0,11,0,1.0000,false,computational_readings_agree,,(?:strike|protest|unrest|industrial action) | strike,0,pass1_independent_readings_agree,,labour,0.3994,dominant_voice_proxy,labour,resolved,pass1_retained_sufficient_confidence,0.3994,,,,,
SEC-MEDIA-0425,Minister Sets Up Technical Team To Resolve Platinum Strike,2014,Engineering News,https://www.engineeringnews.co.za/article/minister-sets-up-technical-team-to-resolve-platinum-strike-2014-05-28,government,0.8485,dominant_voice_proxy,11.550,1.400,0.000,1.750,0.000,0,-1.84315,0,1,0,-2.50000,0,1,0,0.8686,false,computational_readings_agree,,(?:strike|protest|unrest|industrial action) | strike,0,pass1_independent_readings_agree,,government,0.8485,dominant_voice_proxy,government,resolved,pass1_retained_sufficient_confidence,0.8485,,,,,
DISC-MEDIA-0334,When The New Repeats The Old Marikana Haunts New Zuma Cabinet,2014,Daily Maverick,https://www.dailymaverick.co.za/opinionista/2014-05-29-when-the-new-repeats-the-old-marikana-haunts-new-zuma-cabinet/,government,0.5714,dominant_voice_proxy,4.900,0.700,0.350,2.100,0.000,0,-1.94591,0,6,0,-1.00000,1,4,0,0.5892,false,computational_readings_agree,,,0,pass1_independent_readings_agree,,government,0.5714,dominant_voice_proxy,government,resolved,pass1_retained_sufficient_confidence,0.5714,,,,,
SEC-MEDIA-0258,Amplats Implats Refute Amcu Tax Wage Evasion Claims,2014,Engineering News,https://www.engineeringnews.co.za/article/amplats-implats-refute-amcu-tax-wage-evasion-claims-2014-05-30,labour,0.3876,dominant_voice_proxy,0.700,6.400,0.000,10.450,0.000,1,0.00000,1,1,0,-1.00000,0,1,,0.1333,true,stance_readings_disagree_or_low_margin,,,0,third_computational_adjudication_clear_margin,-0.400000,labour,0.3876,dominant_voice_proxy,labour,resolved,pass1_retained_sufficient_confidence,0.3876,,,,,
SEC-MEDIA-0022,Platinum Strikes The Battle Intensifies,2014,Daily Maverick,https://www.dailymaverick.co.za/article/2014-06-02-platinum-strikes-the-battle-intensifies/,labour,0.1712,dominant_voice_proxy,1.750,12.100,0.000,14.600,0.000,0,-2.65408,1,8,0,-4.14575,0,7,0,1.0000,false,computational_readings_agree,,(?:strike|protest|unrest|industrial action) | strike,0,pass1_independent_readings_agree,,labour,0.1712,dominant_voice_proxy,labour,resolved,pass1_retained_sufficient_confidence,0.1712,,,,,
SEC-MEDIA-0392,Labour Court Rules Against Amcu,2014,Engineering News,https://www.engineeringnews.co.za/article/labour-court-rules-against-amcu-2014-06-02,labour,0.6568,dominant_voice_proxy,0.000,6.400,0.000,18.650,0.000,1,0.00000,1,1,0,-1.00000,0,1,,0.1333,true,stance_readings_disagree_or_low_margin,,,0,third_computational_adjudication_clear_margin,-0.400000,labour,0.6568,dominant_voice_proxy,labour,resolved,pass1_retained_sufficient_confidence,0.6568,,,,,
SEC-MEDIA-0477,Platinum Companies Considering Amcus Latest Wage Proposal,2014,Engineering News,https://www.engineeringnews.co.za/article/platinum-companies-considering-amcus-latest-wage-proposal-2014-06-04,labour,0.3858,dominant_voice_proxy,3.200,3.900,0.000,6.350,0.000,0,-0.91629,1,4,0,-1.73205,0,3,0,0.5297,false,computational_readings_agree,,,0,pass1_independent_readings_agree,,labour,0.3858,dominant_voice_proxy,labour,resolved,pass1_retained_sufficient_confidence,0.3858,,,,,
SEC-MEDIA-0622,Sibanye Eyes Platinum Opportunities As Sector Overdue For Consolidation,2014,Engineering News,https://www.engineeringnews.co.za/article/sibanye-eyes-platinum-opportunities-as-sector-overdue-for-consolidation-2014-06-04,investor,0.9099,dominant_voice_proxy,0.350,23.300,0.000,2.100,0.000,0,-1.79176,0,5,0,-2.23607,0,5,0,0.8056,false,computational_readings_agree,,,0,pass1_independent_readings_agree,,investor,0.9099,dominant_voice_proxy,investor,resolved,pass1_retained_sufficient_confidence,0.9099,,,,,
SEC-MEDIA-0169,Amcu Labour Case In Court,2014,Engineering News,https://www.engineeringnews.co.za/article/amcu-labour-case-in-court-2014-06-05,labour,0.9247,dominant_voice_proxy,0.000,1.400,0.000,18.600,0.000,0,-0.28768,2,3,0,-0.73205,1,3,0,0.2039,false,computational_readings_agree,,,0,pass1_independent_readings_agree,,labour,0.9247,dominant_voice_proxy,labour,resolved,pass1_retained_sufficient_confidence,0.9247,,,,,
SEC-MEDIA-0024,Amcu Strike Ramathlodis Platinum Team Fizzles,2014,Daily Maverick,https://www.dailymaverick.co.za/article/2014-06-09-amcu-strike-ramathlodis-platinum-team-fizzles/,labour,0.5918,dominant_voice_proxy,4.600,7.450,0.700,18.250,0.000,0,-2.75944,1,9,0,-4.81662,0,11,0,1.0000,false,computational_readings_agree,,(?:strike|protest|unrest|industrial action) | strike,0,pass1_independent_readings_agree,,labour,0.5918,dominant_voice_proxy,labour,resolved,pass1_retained_sufficient_confidence,0.5918,,,,,
SEC-MEDIA-0025,Platinum Strike Ramatlhodi Out No End In Sight Whats Next,2014,Daily Maverick,https://www.dailymaverick.co.za/article/2014-06-09-platinum-strike-ramatlhodi-out-no-end-in-sight-whats-next/,labour,0.3748,dominant_voice_proxy,19.600,8.200,0.350,31.350,0.000,0,-2.16160,3,10,0,-4.66228,0,10,0,1.0000,false,computational_readings_agree,,(?:strike|protest|unrest|industrial action) | strike,0,pass1_independent_readings_agree,,labour,0.3748,dominant_voice_proxy,labour,resolved,pass1_retained_sufficient_confidence,0.3748,,,,,
SEC-MEDIA-0280,As Stakeholders Negotiate Platinum Strike Costs Rise,2014,Engineering News,https://www.engineeringnews.co.za/article/as-stakeholders-negotiate-platinum-strike-costs-rise-2014-06-09,government,0.6706,dominant_voice_proxy,4.250,1.400,0.000,1.400,0.000,0,-2.24861,1,5,0,-3.73607,0,5,0,1.0000,false,computational_readings_agree,,(?:strike|protest|unrest|industrial action) | strike,0,pass1_independent_readings_agree,,government,0.6706,dominant_voice_proxy,government,resolved,pass1_retained_sufficient_confidence,0.6706,,,,,
SEC-MEDIA-0424,Minister Pleads For Resolution At Mondays Platinum Strike Meeting,2014,Engineering News,https://www.engineeringnews.co.za/article/minister-pleads-for-resolution-at-mondays-platinum-strike-meeting-2014-06-09,government,0.5691,dominant_voice_proxy,9.050,0.700,0.000,3.900,0.000,0,-2.53629,0,3,0,-3.23205,0,3,0,1.0000,false,computational_readings_agree,,(?:strike|protest|unrest|industrial action) | strike,0,pass1_independent_readings_agree,,government,0.5691,dominant_voice_proxy,government,resolved,pass1_retained_sufficient_confidence,0.5691,,,,,
SEC-MEDIA-0026,Platinum Strike Mining Minister Claims Hollow Victory,2014,Daily Maverick,https://www.dailymaverick.co.za/article/2014-06-11-platinum-strike-mining-minister-claims-hollow-victory/,labour,0.5925,dominant_voice_proxy,13.650,6.400,0.000,33.500,0.000,0,-3.02180,1,12,0,-5.10555,0,13,0,1.0000,false,computational_readings_agree,,(?:strike|protest|unrest|industrial action) | strike,0,pass1_independent_readings_agree,,labour,0.5925,dominant_voice_proxy,labour,resolved,pass1_retained_sufficient_confidence,0.5925,,,,,
SEC-MEDIA-0027,Platinum Strike Wages Politics And The Ancs False Boogeymen,2014,Daily Maverick,https://www.dailymaverick.co.za/article/2014-06-11-platinum-strike-wages-politics-and-the-ancs-false-boogeymen/,labour,0.7434,dominant_voice_proxy,3.900,0.700,0.000,15.200,0.000,0,-2.88460,2,16,0,-5.50000,0,16,0,1.0000,false,computational_readings_agree,,(?:strike|protest|unrest|industrial action) | strike,0,pass1_independent_readings_agree,,labour,0.7434,dominant_voice_proxy,labour,resolved,pass1_retained_sufficient_confidence,0.7434,,,,,
SEC-MEDIA-0028,Platinum Strike Never Ending Story Set To End,2014,Daily Maverick,https://www.dailymaverick.co.za/article/2014-06-12-platinum-strike-never-ending-story-set-to-end/,labour,0.9605,dominant_voice_proxy,0.700,0.700,0.700,17.700,0.000,0,-3.09591,1,13,0,-5.10555,0,13,0,1.0000,false,computational_readings_agree,,(?:strike|protest|unrest|industrial action) | strike,0,pass1_independent_readings_agree,,labour,0.9605,dominant_voice_proxy,labour,resolved,pass1_retained_sufficient_confidence,0.9605,,,,,
SEC-MEDIA-0188,Amcu Platinum Producers Agree On In Principle Undertakings,2014,Engineering News,https://www.engineeringnews.co.za/article/amcu-platinum-producers-agree-on-in-principle-undertakings-2014-06-12,labour,0.7531,dominant_voice_proxy,0.000,6.900,2.500,27.950,0.000,0,-0.91629,1,4,0,-2.00000,0,4,0,0.5833,false,computational_readings_agree,,,0,pass1_independent_readings_agree,,labour,0.7531,dominant_voice_proxy,labour,resolved,pass1_retained_sufficient_confidence,0.7531,,,,,
DISC-MEDIA-0156,Marikana Commission When Warning Shots Kill And Wound,2014,Daily Maverick,https://www.dailymaverick.co.za/article/2014-06-17-marikana-commission-when-warning-shots-kill-and-wound/,government,0.7447,dominant_voice_proxy,30.550,0.350,0.350,7.800,0.000,0,-4.88767,0,41,0,-4.12311,0,17,0,1.0000,false,computational_readings_agree,,kill(?:ed|ing|ings)?,0,pass1_independent_readings_agree,,government,0.7447,dominant_voice_proxy,government,resolved,pass1_retained_sufficient_confidence,0.7447,,,,,
SEC-MEDIA-0417,Mining Companies Reviewing Amcu Response To Wage Offer,2014,Engineering News,https://www.engineeringnews.co.za/article/mining-companies-reviewing-amcu-response-to-wage-offer-2014-06-17,labour,0.8699,dominant_voice_proxy,0.000,2.850,0.000,21.900,0.000,1,0.00000,1,1,0,-1.00000,0,1,,0.1333,true,stance_readings_disagree_or_low_margin,,,0,third_computational_adjudication_clear_margin,-0.400000,labour,0.8699,dominant_voice_proxy,labour,resolved,pass1_retained_sufficient_confidence,0.8699,,,,,
SEC-MEDIA-0416,Mining Companies Meet With Amcu Over New Demands,2014,Engineering News,https://www.engineeringnews.co.za/article/mining-companies-meet-with-amcu-over-new-demands-2014-06-19,labour,0.9079,dominant_voice_proxy,0.000,0.700,0.000,7.600,0.000,0,-0.28768,2,3,0,-1.73205,0,3,0,0.4039,false,computational_readings_agree,,,0,pass1_independent_readings_agree,,labour,0.9079,dominant_voice_proxy,labour,resolved,pass1_retained_sufficient_confidence,0.9079,,,,,
SEC-MEDIA-0476,Platinum Companies Amcu Meetings Continue,2014,Engineering News,https://www.engineeringnews.co.za/article/platinum-companies-amcu-meetings-continue-2014-06-20,labour,0.6709,dominant_voice_proxy,0.700,3.900,0.000,11.850,0.000,0,-0.18232,4,5,0,-1.23607,1,5,0,0.2837,false,computational_readings_agree,,,0,pass1_independent_readings_agree,,labour,0.6709,dominant_voice_proxy,labour,resolved,pass1_retained_sufficient_confidence,0.6709,,,,,
SEC-MEDIA-0029,Platinum Strike No More After Losing R10 6 Billion In Wages Miners Claim Victory,2014,Daily Maverick,https://www.dailymaverick.co.za/article/2014-06-23-platinum-strike-no-more-after-losing-r10-6-billion-in-wages-miners-claim-victory/,labour,0.8924,dominant_voice_proxy,6.050,6.050,2.850,56.250,0.000,0,-1.55547,9,14,0,-5.24166,0,14,0,1.0000,false,computational_readings_agree,,(?:strike|protest|unrest|industrial action) | strike,0,pass1_independent_readings_agree,,labour,0.8924,dominant_voice_proxy,labour,resolved,pass1_retained_sufficient_confidence,0.8924,,,,,
SEC-MEDIA-0237,Amcu To Meet With Members To Discuss Companies Response,2014,Engineering News,https://www.engineeringnews.co.za/article/amcu-to-meet-with-members-to-discuss-companies-response-2014-06-23,labour,0.5773,dominant_voice_proxy,0.000,8.200,0.000,19.400,0.000,1,0.00000,2,2,0,-1.41421,0,2,,0.1886,true,stance_readings_disagree_or_low_margin,,,0,third_computational_adjudication_clear_margin,-0.565684,labour,0.5773,dominant_voice_proxy,labour,resolved,pass1_retained_sufficient_confidence,0.5773,,,,,
SEC-MEDIA-0485,Platinum Strike Experience Should Strengthen Collective Bargaining Davies,2014,Engineering News,https://www.engineeringnews.co.za/article/platinum-strike-experience-should-strengthen-collective-bargaining-davies-2014-06-24,labour,0.3936,dominant_voice_proxy,5.700,0.700,0.000,9.400,0.000,0,-2.40276,1,6,0,-3.94949,0,6,0,1.0000,false,computational_readings_agree,,(?:strike|protest|unrest|industrial action) | strike,0,pass1_independent_readings_agree,,labour,0.3936,dominant_voice_proxy,labour,resolved,pass1_retained_sufficient_confidence,0.3936,,,,,
DISC-MEDIA-0157,Marikana Commission Mr X Mr White,2014,Daily Maverick,https://www.dailymaverick.co.za/article/2014-06-26-marikana-commission-mr-x-mr-white/,government,0.2464,dominant_voice_proxy,20.700,0.350,2.850,15.600,0.000,0,-2.35138,1,20,0,-3.46410,0,12,0,1.0000,false,computational_readings_agree,,,0,pass1_independent_readings_agree,,government,0.2464,dominant_voice_proxy,government,resolved,pass1_retained_sufficient_confidence,0.2464,,,,,
SEC-MEDIA-0030,Groundup Who Won The Platinum Strike The Figures Speak.,2014,Daily Maverick,https://www.dailymaverick.co.za/article/2014-06-27-groundup-who-won-the-platinum-strike-the-figures-speak./,labour,0.7560,dominant_voice_proxy,0.000,4.550,0.000,18.650,0.000,1,0.23629,23,5,0,-4.14575,0,7,,0.5055,true,stance_readings_disagree_or_low_margin,,(?:strike|protest|unrest|industrial action) | strike,0,third_computational_adjudication_clear_margin,-1.516526,labour,0.7560,dominant_voice_proxy,labour,resolved,pass1_retained_sufficient_confidence,0.7560,,,,,
SEC-MEDIA-0031,Op Ed Amcu Victory Is More Than Just About The Figures,2014,Daily Maverick,https://www.dailymaverick.co.za/article/2014-06-29-op-ed-amcu-victory-is-more-than-just-about-the-figures/,labour,0.9346,dominant_voice_proxy,0.700,0.350,0.000,10.700,0.000,0,-1.50408,3,17,0,-4.12311,0,17,0,1.0000,false,computational_readings_agree,,,0,pass1_independent_readings_agree,,labour,0.9346,dominant_voice_proxy,labour,resolved,pass1_retained_sufficient_confidence,0.9346,,,,,
SEC-MEDIA-0116,After The Platinum Strike We Dare Not Fail Now,2014,Daily Maverick,https://www.dailymaverick.co.za/opinionista/2014-06-30-after-the-platinum-strike-we-dare-not-fail-now/,government,0.2500,dominant_voice_proxy,2.800,0.350,2.100,2.100,0.350,0,-0.54386,10,5,0,-2.23205,1,3,0,0.5552,false,computational_readings_agree,,(?:strike|protest|unrest|industrial action) | strike,0,pass1_independent_readings_agree,,government,0.2500,dominant_voice_proxy,government,resolved,pass1_retained_sufficient_confidence,0.2500,,,,,
SEC-MEDIA-0117,Lessons From The Platinum Strike The Poison Of Inequality,2014,Daily Maverick,https://www.dailymaverick.co.za/opinionista/2014-07-01-lessons-from-the-platinum-strike-the-poison-of-inequality/,labour,0.0982,dominant_voice_proxy,0.000,7.350,0.000,8.150,0.000,0,-1.66083,2,4,0,-3.73607,0,5,0,1.0000,true,stakeholder_voice_low_confidence,,(?:strike|protest|unrest|industrial action) | strike,0,pass1_independent_readings_agree,,labour,0.0982,dominant_voice_proxy,labour,resolved,third_pass_attributed_voice_clear_margin,0.8412,0.000,2.400,0.000,6.800,0.000
DISC-MEDIA-0158,Marikana Commission Mr Xs Testimony Collapses Under Cross Examination,2014,Daily Maverick,https://www.dailymaverick.co.za/article/2014-07-04-marikana-commission-mr-xs-testimony-collapses-under-cross-examination/,government,0.4437,dominant_voice_proxy,23.550,8.550,2.500,13.100,0.000,0,-2.89037,0,17,0,-3.60555,0,13,0,1.0000,false,computational_readings_agree,,,0,pass1_independent_readings_agree,,government,0.4437,dominant_voice_proxy,government,resolved,pass1_retained_sufficient_confidence,0.4437,,,,,
DISC-MEDIA-0159,Daily Vox The Forgotten People Of Marikana,2014,Daily Maverick,https://www.dailymaverick.co.za/article/2014-07-10-daily-vox-the-forgotten-people-of-marikana/,investor,0.6056,dominant_voice_proxy,0.000,3.550,1.400,0.700,0.000,0,-1.38629,0,3,0,-1.73205,0,3,0,0.6237,false,computational_readings_agree,,,0,pass1_independent_readings_agree,,investor,0.6056,dominant_voice_proxy,investor,resolved,pass1_retained_sufficient_confidence,0.6056,,,,,
DISC-MEDIA-0160,Marikana Commission Mthethwa Chooses Middle Road,2014,Daily Maverick,https://www.dailymaverick.co.za/article/2014-07-15-marikana-commission-mthethwa-chooses-middle-road/,government,0.8754,dominant_voice_proxy,28.500,3.550,0.000,1.050,0.000,0,-1.60944,1,9,0,-2.64575,0,7,0,0.8510,false,computational_readings_agree,,,0,pass1_independent_readings_agree,,government,0.8754,dominant_voice_proxy,government,resolved,pass1_retained_sufficient_confidence,0.8754,,,,,
SEC-MEDIA-0397,Living Wages Living Allowances And The Platinum Strike,2014,Engineering News,https://www.engineeringnews.co.za/article/living-wages-living-allowances-and-the-platinum-strike-2014-07-18,labour,0.8000,dominant_voice_proxy,0.350,0.700,0.000,3.500,0.000,0,-2.94176,1,11,0,-3.73607,0,5,0,1.0000,false,computational_readings_agree,,(?:strike|protest|unrest|industrial action) | strike,0,pass1_independent_readings_agree,,labour,0.8000,dominant_voice_proxy,labour,resolved,pass1_retained_sufficient_confidence,0.8000,,,,,
DISC-MEDIA-0161,The Buffalo Prince And The Marikana Commission,2014,Daily Maverick,https://www.dailymaverick.co.za/article/2014-08-11-the-buffalo-prince-and-the-marikana-commission/,government,0.0886,dominant_voice_proxy,13.550,12.350,0.700,8.400,0.350,0,-3.36730,0,28,0,-4.47214,0,20,0,1.0000,true,stakeholder_voice_low_confidence,,,0,pass1_independent_readings_agree,,government,0.0886,dominant_voice_proxy,government,resolved,third_pass_unique_headline_subject,0.9500,1.000,0.000,0.000,0.000,0.000
DISC-MEDIA-0612,Ramaphosa To Testify At Farlam Commission,2014,Engineering News,https://www.engineeringnews.co.za/article/ramaphosa-to-testify-at-farlam-commission-2014-08-11,government,0.5748,dominant_voice_proxy,15.050,6.400,0.000,2.850,0.000,0,-1.94591,0,6,0,-1.73205,0,3,0,0.7356,false,computational_readings_agree,,,0,pass1_independent_readings_agree,,government,0.5748,dominant_voice_proxy,government,resolved,pass1_retained_sufficient_confidence,0.5748,,,,,
SEC-MEDIA-0283,Black Owned Merafes Doubles Earnings Benefits From Platinum Strike,2014,Engineering News,https://www.engineeringnews.co.za/article/black-owned-merafes-doubles-earnings-benefits-from-platinum-strike-2014-08-12,investor,0.6667,dominant_voice_proxy,0.000,2.100,0.700,0.000,0.000,0,-1.55547,1,2,0,-2.91421,0,2,0,0.8939,false,computational_readings_agree,,(?:strike|protest|unrest|industrial action) | strike,0,pass1_independent_readings_agree,,investor,0.6667,dominant_voice_proxy,investor,resolved,pass1_retained_sufficient_confidence,0.6667,,,,,
DISC-MEDIA-0162,Marikana Commission Families Speak,2014,Daily Maverick,https://www.dailymaverick.co.za/article/2014-08-14-marikana-commission-families-speak/,government,0.2510,dominant_voice_proxy,12.950,1.050,9.700,3.900,0.000,0,-1.70475,1,10,0,-2.44949,0,6,0,0.8308,false,computational_readings_agree,,,0,pass1_independent_readings_agree,,government,0.2510,dominant_voice_proxy,government,resolved,pass1_retained_sufficient_confidence,0.2510,,,,,
DISC-MEDIA-0163,Marikana Two Years On Cape Towns Protest Artists Remember The Dead,2014,Daily Maverick,https://www.dailymaverick.co.za/article/2014-08-15-marikana-two-years-on-cape-towns-protest-artists-remember-the-dead/,community,0.4400,dominant_voice_proxy,1.400,1.050,2.500,0.000,0.000,0,-3.22944,0,7,0,-3.50000,0,4,0,1.0000,false,computational_readings_agree,,(?:strike|protest|unrest|industrial action) | protest,0,pass1_independent_readings_agree,,community,0.4400,dominant_voice_proxy,community,resolved,pass1_retained_sufficient_confidence,0.4400,,,,,
DISC-MEDIA-0164,Editorial Never Forget Marikana,2014,Daily Maverick,https://www.dailymaverick.co.za/article/2014-08-17-editorial-never-forget-marikana/,government,0.7717,dominant_voice_proxy,18.400,1.400,4.200,4.200,0.350,0,-2.63906,0,13,0,-2.00000,1,9,0,0.9278,false,computational_readings_agree,,,0,pass1_independent_readings_agree,,government,0.7717,dominant_voice_proxy,government,resolved,pass1_retained_sufficient_confidence,0.7717,,,,,
SEC-MEDIA-0235,Amcu To Fight Amplats Sale,2014,Engineering News,https://www.engineeringnews.co.za/article/amcu-to-fight-amplats-sale-2014-08-18,labour,0.7213,dominant_voice_proxy,5.700,1.050,0.000,20.450,0.000,0,-1.79176,0,5,0,-1.73205,0,3,0,0.7048,false,computational_readings_agree,,,0,pass1_independent_readings_agree,,labour,0.7213,dominant_voice_proxy,labour,resolved,pass1_retained_sufficient_confidence,0.7213,,,,,
DISC-MEDIA-0165,Marikana Where Art Thou,2014,Daily Maverick,https://www.dailymaverick.co.za/article/2014-08-19-marikana-where-art-thou/,government,0.3333,dominant_voice_proxy,2.100,1.400,0.000,1.050,0.000,0,-2.63906,0,13,0,-3.16228,0,10,0,1.0000,false,computational_readings_agree,,,0,pass1_independent_readings_agree,,government,0.3333,dominant_voice_proxy,government,resolved,pass1_retained_sufficient_confidence,0.3333,,,,,
SEC-MEDIA-0484,Platinum Strike Consequences Starting To Take Shape,2014,Engineering News,https://www.engineeringnews.co.za/article/platinum-strike-consequences-starting-to-take-shape-2014-08-22,labour,0.4108,dominant_voice_proxy,7.100,2.800,1.050,12.050,0.000,0,-2.65408,1,8,0,-4.14575,0,7,0,1.0000,false,computational_readings_agree,,(?:strike|protest|unrest|industrial action) | strike,0,pass1_independent_readings_agree,,labour,0.4108,dominant_voice_proxy,labour,resolved,pass1_retained_sufficient_confidence,0.4108,,,,,
DISC-MEDIA-0335,Marikana Not The Place For Political Grandstanding,2014,Daily Maverick,https://www.dailymaverick.co.za/opinionista/2014-08-25-marikana-not-the-place-for-political-grandstanding/,government,0.8859,dominant_voice_proxy,9.200,0.350,1.050,0.350,0.000,0,-1.94591,0,6,0,-1.41421,0,2,0,0.6720,false,computational_readings_agree,,,0,pass1_independent_readings_agree,,government,0.8859,dominant_voice_proxy,government,resolved,pass1_retained_sufficient_confidence,0.8859,,,,,
DISC-MEDIA-0166,Marikana Commission Minister Shabangu Cant Act,2014,Daily Maverick,https://www.dailymaverick.co.za/article/2014-08-26-marikana-commission-minister-shabangu-cant-act/,labour,0.6674,dominant_voice_proxy,15.150,7.450,0.350,45.550,0.000,0,-2.01490,1,14,0,-3.60555,0,13,0,1.0000,false,computational_readings_agree,,,0,pass1_independent_readings_agree,,labour,0.6674,dominant_voice_proxy,labour,resolved,pass1_retained_sufficient_confidence,0.6674,,,,,
DISC-MEDIA-0167,Marikana When Comrades Clash It Is The Truth That Suffers,2014,Daily Maverick,https://www.dailymaverick.co.za/article/2014-09-01-marikana-when-comrades-clash-it-is-the-truth-that-suffers/,government,0.6692,dominant_voice_proxy,39.750,12.350,0.700,13.150,0.350,0,-3.04452,0,20,0,-4.00000,0,16,0,1.0000,false,computational_readings_agree,,,0,pass1_independent_readings_agree,,government,0.6692,dominant_voice_proxy,government,resolved,pass1_retained_sufficient_confidence,0.6692,,,,,
DISC-MEDIA-0168,Marikana Commission Lonmin Under A Scorching Spotlight,2014,Daily Maverick,https://www.dailymaverick.co.za/article/2014-09-15-marikana-commission-lonmin-under-a-scorching-spotlight/,investor,0.6225,dominant_voice_proxy,5.100,17.750,2.100,6.700,0.000,0,-0.84730,2,6,0,-2.44949,0,6,0,0.6594,false,computational_readings_agree,,,0,pass1_independent_readings_agree,,investor,0.6225,dominant_voice_proxy,investor,resolved,pass1_retained_sufficient_confidence,0.6225,,,,,
DISC-MEDIA-0169,Marikana Commission Questions Unanswered,2014,Daily Maverick,https://www.dailymaverick.co.za/article/2014-09-17-marikana-commission-questions-unanswered/,government,0.6977,dominant_voice_proxy,12.900,1.050,0.000,3.900,0.000,0,-3.09104,0,21,0,-4.12311,0,17,0,1.0000,false,computational_readings_agree,,,0,pass1_independent_readings_agree,,government,0.6977,dominant_voice_proxy,government,resolved,pass1_retained_sufficient_confidence,0.6977,,,,,
DISC-MEDIA-0447,Lonmin Denies Allegations Of Tax Evasion,2014,Engineering News,https://www.engineeringnews.co.za/article/lonmin-denies-allegations-of-tax-evasion-2014-09-23,investor,0.9797,dominant_voice_proxy,0.350,17.200,0.000,0.000,0.000,0,-1.09861,0,2,0,-1.73205,0,3,0,0.5661,false,computational_readings_agree,,,0,pass1_independent_readings_agree,,investor,0.9797,dominant_voice_proxy,investor,resolved,pass1_retained_sufficient_confidence,0.9797,,,,,
DISC-MEDIA-0170,Marikana Sceptical Miners Await An End To The Farlam Commission,2014,Daily Maverick,https://www.dailymaverick.co.za/article/2014-09-25-marikana-sceptical-miners-await-an-end-to-the-farlam-commission/,government,0.8396,dominant_voice_proxy,26.500,2.850,0.700,4.250,0.000,0,-2.39790,0,10,0,-2.82843,0,8,0,1.0000,false,computational_readings_agree,,,0,pass1_independent_readings_agree,,government,0.8396,dominant_voice_proxy,government,resolved,pass1_retained_sufficient_confidence,0.8396,,,,,
SEC-MEDIA-0492,Platinum Strikers Could Have Shot Themselves In The Foot,2014,Engineering News,https://www.engineeringnews.co.za/article/platinum-strikers-could-have-shot-themselves-in-the-foot-2014-09-26,labour,0.7053,dominant_voice_proxy,0.000,1.400,0.000,4.750,0.000,0,-1.48647,4,6,0,-3.94949,0,6,0,1.0000,false,computational_readings_agree,,(?:strike|protest|unrest|industrial action) | strike,0,pass1_independent_readings_agree,,labour,0.7053,dominant_voice_proxy,labour,resolved,pass1_retained_sufficient_confidence,0.7053,,,,,
DISC-MEDIA-0171,Marikana The Musical A Tale Of Democracys Pitfalls,2014,Daily Maverick,https://www.dailymaverick.co.za/article/2014-10-09-marikana-the-musical-a-tale-of-democracys-pitfalls/,government,0.6667,dominant_voice_proxy,2.100,0.700,0.000,0.350,0.000,0,-1.60944,0,4,0,-2.00000,0,4,0,0.7219,false,computational_readings_agree,,,0,pass1_independent_readings_agree,,government,0.6667,dominant_voice_proxy,government,resolved,pass1_retained_sufficient_confidence,0.6667,,,,,
DISC-MEDIA-0172,Marikana Dont Touch Lonmin On Its Bermuda,2014,Daily Maverick,https://www.dailymaverick.co.za/article/2014-10-12-marikana-dont-touch-lonmin-on-its-bermuda/,investor,0.7316,dominant_voice_proxy,4.200,15.650,0.700,2.100,0.000,0,-1.09861,0,2,1,0.00000,0,0,,0.2197,true,stance_readings_disagree_or_low_margin,,,0,third_computational_adjudication_clear_margin,-0.659166,investor,0.7316,dominant_voice_proxy,investor,resolved,pass1_retained_sufficient_confidence,0.7316,,,,,
DISC-MEDIA-0173,Marikana The List Of Accused,2014,Daily Maverick,https://www.dailymaverick.co.za/article/2014-10-31-marikana-the-list-of-accused/,government,0.5723,dominant_voice_proxy,17.300,1.750,0.350,7.400,0.000,0,-2.26868,2,28,0,-4.19615,1,27,0,1.0000,false,computational_readings_agree,,,0,pass1_independent_readings_agree,,government,0.5723,dominant_voice_proxy,government,resolved,pass1_retained_sufficient_confidence,0.5723,,,,,
DISC-MEDIA-0174,Marikana How The Police Constructed Their Story,2014,Daily Maverick,https://www.dailymaverick.co.za/article/2014-11-05-marikana-how-the-police-constructed-their-story/,government,0.9456,dominant_voice_proxy,19.300,0.700,0.000,1.050,0.000,0,-1.60944,0,4,0,-2.00000,0,4,0,0.7219,false,computational_readings_agree,,,0,pass1_independent_readings_agree,,government,0.9456,dominant_voice_proxy,government,resolved,pass1_retained_sufficient_confidence,0.9456,,,,,
DISC-MEDIA-0176,Marikana Phiyega Not Fit For Office,2014,Daily Maverick,https://www.dailymaverick.co.za/article/2014-11-05-marikana-phiyega-not-fit-for-office/,government,0.5789,dominant_voice_proxy,6.650,1.400,0.000,2.800,0.000,0,-1.70475,1,10,0,-3.16228,0,10,0,0.9734,false,computational_readings_agree,,,0,pass1_independent_readings_agree,,government,0.5789,dominant_voice_proxy,government,resolved,pass1_retained_sufficient_confidence,0.5789,,,,,
DISC-MEDIA-0177,Marikana Time To Meet The Commissioners,2014,Daily Maverick,https://www.dailymaverick.co.za/article/2014-11-07-marikana-time-to-meet-the-commissioners/,government,0.9256,dominant_voice_proxy,47.700,0.700,3.200,3.550,2.500,0,-2.63906,0,13,0,-2.04989,2,12,0,0.9378,false,computational_readings_agree,,,0,pass1_independent_readings_agree,,government,0.9256,dominant_voice_proxy,government,resolved,pass1_retained_sufficient_confidence,0.9256,,,,,
DISC-MEDIA-0178,Marikana Commission Ramaphosa Mpofus Number One,2014,Daily Maverick,https://www.dailymaverick.co.za/article/2014-11-13-marikana-commission-ramaphosa-mpofus-number-one/,government,0.4573,dominant_voice_proxy,43.950,16.400,3.200,23.850,0.000,0,-2.60269,1,26,0,-4.79583,0,23,0,1.0000,false,computational_readings_agree,,,0,pass1_independent_readings_agree,,government,0.4573,dominant_voice_proxy,government,resolved,pass1_retained_sufficient_confidence,0.4573,,,,,
DISC-MEDIA-0180,The Closing Of The Marikana Commission The Thin Blue Lie,2014,Daily Maverick,https://www.dailymaverick.co.za/article/2014-11-18-the-closing-of-the-marikana-commission-the-thin-blue-lie/,government,0.8302,dominant_voice_proxy,29.150,4.950,0.700,1.750,0.000,0,-3.17805,0,23,0,-4.47214,0,20,0,1.0000,false,computational_readings_agree,,,0,pass1_independent_readings_agree,,government,0.8302,dominant_voice_proxy,government,resolved,pass1_retained_sufficient_confidence,0.8302,,,,,
DISC-MEDIA-0181,Op Ed After Marikana Commission What Now,2014,Daily Maverick,https://www.dailymaverick.co.za/article/2014-11-26-op-ed-after-marikana-commission-what-now/,government,0.5714,dominant_voice_proxy,18.900,4.200,3.200,8.100,1.400,0,-1.33500,4,18,0,-2.74166,1,14,0,0.8153,false,computational_readings_agree,,,0,pass1_independent_readings_agree,,government,0.5714,dominant_voice_proxy,government,resolved,pass1_retained_sufficient_confidence,0.5714,,,,,
DISC-MEDIA-0433,Lonmin Closes Bee Equity Gap,2014,Engineering News,https://www.engineeringnews.co.za/article/lonmin-closes-bee-equity-gap-2014-12-05,investor,0.5598,dominant_voice_proxy,0.000,12.950,2.100,5.700,0.000,1,1.09861,2,0,1,1.41421,2,0,1,0.5026,false,computational_readings_agree,,,1,pass1_independent_readings_agree,,investor,0.5598,dominant_voice_proxy,investor,resolved,pass1_retained_sufficient_confidence,0.5598,,,,,
SEC-MEDIA-0033,Mining And Money Sibanyes Struggle To Avoid A Repeat Of History,2015,Daily Maverick,https://www.dailymaverick.co.za/article/2015-03-16-mining-and-money-sibanyes-struggle-to-avoid-a-repeat-of-history/,labour,0.2621,dominant_voice_proxy,2.850,28.850,6.400,39.100,0.000,0,-1.60944,0,4,0,-1.73205,0,3,0,0.6683,false,computational_readings_agree,,,0,pass1_independent_readings_agree,,labour,0.2621,dominant_voice_proxy,labour,resolved,pass1_retained_sufficient_confidence,0.2621,,,,,
DISC-MEDIA-0389,Community Members Challenge Legality Of R564M Lonmin Bee Deal,2015,Engineering News,https://www.engineeringnews.co.za/article/community-members-challenge-legality-of-r564m-lonmin-bee-deal-2015-03-17,community,0.4689,dominant_voice_proxy,3.550,13.650,25.700,0.000,0.350,1,1.60944,4,0,1,1.00000,1,0,1,0.5219,false,computational_readings_agree,,,1,pass1_independent_readings_agree,,community,0.4689,dominant_voice_proxy,community,resolved,pass1_retained_sufficient_confidence,0.4689,,,,,
DISC-MEDIA-0182,Marikana Report Time For Justice But Will Phiyega Be Fired,2015,Daily Maverick,https://www.dailymaverick.co.za/article/2015-03-31-marikana-report-time-for-justice-but-will-phiyega-be-fired/,government,0.6372,dominant_voice_proxy,39.000,6.700,0.000,14.150,0.000,0,-3.02042,1,40,0,-5.65685,0,32,0,1.0000,false,computational_readings_agree,,,0,pass1_independent_readings_agree,,government,0.6372,dominant_voice_proxy,government,resolved,pass1_retained_sufficient_confidence,0.6372,,,,,
DISC-MEDIA-0338,Post Marikana Sa Birthing The New Student Politics,2015,Daily Maverick,https://www.dailymaverick.co.za/opinionista/2015-04-07-post-marikana-sa-birthing-the-new-student-politics/,government,0.6667,dominant_voice_proxy,2.100,0.000,0.700,0.700,0.350,0,-0.22314,3,4,0,-1.41421,0,2,0,0.3275,false,computational_readings_agree,,,0,pass1_independent_readings_agree,,government,0.6667,dominant_voice_proxy,government,resolved,pass1_retained_sufficient_confidence,0.6667,,,,,
DISC-MEDIA-0339,Rhodeshasfallen But Dont Forget Marikana Xenophobia Poverty,2015,Daily Maverick,https://www.dailymaverick.co.za/opinionista/2015-04-09-rhodeshasfallen-but-dont-forget-marikana-xenophobia-poverty/,government,0.5000,dominant_voice_proxy,1.400,0.000,0.700,0.000,0.000,0,-1.94591,0,6,0,-1.41421,0,2,0,0.6720,false,computational_readings_agree,,,0,pass1_independent_readings_agree,,government,0.5000,dominant_voice_proxy,government,resolved,pass1_retained_sufficient_confidence,0.5000,,,,,
DISC-MEDIA-0183,Open Letter To President Zuma From The Marikana Support Campaign,2015,Daily Maverick,https://www.dailymaverick.co.za/article/2015-05-06-open-letter-to-president-zuma-from-the-marikana-support-campaign/,government,0.8571,dominant_voice_proxy,4.900,0.350,0.700,0.350,0.350,0,-2.30259,0,9,0,-3.00000,0,9,0,1.0000,false,computational_readings_agree,,,0,pass1_independent_readings_agree,,government,0.8571,dominant_voice_proxy,government,resolved,pass1_retained_sufficient_confidence,0.8571,,,,,
DISC-MEDIA-0449,Lonmin Discussing Cost Reductions For Sake Of Company Employees,2015,Engineering News,https://www.engineeringnews.co.za/article/lonmin-discussing-cost-reductions-for-sake-of-company-employees-2015-05-07,investor,0.6049,dominant_voice_proxy,0.000,10.250,0.000,4.050,0.000,0,-0.69315,0,1,0,-1.00000,0,1,0,0.3386,false,computational_readings_agree,,,0,pass1_independent_readings_agree,,investor,0.6049,dominant_voice_proxy,investor,resolved,pass1_retained_sufficient_confidence,0.6049,,,,,
DISC-MEDIA-0595,Num To Fight Lonmin Job Losses,2015,Engineering News,https://www.engineeringnews.co.za/article/num-to-fight-lonmin-job-losses-2015-05-08,investor,0.1150,dominant_voice_proxy,0.000,18.700,0.000,16.550,0.000,0,-2.53629,0,3,0,-3.23205,0,3,0,1.0000,true,stakeholder_voice_low_confidence,,(?:retrenchment|job losses|layoffs) | job losses,0,pass1_independent_readings_agree,,investor,0.1150,dominant_voice_proxy,,unresolved,unresolved_stakeholder_voice_ambiguous,0.0797,0.000,27.600,0.000,25.400,0.000
DISC-MEDIA-0609,President Zuma To Release Marikana Report To The Public In Due Course,2015,Engineering News,https://www.engineeringnews.co.za/article/president-zuma-to-release-marikana-report-to-the-public-in-due-course-2015-05-11,government,0.9014,dominant_voice_proxy,3.550,0.350,0.000,0.000,0.000,0,-0.69315,0,1,0,-1.00000,0,1,0,0.3386,false,computational_readings_agree,,,0,pass1_independent_readings_agree,,government,0.9014,dominant_voice_proxy,government,resolved,pass1_retained_sufficient_confidence,0.9014,,,,,
DISC-MEDIA-0184,Marikana Massacre Pressure Continues While The President Considers Report,2015,Daily Maverick,https://www.dailymaverick.co.za/article/2015-05-12-marikana-massacre-pressure-continues-while-the-president-considers-report/,investor,0.5319,dominant_voice_proxy,7.100,23.500,2.850,11.000,0.350,0,-3.02180,1,12,0,-4.32843,0,8,0,1.0000,false,computational_readings_agree,,(?:massacre|killings?|shootings?|deaths?|torture) | massacre,0,pass1_independent_readings_agree,,investor,0.5319,dominant_voice_proxy,investor,resolved,pass1_retained_sufficient_confidence,0.5319,,,,,
DISC-MEDIA-0185,Another Perfect Storm Will Marikana Be Zumas New Nkandla,2015,Daily Maverick,https://www.dailymaverick.co.za/article/2015-05-15-another-perfect-storm-will-marikana-be-zumas-new-nkandla/,government,0.6074,dominant_voice_proxy,16.300,0.350,0.350,6.400,0.000,0,-2.48491,0,11,0,-2.64575,0,7,0,1.0000,false,computational_readings_agree,,,0,pass1_independent_readings_agree,,government,0.6074,dominant_voice_proxy,government,resolved,pass1_retained_sufficient_confidence,0.6074,,,,,
DISC-MEDIA-0186,Marikana Report In The Hands Of God And Zuma,2015,Daily Maverick,https://www.dailymaverick.co.za/article/2015-05-25-marikana-report-in-the-hands-of-god-and-zuma/,government,0.7088,dominant_voice_proxy,17.000,1.050,0.350,4.950,0.000,0,-1.29928,2,10,0,-1.41421,2,8,0,0.5427,false,computational_readings_agree,,,0,pass1_independent_readings_agree,,government,0.7088,dominant_voice_proxy,government,resolved,pass1_retained_sufficient_confidence,0.7088,,,,,
DISC-MEDIA-0569,Marikana Miners Go To Court To Force Zuma To Release Report,2015,Engineering News,https://www.engineeringnews.co.za/article/marikana-miners-go-to-court-to-force-zuma-to-release-report-2015-05-25,government,0.9298,dominant_voice_proxy,14.950,1.050,0.350,1.050,0.000,0,-1.94591,0,6,0,-2.00000,0,4,0,0.7892,false,computational_readings_agree,,,0,pass1_independent_readings_agree,,government,0.9298,dominant_voice_proxy,government,resolved,pass1_retained_sufficient_confidence,0.9298,,,,,
DISC-MEDIA-0608,Presidency Rejects Marikana Lawyers Claims,2015,Engineering News,https://www.engineeringnews.co.za/article/presidency-rejects-marikana-lawyers-claims-2015-05-25,government,0.9539,dominant_voice_proxy,22.800,1.050,0.350,1.050,0.000,0,-1.94591,0,6,0,-2.00000,0,4,0,0.7892,false,computational_readings_agree,,,0,pass1_independent_readings_agree,,government,0.9539,dominant_voice_proxy,government,resolved,pass1_retained_sufficient_confidence,0.9539,,,,,
DISC-MEDIA-0187,Marikana Report Coming To Court,2015,Daily Maverick,https://www.dailymaverick.co.za/article/2015-05-26-marikana-report-coming-to-court/,labour,0.2409,dominant_voice_proxy,12.450,0.350,0.000,16.400,0.000,0,-1.79176,0,5,0,-2.23607,0,5,0,0.8056,false,computational_readings_agree,,,0,pass1_independent_readings_agree,,labour,0.2409,dominant_voice_proxy,labour,resolved,pass1_retained_sufficient_confidence,0.2409,,,,,
DISC-MEDIA-0188,Parliament Diary Placards A Date For The Marikana Report And An F Bomb,2015,Daily Maverick,https://www.dailymaverick.co.za/article/2015-05-26-parliament-diary-placards-a-date-for-the-marikana-report-and-an-f-bomb/,government,0.1857,dominant_voice_proxy,3.500,0.000,0.000,2.850,0.000,0,-1.09861,0,2,1,0.00000,0,0,,0.2197,true,stance_readings_disagree_or_low_margin,,,0,third_computational_adjudication_clear_margin,-0.659166,government,0.1857,dominant_voice_proxy,government,resolved,pass1_retained_sufficient_confidence,0.1857,,,,,
DISC-MEDIA-0689,Zuma Promises To Release Marikana Report,2015,Engineering News,https://www.engineeringnews.co.za/article/zuma-promises-to-release-marikana-report-2015-05-26,government,0.9014,dominant_voice_proxy,3.550,0.350,0.350,0.000,0.000,0,-1.09861,0,2,0,-1.00000,0,1,0,0.4197,false,computational_readings_agree,,,0,pass1_independent_readings_agree,,government,0.9014,dominant_voice_proxy,government,resolved,pass1_retained_sufficient_confidence,0.9014,,,,,
DISC-MEDIA-0340,Marikana The Breakdown In More Ways Than One,2015,Daily Maverick,https://www.dailymaverick.co.za/opinionista/2015-06-02-marikana-the-breakdown-in-more-ways-than-one/,investor,0.0100,dominant_voice_proxy,4.200,5.000,4.600,4.950,0.000,0,-2.83321,0,16,0,-3.16228,0,10,0,1.0000,true,stakeholder_voice_low_confidence,,,0,pass1_independent_readings_agree,,investor,0.0100,dominant_voice_proxy,investor,resolved,third_pass_attributed_voice_clear_margin,0.7150,2.400,6.000,3.800,3.000,0.000
DISC-MEDIA-0189,Marikana Report Court Papers Filed,2015,Daily Maverick,https://www.dailymaverick.co.za/article/2015-06-03-marikana-report-court-papers-filed/,labour,0.2812,dominant_voice_proxy,4.600,0.700,0.000,6.400,0.350,0,-1.09861,2,8,0,-0.31784,2,3,0,0.2833,false,computational_readings_agree,,,0,pass1_independent_readings_agree,,labour,0.2812,dominant_voice_proxy,labour,resolved,pass1_retained_sufficient_confidence,0.2812,,,,,
DISC-MEDIA-0415,Legal Action Looming Over Marikana Report,2015,Engineering News,https://www.engineeringnews.co.za/article/legal-action-looming-over-marikana-report-2015-06-03,investor,0.5289,dominant_voice_proxy,2.850,6.050,0.000,0.350,0.000,0,-1.60944,0,4,0,-1.41421,0,2,0,0.6047,false,computational_readings_agree,,,0,pass1_independent_readings_agree,,investor,0.5289,dominant_voice_proxy,investor,resolved,pass1_retained_sufficient_confidence,0.5289,,,,,
DISC-MEDIA-0190,Marikana Report The Pain While President Zuma Applies His Mind,2015,Daily Maverick,https://www.dailymaverick.co.za/article/2015-06-08-marikana-report-the-pain-while-president-zuma-applies-his-mind/,labour,0.3171,dominant_voice_proxy,5.600,3.550,4.950,8.200,1.400,0,-1.94591,0,6,0,-1.73205,0,3,0,0.7356,false,computational_readings_agree,,,0,pass1_independent_readings_agree,,labour,0.3171,dominant_voice_proxy,labour,resolved,pass1_retained_sufficient_confidence,0.3171,,,,,
DISC-MEDIA-0393,Court To Hear Urgent Marikana Application,2015,Engineering News,https://www.engineeringnews.co.za/article/court-to-hear-urgent-marikana-application-2015-06-08,labour,0.1795,dominant_voice_proxy,3.200,0.350,0.350,3.900,0.000,0,-1.94591,0,6,0,-2.23607,0,5,0,0.8364,false,computational_readings_agree,,,0,pass1_independent_readings_agree,,labour,0.1795,dominant_voice_proxy,labour,resolved,pass1_retained_sufficient_confidence,0.1795,,,,,
DISC-MEDIA-0414,Judge To Take Time To Consider Judgment On Marikana Report,2015,Engineering News,https://www.engineeringnews.co.za/article/judge-to-take-time-to-consider-judgment-on-marikana-report-2015-06-09,community,0.1847,dominant_voice_proxy,2.850,0.700,7.850,6.400,2.500,0,-1.79176,0,5,0,-2.23607,0,5,0,0.8056,false,computational_readings_agree,,,0,pass1_independent_readings_agree,,community,0.1847,dominant_voice_proxy,community,resolved,pass1_retained_sufficient_confidence,0.1847,,,,,
DISC-MEDIA-0387,Community Members Accelerate Bid Against Key R564M Lonmin Bee Deal,2015,Engineering News,https://www.engineeringnews.co.za/article/community-members-accelerate-bid-against-key-r564m-lonmin-bee-deal-2015-06-11,community,0.7255,dominant_voice_proxy,0.700,6.850,24.950,0.000,0.350,1,0.98083,7,2,1,0.00000,1,1,1,0.1962,false,computational_readings_agree,,,1,pass1_independent_readings_agree,,community,0.7255,dominant_voice_proxy,community,resolved,pass1_retained_sufficient_confidence,0.7255,,,,,
DISC-MEDIA-0553,Marikana Application Dismissed,2015,Engineering News,https://www.engineeringnews.co.za/article/marikana-application-dismissed-2015-06-15,government,0.2077,dominant_voice_proxy,10.350,0.350,5.000,8.200,0.000,0,-1.79176,0,5,0,-2.00000,0,4,0,0.7584,false,computational_readings_agree,,,0,pass1_independent_readings_agree,,government,0.2077,dominant_voice_proxy,government,resolved,pass1_retained_sufficient_confidence,0.2077,,,,,
DISC-MEDIA-0598,Opposition Parties Condemn Zumas Defence On Marikana Cops,2015,Engineering News,https://www.engineeringnews.co.za/article/opposition-parties-condemn-zumas-defence-on-marikana-cops-2015-06-24,government,0.3421,dominant_voice_proxy,11.400,0.350,7.500,5.000,0.000,0,-3.09591,0,6,0,-1.73205,0,3,0,0.9656,false,computational_readings_agree,,opposition,0,pass1_independent_readings_agree,,government,0.3421,dominant_voice_proxy,government,resolved,pass1_retained_sufficient_confidence,0.3421,,,,,
DISC-MEDIA-0191,Marikana The Day President Zuma Added Insult To Injury,2015,Daily Maverick,https://www.dailymaverick.co.za/article/2015-06-25-marikana-the-day-president-zuma-added-insult-to-injury/,government,0.6022,dominant_voice_proxy,13.450,0.350,5.350,1.050,0.000,0,-2.19722,1,17,0,-3.46410,0,12,0,1.0000,false,computational_readings_agree,,,0,pass1_independent_readings_agree,,government,0.6022,dominant_voice_proxy,government,resolved,pass1_retained_sufficient_confidence,0.6022,,,,,
DISC-MEDIA-0690,Zuma Set To Release Marikana Report On Thursday,2015,Engineering News,https://www.engineeringnews.co.za/article/zuma-set-to-release-marikana-report-on-thursday-2015-06-25,government,0.9014,dominant_voice_proxy,3.550,0.350,0.000,0.000,0.000,0,-0.69315,0,1,0,-1.00000,0,1,0,0.3386,false,computational_readings_agree,,,0,pass1_independent_readings_agree,,government,0.9014,dominant_voice_proxy,government,resolved,pass1_retained_sufficient_confidence,0.9014,,,,,
DISC-MEDIA-0192,Marikana Report The Continuing Injustice For The People Of A Lesser God,2015,Daily Maverick,https://www.dailymaverick.co.za/article/2015-06-26-marikana-report-the-continuing-injustice-for-the-people-of-a-lesser-god/,government,0.6667,dominant_voice_proxy,40.500,6.000,3.200,13.500,0.000,0,-1.38629,4,19,0,-2.32744,2,14,0,0.7427,false,computational_readings_agree,,,0,pass1_independent_readings_agree,,government,0.6667,dominant_voice_proxy,government,resolved,pass1_retained_sufficient_confidence,0.6667,,,,,
DISC-MEDIA-0341,Judge Farlams Accidental Massacre,2015,Daily Maverick,https://www.dailymaverick.co.za/opinionista/2015-06-26-judge-farlams-accidental-massacre/,government,0.6195,dominant_voice_proxy,15.900,6.050,1.400,0.700,0.700,0,-4.09444,0,18,0,-5.24166,0,14,0,1.0000,false,computational_readings_agree,,(?:massacre|killings?|shootings?|deaths?|torture) | massacre,0,pass1_independent_readings_agree,,government,0.6195,dominant_voice_proxy,government,resolved,pass1_retained_sufficient_confidence,0.6195,,,,,
DISC-MEDIA-0385,Commission Of Inquiry Into The Marikana Massacre Outcomes,2015,Engineering News,https://www.engineeringnews.co.za/article/commission-of-inquiry-into-the-marikana-massacre-outcomes-2015-06-26,government,0.8955,dominant_voice_proxy,3.350,0.350,0.000,0.000,0.000,0,-1.84315,0,1,0,-2.50000,0,1,0,0.8686,false,computational_readings_agree,,(?:massacre|killings?|shootings?|deaths?|torture) | massacre,0,pass1_independent_readings_agree,,government,0.8955,dominant_voice_proxy,government,resolved,pass1_retained_sufficient_confidence,0.8955,,,,,
DISC-MEDIA-0555,Marikana Commission Findings To Be Implemented Zuma,2015,Engineering News,https://www.engineeringnews.co.za/article/marikana-commission-findings-to-be-implemented-zuma-2015-06-26,government,0.9227,dominant_voice_proxy,9.050,0.700,0.000,0.000,0.000,0,-1.79176,0,5,0,-1.41421,0,2,0,0.6412,false,computational_readings_agree,,,0,pass1_independent_readings_agree,,government,0.9227,dominant_voice_proxy,government,resolved,pass1_retained_sufficient_confidence,0.9227,,,,,
DISC-MEDIA-0193,Marikana Report Aftermath This Is Too Painful,2015,Daily Maverick,https://www.dailymaverick.co.za/article/2015-06-29-marikana-report-aftermath-this-is-too-painful/,government,0.8117,dominant_voice_proxy,18.850,1.750,0.700,3.550,0.000,0,-1.67398,2,15,0,-1.58579,2,9,0,0.6520,false,computational_readings_agree,,,0,pass1_independent_readings_agree,,government,0.8117,dominant_voice_proxy,government,resolved,pass1_retained_sufficient_confidence,0.8117,,,,,
DISC-MEDIA-0194,Op Ed In The Shadow Of Marikana A Lost Opportunity For Justice,2015,Daily Maverick,https://www.dailymaverick.co.za/article/2015-06-29-op-ed-in-the-shadow-of-marikana-a-lost-opportunity-for-justice/,government,0.5967,dominant_voice_proxy,18.350,3.500,4.250,7.400,0.000,0,-1.79176,2,17,0,-2.87298,1,15,0,0.9329,false,computational_readings_agree,,,0,pass1_independent_readings_agree,,government,0.5967,dominant_voice_proxy,government,resolved,pass1_retained_sufficient_confidence,0.5967,,,,,
DISC-MEDIA-0398,Farlam Report Raises Issues About Mining Stability As A Whole,2015,Engineering News,https://www.engineeringnews.co.za/article/farlam-report-raises-issues-about-mining-stability-as-a-whole-2015-06-29,government,0.0433,dominant_voice_proxy,33.500,32.050,0.700,4.950,11.050,0,-1.16315,4,15,0,-2.32744,2,14,0,0.6981,true,stakeholder_voice_low_confidence,,,0,pass1_independent_readings_agree,,government,0.0433,dominant_voice_proxy,,unresolved,unresolved_stakeholder_voice_ambiguous,0.1250,43.200,37.800,0.000,3.800,14.400
DISC-MEDIA-0195,After Marikana Report The Widows Talk About Life Of Hardship And Pain,2015,Daily Maverick,https://www.dailymaverick.co.za/article/2015-06-30-after-marikana-report-the-widows-talk-about-life-of-hardship-and-pain/,government,0.4889,dominant_voice_proxy,13.500,3.900,6.900,2.800,0.000,0,-2.30259,1,19,0,-2.31662,1,11,0,0.9238,false,computational_readings_agree,,,0,pass1_independent_readings_agree,,government,0.4889,dominant_voice_proxy,government,resolved,pass1_retained_sufficient_confidence,0.4889,,,,,
DISC-MEDIA-0196,The Curious Case Of The Ancs Post Marikana Silence,2015,Daily Maverick,https://www.dailymaverick.co.za/article/2015-06-30-the-curious-case-of-the-ancs-post-marikana-silence/,labour,0.4176,dominant_voice_proxy,4.950,0.700,0.000,8.500,0.000,0,-1.38629,0,3,0,-1.73205,0,3,0,0.6237,false,computational_readings_agree,,,0,pass1_independent_readings_agree,,labour,0.4176,dominant_voice_proxy,labour,resolved,pass1_retained_sufficient_confidence,0.4176,,,,,
DISC-MEDIA-0197,Women Of Marikana Lodge World Bank Complaint Against Lonmin,2015,Daily Maverick,https://www.dailymaverick.co.za/article/2015-06-30-women-of-marikana-lodge-world-bank-complaint-against-lonmin/,investor,0.8198,dominant_voice_proxy,1.400,19.700,3.550,0.350,0.000,0,-0.69315,2,5,0,-2.23607,0,5,0,0.5858,false,computational_readings_agree,,,0,pass1_independent_readings_agree,,investor,0.8198,dominant_voice_proxy,investor,resolved,pass1_retained_sufficient_confidence,0.8198,,,,,
DISC-MEDIA-0198,Podcast Marikana The Fallout,2015,Daily Maverick,https://www.dailymaverick.co.za/article/2015-07-01-podcast-marikana-the-fallout/,community,0.0000,dominant_voice_proxy,0.000,0.000,0.350,0.350,0.000,0,-0.69315,0,1,0,-1.00000,0,1,0,0.3386,true,stakeholder_voice_low_confidence,,,0,pass1_independent_readings_agree,,community,0.0000,dominant_voice_proxy,,unresolved,unresolved_stakeholder_voice_ambiguous,0.0000,0.000,0.000,0.800,0.800,0.000
DISC-MEDIA-0343,Marikana Reflects The Accountability Deficit Of Zumas Administration,2015,Daily Maverick,https://www.dailymaverick.co.za/opinionista/2015-07-06-marikana-reflects-the-accountability-deficit-of-zumas-administration/,government,0.4000,dominant_voice_proxy,1.750,0.350,1.050,0.350,0.000,0,-1.09861,2,8,0,-1.41421,2,8,0,0.5026,false,computational_readings_agree,,,0,pass1_independent_readings_agree,,government,0.4000,dominant_voice_proxy,government,resolved,pass1_retained_sufficient_confidence,0.4000,,,,,
DISC-MEDIA-0199,Baggage Or Collateral Damage Marikana And Ramaphosas Path To The Presidency,2015,Daily Maverick,https://www.dailymaverick.co.za/article/2015-07-07-baggage-or-collateral-damage-marikana-and-ramaphosas-path-to-the-presidency/,government,0.4297,dominant_voice_proxy,12.450,6.750,0.000,7.100,0.000,0,-2.56495,0,12,0,-2.44949,0,6,0,1.0000,false,computational_readings_agree,,,0,pass1_independent_readings_agree,,government,0.4297,dominant_voice_proxy,government,resolved,pass1_retained_sufficient_confidence,0.4297,,,,,
DISC-MEDIA-0200,Marikana Will Saps Do The Right Thing,2015,Daily Maverick,https://www.dailymaverick.co.za/article/2015-07-08-marikana-will-saps-do-the-right-thing/,government,0.8117,dominant_voice_proxy,18.850,3.550,0.000,1.750,0.700,0,-1.60944,1,9,0,-2.00000,1,9,0,0.7219,false,computational_readings_agree,,,0,pass1_independent_readings_agree,,government,0.8117,dominant_voice_proxy,government,resolved,pass1_retained_sufficient_confidence,0.8117,,,,,
DISC-MEDIA-0572,Marikana Report Response,2015,Engineering News,https://www.engineeringnews.co.za/article/marikana-report-response-2015-07-10,investor,0.2924,dominant_voice_proxy,6.050,8.550,0.000,5.350,5.700,0,-2.30259,0,9,0,-3.00000,0,9,0,1.0000,false,computational_readings_agree,,,0,pass1_independent_readings_agree,,investor,0.2924,dominant_voice_proxy,investor,resolved,pass1_retained_sufficient_confidence,0.2924,,,,,
DISC-MEDIA-0201,Marikanas Deep Throat Charge Brigadier Malahlela Unravel Police Lies And Deceit,2015,Daily Maverick,https://www.dailymaverick.co.za/article/2015-07-20-marikanas-deep-throat-charge-brigadier-malahlela-unravel-police-lies-and-deceit/,government,0.8708,dominant_voice_proxy,13.550,1.750,0.000,0.700,0.000,0,-1.79176,0,5,0,-2.23607,0,5,0,0.8056,false,computational_readings_agree,,,0,pass1_independent_readings_agree,,government,0.8708,dominant_voice_proxy,government,resolved,pass1_retained_sufficient_confidence,0.8708,,,,,
DISC-MEDIA-0594,Num Shocked By Lonmin Cutting Thousands Of Jobs,2015,Engineering News,https://www.engineeringnews.co.za/article/num-shocked-by-lonmin-cutting-thousands-of-jobs-2015-07-24,labour,0.3876,dominant_voice_proxy,0.350,15.800,0.000,25.800,0.000,0,-2.30259,0,9,0,-2.64575,0,7,0,0.9897,false,computational_readings_agree,,,0,pass1_independent_readings_agree,,labour,0.3876,dominant_voice_proxy,labour,resolved,pass1_retained_sufficient_confidence,0.3876,,,,,
DISC-MEDIA-0202,Op Ed Marikana Justice Delayed Is Justice Denied,2015,Daily Maverick,https://www.dailymaverick.co.za/article/2015-07-30-op-ed-marikana-justice-delayed-is-justice-denied/,government,0.8462,dominant_voice_proxy,4.550,0.350,0.700,0.700,0.000,0,-0.81093,3,8,0,-1.23154,2,7,0,0.4085,false,computational_readings_agree,,,0,pass1_independent_readings_agree,,government,0.8462,dominant_voice_proxy,government,resolved,pass1_retained_sufficient_confidence,0.8462,,,,,
DISC-MEDIA-0344,Marikana A Lesson In The Vulnerability Of The Black Body,2015,Daily Maverick,https://www.dailymaverick.co.za/opinionista/2015-08-12-marikana-a-lesson-in-the-vulnerability-of-the-black-body/,government,0.8095,dominant_voice_proxy,7.350,0.000,1.050,1.400,0.000,0,-3.29584,0,26,0,-4.58258,0,21,0,1.0000,false,computational_readings_agree,,,0,pass1_independent_readings_agree,,government,0.8095,dominant_voice_proxy,government,resolved,pass1_retained_sufficient_confidence,0.8095,,,,,
DISC-MEDIA-0558,Marikana Families Sue Police Minister,2015,Engineering News,https://www.engineeringnews.co.za/article/marikana-families-sue-police-minister-2015-08-12,government,0.2588,dominant_voice_proxy,19.900,0.700,14.750,6.400,10.700,0,-1.09861,1,5,0,-0.73205,1,3,0,0.3661,false,computational_readings_agree,,,0,pass1_independent_readings_agree,,government,0.2588,dominant_voice_proxy,government,resolved,pass1_retained_sufficient_confidence,0.2588,,,,,
DISC-MEDIA-0203,Marikana Families To Nhleko Payusthemoney,2015,Daily Maverick,https://www.dailymaverick.co.za/article/2015-08-14-marikana-families-to-nhleko-payusthemoney/,government,0.3133,dominant_voice_proxy,26.650,10.700,18.300,12.800,8.550,0,-0.98083,5,15,0,-1.08056,5,11,0,0.4123,false,computational_readings_agree,,,0,pass1_independent_readings_agree,,government,0.3133,dominant_voice_proxy,government,resolved,pass1_retained_sufficient_confidence,0.3133,,,,,
DISC-MEDIA-0204,Marikana Three Years On Political Posturing Vs The Quest For Truth And Closure,2015,Daily Maverick,https://www.dailymaverick.co.za/article/2015-08-14-marikana-three-years-on-political-posturing-vs-the-quest-for-truth-and-closure/,government,0.5402,dominant_voice_proxy,44.150,0.700,7.100,20.300,0.350,0,-1.48160,4,21,0,-1.87298,4,15,0,0.6709,false,computational_readings_agree,,,0,pass1_independent_readings_agree,,government,0.5402,dominant_voice_proxy,government,resolved,pass1_retained_sufficient_confidence,0.5402,,,,,
DISC-MEDIA-0205,Marikana Three Years On Workers Call For Justice But Justice Doesnt Come,2015,Daily Maverick,https://www.dailymaverick.co.za/article/2015-08-17-marikana-three-years-on-workers-call-for-justice-but-justice-doesnt-come/,labour,0.4290,dominant_voice_proxy,10.650,4.250,7.500,18.650,0.000,0,-1.20397,2,9,0,-0.82185,2,5,0,0.4052,false,computational_readings_agree,,,0,pass1_independent_readings_agree,,labour,0.4290,dominant_voice_proxy,labour,resolved,pass1_retained_sufficient_confidence,0.4290,,,,,
DISC-MEDIA-0206,Marikana I Dont See Any Difference In Living Conditions,2015,Daily Maverick,https://www.dailymaverick.co.za/article/2015-08-18-marikana-i-dont-see-any-difference-in-living-conditions/,community,0.1406,dominant_voice_proxy,7.100,11.000,12.800,1.750,0.000,1,0.00000,10,10,0,-2.16228,1,10,,0.2883,true,stance_readings_disagree_or_low_margin,,,0,third_computational_adjudication_clear_margin,-0.864912,community,0.1406,dominant_voice_proxy,community,resolved,pass1_retained_sufficient_confidence,0.1406,,,,,
DISC-MEDIA-0207,Analysis Marikana And Roodepoort Reflect South Africas Policing Crisis,2015,Daily Maverick,https://www.dailymaverick.co.za/article/2015-08-20-analysis-marikana-and-roodepoort-reflect-south-africas-policing-crisis/,government,0.6782,dominant_voice_proxy,18.800,6.050,1.050,0.000,0.000,0,-2.30259,0,9,0,-2.00000,0,4,0,0.8605,false,computational_readings_agree,,,0,pass1_independent_readings_agree,,government,0.6782,dominant_voice_proxy,government,resolved,pass1_retained_sufficient_confidence,0.6782,,,,,
SEC-MEDIA-0267,Anc Sold Its People To The Highest Bidder Says Amcu Leader,2015,Engineering News,https://www.engineeringnews.co.za/article/anc-sold-its-people-to-the-highest-bidder-says-amcu-leader-2015-08-21,labour,0.9903,dominant_voice_proxy,0.000,0.350,0.000,36.200,0.000,0,-1.60944,0,4,0,-2.00000,0,4,0,0.7219,false,computational_readings_agree,,,0,pass1_independent_readings_agree,,labour,0.9903,dominant_voice_proxy,labour,resolved,pass1_retained_sufficient_confidence,0.9903,,,,,
DISC-MEDIA-0208,Parliament Nhleko Is Impressive But Marikana Victims Are Still Waiting,2015,Daily Maverick,https://www.dailymaverick.co.za/article/2015-09-03-parliament-nhleko-is-impressive-but-marikana-victims-are-still-waiting/,government,0.9055,dominant_voice_proxy,33.850,0.700,2.850,3.200,0.000,1,0.91629,4,1,1,1.41421,2,0,1,0.4661,false,computational_readings_agree,,,1,pass1_independent_readings_agree,,government,0.9055,dominant_voice_proxy,government,resolved,pass1_retained_sufficient_confidence,0.9055,,,,,
DISC-MEDIA-0209,Marikana Another Delay And A Hint Of Compensation,2015,Daily Maverick,https://www.dailymaverick.co.za/article/2015-09-15-marikana-another-delay-and-a-hint-of-compensation/,government,0.8362,dominant_voice_proxy,25.950,0.000,4.250,3.900,3.900,1,0.89869,6,8,1,1.50000,3,3,1,0.4797,false,computational_readings_agree,(?:healing|renewal|reconciliation|remediation|redress|compensation|restorative) | compensation,,1,pass1_independent_readings_agree,,government,0.8362,dominant_voice_proxy,government,resolved,pass1_retained_sufficient_confidence,0.8362,,,,,
DISC-MEDIA-0565,Marikana Legal Aid What We Wanted Organisation,2015,Engineering News,https://www.engineeringnews.co.za/article/marikana-legal-aid-what-we-wanted-organisation-2015-09-25,investor,0.6316,dominant_voice_proxy,1.050,2.850,0.000,0.000,0.000,1,0.00000,1,1,0,-1.00000,0,1,,0.1333,true,stance_readings_disagree_or_low_margin,,,0,third_computational_adjudication_clear_margin,-0.400000,investor,0.6316,dominant_voice_proxy,investor,resolved,pass1_retained_sufficient_confidence,0.6316,,,,,
DISC-MEDIA-0210,Marikana Zuma Opens Compensation Discussions,2015,Daily Maverick,https://www.dailymaverick.co.za/article/2015-09-29-marikana-zuma-opens-compensation-discussions/,government,0.7033,dominant_voice_proxy,22.750,0.350,3.900,6.750,5.700,1,1.90377,16,7,1,3.37350,13,3,1,1.0000,false,computational_readings_agree,(?:healing|renewal|reconciliation|remediation|redress|compensation|restorative) | compensation,,1,pass1_independent_readings_agree,,government,0.7033,dominant_voice_proxy,government,resolved,pass1_retained_sufficient_confidence,0.7033,,,,,
DISC-MEDIA-0688,Zuma Fast Tracks Compensation For Marikana Families,2015,Engineering News,https://www.engineeringnews.co.za/article/zuma-fast-tracks-compensation-for-marikana-families-2015-09-30,government,0.6447,dominant_voice_proxy,17.450,0.350,6.200,0.350,0.700,1,1.66083,4,2,1,2.08579,4,2,1,0.7493,false,computational_readings_agree,(?:healing|renewal|reconciliation|remediation|redress|compensation|restorative) | compensation,,1,pass1_independent_readings_agree,,government,0.6447,dominant_voice_proxy,government,resolved,pass1_retained_sufficient_confidence,0.6447,,,,,
DISC-MEDIA-0211,Op Ed Piketty Misses The Mark On Marikana,2015,Daily Maverick,https://www.dailymaverick.co.za/article/2015-10-06-op-ed-piketty-misses-the-mark-on-marikana/,labour,0.5956,dominant_voice_proxy,3.850,4.550,0.350,11.250,0.000,0,-1.85630,4,31,0,-4.79583,0,23,0,1.0000,false,computational_readings_agree,,,0,pass1_independent_readings_agree,,labour,0.5956,dominant_voice_proxy,labour,resolved,pass1_retained_sufficient_confidence,0.5956,,,,,
DISC-MEDIA-0502,Lonmin Shanduka Black Umbrellas Partnership Contributes Positively To Small Business Development,2015,Engineering News,https://www.engineeringnews.co.za/article/lonmin-shanduka-black-umbrellas-partnership-contributes-positively-to-small-business-development-2015-10-09,investor,0.5055,dominant_voice_proxy,0.000,13.650,6.750,0.000,0.000,1,2.24861,2,0,1,0.00000,0,0,1,0.4497,false,computational_readings_agree,partnership,,1,pass1_independent_readings_agree,,investor,0.5055,dominant_voice_proxy,investor,resolved,pass1_retained_sufficient_confidence,0.5055,,,,,
DISC-MEDIA-0408,Govt To Expedite Processing Of Marikana Civil Claims,2015,Engineering News,https://www.engineeringnews.co.za/article/govt-to-expedite-processing-of-marikana-civil-claims-2015-10-14,government,0.4831,dominant_voice_proxy,10.350,0.350,5.350,2.850,0.000,0,-0.69315,0,1,0,-1.00000,0,1,0,0.3386,false,computational_readings_agree,,,0,pass1_independent_readings_agree,,government,0.4831,dominant_voice_proxy,government,resolved,pass1_retained_sufficient_confidence,0.4831,,,,,
DISC-MEDIA-0212,Parliament Diary Marikana Still Dogs Ramaphosa,2015,Daily Maverick,https://www.dailymaverick.co.za/article/2015-11-12-parliament-diary-marikana-still-dogs-ramaphosa/,government,0.1239,dominant_voice_proxy,5.650,0.700,0.000,4.950,0.000,0,-1.54045,2,13,0,-1.23154,2,7,0,0.5544,false,computational_readings_agree,,,0,pass1_independent_readings_agree,,government,0.1239,dominant_voice_proxy,government,resolved,pass1_retained_sufficient_confidence,0.1239,,,,,
DISC-MEDIA-0213,Marikana Cyril Cited Compensation Slated,2015,Daily Maverick,https://www.dailymaverick.co.za/article/2015-11-13-marikana-cyril-cited-compensation-slated/,government,0.5000,dominant_voice_proxy,13.500,2.850,5.700,6.750,3.200,1,1.31705,12,10,1,1.50000,7,7,1,0.5634,false,computational_readings_agree,(?:healing|renewal|reconciliation|remediation|redress|compensation|restorative) | compensation,,1,pass1_independent_readings_agree,,government,0.5000,dominant_voice_proxy,government,resolved,pass1_retained_sufficient_confidence,0.5000,,,,,
DISC-MEDIA-0214,Marikana What Compensation Discussions,2015,Daily Maverick,https://www.dailymaverick.co.za/article/2015-12-07-marikana-what-compensation-discussions/,government,0.4157,dominant_voice_proxy,12.750,0.350,7.450,4.250,2.500,1,1.35067,10,8,1,2.50000,9,4,1,0.7701,false,computational_readings_agree,(?:healing|renewal|reconciliation|remediation|redress|compensation|restorative) | compensation,,1,pass1_independent_readings_agree,,government,0.4157,dominant_voice_proxy,government,resolved,pass1_retained_sufficient_confidence,0.4157,,,,,
DISC-MEDIA-0215,Presidency Marikana Compensation Talks To Begin In January,2015,Daily Maverick,https://www.dailymaverick.co.za/article/2015-12-08-presidency-marikana-compensation-talks-to-begin-in-january/,government,0.4693,dominant_voice_proxy,11.400,1.050,6.050,3.900,2.500,1,1.62000,7,4,1,2.14575,7,4,1,0.7532,false,computational_readings_agree,(?:healing|renewal|reconciliation|remediation|redress|compensation|restorative) | compensation,,1,pass1_independent_readings_agree,,government,0.4693,dominant_voice_proxy,government,resolved,pass1_retained_sufficient_confidence,0.4693,,,,,
DISC-MEDIA-0493,Lonmin Rights Issue Undersubscribed,2015,Engineering News,https://www.engineeringnews.co.za/article/lonmin-rights-issue-undersubscribed-2015-12-11,investor,0.9429,dominant_voice_proxy,0.000,12.250,0.700,0.000,0.000,1,0.69315,1,0,1,0.00000,0,0,,0.1386,true,stance_readings_disagree_or_low_margin,,,1,third_computational_adjudication_clear_margin,0.415890,investor,0.9429,dominant_voice_proxy,investor,resolved,pass1_retained_sufficient_confidence,0.9429,,,,,
DISC-MEDIA-0411,Independent Panel Of Experts To Help Implement Farlam Commission Findings,2016,Engineering News,https://www.engineeringnews.co.za/article/independent-panel-of-experts-to-help-implement-farlam-commission-findings-2016-01-25,government,0.9412,dominant_voice_proxy,11.900,0.700,0.000,0.350,0.000,0,-1.09861,0,2,1,0.00000,1,1,,0.2197,true,stance_readings_disagree_or_low_margin,,,0,third_computational_adjudication_clear_margin,-0.659166,government,0.9412,dominant_voice_proxy,government,resolved,pass1_retained_sufficient_confidence,0.9412,,,,,
DISC-MEDIA-0376,Announcement On Farlam Inquiry Soon Nhleko,2016,Engineering News,https://www.engineeringnews.co.za/article/announcement-on-farlam-inquiry-soon-nhleko-2016-04-22,government,0.9707,dominant_voice_proxy,23.900,0.700,0.350,0.350,0.000,0,-0.69315,1,3,0,-1.41421,0,2,0,0.4215,false,computational_readings_agree,,,0,pass1_independent_readings_agree,,government,0.9707,dominant_voice_proxy,government,resolved,pass1_retained_sufficient_confidence,0.9707,,,,,
DISC-MEDIA-0216,Marikana Phiyegas Inquiry Begins As Compensation Is Still Elusive,2016,Daily Maverick,https://www.dailymaverick.co.za/article/2016-05-05-marikana-phiyegas-inquiry-begins-as-compensation-is-still-elusive/,government,0.7355,dominant_voice_proxy,24.200,3.200,5.350,6.400,5.350,1,0.86232,5,7,1,1.26393,4,5,1,0.4252,false,computational_readings_agree,(?:healing|renewal|reconciliation|remediation|redress|compensation|restorative) | compensation,,1,pass1_independent_readings_agree,,government,0.7355,dominant_voice_proxy,government,resolved,pass1_retained_sufficient_confidence,0.7355,,,,,
SEC-MEDIA-0239,Amcu To Set Wage Demands For Platinum Sector,2016,Engineering News,https://www.engineeringnews.co.za/article/amcu-to-set-wage-demands-for-platinum-sector-2016-05-16,labour,0.6195,dominant_voice_proxy,0.000,8.200,0.000,21.550,0.000,0,-1.38629,0,3,0,-3.94949,0,6,0,1.0000,false,computational_readings_agree,,"(?:wage|pay).{0,30}(?:dispute|demand|strike)",0,pass1_independent_readings_agree,,labour,0.6195,dominant_voice_proxy,labour,resolved,pass1_retained_sufficient_confidence,0.6195,,,,,
DISC-MEDIA-0217,Shadow Play State Security Marikana And A Bogus Union,2016,Daily Maverick,https://www.dailymaverick.co.za/article/2016-06-02-shadow-play-state-security-marikana-and-a-bogus-union/,government,0.6120,dominant_voice_proxy,33.250,11.000,2.850,12.900,0.000,0,-2.19722,0,8,0,-2.44949,0,6,0,0.9293,false,computational_readings_agree,,,0,pass1_independent_readings_agree,,government,0.6120,dominant_voice_proxy,government,resolved,pass1_retained_sufficient_confidence,0.6120,,,,,
DISC-MEDIA-0218,Op Ed From Soweto To Marikana Police Action And Inaction Then And Now,2016,Daily Maverick,https://www.dailymaverick.co.za/article/2016-06-16-op-ed-from-soweto-to-marikana-police-action-and-inaction-then-and-now/,government,0.9307,dominant_voice_proxy,20.200,0.000,1.400,1.400,0.000,0,-1.55814,3,18,0,-2.00000,1,9,0,0.7116,false,computational_readings_agree,,,0,pass1_independent_readings_agree,,government,0.9307,dominant_voice_proxy,government,resolved,pass1_retained_sufficient_confidence,0.9307,,,,,
SEC-MEDIA-0230,Amcu Tables Wage Demand In The Platinum Sector,2016,Engineering News,https://www.engineeringnews.co.za/article/amcu-tables-wage-demand-in-the-platinum-sector-2016-07-12,labour,0.9251,dominant_voice_proxy,0.000,0.700,0.000,9.350,0.000,0,-0.40547,1,2,0,-3.50000,0,4,0,0.7811,false,computational_readings_agree,,"(?:wage|pay).{0,30}(?:dispute|demand|strike)",0,pass1_independent_readings_agree,,labour,0.9251,dominant_voice_proxy,labour,resolved,pass1_retained_sufficient_confidence,0.9251,,,,,
DISC-MEDIA-0220,Marikana The Missing Consequences Of A Massacre,2016,Daily Maverick,https://www.dailymaverick.co.za/article/2016-08-11-marikana-the-missing-consequences-of-a-massacre/,labour,0.3089,dominant_voice_proxy,12.750,7.100,6.400,18.450,0.000,0,-3.02180,3,25,0,-4.24009,3,20,0,1.0000,false,computational_readings_agree,,(?:massacre|killings?|shootings?|deaths?|torture) | massacre,0,pass1_independent_readings_agree,,labour,0.3089,dominant_voice_proxy,labour,resolved,pass1_retained_sufficient_confidence,0.3089,,,,,
DISC-MEDIA-0374,Amnesty Condemns Lonmin Housing As Miner Sees More Spending Cuts,2016,Engineering News,https://www.engineeringnews.co.za/article/amnesty-condemns-lonmin-housing-as-miner-sees-more-spending-cuts-2016-08-15,investor,0.3472,dominant_voice_proxy,8.200,24.050,0.000,15.700,0.000,1,0.40547,5,3,0,-1.73205,0,3,,0.1498,true,stance_readings_disagree_or_low_margin,,,0,third_computational_adjudication_clear_margin,-0.449538,investor,0.3472,dominant_voice_proxy,investor,resolved,pass1_retained_sufficient_confidence,0.3472,,,,,
DISC-MEDIA-0221,Marikana And The Feesmustfall Generation Behind The Drama Lies Sas Challenge,2016,Daily Maverick,https://www.dailymaverick.co.za/article/2016-08-16-marikana-and-the-feesmustfall-generation-behind-the-drama-lies-sas-challenge/,labour,0.2662,dominant_voice_proxy,1.750,5.650,1.050,7.700,0.000,0,-2.01490,1,14,0,-2.46410,1,12,0,0.8958,false,computational_readings_agree,,,0,pass1_independent_readings_agree,,labour,0.2662,dominant_voice_proxy,labour,resolved,pass1_retained_sufficient_confidence,0.2662,,,,,
DISC-MEDIA-0222,Marikana On Edge Occupiers Ready To Defend In Housing Showdown,2016,Daily Maverick,https://www.dailymaverick.co.za/article/2016-09-18-marikana-on-edge-occupiers-ready-to-defend-in-housing-showdown/,government,0.2808,dominant_voice_proxy,31.700,11.000,22.800,13.500,0.000,0,-1.33500,4,18,0,-2.00000,1,9,0,0.6670,false,computational_readings_agree,,,0,pass1_independent_readings_agree,,government,0.2808,dominant_voice_proxy,government,resolved,pass1_retained_sufficient_confidence,0.2808,,,,,
DISC-MEDIA-0345,A Burning Bus Are We Headed For Marikana Mk Ii,2016,Daily Maverick,https://www.dailymaverick.co.za/opinionista/2016-10-13-a-burning-bus-are-we-headed-for-marikana-mk-ii/,government,0.7518,dominant_voice_proxy,7.050,0.000,0.350,1.750,0.000,0,-3.40120,0,29,0,-2.82843,0,8,0,1.0000,false,computational_readings_agree,,,0,pass1_independent_readings_agree,,government,0.7518,dominant_voice_proxy,government,resolved,pass1_retained_sufficient_confidence,0.7518,,,,,
DISC-MEDIA-0223,Marikana Sikhale Sonke Withdraws From Lonmin Mediations,2016,Daily Maverick,https://www.dailymaverick.co.za/article/2016-12-06-marikana-sikhale-sonke-withdraws-from-lonmin-mediations/,investor,0.7028,dominant_voice_proxy,6.400,28.600,8.500,0.350,0.000,0,-1.01160,3,10,0,-3.16228,0,10,0,0.8348,false,computational_readings_agree,,,0,pass1_independent_readings_agree,,investor,0.7028,dominant_voice_proxy,investor,resolved,pass1_retained_sufficient_confidence,0.7028,,,,,
DISC-MEDIA-0224,Marikana More Than Four Years After The Massacre That Shocked The World Charges Against Police Finally Laid,2016,Daily Maverick,https://www.dailymaverick.co.za/article/2016-12-12-marikana-more-than-four-years-after-the-massacre-that-shocked-the-world-charges-against-police-finally-laid/,government,0.7032,dominant_voice_proxy,44.300,13.150,9.250,10.650,2.850,0,-1.94851,8,19,0,-2.45980,7,13,0,0.8817,false,computational_readings_agree,,(?:massacre|killings?|shootings?|deaths?|torture) | massacre,0,pass1_independent_readings_agree,,government,0.7032,dominant_voice_proxy,government,resolved,pass1_retained_sufficient_confidence,0.7032,,,,,
DISC-MEDIA-0405,Government Ready To Compensate Marikana Victims Zuma,2016,Engineering News,https://www.engineeringnews.co.za/article/government-ready-to-compensate-marikana-victims-zuma-2016-12-12,government,0.7685,dominant_voice_proxy,10.800,1.400,2.500,0.350,0.000,0,-0.33647,4,6,0,-0.58579,2,4,0,0.1845,false,computational_readings_agree,,,0,pass1_independent_readings_agree,,government,0.7685,dominant_voice_proxy,government,resolved,pass1_retained_sufficient_confidence,0.7685,,,,,
DISC-MEDIA-0434,Lonmin Commits To Revising Housing Plan,2016,Engineering News,https://www.engineeringnews.co.za/article/lonmin-commits-to-revising-housing-plan-2016-12-12,investor,0.3915,dominant_voice_proxy,8.550,14.050,0.350,0.000,0.000,1,0.00000,0,0,1,1.00000,1,0,1,0.2000,false,computational_readings_agree,,,1,pass1_independent_readings_agree,,investor,0.3915,dominant_voice_proxy,investor,resolved,pass1_retained_sufficient_confidence,0.3915,,,,,
DISC-MEDIA-0470,Lonmin Must Improve Housing Plan Or Face Losing Its Mining Rights,2016,Engineering News,https://www.engineeringnews.co.za/article/lonmin-must-improve-housing-plan-or-face-losing-its-mining-rights-2016-12-12,investor,0.4232,dominant_voice_proxy,9.950,17.250,2.500,2.850,0.000,0,-0.69315,1,3,0,-1.41421,0,2,0,0.4215,false,computational_readings_agree,,,0,pass1_independent_readings_agree,,investor,0.4232,dominant_voice_proxy,investor,resolved,pass1_retained_sufficient_confidence,0.4232,,,,,
DISC-MEDIA-0363,Amcu Blasts Zuma Over Marikana Plan,2016,Engineering News,https://www.engineeringnews.co.za/article/amcu-blasts-zuma-over-marikana-plan-2016-12-13-1,labour,0.1614,dominant_voice_proxy,17.400,7.800,0.700,20.750,0.000,0,-0.78846,4,10,0,-1.41421,2,8,0,0.4405,false,computational_readings_agree,,,0,pass1_independent_readings_agree,,labour,0.1614,dominant_voice_proxy,labour,resolved,pass1_retained_sufficient_confidence,0.1614,,,,,
DISC-MEDIA-0226,Whats Mine Is Mine Lonmin And The Dangerous Art Of Intimidation,2016,Daily Maverick,https://www.dailymaverick.co.za/article/2016-12-14-whats-mine-is-mine-lonmin-and-the-dangerous-art-of-intimidation/,investor,0.7658,dominant_voice_proxy,3.900,59.150,13.850,5.700,0.000,0,-1.09861,1,5,0,-1.73205,0,3,0,0.5661,false,computational_readings_agree,,,0,pass1_independent_readings_agree,,investor,0.7658,dominant_voice_proxy,investor,resolved,pass1_retained_sufficient_confidence,0.7658,,,,,
DISC-MEDIA-0227,Eff Activists Marikana Murder Charges Politically Motivated Say Supporters,2017,Daily Maverick,https://www.dailymaverick.co.za/article/2017-01-09-eff-activists-marikana-murder-charges-politically-motivated-say-supporters/,government,0.7051,dominant_voice_proxy,21.700,0.000,6.400,0.700,0.000,0,-2.48491,0,11,0,-3.00000,0,9,0,1.0000,false,computational_readings_agree,,,0,pass1_independent_readings_agree,,government,0.7051,dominant_voice_proxy,government,resolved,pass1_retained_sufficient_confidence,0.7051,,,,,
DISC-MEDIA-0230,Groundup Marikana Cape Town Lawyer Calls For State To Expropriate Land,2017,Daily Maverick,https://www.dailymaverick.co.za/article/2017-02-13-groundup-marikana-cape-town-lawyer-calls-for-state-to-expropriate-land/,government,0.4734,dominant_voice_proxy,16.900,0.000,8.900,2.500,2.500,1,0.00000,3,3,0,-1.41421,0,2,,0.1886,true,stance_readings_disagree_or_low_margin,,,0,third_computational_adjudication_clear_margin,-0.565684,government,0.4734,dominant_voice_proxy,government,resolved,pass1_retained_sufficient_confidence,0.4734,,,,,
DISC-MEDIA-0231,Groundup Marikana Settlement Judge Must Rule Whether To Compel State To Buy Compensate Or Evict,2017,Daily Maverick,https://www.dailymaverick.co.za/article/2017-02-16-groundup-marikana-settlement-judge-must-rule-whether-to-compel-state-to-buy-compensate-or-evict/,government,0.3174,dominant_voice_proxy,11.500,0.350,4.600,0.000,7.850,0,-0.69315,3,7,0,-2.00000,0,4,0,0.5386,false,computational_readings_agree,settlement,evict,0,pass1_independent_readings_agree,,government,0.3174,dominant_voice_proxy,government,resolved,pass1_retained_sufficient_confidence,0.3174,,,,,
DISC-MEDIA-0571,Marikana Mineworkers In Court For 2012 Incidents,2017,Engineering News,https://www.engineeringnews.co.za/article/marikana-mineworkers-in-court-for-2012-incidents-2017-02-21,labour,0.7614,dominant_voice_proxy,0.700,1.050,0.000,4.400,0.000,0,-1.60944,0,4,0,-1.41421,0,2,0,0.6047,false,computational_readings_agree,,,0,pass1_independent_readings_agree,,labour,0.7614,dominant_voice_proxy,labour,resolved,pass1_retained_sufficient_confidence,0.7614,,,,,
DISC-MEDIA-0548,Magara Seizes Lonmin Coo Opportunity As He Grasps Low Price Nettle,2017,Engineering News,https://www.engineeringnews.co.za/article/magara-seizes-lonmin-coo-opportunity-as-he-grasps-low-price-nettle-2017-03-13,investor,0.6908,dominant_voice_proxy,1.050,12.450,0.000,3.850,0.000,0,-0.40547,1,2,0,-1.41421,0,2,0,0.3639,false,computational_readings_agree,,,0,pass1_independent_readings_agree,,investor,0.6908,dominant_voice_proxy,investor,resolved,pass1_retained_sufficient_confidence,0.6908,,,,,
DISC-MEDIA-0404,Government Confirms Lawsuits From Marikana Victims Total Close To R12Bn,2017,Engineering News,https://www.engineeringnews.co.za/article/government-confirms-lawsuits-from-marikana-victims-total-close-to-r12bn-2017-03-15,government,0.9114,dominant_voice_proxy,11.850,0.350,1.050,0.000,0.000,0,-0.40547,3,5,0,-0.31784,2,3,,0.1235,true,stance_readings_disagree_or_low_margin,,,0,third_computational_adjudication_clear_margin,-0.370418,government,0.9114,dominant_voice_proxy,government,resolved,pass1_retained_sufficient_confidence,0.9114,,,,,
DISC-MEDIA-0583,Minings Biggest Loser Lonmin Is Burning Cash To Stay Alive,2017,Engineering News,https://www.engineeringnews.co.za/article/minings-biggest-loser-lonmin-is-burning-cash-to-stay-alive-2017-03-17,investor,0.9517,dominant_voice_proxy,0.350,21.750,0.000,1.050,0.000,0,-0.69315,0,1,0,-1.00000,0,1,0,0.3386,false,computational_readings_agree,,,0,pass1_independent_readings_agree,,investor,0.9517,dominant_voice_proxy,investor,resolved,pass1_retained_sufficient_confidence,0.9517,,,,,
DISC-MEDIA-0232,Succession Chronicles Marikana Ramaphosas Cross,2017,Daily Maverick,https://www.dailymaverick.co.za/article/2017-05-08-succession-chronicles-marikana-ramaphosas-cross/,government,0.4085,dominant_voice_proxy,23.500,2.450,13.900,12.450,5.000,0,-1.79176,3,23,0,-2.95836,3,22,0,0.9500,false,computational_readings_agree,,,0,pass1_independent_readings_agree,,government,0.4085,dominant_voice_proxy,government,resolved,pass1_retained_sufficient_confidence,0.4085,,,,,
DISC-MEDIA-0233,Ww We Reject Ramaphosas Marikana Apology Azapo,2017,Daily Maverick,https://www.dailymaverick.co.za/article/2017-05-08-ww-we-reject-ramaphosas-marikana-apology-azapo/,labour,0.2867,dominant_voice_proxy,2.500,5.350,0.000,7.500,0.000,0,-1.94591,0,6,0,-2.00000,0,4,0,0.7892,false,computational_readings_agree,,,0,pass1_independent_readings_agree,,labour,0.2867,dominant_voice_proxy,labour,resolved,pass1_retained_sufficient_confidence,0.2867,,,,,
DISC-MEDIA-0346,Marikana Unmasking Ramaphosas Rhetoric Narrow Apology And Lies,2017,Daily Maverick,https://www.dailymaverick.co.za/opinionista/2017-06-13-marikana-unmasking-ramaphosas-rhetoric-narrow-apology-and-lies/,community,0.2642,dominant_voice_proxy,1.750,7.800,10.600,4.200,0.000,0,-2.19722,0,8,0,-2.00000,0,4,0,0.8394,false,computational_readings_agree,,,0,pass1_independent_readings_agree,,community,0.2642,dominant_voice_proxy,community,resolved,pass1_retained_sufficient_confidence,0.2642,,,,,
DISC-MEDIA-0234,Never Forget Marikana Interview With The Allan Paton Award Winner Greg Marinovich,2017,Daily Maverick,https://www.dailymaverick.co.za/article/2017-06-26-never-forget-marikana-interview-with-the-allan-paton-award-winner-greg-marinovich/,government,0.8098,dominant_voice_proxy,9.200,1.050,0.000,1.750,0.000,0,-2.19722,1,17,0,-2.60555,1,13,0,0.9606,false,computational_readings_agree,,,0,pass1_independent_readings_agree,,government,0.8098,dominant_voice_proxy,government,resolved,pass1_retained_sufficient_confidence,0.8098,,,,,
DISC-MEDIA-0235,Whats Mine Is Mine Lonmin And The Secret Claim On Marikana Land,2017,Daily Maverick,https://www.dailymaverick.co.za/article/2017-07-27-whats-mine-is-mine-lonmin-and-the-secret-claim-on-marikana-land/,community,0.2955,dominant_voice_proxy,5.300,16.450,23.350,2.500,0.000,1,1.38629,3,0,1,0.00000,0,0,1,0.2773,false,computational_readings_agree,,,1,pass1_independent_readings_agree,,community,0.2955,dominant_voice_proxy,community,resolved,pass1_retained_sufficient_confidence,0.2955,,,,,
DISC-MEDIA-0564,Marikana Lawyers Government Mull Compensation,2017,Engineering News,https://www.engineeringnews.co.za/article/marikana-lawyers-government-mull-compensation-2017-08-01,government,0.8476,dominant_voice_proxy,18.700,0.350,0.350,2.850,0.000,1,2.24861,5,1,1,2.50000,4,1,1,0.9497,false,computational_readings_agree,(?:healing|renewal|reconciliation|remediation|redress|compensation|restorative) | compensation,,1,pass1_independent_readings_agree,,government,0.8476,dominant_voice_proxy,government,resolved,pass1_retained_sufficient_confidence,0.8476,,,,,
DISC-MEDIA-0657,Solidarity Concerned Over Loss Of Recognition At Lonmin,2017,Engineering News,https://www.engineeringnews.co.za/article/solidarity-concerned-over-loss-of-recognition-at-lonmin-2017-08-07,investor,0.1463,dominant_voice_proxy,0.000,6.150,0.000,5.250,0.000,0,-1.09861,0,2,1,0.00000,0,0,,0.2197,true,stance_readings_disagree_or_low_margin,,,0,third_computational_adjudication_clear_margin,-0.659166,investor,0.1463,dominant_voice_proxy,investor,resolved,pass1_retained_sufficient_confidence,0.1463,,,,,
DISC-MEDIA-0236,Five Years Later We Havent Learnt Anything From Marikana,2017,Daily Maverick,https://www.dailymaverick.co.za/article/2017-08-15-five-years-later-we-havent-learnt-anything-from-marikana/,labour,0.2929,dominant_voice_proxy,7.000,5.300,0.700,9.900,0.000,0,-2.44235,1,22,0,-3.00000,1,16,0,1.0000,false,computational_readings_agree,,,0,pass1_independent_readings_agree,,labour,0.2929,dominant_voice_proxy,labour,resolved,pass1_retained_sufficient_confidence,0.2929,,,,,
DISC-MEDIA-0237,Op Ed Marikana Five Years Of Injustice,2017,Daily Maverick,https://www.dailymaverick.co.za/article/2017-08-15-op-ed-marikana-five-years-of-injustice/,government,0.4799,dominant_voice_proxy,19.900,10.350,2.850,2.850,0.000,0,-2.25129,1,18,0,-3.12311,1,17,0,1.0000,false,computational_readings_agree,,,0,pass1_independent_readings_agree,,government,0.4799,dominant_voice_proxy,government,resolved,pass1_retained_sufficient_confidence,0.4799,,,,,
DISC-MEDIA-0662,South Africa Must Prosecute 2012 Marikana Deaths Amnesty Says,2017,Engineering News,https://www.engineeringnews.co.za/article/south-africa-must-prosecute-2012-marikana-deaths-amnesty-says-2017-08-15,government,0.6798,dominant_voice_proxy,8.900,2.850,2.500,2.500,0.000,0,-2.53629,1,7,0,-2.94949,1,6,0,1.0000,false,computational_readings_agree,,(?:massacre|killings?|shootings?|deaths?|torture) | death(?:s)?,0,pass1_independent_readings_agree,,government,0.6798,dominant_voice_proxy,government,resolved,pass1_retained_sufficient_confidence,0.6798,,,,,
DISC-MEDIA-0238,Iss Today Marikana Demands Truth Justice And Accountability,2017,Daily Maverick,https://www.dailymaverick.co.za/article/2017-08-16-iss-today-marikana-demands-truth-justice-and-accountability/,government,0.7888,dominant_voice_proxy,11.600,2.450,0.700,2.100,0.000,0,-0.95551,4,12,0,-1.43023,3,10,0,0.4771,false,computational_readings_agree,,,0,pass1_independent_readings_agree,,government,0.7888,dominant_voice_proxy,government,resolved,pass1_retained_sufficient_confidence,0.7888,,,,,
DISC-MEDIA-0567,Marikana Massacre To Be Commemorated At Hillside Where Massacre Occurred,2017,Engineering News,https://www.engineeringnews.co.za/article/marikana-massacre-to-be-commemorated-at-hillside-where-massacre-occurred-2017-08-16,government,0.4319,dominant_voice_proxy,10.650,1.750,0.000,6.050,0.000,0,-3.22944,0,7,0,-3.73607,0,5,0,1.0000,false,computational_readings_agree,,(?:massacre|killings?|shootings?|deaths?|torture) | massacre,0,pass1_independent_readings_agree,,government,0.4319,dominant_voice_proxy,government,resolved,pass1_retained_sufficient_confidence,0.4319,,,,,
DISC-MEDIA-0239,Marikana Five Years Later Thousands Gather On The Koppie To Pay Tribute To The 34 Miners,2017,Daily Maverick,https://www.dailymaverick.co.za/article/2017-08-17-marikana-five-years-later-thousands-gather-on-the-koppie-to-pay-tribute-to-the-34-miners/,labour,0.1750,dominant_voice_proxy,4.950,0.350,1.050,6.000,0.000,0,-2.70805,0,14,0,-2.82843,0,8,0,1.0000,false,computational_readings_agree,,,0,pass1_independent_readings_agree,,labour,0.1750,dominant_voice_proxy,labour,resolved,pass1_retained_sufficient_confidence,0.1750,,,,,
DISC-MEDIA-0240,Groundup Lonmin Link To Casac Questioned,2017,Daily Maverick,https://www.dailymaverick.co.za/article/2017-08-22-groundup-lonmin-link-to-casac-questioned/,NGO,0.1353,dominant_voice_proxy,3.900,20.450,0.350,0.000,23.650,0,-0.98083,2,7,0,-1.23607,1,5,0,0.4434,false,computational_readings_agree,,,0,pass1_independent_readings_agree,,NGO,0.1353,dominant_voice_proxy,NGO,resolved,pass1_retained_sufficient_confidence,0.1353,,,,,
DISC-MEDIA-0241,Anc Leadership Race Dlamini Zumas Incredible Marikana Misstep,2017,Daily Maverick,https://www.dailymaverick.co.za/article/2017-08-24-anc-leadership-race-dlamini-zumas-incredible-marikana-misstep/,community,0.0000,dominant_voice_proxy,0.700,0.350,0.700,0.000,0.000,0,-1.60944,0,4,0,-1.73205,0,3,0,0.6683,true,stakeholder_voice_low_confidence,,,0,pass1_independent_readings_agree,,community,0.0000,dominant_voice_proxy,,unresolved,unresolved_stakeholder_voice_ambiguous,0.4900,0.800,0.800,1.600,0.000,0.000
DISC-MEDIA-0243,Groundup Facts And Myths About The Judgment On The Marikana Informal Settlement In Philippi,2017,Daily Maverick,https://www.dailymaverick.co.za/article/2017-09-06-groundup-facts-and-myths-about-the-judgment-on-the-marikana-informal-settlement-in-philippi/,community,0.5000,dominant_voice_proxy,1.050,0.000,2.100,0.000,0.000,1,1.68900,11,6,0,-0.41421,1,2,,0.2826,true,stance_readings_disagree_or_low_margin,settlement,,1,third_computational_adjudication_clear_margin,0.847716,community,0.5000,dominant_voice_proxy,community,resolved,pass1_retained_sufficient_confidence,0.5000,,,,,
DISC-MEDIA-0244,Analysis Saps Fails To Transform Into Public Service Post Marikana,2017,Daily Maverick,https://www.dailymaverick.co.za/article/2017-09-08-analysis-saps-fails-to-transform-into-public-service-post-marikana/,government,0.9000,dominant_voice_proxy,28.500,1.050,2.850,0.350,0.000,0,-1.25276,3,13,0,-2.00000,1,9,0,0.6506,false,computational_readings_agree,,,0,pass1_independent_readings_agree,,government,0.9000,dominant_voice_proxy,government,resolved,pass1_retained_sufficient_confidence,0.9000,,,,,
DISC-MEDIA-0347,From The Inside The Other Marikana And Its Implications,2017,Daily Maverick,https://www.dailymaverick.co.za/opinionista/2017-09-10-from-the-inside-the-other-marikana-and-its-implications/,government,0.9600,dominant_voice_proxy,8.750,0.000,0.350,0.000,0.000,0,-0.98083,2,7,0,-2.23607,0,5,0,0.6434,false,computational_readings_agree,,,0,pass1_independent_readings_agree,,government,0.9600,dominant_voice_proxy,government,resolved,pass1_retained_sufficient_confidence,0.9600,,,,,
DISC-MEDIA-0245,Letter To The Editor Helen Zilles Facts Are Wrong On Marikana Housing Issue,2017,Daily Maverick,https://www.dailymaverick.co.za/article/2017-09-14-letter-to-the-editor-helen-zilles-facts-are-wrong-on-marikana-housing-issue/,government,0.3077,dominant_voice_proxy,4.550,0.000,3.150,0.000,0.350,0,-0.10536,8,9,0,-1.73205,0,3,0,0.3675,false,computational_readings_agree,,,0,pass1_independent_readings_agree,,government,0.3077,dominant_voice_proxy,government,resolved,pass1_retained_sufficient_confidence,0.3077,,,,,
DISC-MEDIA-0247,Groundup Marikana Residents Say Theyve Lost Faith In The Police,2017,Daily Maverick,https://www.dailymaverick.co.za/article/2017-10-02-groundup-marikana-residents-say-theyve-lost-faith-in-the-police/,government,0.2344,dominant_voice_proxy,13.650,0.000,10.450,0.000,0.000,0,-0.35667,6,9,0,-2.64575,0,7,0,0.6005,false,computational_readings_agree,,,0,pass1_independent_readings_agree,,government,0.2344,dominant_voice_proxy,government,resolved,pass1_retained_sufficient_confidence,0.2344,,,,,
DISC-MEDIA-0248,Groundup Police Dont Listen To Us Marikana Residents Tell Fikile Mbalula,2017,Daily Maverick,https://www.dailymaverick.co.za/article/2017-10-04-groundup-police-dont-listen-to-us-marikana-residents-tell-fikile-mbalula/,government,0.4647,dominant_voice_proxy,38.200,0.000,20.450,0.000,0.000,1,0.33647,6,4,0,-1.41421,0,2,,0.1213,true,stance_readings_disagree_or_low_margin,,,0,third_computational_adjudication_clear_margin,-0.363802,government,0.4647,dominant_voice_proxy,government,resolved,pass1_retained_sufficient_confidence,0.4647,,,,,
DISC-MEDIA-0249,Groundup An Open Letter To The Authorities About Marikana Informal Settlement,2017,Daily Maverick,https://www.dailymaverick.co.za/article/2017-10-05-groundup-an-open-letter-to-the-authorities-about-marikana-informal-settlement/,government,0.5016,dominant_voice_proxy,15.550,0.000,7.750,0.000,0.000,1,1.50667,9,6,1,0.00000,0,0,1,0.3013,false,computational_readings_agree,settlement,,1,pass1_independent_readings_agree,,government,0.5016,dominant_voice_proxy,government,resolved,pass1_retained_sufficient_confidence,0.5016,,,,,
DISC-MEDIA-0250,Cape Town Paying The Price To Live In Marikana,2017,Daily Maverick,https://www.dailymaverick.co.za/article/2017-10-06-cape-town-paying-the-price-to-live-in-marikana/,government,0.0299,dominant_voice_proxy,11.700,0.000,11.350,0.000,0.000,0,-1.29928,2,10,0,-2.64575,0,7,0,0.7890,true,stakeholder_voice_low_confidence,,,0,pass1_independent_readings_agree,,government,0.0299,dominant_voice_proxy,,unresolved,unresolved_stakeholder_voice_ambiguous,0.0000,12.200,0.000,12.200,0.000,0.000
DISC-MEDIA-0410,Improving Miners Lives Best Way Of Honouring Marikana Victims Zuma,2017,Engineering News,https://www.engineeringnews.co.za/article/improving-miners-lives-best-way-of-honouring-marikana-victims-zuma-2017-10-09-1,government,0.8772,dominant_voice_proxy,8.550,1.050,0.000,0.350,0.000,0,-1.60944,0,4,0,-1.73205,0,3,0,0.6683,false,computational_readings_agree,,,0,pass1_independent_readings_agree,,government,0.8772,dominant_voice_proxy,government,resolved,pass1_retained_sufficient_confidence,0.8772,,,,,
DISC-MEDIA-0655,Sixth Death In Lonmin In Three Months,2017,Engineering News,https://www.engineeringnews.co.za/article/sixth-death-in-lonmin-in-three-months-2017-10-19,labour,0.2815,dominant_voice_proxy,5.700,19.400,3.200,27.000,0.000,0,-2.44928,2,10,0,-3.08579,2,9,0,1.0000,false,computational_readings_agree,,(?:massacre|killings?|shootings?|deaths?|torture) | death(?:s)?,0,pass1_independent_readings_agree,,labour,0.2815,dominant_voice_proxy,labour,resolved,pass1_retained_sufficient_confidence,0.2815,,,,,
DISC-MEDIA-0251,Marikana Survivors Of The Massacre Are Still Hounded And Assassinated Amid Rumoured Hit List,2017,Daily Maverick,https://www.dailymaverick.co.za/article/2017-10-20-marikana-survivors-of-the-massacre-are-still-hounded-and-assassinated-amid-rumoured-hit-list/,labour,0.6883,dominant_voice_proxy,22.050,3.900,2.100,70.750,0.000,0,-4.67636,0,33,0,-6.79150,0,28,0,1.0000,false,computational_readings_agree,,(?:massacre|killings?|shootings?|deaths?|torture) | massacre,0,pass1_independent_readings_agree,,labour,0.6883,dominant_voice_proxy,labour,resolved,pass1_retained_sufficient_confidence,0.6883,,,,,
DISC-MEDIA-0531,Lonmin Will Dismiss 1 139 Employees By December Claims Solidarity,2017,Engineering News,https://www.engineeringnews.co.za/article/lonmin-will-dismiss-1-139-employees-by-december-claims-solidarity-2017-10-23,labour,0.5127,dominant_voice_proxy,0.000,11.550,2.500,23.700,0.000,0,-1.79176,0,5,0,-2.23607,0,5,0,0.8056,false,computational_readings_agree,,,0,pass1_independent_readings_agree,,labour,0.5127,dominant_voice_proxy,labour,resolved,pass1_retained_sufficient_confidence,0.5127,,,,,
DISC-MEDIA-0660,Solidarity Requests Labour Court To Review Lonmins Withdrawal Of Solidaritys Rights Recognition,2017,Engineering News,https://www.engineeringnews.co.za/article/solidarity-requests-labour-court-to-review-lonmins-withdrawal-of-solidaritys-rights-recognition-2017-10-24,labour,0.0397,dominant_voice_proxy,2.500,18.150,0.000,18.900,0.000,0,-0.18232,4,5,0,-0.73205,1,3,0,0.1829,true,stakeholder_voice_low_confidence,,,0,pass1_independent_readings_agree,,labour,0.0397,dominant_voice_proxy,,unresolved,unresolved_stakeholder_voice_ambiguous,0.0207,3.800,28.400,0.000,29.000,0.000
SEC-MEDIA-0196,Amcu Rebuts As Libellous Allegations That It Is Behind Ongoing Bloodshed,2017,Engineering News,https://www.engineeringnews.co.za/article/amcu-rebuts-as-libellous-allegations-that-it-is-behind-ongoing-bloodshed-2017-10-27,labour,0.8264,dominant_voice_proxy,3.550,1.400,0.000,20.450,0.000,0,-1.09861,1,5,0,-2.00000,0,4,0,0.6197,false,computational_readings_agree,,,0,pass1_independent_readings_agree,,labour,0.8264,dominant_voice_proxy,labour,resolved,pass1_retained_sufficient_confidence,0.8264,,,,,
DISC-MEDIA-0252,Op Ed Global Developmental Financial Institution Needs To Be Accountable On Lonmin And Sassa,2017,Daily Maverick,https://www.dailymaverick.co.za/article/2017-11-01-op-ed-global-developmental-financial-institution-needs-to-be-accountable-on-lonmin-and-sassa/,investor,0.8467,dominant_voice_proxy,0.000,6.850,1.050,0.000,0.000,0,-1.25276,1,6,0,-1.23607,1,5,0,0.4978,false,computational_readings_agree,,,0,pass1_independent_readings_agree,,investor,0.8467,dominant_voice_proxy,investor,resolved,pass1_retained_sufficient_confidence,0.8467,,,,,
DISC-MEDIA-0667,Surviving On 3Oz Has Lonmin In Race Against Time,2017,Engineering News,https://www.engineeringnews.co.za/article/surviving-on-3oz-has-lonmin-in-race-against-time-2017-11-09,investor,0.9027,dominant_voice_proxy,0.350,29.300,2.850,0.700,0.000,0,-0.40547,1,2,0,-1.41421,0,2,0,0.3639,false,computational_readings_agree,,,0,pass1_independent_readings_agree,,investor,0.9027,dominant_voice_proxy,investor,resolved,pass1_retained_sufficient_confidence,0.9027,,,,,
DISC-MEDIA-0396,Employees Demand Solidaritys Recognition As Trade Union At Lonmin,2017,Engineering News,https://www.engineeringnews.co.za/article/employees-demand-solidaritys-recognition-as-trade-union-at-lonmin-2017-11-10,labour,0.5347,dominant_voice_proxy,0.000,14.750,0.000,31.700,0.000,0,-0.40547,1,2,0,-1.00000,0,1,0,0.2811,false,computational_readings_agree,,,0,pass1_independent_readings_agree,,labour,0.5347,dominant_voice_proxy,labour,resolved,pass1_retained_sufficient_confidence,0.5347,,,,,
DISC-MEDIA-0365,Amcu Laments Lack Of Consultation Over Sibanye Stillwaters Acquisition Of Lonmin,2017,Engineering News,https://www.engineeringnews.co.za/article/amcu-laments-lack-of-consultation-over-sibanye-stillwaters-acquisition-of-lonmin-2017-12-15,investor,0.3205,dominant_voice_proxy,0.000,19.500,0.000,13.250,0.000,0,-1.09861,0,2,0,-1.41421,0,2,0,0.5026,false,computational_readings_agree,,,0,pass1_independent_readings_agree,,investor,0.3205,dominant_voice_proxy,investor,resolved,pass1_retained_sufficient_confidence,0.3205,,,,,
DISC-MEDIA-0651,Sibanye Stillwater To Lonmins Rescue,2017,Engineering News,https://www.engineeringnews.co.za/article/sibanye-stillwater-to-lonmins-rescue-2017-12-19,investor,0.8168,dominant_voice_proxy,0.000,13.650,0.000,2.500,0.000,0,-1.09861,0,2,0,-1.41421,0,2,0,0.5026,false,computational_readings_agree,,,0,pass1_independent_readings_agree,,investor,0.8168,dominant_voice_proxy,investor,resolved,pass1_retained_sufficient_confidence,0.8168,,,,,
DISC-MEDIA-0593,Num Says Branch Leader At Lonmin Unit Shot Dead,2018,Engineering News,https://www.engineeringnews.co.za/article/num-says-branch-leader-at-lonmin-unit-shot-dead-2018-01-19,labour,0.2751,dominant_voice_proxy,1.050,11.200,0.000,15.450,0.000,0,-1.38629,0,3,0,-1.73205,0,3,0,0.6237,false,computational_readings_agree,,,0,pass1_independent_readings_agree,,labour,0.2751,dominant_voice_proxy,labour,resolved,pass1_retained_sufficient_confidence,0.2751,,,,,
DISC-MEDIA-0253,Open Letter To Cyril Ramaphosa Use Your Power To Make Reparation Over Marikana,2018,Daily Maverick,https://www.dailymaverick.co.za/article/2018-02-15-open-letter-to-cyril-ramaphosa-use-your-power-to-make-reparation-over-marikana/,labour,0.5000,dominant_voice_proxy,0.350,0.700,0.350,1.400,0.000,0,-1.09861,0,2,0,-1.00000,0,1,0,0.4197,false,computational_readings_agree,,,0,pass1_independent_readings_agree,,labour,0.5000,dominant_voice_proxy,labour,resolved,pass1_retained_sufficient_confidence,0.5000,,,,,
DISC-MEDIA-0397,Families Of Slain Marikana Miners Call On Ramaphosa To Turn His Promises Into Action,2018,Engineering News,https://www.engineeringnews.co.za/article/families-of-slain-marikana-miners-call-on-ramaphosa-to-turn-his-promises-into-action-2018-02-22,government,0.4231,dominant_voice_proxy,36.750,1.050,21.200,3.200,10.000,0,-0.60614,5,10,0,-0.82843,4,8,0,0.2869,false,computational_readings_agree,,,0,pass1_independent_readings_agree,,government,0.4231,dominant_voice_proxy,government,resolved,pass1_retained_sufficient_confidence,0.4231,,,,,
DISC-MEDIA-0254,9 Senior Police Officials To Appear For Marikana Murders,2018,Daily Maverick,https://www.dailymaverick.co.za/article/2018-03-15-9-senior-police-officials-to-appear-for-marikana-murders/,government,0.5671,dominant_voice_proxy,11.550,0.000,5.000,0.000,2.500,0,-1.94591,0,6,0,-2.23607,0,5,0,0.8364,false,computational_readings_agree,,,0,pass1_independent_readings_agree,,government,0.5671,dominant_voice_proxy,government,resolved,pass1_retained_sufficient_confidence,0.5671,,,,,
DISC-MEDIA-0255,Groundup Marikana Workers Live In Dire Conditions Three Years After Farlam Report,2018,Daily Maverick,https://www.dailymaverick.co.za/article/2018-03-20-groundup-marikana-workers-live-in-dire-conditions-three-years-after-farlam-report/,community,0.5738,dominant_voice_proxy,5.700,6.350,14.900,4.400,0.000,0,-0.40547,5,8,0,-1.44949,1,6,0,0.3710,false,computational_readings_agree,,,0,pass1_independent_readings_agree,,community,0.5738,dominant_voice_proxy,community,resolved,pass1_retained_sufficient_confidence,0.5738,,,,,
DISC-MEDIA-0463,Lonmin Launches Community Grievance System,2018,Engineering News,https://www.engineeringnews.co.za/article/lonmin-launches-community-grievance-system-2018-04-25,investor,0.3935,dominant_voice_proxy,0.350,10.800,6.550,0.350,0.000,1,0.40547,2,1,1,1.41421,2,0,1,0.3639,false,computational_readings_agree,,,1,pass1_independent_readings_agree,,investor,0.3935,dominant_voice_proxy,investor,resolved,pass1_retained_sufficient_confidence,0.3935,,,,,
DISC-MEDIA-0431,Lonmin Ceo Pleads For Consolidation Approval To Save 20 000 Jobs,2018,Engineering News,https://www.engineeringnews.co.za/article/lonmin-ceo-pleads-for-consolidation-approval-to-save-20-000-jobs-2018-05-14,investor,0.9498,dominant_voice_proxy,0.350,27.900,0.000,1.400,0.000,0,-1.09861,0,2,0,-1.41421,0,2,0,0.5026,false,computational_readings_agree,,,0,pass1_independent_readings_agree,,investor,0.9498,dominant_voice_proxy,investor,resolved,pass1_retained_sufficient_confidence,0.9498,,,,,
DISC-MEDIA-0383,Britains Competition Watchdog To Look Into Sibanye Lonmin Deal,2018,Engineering News,https://www.engineeringnews.co.za/article/britains-competition-watchdog-to-look-into-sibanye-lonmin-deal-2018-05-15,investor,0.9459,dominant_voice_proxy,2.500,46.250,0.000,2.500,0.000,1,0.00000,1,1,0,-1.41421,0,2,,0.1886,true,stance_readings_disagree_or_low_margin,,,0,third_computational_adjudication_clear_margin,-0.565684,investor,0.9459,dominant_voice_proxy,investor,resolved,pass1_retained_sufficient_confidence,0.9459,,,,,
DISC-MEDIA-0634,Sibanye Ceo Confident Of Lonmin Takeover Despite Cash Burn,2018,Engineering News,https://www.engineeringnews.co.za/article/sibanye-ceo-confident-of-lonmin-takeover-despite-cash-burn-2018-05-18,investor,0.9287,dominant_voice_proxy,2.850,40.000,0.000,0.000,0.000,0,-0.40547,1,2,0,-1.73205,0,3,0,0.4275,false,computational_readings_agree,,,0,pass1_independent_readings_agree,,investor,0.9287,dominant_voice_proxy,investor,resolved,pass1_retained_sufficient_confidence,0.9287,,,,,
DISC-MEDIA-0256,Found Not Guilty By Court Marikana Activist Warns Of Cops Pursuing Political Agendas,2018,Daily Maverick,https://www.dailymaverick.co.za/article/2018-05-22-found-not-guilty-by-court-marikana-activist-warns-of-cops-pursuing-political-agendas/,government,0.8567,dominant_voice_proxy,17.450,0.700,0.700,0.000,2.500,0,-2.07944,0,7,0,-2.44949,0,6,0,0.9058,false,computational_readings_agree,,,0,pass1_independent_readings_agree,,government,0.8567,dominant_voice_proxy,government,resolved,pass1_retained_sufficient_confidence,0.8567,,,,,
DISC-MEDIA-0399,Farlam Unhappy With Snail Pace In Implementation Of His Marikana Recommendations,2018,Engineering News,https://www.engineeringnews.co.za/article/farlam-unhappy-with-snail-pace-in-implementation-of-his-marikana-recommendations-2018-08-16,government,0.8150,dominant_voice_proxy,11.350,1.050,0.350,2.100,0.000,0,-1.38629,1,7,0,-2.64575,0,7,0,0.8064,false,computational_readings_agree,,,0,pass1_independent_readings_agree,,government,0.8150,dominant_voice_proxy,government,resolved,pass1_retained_sufficient_confidence,0.8150,,,,,
DISC-MEDIA-0636,Sibanye Expects Lonmin Competition Finality October,2018,Engineering News,https://www.engineeringnews.co.za/article/sibanye-expects-lonmin-competition-finality-october-2018-08-27,investor,0.9031,dominant_voice_proxy,2.450,29.400,2.850,0.700,0.000,1,1.09861,2,0,1,0.00000,0,0,1,0.2197,false,computational_readings_agree,,,1,pass1_independent_readings_agree,,investor,0.9031,dominant_voice_proxy,investor,resolved,pass1_retained_sufficient_confidence,0.9031,,,,,
DISC-MEDIA-0381,Bid To Have Lonmins Mining Licence Suspended Heads To Court,2018,Engineering News,https://www.engineeringnews.co.za/article/bid-to-have-lonmins-mining-licence-suspended-heads-to-court-2018-10-25,investor,0.7452,dominant_voice_proxy,9.250,36.300,1.050,2.850,0.000,0,-0.58779,4,8,0,-2.64575,0,7,0,0.6467,false,computational_readings_agree,,,0,pass1_independent_readings_agree,,investor,0.7452,dominant_voice_proxy,investor,resolved,pass1_retained_sufficient_confidence,0.7452,,,,,
DISC-MEDIA-0257,Lonmin Says It Is A Victim Of Vexatious Litigation,2018,Daily Maverick,https://www.dailymaverick.co.za/article/2018-10-29-lonmin-says-it-is-a-victim-of-vexatious-litigation/,investor,0.2384,dominant_voice_proxy,13.900,18.250,0.350,2.850,0.000,0,-0.84730,2,6,0,-2.23607,0,5,0,0.6167,false,computational_readings_agree,,,0,pass1_independent_readings_agree,,investor,0.2384,dominant_voice_proxy,investor,resolved,pass1_retained_sufficient_confidence,0.2384,,,,,
DISC-MEDIA-0348,Marikana The Axe Forgets But The Tree Remembers,2018,Daily Maverick,https://www.dailymaverick.co.za/opinionista/2018-11-07-marikana-the-axe-forgets-but-the-tree-remembers/,government,0.9449,dominant_voice_proxy,12.700,0.350,0.700,0.000,0.000,1,0.69315,1,0,1,0.00000,0,0,,0.1386,true,stance_readings_disagree_or_low_margin,,,1,third_computational_adjudication_clear_margin,0.415890,government,0.9449,dominant_voice_proxy,government,resolved,pass1_retained_sufficient_confidence,0.9449,,,,,
DISC-MEDIA-0677,Tribunal To Hold Sibanye Lonmin Merger Hearing Next Week,2018,Engineering News,https://www.engineeringnews.co.za/article/tribunal-to-hold-sibanye-lonmin-merger-hearing-next-week-2018-11-09,investor,0.2264,dominant_voice_proxy,1.750,10.600,4.950,8.200,0.000,1,1.09861,2,0,1,0.00000,0,0,1,0.2197,false,computational_readings_agree,,,1,pass1_independent_readings_agree,,investor,0.2264,dominant_voice_proxy,investor,resolved,pass1_retained_sufficient_confidence,0.2264,,,,,
DISC-MEDIA-0533,Lonmins Biggest Union Wants Sibanye Deal Stopped Over Job Cuts,2018,Engineering News,https://www.engineeringnews.co.za/article/lonmins-biggest-union-wants-sibanye-deal-stopped-over-job-cuts-2018-11-13,investor,0.4878,dominant_voice_proxy,0.350,22.550,0.000,11.550,0.000,1,0.69315,1,0,1,0.00000,0,0,,0.1386,true,stance_readings_disagree_or_low_margin,,,1,third_computational_adjudication_clear_margin,0.415890,investor,0.4878,dominant_voice_proxy,investor,resolved,pass1_retained_sufficient_confidence,0.4878,,,,,
DISC-MEDIA-0368,Amcu Moves To Overturn Sibanyes Lonmin Deal,2018,Engineering News,https://www.engineeringnews.co.za/article/amcu-moves-to-overturn-sibanyes-lonmin-deal-2018-12-20,investor,0.3916,dominant_voice_proxy,0.350,15.450,0.000,9.400,0.000,0,-0.69315,0,1,0,-1.00000,0,1,0,0.3386,false,computational_readings_agree,,,0,pass1_independent_readings_agree,,investor,0.3916,dominant_voice_proxy,investor,resolved,pass1_retained_sufficient_confidence,0.3916,,,,,
DISC-MEDIA-0349,Da Appropriation Of Marikana And Life Esidimeni Names Is Crude Partly Political Electioneering,2019,Daily Maverick,https://www.dailymaverick.co.za/opinionista/2019-01-18-da-appropriation-of-marikana-and-life-esidimeni-names-is-crude-partly-political-electioneering/,government,0.6056,dominant_voice_proxy,3.550,0.350,1.400,0.350,0.700,0,-1.60944,0,4,0,-1.73205,0,3,0,0.6683,false,computational_readings_agree,,,0,pass1_independent_readings_agree,,government,0.6056,dominant_voice_proxy,government,resolved,pass1_retained_sufficient_confidence,0.6056,,,,,
SEC-MEDIA-1013,South African Court Blocks Mine Union Amcu Plans For Industry Wide Strike,2019,Engineering News,https://www.engineeringnews.co.za/article/south-african-court-blocks-mine-union-amcu-plans-for-industry-wide-strike-2019-03-15,labour,0.7098,dominant_voice_proxy,0.000,6.400,0.000,22.050,0.000,0,-3.09591,0,6,0,-3.94949,0,6,0,1.0000,false,computational_readings_agree,,(?:strike|protest|unrest|industrial action) | strike,0,pass1_independent_readings_agree,,labour,0.7098,dominant_voice_proxy,labour,resolved,pass1_retained_sufficient_confidence,0.7098,,,,,
DISC-MEDIA-0369,Amcu Slams Lonmin Sibanye Merger Over Magnitude Of Job Losses At Appeal Court,2019,Engineering News,https://www.engineeringnews.co.za/article/amcu-slams-lonmin-sibanye-merger-over-magnitude-of-job-losses-at-appeal-court-2019-04-08,investor,0.2050,dominant_voice_proxy,3.550,30.250,0.000,24.050,0.000,0,-3.71495,0,12,0,-4.81662,0,11,0,1.0000,false,computational_readings_agree,,(?:retrenchment|job losses|layoffs) | job losses,0,pass1_independent_readings_agree,,investor,0.2050,dominant_voice_proxy,investor,resolved,pass1_retained_sufficient_confidence,0.2050,,,,,
SEC-MEDIA-0040,The Balance In Sas Bloody Strike At Sibanye Stillwaters Mines Tips Slightly,2019,Daily Maverick,https://www.dailymaverick.co.za/article/2019-04-09-the-balance-in-sas-bloody-strike-at-sibanye-stillwaters-mines-tips-slightly/,labour,0.2589,dominant_voice_proxy,0.700,13.600,0.000,18.350,0.000,0,-2.70814,3,18,0,-5.74264,0,18,0,1.0000,false,computational_readings_agree,,(?:strike|protest|unrest|industrial action) | strike,0,pass1_independent_readings_agree,,labour,0.2589,dominant_voice_proxy,labour,resolved,pass1_retained_sufficient_confidence,0.2589,,,,,
DISC-MEDIA-0258,Lonmin Case Shows How Hard It Is To Hold Mines To Account,2019,Daily Maverick,https://www.dailymaverick.co.za/article/2019-04-26-lonmin-case-shows-how-hard-it-is-to-hold-mines-to-account/,investor,0.6290,dominant_voice_proxy,11.000,29.650,10.650,0.350,0.000,0,-1.09861,3,11,0,-2.16228,1,10,0,0.6522,false,computational_readings_agree,,,0,pass1_independent_readings_agree,,investor,0.6290,dominant_voice_proxy,investor,resolved,pass1_retained_sufficient_confidence,0.6290,,,,,
SEC-MEDIA-0044,Deregistration Threat To Amcu Calls For Active Union Solidarity,2019,Daily Maverick,https://www.dailymaverick.co.za/article/2019-04-29-deregistration-threat-to-amcu-calls-for-active-union-solidarity/,labour,0.8833,dominant_voice_proxy,2.100,1.400,0.000,18.000,0.000,0,-1.79176,0,5,0,-2.00000,0,4,0,0.7584,false,computational_readings_agree,,,0,pass1_independent_readings_agree,,labour,0.8833,dominant_voice_proxy,labour,resolved,pass1_retained_sufficient_confidence,0.8833,,,,,
DISC-MEDIA-0570,Marikana Mineworkers Case Postponed Again,2019,Engineering News,https://www.engineeringnews.co.za/article/marikana-mineworkers-case-postponed-again-2019-05-07,labour,0.7614,dominant_voice_proxy,0.700,1.050,0.350,4.400,0.000,0,-0.69315,1,3,0,-1.73205,0,3,0,0.4850,false,computational_readings_agree,,,0,pass1_independent_readings_agree,,labour,0.7614,dominant_voice_proxy,labour,resolved,pass1_retained_sufficient_confidence,0.7614,,,,,
DISC-MEDIA-0466,Lonmin Likely To Cut Fewer Jobs Due To Revenue Boost Ceo,2019,Engineering News,https://www.engineeringnews.co.za/article/lonmin-likely-to-cut-fewer-jobs-due-to-revenue-boost-ceo-2019-05-15,investor,0.9701,dominant_voice_proxy,0.000,23.400,0.000,0.700,0.000,0,-1.09861,0,2,0,-1.41421,0,2,0,0.5026,false,computational_readings_agree,,,0,pass1_independent_readings_agree,,investor,0.9701,dominant_voice_proxy,investor,resolved,pass1_retained_sufficient_confidence,0.9701,,,,,
SEC-MEDIA-0877,Sibanye Stillwater Plans To Resume Dividend Payments In 2020,2019,Engineering News,https://www.engineeringnews.co.za/article/sibanye-stillwater-plans-to-resume-dividend-payments-in-2020-2019-05-16,investor,0.9705,dominant_voice_proxy,0.000,11.850,0.000,0.350,0.000,0,-1.09861,0,2,0,-1.41421,0,2,0,0.5026,false,computational_readings_agree,,,0,pass1_independent_readings_agree,,investor,0.9705,dominant_voice_proxy,investor,resolved,pass1_retained_sufficient_confidence,0.9705,,,,,
DISC-MEDIA-0476,Lonmin Plans To Cut 4 100 Workers As It Closes Platinum Mines,2019,Engineering News,https://www.engineeringnews.co.za/article/lonmin-plans-to-cut-4-100-workers-as-it-closes-platinum-mines-2019-05-21,investor,0.5357,dominant_voice_proxy,0.000,12.600,0.000,5.850,0.000,1,0.00000,0,0,0,-1.00000,0,1,,0.1333,true,stance_readings_disagree_or_low_margin,,,0,third_computational_adjudication_clear_margin,-0.400000,investor,0.5357,dominant_voice_proxy,investor,resolved,pass1_retained_sufficient_confidence,0.5357,,,,,
DISC-MEDIA-0259,Sibanye Stillwater Ceo Explains Why He Has Drawn A Line In The Sand On Lonmin Deal,2019,Daily Maverick,https://www.dailymaverick.co.za/article/2019-05-22-sibanye-stillwater-ceo-explains-why-he-has-drawn-a-line-in-the-sand-on-lonmin-deal/,investor,0.9737,dominant_voice_proxy,0.350,26.650,0.000,0.700,0.000,0,-0.69315,0,1,0,-1.00000,0,1,0,0.3386,false,computational_readings_agree,,,0,pass1_independent_readings_agree,,investor,0.9737,dominant_voice_proxy,investor,resolved,pass1_retained_sufficient_confidence,0.9737,,,,,
DISC-MEDIA-0601,Pic Faces Dilemma Over Backing Lonmin Deal,2019,Engineering News,https://www.engineeringnews.co.za/article/pic-faces-dilemma-over-backing-lonmin-deal-2019-05-23,investor,0.9147,dominant_voice_proxy,3.200,37.500,0.000,0.350,0.000,0,-0.69315,0,1,0,-1.00000,0,1,0,0.3386,false,computational_readings_agree,,,0,pass1_independent_readings_agree,,investor,0.9147,dominant_voice_proxy,investor,resolved,pass1_retained_sufficient_confidence,0.9147,,,,,
DISC-MEDIA-0260,After Gobbling Up Lonmin The Sibanye Juggernaut Rolls On,2019,Daily Maverick,https://www.dailymaverick.co.za/article/2019-05-28-after-gobbling-up-lonmin-the-sibanye-juggernaut-rolls-on/,investor,0.7983,dominant_voice_proxy,3.550,17.600,0.000,3.500,0.000,0,-1.94591,0,6,0,-2.44949,0,6,0,0.8791,false,computational_readings_agree,,,0,pass1_independent_readings_agree,,investor,0.7983,dominant_voice_proxy,investor,resolved,pass1_retained_sufficient_confidence,0.7983,,,,,
SEC-MEDIA-0125,After Ma Spree Sibanye Is Now The Worlds Largest Platinum Miner,2019,Engineering News,https://www.engineeringnews.co.za/article/after-ma-spree-sibanye-is-now-the-worlds-largest-platinum-miner-2019-05-30,investor,0.9903,dominant_voice_proxy,0.000,36.050,0.000,0.350,0.000,1,0.69315,1,0,1,0.00000,0,0,,0.1386,true,stance_readings_disagree_or_low_margin,,,1,third_computational_adjudication_clear_margin,0.415890,investor,0.9903,dominant_voice_proxy,investor,resolved,pass1_retained_sufficient_confidence,0.9903,,,,,
DISC-MEDIA-0620,Rights Groups Demand Police Accountability For Marikana Massacre,2019,Engineering News,https://www.engineeringnews.co.za/article/rights-groups-demand-police-accountability-for-marikana-massacre-2019-06-11,government,0.6603,dominant_voice_proxy,10.450,0.700,2.850,3.550,2.850,0,-3.45259,0,9,0,-4.32843,0,8,0,1.0000,false,computational_readings_agree,,(?:massacre|killings?|shootings?|deaths?|torture) | massacre,0,pass1_independent_readings_agree,,government,0.6603,dominant_voice_proxy,government,resolved,pass1_retained_sufficient_confidence,0.6603,,,,,
DISC-MEDIA-0262,Obituary After The Marikana Massacre The Writing Was On The Wall For Lonmin,2019,Daily Maverick,https://www.dailymaverick.co.za/article/2019-06-12-obituary-after-the-marikana-massacre-the-writing-was-on-the-wall-for-lonmin/,investor,0.7737,dominant_voice_proxy,3.900,21.650,0.350,4.900,0.000,0,-3.54790,0,10,0,-4.50000,0,9,0,1.0000,false,computational_readings_agree,,(?:massacre|killings?|shootings?|deaths?|torture) | massacre,0,pass1_independent_readings_agree,,investor,0.7737,dominant_voice_proxy,investor,resolved,pass1_retained_sufficient_confidence,0.7737,,,,,
DISC-MEDIA-0394,Defence Blasts Ipid For Shoddy Investigation After Marikana Shooting In 2012,2019,Engineering News,https://www.engineeringnews.co.za/article/defence-blasts-ipid-for-shoddy-investigation-after-marikana-shooting-in-2012-2019-06-14,government,0.7732,dominant_voice_proxy,15.650,0.700,0.000,3.550,0.000,0,-2.53629,0,3,0,-3.23205,0,3,0,1.0000,false,computational_readings_agree,,(?:massacre|killings?|shootings?|deaths?|torture) | shoot(?:ing|ings)?,0,pass1_independent_readings_agree,,government,0.7732,dominant_voice_proxy,government,resolved,pass1_retained_sufficient_confidence,0.7732,,,,,
SEC-MEDIA-1017,Sp Revises Sibanyes Outlook To Negative Owing To Liquidity Concerns,2019,Engineering News,https://www.engineeringnews.co.za/article/sp-revises-sibanyes-outlook-to-negative-owing-to-liquidity-concerns-2019-06-14,investor,0.6557,dominant_voice_proxy,0.000,22.800,0.000,7.850,0.000,0,-1.94591,0,6,0,-2.44949,0,6,0,0.8791,false,computational_readings_agree,,,0,pass1_independent_readings_agree,,investor,0.6557,dominant_voice_proxy,investor,resolved,pass1_retained_sufficient_confidence,0.6557,,,,,
DISC-MEDIA-0661,Solidarity Says Courts Ruling Against Amcu Agency Fee At Lonmin Is Victory For Workers,2019,Engineering News,https://www.engineeringnews.co.za/article/solidarity-says-courts-ruling-against-amcu-agency-fee-at-lonmin-is-victory-for-workers-2019-06-25,labour,0.5860,dominant_voice_proxy,0.000,11.200,0.000,27.050,0.000,1,1.94591,6,0,1,0.00000,0,0,1,0.3892,false,computational_readings_agree,,,1,pass1_independent_readings_agree,,labour,0.5860,dominant_voice_proxy,labour,resolved,pass1_retained_sufficient_confidence,0.5860,,,,,
SEC-MEDIA-0478,Platinum Giants Eye Sibanyes Gold Mining Deal As Wage Yardstick,2019,Engineering News,https://www.engineeringnews.co.za/article/platinum-giants-eye-sibanyes-gold-mining-deal-as-wage-yardstick-2019-07-18,labour,0.0193,dominant_voice_proxy,0.000,17.800,0.000,18.150,0.000,1,0.40547,8,5,0,-2.64575,0,7,,0.2717,true,stance_readings_disagree_or_low_margin,,,0,third_computational_adjudication_clear_margin,-0.815018,labour,0.0193,dominant_voice_proxy,,unresolved,unresolved_stakeholder_voice_ambiguous,0.0597,0.000,25.200,0.000,26.800,0.000
SEC-MEDIA-0251,Amcu Warns Of Possible Sibanye Platinum Strike As Negotiations Continue,2019,Engineering News,https://www.engineeringnews.co.za/article/amcu-warns-of-possible-sibanye-platinum-strike-as-negotiations-continue-2019-08-13,labour,0.4592,dominant_voice_proxy,0.350,22.200,0.000,41.050,0.000,0,-1.84315,2,5,0,-3.73607,0,5,0,1.0000,false,computational_readings_agree,,(?:strike|protest|unrest|industrial action) | strike,0,pass1_independent_readings_agree,,labour,0.4592,dominant_voice_proxy,labour,resolved,pass1_retained_sufficient_confidence,0.4592,,,,,
DISC-MEDIA-0606,Policemen Mineworkers In Court Ahead Of 7Th Marikana Massacre Commemoration,2019,Engineering News,https://www.engineeringnews.co.za/article/policemen-mineworkers-in-court-ahead-of-7th-marikana-massacre-commemoration-2019-08-14,labour,0.3974,dominant_voice_proxy,4.550,1.400,1.050,7.550,0.000,0,-2.94176,2,17,0,-5.24166,0,14,0,1.0000,false,computational_readings_agree,,(?:massacre|killings?|shootings?|deaths?|torture) | massacre,0,pass1_independent_readings_agree,,labour,0.3974,dominant_voice_proxy,labour,resolved,pass1_retained_sufficient_confidence,0.3974,,,,,
DISC-MEDIA-0350,As We Commemorate Marikana Reconciliation Should Be Our Priority,2019,Daily Maverick,https://www.dailymaverick.co.za/opinionista/2019-08-15-as-we-commemorate-marikana-reconciliation-should-be-our-priority/,labour,0.1429,dominant_voice_proxy,1.050,0.350,2.100,2.450,0.000,0,-0.18232,4,5,1,2.00402,5,3,,0.2307,true,stance_readings_disagree_or_low_margin,(?:healing|renewal|reconciliation|remediation|redress|compensation|restorative),,1,third_computational_adjudication_clear_margin,0.692216,labour,0.1429,dominant_voice_proxy,labour,resolved,pass1_retained_sufficient_confidence,0.1429,,,,,
DISC-MEDIA-0264,Marikana Fighting Crime Shouldnt Trump Sas Public Order Policing,2019,Daily Maverick,https://www.dailymaverick.co.za/article/2019-08-16-marikana-fighting-crime-shouldnt-trump-sas-public-order-policing/,government,0.7692,dominant_voice_proxy,9.100,2.100,0.350,0.000,0.000,0,-2.94444,0,18,0,-4.00000,0,16,0,1.0000,false,computational_readings_agree,,,0,pass1_independent_readings_agree,,government,0.7692,dominant_voice_proxy,government,resolved,pass1_retained_sufficient_confidence,0.7692,,,,,
DISC-MEDIA-0407,Govt Observes Anniversary Of Marikana Tragedy,2019,Engineering News,https://www.engineeringnews.co.za/article/govt-observes-anniversary-of-marikana-tragedy-2019-08-16,government,0.9106,dominant_voice_proxy,11.750,1.050,0.700,0.700,0.000,1,1.60944,4,0,1,1.41421,2,0,1,0.6047,false,computational_readings_agree,,,1,pass1_independent_readings_agree,,government,0.9106,dominant_voice_proxy,government,resolved,pass1_retained_sufficient_confidence,0.9106,,,,,
DISC-MEDIA-0627,Sacp Remembers Marikana Tragedy Calls For Unity Against Economic Exploitation,2019,Engineering News,https://www.engineeringnews.co.za/article/sacp-remembers-marikana-tragedy-calls-for-unity-against-economic-exploitation-2019-08-16,labour,0.6011,dominant_voice_proxy,0.700,3.550,2.500,8.900,0.000,0,-0.69315,2,5,0,-0.73205,1,3,0,0.2850,false,computational_readings_agree,,,0,pass1_independent_readings_agree,,labour,0.6011,dominant_voice_proxy,labour,resolved,pass1_retained_sufficient_confidence,0.6011,,,,,
DISC-MEDIA-0630,Seven Years Since Marikana Massacre And Still No Justice Says Rights Institute,2019,Engineering News,https://www.engineeringnews.co.za/article/seven-years-since-marikana-massacre-and-still-no-justice-says-rights-institute-2019-08-16,labour,0.1288,dominant_voice_proxy,6.050,7.100,5.000,8.150,2.500,0,-3.22944,0,7,0,-4.14575,0,7,0,1.0000,false,computational_readings_agree,,(?:massacre|killings?|shootings?|deaths?|torture) | massacre,0,pass1_independent_readings_agree,,labour,0.1288,dominant_voice_proxy,labour,resolved,pass1_retained_sufficient_confidence,0.1288,,,,,
DISC-MEDIA-0265,Marikana The Seven Year Struggle,2019,Daily Maverick,https://www.dailymaverick.co.za/article/2019-08-17-marikana-the-seven-year-struggle/,community,0.0000,dominant_voice_proxy,0.350,2.500,2.850,2.850,0.000,0,-0.69315,0,1,0,-1.00000,0,1,0,0.3386,true,stakeholder_voice_low_confidence,,,0,pass1_independent_readings_agree,,community,0.0000,dominant_voice_proxy,,unresolved,unresolved_stakeholder_voice_ambiguous,0.0000,0.800,3.800,4.600,4.600,0.000
DISC-MEDIA-0351,Marikana Memories A Place Of Hard Hearts Cold Courage And Brutal Vengeance,2019,Daily Maverick,https://www.dailymaverick.co.za/opinionista/2019-08-18-marikana-memories-a-place-of-hard-hearts-cold-courage-and-brutal-vengeance/,government,0.3182,dominant_voice_proxy,7.700,0.700,5.250,1.050,0.000,0,-2.19722,0,8,0,-2.64575,0,7,0,0.9686,false,computational_readings_agree,,,0,pass1_independent_readings_agree,,government,0.3182,dominant_voice_proxy,government,resolved,pass1_retained_sufficient_confidence,0.3182,,,,,
SEC-MEDIA-0706,Sibanye Looks Forward To More Positive Second Half Performance,2019,Engineering News,https://www.engineeringnews.co.za/article/sibanye-looks-forward-to-more-positive-second-half-performance-2019-08-29,investor,0.8220,dominant_voice_proxy,0.000,30.050,0.000,5.350,0.000,0,-0.69315,1,3,0,-1.73205,0,3,0,0.4850,false,computational_readings_agree,,,0,pass1_independent_readings_agree,,investor,0.8220,dominant_voice_proxy,investor,resolved,pass1_retained_sufficient_confidence,0.8220,,,,,
SEC-MEDIA-0049,Mathunjwa Evoking God And Hitler Remains At Amcu Helm As Platinum Wage Talks Rumble On,2019,Daily Maverick,https://www.dailymaverick.co.za/article/2019-09-22-mathunjwa-evoking-god-and-hitler-remains-at-amcu-helm-as-platinum-wage-talks-rumble-on/,labour,0.5528,dominant_voice_proxy,0.000,9.950,0.000,22.250,0.000,0,-2.07944,0,7,0,-2.64575,0,7,0,0.9450,false,computational_readings_agree,,,0,pass1_independent_readings_agree,,labour,0.5528,dominant_voice_proxy,labour,resolved,pass1_retained_sufficient_confidence,0.5528,,,,,
DISC-MEDIA-0266,5270 Jobs On Chopping Block As Sibanye Restructures Marikana,2019,Daily Maverick,https://www.dailymaverick.co.za/article/2019-09-26-5270-jobs-on-chopping-block-as-sibanye-restructures-marikana/,investor,0.6715,dominant_voice_proxy,0.700,17.200,0.000,5.650,0.000,0,-1.60944,0,4,0,-2.00000,0,4,0,0.7219,false,computational_readings_agree,,,0,pass1_independent_readings_agree,,investor,0.6715,dominant_voice_proxy,investor,resolved,pass1_retained_sufficient_confidence,0.6715,,,,,
DISC-MEDIA-0654,Sibanyes Marikana Restructuring Good In The Long Run Say Market Commentators,2019,Engineering News,https://www.engineeringnews.co.za/article/sibanyes-marikana-restructuring-good-in-the-long-run-say-market-commentators-2019-09-26,investor,0.8333,dominant_voice_proxy,0.000,4.200,0.350,0.700,0.000,0,-0.69315,0,1,1,0.00000,0,0,,0.1386,true,stance_readings_disagree_or_low_margin,,,0,third_computational_adjudication_clear_margin,-0.415890,investor,0.8333,dominant_voice_proxy,investor,resolved,pass1_retained_sufficient_confidence,0.8333,,,,,
DISC-MEDIA-0628,Sanco Wants Government To Intervene To Halt Looming Job Cut In Marikana,2019,Engineering News,https://www.engineeringnews.co.za/article/sanco-wants-government-to-intervene-to-halt-looming-job-cut-in-marikana-2019-09-27,investor,0.0244,dominant_voice_proxy,8.000,8.200,5.000,0.000,0.000,0,-0.51083,2,4,0,-0.31784,2,3,,0.1445,true,stance_readings_disagree_or_low_margin,,,0,third_computational_adjudication_clear_margin,-0.433634,investor,0.0244,dominant_voice_proxy,government,resolved,third_pass_unique_headline_subject,0.9500,1.000,0.000,0.000,0.000,0.000
SEC-MEDIA-0197,Amcu Refers Platinum Wage Talks With Sibanye To Ccma,2019,Engineering News,https://www.engineeringnews.co.za/article/amcu-refers-platinum-wage-talks-with-sibanye-to-ccma-2019-10-01,labour,0.2612,dominant_voice_proxy,0.350,9.050,0.000,12.250,0.000,1,0.69315,1,0,1,0.00000,0,0,,0.1386,true,stance_readings_disagree_or_low_margin,,,1,third_computational_adjudication_clear_margin,0.415890,labour,0.2612,dominant_voice_proxy,labour,resolved,pass1_retained_sufficient_confidence,0.2612,,,,,
SEC-MEDIA-0577,Sibanye Ceo Sees Wage Strike Unlikely At Platinum Mines,2019,Engineering News,https://www.engineeringnews.co.za/article/sibanye-ceo-sees-wage-strike-unlikely-at-platinum-mines-2019-10-25,investor,0.1850,dominant_voice_proxy,2.500,11.350,0.000,9.250,0.000,0,-2.06629,1,4,0,-5.00000,0,4,0,1.0000,false,computational_readings_agree,,"(?:strike|protest|unrest|industrial action) | (?:wage|pay).{0,30}(?:dispute|demand|strike) | strike",0,pass1_independent_readings_agree,,investor,0.1850,dominant_voice_proxy,investor,resolved,pass1_retained_sufficient_confidence,0.1850,,,,,
DISC-MEDIA-0401,Former Top Cop Back In The Dock Over Shooting Of 30 Mine Workers At Marikana,2019,Engineering News,https://www.engineeringnews.co.za/article/former-top-cop-back-in-the-dock-over-shooting-of-30-mine-workers-at-marikana-2019-10-29,government,0.0471,dominant_voice_proxy,4.250,2.850,0.000,4.050,0.000,0,-2.94176,0,5,0,-3.50000,0,4,0,1.0000,true,stakeholder_voice_low_confidence,,(?:massacre|killings?|shootings?|deaths?|torture) | shoot(?:ing|ings)?,0,pass1_independent_readings_agree,,government,0.0471,dominant_voice_proxy,labour,resolved,third_pass_unique_headline_subject,0.9500,0.000,0.000,0.000,1.000,0.000
DISC-MEDIA-0267,Num Member Shot Dead In Marikana As Platinum Belt Tensions Heat Up,2019,Daily Maverick,https://www.dailymaverick.co.za/article/2019-11-01-num-member-shot-dead-in-marikana-as-platinum-belt-tensions-heat-up/,labour,0.9407,dominant_voice_proxy,0.700,0.350,0.000,11.800,0.000,0,-1.60944,0,4,0,-2.00000,0,4,0,0.7219,false,computational_readings_agree,,,0,pass1_independent_readings_agree,,labour,0.9407,dominant_voice_proxy,labour,resolved,pass1_retained_sufficient_confidence,0.9407,,,,,
DISC-MEDIA-0352,Peace Process In Jeopardy As Another Marikana Num Member Is Murdered,2019,Daily Maverick,https://www.dailymaverick.co.za/opinionista/2019-11-06-peace-process-in-jeopardy-as-another-marikana-num-member-is-murdered/,labour,0.8037,dominant_voice_proxy,1.400,2.100,0.000,10.700,0.000,0,-0.81093,3,8,0,-2.44949,0,6,0,0.6521,false,computational_readings_agree,,,0,pass1_independent_readings_agree,,labour,0.8037,dominant_voice_proxy,labour,resolved,pass1_retained_sufficient_confidence,0.8037,,,,,
SEC-MEDIA-0212,Amcu Says Workers In Platinum Sector May Back Wage Offers,2019,Engineering News,https://www.engineeringnews.co.za/article/amcu-says-workers-in-platinum-sector-may-back-wage-offers-2019-11-07,labour,0.6826,dominant_voice_proxy,0.350,9.600,0.000,30.250,0.000,0,-0.69315,1,3,0,-1.73205,0,3,0,0.4850,false,computational_readings_agree,,,0,pass1_independent_readings_agree,,labour,0.6826,dominant_voice_proxy,labour,resolved,pass1_retained_sufficient_confidence,0.6826,,,,,
SEC-MEDIA-0052,Amcu Again Says That Platinum Wage Deals Will Be Signed,2019,Daily Maverick,https://www.dailymaverick.co.za/article/2019-11-15-amcu-again-says-that-platinum-wage-deals-will-be-signed/,labour,0.9114,dominant_voice_proxy,0.350,0.700,0.700,7.900,0.000,0,-1.50408,1,8,0,-2.44949,0,6,0,0.7907,false,computational_readings_agree,,,0,pass1_independent_readings_agree,,labour,0.9114,dominant_voice_proxy,labour,resolved,pass1_retained_sufficient_confidence,0.9114,,,,,
DISC-MEDIA-0268,Num Holds Its Marikana Rally Vows To Regain Lost Platinum Belt Ground,2019,Daily Maverick,https://www.dailymaverick.co.za/article/2019-11-18-num-holds-its-marikana-rally-vows-to-regain-lost-platinum-belt-ground/,labour,0.8616,dominant_voice_proxy,2.850,2.100,3.550,25.650,0.000,0,-2.07944,0,7,0,-1.73205,0,3,0,0.7623,false,computational_readings_agree,,,0,pass1_independent_readings_agree,,labour,0.8616,dominant_voice_proxy,labour,resolved,pass1_retained_sufficient_confidence,0.8616,,,,,
DISC-MEDIA-0269,Two Unions Vie For Power In Marikana And The Result Can Be Murder,2019,Daily Maverick,https://www.dailymaverick.co.za/article/2019-11-21-two-unions-vie-for-power-in-marikana-and-the-result-can-be-murder/,labour,0.9182,dominant_voice_proxy,1.050,4.950,1.400,60.500,0.000,0,-1.94591,1,13,0,-2.82843,0,8,0,0.9549,false,computational_readings_agree,,,0,pass1_independent_readings_agree,,labour,0.9182,dominant_voice_proxy,labour,resolved,pass1_retained_sufficient_confidence,0.9182,,,,,
DISC-MEDIA-0270,Marikana In A Starring Role As Sibanye Stillwater Swings Back To Profit,2020,Daily Maverick,https://www.dailymaverick.co.za/article/2020-02-19-marikana-in-a-starring-role-as-sibanye-stillwater-swings-back-to-profit/,investor,0.9091,dominant_voice_proxy,0.350,15.400,0.000,1.400,0.000,0,-1.94591,0,6,0,-2.23607,0,5,0,0.8364,false,computational_readings_agree,,,0,pass1_independent_readings_agree,,investor,0.9091,dominant_voice_proxy,investor,resolved,pass1_retained_sufficient_confidence,0.9091,,,,,
DISC-MEDIA-0353,Dear President Ramaphosa Rein In The Security Forces Before We Have Another Marikana,2020,Daily Maverick,https://www.dailymaverick.co.za/opinionista/2020-04-14-dear-president-ramaphosa-rein-in-the-security-forces-before-we-have-another-marikana/,government,0.8000,dominant_voice_proxy,3.500,0.350,0.700,0.000,0.000,0,-1.60944,0,4,0,-1.41421,0,2,0,0.6047,false,computational_readings_agree,,,0,pass1_independent_readings_agree,,government,0.8000,dominant_voice_proxy,government,resolved,pass1_retained_sufficient_confidence,0.8000,,,,,
SEC-MEDIA-0764,Sibanye Reports Record Earnings Record Gold Safety Cut Debt Ratio,2020,Engineering News,https://www.engineeringnews.co.za/article/sibanye-reports-record-earnings-record-gold-safety-cut-debt-ratio-2020-05-12,investor,0.9694,dominant_voice_proxy,0.000,22.900,0.350,0.700,0.000,0,-0.28768,2,3,0,-1.41421,0,2,0,0.3404,false,computational_readings_agree,,,0,pass1_independent_readings_agree,,investor,0.9694,dominant_voice_proxy,investor,resolved,pass1_retained_sufficient_confidence,0.9694,,,,,
DISC-MEDIA-0272,Call For Saps To Apply Marikana Recommendations When Dealing With Civil Unrest,2020,Daily Maverick,https://www.dailymaverick.co.za/article/2020-07-28-call-for-saps-to-apply-marikana-recommendations-when-dealing-with-civil-unrest/,government,0.8052,dominant_voice_proxy,31.050,2.500,6.050,0.000,0.000,0,-4.64651,0,32,0,-7.15685,0,32,0,1.0000,false,computational_readings_agree,,(?:strike|protest|unrest|industrial action) | unrest,0,pass1_independent_readings_agree,,government,0.8052,dominant_voice_proxy,government,resolved,pass1_retained_sufficient_confidence,0.8052,,,,,
DISC-MEDIA-0273,Marikana Massacre Political Will Is Urgently Needed To Deliver Overdue Justice,2020,Daily Maverick,https://www.dailymaverick.co.za/article/2020-08-14-marikana-massacre-political-will-is-urgently-needed-to-deliver-overdue-justice/,government,0.5789,dominant_voice_proxy,35.150,9.200,12.800,14.800,8.200,0,-3.05954,3,26,0,-4.77620,2,22,0,1.0000,false,computational_readings_agree,,(?:massacre|killings?|shootings?|deaths?|torture) | massacre,0,pass1_independent_readings_agree,,government,0.5789,dominant_voice_proxy,government,resolved,pass1_retained_sufficient_confidence,0.5789,,,,,
DISC-MEDIA-0274,Remembering And Renewal Thoughts On Building A Positive Future For The Marikana Region,2020,Daily Maverick,https://www.dailymaverick.co.za/article/2020-08-14-remembering-and-renewal-thoughts-on-building-a-positive-future-for-the-marikana-region/,investor,0.5000,dominant_voice_proxy,0.350,2.100,1.050,0.000,0.000,1,1.73779,8,4,1,2.14575,7,4,1,0.7767,false,computational_readings_agree,(?:healing|renewal|reconciliation|remediation|redress|compensation|restorative) | renewal,,1,pass1_independent_readings_agree,,investor,0.5000,dominant_voice_proxy,investor,resolved,pass1_retained_sufficient_confidence,0.5000,,,,,
DISC-MEDIA-0354,Marikana The Long Wait For Truth Justice And Compensation,2020,Daily Maverick,https://www.dailymaverick.co.za/opinionista/2020-08-14-marikana-the-long-wait-for-truth-justice-and-compensation/,government,0.8571,dominant_voice_proxy,7.350,1.050,0.350,1.050,0.000,1,0.45685,2,5,1,0.26393,1,5,,0.1266,true,stance_readings_disagree_or_low_margin,(?:healing|renewal|reconciliation|remediation|redress|compensation|restorative) | compensation,,1,third_computational_adjudication_clear_margin,0.379682,government,0.8571,dominant_voice_proxy,government,resolved,pass1_retained_sufficient_confidence,0.8571,,,,,
DISC-MEDIA-0276,Marikana Experts Report Points The Way To Better Policing,2020,Daily Maverick,https://www.dailymaverick.co.za/article/2020-08-18-marikana-experts-report-points-the-way-to-better-policing/,government,0.8719,dominant_voice_proxy,30.450,1.400,0.000,3.900,0.350,0,-2.19722,1,17,0,-3.74166,0,14,0,1.0000,false,computational_readings_agree,,,0,pass1_independent_readings_agree,,government,0.8719,dominant_voice_proxy,government,resolved,pass1_retained_sufficient_confidence,0.8719,,,,,
DISC-MEDIA-0277,Judge Farlam Someone Could Come Forward To Solve Marikana Mystery,2020,Daily Maverick,https://www.dailymaverick.co.za/article/2020-08-19-judge-farlam-someone-could-come-forward-to-solve-marikana-mystery/,government,0.8263,dominant_voice_proxy,44.900,1.050,5.000,7.800,5.000,0,-1.79176,1,11,0,-1.23154,2,7,0,0.6047,false,computational_readings_agree,,,0,pass1_independent_readings_agree,,government,0.8263,dominant_voice_proxy,government,resolved,pass1_retained_sufficient_confidence,0.8263,,,,,
DISC-MEDIA-0279,Sibanye Stillwater Ceo Says Marikana Wont Be Swept Under The Carpet,2020,Daily Maverick,https://www.dailymaverick.co.za/article/2020-09-10-sibanye-stillwater-ceo-says-marikana-wont-be-swept-under-the-carpet/,investor,0.9710,dominant_voice_proxy,0.700,24.150,0.700,0.350,0.000,0,-0.69315,1,3,0,-0.41421,1,2,0,0.2215,false,computational_readings_agree,,,0,pass1_independent_readings_agree,,investor,0.9710,dominant_voice_proxy,investor,resolved,pass1_retained_sufficient_confidence,0.9710,,,,,
DISC-MEDIA-0355,Mauritius To Marikana Lessons For Zondo From Past Commissions,2020,Daily Maverick,https://www.dailymaverick.co.za/opinionista/2020-10-05-mauritius-to-marikana-lessons-for-zondo-from-past-commissions/,government,0.9897,dominant_voice_proxy,34.000,0.000,0.350,0.000,0.000,0,-1.70475,1,10,0,-1.82843,1,8,0,0.7066,false,computational_readings_agree,,,0,pass1_independent_readings_agree,,government,0.9897,dominant_voice_proxy,government,resolved,pass1_retained_sufficient_confidence,0.9897,,,,,
SEC-MEDIA-0063,Earnings Surge For Gold Fields And Its Offspring Sibanye Which Is Shock Expanding In Sa,2021,Daily Maverick,https://www.dailymaverick.co.za/article/2021-02-18-earnings-surge-for-gold-fields-and-its-offspring-sibanye-which-is-shock-expanding-in-sa/,investor,0.8649,dominant_voice_proxy,2.850,21.100,2.500,0.000,0.000,0,-1.09861,0,2,0,-1.41421,0,2,0,0.5026,false,computational_readings_agree,,,0,pass1_independent_readings_agree,,investor,0.8649,dominant_voice_proxy,investor,resolved,pass1_retained_sufficient_confidence,0.8649,,,,,
DISC-MEDIA-0280,Saps Cherry Picks From 136 Recommendations On Democratic Policing By Expert Panel On Marikana Massacre,2021,Daily Maverick,https://www.dailymaverick.co.za/article/2021-03-29-saps-cherry-picks-from-136-recommendations-on-democratic-policing-by-expert-panel-on-marikana-massacre/,government,0.8244,dominant_voice_proxy,24.200,4.250,0.350,0.000,0.000,0,-1.99730,2,6,0,-3.50000,0,4,0,1.0000,false,computational_readings_agree,,(?:massacre|killings?|shootings?|deaths?|torture) | massacre,0,pass1_independent_readings_agree,,government,0.8244,dominant_voice_proxy,government,resolved,pass1_retained_sufficient_confidence,0.8244,,,,,
DISC-MEDIA-0576,Marikana Trial Miners May Have Been In Possession Of 60 Rounds Of Ammunition Defence Lawyer,2021,Engineering News,https://www.engineeringnews.co.za/article/marikana-trial-miners-may-have-been-in-possession-of-60-rounds-of-ammunition---defence-lawyer-2021-05-25,government,0.6889,dominant_voice_proxy,6.750,0.700,0.000,2.100,0.000,0,-1.09861,0,2,0,-1.00000,0,1,0,0.4197,false,computational_readings_agree,,,0,pass1_independent_readings_agree,,government,0.6889,dominant_voice_proxy,government,resolved,pass1_retained_sufficient_confidence,0.6889,,,,,
DISC-MEDIA-0577,Marikana Trial Provoked Miners Posed No Threat When Tear Gas Stun Grenades Were Fired At Them,2021,Engineering News,https://www.engineeringnews.co.za/article/marikana-trial-provoked-miners-posed-no-threat-when-tear-gas-stun-grenades-were-fired-at-them-2021-05-27,government,0.7941,dominant_voice_proxy,8.500,1.050,0.000,1.750,0.000,1,0.00000,2,2,0,-1.00000,0,1,,0.1333,true,stance_readings_disagree_or_low_margin,,,0,third_computational_adjudication_clear_margin,-0.400000,government,0.7941,dominant_voice_proxy,government,resolved,pass1_retained_sufficient_confidence,0.7941,,,,,
DISC-MEDIA-0282,The Only Way To Honour Massacred Miners Of Marikana Is For Miners To Own 51 Of Mines Xolani Dube,2021,Daily Maverick,https://www.dailymaverick.co.za/article/2021-08-11-the-only-way-to-honour-massacred-miners-of-marikana-is-for-miners-to-own-51-of-mines-xolani-dube/,labour,0.4711,dominant_voice_proxy,2.850,0.000,3.200,6.050,0.000,0,-2.94176,1,11,0,-3.81662,1,11,0,1.0000,false,computational_readings_agree,,(?:massacre|killings?|shootings?|deaths?|torture) | massacre,0,pass1_independent_readings_agree,,labour,0.4711,dominant_voice_proxy,labour,resolved,pass1_retained_sufficient_confidence,0.4711,,,,,
DISC-MEDIA-0372,Amcu To Commemorate Marikana Celebrate Womens Month With Upcoming Events,2021,Engineering News,https://www.engineeringnews.co.za/article/amcu-to-commemorate-marikana-celebrate-womens-month-with-upcoming-events-2021-08-11,labour,0.9226,dominant_voice_proxy,0.000,1.750,0.000,22.600,0.000,0,-0.69315,1,3,0,-0.41421,1,2,0,0.2215,false,computational_readings_agree,,,0,pass1_independent_readings_agree,,labour,0.9226,dominant_voice_proxy,labour,resolved,pass1_retained_sufficient_confidence,0.9226,,,,,
DISC-MEDIA-0283,Marikana Massacre South Africa May Be Grappling With Whose Pain Is More Worthy Of Nationwide Recognition,2021,Daily Maverick,https://www.dailymaverick.co.za/article/2021-08-14-marikana-massacre-south-africa-may-be-grappling-with-whose-pain-is-more-worthy-of-nationwide-recognition/,government,0.4000,dominant_voice_proxy,1.750,0.000,1.050,0.700,0.350,0,-3.54790,0,10,0,-3.50000,0,4,0,1.0000,false,computational_readings_agree,,(?:massacre|killings?|shootings?|deaths?|torture) | massacre,0,pass1_independent_readings_agree,,government,0.4000,dominant_voice_proxy,government,resolved,pass1_retained_sufficient_confidence,0.4000,,,,,
DISC-MEDIA-0284,Marikana Residents Struggle For Their Livelihoods And Dignity In The Dust And Degradation,2021,Daily Maverick,https://www.dailymaverick.co.za/article/2021-08-16-marikana-residents-struggle-for-their-livelihoods-and-dignity-in-the-dust-and-degradation/,community,0.1882,dominant_voice_proxy,3.200,18.550,22.850,0.700,0.000,0,-0.25131,6,8,0,-0.82185,2,5,0,0.2146,false,computational_readings_agree,,,0,pass1_independent_readings_agree,,community,0.1882,dominant_voice_proxy,community,resolved,pass1_retained_sufficient_confidence,0.1882,,,,,
DISC-MEDIA-0285,This Week Nine Years After 34 Miners Were Killed At Marikana South Africa Continues To Mourn,2021,Daily Maverick,https://www.dailymaverick.co.za/article/2021-08-16-this-week-nine-years-after-34-miners-were-killed-at-marikana-south-africa-continues-to-mourn/,government,0.6667,dominant_voice_proxy,1.050,0.000,0.000,0.000,0.350,0,-2.53629,0,3,0,-1.73205,0,3,0,0.8537,false,computational_readings_agree,,kill(?:ed|ing|ings)?,0,pass1_independent_readings_agree,,government,0.6667,dominant_voice_proxy,government,resolved,pass1_retained_sufficient_confidence,0.6667,,,,,
DISC-MEDIA-0287,Returning To Marikana Seeing That Koppie Where The Bodies Once Lay Was Tough,2021,Daily Maverick,https://www.dailymaverick.co.za/article/2021-08-17-returning-to-marikana-seeing-that-koppie-where-the-bodies-once-lay-was-tough/,government,0.6667,dominant_voice_proxy,1.050,0.000,0.350,0.000,0.000,0,-0.91629,1,4,0,-1.73205,0,3,0,0.5297,false,computational_readings_agree,,,0,pass1_independent_readings_agree,,government,0.6667,dominant_voice_proxy,government,resolved,pass1_retained_sufficient_confidence,0.6667,,,,,
DISC-MEDIA-0356,The Marikana Memorial Lecture Lessons We Learnt From That Fateful Day,2021,Daily Maverick,https://www.dailymaverick.co.za/opinionista/2021-08-17-the-marikana-memorial-lecture-lessons-we-learnt-from-that-fateful-day/,investor,0.2500,dominant_voice_proxy,0.000,1.400,1.050,0.000,0.000,1,1.09861,8,2,1,0.82185,5,2,1,0.3841,false,computational_readings_agree,,,1,pass1_independent_readings_agree,,investor,0.2500,dominant_voice_proxy,investor,resolved,pass1_retained_sufficient_confidence,0.2500,,,,,
DISC-MEDIA-0357,I Heard The Machine Gun Fire Sound Of Police Shooting Down The Mineworkers In Marikana How Did We Come To This,2021,Daily Maverick,https://www.dailymaverick.co.za/opinionista/2021-08-18-i-heard-the-machine-gun-fire-sound-of-police-shooting-down-the-mineworkers-in-marikana-how-did-we-come-to-this/,labour,0.0864,dominant_voice_proxy,3.700,0.000,0.700,4.050,0.000,0,-2.24861,0,2,0,-2.91421,0,2,0,1.0000,true,stakeholder_voice_low_confidence,,(?:massacre|killings?|shootings?|deaths?|torture) | shoot(?:ing|ings)?,0,pass1_independent_readings_agree,,labour,0.0864,dominant_voice_proxy,,unresolved,unresolved_stakeholder_voice_ambiguous,0.0000,4.800,0.000,0.000,4.800,0.000
DISC-MEDIA-0364,Amcu Calls For Inquest Into South African Mining Fatalities Another Person Dies At Marikana,2021,Engineering News,https://www.engineeringnews.co.za/article/amcu-calls-for-inquest-into-south-african-mining-fatalities-another-person-dies-at-marikana-2021-11-23,investor,0.2162,dominant_voice_proxy,2.850,9.250,0.000,7.250,0.000,0,-1.60944,0,4,0,-1.73205,0,3,0,0.6683,false,computational_readings_agree,,,0,pass1_independent_readings_agree,,investor,0.2162,dominant_voice_proxy,investor,resolved,pass1_retained_sufficient_confidence,0.2162,,,,,
SEC-MEDIA-0559,Sibanye Awards 51 Bursaries,2022,Engineering News,https://www.engineeringnews.co.za/article/sibanye-awards-51-bursaries-2022-02-07,investor,0.9282,dominant_voice_proxy,0.000,9.750,0.700,0.000,0.000,1,0.69315,1,0,1,1.00000,1,0,1,0.3386,false,computational_readings_agree,,,1,pass1_independent_readings_agree,,investor,0.9282,dominant_voice_proxy,investor,resolved,pass1_retained_sufficient_confidence,0.9282,,,,,
DISC-MEDIA-0358,We Remember Marikana Will The Government And President Ramaphosa Also Remember The Massacre 10 Years Later,2022,Daily Maverick,https://www.dailymaverick.co.za/opinionista/2022-02-22-we-remember-marikana-will-the-government-and-president-ramaphosa-also-remember-the-massacre-10-years-later/,government,0.0448,dominant_voice_proxy,3.350,0.700,3.200,1.050,0.000,0,-3.34722,0,8,0,-4.14575,0,7,0,1.0000,true,stakeholder_voice_low_confidence,,(?:massacre|killings?|shootings?|deaths?|torture) | massacre,0,pass1_independent_readings_agree,,government,0.0448,dominant_voice_proxy,government,resolved,third_pass_unique_headline_subject,0.9500,2.000,0.000,0.000,0.000,0.000
DISC-MEDIA-0288,Marikana A Peoples History An Analysis Of Scene Two Of The Massacre,2022,Daily Maverick,https://www.dailymaverick.co.za/article/2022-04-18-marikana-a-peoples-history-an-analysis-of-scene-two-of-the-massacre/,government,0.8433,dominant_voice_proxy,13.400,0.350,1.050,2.100,0.000,0,-4.14573,0,19,0,-5.50000,0,16,0,1.0000,false,computational_readings_agree,,(?:massacre|killings?|shootings?|deaths?|torture) | massacre,0,pass1_independent_readings_agree,,government,0.8433,dominant_voice_proxy,government,resolved,pass1_retained_sufficient_confidence,0.8433,,,,,
SEC-MEDIA-0928,Sibanye Suspends Gold Guidance But Reports Strong First Quarter Earnings,2022,Engineering News,https://www.engineeringnews.co.za/article/sibanye-suspends-gold-guidance-but-reports-strong-first-quarter-earnings-2022-05-05,investor,0.8317,dominant_voice_proxy,0.000,20.800,0.000,3.500,0.000,0,-0.40547,1,2,0,-1.73205,0,3,0,0.4275,false,computational_readings_agree,,,0,pass1_independent_readings_agree,,investor,0.8317,dominant_voice_proxy,investor,resolved,pass1_retained_sufficient_confidence,0.8317,,,,,
DISC-MEDIA-0359,Minister Thulas Nxesi Beware Another Marikana Brewing While You Sleep,2022,Daily Maverick,https://www.dailymaverick.co.za/opinionista/2022-05-08-minister-thulas-nxesi-beware-another-marikana-brewing-while-you-sleep/,government,0.7308,dominant_voice_proxy,6.500,1.750,0.000,1.750,0.000,0,-2.77259,0,15,0,-3.74166,0,14,0,1.0000,false,computational_readings_agree,,,0,pass1_independent_readings_agree,,government,0.7308,dominant_voice_proxy,government,resolved,pass1_retained_sufficient_confidence,0.7308,,,,,
SEC-MEDIA-0086,Sibanye Ceo Froneman Explains R300M Renumeration Package,2022,Daily Maverick,https://www.dailymaverick.co.za/article/2022-05-15-sibanye-ceo-froneman-explains-r300m-renumeration-package/,investor,0.6106,dominant_voice_proxy,0.000,25.550,0.000,9.950,0.000,0,-0.81093,3,8,0,-2.82843,0,8,0,0.7279,false,computational_readings_agree,,,0,pass1_independent_readings_agree,,investor,0.6106,dominant_voice_proxy,investor,resolved,pass1_retained_sufficient_confidence,0.6106,,,,,
DISC-MEDIA-0289,Academics In Depth Account Of Marikana Massacre Marred By Curious Omissions,2022,Daily Maverick,https://www.dailymaverick.co.za/article/2022-05-18-academics-in-depth-account-of-marikana-massacre-marred-by-curious-omissions/,labour,0.4338,dominant_voice_proxy,12.400,5.950,4.950,21.900,0.000,0,-2.98258,3,24,0,-4.77620,2,22,0,1.0000,false,computational_readings_agree,,(?:massacre|killings?|shootings?|deaths?|torture) | massacre,0,pass1_independent_readings_agree,,labour,0.4338,dominant_voice_proxy,labour,resolved,pass1_retained_sufficient_confidence,0.4338,,,,,
SEC-MEDIA-0087,Sibanye Stillwater In Mediation With Striking Unions While Wage Talks Remain Deadlocked,2022,Daily Maverick,https://www.dailymaverick.co.za/article/2022-05-29-sibanye-stillwater-in-mediation-with-striking-unions-while-wage-talks-remain-deadlocked/,labour,0.1931,dominant_voice_proxy,5.350,14.000,2.500,17.350,0.000,0,-0.81093,3,8,0,-2.82843,0,8,0,0.7279,false,computational_readings_agree,,,0,pass1_independent_readings_agree,,labour,0.1931,dominant_voice_proxy,labour,resolved,pass1_retained_sufficient_confidence,0.1931,,,,,
DISC-MEDIA-0290,Marikana Informal Settlement Families Still In Land Limbo Five Years After Landmark Ruling,2022,Daily Maverick,https://www.dailymaverick.co.za/article/2022-06-23-marikana-informal-settlement-families-still-in-land-limbo-five-years-after-landmark-ruling/,community,0.7444,dominant_voice_proxy,0.000,0.350,11.150,0.000,2.850,1,1.66083,4,2,0,-1.41421,0,2,,0.1436,true,stance_readings_disagree_or_low_margin,settlement,,1,third_computational_adjudication_clear_margin,0.430814,community,0.7444,dominant_voice_proxy,community,resolved,pass1_retained_sufficient_confidence,0.7444,,,,,
DISC-MEDIA-0291,Justice For Marikana Community Suffers A Blow After Activist Gunned Down At Her Front Door,2022,Daily Maverick,https://www.dailymaverick.co.za/article/2022-06-28-justice-for-marikana-community-suffers-a-blow-after-activist-gunned-down-at-her-front-door/,community,0.2000,dominant_voice_proxy,9.200,3.200,11.500,2.500,0.000,0,-1.67398,2,15,0,-2.04989,2,12,0,0.7448,false,computational_readings_agree,,,0,pass1_independent_readings_agree,,community,0.2000,dominant_voice_proxy,community,resolved,pass1_retained_sufficient_confidence,0.2000,,,,,
DISC-MEDIA-0292,All Marikana Reparations Must Be Settled By End Of August Solicitor General,2022,Daily Maverick,https://www.dailymaverick.co.za/article/2022-08-10-all-marikana-reparations-must-be-settled-by-end-of-august-solicitor-general/,government,0.9483,dominant_voice_proxy,13.550,0.700,0.350,0.000,0.700,1,0.69315,5,2,1,0.00000,2,2,,0.1386,true,stance_readings_disagree_or_low_margin,,,1,third_computational_adjudication_clear_margin,0.415890,government,0.9483,dominant_voice_proxy,government,resolved,pass1_retained_sufficient_confidence,0.9483,,,,,
DISC-MEDIA-0599,Outstanding Marikana Matters Set For Completion By Month End,2022,Engineering News,https://www.engineeringnews.co.za/article/outstanding-marikana-matters-set-for-completion-by-month-end-2022-08-10,government,0.8593,dominant_voice_proxy,9.950,1.400,0.000,0.350,0.000,1,0.28768,3,2,0,-1.41421,0,2,,0.1310,true,stance_readings_disagree_or_low_margin,,,0,third_computational_adjudication_clear_margin,-0.393076,government,0.8593,dominant_voice_proxy,government,resolved,pass1_retained_sufficient_confidence,0.8593,,,,,
DISC-MEDIA-0293,The Legacy Of The Marikana Massacre Ten Years Later,2022,Daily Maverick,https://www.dailymaverick.co.za/article/2022-08-11-the-legacy-of-the-marikana-massacre-ten-years-later/,government,0.3889,dominant_voice_proxy,6.300,0.350,0.700,3.850,0.350,0,-3.59235,1,22,0,-5.08258,1,21,0,1.0000,false,computational_readings_agree,,(?:massacre|killings?|shootings?|deaths?|torture) | massacre,0,pass1_independent_readings_agree,,government,0.3889,dominant_voice_proxy,government,resolved,pass1_retained_sufficient_confidence,0.3889,,,,,
DISC-MEDIA-0294,A Decade Since The Marikana Massacre A Century Since The Rand Revolt,2022,Daily Maverick,https://www.dailymaverick.co.za/article/2022-08-14-a-decade-since-the-marikana-massacre-a-century-since-the-rand-revolt/,labour,0.4706,dominant_voice_proxy,3.150,0.000,0.000,5.950,0.000,0,-3.71495,0,12,0,-4.66228,0,10,0,1.0000,false,computational_readings_agree,,(?:massacre|killings?|shootings?|deaths?|torture) | massacre,0,pass1_independent_readings_agree,,labour,0.4706,dominant_voice_proxy,labour,resolved,pass1_retained_sufficient_confidence,0.4706,,,,,
DISC-MEDIA-0295,Marikana Massacre 10 Years Later,2022,Daily Maverick,https://www.dailymaverick.co.za/article/2022-08-15-marikana-massacre-10-years-later/,government,0.3500,dominant_voice_proxy,0.700,0.350,0.350,0.350,0.000,0,-1.15000,1,1,0,-2.50000,0,1,0,0.7300,false,computational_readings_agree,,(?:massacre|killings?|shootings?|deaths?|torture) | massacre,0,pass1_independent_readings_agree,,government,0.3500,dominant_voice_proxy,government,resolved,pass1_retained_sufficient_confidence,0.3500,,,,,
DISC-MEDIA-0296,This Week Remembering The Marikana Massacre World Humanitarian Day And Land Conference,2022,Daily Maverick,https://www.dailymaverick.co.za/article/2022-08-15-this-week-remembering-the-marikana-massacre-world-humanitarian-day-and-land-conference/,government,0.2000,dominant_voice_proxy,1.750,0.000,1.400,0.350,1.050,0,-1.84315,4,9,0,-3.08579,2,9,0,0.9858,false,computational_readings_agree,,(?:massacre|killings?|shootings?|deaths?|torture) | massacre,0,pass1_independent_readings_agree,,government,0.2000,dominant_voice_proxy,government,resolved,pass1_retained_sufficient_confidence,0.2000,,,,,
DISC-MEDIA-0297,The Great Crime Of Marikana And The Deadly Mistakes Made By Police,2022,Daily Maverick,https://www.dailymaverick.co.za/article/2022-08-16-the-great-crime-of-marikana-and-the-deadly-mistakes-made-by-police/,government,0.8082,dominant_voice_proxy,14.600,0.000,0.000,2.800,0.000,0,-2.99573,0,19,0,-4.00000,0,16,0,1.0000,false,computational_readings_agree,,,0,pass1_independent_readings_agree,,government,0.8082,dominant_voice_proxy,government,resolved,pass1_retained_sufficient_confidence,0.8082,,,,,
DISC-MEDIA-0298,People Gather On Marikanas Koppie Of Death To Reflect On 10 Years Of Lingering Pain And Hanging Promises,2022,Daily Maverick,https://www.dailymaverick.co.za/article/2022-08-17-people-gather-on-marikanas-koppie-of-death-to-reflect-on-10-years-of-lingering-pain-and-hanging-promises/,government,0.8906,dominant_voice_proxy,3.200,0.000,0.000,0.350,0.000,0,-2.53629,0,3,0,-3.23205,0,3,0,1.0000,false,computational_readings_agree,,(?:massacre|killings?|shootings?|deaths?|torture) | death(?:s)?,0,pass1_independent_readings_agree,,government,0.8906,dominant_voice_proxy,government,resolved,pass1_retained_sufficient_confidence,0.8906,,,,,
DISC-MEDIA-0360,Lets Never Forget The Marikana Massacre And Start The Daunting Task Of Building A Social Pact,2022,Daily Maverick,https://www.dailymaverick.co.za/opinionista/2022-08-18-lets-never-forget-the-marikana-massacre-and-start-the-daunting-task-of-building-a-social-pact/,community,0.1000,dominant_voice_proxy,3.150,1.050,3.500,1.750,0.000,0,-1.96093,3,8,0,-1.81784,2,3,0,0.7558,true,stakeholder_voice_low_confidence,,(?:massacre|killings?|shootings?|deaths?|torture) | massacre,0,pass1_independent_readings_agree,,community,0.1000,dominant_voice_proxy,,unresolved,unresolved_stakeholder_voice_ambiguous,0.4900,1.600,0.000,0.800,0.000,0.000
DISC-MEDIA-0299,Marikana Massacre Mapped Why Operational Commander Brigadier Adrian Calitz Must Face Justice,2022,Daily Maverick,https://www.dailymaverick.co.za/article/2022-09-06-marikana-massacre-mapped-why-operational-commander-brigadier-adrian-calitz-must-face-justice/,government,0.4395,dominant_voice_proxy,16.950,2.850,1.750,9.500,0.000,0,-4.24104,1,43,0,-7.58276,0,37,0,1.0000,false,computational_readings_agree,,(?:massacre|killings?|shootings?|deaths?|torture) | massacre,0,pass1_independent_readings_agree,,government,0.4395,dominant_voice_proxy,government,resolved,pass1_retained_sufficient_confidence,0.4395,,,,,
DISC-MEDIA-0300,Wits To Name Amic Deck Landmark After Mining Firm Students Demand It Be Named After Marikana,2022,Daily Maverick,https://www.dailymaverick.co.za/article/2022-09-23-wits-to-name-amic-deck-landmark-after-mining-firm-students-demand-it-be-named-after-marikana/,investor,0.6151,dominant_voice_proxy,0.000,13.900,0.350,5.350,0.000,0,-0.69315,0,1,0,-1.00000,0,1,0,0.3386,false,computational_readings_agree,,,0,pass1_independent_readings_agree,,investor,0.6151,dominant_voice_proxy,investor,resolved,pass1_retained_sufficient_confidence,0.6151,,,,,
SEC-MEDIA-0099,Sibanyes Pgm Unit Reaches Pay Deal With Num And Uasa Amcu Declares Dispute,2022,Daily Maverick,https://www.dailymaverick.co.za/article/2022-10-02-sibanyes-pgm-unit-reaches-pay-deal-with-num-and-uasa-amcu-declares-dispute/,labour,0.5079,dominant_voice_proxy,0.350,7.800,0.000,15.850,0.000,0,-0.22314,3,4,0,-2.00000,0,4,0,0.4446,false,computational_readings_agree,,,0,pass1_independent_readings_agree,,labour,0.5079,dominant_voice_proxy,labour,resolved,pass1_retained_sufficient_confidence,0.5079,,,,,
SEC-MEDIA-0102,Sibanye Amcu Sign Five Year Wage Deal As Union Unrest Declines In Pgm Sector,2022,Daily Maverick,https://www.dailymaverick.co.za/article/2022-10-30-sibanye-amcu-sign-five-year-wage-deal-as-union-unrest-declines-in-pgm-sector/,labour,0.5091,dominant_voice_proxy,0.350,9.400,0.000,19.150,0.000,0,-0.99585,6,5,0,-3.73607,0,5,0,0.9464,false,computational_readings_agree,,(?:strike|protest|unrest|industrial action) | unrest,0,pass1_independent_readings_agree,,labour,0.5091,dominant_voice_proxy,labour,resolved,pass1_retained_sufficient_confidence,0.5091,,,,,
DISC-MEDIA-0301,From A Mega Project To An Upgrade Marikana Soutpan Families Are Still Waiting,2022,Daily Maverick,https://www.dailymaverick.co.za/article/2022-11-02-from-a-mega-project-to-an-upgrade-marikana-soutpan-families-are-still-waiting/,community,0.6833,dominant_voice_proxy,2.850,0.000,9.000,0.000,0.000,1,2.30259,9,0,1,0.00000,0,0,1,0.4605,false,computational_readings_agree,,,1,pass1_independent_readings_agree,,community,0.6833,dominant_voice_proxy,community,resolved,pass1_retained_sufficient_confidence,0.6833,,,,,
DISC-MEDIA-0302,Marikana Rights Defender Christinah Mdau Leads Fight Against Mine,2023,Daily Maverick,https://www.dailymaverick.co.za/article/2023-08-04-marikana-rights-defender-christinah-mdau-leads-fight-against-mine/,community,0.8250,dominant_voice_proxy,1.050,0.350,6.000,0.000,0.000,0,-1.09861,0,2,1,0.00000,1,1,,0.2197,true,stance_readings_disagree_or_low_margin,,,0,third_computational_adjudication_clear_margin,-0.659166,community,0.8250,dominant_voice_proxy,community,resolved,pass1_retained_sufficient_confidence,0.8250,,,,,
DISC-MEDIA-0303,Stop Feeding Those Miners Imtiaz Sooliman Recounts Chilling Phone Calls During 2012 Marikana Strike,2023,Daily Maverick,https://www.dailymaverick.co.za/article/2023-08-14-stop-feeding-those-miners-imtiaz-sooliman-recounts-chilling-phone-calls-during-2012-marikana-strike/,investor,0.5500,dominant_voice_proxy,4.950,11.000,0.700,3.150,0.000,0,-2.24861,2,8,0,-3.32843,1,8,0,1.0000,false,computational_readings_agree,,(?:strike|protest|unrest|industrial action) | strike,0,pass1_independent_readings_agree,,investor,0.5500,dominant_voice_proxy,investor,resolved,pass1_retained_sufficient_confidence,0.5500,,,,,
DISC-MEDIA-0304,This Week Sa Marks 11 Years Since The Marikana Massacre And The Udf Celebrates 40Th Anniversary,2023,Daily Maverick,https://www.dailymaverick.co.za/article/2023-08-14-this-week-sa-marks-11-years-since-the-marikana-massacre-and-the-udf-celebrates-40th-anniversary/,government,0.7500,dominant_voice_proxy,4.200,0.000,1.050,0.700,0.000,0,-1.62000,4,7,0,-2.23205,1,3,0,0.7704,false,computational_readings_agree,,(?:massacre|killings?|shootings?|deaths?|torture) | massacre,0,pass1_independent_readings_agree,,government,0.7500,dominant_voice_proxy,government,resolved,pass1_retained_sufficient_confidence,0.7500,,,,,
DISC-MEDIA-0305,Justice Delayed Is Justice Denied 11 Years Since The Marikana Massacre And Still No Closure,2023,Daily Maverick,https://www.dailymaverick.co.za/article/2023-08-15-justice-delayed-is-justice-denied-11-years-since-the-marikana-massacre-and-still-no-closure/,government,0.3543,dominant_voice_proxy,8.750,3.500,2.800,5.650,0.350,0,-2.43093,4,17,0,-3.95877,2,15,0,1.0000,false,computational_readings_agree,,(?:massacre|killings?|shootings?|deaths?|torture) | massacre,0,pass1_independent_readings_agree,,government,0.3543,dominant_voice_proxy,government,resolved,pass1_retained_sufficient_confidence,0.3543,,,,,
DISC-MEDIA-0306,Witnessing The Shooting Of People At Marikana Left A Massive Scar Felix Dlangamandla Re Examines His Images From That Bloody Day,2023,Daily Maverick,https://www.dailymaverick.co.za/article/2023-08-15-witnessing-the-shooting-of-people-at-marikana-left-a-massive-scar-felix-dlangamandla-re-examines-his-images-from-that-bloody-day/,government,0.6303,dominant_voice_proxy,10.550,0.000,0.700,3.900,0.000,0,-3.34722,2,26,0,-5.85890,0,19,0,1.0000,false,computational_readings_agree,,(?:massacre|killings?|shootings?|deaths?|torture) | shoot(?:ing|ings)?,0,pass1_independent_readings_agree,,government,0.6303,dominant_voice_proxy,government,resolved,pass1_retained_sufficient_confidence,0.6303,,,,,
DISC-MEDIA-0361,Marikana 11 Years On Where Little Has Changed And Justice Still Evades Us,2023,Daily Maverick,https://www.dailymaverick.co.za/opinionista/2023-08-15-marikana-11-years-on-where-little-has-changed-and-justice-still-evades-us/,government,0.8828,dominant_voice_proxy,11.950,1.400,0.000,0.700,0.000,0,-1.60944,0,4,0,-2.00000,0,4,0,0.7219,false,computational_readings_agree,,,0,pass1_independent_readings_agree,,government,0.8828,dominant_voice_proxy,government,resolved,pass1_retained_sufficient_confidence,0.8828,,,,,
DISC-MEDIA-0307,Remember Marikana Also Mourn Victims Of Sa Everyday Violence,2023,Daily Maverick,https://www.dailymaverick.co.za/article/2023-08-16-remember-marikana-also-mourn-victims-of-sa-everyday-violence/,government,0.7500,dominant_voice_proxy,5.600,0.350,1.050,1.400,0.000,0,-5.00015,0,46,0,-4.29150,1,28,0,1.0000,false,computational_readings_agree,,violence,0,pass1_independent_readings_agree,,government,0.7500,dominant_voice_proxy,government,resolved,pass1_retained_sufficient_confidence,0.7500,,,,,
DISC-MEDIA-0406,Govt Has Paid Over R330M In Taxpayer Money In Marikana Litigation,2023,Engineering News,https://www.engineeringnews.co.za/article/govt-has-paid-over-r330m-in-taxpayer-money-in-marikana-litigation-2023-08-17,government,0.5897,dominant_voice_proxy,7.800,0.700,0.350,0.000,3.200,0,-0.69315,2,5,0,-2.00000,0,4,0,0.5386,false,computational_readings_agree,,,0,pass1_independent_readings_agree,,government,0.5897,dominant_voice_proxy,government,resolved,pass1_retained_sufficient_confidence,0.5897,,,,,
DISC-MEDIA-0308,Marikana Massacre Victims Families Receive R330 Million From Government 11 Years Later Claims Still Pending,2023,Daily Maverick,https://www.dailymaverick.co.za/article/2023-08-18-marikana-massacre-victims-families-receive-r330-million-from-government-11-years-later-claims-still-pending/,government,0.5061,dominant_voice_proxy,12.250,0.350,3.350,0.000,6.050,0,-1.66083,2,4,0,-3.23205,0,3,0,0.9786,false,computational_readings_agree,,(?:massacre|killings?|shootings?|deaths?|torture) | massacre,0,pass1_independent_readings_agree,,government,0.5061,dominant_voice_proxy,government,resolved,pass1_retained_sufficient_confidence,0.5061,,,,,
