record_id,archive_queue,title,normalised_title,year,publication_date_from_url,publisher,url,canonical_url,retrieved_text_words,retrieved_text_sha256,text_hash_status,reason_code,decision_status,decision_provenance,titlepair_review_status,titlepair_representative_record_id,final_text_quality_status,analysis_ready_pre_cross_phase
DISC-MEDIA-0001,title_trigger,Lonmins Killing Fields,lonmins killing fields,2012,2012-08-14,Daily Maverick,https://www.dailymaverick.co.za/article/2012-08-14-lonmins-killing-fields/,https://dailymaverick.co.za/article/2012-08-14-lonmins-killing-fields,1239,9254404f7b89655f987b7c3b57629c411ea0bf8d5f77463cd1d480f252c34e5f,valid_sha256,include_case_central,final_batch_01,review_batch_01_locked_rubric_2026-08-23,retained_after_titlepair_review,DISC-MEDIA-0001,no_known_text_quality_exception,true
DISC-MEDIA-0002,title_trigger,Lonmin Mining Crisis Precarious Balance No Solution In Sight,lonmin mining crisis precarious balance no solution in sight,2012,2012-08-15,Daily Maverick,https://www.dailymaverick.co.za/article/2012-08-15-lonmin-mining-crisis-precarious-balance-no-solution-in-sight/,https://dailymaverick.co.za/article/2012-08-15-lonmin-mining-crisis-precarious-balance-no-solution-in-sight,960,fd6770776d9a301c37233ce5c2c349bd7c7d375334fa4780848a7e5b010fa719,valid_sha256,include_case_central,final_batch_03,review_batch_03_conservative_whole_queue_2026-08-23,retained_after_titlepair_review,DISC-MEDIA-0002,no_known_text_quality_exception,true
DISC-MEDIA-0003,title_trigger,Beyond The Chaos At Marikana The Search For The Real Issues,beyond the chaos at marikana the search for the real issues,2012,2012-08-17,Daily Maverick,https://www.dailymaverick.co.za/article/2012-08-17-beyond-the-chaos-at-marikana-the-search-for-the-real-issues/,https://dailymaverick.co.za/article/2012-08-17-beyond-the-chaos-at-marikana-the-search-for-the-real-issues,1623,9606e472faff2db47547a29decba97cd945d05887c7922965fc736f52626da3d,valid_sha256,include_case_central,final_batch_03,review_batch_03_conservative_whole_queue_2026-08-23,retained_after_titlepair_review,DISC-MEDIA-0003,no_known_text_quality_exception,true
DISC-MEDIA-0004,title_trigger,Reporters Notebook Wonderkop Marikana Friday 17Th,reporters notebook wonderkop marikana friday 17th,2012,2012-08-17,Daily Maverick,https://www.dailymaverick.co.za/article/2012-08-17-reporters-notebook-wonderkop-marikana-friday-17th/,https://dailymaverick.co.za/article/2012-08-17-reporters-notebook-wonderkop-marikana-friday-17th,914,54c0a23e29d4264abdabcd5ac8f525423ba45570f3cdadf78de8b47aff850d06,valid_sha256,include_case_central,final_batch_03,review_batch_03_conservative_whole_queue_2026-08-23,retained_after_titlepair_review,DISC-MEDIA-0004,no_known_text_quality_exception,true
DISC-MEDIA-0005,title_trigger,Lonmin The Unacceptable Face Of Capitalism,lonmin the unacceptable face of capitalism,2012,2012-08-20,Daily Maverick,https://www.dailymaverick.co.za/article/2012-08-20-lonmin-the-unacceptable-face-of-capitalism/,https://dailymaverick.co.za/article/2012-08-20-lonmin-the-unacceptable-face-of-capitalism,1180,31d82a7e6d3fc16ec83af98c5cc3fdfd62023e2d0ac3d14a18fa48c2b9c9d2b7,valid_sha256,include_case_central,final_batch_03,review_batch_03_conservative_whole_queue_2026-08-23,retained_after_titlepair_review,DISC-MEDIA-0005,no_known_text_quality_exception,true
DISC-MEDIA-0006,title_trigger,Marikana Massacre Global Medias Focus On Tripartite Failures And The Growing Class Divide,marikana massacre global medias focus on tripartite failures and the growing class divide,2012,2012-08-20,Daily Maverick,https://www.dailymaverick.co.za/article/2012-08-20-marikana-massacre-global-medias-focus-on-tripartite-failures-and-the-growing-class-divide/,https://dailymaverick.co.za/article/2012-08-20-marikana-massacre-global-medias-focus-on-tripartite-failures-and-the-growing-class-divide,974,651ece5c16401e6186e6a251fc7957be39dfc4389ff4a59fd403e05228513d6a,valid_sha256,include_case_central,final_batch_03,review_batch_03_conservative_whole_queue_2026-08-23,retained_after_titlepair_review,DISC-MEDIA-0006,no_known_text_quality_exception,true
DISC-MEDIA-0007,title_trigger,Outrage At Marikana Massacre Grows Around The World,outrage at marikana massacre grows around the world,2012,2012-08-20,Daily Maverick,https://www.dailymaverick.co.za/article/2012-08-20-outrage-at-marikana-massacre-grows-around-the-world/,https://dailymaverick.co.za/article/2012-08-20-outrage-at-marikana-massacre-grows-around-the-world,971,8b8405a4d57b83102cbadf632384c2cff33f26569202853bd096b2bf37c07e54,valid_sha256,include_case_central,final_batch_03,review_batch_03_conservative_whole_queue_2026-08-23,retained_after_titlepair_review,DISC-MEDIA-0007,no_known_text_quality_exception,true
DISC-MEDIA-0309,title_trigger,Marikana Lonmins Disquiet And The Fight For Manhood,marikana lonmins disquiet and the fight for manhood,2012,2012-08-20,Daily Maverick,https://www.dailymaverick.co.za/opinionista/2012-08-20-marikana-lonmins-disquiet-and-the-fight-for-manhood/,https://dailymaverick.co.za/opinionista/2012-08-20-marikana-lonmins-disquiet-and-the-fight-for-manhood,1348,7ab0ccdd48fdd6d85d2198a324f58288743a5e5f09fca93070ac8ce1df196546,valid_sha256,include_case_central,final_batch_03,review_batch_03_conservative_whole_queue_2026-08-23,retained_after_titlepair_review,DISC-MEDIA-0309,no_known_text_quality_exception,true
DISC-MEDIA-0310,title_trigger,The Lonmin Shootings Could Knobble Cosatu Be Afraid,the lonmin shootings could knobble cosatu be afraid,2012,2012-08-20,Daily Maverick,https://www.dailymaverick.co.za/opinionista/2012-08-20-the-lonmin-shootings-could-knobble-cosatu-be-afraid/,https://dailymaverick.co.za/opinionista/2012-08-20-the-lonmin-shootings-could-knobble-cosatu-be-afraid,1404,5125609790eae08499fc7741977f30970505edace72dda7cbd05b5be8d44cdd9,valid_sha256,include_case_central,final_batch_03,review_batch_03_conservative_whole_queue_2026-08-23,retained_after_titlepair_review,DISC-MEDIA-0310,no_known_text_quality_exception,true
DISC-MEDIA-0008,title_trigger,Analysis A Tough Future For Both Lonmin And Its Metal,analysis a tough future for both lonmin and its metal,2012,2012-08-21,Daily Maverick,https://www.dailymaverick.co.za/article/2012-08-21-analysis-a-tough-future-for-both-lonmin-and-its-metal/,https://dailymaverick.co.za/article/2012-08-21-analysis-a-tough-future-for-both-lonmin-and-its-metal,1604,4e17d1334c46e89e432ae6f968932182d6a292b59bc31fa0ec45f46e1f9c32af,valid_sha256,include_case_central,final_batch_03,review_batch_03_conservative_whole_queue_2026-08-23,retained_after_titlepair_review,DISC-MEDIA-0008,no_known_text_quality_exception,true
DISC-MEDIA-0009,title_trigger,Marikana Where Is The Anc,marikana where is the anc,2012,2012-08-21,Daily Maverick,https://www.dailymaverick.co.za/article/2012-08-21-marikana-where-is-the-anc/,https://dailymaverick.co.za/article/2012-08-21-marikana-where-is-the-anc,1424,16747d6b32df9387f8b74c85cd9af45e5ee230f955656356d3caa2979ab958ad,valid_sha256,include_case_central,final_batch_03,review_batch_03_conservative_whole_queue_2026-08-23,retained_after_titlepair_review,DISC-MEDIA-0009,no_known_text_quality_exception,true
DISC-MEDIA-0010,title_trigger,A World Away From Its Reality Marikana Dissected Used Abused,a world away from its reality marikana dissected used abused,2012,2012-08-22,Daily Maverick,https://www.dailymaverick.co.za/article/2012-08-22-a-world-away-from-its-reality-marikana-dissected-used-abused/,https://dailymaverick.co.za/article/2012-08-22-a-world-away-from-its-reality-marikana-dissected-used-abused,1515,10b8eba07b240e7cb7180992965b1e8805bab63d5fbabf17b8bbdc553503b014,valid_sha256,include_case_central,final_batch_03,review_batch_03_conservative_whole_queue_2026-08-23,retained_after_titlepair_review,DISC-MEDIA-0010,no_known_text_quality_exception,true
DISC-MEDIA-0011,title_trigger,Marikana Cabinet Ministers Feel Full Force Of Striking Miners Fury,marikana cabinet ministers feel full force of striking miners fury,2012,2012-08-22,Daily Maverick,https://www.dailymaverick.co.za/article/2012-08-22-marikana-cabinet-ministers-feel-full-force-of-striking-miners-fury/,https://dailymaverick.co.za/article/2012-08-22-marikana-cabinet-ministers-feel-full-force-of-striking-miners-fury,1344,b7b3cecc06d1c30df1055cde48f5d828e04cb627a676cc729d6cd46e4a582c04,valid_sha256,include_case_central,final_batch_03,review_batch_03_conservative_whole_queue_2026-08-23,retained_after_titlepair_review,DISC-MEDIA-0011,no_known_text_quality_exception,true
DISC-MEDIA-0012,title_trigger,Marikana What Really Happened We May Never Know,marikana what really happened we may never know,2012,2012-08-23,Daily Maverick,https://www.dailymaverick.co.za/article/2012-08-23-marikana-what-really-happened-we-may-never-know/,https://dailymaverick.co.za/article/2012-08-23-marikana-what-really-happened-we-may-never-know,2523,7264233078cfd8892c258e65e2c3a5d0ad01803b939e9b97f6914107f71f7e4d,valid_sha256,include_case_central,final_batch_03,review_batch_03_conservative_whole_queue_2026-08-23,retained_after_titlepair_review,DISC-MEDIA-0012,no_known_text_quality_exception,true
DISC-MEDIA-0013,title_trigger,Marikana Zuma Reclaims His Soul And His Presidency,marikana zuma reclaims his soul and his presidency,2012,2012-08-23,Daily Maverick,https://www.dailymaverick.co.za/article/2012-08-23-marikana-zuma-reclaims-his-soul-and-his-presidency/,https://dailymaverick.co.za/article/2012-08-23-marikana-zuma-reclaims-his-soul-and-his-presidency,1510,cf85b0a1ade474b32bfa7ca515c279705506c1a419ad492a5a789e76359f93a3,valid_sha256,include_case_central,final_batch_03,review_batch_03_conservative_whole_queue_2026-08-23,retained_after_titlepair_review,DISC-MEDIA-0013,no_known_text_quality_exception,true
DISC-MEDIA-0014,title_trigger,Marxism Socialism And The Ghosts Of Marikana,marxism socialism and the ghosts of marikana,2012,2012-08-23,Daily Maverick,https://www.dailymaverick.co.za/article/2012-08-23-marxism-socialism-and-the-ghosts-of-marikana/,https://dailymaverick.co.za/article/2012-08-23-marxism-socialism-and-the-ghosts-of-marikana,1706,f300c3268395275d54beeee691795c586de815fda9daa30017b9871ebdd8cbdf,valid_sha256,include_case_central,final_batch_03,review_batch_03_conservative_whole_queue_2026-08-23,retained_after_titlepair_review,DISC-MEDIA-0014,no_known_text_quality_exception,true
DISC-MEDIA-0015,title_trigger,Reporters Notebook Num Drowned Out At Uj Meeting On Marikana,reporters notebook num drowned out at uj meeting on marikana,2012,2012-08-23,Daily Maverick,https://www.dailymaverick.co.za/article/2012-08-23-reporters-notebook-num-drowned-out-at-uj-meeting-on-marikana/,https://dailymaverick.co.za/article/2012-08-23-reporters-notebook-num-drowned-out-at-uj-meeting-on-marikana,1007,db3b80c9b63b8e1f23e31162fb3c424bcbd5e702d03d76ad502a68d7966b34a9,valid_sha256,include_case_central,final_batch_03,review_batch_03_conservative_whole_queue_2026-08-23,retained_after_titlepair_review,DISC-MEDIA-0015,no_known_text_quality_exception,true
DISC-MEDIA-0016,title_trigger,Royal Bafokeng Faces Miners Strike As Lonmin Fallout Spreads,royal bafokeng faces miners strike as lonmin fallout spreads,2012,2012-08-23,Daily Maverick,https://www.dailymaverick.co.za/article/2012-08-23-royal-bafokeng-faces-miners-strike-as-lonmin-fallout-spreads/,https://dailymaverick.co.za/article/2012-08-23-royal-bafokeng-faces-miners-strike-as-lonmin-fallout-spreads,1155,067b97306e1d60b4bb5027dce1686294d082649173aab0030f43d48e70333a9e,valid_sha256,include_case_central,final_batch_03,review_batch_03_conservative_whole_queue_2026-08-23,retained_after_titlepair_review,DISC-MEDIA-0016,no_known_text_quality_exception,true
DISC-MEDIA-0311,title_trigger,Marikana Avoidable Unconstitutional And Entirely Predictable,marikana avoidable unconstitutional and entirely predictable,2012,2012-08-23,Daily Maverick,https://www.dailymaverick.co.za/opinionista/2012-08-23-marikana-avoidable-unconstitutional-and-entirely-predictable/,https://dailymaverick.co.za/opinionista/2012-08-23-marikana-avoidable-unconstitutional-and-entirely-predictable,1416,195e1932141b3c967130082efea9a446296cd47d52b1221aecb24290815c8e4b,valid_sha256,include_case_central,final_batch_03,review_batch_03_conservative_whole_queue_2026-08-23,retained_after_titlepair_review,DISC-MEDIA-0311,no_known_text_quality_exception,true
DISC-MEDIA-0017,title_trigger,Marikana One Week On Sas War With Itself For All To See,marikana one week on sas war with itself for all to see,2012,2012-08-24,Daily Maverick,https://www.dailymaverick.co.za/article/2012-08-24-marikana-one-week-on-sas-war-with-itself-for-all-to-see/,https://dailymaverick.co.za/article/2012-08-24-marikana-one-week-on-sas-war-with-itself-for-all-to-see,1607,d84ce1eb3a7af9e8ec4cdeb5fd5cbdcdf83ce0cd226261e01e240c928ba89a0a,valid_sha256,include_case_central,final_batch_03,review_batch_03_conservative_whole_queue_2026-08-23,retained_after_titlepair_review,DISC-MEDIA-0017,no_known_text_quality_exception,true
DISC-MEDIA-0018,title_trigger,Marikana The Matter Of Embedded Journalism,marikana the matter of embedded journalism,2012,2012-08-24,Daily Maverick,https://www.dailymaverick.co.za/article/2012-08-24-marikana-the-matter-of-embedded-journalism/,https://dailymaverick.co.za/article/2012-08-24-marikana-the-matter-of-embedded-journalism,1702,cf889d8af1d409114a919105f3bfcdf200d1169281a7fc2daedae5c9d53e9cce,valid_sha256,include_case_central,final_batch_03,review_batch_03_conservative_whole_queue_2026-08-23,retained_after_titlepair_review,DISC-MEDIA-0018,no_known_text_quality_exception,true
DISC-MEDIA-0019,title_trigger,Num Takes Aim At Malema At Jhb Memorial Service For Marikana Victims,num takes aim at malema at jhb memorial service for marikana victims,2012,2012-08-24,Daily Maverick,https://www.dailymaverick.co.za/article/2012-08-24-num-takes-aim-at-malema-at-jhb-memorial-service-for-marikana-victims/,https://dailymaverick.co.za/article/2012-08-24-num-takes-aim-at-malema-at-jhb-memorial-service-for-marikana-victims,920,6ce9cbd8a7c8db6655b2eebaacdc8f87f90dba4cd066c0dffae3b0c75c628da8,valid_sha256,include_case_central,final_batch_03,review_batch_03_conservative_whole_queue_2026-08-23,retained_after_titlepair_review,DISC-MEDIA-0019,no_known_text_quality_exception,true
DISC-MEDIA-0312,title_trigger,Lonmin Inquiry Not Bad Not Bad At All,lonmin inquiry not bad not bad at all,2012,2012-08-24,Daily Maverick,https://www.dailymaverick.co.za/opinionista/2012-08-24-lonmin-inquiry-not-bad-not-bad-at-all/,https://dailymaverick.co.za/opinionista/2012-08-24-lonmin-inquiry-not-bad-not-bad-at-all,1245,6dcbeae070d2af62c0408db861ff6be46157e3ab75d106ad4f0f37e2fc08e0b8,valid_sha256,include_case_central,final_batch_03,review_batch_03_conservative_whole_queue_2026-08-23,retained_after_titlepair_review,DISC-MEDIA-0312,no_known_text_quality_exception,true
DISC-MEDIA-0020,title_trigger,Marikana Selebi And The Murder Of Sas Specialist Policing Skills,marikana selebi and the murder of sas specialist policing skills,2012,2012-08-27,Daily Maverick,https://www.dailymaverick.co.za/article/2012-08-27-marikana-selebi-and-the-murder-of-sas-specialist-policing-skills/,https://dailymaverick.co.za/article/2012-08-27-marikana-selebi-and-the-murder-of-sas-specialist-policing-skills,1731,3313f5c604227473b6536bf900afa7521cad537038088d6741faf9e7bfb90a8b,valid_sha256,include_case_central,final_batch_03,review_batch_03_conservative_whole_queue_2026-08-23,retained_after_titlepair_review,DISC-MEDIA-0020,no_known_text_quality_exception,true
DISC-MEDIA-0021,title_trigger,Marikana What Price Will Zuma Pay,marikana what price will zuma pay,2012,2012-08-27,Daily Maverick,https://www.dailymaverick.co.za/article/2012-08-27-marikana-what-price-will-zuma-pay/,https://dailymaverick.co.za/article/2012-08-27-marikana-what-price-will-zuma-pay,1436,282a27c40e95fbcf85b3ba4291b67c57a0bea4162602443ae50747777c71238f,valid_sha256,include_case_central,final_batch_03,review_batch_03_conservative_whole_queue_2026-08-23,retained_after_titlepair_review,DISC-MEDIA-0021,no_known_text_quality_exception,true
DISC-MEDIA-0313,title_trigger,Lonmin Strike Why The R4000 Figure Is No Trivial Matter,lonmin strike why the r4000 figure is no trivial matter,2012,2012-08-27,Daily Maverick,https://www.dailymaverick.co.za/opinionista/2012-08-27-lonmin-strike-why-the-r4000-figure-is-no-trivial-matter/,https://dailymaverick.co.za/opinionista/2012-08-27-lonmin-strike-why-the-r4000-figure-is-no-trivial-matter,823,9f536a0fc98770f50c7a274b875ba9f421654102dedfab44610481a9b7a7db1b,valid_sha256,include_case_central,final_batch_03,review_batch_03_conservative_whole_queue_2026-08-23,retained_after_titlepair_review,DISC-MEDIA-0313,no_known_text_quality_exception,true
DISC-MEDIA-0314,title_trigger,The Irony Of Lonmin An Award Winning Sustainable Investment,the irony of lonmin an award winning sustainable investment,2012,2012-08-27,Daily Maverick,https://www.dailymaverick.co.za/opinionista/2012-08-27-the-irony-of-lonmin-an-award-winning-sustainable-investment/,https://dailymaverick.co.za/opinionista/2012-08-27-the-irony-of-lonmin-an-award-winning-sustainable-investment,1024,d16af548264fb0dade7399b18e0929be6618b868016007e4bada04428d8598e2,valid_sha256,include_case_central,final_batch_03,review_batch_03_conservative_whole_queue_2026-08-23,retained_after_titlepair_review,DISC-MEDIA-0314,no_known_text_quality_exception,true
DISC-MEDIA-0022,title_trigger,Marikana Strike Continues New Tensions Evident,marikana strike continues new tensions evident,2012,2012-08-28,Daily Maverick,https://www.dailymaverick.co.za/article/2012-08-28-marikana-strike-continues-new-tensions-evident/,https://dailymaverick.co.za/article/2012-08-28-marikana-strike-continues-new-tensions-evident,901,2b3715ae2de2316045465e5b5387cb48a16bdd716bb3c9e234d76d10a033fe75,valid_sha256,include_case_central,final_batch_03,review_batch_03_conservative_whole_queue_2026-08-23,retained_after_titlepair_review,DISC-MEDIA-0022,no_known_text_quality_exception,true
DISC-MEDIA-0315,title_trigger,Marikana We Should Be Incandescent With Rage,marikana we should be incandescent with rage,2012,2012-08-28,Daily Maverick,https://www.dailymaverick.co.za/opinionista/2012-08-28-marikana-we-should-be-incandescent-with-rage/,https://dailymaverick.co.za/opinionista/2012-08-28-marikana-we-should-be-incandescent-with-rage,1539,cabdbc1b828102723dd1178077897b3555f4093de6a43907029355d87c46f31d,valid_sha256,include_case_central,final_batch_03,review_batch_03_conservative_whole_queue_2026-08-23,retained_after_titlepair_review,DISC-MEDIA-0315,no_known_text_quality_exception,true
DISC-MEDIA-0023,title_trigger,Marikana Survivors May Be Charged With Murdering Own Comrades,marikana survivors may be charged with murdering own comrades,2012,2012-08-30,Daily Maverick,https://www.dailymaverick.co.za/article/2012-08-30-marikana-survivors-may-be-charged-with-murdering-own-comrades/,https://dailymaverick.co.za/article/2012-08-30-marikana-survivors-may-be-charged-with-murdering-own-comrades,978,b733a9ede0682e60f97d966d28f0a17273cab500ac48ea54ecb43f4cb4cf4a1a,valid_sha256,include_case_central,final_batch_03,review_batch_03_conservative_whole_queue_2026-08-23,retained_after_titlepair_review,DISC-MEDIA-0023,no_known_text_quality_exception,true
DISC-MEDIA-0024,title_trigger,Apartheid And The Marikana Murder Charges A Common Purpose Indeed,apartheid and the marikana murder charges a common purpose indeed,2012,2012-08-31,Daily Maverick,https://www.dailymaverick.co.za/article/2012-08-31-apartheid-and-the-marikana-murder-charges-a-common-purpose-indeed/,https://dailymaverick.co.za/article/2012-08-31-apartheid-and-the-marikana-murder-charges-a-common-purpose-indeed,1658,86d150c245dde26ed3cf090c2ebc31ba3c6035ad84a259018feed339fe0bcdbc,valid_sha256,include_case_central,final_batch_03,review_batch_03_conservative_whole_queue_2026-08-23,retained_after_titlepair_review,DISC-MEDIA-0024,no_known_text_quality_exception,true
DISC-MEDIA-0316,title_trigger,Democracy For All Marikana Signals Our Second Chance,democracy for all marikana signals our second chance,2012,2012-08-31,Daily Maverick,https://www.dailymaverick.co.za/opinionista/2012-08-31-democracy-for-all-marikana-signals-our-second-chance/,https://dailymaverick.co.za/opinionista/2012-08-31-democracy-for-all-marikana-signals-our-second-chance,1789,75d1bb3f5b9cee08b5decc4cb3e4d6af8dcaba04b7df30fbc03792a005401217,valid_sha256,include_case_central,final_batch_03,review_batch_03_conservative_whole_queue_2026-08-23,retained_after_titlepair_review,DISC-MEDIA-0316,no_known_text_quality_exception,true
DISC-MEDIA-0025,title_trigger,Far Away From Murder Fields Of Marikana A Funeral,far away from murder fields of marikana a funeral,2012,2012-09-03,Daily Maverick,https://www.dailymaverick.co.za/article/2012-09-03-far-away-from-murder-fields-of-marikana-a-funeral/,https://dailymaverick.co.za/article/2012-09-03-far-away-from-murder-fields-of-marikana-a-funeral,941,8a36cd05468f054433e78dfcc21f0a681b21fa91ceb743c8e5de4702d144f034,valid_sha256,include_case_central,final_batch_03,review_batch_03_conservative_whole_queue_2026-08-23,retained_after_titlepair_review,DISC-MEDIA-0025,no_known_text_quality_exception,true
DISC-MEDIA-0026,title_trigger,Marikana And Mangaung Where Tragedy And Political Theatre Meet,marikana and mangaung where tragedy and political theatre meet,2012,2012-09-03,Daily Maverick,https://www.dailymaverick.co.za/article/2012-09-03-marikana-and-mangaung-where-tragedy-and-political-theatre-meet/,https://dailymaverick.co.za/article/2012-09-03-marikana-and-mangaung-where-tragedy-and-political-theatre-meet,1219,716c791799bc59f72176dbbdac50f98ffe3e133828b8108d98ab44daa51dc3de,valid_sha256,include_case_central,final_batch_03,review_batch_03_conservative_whole_queue_2026-08-23,retained_after_titlepair_review,DISC-MEDIA-0026,no_known_text_quality_exception,true
DISC-MEDIA-0027,title_trigger,Marikana Civil Society Demands Justice And Truth,marikana civil society demands justice and truth,2012,2012-09-03,Daily Maverick,https://www.dailymaverick.co.za/article/2012-09-03-marikana-civil-society-demands-justice-and-truth/,https://dailymaverick.co.za/article/2012-09-03-marikana-civil-society-demands-justice-and-truth,1161,f2f3c22681293e4e6c1551642c2be4acb1aa89df314dc8ed9046678a9ca8b670,valid_sha256,include_case_central,final_batch_03,review_batch_03_conservative_whole_queue_2026-08-23,retained_after_titlepair_review,DISC-MEDIA-0027,no_known_text_quality_exception,true
DISC-MEDIA-0317,title_trigger,Marikana Murder Charge Withdrawal The First Glimmer Of Sanity,marikana murder charge withdrawal the first glimmer of sanity,2012,2012-09-03,Daily Maverick,https://www.dailymaverick.co.za/opinionista/2012-09-03-marikana-murder-charge-withdrawal-the-first-glimmer-of-sanity/,https://dailymaverick.co.za/opinionista/2012-09-03-marikana-murder-charge-withdrawal-the-first-glimmer-of-sanity,1830,68bdd6a43db392ecd13a78421bb2c4daffe8f37d69beadb9e945ac66e963fe39,valid_sha256,include_case_central,final_batch_03,review_batch_03_conservative_whole_queue_2026-08-23,retained_after_titlepair_review,DISC-MEDIA-0317,no_known_text_quality_exception,true
DISC-MEDIA-0318,title_trigger,The Marikana Miners Have Rights Too,the marikana miners have rights too,2012,2012-09-03,Daily Maverick,https://www.dailymaverick.co.za/opinionista/2012-09-03-the-marikana-miners-have-rights-too/,https://dailymaverick.co.za/opinionista/2012-09-03-the-marikana-miners-have-rights-too,887,73a5391043a2e8b7ec82a9725984542436aae5af61010da11ad3afe923f83be1,valid_sha256,include_case_central,final_batch_03,review_batch_03_conservative_whole_queue_2026-08-23,retained_after_titlepair_review,DISC-MEDIA-0318,no_known_text_quality_exception,true
DISC-MEDIA-0028,title_trigger,Marikana A Common Purpose For 162 Miners Freedom,marikana a common purpose for 162 miners freedom,2012,2012-09-04,Daily Maverick,https://www.dailymaverick.co.za/article/2012-09-04-marikana-a-common-purpose-for-162-miners-freedom/,https://dailymaverick.co.za/article/2012-09-04-marikana-a-common-purpose-for-162-miners-freedom,1971,e7a250809bfb2ab30950a3bea47b411f13159d192064d32615d1f91057f1a144,valid_sha256,include_case_central,final_batch_03,review_batch_03_conservative_whole_queue_2026-08-23,retained_after_titlepair_review,DISC-MEDIA-0028,no_known_text_quality_exception,true
DISC-MEDIA-0029,title_trigger,Marikana Freed Miners Speak Of Torture In Police Cells,marikana freed miners speak of torture in police cells,2012,2012-09-04,Daily Maverick,https://www.dailymaverick.co.za/article/2012-09-04-marikana-freed-miners-speak-of-torture-in-police-cells/,https://dailymaverick.co.za/article/2012-09-04-marikana-freed-miners-speak-of-torture-in-police-cells,1054,606e92ddb00425988a4e40d2d2c9d91a62ea96272ae2aeaf978fc6283cb90727,valid_sha256,include_case_central,final_batch_03,review_batch_03_conservative_whole_queue_2026-08-23,retained_after_titlepair_review,DISC-MEDIA-0029,no_known_text_quality_exception,true
DISC-MEDIA-0030,title_trigger,Lonmin Marikanas Near Total Stay Away,lonmin marikanas near total stay away,2012,2012-09-05,Daily Maverick,https://www.dailymaverick.co.za/article/2012-09-05-lonmin-marikanas-near-total-stay-away/,https://dailymaverick.co.za/article/2012-09-05-lonmin-marikanas-near-total-stay-away,712,7fd8b03c7abcadc109b61ff51d159fe84ada6c4c5427a72110be2e77615d0187,valid_sha256,include_case_central,final_batch_03,review_batch_03_conservative_whole_queue_2026-08-23,retained_after_titlepair_review,DISC-MEDIA-0030,no_known_text_quality_exception,true
DISC-MEDIA-0031,title_trigger,Marikana Tide Is Turning Against Police As Miners Lay Charge Of Torture,marikana tide is turning against police as miners lay charge of torture,2012,2012-09-05,Daily Maverick,https://www.dailymaverick.co.za/article/2012-09-05-marikana-tide-is-turning-against-police-as-miners-lay-charge-of-torture/,https://dailymaverick.co.za/article/2012-09-05-marikana-tide-is-turning-against-police-as-miners-lay-charge-of-torture,499,cfd08c12dac7e6f867a07efd03e16fb6e725202bd80f5deccc6a1fe4982823c5,valid_sha256,include_case_central,final_batch_03,review_batch_03_conservative_whole_queue_2026-08-23,retained_after_titlepair_review,DISC-MEDIA-0031,no_known_text_quality_exception,true
DISC-MEDIA-0032,title_trigger,Farlam Commission Finding Truths In The Marikana Labyrinth,farlam commission finding truths in the marikana labyrinth,2012,2012-09-06,Daily Maverick,https://www.dailymaverick.co.za/article/2012-09-06-farlam-commission-finding-truths-in-the-marikana-labyrinth/,https://dailymaverick.co.za/article/2012-09-06-farlam-commission-finding-truths-in-the-marikana-labyrinth,1362,64181a66bcf0f5624a0558a56a730d26b6b98670eec5b6c1f623218b51ddb818,valid_sha256,include_case_central,final_batch_03,review_batch_03_conservative_whole_queue_2026-08-23,retained_after_titlepair_review,DISC-MEDIA-0032,no_known_text_quality_exception,true
DISC-MEDIA-0033,title_trigger,Marikana A Mining Town On Edge,marikana a mining town on edge,2012,2012-09-06,Daily Maverick,https://www.dailymaverick.co.za/article/2012-09-06-marikana-a-mining-town-on-edge/,https://dailymaverick.co.za/article/2012-09-06-marikana-a-mining-town-on-edge,1043,686e75f7c8a51d47ecc4c11186ba770538e5d49b4e9bcf7d39ee7f4a98fc4881,valid_sha256,include_case_central,final_batch_03,review_batch_03_conservative_whole_queue_2026-08-23,retained_after_titlepair_review,DISC-MEDIA-0033,no_known_text_quality_exception,true
DISC-MEDIA-0034,title_trigger,Marikana How Much Will It Cost South Africa,marikana how much will it cost south africa,2012,2012-09-06,Daily Maverick,https://www.dailymaverick.co.za/article/2012-09-06-marikana-how-much-will-it-cost-south-africa/,https://dailymaverick.co.za/article/2012-09-06-marikana-how-much-will-it-cost-south-africa,1232,fd6df1c9a6e99d3c00e987c791f5d8211460c24a743b3e45e9fed30b2b17fe3a,valid_sha256,include_case_central,final_batch_03,review_batch_03_conservative_whole_queue_2026-08-23,retained_after_titlepair_review,DISC-MEDIA-0034,no_known_text_quality_exception,true
DISC-MEDIA-0035,title_trigger,Marikana Strikers Send Down Tools Or Else Message To Remaining Lonmin Employees,marikana strikers send down tools or else message to remaining lonmin employees,2012,2012-09-06,Daily Maverick,https://www.dailymaverick.co.za/article/2012-09-06-marikana-strikers-send-down-tools-or-else-message-to-remaining-lonmin-employees/,https://dailymaverick.co.za/article/2012-09-06-marikana-strikers-send-down-tools-or-else-message-to-remaining-lonmin-employees,958,a4e8c259bd097703d7ec9091ea7d635406e9ca10f70f524b9405feacf9948c62,valid_sha256,include_case_central,final_batch_03,review_batch_03_conservative_whole_queue_2026-08-23,retained_after_titlepair_review,DISC-MEDIA-0035,no_known_text_quality_exception,true
DISC-MEDIA-0319,title_trigger,World Banks Kim Goes To Joburg But Will He Miss Marikana And Medupi,world banks kim goes to joburg but will he miss marikana and medupi,2012,2012-09-06,Daily Maverick,https://www.dailymaverick.co.za/opinionista/2012-09-06-world-banks-kim-goes-to-joburg-but-will-he-miss-marikana-and-medupi/,https://dailymaverick.co.za/opinionista/2012-09-06-world-banks-kim-goes-to-joburg-but-will-he-miss-marikana-and-medupi,852,6da96da513e7a9b4674fff85919ed44609d46d69562c71745bf8ffc4fd05b9d8,valid_sha256,include_case_central,final_batch_03,review_batch_03_conservative_whole_queue_2026-08-23,retained_after_titlepair_review,DISC-MEDIA-0319,no_known_text_quality_exception,true
DISC-MEDIA-0036,title_trigger,Marikana The Investigations Integrity Compromised As Small Koppies Crime Scene Defaced,marikana the investigations integrity compromised as small koppies crime scene defaced,2012,2012-09-07,Daily Maverick,https://www.dailymaverick.co.za/article/2012-09-07-marikana-the-investigations-integrity-compromised-as-small-koppies-crime-scene-defaced/,https://dailymaverick.co.za/article/2012-09-07-marikana-the-investigations-integrity-compromised-as-small-koppies-crime-scene-defaced,1344,36a2eb106f4c112dc4eea0b77ec225183c965f36c05c1dd1ea9c2026c5bd2cf0,valid_sha256,include_case_central,final_batch_03,review_batch_03_conservative_whole_queue_2026-08-23,retained_after_titlepair_review,DISC-MEDIA-0036,no_known_text_quality_exception,true
DISC-MEDIA-0320,title_trigger,Stuck In The Mud In Marikana,stuck in the mud in marikana,2012,2012-09-07,Daily Maverick,https://www.dailymaverick.co.za/opinionista/2012-09-07-stuck-in-the-mud-in-marikana/,https://dailymaverick.co.za/opinionista/2012-09-07-stuck-in-the-mud-in-marikana,743,141124df18be456e072d18bc5cfd631406bed871ac5442f4f256c7cbbb098f4a,valid_sha256,include_case_central,final_batch_03,review_batch_03_conservative_whole_queue_2026-08-23,retained_after_titlepair_review,DISC-MEDIA-0320,no_known_text_quality_exception,true
DISC-MEDIA-0037,title_trigger,Analysis The Worthless Marikana Peace Accord,analysis the worthless marikana peace accord,2012,2012-09-10,Daily Maverick,https://www.dailymaverick.co.za/article/2012-09-10-analysis-the-worthless-marikana-peace-accord/,https://dailymaverick.co.za/article/2012-09-10-analysis-the-worthless-marikana-peace-accord,1151,0d72b132c265764956bbef0285d861a8b13c08c5131c36b585875d22689c7e4b,valid_sha256,include_case_central,final_batch_03,review_batch_03_conservative_whole_queue_2026-08-23,retained_after_titlepair_review,DISC-MEDIA-0037,no_known_text_quality_exception,true
DISC-MEDIA-0038,title_trigger,Marikana Gift Of The Givers Brings Food To Striking Miners,marikana gift of the givers brings food to striking miners,2012,2012-09-10,Daily Maverick,https://www.dailymaverick.co.za/article/2012-09-10-marikana-gift-of-the-givers-brings-food-to-striking-miners/,https://dailymaverick.co.za/article/2012-09-10-marikana-gift-of-the-givers-brings-food-to-striking-miners,1320,5ca037778e23f027fa9ccfe940a7e0fa1ba522db214b508b85bc8b36505c8de6,valid_sha256,include_case_central,final_batch_03,review_batch_03_conservative_whole_queue_2026-08-23,retained_after_titlepair_review,DISC-MEDIA-0038,no_known_text_quality_exception,true
DISC-MEDIA-0039,title_trigger,Plotting Sas Post Marikana Scenarios Grim Pictures Dominate,plotting sas post marikana scenarios grim pictures dominate,2012,2012-09-11,Daily Maverick,https://www.dailymaverick.co.za/article/2012-09-11-plotting-sas-post-marikana-scenarios-grim-pictures-dominate/,https://dailymaverick.co.za/article/2012-09-11-plotting-sas-post-marikana-scenarios-grim-pictures-dominate,1284,e68605f158399db06d1b457f3a8cb631139bebeb427c0a5b381eb471aca380c3,valid_sha256,include_case_central,final_batch_03,review_batch_03_conservative_whole_queue_2026-08-23,retained_after_titlepair_review,DISC-MEDIA-0039,no_known_text_quality_exception,true
DISC-MEDIA-0040,title_trigger,Reporters Notebook A Day In Marikanas Theatre Of The Absurd,reporters notebook a day in marikanas theatre of the absurd,2012,2012-09-11,Daily Maverick,https://www.dailymaverick.co.za/article/2012-09-11-reporters-notebook-a-day-in-marikanas-theatre-of-the-absurd/,https://dailymaverick.co.za/article/2012-09-11-reporters-notebook-a-day-in-marikanas-theatre-of-the-absurd,867,f01388feb01c7e607ed7da1e93c2a3011d550ce1774d6460d31824054b8d79ec,valid_sha256,include_case_central,final_batch_03,review_batch_03_conservative_whole_queue_2026-08-23,retained_after_titlepair_review,DISC-MEDIA-0040,no_known_text_quality_exception,true
DISC-MEDIA-0321,title_trigger,Marikana Persists Remember The Rule Of Law,marikana persists remember the rule of law,2012,2012-09-12,Daily Maverick,https://www.dailymaverick.co.za/opinionista/2012-09-12-marikana-persists-remember-the-rule-of-law/,https://dailymaverick.co.za/opinionista/2012-09-12-marikana-persists-remember-the-rule-of-law,1204,aeca6955f273aaed17e2db24e47797674a2b40aea7285dcacb435bf5a2d4a4bd,valid_sha256,include_case_central,final_batch_03,review_batch_03_conservative_whole_queue_2026-08-23,retained_after_titlepair_review,DISC-MEDIA-0321,no_known_text_quality_exception,true
DISC-MEDIA-0041,title_trigger,A Possible Way Out Of The Marikana Stand Off,a possible way out of the marikana stand off,2012,2012-09-13,Daily Maverick,https://www.dailymaverick.co.za/article/2012-09-13-a-possible-way-out-of-the-marikana-stand-off/,https://dailymaverick.co.za/article/2012-09-13-a-possible-way-out-of-the-marikana-stand-off,677,e5229dbf623d5d5a1ab043e66b514f3ace8bde3f2ebef5138059a503ea132cda,valid_sha256,include_case_central,final_batch_03,review_batch_03_conservative_whole_queue_2026-08-23,retained_after_titlepair_review,DISC-MEDIA-0041,no_known_text_quality_exception,true
DISC-MEDIA-0042,title_trigger,Reporters Marikana Notebook The Governments Clenched Fist,reporters marikana notebook the governments clenched fist,2012,2012-09-14,Daily Maverick,https://www.dailymaverick.co.za/article/2012-09-14-reporters-marikana-notebook-the-governments-clenched-fist/,https://dailymaverick.co.za/article/2012-09-14-reporters-marikana-notebook-the-governments-clenched-fist,897,10bcedf6267f828fb1b315dee17c62743ec586c5bf587bed023552745b531a14,valid_sha256,include_case_central,final_batch_03,review_batch_03_conservative_whole_queue_2026-08-23,retained_after_titlepair_review,DISC-MEDIA-0042,no_known_text_quality_exception,true
DISC-MEDIA-0043,title_trigger,How Sam The Banana Man Zemurray Explains Capitalism And Marikana,how sam the banana man zemurray explains capitalism and marikana,2012,2012-09-17,Daily Maverick,https://www.dailymaverick.co.za/article/2012-09-17-how-sam-the-banana-man-zemurray-explains-capitalism-and-marikana/,https://dailymaverick.co.za/article/2012-09-17-how-sam-the-banana-man-zemurray-explains-capitalism-and-marikana,1383,604590fbf4f4dfef510ff47e1bae7544fd7d278ac4f30c534aff50120585fb9f,valid_sha256,include_case_central,final_batch_05,review_batch_05_explicit_residual_2026-08-23,retained_after_titlepair_review,DISC-MEDIA-0043,no_known_text_quality_exception,true
DISC-MEDIA-0044,title_trigger,In Embracing Marikana The Sacc Revitalises Itself,in embracing marikana the sacc revitalises itself,2012,2012-09-17,Daily Maverick,https://www.dailymaverick.co.za/article/2012-09-17-in-embracing-marikana-the-sacc-revitalises-itself/,https://dailymaverick.co.za/article/2012-09-17-in-embracing-marikana-the-sacc-revitalises-itself,1208,21247439bebf350ad7c3f7ef13f357cbe7610bae034c12fcb5d2eab08bd99fea,valid_sha256,include_case_central,final_batch_03,review_batch_03_conservative_whole_queue_2026-08-23,retained_after_titlepair_review,DISC-MEDIA-0044,no_known_text_quality_exception,true
DISC-MEDIA-0045,title_trigger,In The Wake Of Marikana Anc Pushing A Self Destruct Button,in the wake of marikana anc pushing a self destruct button,2012,2012-09-17,Daily Maverick,https://www.dailymaverick.co.za/article/2012-09-17-in-the-wake-of-marikana-anc-pushing-a-self-destruct-button/,https://dailymaverick.co.za/article/2012-09-17-in-the-wake-of-marikana-anc-pushing-a-self-destruct-button,1063,ebb27ac0959db46c2a7260a68938565802a935b07ddc2a2749d7d5f515a466ff,valid_sha256,include_case_central,final_batch_03,review_batch_03_conservative_whole_queue_2026-08-23,retained_after_titlepair_review,DISC-MEDIA-0045,no_known_text_quality_exception,true
DISC-MEDIA-0046,title_trigger,Marikana Notebook A Thin Line Between Fear And Hate,marikana notebook a thin line between fear and hate,2012,2012-09-17,Daily Maverick,https://www.dailymaverick.co.za/article/2012-09-17-marikana-notebook-a-thin-line-between-fear-and-hate/,https://dailymaverick.co.za/article/2012-09-17-marikana-notebook-a-thin-line-between-fear-and-hate,1408,426241a4e004f28406d7b1d453406e7416ec16f2090e87eaa82325ef2727720c,valid_sha256,include_case_central,final_batch_03,review_batch_03_conservative_whole_queue_2026-08-23,retained_after_titlepair_review,DISC-MEDIA-0046,no_known_text_quality_exception,true
DISC-MEDIA-0047,title_trigger,Preview Cosatu Congress Haunted By The Pall Of Marikana,preview cosatu congress haunted by the pall of marikana,2012,2012-09-17,Daily Maverick,https://www.dailymaverick.co.za/article/2012-09-17-preview-cosatu-congress-haunted-by-the-pall-of-marikana/,https://dailymaverick.co.za/article/2012-09-17-preview-cosatu-congress-haunted-by-the-pall-of-marikana,1212,354363be82e87d3aac9ef45f653b393f316adc4c05b711f58ff9d47faddd5ed0,valid_sha256,include_case_central,final_batch_03,review_batch_03_conservative_whole_queue_2026-08-23,retained_after_titlepair_review,DISC-MEDIA-0047,no_known_text_quality_exception,true
DISC-MEDIA-0048,title_trigger,Reporters Marikana Notebook Police Intimidation 1 Abandoned Community 0,reporters marikana notebook police intimidation 1 abandoned community 0,2012,2012-09-17,Daily Maverick,https://www.dailymaverick.co.za/article/2012-09-17-reporters-marikana-notebook-police-intimidation-1-abandoned-community-0/,https://dailymaverick.co.za/article/2012-09-17-reporters-marikana-notebook-police-intimidation-1-abandoned-community-0,1073,6771d1e5f8c50c0e07699ed40bb2b6fca7ca263bd19c8727dae6c097cd4b8ac6,valid_sha256,include_case_central,final_batch_03,review_batch_03_conservative_whole_queue_2026-08-23,retained_after_titlepair_review,DISC-MEDIA-0048,no_known_text_quality_exception,true
DISC-MEDIA-0049,title_trigger,Cosatu Congress Allies Talk About Marikana And The Enemies Of The Struggle,cosatu congress allies talk about marikana and the enemies of the struggle,2012,2012-09-18,Daily Maverick,https://www.dailymaverick.co.za/article/2012-09-18-cosatu-congress-allies-talk-about-marikana-and-the-enemies-of-the-struggle/,https://dailymaverick.co.za/article/2012-09-18-cosatu-congress-allies-talk-about-marikana-and-the-enemies-of-the-struggle,1049,d1aaa6a568ead7103d91899c70a1e6304f662b6f7cd1a0d84ecef0e4bec9f0bc,valid_sha256,include_case_central,final_batch_03,review_batch_03_conservative_whole_queue_2026-08-23,retained_after_titlepair_review,DISC-MEDIA-0049,no_known_text_quality_exception,true
DISC-MEDIA-0050,title_trigger,Cosatu On Marikana 10 It Was Brute Force Cosatu On Marikana 20 It Was Not Brute Force,cosatu on marikana 10 it was brute force cosatu on marikana 20 it was not brute force,2012,2012-09-18,Daily Maverick,https://www.dailymaverick.co.za/article/2012-09-18-cosatu-on-marikana-10-it-was-brute-force-cosatu-on-marikana-20-it-was-not-brute-force/,https://dailymaverick.co.za/article/2012-09-18-cosatu-on-marikana-10-it-was-brute-force-cosatu-on-marikana-20-it-was-not-brute-force,1369,6940f7c557b0cc91ff99e1d2f65b594d9d44b3df72f01e225f8288fb2337d750,valid_sha256,include_case_central,final_batch_03,review_batch_03_conservative_whole_queue_2026-08-23,retained_after_titlepair_review,DISC-MEDIA-0050,no_known_text_quality_exception,true
DISC-MEDIA-0051,title_trigger,Marikana Malemas Police Sponsored Exit,marikana malemas police sponsored exit,2012,2012-09-18,Daily Maverick,https://www.dailymaverick.co.za/article/2012-09-18-marikana-malemas-police-sponsored-exit/,https://dailymaverick.co.za/article/2012-09-18-marikana-malemas-police-sponsored-exit,980,e17e8b27d7038d71a551b50017ef581712dd4bcc276c58836ae23ea7c6150e40,valid_sha256,include_case_central,final_batch_03,review_batch_03_conservative_whole_queue_2026-08-23,retained_after_titlepair_review,DISC-MEDIA-0051,no_known_text_quality_exception,true
DISC-MEDIA-0052,title_trigger,Marikana Social Scientists Seek Understanding And Demand Justice,marikana social scientists seek understanding and demand justice,2012,2012-09-18,Daily Maverick,https://www.dailymaverick.co.za/article/2012-09-18-marikana-social-scientists-seek-understanding-and-demand-justice/,https://dailymaverick.co.za/article/2012-09-18-marikana-social-scientists-seek-understanding-and-demand-justice,859,c3a7bc242715e03acbd3af48a19d32ba51df815f86cf9d2470c6960cc3cd02a1,valid_sha256,include_case_central,final_batch_03,review_batch_03_conservative_whole_queue_2026-08-23,retained_after_titlepair_review,DISC-MEDIA-0052,no_known_text_quality_exception,true
DISC-MEDIA-0053,title_trigger,Marikana The Strike Ends Now What,marikana the strike ends now what,2012,2012-09-19,Daily Maverick,https://www.dailymaverick.co.za/article/2012-09-19-marikana-the-strike-ends-now-what/,https://dailymaverick.co.za/article/2012-09-19-marikana-the-strike-ends-now-what,1190,58a7c234ec625fbb478fc66d220a302b41054e908b444e986b09ee26920fa515,valid_sha256,include_case_central,final_batch_03,review_batch_03_conservative_whole_queue_2026-08-23,retained_after_titlepair_review,DISC-MEDIA-0053,no_known_text_quality_exception,true
DISC-MEDIA-0054,title_trigger,Marikana The Strike Might Be Over But The Struggle Continues,marikana the strike might be over but the struggle continues,2012,2012-09-19,Daily Maverick,https://www.dailymaverick.co.za/article/2012-09-19-marikana-the-strike-might-be-over-but-the-struggle-continues/,https://dailymaverick.co.za/article/2012-09-19-marikana-the-strike-might-be-over-but-the-struggle-continues,1095,8ee7c9684780754573194451d844564ff34a01aef8d390a4a0f74c29ee08574e,valid_sha256,include_case_central,final_batch_03,review_batch_03_conservative_whole_queue_2026-08-23,retained_after_titlepair_review,DISC-MEDIA-0054,no_known_text_quality_exception,true
DISC-MEDIA-0055,title_trigger,Cosatu Congress Battling The Rupture Of Mangaung And The Curse Of Marikana,cosatu congress battling the rupture of mangaung and the curse of marikana,2012,2012-09-20,Daily Maverick,https://www.dailymaverick.co.za/article/2012-09-20-cosatu-congress-battling-the-rupture-of-mangaung-and-the-curse-of-marikana/,https://dailymaverick.co.za/article/2012-09-20-cosatu-congress-battling-the-rupture-of-mangaung-and-the-curse-of-marikana,1310,6e52dad8d762afd68f5890ca3beafc6c03b3c904a45d3eb3b37e271a46ec24dc,valid_sha256,include_case_central,final_batch_03,review_batch_03_conservative_whole_queue_2026-08-23,retained_after_titlepair_review,DISC-MEDIA-0055,no_known_text_quality_exception,true
DISC-MEDIA-0056,title_trigger,Marikana The Next Goal For The Workers Split From Num,marikana the next goal for the workers split from num,2012,2012-09-20,Daily Maverick,https://www.dailymaverick.co.za/article/2012-09-20-marikana-the-next-goal-for-the-workers-split-from-num/,https://dailymaverick.co.za/article/2012-09-20-marikana-the-next-goal-for-the-workers-split-from-num,1071,df40de08ca0c30afd66863c5c7411b170451d178f90a0324c2bcfc6f061b2ebb,valid_sha256,include_case_central,final_batch_03,review_batch_03_conservative_whole_queue_2026-08-23,retained_after_titlepair_review,DISC-MEDIA-0056,no_known_text_quality_exception,true
DISC-MEDIA-0057,title_trigger,Marikanas Theatre Of The Absurd Claims Another Life,marikanas theatre of the absurd claims another life,2012,2012-09-20,Daily Maverick,https://www.dailymaverick.co.za/article/2012-09-20-marikanas-theatre-of-the-absurd-claims-another-life/,https://dailymaverick.co.za/article/2012-09-20-marikanas-theatre-of-the-absurd-claims-another-life,1474,11f9e3a6861eecbeb557858a34e42fc4b6fb6832abb77624105b2af1b3415e4f,valid_sha256,include_case_central,final_batch_03,review_batch_03_conservative_whole_queue_2026-08-23,retained_after_titlepair_review,DISC-MEDIA-0057,no_known_text_quality_exception,true
DISC-MEDIA-0058,title_trigger,Bring On The Sanctions Bishop Paul Verryn On Marikana And Poverty,bring on the sanctions bishop paul verryn on marikana and poverty,2012,2012-09-21,Daily Maverick,https://www.dailymaverick.co.za/article/2012-09-21-bring-on-the-sanctions-bishop-paul-verryn-on-marikana-and-poverty/,https://dailymaverick.co.za/article/2012-09-21-bring-on-the-sanctions-bishop-paul-verryn-on-marikana-and-poverty,856,da99edd1fa5922d423c733efeb1e03fb31a7c44ec691f199488679bc318e3b37,valid_sha256,include_case_central,final_batch_03,review_batch_03_conservative_whole_queue_2026-08-23,retained_after_titlepair_review,DISC-MEDIA-0058,no_known_text_quality_exception,true
DISC-MEDIA-0059,title_trigger,The Marikana Effect A Sharp Drop For The Anc In Septembers By Elections,the marikana effect a sharp drop for the anc in septembers by elections,2012,2012-09-21,Daily Maverick,https://www.dailymaverick.co.za/article/2012-09-21-the-marikana-effect-a-sharp-drop-for-the-anc-in-septembers-by-elections/,https://dailymaverick.co.za/article/2012-09-21-the-marikana-effect-a-sharp-drop-for-the-anc-in-septembers-by-elections,839,609700f7d8c1536c58ee99792f228cb4a4c692b845cfd57096985c62042a8cb4,valid_sha256,include_case_central,final_batch_05,review_batch_05_explicit_residual_2026-08-23,retained_after_titlepair_review,DISC-MEDIA-0059,no_known_text_quality_exception,true
DISC-MEDIA-0060,title_trigger,Marikana Putting Words To Tragedy,marikana putting words to tragedy,2012,2012-09-24,Daily Maverick,https://www.dailymaverick.co.za/article/2012-09-24-marikana-putting-words-to-tragedy/,https://dailymaverick.co.za/article/2012-09-24-marikana-putting-words-to-tragedy,2172,504685368132852992ee9bea843b8e3d1fc405964c1cbc26a40f4c55e75a5794,valid_sha256,include_case_central,final_batch_03,review_batch_03_conservative_whole_queue_2026-08-23,retained_after_titlepair_review,DISC-MEDIA-0060,no_known_text_quality_exception,true
DISC-MEDIA-0061,title_trigger,Marikana Shaky Start For The Farlam Commission,marikana shaky start for the farlam commission,2012,2012-10-02,Daily Maverick,https://www.dailymaverick.co.za/article/2012-10-02-marikana-shaky-start-for-the-farlam-commission/,https://dailymaverick.co.za/article/2012-10-02-marikana-shaky-start-for-the-farlam-commission,1070,23b675326f399b8b81790b9b3d9380c6b2d2a5de3e015cb4a0b3ea8d00b89a1f,valid_sha256,include_case_central,final_batch_03,review_batch_03_conservative_whole_queue_2026-08-23,retained_after_titlepair_review,DISC-MEDIA-0061,no_known_text_quality_exception,true
DISC-MEDIA-0062,title_trigger,Nigerias Marikana Moment Yet Another One,nigerias marikana moment yet another one,2012,2012-10-04,Daily Maverick,https://www.dailymaverick.co.za/article/2012-10-04-nigerias-marikana-moment-yet-another-one/,https://dailymaverick.co.za/article/2012-10-04-nigerias-marikana-moment-yet-another-one,1043,0e4f10e15b7b891281a10e24cb2697873d4d697d95d7620a962744ad61c03367,valid_sha256,include_case_central,final_batch_03,review_batch_03_conservative_whole_queue_2026-08-23,retained_after_titlepair_review,DISC-MEDIA-0062,no_known_text_quality_exception,true
DISC-MEDIA-0063,title_trigger,Police To People Of Makause March And Therell Be Another Marikana,police to people of makause march and therell be another marikana,2012,2012-10-05,Daily Maverick,https://www.dailymaverick.co.za/article/2012-10-05-police-to-people-of-makause-march-and-therell-be-another-marikana/,https://dailymaverick.co.za/article/2012-10-05-police-to-people-of-makause-march-and-therell-be-another-marikana,1263,73dfa1ba890869da32e6e046acc07ab1d4ca3f36c5b37373d1ddeb179692c8a4,valid_sha256,include_case_central,final_batch_03,review_batch_03_conservative_whole_queue_2026-08-23,retained_after_titlepair_review,DISC-MEDIA-0063,no_known_text_quality_exception,true
DISC-MEDIA-0322,title_trigger,Water Fail Farlam Commission Bows To Industry Secrecy,water fail farlam commission bows to industry secrecy,2012,2012-10-10,Daily Maverick,https://www.dailymaverick.co.za/opinionista/2012-10-10-water-fail-farlam-commission-bows-to-industry-secrecy/,https://dailymaverick.co.za/opinionista/2012-10-10-water-fail-farlam-commission-bows-to-industry-secrecy,925,a04c7dcf531cfa0c881e0f3113f8e87065b15593a89c06ebc55bca883305135d,valid_sha256,include_case_central,final_batch_03,review_batch_03_conservative_whole_queue_2026-08-23,retained_after_titlepair_review,DISC-MEDIA-0322,no_known_text_quality_exception,true
DISC-MEDIA-0323,title_trigger,Marikana Prequel Num And The Murders That Started It All,marikana prequel num and the murders that started it all,2012,2012-10-12,Daily Maverick,https://www.dailymaverick.co.za/opinionista/2012-10-12-marikana-prequel-num-and-the-murders-that-started-it-all/,https://dailymaverick.co.za/opinionista/2012-10-12-marikana-prequel-num-and-the-murders-that-started-it-all,2899,d75e2933d5e76ffeec65e1f4e6d4c1caf7962a5dae2a5e931350d19ad941a8ba,valid_sha256,include_case_central,final_batch_03,review_batch_03_conservative_whole_queue_2026-08-23,retained_after_titlepair_review,DISC-MEDIA-0323,no_known_text_quality_exception,true
SEC-MEDIA-0001,secondary_keyword,Down With Amcu And Malema Cosatu And Mk Sing From The Same Song Sheet,down with amcu and malema cosatu and mk sing from the same song sheet,2012,2012-10-15,Daily Maverick,https://www.dailymaverick.co.za/article/2012-10-15-down-with-amcu-and-malema-cosatu-and-mk-sing-from-the-same-song-sheet/,https://dailymaverick.co.za/article/2012-10-15-down-with-amcu-and-malema-cosatu-and-mk-sing-from-the-same-song-sheet,871,c7cac2e941e12ec09829f61f3676b0bb247bc3d95968f5fb358917ad06f1aada,valid_sha256,include_case_central,final_secondary_batch_01,secondary_batch_01_acquired_text_2026-08-23,retained_after_titlepair_review,SEC-MEDIA-0001,no_known_text_quality_exception,true
DISC-MEDIA-0064,title_trigger,Marikana Tragedy Marches Towards Platinum Rebellion,marikana tragedy marches towards platinum rebellion,2012,2012-10-15,Daily Maverick,https://www.dailymaverick.co.za/article/2012-10-15-marikana-tragedy-marches-towards-platinum-rebellion/,https://dailymaverick.co.za/article/2012-10-15-marikana-tragedy-marches-towards-platinum-rebellion,1910,c7c8b3a939f20fb2e55b382c0e522c7560e83cc8256f6cf34024dce3b417c25c,valid_sha256,include_case_central,final_batch_03,review_batch_03_conservative_whole_queue_2026-08-23,retained_after_titlepair_review,DISC-MEDIA-0064,no_known_text_quality_exception,true
DISC-MEDIA-0065,title_trigger,Marikana After Wave Of Arrests Miners To Return To Strike,marikana after wave of arrests miners to return to strike,2012,2012-10-18,Daily Maverick,https://www.dailymaverick.co.za/article/2012-10-18-marikana-after-wave-of-arrests-miners-to-return-to-strike/,https://dailymaverick.co.za/article/2012-10-18-marikana-after-wave-of-arrests-miners-to-return-to-strike,1119,0aaced3c598af7182e8ea0b2b6ac2c3ec5af713e84ee0542caa3af6577e56424,valid_sha256,include_case_central,final_batch_03,review_batch_03_conservative_whole_queue_2026-08-23,retained_after_titlepair_review,DISC-MEDIA-0065,no_known_text_quality_exception,true
SEC-MEDIA-0115,secondary_keyword,From The Nums Ashes Amcu Will Rise And Rise,from the nums ashes amcu will rise and rise,2012,2012-10-19,Daily Maverick,https://www.dailymaverick.co.za/opinionista/2012-10-19-from-the-nums-ashes-amcu-will-rise-and-rise/,https://dailymaverick.co.za/opinionista/2012-10-19-from-the-nums-ashes-amcu-will-rise-and-rise,1149,cbb8e18b8df74aa71f554e089e2d4f8c84bc5cb9e25d9841fba44428d7eb00cb,valid_sha256,include_case_central,final_secondary_batch_01,secondary_batch_01_acquired_text_2026-08-23,retained_after_titlepair_review,SEC-MEDIA-0115,no_known_text_quality_exception,true
DISC-MEDIA-0324,title_trigger,In The Thick Of Marikana The Lessons No Journalism School Can Teach You,in the thick of marikana the lessons no journalism school can teach you,2012,2012-10-22,Daily Maverick,https://www.dailymaverick.co.za/opinionista/2012-10-22-in-the-thick-of-marikana-the-lessons-no-journalism-school-can-teach-you/,https://dailymaverick.co.za/opinionista/2012-10-22-in-the-thick-of-marikana-the-lessons-no-journalism-school-can-teach-you,1419,0825673988160ba7d2f9e885d64cc11a271ce5703cb72e574e6209b9b2008ad3,valid_sha256,include_case_central,final_batch_03,review_batch_03_conservative_whole_queue_2026-08-23,retained_after_titlepair_review,DISC-MEDIA-0324,no_known_text_quality_exception,true
DISC-MEDIA-0066,title_trigger,Death Threats Blazing Guns Police Intimidation Spikes Alongside The Marikana Commission,death threats blazing guns police intimidation spikes alongside the marikana commission,2012,2012-10-23,Daily Maverick,https://www.dailymaverick.co.za/article/2012-10-23-death-threats-blazing-guns-police-intimidation-spikes-alongside-the-marikana-commission/,https://dailymaverick.co.za/article/2012-10-23-death-threats-blazing-guns-police-intimidation-spikes-alongside-the-marikana-commission,726,83a25a9594ee973326868cf4b1150d6ccbc4df54cd4dc48cb10ffaf1b23a9277,valid_sha256,include_case_central,final_batch_03,review_batch_03_conservative_whole_queue_2026-08-23,retained_after_titlepair_review,DISC-MEDIA-0066,no_known_text_quality_exception,true
DISC-MEDIA-0067,title_trigger,Marikana Commission Lawyers Draw Up Battle Lines,marikana commission lawyers draw up battle lines,2012,2012-10-23,Daily Maverick,https://www.dailymaverick.co.za/article/2012-10-23-marikana-commission-lawyers-draw-up-battle-lines/,https://dailymaverick.co.za/article/2012-10-23-marikana-commission-lawyers-draw-up-battle-lines,850,678a5245685937c7a0c922562a17b42095ab29472147874d0ab446a471bb5e20,valid_sha256,include_case_central,final_batch_03,review_batch_03_conservative_whole_queue_2026-08-23,retained_after_titlepair_review,DISC-MEDIA-0067,no_known_text_quality_exception,true
DISC-MEDIA-0068,title_trigger,Marikana Commission More Sides Pitch In More Mud Flung In Ramaphosas Face,marikana commission more sides pitch in more mud flung in ramaphosas face,2012,2012-10-24,Daily Maverick,https://www.dailymaverick.co.za/article/2012-10-24-marikana-commission-more-sides-pitch-in-more-mud-flung-in-ramaphosas-face/,https://dailymaverick.co.za/article/2012-10-24-marikana-commission-more-sides-pitch-in-more-mud-flung-in-ramaphosas-face,1001,c5ab285a300e78589bc875790f91ef04c3df9c93b3f988f1e3815e425ee2537b,valid_sha256,include_case_central,final_batch_03,review_batch_03_conservative_whole_queue_2026-08-23,retained_after_titlepair_review,DISC-MEDIA-0068,no_known_text_quality_exception,true
DISC-MEDIA-0069,title_trigger,Marikana Commission Check Book Justice As Dead Miners Families Must Pay Their Own Way,marikana commission check book justice as dead miners families must pay their own way,2012,2012-10-29,Daily Maverick,https://www.dailymaverick.co.za/article/2012-10-29-marikana-commission-check-book-justice-as-dead-miners-families-must-pay-their-own-way/,https://dailymaverick.co.za/article/2012-10-29-marikana-commission-check-book-justice-as-dead-miners-families-must-pay-their-own-way,1054,63776124c807c838e27b16610dbd19508f519bb1d7fb8664217eb3deae655e12,valid_sha256,include_case_central,final_batch_03,review_batch_03_conservative_whole_queue_2026-08-23,retained_after_titlepair_review,DISC-MEDIA-0069,no_known_text_quality_exception,true
DISC-MEDIA-0070,title_trigger,Marikana Commission Travel Pains For The Families,marikana commission travel pains for the families,2012,2012-10-30,Daily Maverick,https://www.dailymaverick.co.za/article/2012-10-30-marikana-commission-travel-pains-for-the-families/,https://dailymaverick.co.za/article/2012-10-30-marikana-commission-travel-pains-for-the-families,1118,5ea4bd00cd07c73581bc4e6e9f71101793026e55013e294b1691be750cdd614f,valid_sha256,include_case_central,final_batch_03,review_batch_03_conservative_whole_queue_2026-08-23,retained_after_titlepair_review,DISC-MEDIA-0070,no_known_text_quality_exception,true
DISC-MEDIA-0071,title_trigger,Marikana Commission Colonel Johannes Bothas Tough Day At The Office,marikana commission colonel johannes bothas tough day at the office,2012,2012-10-31,Daily Maverick,https://www.dailymaverick.co.za/article/2012-10-31-marikana-commission-colonel-johannes-bothas-tough-day-at-the-office/,https://dailymaverick.co.za/article/2012-10-31-marikana-commission-colonel-johannes-bothas-tough-day-at-the-office,1073,3c38ff6b30686f94c9bdc1d3db5d75906ab6b76b1ccc91a4d704789b659fdf1f,valid_sha256,include_case_central,final_batch_03,review_batch_03_conservative_whole_queue_2026-08-23,retained_after_titlepair_review,DISC-MEDIA-0071,no_known_text_quality_exception,true
DISC-MEDIA-0072,title_trigger,Marikana Commission Dali Mpofu Drops New Torture Bombshell,marikana commission dali mpofu drops new torture bombshell,2012,2012-10-31,Daily Maverick,https://www.dailymaverick.co.za/article/2012-10-31-marikana-commission-dali-mpofu-drops-new-torture-bombshell/,https://dailymaverick.co.za/article/2012-10-31-marikana-commission-dali-mpofu-drops-new-torture-bombshell,528,199954560c64fd3f1cf1ca85535dfe8706a26da5b3e67e45cd03fefc02598f8c,valid_sha256,include_case_central,final_batch_03,review_batch_03_conservative_whole_queue_2026-08-23,retained_after_titlepair_review,DISC-MEDIA-0072,no_known_text_quality_exception,true
DISC-MEDIA-0073,title_trigger,Marikana Commission The Forensic Expert Who Saw Little Heard Nothing Couldnt Say Much,marikana commission the forensic expert who saw little heard nothing couldnt say much,2012,2012-11-01,Daily Maverick,https://www.dailymaverick.co.za/article/2012-11-01-marikana-commission-the-forensic-expert-who-saw-little-heard-nothing-couldnt-say-much/,https://dailymaverick.co.za/article/2012-11-01-marikana-commission-the-forensic-expert-who-saw-little-heard-nothing-couldnt-say-much,1091,44b0bba16d1bfb1f96b433bc20523a131f3f4a4ae400231929cf56fa63a82f13,valid_sha256,include_case_central,final_batch_03,review_batch_03_conservative_whole_queue_2026-08-23,retained_after_titlepair_review,DISC-MEDIA-0073,no_known_text_quality_exception,true
DISC-MEDIA-0325,title_trigger,Marikana Who Murdered Num Branch Secretary Daluvuyo Bongo,marikana who murdered num branch secretary daluvuyo bongo,2012,2012-11-02,Daily Maverick,https://www.dailymaverick.co.za/opinionista/2012-11-02-marikana-who-murdered-num-branch-secretary-daluvuyo-bongo/,https://dailymaverick.co.za/opinionista/2012-11-02-marikana-who-murdered-num-branch-secretary-daluvuyo-bongo,2318,fabba38fe614977ccdbbe7b79a3e7f5cd92c410809ab955b8f72b67287a546d1,valid_sha256,include_case_central,final_batch_03,review_batch_03_conservative_whole_queue_2026-08-23,retained_after_titlepair_review,DISC-MEDIA-0325,no_known_text_quality_exception,true
DISC-MEDIA-0074,title_trigger,Marikana Commission Prima Facie Case For Tampering With Evidence,marikana commission prima facie case for tampering with evidence,2012,2012-11-06,Daily Maverick,https://www.dailymaverick.co.za/article/2012-11-06-marikana-commission-prima-facie-case-for-tampering-with-evidence/,https://dailymaverick.co.za/article/2012-11-06-marikana-commission-prima-facie-case-for-tampering-with-evidence,980,bbef4a84a2131ba0737a81af5d98acae60eecbb86fd43ae099484593e891bd54,valid_sha256,include_case_central,final_batch_03,review_batch_03_conservative_whole_queue_2026-08-23,retained_after_titlepair_review,DISC-MEDIA-0074,no_known_text_quality_exception,true
DISC-MEDIA-0326,title_trigger,Marikana A Cover Up For All To See,marikana a cover up for all to see,2012,2012-11-06,Daily Maverick,https://www.dailymaverick.co.za/opinionista/2012-11-06-marikana-a-cover-up-for-all-to-see/,https://dailymaverick.co.za/opinionista/2012-11-06-marikana-a-cover-up-for-all-to-see,837,df0127efbd67d5fafde438dfc1077b460d0a4cfc4113abf4c963482fea3c7195,valid_sha256,include_case_central,final_batch_03,review_batch_03_conservative_whole_queue_2026-08-23,retained_after_titlepair_review,DISC-MEDIA-0326,no_known_text_quality_exception,true
DISC-MEDIA-0075,title_trigger,Marikana Commission Police Play Their Case,marikana commission police play their case,2012,2012-11-12,Daily Maverick,https://www.dailymaverick.co.za/article/2012-11-12-marikana-commission-police-play-their-case/,https://dailymaverick.co.za/article/2012-11-12-marikana-commission-police-play-their-case,1016,aa95923b3a66dfdcf8ef6f37e9949317412b8c24091cd32f8e10b49c4be2af37,valid_sha256,include_case_central,final_batch_03,review_batch_03_conservative_whole_queue_2026-08-23,retained_after_titlepair_review,DISC-MEDIA-0075,no_known_text_quality_exception,true
DISC-MEDIA-0076,title_trigger,Painting Marikanas Tragedy,painting marikanas tragedy,2012,2012-11-13,Daily Maverick,https://www.dailymaverick.co.za/article/2012-11-13-painting-marikanas-tragedy/,https://dailymaverick.co.za/article/2012-11-13-painting-marikanas-tragedy,1563,1cf67cd7de830830b0b7c0ffdd626162dab9ce368ff42078f2b7a653be65eb58,valid_sha256,include_case_central,final_batch_03,review_batch_03_conservative_whole_queue_2026-08-23,retained_after_titlepair_review,DISC-MEDIA-0076,no_known_text_quality_exception,true
DISC-MEDIA-0077,title_trigger,Marikana Commission Bishop Seoka Blames Police Unions And Lonmin,marikana commission bishop seoka blames police unions and lonmin,2012,2012-11-15,Daily Maverick,https://www.dailymaverick.co.za/article/2012-11-15-marikana-commission-bishop-seoka-blames-police-unions-and-lonmin/,https://dailymaverick.co.za/article/2012-11-15-marikana-commission-bishop-seoka-blames-police-unions-and-lonmin,914,911ca0d83fc95f90f626e4e3b33e36f7c104f764ae93b1d65612d4700c2afa9d,valid_sha256,include_case_central,final_batch_03,review_batch_03_conservative_whole_queue_2026-08-23,retained_after_titlepair_review,DISC-MEDIA-0077,no_known_text_quality_exception,true
DISC-MEDIA-0078,title_trigger,Marikana Commission Spotty Police Evidence Continues,marikana commission spotty police evidence continues,2012,2012-11-16,Daily Maverick,https://www.dailymaverick.co.za/article/2012-11-16-marikana-commission-spotty-police-evidence-continues/,https://dailymaverick.co.za/article/2012-11-16-marikana-commission-spotty-police-evidence-continues,1032,6211098f545531f2df95b68fb161a59d86ccafa618f0ba35b43b06d280718493,valid_sha256,include_case_central,final_batch_03,review_batch_03_conservative_whole_queue_2026-08-23,retained_after_titlepair_review,DISC-MEDIA-0078,no_known_text_quality_exception,true
DISC-MEDIA-0079,title_trigger,Marikana Commission Did The Police Throw Away Their Own Rulebook,marikana commission did the police throw away their own rulebook,2012,2012-11-20,Daily Maverick,https://www.dailymaverick.co.za/article/2012-11-20-marikana-commission-did-the-police-throw-away-their-own-rulebook/,https://dailymaverick.co.za/article/2012-11-20-marikana-commission-did-the-police-throw-away-their-own-rulebook,876,e449acab0fb826e1710bdbb51b4f9f9bb78360371f4ff70c596066cc03c941e9,valid_sha256,include_case_central,final_batch_03,review_batch_03_conservative_whole_queue_2026-08-23,retained_after_titlepair_review,DISC-MEDIA-0079,no_known_text_quality_exception,true
DISC-MEDIA-0080,title_trigger,Marikana Commission What Happened Before 16 August Lonmin And Police Videos Failed To Capture Crucial Evidence,marikana commission what happened before 16 august lonmin and police videos failed to capture crucial evidence,2012,2012-11-21,Daily Maverick,https://www.dailymaverick.co.za/article/2012-11-21-marikana-commission-what-happened-before-16-august-lonmin-and-police-videos-failed-to-capture-crucial-evidence/,https://dailymaverick.co.za/article/2012-11-21-marikana-commission-what-happened-before-16-august-lonmin-and-police-videos-failed-to-capture-crucial-evidence,528,baf33ea323b4d943a6f408d462249bd12d9d5c975071ec633ffe44d00ea68ce7,valid_sha256,include_case_central,final_batch_03,review_batch_03_conservative_whole_queue_2026-08-23,retained_after_titlepair_review,DISC-MEDIA-0080,no_known_text_quality_exception,true
DISC-MEDIA-0081,title_trigger,Marikana Commission Better Videos Of 16 August But Still Not Much To See,marikana commission better videos of 16 august but still not much to see,2012,2012-11-22,Daily Maverick,https://www.dailymaverick.co.za/article/2012-11-22-marikana-commission-better-videos-of-16-august-but-still-not-much-to-see/,https://dailymaverick.co.za/article/2012-11-22-marikana-commission-better-videos-of-16-august-but-still-not-much-to-see,729,cee85f8b491655b42e00b7bed8e66a81d2e75b88c87686a24ce8b22475a61dd3,valid_sha256,include_case_central,final_batch_03,review_batch_03_conservative_whole_queue_2026-08-23,retained_after_titlepair_review,DISC-MEDIA-0081,no_known_text_quality_exception,true
DISC-MEDIA-0082,title_trigger,Marikana Commission Cops Lonmin Hit Back At Bishop Seoka,marikana commission cops lonmin hit back at bishop seoka,2012,2012-11-23,Daily Maverick,https://www.dailymaverick.co.za/article/2012-11-23-marikana-commission-cops-lonmin-hit-back-at-bishop-seoka/,https://dailymaverick.co.za/article/2012-11-23-marikana-commission-cops-lonmin-hit-back-at-bishop-seoka,1176,5400d6989be7d073c8a040df7d0e63403e506b724609fca18f2c060e14d32931,valid_sha256,include_case_central,final_batch_03,review_batch_03_conservative_whole_queue_2026-08-23,retained_after_titlepair_review,DISC-MEDIA-0082,no_known_text_quality_exception,true
DISC-MEDIA-0083,title_trigger,Marikana Commission Weapons That Kill And A Row Over Subpoenas,marikana commission weapons that kill and a row over subpoenas,2012,2012-11-27,Daily Maverick,https://www.dailymaverick.co.za/article/2012-11-27-marikana-commission-weapons-that-kill-and-a-row-over-subpoenas/,https://dailymaverick.co.za/article/2012-11-27-marikana-commission-weapons-that-kill-and-a-row-over-subpoenas,742,659bf022094e5b654955ec52947f817c1c967c6772e4f11115eaf38fddc7964f,valid_sha256,include_case_central,final_batch_03,review_batch_03_conservative_whole_queue_2026-08-23,retained_after_titlepair_review,DISC-MEDIA-0083,no_known_text_quality_exception,true
DISC-MEDIA-0084,title_trigger,Marikana Commission Amcu President Flays Num,marikana commission amcu president flays num,2012,2012-11-28,Daily Maverick,https://www.dailymaverick.co.za/article/2012-11-28-marikana-commission-amcu-president-flays-num/,https://dailymaverick.co.za/article/2012-11-28-marikana-commission-amcu-president-flays-num,847,1b43694bb48046834274be2ee204d268b4f6104d5f5a8ad4f347dec829227968,valid_sha256,include_case_central,final_batch_03,review_batch_03_conservative_whole_queue_2026-08-23,retained_after_titlepair_review,DISC-MEDIA-0084,no_known_text_quality_exception,true
DISC-MEDIA-0085,title_trigger,Marikana Commission Joseph Mathunjwa Locks Horns With Police,marikana commission joseph mathunjwa locks horns with police,2012,2012-11-30,Daily Maverick,https://www.dailymaverick.co.za/article/2012-11-30-marikana-commission-joseph-mathunjwa-locks-horns-with-police/,https://dailymaverick.co.za/article/2012-11-30-marikana-commission-joseph-mathunjwa-locks-horns-with-police,679,2169437eb0002fc51909bb19776581a2c8d5aaf0c3acca7d7b705e2761be4db0,valid_sha256,include_case_central,final_batch_03,review_batch_03_conservative_whole_queue_2026-08-23,retained_after_titlepair_review,DISC-MEDIA-0085,no_known_text_quality_exception,true
DISC-MEDIA-0086,title_trigger,Marikana Who Shot First,marikana who shot first,2012,2012-11-30,Daily Maverick,https://www.dailymaverick.co.za/article/2012-11-30-marikana-who-shot-first/,https://dailymaverick.co.za/article/2012-11-30-marikana-who-shot-first,1038,983aa0979aee4c3297df7c84879a1137858946c0ccfa2a5757b9b0b998e79d3e,valid_sha256,include_case_central,final_batch_03,review_batch_03_conservative_whole_queue_2026-08-23,retained_after_titlepair_review,DISC-MEDIA-0086,no_known_text_quality_exception,true
DISC-MEDIA-0087,title_trigger,Union Poster Feel It Western Cape Marikana Is Here,union poster feel it western cape marikana is here,2012,2012-11-30,Daily Maverick,https://www.dailymaverick.co.za/article/2012-11-30-union-poster-feel-it-western-cape-marikana-is-here/,https://dailymaverick.co.za/article/2012-11-30-union-poster-feel-it-western-cape-marikana-is-here,1327,da886546285c03cfd0377c79645b372a7393f4bd35c7088a484e7c7cd74da730,valid_sha256,include_case_central,final_batch_03,review_batch_03_conservative_whole_queue_2026-08-23,retained_after_titlepair_review,DISC-MEDIA-0087,no_known_text_quality_exception,true
DISC-MEDIA-0088,title_trigger,Marikana Commission Joseph Mathunjwa Still Stands His Ground,marikana commission joseph mathunjwa still stands his ground,2012,2012-12-04,Daily Maverick,https://www.dailymaverick.co.za/article/2012-12-04-marikana-commission-joseph-mathunjwa-still-stands-his-ground/,https://dailymaverick.co.za/article/2012-12-04-marikana-commission-joseph-mathunjwa-still-stands-his-ground,669,b714f5c56e462ebf7cbe11917701edfdd08e50d71f477eb61c4f6eb31318358d,valid_sha256,include_case_central,final_batch_03,review_batch_03_conservative_whole_queue_2026-08-23,retained_after_titlepair_review,DISC-MEDIA-0088,no_known_text_quality_exception,true
DISC-MEDIA-0089,title_trigger,Marikana Commission Cornered Mathunjwa Let Out By Dumisa Ntsebeza,marikana commission cornered mathunjwa let out by dumisa ntsebeza,2012,2012-12-05,Daily Maverick,https://www.dailymaverick.co.za/article/2012-12-05-marikana-commission-cornered-mathunjwa-let-out-by-dumisa-ntsebeza/,https://dailymaverick.co.za/article/2012-12-05-marikana-commission-cornered-mathunjwa-let-out-by-dumisa-ntsebeza,820,234bca0681b02848d737eeb16858f2b8d05fe45658939cee2d320755b1897ed6,valid_sha256,include_case_central,final_batch_03,review_batch_03_conservative_whole_queue_2026-08-23,retained_after_titlepair_review,DISC-MEDIA-0089,no_known_text_quality_exception,true
DISC-MEDIA-0090,title_trigger,Zuma Marikana Exposed Organisational Challenges,zuma marikana exposed organisational challenges,2012,2012-12-16,Daily Maverick,https://www.dailymaverick.co.za/article/2012-12-16-zuma-marikana-exposed-organisational-challenges/,https://dailymaverick.co.za/article/2012-12-16-zuma-marikana-exposed-organisational-challenges,380,7c9c1bbe7b642f3fbcf5b53c2e61c8192073b647fb6d43d2bd34770b3a9d7f04,valid_sha256,include_case_central,final_batch_03,review_batch_03_conservative_whole_queue_2026-08-23,retained_after_titlepair_review,DISC-MEDIA-0090,no_known_text_quality_exception,true
DISC-MEDIA-0091,title_trigger,2013 The Lingering Spectre Of Marikana,2013 the lingering spectre of marikana,2013,2013-01-11,Daily Maverick,https://www.dailymaverick.co.za/article/2013-01-11-2013-the-lingering-spectre-of-marikana/,https://dailymaverick.co.za/article/2013-01-11-2013-the-lingering-spectre-of-marikana,916,164fc4ee547a573f5a170cf00b7abc969787d63e08a201f276808de9ad1162d9,valid_sha256,include_case_central,final_batch_03,review_batch_03_conservative_whole_queue_2026-08-23,retained_after_titlepair_review,DISC-MEDIA-0091,no_known_text_quality_exception,true
DISC-MEDIA-0092,title_trigger,Marikana Commission Num Takes The Stand,marikana commission num takes the stand,2013,2013-01-25,Daily Maverick,https://www.dailymaverick.co.za/article/2013-01-25-marikana-commission-num-takes-the-stand/,https://dailymaverick.co.za/article/2013-01-25-marikana-commission-num-takes-the-stand,858,f3565d2740ad0cf20b22a3730fd9d395fc6814d47ef5527ba2a4a937b8b0080d,valid_sha256,include_case_central,final_batch_03,review_batch_03_conservative_whole_queue_2026-08-23,retained_after_titlepair_review,DISC-MEDIA-0092,no_known_text_quality_exception,true
DISC-MEDIA-0093,title_trigger,Heartfelt Hard Painful Songs Of Marikana,heartfelt hard painful songs of marikana,2013,2013-01-28,Daily Maverick,https://www.dailymaverick.co.za/article/2013-01-28-heartfelt-hard-painful-songs-of-marikana/,https://dailymaverick.co.za/article/2013-01-28-heartfelt-hard-painful-songs-of-marikana,1002,8a82b5c9f12c0858899c47c7d4768431d0c27d2f5291ac1b73562b3bc1f04a33,valid_sha256,include_case_central,final_batch_03,review_batch_03_conservative_whole_queue_2026-08-23,retained_after_titlepair_review,DISC-MEDIA-0093,no_known_text_quality_exception,true
DISC-MEDIA-0094,title_trigger,Truth Lies The Saga Of The Marikana Massacre Continues,truth lies the saga of the marikana massacre continues,2013,2013-01-29,Daily Maverick,https://www.dailymaverick.co.za/article/2013-01-29-truth-lies-the-saga-of-the-marikana-massacre-continues/,https://dailymaverick.co.za/article/2013-01-29-truth-lies-the-saga-of-the-marikana-massacre-continues,2016,12c15a2b0526fac2d895163c038ada0c086af6670a549a7e9a619f88bd1f9807,valid_sha256,include_case_central,final_batch_03,review_batch_03_conservative_whole_queue_2026-08-23,retained_after_titlepair_review,DISC-MEDIA-0094,no_known_text_quality_exception,true
DISC-MEDIA-0095,title_trigger,Marikana Commission Num In A Deep Hole Over The Fight That Started It All,marikana commission num in a deep hole over the fight that started it all,2013,2013-02-01,Daily Maverick,https://www.dailymaverick.co.za/article/2013-02-01-marikana-commission-num-in-a-deep-hole-over-the-fight-that-started-it-all/,https://dailymaverick.co.za/article/2013-02-01-marikana-commission-num-in-a-deep-hole-over-the-fight-that-started-it-all,1015,e2c6d4dcfbb51550ff95f7afd4dd2c87b4b567c0fa442a2593c99e56eaf0a833,valid_sha256,include_case_central,final_batch_03,review_batch_03_conservative_whole_queue_2026-08-23,retained_after_titlepair_review,DISC-MEDIA-0095,no_known_text_quality_exception,true
DISC-MEDIA-0471,title_trigger,Lonmin Nominated Worst Company Of The Year By Npos,lonmin nominated worst company of the year by npos,2013,2013-02-01,Engineering News,https://www.engineeringnews.co.za/article/lonmin-nominated-worst-company-of-the-year-by-npos-2013-02-01,https://engineeringnews.co.za/article/lonmin-nominated-worst-company-of-the-year-by-npos-2013-02-01,896,1d3825ad9c6373da76071c83cf1075cc2b084d97e47d48f05bc7d0cdd83a7cd4,valid_sha256,include_case_central,final_batch_03,review_batch_03_conservative_whole_queue_2026-08-23,retained_after_titlepair_review,DISC-MEDIA-0471,no_known_text_quality_exception,true
DISC-MEDIA-0096,title_trigger,Black Valentine 2013 Love In The Time Of Marikana Nkandla Anene Booysens,black valentine 2013 love in the time of marikana nkandla anene booysens,2013,2013-02-14,Daily Maverick,https://www.dailymaverick.co.za/article/2013-02-14-black-valentine-2013-love-in-the-time-of-marikana-nkandla-anene-booysens/,https://dailymaverick.co.za/article/2013-02-14-black-valentine-2013-love-in-the-time-of-marikana-nkandla-anene-booysens,1669,8c8a3c5492be8e5514a82d64b2decddf4551a45ab01333fe96e1ad3a9caab19b,valid_sha256,include_case_central,final_batch_03,review_batch_03_conservative_whole_queue_2026-08-23,retained_after_titlepair_review,DISC-MEDIA-0096,no_known_text_quality_exception,true
SEC-MEDIA-0003,secondary_keyword,Rustenburg Amcu And Num Call A Truce For Now,rustenburg amcu and num call a truce for now,2013,2013-02-20,Daily Maverick,https://www.dailymaverick.co.za/article/2013-02-20-rustenburg-amcu-and-num-call-a-truce-for-now/,https://dailymaverick.co.za/article/2013-02-20-rustenburg-amcu-and-num-call-a-truce-for-now,1275,9e0f739cb9585507147798b32cc12c4eccaa08f82dbcf1054529539e4452250f,valid_sha256,include_case_central,final_secondary_batch_01,secondary_batch_01_acquired_text_2026-08-23,retained_after_titlepair_review,SEC-MEDIA-0003,no_known_text_quality_exception,true
DISC-MEDIA-0441,title_trigger,Lonmin Consults Unions,lonmin consults unions,2013,2013-03-01,Engineering News,https://www.engineeringnews.co.za/article/lonmin-consults-unions-2013-03-01,https://engineeringnews.co.za/article/lonmin-consults-unions-2013-03-01,439,14f008abcffa16b7daed58495db3ccf9fb537b4e131059169f5bc2d210967fe9,valid_sha256,include_lonmin_marikana_labour_governance,final_batch_05,review_batch_05_explicit_residual_2026-08-23,retained_after_titlepair_review,DISC-MEDIA-0441,no_known_text_quality_exception,true
DISC-MEDIA-0557,title_trigger,Marikana Families Sue Police For Millions,marikana families sue police for millions,2013,2013-03-01,Engineering News,https://www.engineeringnews.co.za/article/marikana-families-sue-police-for-millions-2013-03-01,https://engineeringnews.co.za/article/marikana-families-sue-police-for-millions-2013-03-01,648,3df53003aeef315aace4a900cca31e27f973813c2965d7f5750f931cf11038b7,valid_sha256,include_case_central,final_batch_03,review_batch_03_conservative_whole_queue_2026-08-23,retained_after_titlepair_review,DISC-MEDIA-0557,no_known_text_quality_exception,true
DISC-MEDIA-0097,title_trigger,Marikana Aftermath As The Commission Plays On Theres Still No Equality Before The Law,marikana aftermath as the commission plays on theres still no equality before the law,2013,2013-03-04,Daily Maverick,https://www.dailymaverick.co.za/article/2013-03-04-marikana-aftermath-as-the-commission-plays-on-theres-still-no-equality-before-the-law/,https://dailymaverick.co.za/article/2013-03-04-marikana-aftermath-as-the-commission-plays-on-theres-still-no-equality-before-the-law,2205,074b17cfd2eeb934733ea6b137f68f0b74b36595db380e7d15ebedce21a7908e,valid_sha256,include_case_central,final_batch_03,review_batch_03_conservative_whole_queue_2026-08-23,retained_after_titlepair_review,DISC-MEDIA-0097,no_known_text_quality_exception,true
SEC-MEDIA-0264,secondary_keyword,Amplats Signs With Amcu,amplats signs with amcu,2013,2013-03-04,Engineering News,https://www.engineeringnews.co.za/article/amplats-signs-with-amcu-2013-03-04,https://engineeringnews.co.za/article/amplats-signs-with-amcu-2013-03-04,535,8f82bc02957569ddcec49dfe877e07afdcdef0ce236000b5f0a87dea22241b11,valid_sha256,include_lonmin_marikana_labour_governance,final_secondary_batch_01,secondary_batch_01_acquired_text_2026-08-23,retained_after_titlepair_review,SEC-MEDIA-0264,no_known_text_quality_exception,true
DISC-MEDIA-0409,title_trigger,Illegal Strike Erupts At Lonmin,illegal strike erupts at lonmin,2013,2013-03-05,Engineering News,https://www.engineeringnews.co.za/article/illegal-strike-erupts-at-lonmin-2013-03-05,https://engineeringnews.co.za/article/illegal-strike-erupts-at-lonmin-2013-03-05,951,a8a4612f9b8c4555712a8f3100703a049fb9a11e19da37e3258f53d912d31da6,valid_sha256,include_case_central,final_batch_02,review_batch_02_explicit_id_review_2026-08-23,retained_after_titlepair_review,DISC-MEDIA-0409,no_known_text_quality_exception,true
DISC-MEDIA-0412,title_trigger,Its Business Unusual At Improving Lonmin Munroe,its business unusual at improving lonmin munroe,2013,2013-03-05,Engineering News,https://www.engineeringnews.co.za/article/its-business-unusual-at-improving-lonmin-munroe-2013-03-05,https://engineeringnews.co.za/article/its-business-unusual-at-improving-lonmin-munroe-2013-03-05,1652,6042dc4ba15b93af7d0240131b96b7b1d6e4412c2b63e5faebfb902fc83401c9,valid_sha256,include_case_central,final_batch_03,review_batch_03_conservative_whole_queue_2026-08-23,retained_after_titlepair_review,DISC-MEDIA-0412,no_known_text_quality_exception,true
DISC-MEDIA-0423,title_trigger,Lonmin Artisan College Forging Ahead Despite 2012 Setbacks,lonmin artisan college forging ahead despite 2012 setbacks,2013,2013-03-05,Engineering News,https://www.engineeringnews.co.za/article/lonmin-artisan-college-forging-ahead-despite-2012-setbacks-2013-03-05,https://engineeringnews.co.za/article/lonmin-artisan-college-forging-ahead-despite-2012-setbacks-2013-03-05,752,343c41226d19d33ca448c5608c5f9a7100c5b0d7e317e2cc58b26d44a2701cac,valid_sha256,include_case_central,final_batch_03,review_batch_03_conservative_whole_queue_2026-08-23,retained_after_titlepair_review,DISC-MEDIA-0423,no_known_text_quality_exception,true
DISC-MEDIA-0098,title_trigger,Marikana Commission Why Did Non Employees Join The Strike,marikana commission why did non employees join the strike,2013,2013-03-14,Daily Maverick,https://www.dailymaverick.co.za/article/2013-03-14-marikana-commission-why-did-non-employees-join-the-strike/,https://dailymaverick.co.za/article/2013-03-14-marikana-commission-why-did-non-employees-join-the-strike,922,9d8c80d0358e8504916dbbeba4955d7951d485eb1f101e75c3091a8fac55aa5d,valid_sha256,include_case_central,final_batch_03,review_batch_03_conservative_whole_queue_2026-08-23,retained_after_titlepair_review,DISC-MEDIA-0098,no_known_text_quality_exception,true
DISC-MEDIA-0413,title_trigger,Its Business Unusual At Improving Lonmin Munroe,its business unusual at improving lonmin munroe,2013,2013-03-15,Engineering News,https://www.engineeringnews.co.za/article/its-business-unusual-at-improving-lonmin-munroe-2013-03-15,https://engineeringnews.co.za/article/its-business-unusual-at-improving-lonmin-munroe-2013-03-15,1644,ffb49d257b8daddec1d9a03a0c45066ea9c771a0bd57f18400e88594d54fb862,valid_sha256,include_case_central,final_batch_03,review_batch_03_conservative_whole_queue_2026-08-23,redundant_republication,DISC-MEDIA-0412,no_known_text_quality_exception,false
DISC-MEDIA-0099,title_trigger,Marikana How Much And When Did Zuma Know,marikana how much and when did zuma know,2013,2013-03-18,Daily Maverick,https://www.dailymaverick.co.za/article/2013-03-18-marikana-how-much-and-when-did-zuma-know/,https://dailymaverick.co.za/article/2013-03-18-marikana-how-much-and-when-did-zuma-know,1121,5306795322844ddf270a28e58741e2887c7673b6e82e9bba6a96cb7c96078067,valid_sha256,include_case_central,final_batch_03,review_batch_03_conservative_whole_queue_2026-08-23,retained_after_titlepair_review,DISC-MEDIA-0099,no_known_text_quality_exception,true
DISC-MEDIA-0100,title_trigger,Farlams Site Visit Brings Community Closer To Commission,farlams site visit brings community closer to commission,2013,2013-03-22,Daily Maverick,https://www.dailymaverick.co.za/article/2013-03-22-farlams-site-visit-brings-community-closer-to-commission/,https://dailymaverick.co.za/article/2013-03-22-farlams-site-visit-brings-community-closer-to-commission,819,b5b1907cf75bef7b7ac3bfdf362a09cd11eccdd6a6b5939c0f92d9333059750c,valid_sha256,include_case_central,final_batch_03,review_batch_03_conservative_whole_queue_2026-08-23,retained_after_titlepair_review,DISC-MEDIA-0100,no_known_text_quality_exception,true
DISC-MEDIA-0101,title_trigger,Analysis The Future Of South Africas Labour Market Post Marikana,analysis the future of south africas labour market post marikana,2013,2013-03-25,Daily Maverick,https://www.dailymaverick.co.za/article/2013-03-25-analysis-the-future-of-south-africas-labour-market-post-marikana/,https://dailymaverick.co.za/article/2013-03-25-analysis-the-future-of-south-africas-labour-market-post-marikana,1080,bf587e523b9b73e6e0a6ec81b39a09032555fd13c8bd239cabe92f719dd68e00,valid_sha256,include_case_central,final_batch_03,review_batch_03_conservative_whole_queue_2026-08-23,retained_after_titlepair_review,DISC-MEDIA-0101,no_known_text_quality_exception,true
DISC-MEDIA-0102,title_trigger,Born In Post Marikana Anger Workers Socialist Party Enters Sa Politics,born in post marikana anger workers socialist party enters sa politics,2013,2013-03-25,Daily Maverick,https://www.dailymaverick.co.za/article/2013-03-25-born-in-post-marikana-anger-workers-socialist-party-enters-sa-politics/,https://dailymaverick.co.za/article/2013-03-25-born-in-post-marikana-anger-workers-socialist-party-enters-sa-politics,1787,131f7f3e7e2cd1246854c28119dd6d20b8b462f34a6000a8f985fb03ba151298,valid_sha256,include_case_central,final_batch_03,review_batch_03_conservative_whole_queue_2026-08-23,retained_after_titlepair_review,DISC-MEDIA-0102,no_known_text_quality_exception,true
DISC-MEDIA-0103,title_trigger,Marikana Commission Phiyega Continues To Play Dumb,marikana commission phiyega continues to play dumb,2013,2013-03-27,Daily Maverick,https://www.dailymaverick.co.za/article/2013-03-27-marikana-commission-phiyega-continues-to-play-dumb/,https://dailymaverick.co.za/article/2013-03-27-marikana-commission-phiyega-continues-to-play-dumb,841,6d47e53a36cb92f79db6e34c651351444d270f9206e712131548569681947526,valid_sha256,include_case_central,final_batch_03,review_batch_03_conservative_whole_queue_2026-08-23,retained_after_titlepair_review,DISC-MEDIA-0103,no_known_text_quality_exception,true
DISC-MEDIA-0104,title_trigger,Marikana Commission Why Did Apartheid Lessons Not Inform Police Action On 16 August,marikana commission why did apartheid lessons not inform police action on 16 august,2013,2013-03-28,Daily Maverick,https://www.dailymaverick.co.za/article/2013-03-28-marikana-commission-why-did-apartheid-lessons-not-inform-police-action-on-16-august/,https://dailymaverick.co.za/article/2013-03-28-marikana-commission-why-did-apartheid-lessons-not-inform-police-action-on-16-august,1035,e00b43061362a4bd23ea6a7333fe2d56982c5de6f4a7e1a0e3cf885b5ab004a7,valid_sha256,include_case_central,final_batch_03,review_batch_03_conservative_whole_queue_2026-08-23,retained_after_titlepair_review,DISC-MEDIA-0104,no_known_text_quality_exception,true
DISC-MEDIA-0105,title_trigger,Marikana Commission As Bizos Cross Exam Ends Phiyega Is Still Not Forthcoming,marikana commission as bizos cross exam ends phiyega is still not forthcoming,2013,2013-04-03,Daily Maverick,https://www.dailymaverick.co.za/article/2013-04-03-marikana-commission-as-bizos-cross-exam-ends-phiyega-is-still-not-forthcoming/,https://dailymaverick.co.za/article/2013-04-03-marikana-commission-as-bizos-cross-exam-ends-phiyega-is-still-not-forthcoming,984,086217a8c80fe573cf255d0ad7cf4265604163a47823d9cd68e329f722c6cd9b,valid_sha256,include_case_central,final_batch_03,review_batch_03_conservative_whole_queue_2026-08-23,retained_after_titlepair_review,DISC-MEDIA-0105,no_known_text_quality_exception,true
DISC-MEDIA-0106,title_trigger,Marikana Commission Move To Pretoria Halts As Phiyega Grilling Continues,marikana commission move to pretoria halts as phiyega grilling continues,2013,2013-04-04,Daily Maverick,https://www.dailymaverick.co.za/article/2013-04-04-marikana-commission-move-to-pretoria-halts-as-phiyega-grilling-continues/,https://dailymaverick.co.za/article/2013-04-04-marikana-commission-move-to-pretoria-halts-as-phiyega-grilling-continues,883,da2bd0bdda039df3c5f218f19426bf38939632ac81457b20c7017388b4ecd60f,valid_sha256,include_case_central,final_batch_03,review_batch_03_conservative_whole_queue_2026-08-23,retained_after_titlepair_review,DISC-MEDIA-0106,no_known_text_quality_exception,true
DISC-MEDIA-0107,title_trigger,Marikana Commission Zooms In On Phiyegas Changed Affidavit,marikana commission zooms in on phiyegas changed affidavit,2013,2013-04-05,Daily Maverick,https://www.dailymaverick.co.za/article/2013-04-05-marikana-commission-zooms-in-on-phiyegas-changed-affidavit/,https://dailymaverick.co.za/article/2013-04-05-marikana-commission-zooms-in-on-phiyegas-changed-affidavit,861,b76316f09873c684f325a696365f32b4f1eb505d9ed4a9c0a60afd7e478ed0ff,valid_sha256,include_case_central,final_batch_03,review_batch_03_conservative_whole_queue_2026-08-23,retained_after_titlepair_review,DISC-MEDIA-0107,no_known_text_quality_exception,true
DISC-MEDIA-0574,title_trigger,Marikana Students To Qualify With Matric Certificate And Technical Diploma,marikana students to qualify with matric certificate and technical diploma,2013,2013-04-05,Engineering News,https://www.engineeringnews.co.za/article/marikana-students-to-qualify-with-matric-certificate-and-technical-diploma-2013-04-05,https://engineeringnews.co.za/article/marikana-students-to-qualify-with-matric-certificate-and-technical-diploma-2013-04-05,1017,97aea404fa85727044186ff46c9434c2a4425d64511f338a434ef89d3311b740,valid_sha256,include_lonmin_community_housing_response,final_batch_06,review_batch_06_explicit_source_checked_2026-08-23,retained_after_titlepair_review,DISC-MEDIA-0574,no_known_text_quality_exception,true
SEC-MEDIA-0004,secondary_keyword,The Numamcu Cold War Moves To Bargaining Councils,the numamcu cold war moves to bargaining councils,2013,2013-04-09,Daily Maverick,https://www.dailymaverick.co.za/article/2013-04-09-the-numamcu-cold-war-moves-to-bargaining-councils/,https://dailymaverick.co.za/article/2013-04-09-the-numamcu-cold-war-moves-to-bargaining-councils,1109,1ad98502f846ee3bae7aefbf8b33faa6d940336d48be662206ed9143b93045d3,valid_sha256,include_case_central,final_secondary_batch_01,secondary_batch_01_acquired_text_2026-08-23,retained_after_titlepair_review,SEC-MEDIA-0004,no_known_text_quality_exception,true
DISC-MEDIA-0108,title_trigger,In Pictures The Children Of Marikana,in pictures the children of marikana,2013,2013-04-12,Daily Maverick,https://www.dailymaverick.co.za/article/2013-04-12-in-pictures-the-children-of-marikana/,https://dailymaverick.co.za/article/2013-04-12-in-pictures-the-children-of-marikana,396,94637360e9ce42fc5d8d3825197e96105a9c3f02c768bfb141e27fcff668182e,valid_sha256,include_case_central,final_batch_03,review_batch_03_conservative_whole_queue_2026-08-23,retained_after_titlepair_review,DISC-MEDIA-0108,no_known_text_quality_exception,true
DISC-MEDIA-0109,title_trigger,Marikana Commission Continues As Does The Grilling Of Riah Phiyega,marikana commission continues as does the grilling of riah phiyega,2013,2013-04-17,Daily Maverick,https://www.dailymaverick.co.za/article/2013-04-17-marikana-commission-continues-as-does-the-grilling-of-riah-phiyega/,https://dailymaverick.co.za/article/2013-04-17-marikana-commission-continues-as-does-the-grilling-of-riah-phiyega,831,f4ad6cbb6237eff66e376b53bb5c90615da3bf8f03304759e3cd67facda06826,valid_sha256,include_case_central,final_batch_03,review_batch_03_conservative_whole_queue_2026-08-23,retained_after_titlepair_review,DISC-MEDIA-0109,no_known_text_quality_exception,true
DISC-MEDIA-0110,title_trigger,Marikana Commission Phiyega Not Sure Who Killed The Miners,marikana commission phiyega not sure who killed the miners,2013,2013-04-18,Daily Maverick,https://www.dailymaverick.co.za/article/2013-04-18-marikana-commission-phiyega-not-sure-who-killed-the-miners/,https://dailymaverick.co.za/article/2013-04-18-marikana-commission-phiyega-not-sure-who-killed-the-miners,812,56a86f7ad9fc0cfec707bb11d351bf135110d893cbe4a4ca0bc467802e95d529,valid_sha256,include_case_central,final_batch_03,review_batch_03_conservative_whole_queue_2026-08-23,retained_after_titlepair_review,DISC-MEDIA-0110,no_known_text_quality_exception,true
DISC-MEDIA-0111,title_trigger,Marikana Commission Another I Dont Know Marathon From Riah Phiyega,marikana commission another i dont know marathon from riah phiyega,2013,2013-04-19,Daily Maverick,https://www.dailymaverick.co.za/article/2013-04-19-marikana-commission-another-i-dont-know-marathon-from-riah-phiyega/,https://dailymaverick.co.za/article/2013-04-19-marikana-commission-another-i-dont-know-marathon-from-riah-phiyega,937,a3b383fb40d55066309b13b283bc8a316ecf4f51db23b5a1044d553685ec166d,valid_sha256,include_case_central,final_batch_03,review_batch_03_conservative_whole_queue_2026-08-23,retained_after_titlepair_review,DISC-MEDIA-0111,no_known_text_quality_exception,true
DISC-MEDIA-0327,title_trigger,Boston Exposes Saps Shortfall After Marikana,boston exposes saps shortfall after marikana,2013,2013-04-22,Daily Maverick,https://www.dailymaverick.co.za/opinionista/2013-04-22-boston-exposes-saps-shortfall-after-marikana/,https://dailymaverick.co.za/opinionista/2013-04-22-boston-exposes-saps-shortfall-after-marikana,1508,44dee77f457998d31d929c80c1203747000072bc71cdc7f2d885f0165063d068,valid_sha256,include_case_central,final_batch_03,review_batch_03_conservative_whole_queue_2026-08-23,retained_after_titlepair_review,DISC-MEDIA-0327,no_known_text_quality_exception,true
DISC-MEDIA-0575,title_trigger,Marikana Tradgedy Has Changed Industry Forever Consultancy,marikana tradgedy has changed industry forever consultancy,2013,2013-04-26,Engineering News,https://www.engineeringnews.co.za/article/marikana-tradgedy-has-changed-industry-forever-consultancy-2013-04-26,https://engineeringnews.co.za/article/marikana-tradgedy-has-changed-industry-forever-consultancy-2013-04-26,1158,193531472a5daa4f723673f958084a9297ad85091cdd4ced66f93853b935a3dc,valid_sha256,include_case_central,final_batch_05,review_batch_05_explicit_residual_2026-08-23,retained_after_titlepair_review,DISC-MEDIA-0575,no_known_text_quality_exception,true
DISC-MEDIA-0112,title_trigger,Police Boss Before Marikana Operation There Will Be Bloodshed,police boss before marikana operation there will be bloodshed,2013,2013-04-30,Daily Maverick,https://www.dailymaverick.co.za/article/2013-04-30-police-boss-before-marikana-operation-there-will-be-bloodshed/,https://dailymaverick.co.za/article/2013-04-30-police-boss-before-marikana-operation-there-will-be-bloodshed,1212,b1e14801db9e4daed451897db206b996efceb98e54eaefaa7f68c0cb93d2567b,valid_sha256,include_case_central,final_batch_03,review_batch_03_conservative_whole_queue_2026-08-23,retained_after_titlepair_review,DISC-MEDIA-0112,no_known_text_quality_exception,true
DISC-MEDIA-0113,title_trigger,Marikana Unfreedom Day Land Occupation Ends In Violent Workers Day Eviction,marikana unfreedom day land occupation ends in violent workers day eviction,2013,2013-05-02,Daily Maverick,https://www.dailymaverick.co.za/article/2013-05-02-marikana-unfreedom-day-land-occupation-ends-in-violent-workers-day-eviction/,https://dailymaverick.co.za/article/2013-05-02-marikana-unfreedom-day-land-occupation-ends-in-violent-workers-day-eviction,1696,156325d137a903cb171b4dd1844e7399c7927f7698a020ddef577027201bc232,valid_sha256,include_case_central,final_batch_03,review_batch_03_conservative_whole_queue_2026-08-23,retained_after_titlepair_review,DISC-MEDIA-0113,no_known_text_quality_exception,true
DISC-MEDIA-0114,title_trigger,Marikana Commission Annandale In The Hot Seat,marikana commission annandale in the hot seat,2013,2013-05-03,Daily Maverick,https://www.dailymaverick.co.za/article/2013-05-03-marikana-commission-annandale-in-the-hot-seat/,https://dailymaverick.co.za/article/2013-05-03-marikana-commission-annandale-in-the-hot-seat,745,98f495f16ab7ed5f96794329d0e09b4fdc72454693ea1384a45c5cd6ec18fc39,valid_sha256,include_case_central,final_batch_03,review_batch_03_conservative_whole_queue_2026-08-23,retained_after_titlepair_review,DISC-MEDIA-0114,no_known_text_quality_exception,true
DISC-MEDIA-0115,title_trigger,Marikana Commission Mpembe Threatened By Cops For Marikana Deaths,marikana commission mpembe threatened by cops for marikana deaths,2013,2013-05-07,Daily Maverick,https://www.dailymaverick.co.za/article/2013-05-07-marikana-commission-mpembe-threatened-by-cops-for-marikana-deaths/,https://dailymaverick.co.za/article/2013-05-07-marikana-commission-mpembe-threatened-by-cops-for-marikana-deaths,711,6be880cabbe16b6da98ac12d8c0d2500c9d25f3320e2e412e076081dc0d043bf,valid_sha256,include_case_central,final_batch_03,review_batch_03_conservative_whole_queue_2026-08-23,retained_after_titlepair_review,DISC-MEDIA-0115,no_known_text_quality_exception,true
DISC-MEDIA-0116,title_trigger,Marikana Commission The Death Toll Mounts,marikana commission the death toll mounts,2013,2013-05-08,Daily Maverick,https://www.dailymaverick.co.za/article/2013-05-08-marikana-commission-the-death-toll-mounts/,https://dailymaverick.co.za/article/2013-05-08-marikana-commission-the-death-toll-mounts,822,0b30bd562128042cda954efc8fef9bae64853a171cf5f3e7f04c86df20f6ff8a,valid_sha256,include_case_central,final_batch_03,review_batch_03_conservative_whole_queue_2026-08-23,retained_after_titlepair_review,DISC-MEDIA-0116,no_known_text_quality_exception,true
SEC-MEDIA-0241,secondary_keyword,Amcu To Submit Labour Demands Directly To Companies,amcu to submit labour demands directly to companies,2013,2013-05-09,Engineering News,https://www.engineeringnews.co.za/article/amcu-to-submit-labour-demands-directly-to-companies-2013-05-09,https://engineeringnews.co.za/article/amcu-to-submit-labour-demands-directly-to-companies-2013-05-09,1045,6ea6ffc1fe65aa476471e19e455846e196ec29dbf69b2ede9f0fc8734a7bfc0f,valid_sha256,include_lonmin_marikana_labour_governance,final_secondary_batch_01,secondary_batch_01_acquired_text_2026-08-23,retained_after_titlepair_review,SEC-MEDIA-0241,no_known_text_quality_exception,true
DISC-MEDIA-0530,title_trigger,Lonmin Welcomes Amcus Referral Of Union Negotiations To Ccma,lonmin welcomes amcus referral of union negotiations to ccma,2013,2013-05-09,Engineering News,https://www.engineeringnews.co.za/article/lonmin-welcomes-amcus-referral-of-union-negotiations-to-ccma-2013-05-09,https://engineeringnews.co.za/article/lonmin-welcomes-amcus-referral-of-union-negotiations-to-ccma-2013-05-09,498,d910ba2dfb3c73d6f4c8d6780abba664e0abe052eb4a0abc1732d34d8e0b7c5a,valid_sha256,include_case_central,final_batch_02,review_batch_02_explicit_id_review_2026-08-23,retained_after_titlepair_review,DISC-MEDIA-0530,no_known_text_quality_exception,true
DISC-MEDIA-0481,title_trigger,Lonmin Raises Full Year Output Guidance To 700 000 Oz,lonmin raises full year output guidance to 700 000 oz,2013,2013-05-13,Engineering News,https://www.engineeringnews.co.za/article/lonmin-raises-full-year-output-guidance-to-700-000-oz-2013-05-13,https://engineeringnews.co.za/article/lonmin-raises-full-year-output-guidance-to-700-000-oz-2013-05-13,1268,d20105753bba5502ae00484923983170fd45b49160b43b2bacd03d040ea93551,valid_sha256,include_case_central,final_batch_03,review_batch_03_conservative_whole_queue_2026-08-23,retained_after_titlepair_review,DISC-MEDIA-0481,no_known_text_quality_exception,true
DISC-MEDIA-0117,title_trigger,Marikana Fear And Terror At The Unions Battlefield,marikana fear and terror at the unions battlefield,2013,2013-05-14,Daily Maverick,https://www.dailymaverick.co.za/article/2013-05-14-marikana-fear-and-terror-at-the-unions-battlefield/,https://dailymaverick.co.za/article/2013-05-14-marikana-fear-and-terror-at-the-unions-battlefield,2474,72eb84e60bcdc69f2a36e832f7cee4a793c62e00cea189c2ea1c74f01c7e6222,valid_sha256,include_case_central,final_batch_03,review_batch_03_conservative_whole_queue_2026-08-23,retained_after_titlepair_review,DISC-MEDIA-0117,no_known_text_quality_exception,true
SEC-MEDIA-0005,secondary_keyword,Negotiating Season Amcus Headache Mathunjwas Migraine,negotiating season amcus headache mathunjwas migraine,2013,2013-05-14,Daily Maverick,https://www.dailymaverick.co.za/article/2013-05-14-negotiating-season-amcus-headache-mathunjwas-migraine/,https://dailymaverick.co.za/article/2013-05-14-negotiating-season-amcus-headache-mathunjwas-migraine,1281,0c658ab76a08d742469b0abebee453e87bbe214a0138a26101ac017b06ba4a1a,valid_sha256,include_case_central,final_secondary_batch_01,secondary_batch_01_acquired_text_2026-08-23,retained_after_titlepair_review,SEC-MEDIA-0005,no_known_text_quality_exception,true
DISC-MEDIA-0328,title_trigger,Marikana A Downward Spiral,marikana a downward spiral,2013,2013-05-14,Daily Maverick,https://www.dailymaverick.co.za/opinionista/2013-05-14-marikana-a-downward-spiral/,https://dailymaverick.co.za/opinionista/2013-05-14-marikana-a-downward-spiral,1214,e101b57b9fb86e8c7e2e371059488768ad2288cc4a8aff099dcd22b38363a6ab,valid_sha256,include_case_central,final_batch_03,review_batch_03_conservative_whole_queue_2026-08-23,retained_after_titlepair_review,DISC-MEDIA-0328,no_known_text_quality_exception,true
DISC-MEDIA-0440,title_trigger,Lonmin Confirms Work Stoppage Across Shafts,lonmin confirms work stoppage across shafts,2013,2013-05-14,Engineering News,https://www.engineeringnews.co.za/article/lonmin-confirms-work-stoppage-across-shafts-2013-05-14,https://engineeringnews.co.za/article/lonmin-confirms-work-stoppage-across-shafts-2013-05-14,570,5e9fa54401f2ac41a5046b1c32a021c7441685de64342985fc28be33b6fd5abb,valid_sha256,include_case_central,final_batch_02,review_batch_02_explicit_id_review_2026-08-23,retained_after_titlepair_review,DISC-MEDIA-0440,no_known_text_quality_exception,true
DISC-MEDIA-0687,title_trigger,Workers At Lonmin Operations On Wildcat Strike,workers at lonmin operations on wildcat strike,2013,2013-05-14,Engineering News,https://www.engineeringnews.co.za/article/workers-at-lonmin-operations-on-wildcat-strike-2013-05-14,https://engineeringnews.co.za/article/workers-at-lonmin-operations-on-wildcat-strike-2013-05-14,347,da8c045c7bae325702d6ec5bd4b58726feda2634060c2101ee484352925b6b09,valid_sha256,include_case_central,final_batch_02,review_batch_02_explicit_id_review_2026-08-23,retained_after_titlepair_review,DISC-MEDIA-0687,no_known_text_quality_exception,true
DISC-MEDIA-0540,title_trigger,Lonmins Strike Ends Amplats Braced For Trouble,lonmins strike ends amplats braced for trouble,2013,2013-05-16,Engineering News,https://www.engineeringnews.co.za/article/lonmins-strike-ends-amplats-braced-for-trouble-2013-05-16,https://engineeringnews.co.za/article/lonmins-strike-ends-amplats-braced-for-trouble-2013-05-16,585,dc8b4180da6fb4f2654eb93ff72e3544e31de0fa6950f13218fa8651fd7614dd,valid_sha256,include_case_central,final_batch_02,review_batch_02_explicit_id_review_2026-08-23,retained_after_titlepair_review,DISC-MEDIA-0540,no_known_text_quality_exception,true
DISC-MEDIA-0584,title_trigger,Ministers To Visit Marikana,ministers to visit marikana,2013,2013-05-16,Engineering News,https://www.engineeringnews.co.za/article/ministers-to-visit-marikana-2013-05-16,https://engineeringnews.co.za/article/ministers-to-visit-marikana-2013-05-16,639,d77b607c8e56b190d854ca8dc8c983f048324af58078959920547d615f4c4ba9,valid_sha256,include_case_central,final_batch_03,review_batch_03_conservative_whole_queue_2026-08-23,retained_after_titlepair_review,DISC-MEDIA-0584,no_known_text_quality_exception,true
SEC-MEDIA-0233,secondary_keyword,Amcu Threatens To Bring South Africa To Standstill,amcu threatens to bring south africa to standstill,2013,2013-05-17,Engineering News,https://www.engineeringnews.co.za/article/amcu-threatens-to-bring-south-africa-to-standstill-2013-05-17,https://engineeringnews.co.za/article/amcu-threatens-to-bring-south-africa-to-standstill-2013-05-17,938,22e0fa15b05575dfd68c50712663af3ceb4e54d2c478a37a3d910e61d9931b7e,valid_sha256,include_case_central,final_secondary_batch_01,secondary_batch_01_acquired_text_2026-08-23,retained_after_titlepair_review,SEC-MEDIA-0233,no_known_text_quality_exception,true
DISC-MEDIA-0416,title_trigger,Lonmin Accelerates Union Recognition Process To Ease Marikana Tensions,lonmin accelerates union recognition process to ease marikana tensions,2013,2013-05-17,Engineering News,https://www.engineeringnews.co.za/article/lonmin-accelerates-union-recognition-process-to-ease-marikana-tensions-2013-05-17,https://engineeringnews.co.za/article/lonmin-accelerates-union-recognition-process-to-ease-marikana-tensions-2013-05-17,585,d455bf5a260bba4f231a999fd44580c03e6bedeea90c8ae27216bf82a75a300d,valid_sha256,include_case_central,final_batch_03,review_batch_03_conservative_whole_queue_2026-08-23,retained_after_titlepair_review,DISC-MEDIA-0416,no_known_text_quality_exception,true
DISC-MEDIA-0329,title_trigger,Welcome To Marikana Cape Town,welcome to marikana cape town,2013,2013-05-22,Daily Maverick,https://www.dailymaverick.co.za/opinionista/2013-05-22-welcome-to-marikana-cape-town/,https://dailymaverick.co.za/opinionista/2013-05-22-welcome-to-marikana-cape-town,1224,2c2f0aa839a7ccda08b70c77e84ffb50b2716d8520f3e9a840acc1abdcef1e03,valid_sha256,include_case_central,final_batch_03,review_batch_03_conservative_whole_queue_2026-08-23,retained_after_titlepair_review,DISC-MEDIA-0329,no_known_text_quality_exception,true
DISC-MEDIA-0420,title_trigger,Lonmin Amcu Fail To Reach Agreement On Union Recognition,lonmin amcu fail to reach agreement on union recognition,2013,2013-05-22,Engineering News,https://www.engineeringnews.co.za/article/lonmin-amcu-fail-to-reach-agreement-on-union-recognition-2013-05-22,https://engineeringnews.co.za/article/lonmin-amcu-fail-to-reach-agreement-on-union-recognition-2013-05-22,569,f624711301a02c99bb8ca9d9d25195a415277fe8e2dca035b1b94abf2f997e67,valid_sha256,include_case_central,final_batch_02,review_batch_02_explicit_id_review_2026-08-23,retained_after_titlepair_review,DISC-MEDIA-0420,no_known_text_quality_exception,true
DISC-MEDIA-0367,title_trigger,Amcu Lonmin Talks Reach Deadlock Formal Arbitration To Start,amcu lonmin talks reach deadlock formal arbitration to start,2013,2013-05-23,Engineering News,https://www.engineeringnews.co.za/article/amcu-lonmin-talks-reach-deadlock-formal-arbitration-to-start-2013-05-23,https://engineeringnews.co.za/article/amcu-lonmin-talks-reach-deadlock-formal-arbitration-to-start-2013-05-23,538,2cfd9f9de83584d3bcaacc0dc3f30c4291e8538c7c334e371787497e0491c107,valid_sha256,include_case_central,final_batch_02,review_batch_02_explicit_id_review_2026-08-23,retained_after_titlepair_review,DISC-MEDIA-0367,no_known_text_quality_exception,true
DISC-MEDIA-0591,title_trigger,Num Has Until July To Regain Majority At Lonmin,num has until july to regain majority at lonmin,2013,2013-05-29,Engineering News,https://www.engineeringnews.co.za/article/num-has-until-july-to-regain-majority-at-lonmin-2013-05-29,https://engineeringnews.co.za/article/num-has-until-july-to-regain-majority-at-lonmin-2013-05-29,600,a37c4909e77b4d0e21a0e4ce128842e3a389305bfd6100c3637dbf68f097b7c4,valid_sha256,include_case_central,final_batch_02,review_batch_02_explicit_id_review_2026-08-23,retained_after_titlepair_review,DISC-MEDIA-0591,no_known_text_quality_exception,true
DISC-MEDIA-0592,title_trigger,Num Member Gunned Down At Lonmin Hostel,num member gunned down at lonmin hostel,2013,2013-06-03,Engineering News,https://www.engineeringnews.co.za/article/num-member-gunned-down-at-lonmin-hostel-2013-06-03,https://engineeringnews.co.za/article/num-member-gunned-down-at-lonmin-hostel-2013-06-03,616,cae0ab0f706a29c799b2d52227b82dc7b35889a88bcb72f9243327b2cef93464,valid_sha256,include_case_central,final_batch_03,review_batch_03_conservative_whole_queue_2026-08-23,retained_after_titlepair_review,DISC-MEDIA-0592,no_known_text_quality_exception,true
DISC-MEDIA-0119,title_trigger,Num Amcu Marikana Tis The Season To Be Bloody,num amcu marikana tis the season to be bloody,2013,2013-06-04,Daily Maverick,https://www.dailymaverick.co.za/article/2013-06-04-num-amcu-marikana-tis-the-season-to-be-bloody/,https://dailymaverick.co.za/article/2013-06-04-num-amcu-marikana-tis-the-season-to-be-bloody,1785,786cfae03dc136e65453a81104e7adc845bb226eb839a3a10abf83e03a719f29,valid_sha256,include_case_central,final_batch_03,review_batch_03_conservative_whole_queue_2026-08-23,retained_after_titlepair_review,DISC-MEDIA-0119,no_known_text_quality_exception,true
DISC-MEDIA-0371,title_trigger,Amcu Threatens To Strike At Lonmin Operations,amcu threatens to strike at lonmin operations,2013,2013-06-06,Engineering News,https://www.engineeringnews.co.za/article/amcu-threatens-to-strike-at-lonmin-operations-2013-06-06,https://engineeringnews.co.za/article/amcu-threatens-to-strike-at-lonmin-operations-2013-06-06,604,1f53422de2bba37da8d1e9bb59183e6f09c208f328f4f5ac6e95e441ea3e5af1,valid_sha256,include_case_central,final_batch_02,review_batch_02_explicit_id_review_2026-08-23,retained_after_titlepair_review,DISC-MEDIA-0371,no_known_text_quality_exception,true
DISC-MEDIA-0120,title_trigger,Back To Square One Another Lonmin Strike Looms,back to square one another lonmin strike looms,2013,2013-06-07,Daily Maverick,https://www.dailymaverick.co.za/article/2013-06-07-back-to-square-one-another-lonmin-strike-looms/,https://dailymaverick.co.za/article/2013-06-07-back-to-square-one-another-lonmin-strike-looms,1137,194f1209643d98da05f6762e6b14d9f3334039eeebf4422514b8d4814b59879a,valid_sha256,include_case_central,final_batch_03,review_batch_03_conservative_whole_queue_2026-08-23,retained_after_titlepair_review,DISC-MEDIA-0120,no_known_text_quality_exception,true
SEC-MEDIA-0190,secondary_keyword,Amcu Postpones Strike Action Pending Meeting With Motlanthe,amcu postpones strike action pending meeting with motlanthe,2013,2013-06-13,Engineering News,https://www.engineeringnews.co.za/article/amcu-postpones-strike-action-pending-meeting-with-motlanthe-2013-06-13,https://engineeringnews.co.za/article/amcu-postpones-strike-action-pending-meeting-with-motlanthe-2013-06-13,1044,60c6dde586aa124b1db6dd6ea6255c8c9c7dc2f727f084c3cc3203dcdb43c1d6,valid_sha256,include_lonmin_marikana_labour_governance,final_secondary_batch_01,secondary_batch_01_acquired_text_2026-08-23,retained_after_titlepair_review,SEC-MEDIA-0190,no_known_text_quality_exception,true
DISC-MEDIA-0121,title_trigger,The Other Marikana,the other marikana,2013,2013-06-21,Daily Maverick,https://www.dailymaverick.co.za/article/2013-06-21-the-other-marikana/,https://dailymaverick.co.za/article/2013-06-21-the-other-marikana,769,0777692ef9df892c4a980e76404db72683cb2f6658eac53b608a984c5ea7b313,valid_sha256,include_case_central,final_batch_03,review_batch_03_conservative_whole_queue_2026-08-23,retained_after_titlepair_review,DISC-MEDIA-0121,no_known_text_quality_exception,true
DISC-MEDIA-0366,title_trigger,Amcu Lonmin Find Strike Averting Meeting Point Deputy President,amcu lonmin find strike averting meeting point deputy president,2013,2013-06-21,Engineering News,https://www.engineeringnews.co.za/article/amcu-lonmin-find-strike-averting-meeting-point-deputy-president-2013-06-21,https://engineeringnews.co.za/article/amcu-lonmin-find-strike-averting-meeting-point-deputy-president-2013-06-21,1132,25a355b8a61344e281e8d3b5221bbc4f595f13807addceff30997eb6ed86e979,valid_sha256,include_case_central,final_batch_02,review_batch_02_explicit_id_review_2026-08-23,retained_after_titlepair_review,DISC-MEDIA-0366,no_known_text_quality_exception,true
SEC-MEDIA-0184,secondary_keyword,Amcu Outdoes Num Demands 150 Pay Rise For Entry Level Gold Miners,amcu outdoes num demands 150 pay rise for entry level gold miners,2013,2013-06-25,Engineering News,https://www.engineeringnews.co.za/article/amcu-outdoes-num-demands-150-pay-rise-for-entry-level-gold-miners-2013-06-25,https://engineeringnews.co.za/article/amcu-outdoes-num-demands-150-pay-rise-for-entry-level-gold-miners-2013-06-25,1356,a4444295e8b25dad35a61bff11f2da44c1e2d0071715608ed5bf7e28462aaa9c,valid_sha256,include_lonmin_marikana_labour_governance,final_secondary_batch_02,secondary_batch_02_temporal_labour_review_2026-08-23,retained_after_titlepair_review,SEC-MEDIA-0184,no_known_text_quality_exception,true
DISC-MEDIA-0495,title_trigger,Lonmin Says Amcu Arbitration Postponed Until July,lonmin says amcu arbitration postponed until july,2013,2013-06-26,Engineering News,https://www.engineeringnews.co.za/article/lonmin-says-amcu-arbitration-postponed-until-july-2013-06-26,https://engineeringnews.co.za/article/lonmin-says-amcu-arbitration-postponed-until-july-2013-06-26,463,3fc617ddd47d70e9f56edc542af10bd40eea1e6eccc0ea9ba2648dbcafa79c74,valid_sha256,include_case_central,final_batch_02,review_batch_02_explicit_id_review_2026-08-23,retained_after_titlepair_review,DISC-MEDIA-0495,no_known_text_quality_exception,true
SEC-MEDIA-0007,secondary_keyword,Agreement For A Sustainable Mining Industry Amcu Needs More Time,agreement for a sustainable mining industry amcu needs more time,2013,2013-07-04,Daily Maverick,https://www.dailymaverick.co.za/article/2013-07-04-agreement-for-a-sustainable-mining-industry-amcu-needs-more-time/,https://dailymaverick.co.za/article/2013-07-04-agreement-for-a-sustainable-mining-industry-amcu-needs-more-time,1053,b100cf746a40cddf01af16dc4fa9ea310d0b7fc3e40fe68d8cc7af004dc89faf,valid_sha256,include_case_central,final_secondary_batch_01,secondary_batch_01_acquired_text_2026-08-23,retained_after_titlepair_review,SEC-MEDIA-0007,no_known_text_quality_exception,true
SEC-MEDIA-0185,secondary_keyword,Amcu Outdoes Num Demands 150 Pay Rise For Entry Level Gold Miners,amcu outdoes num demands 150 pay rise for entry level gold miners,2013,2013-07-05,Engineering News,https://www.engineeringnews.co.za/article/amcu-outdoes-num-demands-150-pay-rise-for-entry-level-gold-miners-2013-07-05,https://engineeringnews.co.za/article/amcu-outdoes-num-demands-150-pay-rise-for-entry-level-gold-miners-2013-07-05,1364,ed5de97bd35df840ba3060a9999b9387eda3e36ad778bfc5213911037336c621,valid_sha256,include_lonmin_marikana_labour_governance,final_secondary_batch_02,secondary_batch_02_temporal_labour_review_2026-08-23,redundant_republication,SEC-MEDIA-0184,no_known_text_quality_exception,false
DISC-MEDIA-0497,title_trigger,Lonmin Says Num Brings Court Application Date Set For July 10,lonmin says num brings court application date set for july 10,2013,2013-07-08,Engineering News,https://www.engineeringnews.co.za/article/lonmin-says-num-brings-court-application-date-set-for-july-10-2013-07-08,https://engineeringnews.co.za/article/lonmin-says-num-brings-court-application-date-set-for-july-10-2013-07-08,709,f34237765166096f547fbc2636d80a3d4473cfc049a10f751ca1ca54c9e2daca,valid_sha256,include_case_central,final_batch_03,review_batch_03_conservative_whole_queue_2026-08-23,retained_after_titlepair_review,DISC-MEDIA-0497,no_known_text_quality_exception,true
DISC-MEDIA-0596,title_trigger,Num Wants Members At Lonmin Back,num wants members at lonmin back,2013,2013-07-11,Engineering News,https://www.engineeringnews.co.za/article/num-wants-members-at-lonmin-back-2013-07-11,https://engineeringnews.co.za/article/num-wants-members-at-lonmin-back-2013-07-11,501,d404a4c9e124e1d3b0d69844cd268bf57dd2208377ac051fd85bcf3e79f1e603,valid_sha256,include_case_central,final_batch_03,review_batch_03_conservative_whole_queue_2026-08-23,retained_after_titlepair_review,DISC-MEDIA-0596,no_known_text_quality_exception,true
DISC-MEDIA-0122,title_trigger,As Farlam Returns The Truth About The Massacre Remains A Distant Perhaps Impossible Goal,as farlam returns the truth about the massacre remains a distant perhaps impossible goal,2013,2013-07-12,Daily Maverick,https://www.dailymaverick.co.za/article/2013-07-12-as-farlam-returns-the-truth-about-the-massacre-remains-a-distant-perhaps-impossible-goal/,https://dailymaverick.co.za/article/2013-07-12-as-farlam-returns-the-truth-about-the-massacre-remains-a-distant-perhaps-impossible-goal,2169,31c67ed8a880e341120e060f82f33bd17d299e965427be10663d2fe4624f8d89,valid_sha256,include_case_central,final_batch_03,review_batch_03_conservative_whole_queue_2026-08-23,retained_after_titlepair_review,DISC-MEDIA-0122,no_known_text_quality_exception,true
DISC-MEDIA-0123,title_trigger,The Truth Endangered Miners Representatives Withdraw From Farlam Commission,the truth endangered miners representatives withdraw from farlam commission,2013,2013-07-18,Daily Maverick,https://www.dailymaverick.co.za/article/2013-07-18-the-truth-endangered-miners-representatives-withdraw-from-farlam-commission/,https://dailymaverick.co.za/article/2013-07-18-the-truth-endangered-miners-representatives-withdraw-from-farlam-commission,997,7b9348cba07ceb70efe4f49e891c9078a747b03636f0236b9930bce1d05e108a,valid_sha256,include_case_central,final_batch_03,review_batch_03_conservative_whole_queue_2026-08-23,retained_after_titlepair_review,DISC-MEDIA-0123,no_known_text_quality_exception,true
DISC-MEDIA-0124,title_trigger,The Issue Of Marikana Commission Funding Could Go To Constitutional Court,the issue of marikana commission funding could go to constitutional court,2013,2013-07-19,Daily Maverick,https://www.dailymaverick.co.za/article/2013-07-19-the-issue-of-marikana-commission-funding-could-go-to-constitutional-court/,https://dailymaverick.co.za/article/2013-07-19-the-issue-of-marikana-commission-funding-could-go-to-constitutional-court,490,fc56f447cba2c5a9169421eb32b173f9110da32d90067871c84de5ae408cd031,valid_sha256,include_case_central,final_batch_03,review_batch_03_conservative_whole_queue_2026-08-23,retained_after_titlepair_review,DISC-MEDIA-0124,no_known_text_quality_exception,true
DISC-MEDIA-0330,title_trigger,Marikana Commission More Questions Than Answers,marikana commission more questions than answers,2013,2013-08-01,Daily Maverick,https://www.dailymaverick.co.za/opinionista/2013-08-01-marikana-commission-more-questions-than-answers/,https://dailymaverick.co.za/opinionista/2013-08-01-marikana-commission-more-questions-than-answers,1136,8d33003ea71506852ff959dab056cfaea93fa1b0b509e8756b5111b86cc96c90,valid_sha256,include_case_central,final_batch_03,review_batch_03_conservative_whole_queue_2026-08-23,retained_after_titlepair_review,DISC-MEDIA-0330,no_known_text_quality_exception,true
DISC-MEDIA-0125,title_trigger,Another Week Another Murder In Marikana,another week another murder in marikana,2013,2013-08-13,Daily Maverick,https://www.dailymaverick.co.za/article/2013-08-13-another-week-another-murder-in-marikana/,https://dailymaverick.co.za/article/2013-08-13-another-week-another-murder-in-marikana,512,5023a43df81d6354503c3a1047e06cb9d17d2860955937893d852b5d78786e42,valid_sha256,include_case_central,final_batch_03,review_batch_03_conservative_whole_queue_2026-08-23,retained_after_titlepair_review,DISC-MEDIA-0125,no_known_text_quality_exception,true
DISC-MEDIA-0656,title_trigger,Slain Marikana Workers To Be Remembered,slain marikana workers to be remembered,2013,2013-08-13,Engineering News,https://www.engineeringnews.co.za/article/slain-marikana-workers-to-be-remembered-2013-08-13,https://engineeringnews.co.za/article/slain-marikana-workers-to-be-remembered-2013-08-13,840,4e69553c50d5aebbe2143f6f911833ffe51800b29c392bdf205e7abced504227,valid_sha256,include_case_central,final_batch_03,review_batch_03_conservative_whole_queue_2026-08-23,retained_after_titlepair_review,DISC-MEDIA-0656,no_known_text_quality_exception,true
DISC-MEDIA-0126,title_trigger,Marikana Prepares To Honour The Fallen,marikana prepares to honour the fallen,2013,2013-08-14,Daily Maverick,https://www.dailymaverick.co.za/article/2013-08-14-marikana-prepares-to-honour-the-fallen/,https://dailymaverick.co.za/article/2013-08-14-marikana-prepares-to-honour-the-fallen,1058,372ccf8c57ad7c0f6cce18776b04d470428fab8cb3ff9f382084790a829f4970,valid_sha256,include_case_central,final_batch_03,review_batch_03_conservative_whole_queue_2026-08-23,retained_after_titlepair_review,DISC-MEDIA-0126,no_known_text_quality_exception,true
DISC-MEDIA-0514,title_trigger,Lonmin To Derecognise Smaller Unions In Favour Of Amcu,lonmin to derecognise smaller unions in favour of amcu,2013,2013-08-14,Engineering News,https://www.engineeringnews.co.za/article/lonmin-to-derecognise-smaller-unions-in-favour-of-amcu-2013-08-14,https://engineeringnews.co.za/article/lonmin-to-derecognise-smaller-unions-in-favour-of-amcu-2013-08-14,732,1cf4a827ead5f48a877c8a05883fde5ec661dd5d49be75bfcb8477e55937e97f,valid_sha256,include_case_central,final_batch_03,review_batch_03_conservative_whole_queue_2026-08-23,retained_after_titlepair_review,DISC-MEDIA-0514,no_known_text_quality_exception,true
DISC-MEDIA-0331,title_trigger,2014 The Marikana Vote,2014 the marikana vote,2013,2013-08-15,Daily Maverick,https://www.dailymaverick.co.za/opinionista/2013-08-15-2014-the-marikana-vote/,https://dailymaverick.co.za/opinionista/2013-08-15-2014-the-marikana-vote,1045,77664bf8b1b520179f48f7ef644378303c042d5eba030bdd369002210521de19,valid_sha256,include_case_central,final_batch_03,review_batch_03_conservative_whole_queue_2026-08-23,retained_after_titlepair_review,DISC-MEDIA-0331,no_known_text_quality_exception,true
DISC-MEDIA-0127,title_trigger,Images Of Marikana August 16 2013,images of marikana august 16 2013,2013,2013-08-16,Daily Maverick,https://www.dailymaverick.co.za/article/2013-08-16-images-of-marikana-august-16-2013/,https://dailymaverick.co.za/article/2013-08-16-images-of-marikana-august-16-2013,424,3ae894ca4b995addcfd94748fb82bc97b48b939411282c651be158af1e1663d4,valid_sha256,include_case_central,final_batch_03,review_batch_03_conservative_whole_queue_2026-08-23,retained_after_titlepair_review,DISC-MEDIA-0127,no_known_text_quality_exception,true
DISC-MEDIA-0128,title_trigger,Marikana The Lives Of Others,marikana the lives of others,2013,2013-08-16,Daily Maverick,https://www.dailymaverick.co.za/article/2013-08-16-marikana-the-lives-of-others/,https://dailymaverick.co.za/article/2013-08-16-marikana-the-lives-of-others,1170,a493fbdc4ced0353c508d7939c8ef30cf17b5d6aff6aa3e6bfdc7da9c3029b5d,valid_sha256,include_case_central,final_batch_03,review_batch_03_conservative_whole_queue_2026-08-23,retained_after_titlepair_review,DISC-MEDIA-0128,no_known_text_quality_exception,true
DISC-MEDIA-0129,title_trigger,Marikana To Anc We Dont Want You Anyway,marikana to anc we dont want you anyway,2013,2013-08-16,Daily Maverick,https://www.dailymaverick.co.za/article/2013-08-16-marikana-to-anc-we-dont-want-you-anyway/,https://dailymaverick.co.za/article/2013-08-16-marikana-to-anc-we-dont-want-you-anyway,826,7347729eff71745f0566345a8c999f646e92ede191eab063580fed4f21aff184,valid_sha256,include_case_central,final_batch_03,review_batch_03_conservative_whole_queue_2026-08-23,retained_after_titlepair_review,DISC-MEDIA-0129,no_known_text_quality_exception,true
SEC-MEDIA-0321,secondary_keyword,Economy Failed Miners Says Amcus Mathunjwa,economy failed miners says amcus mathunjwa,2013,2013-08-16,Engineering News,https://www.engineeringnews.co.za/article/economy-failed-miners-says-amcus-mathunjwa-2013-08-16,https://engineeringnews.co.za/article/economy-failed-miners-says-amcus-mathunjwa-2013-08-16,616,39425ea6cc774581ebf556be728dcb7d31b0fe865ed0f06fe5eb1900b5256f89,valid_sha256,include_case_central,final_secondary_batch_01,secondary_batch_01_acquired_text_2026-08-23,retained_after_titlepair_review,SEC-MEDIA-0321,no_known_text_quality_exception,true
DISC-MEDIA-0686,title_trigger,Why Have The Police Learned Nothing From Marikana,why have the police learned nothing from marikana,2013,2013-08-16,Engineering News,https://www.engineeringnews.co.za/article/why-have-the-police-learned-nothing-from-marikana-2013-08-16,https://engineeringnews.co.za/article/why-have-the-police-learned-nothing-from-marikana-2013-08-16,292,6c1bdb39f06fd663acc15148e43c20fd924d2cbcae49d1ba99c86b56cfa3e15c,suspected_extraction_hash_collision,include_case_central,final_batch_04,review_batch_04_source_specific_2026-08-23,retained_after_titlepair_review,DISC-MEDIA-0686,persistent_extraction_hash_collision,false
DISC-MEDIA-0130,title_trigger,Marikana Healing Sans Government The Anc Or Num,marikana healing sans government the anc or num,2013,2013-08-19,Daily Maverick,https://www.dailymaverick.co.za/article/2013-08-19-marikana-healing-sans-government-the-anc-or-num/,https://dailymaverick.co.za/article/2013-08-19-marikana-healing-sans-government-the-anc-or-num,1073,32676e75bb73541cd6a068442d438db9f5f06651567c3ded740df496e6ca3ab1,valid_sha256,include_case_central,final_batch_03,review_batch_03_conservative_whole_queue_2026-08-23,retained_after_titlepair_review,DISC-MEDIA-0130,no_known_text_quality_exception,true
DISC-MEDIA-0658,title_trigger,Solidarity Gears Up For Lonmin Strike,solidarity gears up for lonmin strike,2013,2013-08-19,Engineering News,https://www.engineeringnews.co.za/article/solidarity-gears-up-for-lonmin-strike-2013-08-19,https://engineeringnews.co.za/article/solidarity-gears-up-for-lonmin-strike-2013-08-19,603,1b88cc2f5e445540a24832008eb395a200480a3317463ff354f83dcd0786ca9b,valid_sha256,include_case_central,final_batch_04,review_batch_04_source_specific_2026-08-23,retained_after_titlepair_review,DISC-MEDIA-0658,no_known_text_quality_exception,true
DISC-MEDIA-0131,title_trigger,When Theatre Met The Marikana Massacre,when theatre met the marikana massacre,2013,2013-08-21,Daily Maverick,https://www.dailymaverick.co.za/article/2013-08-21-when-theatre-met-the-marikana-massacre/,https://dailymaverick.co.za/article/2013-08-21-when-theatre-met-the-marikana-massacre,978,1b985c2afc4ca49e07f9fadf0f8504833e8c5be20fd7078c9b6eaec88bd662fe,valid_sha256,include_case_central,final_batch_03,review_batch_03_conservative_whole_queue_2026-08-23,retained_after_titlepair_review,DISC-MEDIA-0131,no_known_text_quality_exception,true
DISC-MEDIA-0332,title_trigger,Is There Hope For The Marikana Commission,is there hope for the marikana commission,2013,2013-08-23,Daily Maverick,https://www.dailymaverick.co.za/opinionista/2013-08-23-is-there-hope-for-the-marikana-commission/,https://dailymaverick.co.za/opinionista/2013-08-23-is-there-hope-for-the-marikana-commission,1257,43641831bd9d310d53e37c986022f2bdd6231a9989866be65ea6cb3329931f69,valid_sha256,include_case_central,final_batch_03,review_batch_03_conservative_whole_queue_2026-08-23,retained_after_titlepair_review,DISC-MEDIA-0332,no_known_text_quality_exception,true
DISC-MEDIA-0679,title_trigger,Union Puts Chamber On Spot Over Alleged Lonmin Breach,union puts chamber on spot over alleged lonmin breach,2013,2013-08-26,Engineering News,https://www.engineeringnews.co.za/article/union-puts-chamber-on-spot-over-alleged-lonmin-breach-2013-08-26,https://engineeringnews.co.za/article/union-puts-chamber-on-spot-over-alleged-lonmin-breach-2013-08-26,1379,bb5e22137754d5669e142c5ee06507f6ba95eab31c2201387514e63314cebaf5,valid_sha256,include_case_central,final_batch_03,review_batch_03_conservative_whole_queue_2026-08-23,retained_after_titlepair_review,DISC-MEDIA-0679,no_known_text_quality_exception,true
DISC-MEDIA-0132,title_trigger,Citizens4Marikana Crowdfunding For Miners Legal Fees,citizens4marikana crowdfunding for miners legal fees,2013,2013-08-28,Daily Maverick,https://www.dailymaverick.co.za/article/2013-08-28-citizens4marikana-crowdfunding-for-miners-legal-fees/,https://dailymaverick.co.za/article/2013-08-28-citizens4marikana-crowdfunding-for-miners-legal-fees,1525,ee3bea1564a299f174f65178246823af320605cfaca34f343b210b1ee623b4ed,valid_sha256,include_case_central,final_batch_03,review_batch_03_conservative_whole_queue_2026-08-23,retained_after_titlepair_review,DISC-MEDIA-0132,no_known_text_quality_exception,true
DISC-MEDIA-0333,title_trigger,The Marikana Commission Funding Farce An Injustice To Citizens,the marikana commission funding farce an injustice to citizens,2013,2013-08-30,Daily Maverick,https://www.dailymaverick.co.za/opinionista/2013-08-30-the-marikana-commission-funding-farce-an-injustice-to-citizens/,https://dailymaverick.co.za/opinionista/2013-08-30-the-marikana-commission-funding-farce-an-injustice-to-citizens,769,2c38e2bb9d3641a871cd0a391706ff511ea0cb2796af8e47e7cc1cd204bcdcbe,valid_sha256,include_case_central,final_batch_03,review_batch_03_conservative_whole_queue_2026-08-23,retained_after_titlepair_review,DISC-MEDIA-0333,no_known_text_quality_exception,true
DISC-MEDIA-0625,title_trigger,Sa Mining Challenges About Far More Than Marikana Migrant Labour Manuel,sa mining challenges about far more than marikana migrant labour manuel,2013,2013-08-30,Engineering News,https://www.engineeringnews.co.za/article/sa-mining-challenges-about-far-more-than-marikana-migrant-labour-manuel-2013-08-30,https://engineeringnews.co.za/article/sa-mining-challenges-about-far-more-than-marikana-migrant-labour-manuel-2013-08-30,1004,80ececfcf5fc05138b592bf2932ea62b9401bb80e848eac1eb2e2e46b575ec2d,valid_sha256,include_case_central,final_batch_03,review_batch_03_conservative_whole_queue_2026-08-23,retained_after_titlepair_review,DISC-MEDIA-0625,no_known_text_quality_exception,true
DISC-MEDIA-0631,title_trigger,Several Labour Lessons Learnt From Marikana Tragedy Mpofu,several labour lessons learnt from marikana tragedy mpofu,2013,2013-09-04,Engineering News,https://www.engineeringnews.co.za/article/several-labour-lessons-learnt-from-marikana-tragedy-mpofu-2013-09-04,https://engineeringnews.co.za/article/several-labour-lessons-learnt-from-marikana-tragedy-mpofu-2013-09-04,775,42dd373dfdeda102706086ca9b577fd666b64fedf215e17da4bd4ba0431b5255,valid_sha256,include_case_central,final_batch_03,review_batch_03_conservative_whole_queue_2026-08-23,retained_after_titlepair_review,DISC-MEDIA-0631,no_known_text_quality_exception,true
SEC-MEDIA-0008,secondary_keyword,All That Glitters Compromises In Gold Strike Amcu Claims Conspiracy,all that glitters compromises in gold strike amcu claims conspiracy,2013,2013-09-05,Daily Maverick,https://www.dailymaverick.co.za/article/2013-09-05-all-that-glitters-compromises-in-gold-strike-amcu-claims-conspiracy/,https://dailymaverick.co.za/article/2013-09-05-all-that-glitters-compromises-in-gold-strike-amcu-claims-conspiracy,1053,00c2d45cfd44aac94504c0b443e65767aa3a7cc31d8d540da43a6629af2033dd,valid_sha256,include_lonmin_marikana_labour_governance,final_secondary_batch_02,secondary_batch_02_temporal_labour_review_2026-08-23,retained_after_titlepair_review,SEC-MEDIA-0008,no_known_text_quality_exception,true
DISC-MEDIA-0133,title_trigger,Marikana Injured Step Up Their Fight For Legal Help And Ultimately Farlam Commissions Relevance,marikana injured step up their fight for legal help and ultimately farlam commissions relevance,2013,2013-09-06,Daily Maverick,https://www.dailymaverick.co.za/article/2013-09-06-marikana-injured-step-up-their-fight-for-legal-help-and-ultimately-farlam-commissions-relevance/,https://dailymaverick.co.za/article/2013-09-06-marikana-injured-step-up-their-fight-for-legal-help-and-ultimately-farlam-commissions-relevance,953,9c4b81224d0f91d58f2924e3da4a3a82ad295beaf57ed606982c52be79555a24,valid_sha256,include_case_central,final_batch_03,review_batch_03_conservative_whole_queue_2026-08-23,retained_after_titlepair_review,DISC-MEDIA-0133,no_known_text_quality_exception,true
DISC-MEDIA-0134,title_trigger,Cyril Remember Marikana,cyril remember marikana,2013,2013-09-11,Daily Maverick,https://www.dailymaverick.co.za/article/2013-09-11-cyril-remember-marikana/,https://dailymaverick.co.za/article/2013-09-11-cyril-remember-marikana,785,0bb80610354af460550f154a67ecf9f6d809ab426321bad6a1f4abb7bd301c21,valid_sha256,include_case_central,final_batch_03,review_batch_03_conservative_whole_queue_2026-08-23,retained_after_titlepair_review,DISC-MEDIA-0134,no_known_text_quality_exception,true
DISC-MEDIA-0626,title_trigger,Sa Mining Challenges About Far More Than Marikana Migrant Labour Manuel,sa mining challenges about far more than marikana migrant labour manuel,2013,2013-09-13,Engineering News,https://www.engineeringnews.co.za/article/sa-mining-challenges-about-far-more-than-marikana-migrant-labour-manuel-2013-09-13,https://engineeringnews.co.za/article/sa-mining-challenges-about-far-more-than-marikana-migrant-labour-manuel-2013-09-13,1003,5c591c3630a84c9e7c37111ba190192a6323e86600c4fb2a797b5d63aea5d12e,valid_sha256,include_case_central,final_batch_03,review_batch_03_conservative_whole_queue_2026-08-23,redundant_republication,DISC-MEDIA-0625,no_known_text_quality_exception,false
DISC-MEDIA-0135,title_trigger,Marikana Police Lied Faked Farlam Commission Evidence,marikana police lied faked farlam commission evidence,2013,2013-09-20,Daily Maverick,https://www.dailymaverick.co.za/article/2013-09-20-marikana-police-lied-faked-farlam-commission-evidence/,https://dailymaverick.co.za/article/2013-09-20-marikana-police-lied-faked-farlam-commission-evidence,698,e3291ac0efaa70bbf14b7c6ebed6639479b533a587273ceb9e8606fa45a9a8c4,valid_sha256,include_case_central,final_batch_03,review_batch_03_conservative_whole_queue_2026-08-23,retained_after_titlepair_review,DISC-MEDIA-0135,no_known_text_quality_exception,true
SEC-MEDIA-0327,secondary_keyword,False Evidence By Saps To Implicate Amcu In Threats To Kill Police Officers,false evidence by saps to implicate amcu in threats to kill police officers,2013,2013-09-23,Engineering News,https://www.engineeringnews.co.za/article/false-evidence-by-saps-to-implicate-amcu-in-threats-to-kill-police-officers-2013-09-23,https://engineeringnews.co.za/article/false-evidence-by-saps-to-implicate-amcu-in-threats-to-kill-police-officers-2013-09-23,697,02bb51f66fae8257bbc83022a4838213a0d9b65072f461ea049fd4e784241313,valid_sha256,include_case_central,final_secondary_batch_01,secondary_batch_01_acquired_text_2026-08-23,retained_after_titlepair_review,SEC-MEDIA-0327,no_known_text_quality_exception,true
DISC-MEDIA-0136,title_trigger,Marikana Malemas 2014 Battle Begins,marikana malemas 2014 battle begins,2013,2013-10-14,Daily Maverick,https://www.dailymaverick.co.za/article/2013-10-14-marikana-malemas-2014-battle-begins/,https://dailymaverick.co.za/article/2013-10-14-marikana-malemas-2014-battle-begins,822,e5cda4cd12c54981ec7205df709af47b5768cb083ec66f1a4cf5e7b55708d75c,valid_sha256,include_case_central,final_batch_03,review_batch_03_conservative_whole_queue_2026-08-23,retained_after_titlepair_review,DISC-MEDIA-0136,no_known_text_quality_exception,true
DISC-MEDIA-0137,title_trigger,Marikana Commission Chronicle Of Death Foretold And Planned For By Saps,marikana commission chronicle of death foretold and planned for by saps,2013,2013-10-15,Daily Maverick,https://www.dailymaverick.co.za/article/2013-10-15-marikana-commission-chronicle-of-death-foretold-and-planned-for-by-saps/,https://dailymaverick.co.za/article/2013-10-15-marikana-commission-chronicle-of-death-foretold-and-planned-for-by-saps,872,9ab852d6e35e054744d276ab2d848bc2d2c9871637651f3317367afc2722dcac,valid_sha256,include_case_central,final_batch_03,review_batch_03_conservative_whole_queue_2026-08-23,retained_after_titlepair_review,DISC-MEDIA-0137,no_known_text_quality_exception,true
DISC-MEDIA-0138,title_trigger,The State Vs The People Vs The Police Finally Court Victory For Marikana Survivors,the state vs the people vs the police finally court victory for marikana survivors,2013,2013-10-15,Daily Maverick,https://www.dailymaverick.co.za/article/2013-10-15-the-state-vs-the-people-vs-the-police-finally-court-victory-for-marikana-survivors/,https://dailymaverick.co.za/article/2013-10-15-the-state-vs-the-people-vs-the-police-finally-court-victory-for-marikana-survivors,1718,a2b87073ea200f4340a3aaceb81b1feb64fab87e42b2e1dd0969f1e5b6cce3f6,valid_sha256,include_case_central,final_batch_03,review_batch_03_conservative_whole_queue_2026-08-23,retained_after_titlepair_review,DISC-MEDIA-0138,no_known_text_quality_exception,true
DISC-MEDIA-0659,title_trigger,Solidarity Rejects Lonmin Wage Offer,solidarity rejects lonmin wage offer,2013,2013-10-31,Engineering News,https://www.engineeringnews.co.za/article/solidarity-rejects-lonmin-wage-offer-2013-10-31,https://engineeringnews.co.za/article/solidarity-rejects-lonmin-wage-offer-2013-10-31,736,ca8605341b08b51115922921dcc2d45a034434fc0cf1dc3411eb09acc66ccc86,valid_sha256,include_case_central,final_batch_03,review_batch_03_conservative_whole_queue_2026-08-23,retained_after_titlepair_review,DISC-MEDIA-0659,no_known_text_quality_exception,true
DISC-MEDIA-0139,title_trigger,Marikana Massacre 55 Seconds Later Cease Fire What Cease Fire,marikana massacre 55 seconds later cease fire what cease fire,2013,2013-11-06,Daily Maverick,https://www.dailymaverick.co.za/article/2013-11-06-marikana-massacre-55-seconds-later-cease-fire-what-cease-fire/,https://dailymaverick.co.za/article/2013-11-06-marikana-massacre-55-seconds-later-cease-fire-what-cease-fire,1166,302428d3127e2f0d69bd4b9ca0e61bf214084e6465c457f162214d701c51df1f,valid_sha256,include_case_central,final_batch_03,review_batch_03_conservative_whole_queue_2026-08-23,retained_after_titlepair_review,DISC-MEDIA-0139,no_known_text_quality_exception,true
DISC-MEDIA-0450,title_trigger,Lonmin Donates 50 Ha Of Land For Residential Development,lonmin donates 50 ha of land for residential development,2013,2013-11-08,Engineering News,https://www.engineeringnews.co.za/article/lonmin-donates-50-ha-of-land-for-residential-development-2013-11-08,https://engineeringnews.co.za/article/lonmin-donates-50-ha-of-land-for-residential-development-2013-11-08,600,5b77705aa00d0f47da883a3d3bba42452c77a81cb27f78d9c53233b1da3e8ba1,valid_sha256,include_case_central,final_batch_03,review_batch_03_conservative_whole_queue_2026-08-23,retained_after_titlepair_review,DISC-MEDIA-0450,no_known_text_quality_exception,true
DISC-MEDIA-0503,title_trigger,Lonmin Share Price Rises As Company Reports Higher Fy Production Earnings,lonmin share price rises as company reports higher fy production earnings,2013,2013-11-11,Engineering News,https://www.engineeringnews.co.za/article/lonmin-share-price-rises-as-company-reports-higher-fy-production-earnings-2013-11-11,https://engineeringnews.co.za/article/lonmin-share-price-rises-as-company-reports-higher-fy-production-earnings-2013-11-11,845,0c66a811dc9e7796021e8e33301a7f702134b92fcb838b114ac0de9de3348eda,valid_sha256,include_case_central,final_batch_03,review_batch_03_conservative_whole_queue_2026-08-23,retained_after_titlepair_review,DISC-MEDIA-0503,no_known_text_quality_exception,true
DISC-MEDIA-0504,title_trigger,Lonmin Share Price Rises As Company Reports Higher Fy Production Earnings,lonmin share price rises as company reports higher fy production earnings,2013,2013-11-22,Engineering News,https://www.engineeringnews.co.za/article/lonmin-share-price-rises-as-company-reports-higher-fy-production-earnings-2013-11-22,https://engineeringnews.co.za/article/lonmin-share-price-rises-as-company-reports-higher-fy-production-earnings-2013-11-22,835,50eb56565dcf8f3b204c99ef6cc07eebca303c8e9ebcbbb0166061de0a30f2d7,valid_sha256,include_case_central,final_batch_03,review_batch_03_conservative_whole_queue_2026-08-23,redundant_republication,DISC-MEDIA-0503,no_known_text_quality_exception,false
DISC-MEDIA-0140,title_trigger,Seris Fight For Justice And Reconciliation From The Trc To Farlam,seris fight for justice and reconciliation from the trc to farlam,2013,2013-11-28,Daily Maverick,https://www.dailymaverick.co.za/article/2013-11-28-seris-fight-for-justice-and-reconciliation-from-the-trc-to-farlam/,https://dailymaverick.co.za/article/2013-11-28-seris-fight-for-justice-and-reconciliation-from-the-trc-to-farlam,1387,a1e8da294f85a51b51de2886e68312cde75e5d39702a091069513671d868cf4c,valid_sha256,include_case_central,final_batch_03,review_batch_03_conservative_whole_queue_2026-08-23,retained_after_titlepair_review,DISC-MEDIA-0140,no_known_text_quality_exception,true
SEC-MEDIA-0372,secondary_keyword,Implats Says Amcu Wage Talks To Resume In 2014,implats says amcu wage talks to resume in 2014,2013,2013-12-12,Engineering News,https://www.engineeringnews.co.za/article/implats-says-amcu-wage-talks-to-resume-in-2014-2013-12-12,https://engineeringnews.co.za/article/implats-says-amcu-wage-talks-to-resume-in-2014-2013-12-12,651,33faaf22560cd79e022d702a26c33f1a2c5196d9ffd87689068a43325d5ea807,valid_sha256,include_lonmin_marikana_labour_governance,final_secondary_batch_02,secondary_batch_02_temporal_labour_review_2026-08-23,retained_after_titlepair_review,SEC-MEDIA-0372,no_known_text_quality_exception,true
SEC-MEDIA-0010,secondary_keyword,Platinum Politics Under Pressure To Deliver Amcu Shifts To Damage Control,platinum politics under pressure to deliver amcu shifts to damage control,2014,2014-01-14,Daily Maverick,https://www.dailymaverick.co.za/article/2014-01-14-platinum-politics-under-pressure-to-deliver-amcu-shifts-to-damage-control/,https://dailymaverick.co.za/article/2014-01-14-platinum-politics-under-pressure-to-deliver-amcu-shifts-to-damage-control,772,0182ab0f638873707bbc98f6ed9475bac76980b9d803c1a70408a07faae2952d,valid_sha256,include_case_central,final_secondary_batch_01,secondary_batch_01_acquired_text_2026-08-23,retained_after_titlepair_review,SEC-MEDIA-0010,no_known_text_quality_exception,true
SEC-MEDIA-0198,secondary_keyword,Amcu Reiterates Implats Strike Threat,amcu reiterates implats strike threat,2014,2014-01-15,Engineering News,https://www.engineeringnews.co.za/article/amcu-reiterates-implats-strike-threat-2014-01-15,https://engineeringnews.co.za/article/amcu-reiterates-implats-strike-threat-2014-01-15,508,17edfee5617b78bdb7db68a694e0046074e037b139d38ec2bfc18996be585473,valid_sha256,include_2014_platinum_strike_lonmin,final_secondary_batch_02,secondary_batch_02_temporal_labour_review_2026-08-23,retained_after_titlepair_review,SEC-MEDIA-0198,no_known_text_quality_exception,true
DISC-MEDIA-0373,title_trigger,Amcu To Serve Strike Notice On Lonmin Implats,amcu to serve strike notice on lonmin implats,2014,2014-01-17,Engineering News,https://www.engineeringnews.co.za/article/amcu-to-serve-strike-notice-on-lonmin-implats-2014-01-17,https://engineeringnews.co.za/article/amcu-to-serve-strike-notice-on-lonmin-implats-2014-01-17,516,7fab7385435a0c56a76e860aba6cc0d4e50e1b849df7fd7daaa262667a095d9b,valid_sha256,include_case_central,final_batch_02,review_batch_02_explicit_id_review_2026-08-23,retained_after_titlepair_review,DISC-MEDIA-0373,no_known_text_quality_exception,true
SEC-MEDIA-0229,secondary_keyword,Amcu Strike Extends To The Gold Sector As Strike Notices Issued,amcu strike extends to the gold sector as strike notices issued,2014,2014-01-20,Engineering News,https://www.engineeringnews.co.za/article/amcu-strike-extends-to-the-gold-sector-as-strike-notices-issued-2014-01-20,https://engineeringnews.co.za/article/amcu-strike-extends-to-the-gold-sector-as-strike-notices-issued-2014-01-20,679,7b6bfa306179504ade94fe24e89178cdb9ad76106223b65548d6a3d01869d4b2,valid_sha256,include_2014_platinum_strike_lonmin,final_secondary_batch_02,secondary_batch_02_temporal_labour_review_2026-08-23,retained_after_titlepair_review,SEC-MEDIA-0229,no_known_text_quality_exception,true
SEC-MEDIA-1029,secondary_keyword,Third Amcu Strike Will Lift Number Of Striking Workers To 80 000 Union,third amcu strike will lift number of striking workers to 80 000 union,2014,2014-01-20,Engineering News,https://www.engineeringnews.co.za/article/third-amcu-strike-will-lift-number-of-striking-workers-to-80-000-union-2014-01-20,https://engineeringnews.co.za/article/third-amcu-strike-will-lift-number-of-striking-workers-to-80-000-union-2014-01-20,820,8e06b24436d7ae1d7507a4d1d160f7e58e00a7f32c015e6fecae980915eb70af,valid_sha256,include_lonmin_marikana_labour_governance,final_secondary_batch_01,secondary_batch_01_acquired_text_2026-08-23,retained_after_titlepair_review,SEC-MEDIA-1029,no_known_text_quality_exception,true
SEC-MEDIA-0011,secondary_keyword,Platinum Strikes To Amcu Its About More Than Just The Money,platinum strikes to amcu its about more than just the money,2014,2014-01-22,Daily Maverick,https://www.dailymaverick.co.za/article/2014-01-22-platinum-strikes-to-amcu-its-about-more-than-just-the-money/,https://dailymaverick.co.za/article/2014-01-22-platinum-strikes-to-amcu-its-about-more-than-just-the-money,1086,74db8acec234148f8599ccc45167f8183b57d98e421d3a39feeb53e016191b7d,valid_sha256,include_2014_platinum_strike_lonmin,final_secondary_batch_02,secondary_batch_02_temporal_labour_review_2026-08-23,retained_after_titlepair_review,SEC-MEDIA-0011,no_known_text_quality_exception,true
SEC-MEDIA-0389,secondary_keyword,Labour Court Puts Temporary Hold On Amcus Planned Gold Strike,labour court puts temporary hold on amcus planned gold strike,2014,2014-01-22,Engineering News,https://www.engineeringnews.co.za/article/labour-court-puts-temporary-hold-on-amcus-planned-gold-strike-2014-01-22,https://engineeringnews.co.za/article/labour-court-puts-temporary-hold-on-amcus-planned-gold-strike-2014-01-22,705,85fa8dc6a0d9abf6714888130e423ad7edf221caf78f2d62b99387df06f08236,valid_sha256,include_lonmin_marikana_labour_governance,final_secondary_batch_01,secondary_batch_01_acquired_text_2026-08-23,retained_after_titlepair_review,SEC-MEDIA-0389,no_known_text_quality_exception,true
SEC-MEDIA-0121,secondary_keyword,80 000 Amcu Workers On Strike In Platinum Sector,80 000 amcu workers on strike in platinum sector,2014,2014-01-23,Engineering News,https://www.engineeringnews.co.za/article/80-000-amcu-workers-on-strike-in-platinum-sector-2014-01-23,https://engineeringnews.co.za/article/80-000-amcu-workers-on-strike-in-platinum-sector-2014-01-23,1231,2f34f2ae26f6a569bb4533218014ee6a10c7fa1f5dbbf6b90f8b134bd96be6ea,valid_sha256,include_2014_platinum_strike_lonmin,final_secondary_batch_02,secondary_batch_02_temporal_labour_review_2026-08-23,retained_after_titlepair_review,SEC-MEDIA-0121,no_known_text_quality_exception,true
DISC-MEDIA-0515,title_trigger,Lonmin To Lose 3 100 Ozd Implats 2 800 Ozd In Production Owing To Amcu Strike,lonmin to lose 3 100 ozd implats 2 800 ozd in production owing to amcu strike,2014,2014-01-23,Engineering News,https://www.engineeringnews.co.za/article/lonmin-to-lose-3-100-ozd-implats-2-800-ozd-in-production-owing-to-amcu-strike-2014-01-23,https://engineeringnews.co.za/article/lonmin-to-lose-3-100-ozd-implats-2-800-ozd-in-production-owing-to-amcu-strike-2014-01-23,606,29c41c74e9fdd41e778855ffb78bb73b92395f245dfb2b9158fe256dac7b83cf,valid_sha256,include_case_central,final_batch_02,review_batch_02_explicit_id_review_2026-08-23,retained_after_titlepair_review,DISC-MEDIA-0515,no_known_text_quality_exception,true
DISC-MEDIA-0142,title_trigger,Amcu At Marikana Malibelinye Linye Asiye In One Voice We Are Not Going,amcu at marikana malibelinye linye asiye in one voice we are not going,2014,2014-01-24,Daily Maverick,https://www.dailymaverick.co.za/article/2014-01-24-amcu-at-marikana-malibelinye-linye-asiye-in-one-voice-we-are-not-going/,https://dailymaverick.co.za/article/2014-01-24-amcu-at-marikana-malibelinye-linye-asiye-in-one-voice-we-are-not-going,350,19e50ccf4b412c0af9ca89faebbf0db8f6fb1449c0b39e61a36d4f11313b7cdf,valid_sha256,include_case_central,final_batch_03,review_batch_03_conservative_whole_queue_2026-08-23,retained_after_titlepair_review,DISC-MEDIA-0142,no_known_text_quality_exception,true
SEC-MEDIA-0293,secondary_keyword,Ccma Facilitated Talks Continue Constructively Amcu Expects New Offer,ccma facilitated talks continue constructively amcu expects new offer,2014,2014-01-28,Engineering News,https://www.engineeringnews.co.za/article/ccma-facilitated-talks-continue-constructively-amcu-expects-new-offer-2014-01-28,https://engineeringnews.co.za/article/ccma-facilitated-talks-continue-constructively-amcu-expects-new-offer-2014-01-28,623,c2b077ffddb2071a0b07647dc71fb6f56bd5de7a4c885b090812e73698252197,valid_sha256,include_lonmin_marikana_labour_governance,final_secondary_batch_01,secondary_batch_01_acquired_text_2026-08-23,retained_after_titlepair_review,SEC-MEDIA-0293,no_known_text_quality_exception,true
SEC-MEDIA-0012,secondary_keyword,Amcu Holds Firm On Platinum Strike,amcu holds firm on platinum strike,2014,2014-01-30,Daily Maverick,https://www.dailymaverick.co.za/article/2014-01-30-amcu-holds-firm-on-platinum-strike/,https://dailymaverick.co.za/article/2014-01-30-amcu-holds-firm-on-platinum-strike,879,4c3bd7e93950d8759c08af5c250fd77686546eefa3dde8910e2b469857deb740,valid_sha256,include_case_central,final_secondary_batch_01,secondary_batch_01_acquired_text_2026-08-23,retained_after_titlepair_review,SEC-MEDIA-0012,no_known_text_quality_exception,true
DISC-MEDIA-0480,title_trigger,Lonmin Q1 2014 Mining Production Down 10 Will Revise Full Year Guidance As Result Of Strikes,lonmin q1 2014 mining production down 10 will revise full year guidance as result of strikes,2014,2014-01-30,Engineering News,https://www.engineeringnews.co.za/article/lonmin-q1-2014-mining-production-down-10-will-revise-full-year-guidance-as-result-of-strikes-2014-01-30,https://engineeringnews.co.za/article/lonmin-q1-2014-mining-production-down-10-will-revise-full-year-guidance-as-result-of-strikes-2014-01-30,822,396f6738d4eea771b916be6808589f3a3700585532b8df9e0d4be6e3003b275d,valid_sha256,include_case_central,final_batch_03,review_batch_03_conservative_whole_queue_2026-08-23,retained_after_titlepair_review,DISC-MEDIA-0480,no_known_text_quality_exception,true
SEC-MEDIA-0200,secondary_keyword,Amcu Rejects Platinum Offer Sticking To R12 500 Demand,amcu rejects platinum offer sticking to r12 500 demand,2014,2014-01-31,Engineering News,https://www.engineeringnews.co.za/article/amcu-rejects-platinum-offer-sticking-to-r12-500-demand-2014-01-31,https://engineeringnews.co.za/article/amcu-rejects-platinum-offer-sticking-to-r12-500-demand-2014-01-31,650,e38134816da755b73e4b3b788b7bd6ce10774100b64ebf005507d75a7955bfc3,valid_sha256,include_2014_platinum_strike_lonmin,final_secondary_batch_02,secondary_batch_02_temporal_labour_review_2026-08-23,retained_after_titlepair_review,SEC-MEDIA-0200,no_known_text_quality_exception,true
SEC-MEDIA-0390,secondary_keyword,Labour Court Puts Temporary Hold On Amcus Planned Gold Strike,labour court puts temporary hold on amcus planned gold strike,2014,2014-01-31,Engineering News,https://www.engineeringnews.co.za/article/labour-court-puts-temporary-hold-on-amcus-planned-gold-strike-2014-01-31,https://engineeringnews.co.za/article/labour-court-puts-temporary-hold-on-amcus-planned-gold-strike-2014-01-31,667,ca965da08bd62d256d579b11eed61e75776813945a5f2fad228f0895c6a94972,valid_sha256,include_lonmin_marikana_labour_governance,final_secondary_batch_01,secondary_batch_01_acquired_text_2026-08-23,redundant_republication,SEC-MEDIA-0389,no_known_text_quality_exception,false
DISC-MEDIA-0512,title_trigger,Lonmin Takes Stock Highlights Focus On Improving Living Conditions,lonmin takes stock highlights focus on improving living conditions,2014,2014-02-04,Engineering News,https://www.engineeringnews.co.za/article/lonmin-takes-stock-highlights-focus-on-improving-living-conditions-2014-02-04,https://engineeringnews.co.za/article/lonmin-takes-stock-highlights-focus-on-improving-living-conditions-2014-02-04,787,0efd738f336ed4f296c1444bfad43eda44b7c07671402b56c683cdb0232a3e0d,valid_sha256,include_case_central,final_batch_02,review_batch_02_explicit_id_review_2026-08-23,retained_after_titlepair_review,DISC-MEDIA-0512,no_known_text_quality_exception,true
SEC-MEDIA-0493,secondary_keyword,Platinum Strikes Costing Sa R400 Milion A Day,platinum strikes costing sa r400 milion a day,2014,2014-02-04,Engineering News,https://www.engineeringnews.co.za/article/platinum-strikes-costing-sa-r400-milion-a-day-2014-02-04,https://engineeringnews.co.za/article/platinum-strikes-costing-sa-r400-milion-a-day-2014-02-04,752,a7637020f85057aeca26ba8f1346771b09c290f61d0e76f0f73891acf2b13684,valid_sha256,include_case_central,final_secondary_batch_01,secondary_batch_01_acquired_text_2026-08-23,retained_after_titlepair_review,SEC-MEDIA-0493,no_known_text_quality_exception,true
DISC-MEDIA-0143,title_trigger,Higher Stocks Give Lonmin Breathing Space During Strike,higher stocks give lonmin breathing space during strike,2014,2014-02-05,Daily Maverick,https://www.dailymaverick.co.za/article/2014-02-05-higher-stocks-give-lonmin-breathing-space-during-strike/,https://dailymaverick.co.za/article/2014-02-05-higher-stocks-give-lonmin-breathing-space-during-strike,633,03dc2dd4580f14665ed9b9a6debae9880227b6ab39ff241d28a36ff64dad5069,valid_sha256,include_case_central,final_batch_03,review_batch_03_conservative_whole_queue_2026-08-23,retained_after_titlepair_review,DISC-MEDIA-0143,no_known_text_quality_exception,true
SEC-MEDIA-0187,secondary_keyword,Amcu Platinum Companies Wage Talks Stall,amcu platinum companies wage talks stall,2014,2014-02-06,Engineering News,https://www.engineeringnews.co.za/article/amcu-platinum-companies-wage-talks-stall-2014-02-06,https://engineeringnews.co.za/article/amcu-platinum-companies-wage-talks-stall-2014-02-06,693,d6c0110661485e353011bc411373a312bcf073216d1ebd4d8bca5b12bdcb759a,valid_sha256,include_2014_platinum_strike_lonmin,final_secondary_batch_02,secondary_batch_02_temporal_labour_review_2026-08-23,retained_after_titlepair_review,SEC-MEDIA-0187,no_known_text_quality_exception,true
SEC-MEDIA-0178,secondary_keyword,Amcu Miner Shot Dead In Limpopo Amplats,amcu miner shot dead in limpopo amplats,2014,2014-02-10,Engineering News,https://www.engineeringnews.co.za/article/amcu-miner-shot-dead-in-limpopo-amplats-2014-02-10,https://engineeringnews.co.za/article/amcu-miner-shot-dead-in-limpopo-amplats-2014-02-10,630,dc3d7e0078cf293c39078ae65fe142ce13e4ac557f9cb1c4f49c43893222c267,valid_sha256,include_2014_platinum_strike_lonmin,final_secondary_batch_02,secondary_batch_02_temporal_labour_review_2026-08-23,retained_after_titlepair_review,SEC-MEDIA-0178,no_known_text_quality_exception,true
SEC-MEDIA-0516,secondary_keyword,Sa Platinum Firms To Meet Mediators Tuesday Amcu,sa platinum firms to meet mediators tuesday amcu,2014,2014-02-10,Engineering News,https://www.engineeringnews.co.za/article/sa-platinum-firms-to-meet-mediators-tuesday-amcu-2014-02-10,https://engineeringnews.co.za/article/sa-platinum-firms-to-meet-mediators-tuesday-amcu-2014-02-10,498,1e8ce5112e399cab9a1b8724ae5d3fb9dde919b33dac8ba670b019c0deb324ea,valid_sha256,include_case_central,final_secondary_batch_01,secondary_batch_01_acquired_text_2026-08-23,retained_after_titlepair_review,SEC-MEDIA-0516,no_known_text_quality_exception,true
SEC-MEDIA-0228,secondary_keyword,Amcu Strike Could Force Closure Of Platinum Companies Warns Uasa,amcu strike could force closure of platinum companies warns uasa,2014,2014-02-12,Engineering News,https://www.engineeringnews.co.za/article/amcu-strike-could-force-closure-of-platinum-companies-warns-uasa-2014-02-12,https://engineeringnews.co.za/article/amcu-strike-could-force-closure-of-platinum-companies-warns-uasa-2014-02-12,749,a801185518ee247a15c78733e85fb0f30bd743fec782e579721145dfe3640280,valid_sha256,include_2014_platinum_strike_lonmin,final_secondary_batch_02,secondary_batch_02_temporal_labour_review_2026-08-23,retained_after_titlepair_review,SEC-MEDIA-0228,no_known_text_quality_exception,true
SEC-MEDIA-0292,secondary_keyword,Ccma Amcu To Meet On Friday,ccma amcu to meet on friday,2014,2014-02-13,Engineering News,https://www.engineeringnews.co.za/article/ccma-amcu-to-meet-on-friday-2014-02-13,https://engineeringnews.co.za/article/ccma-amcu-to-meet-on-friday-2014-02-13,416,12ee0b05cf25ae5f93c02b0a707f3dd4e4c6a3d246f808735e2024e815a25470,valid_sha256,include_2014_platinum_strike_lonmin,final_secondary_batch_03,secondary_batch_03_explicit_source_review_2026-08-24,retained_after_titlepair_review,SEC-MEDIA-0292,no_known_text_quality_exception,true
SEC-MEDIA-0317,secondary_keyword,Dol Denies Amcu Deregistration Claims,dol denies amcu deregistration claims,2014,2014-02-13,Engineering News,https://www.engineeringnews.co.za/article/dol-denies-amcu-deregistration-claims-2014-02-13,https://engineeringnews.co.za/article/dol-denies-amcu-deregistration-claims-2014-02-13,632,2f94a4a6b20fb7c1f6b7b0d1c1604f6c100cee021c810f232b3ae13588f4d38b,valid_sha256,include_2014_platinum_strike_lonmin,final_secondary_batch_02,secondary_batch_02_temporal_labour_review_2026-08-23,retained_after_titlepair_review,SEC-MEDIA-0317,no_known_text_quality_exception,true
SEC-MEDIA-0147,secondary_keyword,Amcu Ccma Talks Postponed Until Monday,amcu ccma talks postponed until monday,2014,2014-02-14,Engineering News,https://www.engineeringnews.co.za/article/amcu-ccma-talks-postponed-until-monday-2014-02-14,https://engineeringnews.co.za/article/amcu-ccma-talks-postponed-until-monday-2014-02-14,392,58b41b4ff63e7cf18dacab3bac1485999bcd88d57a963f11fd538dbe099aa6ad,valid_sha256,include_2014_platinum_strike_lonmin,final_secondary_batch_03,secondary_batch_03_explicit_source_review_2026-08-24,retained_after_titlepair_review,SEC-MEDIA-0147,no_known_text_quality_exception,true
SEC-MEDIA-0265,secondary_keyword,Amplats Sues Amcu Union For Platinum Strike Damages,amplats sues amcu union for platinum strike damages,2014,2014-02-17,Engineering News,https://www.engineeringnews.co.za/article/amplats-sues-amcu-union-for-platinum-strike-damages-2014-02-17,https://engineeringnews.co.za/article/amplats-sues-amcu-union-for-platinum-strike-damages-2014-02-17,837,03333d7b662644124233b752d501802103328287324b27a147f411dcd8f9a1d0,valid_sha256,include_case_central,final_secondary_batch_01,secondary_batch_01_acquired_text_2026-08-23,retained_after_titlepair_review,SEC-MEDIA-0265,no_known_text_quality_exception,true
SEC-MEDIA-1044,secondary_keyword,Unions Slate Amplats State For Legal Attacks On Amcu,unions slate amplats state for legal attacks on amcu,2014,2014-02-19,Engineering News,https://www.engineeringnews.co.za/article/unions-slate-amplats-state-for-legal-attacks-on-amcu-2014-02-19,https://engineeringnews.co.za/article/unions-slate-amplats-state-for-legal-attacks-on-amcu-2014-02-19,640,3f05e6eed8f96dd946b3a790e60edc62ea3e89a7ffb7b8894e2c8eebfd8dd01f,valid_sha256,include_case_central,final_secondary_batch_01,secondary_batch_01_acquired_text_2026-08-23,retained_after_titlepair_review,SEC-MEDIA-1044,no_known_text_quality_exception,true
SEC-MEDIA-0254,secondary_keyword,Amcu Willing To Move On Wage Demands Wants To Negotiate Directly With Ceos,amcu willing to move on wage demands wants to negotiate directly with ceos,2014,2014-02-20,Engineering News,https://www.engineeringnews.co.za/article/amcu-willing-to-move-on-wage-demands-wants-to-negotiate-directly-with-ceos-2014-02-20,https://engineeringnews.co.za/article/amcu-willing-to-move-on-wage-demands-wants-to-negotiate-directly-with-ceos-2014-02-20,957,07183781f4e879d4c0e0aa2f4ddd3dfacf49f8a6d86d0e82451f7c87edfc3379,valid_sha256,include_2014_platinum_strike_lonmin,final_secondary_batch_02,secondary_batch_02_temporal_labour_review_2026-08-23,retained_after_titlepair_review,SEC-MEDIA-0254,no_known_text_quality_exception,true
SEC-MEDIA-0524,secondary_keyword,Shabangu Denies Encouraging Amplats To Sue Amcu,shabangu denies encouraging amplats to sue amcu,2014,2014-02-21,Engineering News,https://www.engineeringnews.co.za/article/shabangu-denies-encouraging-amplats-to-sue-amcu-2014-02-21,https://engineeringnews.co.za/article/shabangu-denies-encouraging-amplats-to-sue-amcu-2014-02-21,936,8946b6776f044cf5fe850d0608db2e6f03992b536f64f6176d0aadf730eceb8a,valid_sha256,include_2014_platinum_strike_lonmin,final_secondary_batch_02,secondary_batch_02_temporal_labour_review_2026-08-23,retained_after_titlepair_review,SEC-MEDIA-0524,no_known_text_quality_exception,true
DISC-MEDIA-0144,title_trigger,Marikana Commission The Long Game Reveals Itself,marikana commission the long game reveals itself,2014,2014-02-25,Daily Maverick,https://www.dailymaverick.co.za/article/2014-02-25-marikana-commission-the-long-game-reveals-itself/,https://dailymaverick.co.za/article/2014-02-25-marikana-commission-the-long-game-reveals-itself,1480,34338f2ddb3e0b41cd28b404f5d6d027889b0c6b338ddf951befd4feac09f770,valid_sha256,include_case_central,final_batch_03,review_batch_03_conservative_whole_queue_2026-08-23,retained_after_titlepair_review,DISC-MEDIA-0144,no_known_text_quality_exception,true
DISC-MEDIA-0448,title_trigger,Lonmin Denies Media Claims Of Rebuff By Marikana Community Over Equity,lonmin denies media claims of rebuff by marikana community over equity,2014,2014-02-28,Engineering News,https://www.engineeringnews.co.za/article/lonmin-denies-media-claims-of-rebuff-by-marikana-community-over-equity-2014-02-28,https://engineeringnews.co.za/article/lonmin-denies-media-claims-of-rebuff-by-marikana-community-over-equity-2014-02-28,493,5aeac2c9be02e78e3d7d7db6c77c43b08547af90a9572b5f5b82dc235a9fd685,valid_sha256,include_case_central,final_batch_03,review_batch_03_conservative_whole_queue_2026-08-23,retained_after_titlepair_review,DISC-MEDIA-0448,no_known_text_quality_exception,true
SEC-MEDIA-0475,secondary_keyword,Platinum Bosses Plead With Amcu To Return To Work,platinum bosses plead with amcu to return to work,2014,2014-02-28,Engineering News,https://www.engineeringnews.co.za/article/platinum-bosses-plead-with-amcu-to-return-to-work-2014-02-28,https://engineeringnews.co.za/article/platinum-bosses-plead-with-amcu-to-return-to-work-2014-02-28,1528,00c3c8fe499d3cc44f953715c0b7dcd7de55a3315c4dfaf5ade0a9cd2b44d65a,valid_sha256,include_2014_platinum_strike_lonmin,final_secondary_batch_02,secondary_batch_02_temporal_labour_review_2026-08-23,retained_after_titlepair_review,SEC-MEDIA-0475,no_known_text_quality_exception,true
SEC-MEDIA-0483,secondary_keyword,Platinum Producers Amcu To Resume Talks On Monday,platinum producers amcu to resume talks on monday,2014,2014-02-28,Engineering News,https://www.engineeringnews.co.za/article/platinum-producers-amcu-to-resume-talks-on-monday-2014-02-28,https://engineeringnews.co.za/article/platinum-producers-amcu-to-resume-talks-on-monday-2014-02-28,386,2c68277fbba9f1e11e30247e3688b1b5638f1083f0a469ee225fc5088390dab9,valid_sha256,include_2014_platinum_strike_lonmin,final_secondary_batch_02,secondary_batch_02_temporal_labour_review_2026-08-23,retained_after_titlepair_review,SEC-MEDIA-0483,no_known_text_quality_exception,true
SEC-MEDIA-0206,secondary_keyword,Amcu Revised Demand Still Unaffordable,amcu revised demand still unaffordable,2014,2014-03-05,Engineering News,https://www.engineeringnews.co.za/article/amcu-revised-demand-still-unaffordable-2014-03-05,https://engineeringnews.co.za/article/amcu-revised-demand-still-unaffordable-2014-03-05,561,419ad13b0bd25d3b592701d1e838126d5a197510a443e3e1b32def064dc80619,valid_sha256,include_2014_platinum_strike_lonmin,final_secondary_batch_02,secondary_batch_02_temporal_labour_review_2026-08-23,retained_after_titlepair_review,SEC-MEDIA-0206,no_known_text_quality_exception,true
SEC-MEDIA-0013,secondary_keyword,Platinum Strike The Negotiation Tables Depressing Emptiness,platinum strike the negotiation tables depressing emptiness,2014,2014-03-06,Daily Maverick,https://www.dailymaverick.co.za/article/2014-03-06-platinum-strike-the-negotiation-tables-depressing-emptiness/,https://dailymaverick.co.za/article/2014-03-06-platinum-strike-the-negotiation-tables-depressing-emptiness,786,6413442b9e906351aaf031671410ee85ec44d44dbca04274b911333c143579d4,valid_sha256,include_2014_platinum_strike_lonmin,final_secondary_batch_02,secondary_batch_02_temporal_labour_review_2026-08-23,retained_after_titlepair_review,SEC-MEDIA-0013,no_known_text_quality_exception,true
SEC-MEDIA-0014,secondary_keyword,In Pictures Amcu Takes To The Union Buildings,in pictures amcu takes to the union buildings,2014,2014-03-07,Daily Maverick,https://www.dailymaverick.co.za/article/2014-03-07-in-pictures-amcu-takes-to-the-union-buildings/,https://dailymaverick.co.za/article/2014-03-07-in-pictures-amcu-takes-to-the-union-buildings,285,a324a3704b1d08283ff9c250b2daf2c84f765a024ea0b4c7a61dff0c6e20e5a9,valid_sha256,include_2014_platinum_strike_lonmin,final_secondary_batch_02,secondary_batch_02_temporal_labour_review_2026-08-23,retained_after_titlepair_review,SEC-MEDIA-0014,no_known_text_quality_exception,true
SEC-MEDIA-0015,secondary_keyword,Amcus Mathunjwa Last Six Weeks Of Platinum Strike Was Like A Warm Up,amcus mathunjwa last six weeks of platinum strike was like a warm up,2014,2014-03-11,Daily Maverick,https://www.dailymaverick.co.za/article/2014-03-11-amcus-mathunjwa-last-six-weeks-of-platinum-strike-was-like-a-warm-up/,https://dailymaverick.co.za/article/2014-03-11-amcus-mathunjwa-last-six-weeks-of-platinum-strike-was-like-a-warm-up,1539,a942119b93d1efc95cee634607f494421a75997cd8e222b1ede2ecd9115afd9a,valid_sha256,include_case_central,final_secondary_batch_01,secondary_batch_01_acquired_text_2026-08-23,retained_after_titlepair_review,SEC-MEDIA-0015,no_known_text_quality_exception,true
SEC-MEDIA-0236,secondary_keyword,Amcu To March To Amplats Offices On Tuesday,amcu to march to amplats offices on tuesday,2014,2014-03-17,Engineering News,https://www.engineeringnews.co.za/article/amcu-to-march-to-amplats-offices-on-tuesday-2014-03-17,https://engineeringnews.co.za/article/amcu-to-march-to-amplats-offices-on-tuesday-2014-03-17,629,8fac5fb06f44e5d48ff169e1f9d4f27ef0743985c223aed4158bad557cc0006f,valid_sha256,include_2014_platinum_strike_lonmin,final_secondary_batch_02,secondary_batch_02_temporal_labour_review_2026-08-23,retained_after_titlepair_review,SEC-MEDIA-0236,no_known_text_quality_exception,true
SEC-MEDIA-0385,secondary_keyword,Labour Court Amcu Gold Strike Return Date Postponed,labour court amcu gold strike return date postponed,2014,2014-03-17,Engineering News,https://www.engineeringnews.co.za/article/labour-court-amcu-gold-strike-return-date-postponed-2014-03-17,https://engineeringnews.co.za/article/labour-court-amcu-gold-strike-return-date-postponed-2014-03-17,463,2a4bef696eb68b94d47a954a3f05c68f5ceb8904168f8833c7620d2fb4c5fc14,valid_sha256,include_2014_platinum_strike_lonmin,final_secondary_batch_02,secondary_batch_02_temporal_labour_review_2026-08-23,retained_after_titlepair_review,SEC-MEDIA-0385,no_known_text_quality_exception,true
SEC-MEDIA-0016,secondary_keyword,Amcu Takes Platinum Fight To Heart Of Amplats,amcu takes platinum fight to heart of amplats,2014,2014-03-19,Daily Maverick,https://www.dailymaverick.co.za/article/2014-03-19-amcu-takes-platinum-fight-to-heart-of-amplats/,https://dailymaverick.co.za/article/2014-03-19-amcu-takes-platinum-fight-to-heart-of-amplats,1545,8f292d81c1edb6457bda48af2aed08992bb5a1b76f2769eb7f44f3229f8f2d75,valid_sha256,include_case_central,final_secondary_batch_01,secondary_batch_01_acquired_text_2026-08-23,retained_after_titlepair_review,SEC-MEDIA-0016,no_known_text_quality_exception,true
SEC-MEDIA-0519,secondary_keyword,Safrica Deputy President To Meet Mining Firms Unions As Platinum Strike Drags On,safrica deputy president to meet mining firms unions as platinum strike drags on,2014,2014-03-24,Engineering News,https://www.engineeringnews.co.za/article/safrica-deputy-president-to-meet-mining-firms-unions-as-platinum-strike-drags-on-2014-03-24,https://engineeringnews.co.za/article/safrica-deputy-president-to-meet-mining-firms-unions-as-platinum-strike-drags-on-2014-03-24,681,dbd1ab3eddd651059af0afb4352ebcc4416ff6711a554737297a9eef4412c361,valid_sha256,include_2014_platinum_strike_lonmin,final_secondary_batch_02,secondary_batch_02_temporal_labour_review_2026-08-23,retained_after_titlepair_review,SEC-MEDIA-0519,no_known_text_quality_exception,true
SEC-MEDIA-0017,secondary_keyword,Platinum Strikes Two Months Into Starving Negotiations,platinum strikes two months into starving negotiations,2014,2014-03-26,Daily Maverick,https://www.dailymaverick.co.za/article/2014-03-26-platinum-strikes-two-months-into-starving-negotiations/,https://dailymaverick.co.za/article/2014-03-26-platinum-strikes-two-months-into-starving-negotiations,1089,00b73222887213b0cf10880039f59792437f0acfa385f51935887e0813d08943,valid_sha256,include_case_central,final_secondary_batch_01,secondary_batch_01_acquired_text_2026-08-23,retained_after_titlepair_review,SEC-MEDIA-0017,no_known_text_quality_exception,true
SEC-MEDIA-0322,secondary_keyword,Eff Supports Amcu Strike,eff supports amcu strike,2014,2014-03-26,Engineering News,https://www.engineeringnews.co.za/article/eff-supports-amcu-strike-2014-03-26,https://engineeringnews.co.za/article/eff-supports-amcu-strike-2014-03-26,840,bded7c8ec1f3fac4cd518a77cc67947dccb4b2526a309ff10bced60bc8db0594,valid_sha256,include_2014_platinum_strike_lonmin,final_secondary_batch_02,secondary_batch_02_temporal_labour_review_2026-08-23,retained_after_titlepair_review,SEC-MEDIA-0322,no_known_text_quality_exception,true
DISC-MEDIA-0145,title_trigger,Marikana Commission A Cop Who Stands For Truth And Accountability,marikana commission a cop who stands for truth and accountability,2014,2014-03-27,Daily Maverick,https://www.dailymaverick.co.za/article/2014-03-27-marikana-commission-a-cop-who-stands-for-truth-and-accountability/,https://dailymaverick.co.za/article/2014-03-27-marikana-commission-a-cop-who-stands-for-truth-and-accountability,1781,693dd9bbead752a9bb9a5f06b648c521d45957ebb9ae302499660d3e781bfe3f,valid_sha256,include_case_central,final_batch_03,review_batch_03_conservative_whole_queue_2026-08-23,retained_after_titlepair_review,DISC-MEDIA-0145,no_known_text_quality_exception,true
SEC-MEDIA-0253,secondary_keyword,Amcu Will Not Return To Work Without R12 500 Basic Wage,amcu will not return to work without r12 500 basic wage,2014,2014-03-27,Engineering News,https://www.engineeringnews.co.za/article/amcu-will-not-return-to-work-without-r12-500-basic-wage-2014-03-27,https://engineeringnews.co.za/article/amcu-will-not-return-to-work-without-r12-500-basic-wage-2014-03-27,596,486e0b55488498cf961d11d67cf06b1c384d5b7a68fff802aa8da529678a4d75,valid_sha256,include_2014_platinum_strike_lonmin,final_secondary_batch_02,secondary_batch_02_temporal_labour_review_2026-08-23,retained_after_titlepair_review,SEC-MEDIA-0253,no_known_text_quality_exception,true
SEC-MEDIA-0150,secondary_keyword,Amcu Coal Gold Strike Not Approved Nedlac,amcu coal gold strike not approved nedlac,2014,2014-03-28,Engineering News,https://www.engineeringnews.co.za/article/amcu-coal-gold-strike-not-approved-nedlac-2014-03-28,https://engineeringnews.co.za/article/amcu-coal-gold-strike-not-approved-nedlac-2014-03-28,582,646304e2dc7c27e6ea89526dc95a761c759c38875a58ecb7a88d71c32ec6dc2f,valid_sha256,include_2014_platinum_strike_lonmin,final_secondary_batch_02,secondary_batch_02_temporal_labour_review_2026-08-23,retained_after_titlepair_review,SEC-MEDIA-0150,no_known_text_quality_exception,true
DISC-MEDIA-0146,title_trigger,Marikana Commission Phase Two The Big Picture,marikana commission phase two the big picture,2014,2014-03-31,Daily Maverick,https://www.dailymaverick.co.za/article/2014-03-31-marikana-commission-phase-two-the-big-picture/,https://dailymaverick.co.za/article/2014-03-31-marikana-commission-phase-two-the-big-picture,961,eaa5cdc5d12138908340d973c135e094ce0b4f7a6e76dd8783e4fac58d871f17,valid_sha256,include_case_central,final_batch_03,review_batch_03_conservative_whole_queue_2026-08-23,retained_after_titlepair_review,DISC-MEDIA-0146,no_known_text_quality_exception,true
DISC-MEDIA-0370,title_trigger,Amcu Stands Firm On R12 500 Demand Lonmin Calls On Union To Reconsider 9,amcu stands firm on r12 500 demand lonmin calls on union to reconsider 9,2014,2014-04-03,Engineering News,https://www.engineeringnews.co.za/article/amcu-stands-firm-on-r12-500-demand-lonmin-calls-on-union-to-reconsider-9-2014-04-03,https://engineeringnews.co.za/article/amcu-stands-firm-on-r12-500-demand-lonmin-calls-on-union-to-reconsider-9-2014-04-03,812,040191d4838fb1777e4c09bf3b6553008fa940f303d62c3ea45a45d3654639b0,valid_sha256,include_case_central,final_batch_02,review_batch_02_explicit_id_review_2026-08-23,retained_after_titlepair_review,DISC-MEDIA-0370,no_known_text_quality_exception,true
DISC-MEDIA-0665,title_trigger,Strike Hit Mothers Have No Food To Put On The Table Lonmin,strike hit mothers have no food to put on the table lonmin,2014,2014-04-03,Engineering News,https://www.engineeringnews.co.za/article/strike-hit-mothers-have-no-food-to-put-on-the-table-lonmin-2014-04-03,https://engineeringnews.co.za/article/strike-hit-mothers-have-no-food-to-put-on-the-table-lonmin-2014-04-03,1284,d0d8ad3f9a97f83d690cfdf1aee34adabd26c811affcb9d66b3a98536ae8f3dc,valid_sha256,include_case_central,final_batch_03,review_batch_03_conservative_whole_queue_2026-08-23,retained_after_titlepair_review,DISC-MEDIA-0665,no_known_text_quality_exception,true
SEC-MEDIA-0018,secondary_keyword,Platinum Strike Miners Share Their Ordeal,platinum strike miners share their ordeal,2014,2014-04-04,Daily Maverick,https://www.dailymaverick.co.za/article/2014-04-04-platinum-strike-miners-share-their-ordeal/,https://dailymaverick.co.za/article/2014-04-04-platinum-strike-miners-share-their-ordeal,1172,b24ce1e46c4c35f0ae6004a79aecaa0df4d91d90f2dcc9e42176132ace6406a2,valid_sha256,include_case_central,final_secondary_batch_01,secondary_batch_01_acquired_text_2026-08-23,retained_after_titlepair_review,SEC-MEDIA-0018,no_known_text_quality_exception,true
DISC-MEDIA-0147,title_trigger,Marikana Commission Phase Two Migrancy,marikana commission phase two migrancy,2014,2014-04-10,Daily Maverick,https://www.dailymaverick.co.za/article/2014-04-10-marikana-commission-phase-two-migrancy/,https://dailymaverick.co.za/article/2014-04-10-marikana-commission-phase-two-migrancy,1044,d79a28efb7db3b3dc29478d363e7c374a560133de0e8b59c140f18d8043cc61c,valid_sha256,include_case_central,final_batch_03,review_batch_03_conservative_whole_queue_2026-08-23,retained_after_titlepair_review,DISC-MEDIA-0147,no_known_text_quality_exception,true
DISC-MEDIA-0666,title_trigger,Strike Hit Mothers Have No Food To Put On The Table Lonmin,strike hit mothers have no food to put on the table lonmin,2014,2014-04-11,Engineering News,https://www.engineeringnews.co.za/article/strike-hit-mothers-have-no-food-to-put-on-the-table-lonmin-2014-04-11,https://engineeringnews.co.za/article/strike-hit-mothers-have-no-food-to-put-on-the-table-lonmin-2014-04-11,1281,b061ee2c026f1e1ded40fb14df1df21e6dd308eb67d2e47baa13669c4bf671fa,valid_sha256,include_case_central,final_batch_03,review_batch_03_conservative_whole_queue_2026-08-23,redundant_republication,DISC-MEDIA-0665,no_known_text_quality_exception,false
DISC-MEDIA-0582,title_trigger,Miners Regress On Arv Treatment Lonmin,miners regress on arv treatment lonmin,2014,2014-04-14,Engineering News,https://www.engineeringnews.co.za/article/miners-regress-on-arv-treatment-lonmin-2014-04-14,https://engineeringnews.co.za/article/miners-regress-on-arv-treatment-lonmin-2014-04-14,624,32dff3710011ff2a46ffbbff828f71baf03bf4288a32ce55691254150f772aee,valid_sha256,include_case_central,final_batch_04,review_batch_04_source_specific_2026-08-23,retained_after_titlepair_review,DISC-MEDIA-0582,no_known_text_quality_exception,true
DISC-MEDIA-0148,title_trigger,Will Marikanas Mr X Be A Game Changer,will marikanas mr x be a game changer,2014,2014-04-15,Daily Maverick,https://www.dailymaverick.co.za/article/2014-04-15-will-marikanas-mr-x-be-a-game-changer/,https://dailymaverick.co.za/article/2014-04-15-will-marikanas-mr-x-be-a-game-changer,2369,a6d1a448c7d9ee053bcf3afd775513a0e4a22b93f83b815bf200c79c78c0fe85,valid_sha256,include_case_central,final_batch_03,review_batch_03_conservative_whole_queue_2026-08-23,retained_after_titlepair_review,DISC-MEDIA-0148,no_known_text_quality_exception,true
SEC-MEDIA-0183,secondary_keyword,Amcu Opens Strike Fund For Members Calls For Donations,amcu opens strike fund for members calls for donations,2014,2014-04-15,Engineering News,https://www.engineeringnews.co.za/article/amcu-opens-strike-fund-for-members-calls-for-donations-2014-04-15,https://engineeringnews.co.za/article/amcu-opens-strike-fund-for-members-calls-for-donations-2014-04-15,683,6bb6e17eb3005a5a2e8fb45d66d080ce0c5e6272b21b2a13d3a109ec6d5d9ebc,valid_sha256,include_2014_platinum_strike_lonmin,final_secondary_batch_02,secondary_batch_02_temporal_labour_review_2026-08-23,retained_after_titlepair_review,SEC-MEDIA-0183,no_known_text_quality_exception,true
SEC-MEDIA-0019,secondary_keyword,Platinum Strikes Discussions To Determine Platinum Belt Amcus Future,platinum strikes discussions to determine platinum belt amcus future,2014,2014-04-23,Daily Maverick,https://www.dailymaverick.co.za/article/2014-04-23-platinum-strikes-discussions-to-determine-platinum-belt-amcus-future/,https://dailymaverick.co.za/article/2014-04-23-platinum-strikes-discussions-to-determine-platinum-belt-amcus-future,1111,9991ae6a4b1843461beeecae98fe7760463144318b2c3b43c6fb8787eaa8854a,valid_sha256,include_2014_platinum_strike_lonmin,final_secondary_batch_02,secondary_batch_02_temporal_labour_review_2026-08-23,retained_after_titlepair_review,SEC-MEDIA-0019,no_known_text_quality_exception,true
SEC-MEDIA-0489,secondary_keyword,Platinum Strike Slashes Amplats Q1 Output By 39,platinum strike slashes amplats q1 output by 39,2014,2014-04-24,Engineering News,https://www.engineeringnews.co.za/article/platinum-strike-slashes-amplats-q1-output-by-39-2014-04-24,https://engineeringnews.co.za/article/platinum-strike-slashes-amplats-q1-output-by-39-2014-04-24,969,d3b4efebc0390097a7e88bcf30e306ee5061b61968de03cd041abbab02b29786,valid_sha256,include_2014_platinum_strike_lonmin,final_secondary_batch_02,secondary_batch_02_temporal_labour_review_2026-08-23,retained_after_titlepair_review,SEC-MEDIA-0489,no_known_text_quality_exception,true
SEC-MEDIA-0520,secondary_keyword,Safricas Amcu Says Wage Offer May Not Be Ready For Vote,safricas amcu says wage offer may not be ready for vote,2014,2014-04-24,Engineering News,https://www.engineeringnews.co.za/article/safricas-amcu-says-wage-offer-may-not-be-ready-for-vote-2014-04-24,https://engineeringnews.co.za/article/safricas-amcu-says-wage-offer-may-not-be-ready-for-vote-2014-04-24,409,2ef05c94f18c2821f985bc3aabf36c5cc3c483812928ef6b8c83c542c9dced1e,valid_sha256,include_2014_platinum_strike_lonmin,final_secondary_batch_03,secondary_batch_03_explicit_source_review_2026-08-24,retained_after_titlepair_review,SEC-MEDIA-0520,no_known_text_quality_exception,true
SEC-MEDIA-0216,secondary_keyword,Amcu Sidelined As Platinum Producers Take Offer Directly To Employees,amcu sidelined as platinum producers take offer directly to employees,2014,2014-04-25,Engineering News,https://www.engineeringnews.co.za/article/amcu-sidelined-as-platinum-producers-take-offer-directly-to-employees-2014-04-25,https://engineeringnews.co.za/article/amcu-sidelined-as-platinum-producers-take-offer-directly-to-employees-2014-04-25,765,fa1b5226f7f650dae70c5457afab8bebc5c3d8bfeffade178cf813936739152d,valid_sha256,include_lonmin_marikana_labour_governance,final_secondary_batch_01,secondary_batch_01_acquired_text_2026-08-23,retained_after_titlepair_review,SEC-MEDIA-0216,no_known_text_quality_exception,true
DISC-MEDIA-0149,title_trigger,A Luta Continua Amcu Decides In Zuma Free Marikana,a luta continua amcu decides in zuma free marikana,2014,2014-04-30,Daily Maverick,https://www.dailymaverick.co.za/article/2014-04-30-a-luta-continua-amcu-decides-in-zuma-free-marikana/,https://dailymaverick.co.za/article/2014-04-30-a-luta-continua-amcu-decides-in-zuma-free-marikana,1017,a17d34bfaaf47f824eb5a308182d08a7ade93324f742fa947e79c02e2b1ab221,valid_sha256,include_case_central,final_batch_03,review_batch_03_conservative_whole_queue_2026-08-23,retained_after_titlepair_review,DISC-MEDIA-0149,no_known_text_quality_exception,true
DISC-MEDIA-0150,title_trigger,Khayelitsha May Day Rally Silence On Zuma Nkandla And Marikana Not So On Enemies Of The Revolution,khayelitsha may day rally silence on zuma nkandla and marikana not so on enemies of the revolution,2014,2014-05-02,Daily Maverick,https://www.dailymaverick.co.za/article/2014-05-02-khayelitsha-may-day-rally-silence-on-zuma-nkandla-and-marikana-not-so-on-enemies-of-the-revolution/,https://dailymaverick.co.za/article/2014-05-02-khayelitsha-may-day-rally-silence-on-zuma-nkandla-and-marikana-not-so-on-enemies-of-the-revolution,1593,8958ace61c2f16524219beba46cadee4d31ae52d5cf904b804283aca98e37d0c,valid_sha256,include_case_central,final_batch_03,review_batch_03_conservative_whole_queue_2026-08-23,retained_after_titlepair_review,DISC-MEDIA-0150,no_known_text_quality_exception,true
DISC-MEDIA-0386,title_trigger,Community Lonmin To Pursue Equity Trust For Development,community lonmin to pursue equity trust for development,2014,2014-05-02,Engineering News,https://www.engineeringnews.co.za/article/community-lonmin-to-pursue-equity-trust-for-development-2014-05-02,https://engineeringnews.co.za/article/community-lonmin-to-pursue-equity-trust-for-development-2014-05-02,387,e32784d61058bd7717574594e9df318fbb4ff3a58863d250357ae793f6273ca7,valid_sha256,include_case_central,final_batch_03,review_batch_03_conservative_whole_queue_2026-08-23,retained_after_titlepair_review,DISC-MEDIA-0386,no_known_text_quality_exception,true
SEC-MEDIA-0437,secondary_keyword,No Current Negotiations After Amcu Members Resoundingly Rejected Latest Offer Mathunjwa,no current negotiations after amcu members resoundingly rejected latest offer mathunjwa,2014,2014-05-05,Engineering News,https://www.engineeringnews.co.za/article/no-current-negotiations-after-amcu-members-resoundingly-rejected-latest-offer-mathunjwa-2014-05-05,https://engineeringnews.co.za/article/no-current-negotiations-after-amcu-members-resoundingly-rejected-latest-offer-mathunjwa-2014-05-05,1389,e8a66bbdfc3c68fdd2cf301fdc8a737974e7fba31585055945c3bd12875be034,valid_sha256,include_2014_platinum_strike_lonmin,final_secondary_batch_02,secondary_batch_02_temporal_labour_review_2026-08-23,retained_after_titlepair_review,SEC-MEDIA-0437,no_known_text_quality_exception,true
DISC-MEDIA-0151,title_trigger,Elections In Marikana The Mining Belt Makes Its Mark In Pictures,elections in marikana the mining belt makes its mark in pictures,2014,2014-05-07,Daily Maverick,https://www.dailymaverick.co.za/article/2014-05-07-elections-in-marikana-the-mining-belt-makes-its-mark-in-pictures/,https://dailymaverick.co.za/article/2014-05-07-elections-in-marikana-the-mining-belt-makes-its-mark-in-pictures,122,24f0b9f71b0c108635d91bb84ad46eeb9e4a88d43dcd8425c9c65533191587a2,valid_sha256,include_case_central,final_batch_06,review_batch_06_explicit_source_checked_2026-08-23,retained_after_titlepair_review,DISC-MEDIA-0151,no_known_text_quality_exception,true
DISC-MEDIA-0418,title_trigger,Lonmin Aims For May 14 Restart In Challenge To Platinum Strike,lonmin aims for may 14 restart in challenge to platinum strike,2014,2014-05-09,Engineering News,https://www.engineeringnews.co.za/article/lonmin-aims-for-may-14-restart-in-challenge-to-platinum-strike-2014-05-09,https://engineeringnews.co.za/article/lonmin-aims-for-may-14-restart-in-challenge-to-platinum-strike-2014-05-09,812,021d81f4b5a6ae8e5f26d4a078d9849d64a23f55ca5eefaa7e089ebda5e9592b,valid_sha256,include_case_central,final_batch_02,review_batch_02_explicit_id_review_2026-08-23,retained_after_titlepair_review,DISC-MEDIA-0418,no_known_text_quality_exception,true
DISC-MEDIA-0680,title_trigger,Uphold Overwhelming Wish Of Workers To Return Pleads Lonmin,uphold overwhelming wish of workers to return pleads lonmin,2014,2014-05-12,Engineering News,https://www.engineeringnews.co.za/article/uphold-overwhelming-wish-of-workers-to-return-pleads-lonmin-2014-05-12,https://engineeringnews.co.za/article/uphold-overwhelming-wish-of-workers-to-return-pleads-lonmin-2014-05-12,1890,1814a8ca9ea1cd93e516d4a8d711bb2fdccb8b5bd8e204ec6fb8c737d9bd486e,valid_sha256,include_case_central,final_batch_03,review_batch_03_conservative_whole_queue_2026-08-23,retained_after_titlepair_review,DISC-MEDIA-0680,no_known_text_quality_exception,true
SEC-MEDIA-0497,secondary_keyword,Producers To Oppose Amcu Direct Communication Court Application,producers to oppose amcu direct communication court application,2014,2014-05-14,Engineering News,https://www.engineeringnews.co.za/article/producers-to-oppose-amcu-direct-communication-court-application-2014-05-14,https://engineeringnews.co.za/article/producers-to-oppose-amcu-direct-communication-court-application-2014-05-14,762,29f3ccaf5f91cb67d21655ac7e3a159afa9f91bb3ea9a0ffc8dc58ddf2889950,valid_sha256,include_2014_platinum_strike_lonmin,final_secondary_batch_02,secondary_batch_02_temporal_labour_review_2026-08-23,retained_after_titlepair_review,SEC-MEDIA-0497,no_known_text_quality_exception,true
DISC-MEDIA-0152,title_trigger,Marikana Commission Man And His Truth A Story Of The Policemen Who Was Not Afraid,marikana commission man and his truth a story of the policemen who was not afraid,2014,2014-05-15,Daily Maverick,https://www.dailymaverick.co.za/article/2014-05-15-marikana-commission-man-and-his-truth-a-story-of-the-policemen-who-was-not-afraid/,https://dailymaverick.co.za/article/2014-05-15-marikana-commission-man-and-his-truth-a-story-of-the-policemen-who-was-not-afraid,3660,dae8d1517500879e8b092418bd714ab21bc5121428997e959726247768323e92,valid_sha256,include_case_central,final_batch_03,review_batch_03_conservative_whole_queue_2026-08-23,retained_after_titlepair_review,DISC-MEDIA-0152,no_known_text_quality_exception,true
DISC-MEDIA-0153,title_trigger,Platinum Strikes The Marikana Standoff Continues,platinum strikes the marikana standoff continues,2014,2014-05-15,Daily Maverick,https://www.dailymaverick.co.za/article/2014-05-15-platinum-strikes-the-marikana-standoff-continues/,https://dailymaverick.co.za/article/2014-05-15-platinum-strikes-the-marikana-standoff-continues,1164,809069439d7132a418e75837ecdbc3cd351c1dff6080a4ecd13ad60bc3fab93a,valid_sha256,include_case_central,final_batch_03,review_batch_03_conservative_whole_queue_2026-08-23,retained_after_titlepair_review,DISC-MEDIA-0153,no_known_text_quality_exception,true
DISC-MEDIA-0154,title_trigger,Marikana Commission All For Nought,marikana commission all for nought,2014,2014-05-19,Daily Maverick,https://www.dailymaverick.co.za/article/2014-05-19-marikana-commission-all-for-nought/,https://dailymaverick.co.za/article/2014-05-19-marikana-commission-all-for-nought,753,38a0e6d7350fec8c9cbcd9aecc3b866b474a485ed0b1eeef79a26e8fde025f03,valid_sha256,include_case_central,final_batch_03,review_batch_03_conservative_whole_queue_2026-08-23,retained_after_titlepair_review,DISC-MEDIA-0154,no_known_text_quality_exception,true
DISC-MEDIA-0518,title_trigger,Lonmin To Oppose Amcu Labour Court Interdict,lonmin to oppose amcu labour court interdict,2014,2014-05-19,Engineering News,https://www.engineeringnews.co.za/article/lonmin-to-oppose-amcu-labour-court-interdict-2014-05-19,https://engineeringnews.co.za/article/lonmin-to-oppose-amcu-labour-court-interdict-2014-05-19,791,30e604dc30786ca181e956911ca6123214789a87ef6dc6b648343f5e06c0f2ac,valid_sha256,include_case_central,final_batch_02,review_batch_02_explicit_id_review_2026-08-23,retained_after_titlepair_review,DISC-MEDIA-0518,no_known_text_quality_exception,true
SEC-MEDIA-0429,secondary_keyword,Nedlac Wants Platinum Strike Resolved,nedlac wants platinum strike resolved,2014,2014-05-19,Engineering News,https://www.engineeringnews.co.za/article/nedlac-wants-platinum-strike-resolved-2014-05-19,https://engineeringnews.co.za/article/nedlac-wants-platinum-strike-resolved-2014-05-19,603,f4bb146a32841aad7dd9cd7643e50ad17d0917111bc8eca14c14d80904e44a1f,valid_sha256,include_2014_platinum_strike_lonmin,final_secondary_batch_02,secondary_batch_02_temporal_labour_review_2026-08-23,retained_after_titlepair_review,SEC-MEDIA-0429,no_known_text_quality_exception,true
SEC-MEDIA-0020,secondary_keyword,Platinum Strikes Lets See Yo Cards Boys,platinum strikes lets see yo cards boys,2014,2014-05-20,Daily Maverick,https://www.dailymaverick.co.za/article/2014-05-20-platinum-strikes-lets-see-yo-cards-boys/,https://dailymaverick.co.za/article/2014-05-20-platinum-strikes-lets-see-yo-cards-boys,1073,90ed97d85e91bb271b2efba527a4dfacad7947eb6d278d3a26b010c2c46af9b1,valid_sha256,include_case_central,final_secondary_batch_01,secondary_batch_01_acquired_text_2026-08-23,retained_after_titlepair_review,SEC-MEDIA-0020,no_known_text_quality_exception,true
SEC-MEDIA-0482,secondary_keyword,Platinum Producers Amcu Agree To Labour Court Mediation,platinum producers amcu agree to labour court mediation,2014,2014-05-20,Engineering News,https://www.engineeringnews.co.za/article/platinum-producers-amcu-agree-to-labour-court-mediation-2014-05-20,https://engineeringnews.co.za/article/platinum-producers-amcu-agree-to-labour-court-mediation-2014-05-20,491,e547c1ff7f1e7e91623a9f78abced872e2d31c72012864c590d6ad6bda7e0f90,valid_sha256,include_2014_platinum_strike_lonmin,final_secondary_batch_02,secondary_batch_02_temporal_labour_review_2026-08-23,retained_after_titlepair_review,SEC-MEDIA-0482,no_known_text_quality_exception,true
SEC-MEDIA-0194,secondary_keyword,Amcu Producers Optimistic About Talks,amcu producers optimistic about talks,2014,2014-05-21,Engineering News,https://www.engineeringnews.co.za/article/amcu-producers-optimistic-about-talks-2014-05-21,https://engineeringnews.co.za/article/amcu-producers-optimistic-about-talks-2014-05-21,621,06ad4a7cfbe34e8c751cdf52d3e1671e221d58ae7ceea3d95c2526f0358e909e,valid_sha256,include_2014_platinum_strike_lonmin,final_secondary_batch_02,secondary_batch_02_temporal_labour_review_2026-08-23,retained_after_titlepair_review,SEC-MEDIA-0194,no_known_text_quality_exception,true
DISC-MEDIA-0458,title_trigger,Lonmin Hit Hardest By Strike Third Capital Raising Expected,lonmin hit hardest by strike third capital raising expected,2014,2014-05-22,Engineering News,https://www.engineeringnews.co.za/article/lonmin-hit-hardest-by-strike-third-capital-raising-expected-2014-05-22,https://engineeringnews.co.za/article/lonmin-hit-hardest-by-strike-third-capital-raising-expected-2014-05-22,622,502260cde83d41b3ea9fefecd61f784850aa6308cdd9f516cfcd3a2b2d4a9126,valid_sha256,include_case_central,final_batch_03,review_batch_03_conservative_whole_queue_2026-08-23,retained_after_titlepair_review,DISC-MEDIA-0458,no_known_text_quality_exception,true
SEC-MEDIA-0490,secondary_keyword,Platinum Strike Threatens Contractor Longevity,platinum strike threatens contractor longevity,2014,2014-05-23,Engineering News,https://www.engineeringnews.co.za/article/platinum-strike-threatens-contractor-longevity-2014-05-23,https://engineeringnews.co.za/article/platinum-strike-threatens-contractor-longevity-2014-05-23,1027,d12f5553087ce21f55446c1d595e58fe5819e56a3a67f24f7c2f205955457ee4,valid_sha256,include_2014_platinum_strike_lonmin,final_secondary_batch_02,secondary_batch_02_temporal_labour_review_2026-08-23,retained_after_titlepair_review,SEC-MEDIA-0490,no_known_text_quality_exception,true
DISC-MEDIA-0155,title_trigger,A Roadshow Like No Other Striking Marikana Miners Looking To Win Hearts And Minds,a roadshow like no other striking marikana miners looking to win hearts and minds,2014,2014-05-26,Daily Maverick,https://www.dailymaverick.co.za/article/2014-05-26-a-roadshow-like-no-other-striking-marikana-miners-looking-to-win-hearts-and-minds/,https://dailymaverick.co.za/article/2014-05-26-a-roadshow-like-no-other-striking-marikana-miners-looking-to-win-hearts-and-minds,1264,ece16f57f253a86469e322fbe3ba6d1ddadc8e6fa0513984f28a96d11023a6e4,valid_sha256,include_case_central,final_batch_03,review_batch_03_conservative_whole_queue_2026-08-23,retained_after_titlepair_review,DISC-MEDIA-0155,no_known_text_quality_exception,true
SEC-MEDIA-0021,secondary_keyword,Platinum Strikes Hope For The Next Step But Which Way,platinum strikes hope for the next step but which way,2014,2014-05-27,Daily Maverick,https://www.dailymaverick.co.za/article/2014-05-27-platinum-strikes-hope-for-the-next-step-but-which-way/,https://dailymaverick.co.za/article/2014-05-27-platinum-strikes-hope-for-the-next-step-but-which-way,1210,4dd818dff759df97c6b042642c6b17446bbff90b6e5cd1846c65a4cc67e8117c,valid_sha256,include_case_central,final_secondary_batch_01,secondary_batch_01_acquired_text_2026-08-23,retained_after_titlepair_review,SEC-MEDIA-0021,no_known_text_quality_exception,true
SEC-MEDIA-0425,secondary_keyword,Minister Sets Up Technical Team To Resolve Platinum Strike,minister sets up technical team to resolve platinum strike,2014,2014-05-28,Engineering News,https://www.engineeringnews.co.za/article/minister-sets-up-technical-team-to-resolve-platinum-strike-2014-05-28,https://engineeringnews.co.za/article/minister-sets-up-technical-team-to-resolve-platinum-strike-2014-05-28,562,041bd4809716dffd226ebb0d6dc668c60d3abeb6e325927aa83ec34313fb5f1a,valid_sha256,include_2014_platinum_strike_lonmin,final_secondary_batch_02,secondary_batch_02_temporal_labour_review_2026-08-23,retained_after_titlepair_review,SEC-MEDIA-0425,no_known_text_quality_exception,true
DISC-MEDIA-0334,title_trigger,When The New Repeats The Old Marikana Haunts New Zuma Cabinet,when the new repeats the old marikana haunts new zuma cabinet,2014,2014-05-29,Daily Maverick,https://www.dailymaverick.co.za/opinionista/2014-05-29-when-the-new-repeats-the-old-marikana-haunts-new-zuma-cabinet/,https://dailymaverick.co.za/opinionista/2014-05-29-when-the-new-repeats-the-old-marikana-haunts-new-zuma-cabinet,982,bc65066a67a11ec2b033e0a50ceabf95bbf6b310df91d3a6b18e3aed9eb3f810,valid_sha256,include_case_central,final_batch_03,review_batch_03_conservative_whole_queue_2026-08-23,retained_after_titlepair_review,DISC-MEDIA-0334,no_known_text_quality_exception,true
SEC-MEDIA-0152,secondary_keyword,Amcu Considering All Options Negotiator,amcu considering all options negotiator,2014,2014-05-29,Engineering News,https://www.engineeringnews.co.za/article/amcu-considering-all-options-negotiator-2014-05-29,https://engineeringnews.co.za/article/amcu-considering-all-options-negotiator-2014-05-29,744,4db3dfd0288ebd3830c8bf13dde9be0a3bed26d981942694883c5015f3907f63,valid_sha256,include_2014_platinum_strike_lonmin,final_secondary_batch_02,secondary_batch_02_temporal_labour_review_2026-08-23,retained_after_titlepair_review,SEC-MEDIA-0152,no_known_text_quality_exception,true
SEC-MEDIA-0258,secondary_keyword,Amplats Implats Refute Amcu Tax Wage Evasion Claims,amplats implats refute amcu tax wage evasion claims,2014,2014-05-30,Engineering News,https://www.engineeringnews.co.za/article/amplats-implats-refute-amcu-tax-wage-evasion-claims-2014-05-30,https://engineeringnews.co.za/article/amplats-implats-refute-amcu-tax-wage-evasion-claims-2014-05-30,647,9106d1fa02f9c7f358dd584907e68c2cd01588866f8ca25e2c0f3ebc086130f9,valid_sha256,include_lonmin_marikana_labour_governance,final_secondary_batch_01,secondary_batch_01_acquired_text_2026-08-23,retained_after_titlepair_review,SEC-MEDIA-0258,no_known_text_quality_exception,true
SEC-MEDIA-0022,secondary_keyword,Platinum Strikes The Battle Intensifies,platinum strikes the battle intensifies,2014,2014-06-02,Daily Maverick,https://www.dailymaverick.co.za/article/2014-06-02-platinum-strikes-the-battle-intensifies/,https://dailymaverick.co.za/article/2014-06-02-platinum-strikes-the-battle-intensifies,1214,c93b1611df42acccf293707e9537137c57ef8120c4cd8acef5d6cdc345e8f79d,valid_sha256,include_case_central,final_secondary_batch_01,secondary_batch_01_acquired_text_2026-08-23,retained_after_titlepair_review,SEC-MEDIA-0022,no_known_text_quality_exception,true
SEC-MEDIA-0392,secondary_keyword,Labour Court Rules Against Amcu,labour court rules against amcu,2014,2014-06-02,Engineering News,https://www.engineeringnews.co.za/article/labour-court-rules-against-amcu-2014-06-02,https://engineeringnews.co.za/article/labour-court-rules-against-amcu-2014-06-02,575,9bbf8d4134450ac26f5118bf12129b83dc04edd0e6c79240c48ef646fe2b36d5,valid_sha256,include_2014_platinum_strike_lonmin,final_secondary_batch_02,secondary_batch_02_temporal_labour_review_2026-08-23,retained_after_titlepair_review,SEC-MEDIA-0392,no_known_text_quality_exception,true
SEC-MEDIA-0477,secondary_keyword,Platinum Companies Considering Amcus Latest Wage Proposal,platinum companies considering amcus latest wage proposal,2014,2014-06-04,Engineering News,https://www.engineeringnews.co.za/article/platinum-companies-considering-amcus-latest-wage-proposal-2014-06-04,https://engineeringnews.co.za/article/platinum-companies-considering-amcus-latest-wage-proposal-2014-06-04,764,925ad2f026296210c70f56427658fd2d9bf4fd187b37b5d5b3d2cf2a0d83941c,valid_sha256,include_2014_platinum_strike_lonmin,final_secondary_batch_02,secondary_batch_02_temporal_labour_review_2026-08-23,retained_after_titlepair_review,SEC-MEDIA-0477,no_known_text_quality_exception,true
SEC-MEDIA-0622,secondary_keyword,Sibanye Eyes Platinum Opportunities As Sector Overdue For Consolidation,sibanye eyes platinum opportunities as sector overdue for consolidation,2014,2014-06-04,Engineering News,https://www.engineeringnews.co.za/article/sibanye-eyes-platinum-opportunities-as-sector-overdue-for-consolidation-2014-06-04,https://engineeringnews.co.za/article/sibanye-eyes-platinum-opportunities-as-sector-overdue-for-consolidation-2014-06-04,807,1fd3d8ea181f613ade41f4a6a0d36b39d5f5166d5a733eeadef207c3e50c1819,valid_sha256,include_2014_platinum_strike_lonmin,final_secondary_batch_02,secondary_batch_02_temporal_labour_review_2026-08-23,retained_after_titlepair_review,SEC-MEDIA-0622,no_known_text_quality_exception,true
SEC-MEDIA-0169,secondary_keyword,Amcu Labour Case In Court,amcu labour case in court,2014,2014-06-05,Engineering News,https://www.engineeringnews.co.za/article/amcu-labour-case-in-court-2014-06-05,https://engineeringnews.co.za/article/amcu-labour-case-in-court-2014-06-05,560,362913f291bf9ec04b14f9b36c50265e9aeef794373990c41e0087a1a526bac4,valid_sha256,include_2014_platinum_strike_lonmin,final_secondary_batch_02,secondary_batch_02_temporal_labour_review_2026-08-23,retained_after_titlepair_review,SEC-MEDIA-0169,no_known_text_quality_exception,true
SEC-MEDIA-0024,secondary_keyword,Amcu Strike Ramathlodis Platinum Team Fizzles,amcu strike ramathlodis platinum team fizzles,2014,2014-06-09,Daily Maverick,https://www.dailymaverick.co.za/article/2014-06-09-amcu-strike-ramathlodis-platinum-team-fizzles/,https://dailymaverick.co.za/article/2014-06-09-amcu-strike-ramathlodis-platinum-team-fizzles,1439,9974ccb5079938b5cb9601a86494e383b95234dd9d8babefd61797b4a17c7ee1,valid_sha256,include_2014_platinum_strike_lonmin,final_secondary_batch_02,secondary_batch_02_temporal_labour_review_2026-08-23,retained_after_titlepair_review,SEC-MEDIA-0024,no_known_text_quality_exception,true
SEC-MEDIA-0025,secondary_keyword,Platinum Strike Ramatlhodi Out No End In Sight Whats Next,platinum strike ramatlhodi out no end in sight whats next,2014,2014-06-09,Daily Maverick,https://www.dailymaverick.co.za/article/2014-06-09-platinum-strike-ramatlhodi-out-no-end-in-sight-whats-next/,https://dailymaverick.co.za/article/2014-06-09-platinum-strike-ramatlhodi-out-no-end-in-sight-whats-next,964,8513ef6c58b431f4fea691ee05dc665a6a3da9ed2a883644301059169e69477c,valid_sha256,include_case_central,final_secondary_batch_01,secondary_batch_01_acquired_text_2026-08-23,retained_after_titlepair_review,SEC-MEDIA-0025,no_known_text_quality_exception,true
SEC-MEDIA-0280,secondary_keyword,As Stakeholders Negotiate Platinum Strike Costs Rise,as stakeholders negotiate platinum strike costs rise,2014,2014-06-09,Engineering News,https://www.engineeringnews.co.za/article/as-stakeholders-negotiate-platinum-strike-costs-rise-2014-06-09,https://engineeringnews.co.za/article/as-stakeholders-negotiate-platinum-strike-costs-rise-2014-06-09,591,b235ca9a8deb45af7ce19fc735fc920fb06243bb88942b008cf543ee3077c43f,valid_sha256,include_2014_platinum_strike_lonmin,final_secondary_batch_02,secondary_batch_02_temporal_labour_review_2026-08-23,retained_after_titlepair_review,SEC-MEDIA-0280,no_known_text_quality_exception,true
SEC-MEDIA-0424,secondary_keyword,Minister Pleads For Resolution At Mondays Platinum Strike Meeting,minister pleads for resolution at mondays platinum strike meeting,2014,2014-06-09,Engineering News,https://www.engineeringnews.co.za/article/minister-pleads-for-resolution-at-mondays-platinum-strike-meeting-2014-06-09,https://engineeringnews.co.za/article/minister-pleads-for-resolution-at-mondays-platinum-strike-meeting-2014-06-09,672,3f2fc35c4d7ba107976d6daeb2aa5f1b30ba51789884fcd60798a527df03f020,valid_sha256,include_2014_platinum_strike_lonmin,final_secondary_batch_02,secondary_batch_02_temporal_labour_review_2026-08-23,retained_after_titlepair_review,SEC-MEDIA-0424,no_known_text_quality_exception,true
SEC-MEDIA-0026,secondary_keyword,Platinum Strike Mining Minister Claims Hollow Victory,platinum strike mining minister claims hollow victory,2014,2014-06-11,Daily Maverick,https://www.dailymaverick.co.za/article/2014-06-11-platinum-strike-mining-minister-claims-hollow-victory/,https://dailymaverick.co.za/article/2014-06-11-platinum-strike-mining-minister-claims-hollow-victory,1173,a86656c10b1076db0d90c3656f3f8eda59e2a447082c4a2ab9da2681af631673,valid_sha256,include_case_central,final_secondary_batch_01,secondary_batch_01_acquired_text_2026-08-23,retained_after_titlepair_review,SEC-MEDIA-0026,no_known_text_quality_exception,true
SEC-MEDIA-0027,secondary_keyword,Platinum Strike Wages Politics And The Ancs False Boogeymen,platinum strike wages politics and the ancs false boogeymen,2014,2014-06-11,Daily Maverick,https://www.dailymaverick.co.za/article/2014-06-11-platinum-strike-wages-politics-and-the-ancs-false-boogeymen/,https://dailymaverick.co.za/article/2014-06-11-platinum-strike-wages-politics-and-the-ancs-false-boogeymen,1143,1eb83bd9cfafca80f1d319c7c8b46c347ce2090d4db029f4638ea3dfe48fb03e,valid_sha256,include_case_central,final_secondary_batch_01,secondary_batch_01_acquired_text_2026-08-23,retained_after_titlepair_review,SEC-MEDIA-0027,no_known_text_quality_exception,true
SEC-MEDIA-0028,secondary_keyword,Platinum Strike Never Ending Story Set To End,platinum strike never ending story set to end,2014,2014-06-12,Daily Maverick,https://www.dailymaverick.co.za/article/2014-06-12-platinum-strike-never-ending-story-set-to-end/,https://dailymaverick.co.za/article/2014-06-12-platinum-strike-never-ending-story-set-to-end,888,d586e987bd7a29581e41e7e0c5d1eee4a998aa31197667600364145135cf4e41,valid_sha256,include_case_central,final_secondary_batch_01,secondary_batch_01_acquired_text_2026-08-23,retained_after_titlepair_review,SEC-MEDIA-0028,no_known_text_quality_exception,true
SEC-MEDIA-0188,secondary_keyword,Amcu Platinum Producers Agree On In Principle Undertakings,amcu platinum producers agree on in principle undertakings,2014,2014-06-12,Engineering News,https://www.engineeringnews.co.za/article/amcu-platinum-producers-agree-on-in-principle-undertakings-2014-06-12,https://engineeringnews.co.za/article/amcu-platinum-producers-agree-on-in-principle-undertakings-2014-06-12,706,6d9433ad8b32f3a190d65e9a0100eb4d0aedac467664add4dc10fab517caf6ec,valid_sha256,include_2014_platinum_strike_lonmin,final_secondary_batch_02,secondary_batch_02_temporal_labour_review_2026-08-23,retained_after_titlepair_review,SEC-MEDIA-0188,no_known_text_quality_exception,true
SEC-MEDIA-0623,secondary_keyword,Sibanye Eyes Platinum Opportunities As Sector Overdue For Consolidation,sibanye eyes platinum opportunities as sector overdue for consolidation,2014,2014-06-13,Engineering News,https://www.engineeringnews.co.za/article/sibanye-eyes-platinum-opportunities-as-sector-overdue-for-consolidation-2014-06-13,https://engineeringnews.co.za/article/sibanye-eyes-platinum-opportunities-as-sector-overdue-for-consolidation-2014-06-13,801,030999f266fca3e57df7049821d09f4d9852bc8eabcf1b74f83e59fc50d6cfa0,valid_sha256,include_2014_platinum_strike_lonmin,final_secondary_batch_02,secondary_batch_02_temporal_labour_review_2026-08-23,redundant_republication,SEC-MEDIA-0622,no_known_text_quality_exception,false
DISC-MEDIA-0156,title_trigger,Marikana Commission When Warning Shots Kill And Wound,marikana commission when warning shots kill and wound,2014,2014-06-17,Daily Maverick,https://www.dailymaverick.co.za/article/2014-06-17-marikana-commission-when-warning-shots-kill-and-wound/,https://dailymaverick.co.za/article/2014-06-17-marikana-commission-when-warning-shots-kill-and-wound,3081,8930fc0d5e9beae79db687d6f637f77ee193db0f1916b610385b26f804ba3e91,valid_sha256,include_case_central,final_batch_03,review_batch_03_conservative_whole_queue_2026-08-23,retained_after_titlepair_review,DISC-MEDIA-0156,no_known_text_quality_exception,true
SEC-MEDIA-0417,secondary_keyword,Mining Companies Reviewing Amcu Response To Wage Offer,mining companies reviewing amcu response to wage offer,2014,2014-06-17,Engineering News,https://www.engineeringnews.co.za/article/mining-companies-reviewing-amcu-response-to-wage-offer-2014-06-17,https://engineeringnews.co.za/article/mining-companies-reviewing-amcu-response-to-wage-offer-2014-06-17,491,4ec02f22c387005b76a2274eb661c3cda7d040031ea371a8e18797aa315b2890,valid_sha256,include_2014_platinum_strike_lonmin,final_secondary_batch_02,secondary_batch_02_temporal_labour_review_2026-08-23,retained_after_titlepair_review,SEC-MEDIA-0417,no_known_text_quality_exception,true
SEC-MEDIA-0416,secondary_keyword,Mining Companies Meet With Amcu Over New Demands,mining companies meet with amcu over new demands,2014,2014-06-19,Engineering News,https://www.engineeringnews.co.za/article/mining-companies-meet-with-amcu-over-new-demands-2014-06-19,https://engineeringnews.co.za/article/mining-companies-meet-with-amcu-over-new-demands-2014-06-19,480,444c915aba9bf6bd9696053606f9f26ed201beab07d020a079306f327ba3ba34,valid_sha256,include_2014_platinum_strike_lonmin,final_secondary_batch_02,secondary_batch_02_temporal_labour_review_2026-08-23,retained_after_titlepair_review,SEC-MEDIA-0416,no_known_text_quality_exception,true
SEC-MEDIA-0476,secondary_keyword,Platinum Companies Amcu Meetings Continue,platinum companies amcu meetings continue,2014,2014-06-20,Engineering News,https://www.engineeringnews.co.za/article/platinum-companies-amcu-meetings-continue-2014-06-20,https://engineeringnews.co.za/article/platinum-companies-amcu-meetings-continue-2014-06-20,683,79d520c035ae6708d1cb9c4987004b548c2d1e6364793439af6cc8709e4e2aa2,valid_sha256,include_lonmin_marikana_labour_governance,final_secondary_batch_01,secondary_batch_01_acquired_text_2026-08-23,retained_after_titlepair_review,SEC-MEDIA-0476,no_known_text_quality_exception,true
SEC-MEDIA-0029,secondary_keyword,Platinum Strike No More After Losing R10 6 Billion In Wages Miners Claim Victory,platinum strike no more after losing r10 6 billion in wages miners claim victory,2014,2014-06-23,Daily Maverick,https://www.dailymaverick.co.za/article/2014-06-23-platinum-strike-no-more-after-losing-r10-6-billion-in-wages-miners-claim-victory/,https://dailymaverick.co.za/article/2014-06-23-platinum-strike-no-more-after-losing-r10-6-billion-in-wages-miners-claim-victory,1252,559a2657ffa189e849f5c673567844bf0e4c008c2c94a8c927ce46284e29bc1b,valid_sha256,include_2014_platinum_strike_lonmin,final_secondary_batch_02,secondary_batch_02_temporal_labour_review_2026-08-23,retained_after_titlepair_review,SEC-MEDIA-0029,no_known_text_quality_exception,true
SEC-MEDIA-0237,secondary_keyword,Amcu To Meet With Members To Discuss Companies Response,amcu to meet with members to discuss companies response,2014,2014-06-23,Engineering News,https://www.engineeringnews.co.za/article/amcu-to-meet-with-members-to-discuss-companies-response-2014-06-23,https://engineeringnews.co.za/article/amcu-to-meet-with-members-to-discuss-companies-response-2014-06-23,548,98c4d4e23505f632c9d5a67ebfc9fe59ffd34ab703486a3c98222c5fac3a7915,valid_sha256,include_2014_platinum_strike_lonmin,final_secondary_batch_02,secondary_batch_02_temporal_labour_review_2026-08-23,retained_after_titlepair_review,SEC-MEDIA-0237,no_known_text_quality_exception,true
SEC-MEDIA-0485,secondary_keyword,Platinum Strike Experience Should Strengthen Collective Bargaining Davies,platinum strike experience should strengthen collective bargaining davies,2014,2014-06-24,Engineering News,https://www.engineeringnews.co.za/article/platinum-strike-experience-should-strengthen-collective-bargaining-davies-2014-06-24,https://engineeringnews.co.za/article/platinum-strike-experience-should-strengthen-collective-bargaining-davies-2014-06-24,658,640784c10160d06dac9108801fc9e5c2dc31341d3bb6ca41190ee9c964087fc0,valid_sha256,include_2014_platinum_strike_lonmin,final_secondary_batch_02,secondary_batch_02_temporal_labour_review_2026-08-23,retained_after_titlepair_review,SEC-MEDIA-0485,no_known_text_quality_exception,true
DISC-MEDIA-0157,title_trigger,Marikana Commission Mr X Mr White,marikana commission mr x mr white,2014,2014-06-26,Daily Maverick,https://www.dailymaverick.co.za/article/2014-06-26-marikana-commission-mr-x-mr-white/,https://dailymaverick.co.za/article/2014-06-26-marikana-commission-mr-x-mr-white,1373,ad36361cb9edf2f6f3bb18037db93225f26af131d249753abcad84c4ddd5a77f,valid_sha256,include_case_central,final_batch_03,review_batch_03_conservative_whole_queue_2026-08-23,retained_after_titlepair_review,DISC-MEDIA-0157,no_known_text_quality_exception,true
SEC-MEDIA-0030,secondary_keyword,Groundup Who Won The Platinum Strike The Figures Speak.,groundup who won the platinum strike the figures speak,2014,2014-06-27,Daily Maverick,https://www.dailymaverick.co.za/article/2014-06-27-groundup-who-won-the-platinum-strike-the-figures-speak./,https://dailymaverick.co.za/article/2014-06-27-groundup-who-won-the-platinum-strike-the-figures-speak.,2015,e4d98e7d1816daa26a2066fd5a5d1d44342fabf08e32e3a68d3d8d520594a97d,valid_sha256,include_2014_platinum_strike_lonmin,final_secondary_batch_02,secondary_batch_02_temporal_labour_review_2026-08-23,retained_after_titlepair_review,SEC-MEDIA-0030,no_known_text_quality_exception,true
SEC-MEDIA-0031,secondary_keyword,Op Ed Amcu Victory Is More Than Just About The Figures,op ed amcu victory is more than just about the figures,2014,2014-06-29,Daily Maverick,https://www.dailymaverick.co.za/article/2014-06-29-op-ed-amcu-victory-is-more-than-just-about-the-figures/,https://dailymaverick.co.za/article/2014-06-29-op-ed-amcu-victory-is-more-than-just-about-the-figures,774,d8ef92c43450f831714215cc84cc1a8fa2e30e342e4ccef51d2d143eeeae84d5,valid_sha256,include_case_central,final_secondary_batch_01,secondary_batch_01_acquired_text_2026-08-23,retained_after_titlepair_review,SEC-MEDIA-0031,no_known_text_quality_exception,true
SEC-MEDIA-0116,secondary_keyword,After The Platinum Strike We Dare Not Fail Now,after the platinum strike we dare not fail now,2014,2014-06-30,Daily Maverick,https://www.dailymaverick.co.za/opinionista/2014-06-30-after-the-platinum-strike-we-dare-not-fail-now/,https://dailymaverick.co.za/opinionista/2014-06-30-after-the-platinum-strike-we-dare-not-fail-now,1192,09b0b173e9a350f03fc15d5f304b3cdccad29d33a409f15fcfba8ec134b2f347,valid_sha256,include_case_central,final_secondary_batch_01,secondary_batch_01_acquired_text_2026-08-23,retained_after_titlepair_review,SEC-MEDIA-0116,no_known_text_quality_exception,true
SEC-MEDIA-0117,secondary_keyword,Lessons From The Platinum Strike The Poison Of Inequality,lessons from the platinum strike the poison of inequality,2014,2014-07-01,Daily Maverick,https://www.dailymaverick.co.za/opinionista/2014-07-01-lessons-from-the-platinum-strike-the-poison-of-inequality/,https://dailymaverick.co.za/opinionista/2014-07-01-lessons-from-the-platinum-strike-the-poison-of-inequality,1058,cb3fd509defcbfd3cf23b50bea6a19c797e26e5ad8b5c3f0771148a053eafde1,valid_sha256,include_lonmin_marikana_labour_governance,final_secondary_batch_01,secondary_batch_01_acquired_text_2026-08-23,retained_after_titlepair_review,SEC-MEDIA-0117,no_known_text_quality_exception,true
DISC-MEDIA-0158,title_trigger,Marikana Commission Mr Xs Testimony Collapses Under Cross Examination,marikana commission mr xs testimony collapses under cross examination,2014,2014-07-04,Daily Maverick,https://www.dailymaverick.co.za/article/2014-07-04-marikana-commission-mr-xs-testimony-collapses-under-cross-examination/,https://dailymaverick.co.za/article/2014-07-04-marikana-commission-mr-xs-testimony-collapses-under-cross-examination,1489,8571d55889a79fe9ea299747b4c358d5704daa3a143576fdd24b714bbc042ba7,valid_sha256,include_case_central,final_batch_03,review_batch_03_conservative_whole_queue_2026-08-23,retained_after_titlepair_review,DISC-MEDIA-0158,no_known_text_quality_exception,true
SEC-MEDIA-0486,secondary_keyword,Platinum Strike Experience Should Strengthen Collective Bargaining Davies,platinum strike experience should strengthen collective bargaining davies,2014,2014-07-04,Engineering News,https://www.engineeringnews.co.za/article/platinum-strike-experience-should-strengthen-collective-bargaining-davies-2014-07-04,https://engineeringnews.co.za/article/platinum-strike-experience-should-strengthen-collective-bargaining-davies-2014-07-04,662,efee4e1cd4f6b9d8c5c7b29a93bbc07bffa83dbb2a1ce26ea7123ea7835731aa,valid_sha256,include_2014_platinum_strike_lonmin,final_secondary_batch_02,secondary_batch_02_temporal_labour_review_2026-08-23,redundant_republication,SEC-MEDIA-0485,no_known_text_quality_exception,false
DISC-MEDIA-0159,title_trigger,Daily Vox The Forgotten People Of Marikana,daily vox the forgotten people of marikana,2014,2014-07-10,Daily Maverick,https://www.dailymaverick.co.za/article/2014-07-10-daily-vox-the-forgotten-people-of-marikana/,https://dailymaverick.co.za/article/2014-07-10-daily-vox-the-forgotten-people-of-marikana,542,f5b53a85f0c2475802159e29f4d35a5ebebb685540b13c5a5885161ac5152b85,valid_sha256,include_case_central,final_batch_03,review_batch_03_conservative_whole_queue_2026-08-23,retained_after_titlepair_review,DISC-MEDIA-0159,no_known_text_quality_exception,true
DISC-MEDIA-0160,title_trigger,Marikana Commission Mthethwa Chooses Middle Road,marikana commission mthethwa chooses middle road,2014,2014-07-15,Daily Maverick,https://www.dailymaverick.co.za/article/2014-07-15-marikana-commission-mthethwa-chooses-middle-road/,https://dailymaverick.co.za/article/2014-07-15-marikana-commission-mthethwa-chooses-middle-road,1374,1500596334d85adca7f3f4aa6e9d2a39995394f5fadad8613ac4ec5633ca5a4a,valid_sha256,include_case_central,final_batch_03,review_batch_03_conservative_whole_queue_2026-08-23,retained_after_titlepair_review,DISC-MEDIA-0160,no_known_text_quality_exception,true
SEC-MEDIA-0397,secondary_keyword,Living Wages Living Allowances And The Platinum Strike,living wages living allowances and the platinum strike,2014,2014-07-18,Engineering News,https://www.engineeringnews.co.za/article/living-wages-living-allowances-and-the-platinum-strike-2014-07-18,https://engineeringnews.co.za/article/living-wages-living-allowances-and-the-platinum-strike-2014-07-18,1212,3b6ff986bdffefd58b2f1fa04d6f938d50070a72ad5c82158acaf7f692dd78cb,valid_sha256,include_case_central,final_secondary_batch_01,secondary_batch_01_acquired_text_2026-08-23,retained_after_titlepair_review,SEC-MEDIA-0397,no_known_text_quality_exception,true
DISC-MEDIA-0473,title_trigger,Lonmin Ops Ramping Up Normal Levels Expected By Q1 2015,lonmin ops ramping up normal levels expected by q1 2015,2014,2014-07-25,Engineering News,https://www.engineeringnews.co.za/article/lonmin-ops-ramping-up-normal-levels-expected-by-q1-2015-2014-07-25,https://engineeringnews.co.za/article/lonmin-ops-ramping-up-normal-levels-expected-by-q1-2015-2014-07-25,1196,f096edd11dd1145ee890d13829026729720b3a3194b80c2a21234efb38e45646,valid_sha256,include_case_central,final_batch_03,review_batch_03_conservative_whole_queue_2026-08-23,retained_after_titlepair_review,DISC-MEDIA-0473,no_known_text_quality_exception,true
DISC-MEDIA-0459,title_trigger,Lonmin Inks Landmark Bee Deals With Traditional Community,lonmin inks landmark bee deals with traditional community,2014,2014-07-30,Engineering News,https://www.engineeringnews.co.za/article/lonmin-inks-landmark-bee-deals-with-traditional-community-2014-07-30,https://engineeringnews.co.za/article/lonmin-inks-landmark-bee-deals-with-traditional-community-2014-07-30,1140,2b52a2f3771954cc9c0611a8c3969710cd78951799e379b6777994c8e36ea6df,valid_sha256,include_case_central,final_batch_03,review_batch_03_conservative_whole_queue_2026-08-23,retained_after_titlepair_review,DISC-MEDIA-0459,no_known_text_quality_exception,true
DISC-MEDIA-0460,title_trigger,Lonmin Inks Landmark Bee Deals With Traditional Community,lonmin inks landmark bee deals with traditional community,2014,2014-08-08,Engineering News,https://www.engineeringnews.co.za/article/lonmin-inks-landmark-bee-deals-with-traditional-community-2014-08-08,https://engineeringnews.co.za/article/lonmin-inks-landmark-bee-deals-with-traditional-community-2014-08-08,1138,ac249da6eb8907a731cc494bd8bba38ff9d1a2ccabe4d53746951ae0936de30a,valid_sha256,include_case_central,final_batch_03,review_batch_03_conservative_whole_queue_2026-08-23,redundant_republication,DISC-MEDIA-0459,no_known_text_quality_exception,false
DISC-MEDIA-0161,title_trigger,The Buffalo Prince And The Marikana Commission,the buffalo prince and the marikana commission,2014,2014-08-11,Daily Maverick,https://www.dailymaverick.co.za/article/2014-08-11-the-buffalo-prince-and-the-marikana-commission/,https://dailymaverick.co.za/article/2014-08-11-the-buffalo-prince-and-the-marikana-commission,1816,7c09bfb821bf9547f8fe1b045d18a3238ebb9e32cd1ee107295d14057031c303,valid_sha256,include_case_central,final_batch_03,review_batch_03_conservative_whole_queue_2026-08-23,retained_after_titlepair_review,DISC-MEDIA-0161,no_known_text_quality_exception,true
DISC-MEDIA-0612,title_trigger,Ramaphosa To Testify At Farlam Commission,ramaphosa to testify at farlam commission,2014,2014-08-11,Engineering News,https://www.engineeringnews.co.za/article/ramaphosa-to-testify-at-farlam-commission-2014-08-11,https://engineeringnews.co.za/article/ramaphosa-to-testify-at-farlam-commission-2014-08-11,718,f146d2664379ab15e3c9e3c6191936bab695e1d318b6a21a9650b39ed614a566,valid_sha256,include_case_central,final_batch_03,review_batch_03_conservative_whole_queue_2026-08-23,retained_after_titlepair_review,DISC-MEDIA-0612,no_known_text_quality_exception,true
SEC-MEDIA-0283,secondary_keyword,Black Owned Merafes Doubles Earnings Benefits From Platinum Strike,black owned merafes doubles earnings benefits from platinum strike,2014,2014-08-12,Engineering News,https://www.engineeringnews.co.za/article/black-owned-merafes-doubles-earnings-benefits-from-platinum-strike-2014-08-12,https://engineeringnews.co.za/article/black-owned-merafes-doubles-earnings-benefits-from-platinum-strike-2014-08-12,1191,3c56aa715934a8caa9f616029de6b2bfdeef7a3fbdef0b88fcfba5366e784005,valid_sha256,include_case_central,final_secondary_batch_01,secondary_batch_01_acquired_text_2026-08-23,retained_after_titlepair_review,SEC-MEDIA-0283,no_known_text_quality_exception,true
DISC-MEDIA-0610,title_trigger,Ramaphosa Questioned About Marikana Inaction,ramaphosa questioned about marikana inaction,2014,2014-08-12,Engineering News,https://www.engineeringnews.co.za/article/ramaphosa-questioned-about-marikana-inaction-2014-08-12,https://engineeringnews.co.za/article/ramaphosa-questioned-about-marikana-inaction-2014-08-12,685,7eca024ba909dab5f7c424731ea32fcba06ec2b2c6237d280f11f8525211bb26,valid_sha256,include_case_central,final_batch_03,review_batch_03_conservative_whole_queue_2026-08-23,retained_after_titlepair_review,DISC-MEDIA-0610,no_known_text_quality_exception,true
DISC-MEDIA-0162,title_trigger,Marikana Commission Families Speak,marikana commission families speak,2014,2014-08-14,Daily Maverick,https://www.dailymaverick.co.za/article/2014-08-14-marikana-commission-families-speak/,https://dailymaverick.co.za/article/2014-08-14-marikana-commission-families-speak,989,d54048b98058340c700b40a116c4610325c354686a7204d82b1e041ed00a6956,valid_sha256,include_case_central,final_batch_03,review_batch_03_conservative_whole_queue_2026-08-23,retained_after_titlepair_review,DISC-MEDIA-0162,no_known_text_quality_exception,true
DISC-MEDIA-0163,title_trigger,Marikana Two Years On Cape Towns Protest Artists Remember The Dead,marikana two years on cape towns protest artists remember the dead,2014,2014-08-15,Daily Maverick,https://www.dailymaverick.co.za/article/2014-08-15-marikana-two-years-on-cape-towns-protest-artists-remember-the-dead/,https://dailymaverick.co.za/article/2014-08-15-marikana-two-years-on-cape-towns-protest-artists-remember-the-dead,1115,2e76a4fd36136eab9f8224c16897c731b8e5b85449628f73151af0dfa24b04d3,valid_sha256,include_case_central,final_batch_03,review_batch_03_conservative_whole_queue_2026-08-23,retained_after_titlepair_review,DISC-MEDIA-0163,no_known_text_quality_exception,true
DISC-MEDIA-0164,title_trigger,Editorial Never Forget Marikana,editorial never forget marikana,2014,2014-08-17,Daily Maverick,https://www.dailymaverick.co.za/article/2014-08-17-editorial-never-forget-marikana/,https://dailymaverick.co.za/article/2014-08-17-editorial-never-forget-marikana,1642,93bbf3f169e859c64e60cdd4359607c49de3e9d4ca5ceaf229c6324783405914,valid_sha256,include_case_central,final_batch_03,review_batch_03_conservative_whole_queue_2026-08-23,retained_after_titlepair_review,DISC-MEDIA-0164,no_known_text_quality_exception,true
SEC-MEDIA-0235,secondary_keyword,Amcu To Fight Amplats Sale,amcu to fight amplats sale,2014,2014-08-18,Engineering News,https://www.engineeringnews.co.za/article/amcu-to-fight-amplats-sale-2014-08-18,https://engineeringnews.co.za/article/amcu-to-fight-amplats-sale-2014-08-18,589,c0c7fa065c3e7defbe97db71a9e498128d0f6c04b5a1d01fac72ab71515fcfcd,valid_sha256,include_case_central,final_secondary_batch_01,secondary_batch_01_acquired_text_2026-08-23,retained_after_titlepair_review,SEC-MEDIA-0235,no_known_text_quality_exception,true
DISC-MEDIA-0165,title_trigger,Marikana Where Art Thou,marikana where art thou,2014,2014-08-19,Daily Maverick,https://www.dailymaverick.co.za/article/2014-08-19-marikana-where-art-thou/,https://dailymaverick.co.za/article/2014-08-19-marikana-where-art-thou,1148,bf0443fddaaa0c44b92aed2b22f19591cb4f50211ee03ce7a597feb204360f40,valid_sha256,include_case_central,final_batch_03,review_batch_03_conservative_whole_queue_2026-08-23,retained_after_titlepair_review,DISC-MEDIA-0165,no_known_text_quality_exception,true
SEC-MEDIA-0484,secondary_keyword,Platinum Strike Consequences Starting To Take Shape,platinum strike consequences starting to take shape,2014,2014-08-22,Engineering News,https://www.engineeringnews.co.za/article/platinum-strike-consequences-starting-to-take-shape-2014-08-22,https://engineeringnews.co.za/article/platinum-strike-consequences-starting-to-take-shape-2014-08-22,1286,4e7fe7e2c3173f56b07985419fdad2ec44a441fc6bef92c5dacd465c1a2ddff7,valid_sha256,include_case_central,final_secondary_batch_01,secondary_batch_01_acquired_text_2026-08-23,retained_after_titlepair_review,SEC-MEDIA-0484,no_known_text_quality_exception,true
DISC-MEDIA-0335,title_trigger,Marikana Not The Place For Political Grandstanding,marikana not the place for political grandstanding,2014,2014-08-25,Daily Maverick,https://www.dailymaverick.co.za/opinionista/2014-08-25-marikana-not-the-place-for-political-grandstanding/,https://dailymaverick.co.za/opinionista/2014-08-25-marikana-not-the-place-for-political-grandstanding,806,6491f305cb678a5fdeddadfe91148a12a08e11013bb80578cf944842ca12f09c,valid_sha256,include_case_central,final_batch_03,review_batch_03_conservative_whole_queue_2026-08-23,retained_after_titlepair_review,DISC-MEDIA-0335,no_known_text_quality_exception,true
DISC-MEDIA-0166,title_trigger,Marikana Commission Minister Shabangu Cant Act,marikana commission minister shabangu cant act,2014,2014-08-26,Daily Maverick,https://www.dailymaverick.co.za/article/2014-08-26-marikana-commission-minister-shabangu-cant-act/,https://dailymaverick.co.za/article/2014-08-26-marikana-commission-minister-shabangu-cant-act,1195,a9d175489997146b25429537ed86a5a544daef0967ddb3585234adbd7d923637,valid_sha256,include_case_central,final_batch_03,review_batch_03_conservative_whole_queue_2026-08-23,retained_after_titlepair_review,DISC-MEDIA-0166,no_known_text_quality_exception,true
DISC-MEDIA-0167,title_trigger,Marikana When Comrades Clash It Is The Truth That Suffers,marikana when comrades clash it is the truth that suffers,2014,2014-09-01,Daily Maverick,https://www.dailymaverick.co.za/article/2014-09-01-marikana-when-comrades-clash-it-is-the-truth-that-suffers/,https://dailymaverick.co.za/article/2014-09-01-marikana-when-comrades-clash-it-is-the-truth-that-suffers,2293,cabe161d2194ff62e9a8b17dccd19cbe8bc06d299f937bf94d46edca7fb22d6e,valid_sha256,include_case_central,final_batch_03,review_batch_03_conservative_whole_queue_2026-08-23,retained_after_titlepair_review,DISC-MEDIA-0167,no_known_text_quality_exception,true
DISC-MEDIA-0168,title_trigger,Marikana Commission Lonmin Under A Scorching Spotlight,marikana commission lonmin under a scorching spotlight,2014,2014-09-15,Daily Maverick,https://www.dailymaverick.co.za/article/2014-09-15-marikana-commission-lonmin-under-a-scorching-spotlight/,https://dailymaverick.co.za/article/2014-09-15-marikana-commission-lonmin-under-a-scorching-spotlight,1793,3ba5c6ff4438257dbd34e4d6c364fa30666258088ab8848c6625e4af7e4ddd2f,valid_sha256,include_case_central,final_batch_03,review_batch_03_conservative_whole_queue_2026-08-23,retained_after_titlepair_review,DISC-MEDIA-0168,no_known_text_quality_exception,true
DISC-MEDIA-0169,title_trigger,Marikana Commission Questions Unanswered,marikana commission questions unanswered,2014,2014-09-17,Daily Maverick,https://www.dailymaverick.co.za/article/2014-09-17-marikana-commission-questions-unanswered/,https://dailymaverick.co.za/article/2014-09-17-marikana-commission-questions-unanswered,1109,d2f51da9cc10408bdd33c48df876ad84ffe129183a0b1ea2c1d920ea6668a9c2,valid_sha256,include_case_central,final_batch_03,review_batch_03_conservative_whole_queue_2026-08-23,retained_after_titlepair_review,DISC-MEDIA-0169,no_known_text_quality_exception,true
DISC-MEDIA-0336,title_trigger,Without A Trace Lonmins Bermuda Connection,without a trace lonmins bermuda connection,2014,2014-09-19,Daily Maverick,https://www.dailymaverick.co.za/opinionista/2014-09-19-without-a-trace-lonmins-bermuda-connection/,https://dailymaverick.co.za/opinionista/2014-09-19-without-a-trace-lonmins-bermuda-connection,1231,4de5baa6d58b8029da8ff5149d95a3589c43c8c38397cf58f2e22c9eecf56842,valid_sha256,include_case_central,final_batch_03,review_batch_03_conservative_whole_queue_2026-08-23,retained_after_titlepair_review,DISC-MEDIA-0336,no_known_text_quality_exception,true
DISC-MEDIA-0447,title_trigger,Lonmin Denies Allegations Of Tax Evasion,lonmin denies allegations of tax evasion,2014,2014-09-23,Engineering News,https://www.engineeringnews.co.za/article/lonmin-denies-allegations-of-tax-evasion-2014-09-23,https://engineeringnews.co.za/article/lonmin-denies-allegations-of-tax-evasion-2014-09-23,666,ce75783b3d98db6feae876ac1175320d5b4b34adf26a63e7634fc9502f99136c,valid_sha256,include_case_central,final_batch_06,review_batch_06_explicit_source_checked_2026-08-23,retained_after_titlepair_review,DISC-MEDIA-0447,no_known_text_quality_exception,true
DISC-MEDIA-0170,title_trigger,Marikana Sceptical Miners Await An End To The Farlam Commission,marikana sceptical miners await an end to the farlam commission,2014,2014-09-25,Daily Maverick,https://www.dailymaverick.co.za/article/2014-09-25-marikana-sceptical-miners-await-an-end-to-the-farlam-commission/,https://dailymaverick.co.za/article/2014-09-25-marikana-sceptical-miners-await-an-end-to-the-farlam-commission,1022,6ad08e8ba2d4ae05239f703af7b79b49bdeb6495cf204c103d7b595e55a88854,valid_sha256,include_case_central,final_batch_03,review_batch_03_conservative_whole_queue_2026-08-23,retained_after_titlepair_review,DISC-MEDIA-0170,no_known_text_quality_exception,true
SEC-MEDIA-0492,secondary_keyword,Platinum Strikers Could Have Shot Themselves In The Foot,platinum strikers could have shot themselves in the foot,2014,2014-09-26,Engineering News,https://www.engineeringnews.co.za/article/platinum-strikers-could-have-shot-themselves-in-the-foot-2014-09-26,https://engineeringnews.co.za/article/platinum-strikers-could-have-shot-themselves-in-the-foot-2014-09-26,992,3b872a9daadbaf495b0b7f1e6d09a31217bf561fe19a36227990543a47fad8fd,valid_sha256,include_2014_platinum_strike_lonmin,final_secondary_batch_02,secondary_batch_02_temporal_labour_review_2026-08-23,retained_after_titlepair_review,SEC-MEDIA-0492,no_known_text_quality_exception,true
DISC-MEDIA-0171,title_trigger,Marikana The Musical A Tale Of Democracys Pitfalls,marikana the musical a tale of democracys pitfalls,2014,2014-10-09,Daily Maverick,https://www.dailymaverick.co.za/article/2014-10-09-marikana-the-musical-a-tale-of-democracys-pitfalls/,https://dailymaverick.co.za/article/2014-10-09-marikana-the-musical-a-tale-of-democracys-pitfalls,805,40763495c8965dea56e976b98131aa978a159ccd3c3eb6d3ccc097df51089436,valid_sha256,include_case_central,final_batch_03,review_batch_03_conservative_whole_queue_2026-08-23,retained_after_titlepair_review,DISC-MEDIA-0171,no_known_text_quality_exception,true
DISC-MEDIA-0172,title_trigger,Marikana Dont Touch Lonmin On Its Bermuda,marikana dont touch lonmin on its bermuda,2014,2014-10-12,Daily Maverick,https://www.dailymaverick.co.za/article/2014-10-12-marikana-dont-touch-lonmin-on-its-bermuda/,https://dailymaverick.co.za/article/2014-10-12-marikana-dont-touch-lonmin-on-its-bermuda,1369,46fd007fe9460d87cf3c5dc86f4e81211fdb6da9d1668311e36660fb8d46e1ff,valid_sha256,include_case_central,final_batch_03,review_batch_03_conservative_whole_queue_2026-08-23,retained_after_titlepair_review,DISC-MEDIA-0172,no_known_text_quality_exception,true
DISC-MEDIA-0417,title_trigger,Lonmin Accused Of Prolonging Platinum Strike By Hiding Revenue,lonmin accused of prolonging platinum strike by hiding revenue,2014,2014-10-24,Engineering News,https://www.engineeringnews.co.za/article/lonmin-accused-of-prolonging-platinum-strike-by-hiding-revenue-2014-10-24,https://engineeringnews.co.za/article/lonmin-accused-of-prolonging-platinum-strike-by-hiding-revenue-2014-10-24,757,2d94785f36b22a8a5121cafb76605cfe17a5d0dd89c75c1fc1997538cf2bccba,valid_sha256,include_case_central,final_batch_03,review_batch_03_conservative_whole_queue_2026-08-23,retained_after_titlepair_review,DISC-MEDIA-0417,no_known_text_quality_exception,true
DISC-MEDIA-0173,title_trigger,Marikana The List Of Accused,marikana the list of accused,2014,2014-10-31,Daily Maverick,https://www.dailymaverick.co.za/article/2014-10-31-marikana-the-list-of-accused/,https://dailymaverick.co.za/article/2014-10-31-marikana-the-list-of-accused,1534,359892a1ca58a73db02b2dc70e32cf5bfd3a84dffed5aaf1f4c962ed801fdfd2,valid_sha256,include_case_central,final_batch_03,review_batch_03_conservative_whole_queue_2026-08-23,retained_after_titlepair_review,DISC-MEDIA-0173,no_known_text_quality_exception,true
DISC-MEDIA-0174,title_trigger,Marikana How The Police Constructed Their Story,marikana how the police constructed their story,2014,2014-11-05,Daily Maverick,https://www.dailymaverick.co.za/article/2014-11-05-marikana-how-the-police-constructed-their-story/,https://dailymaverick.co.za/article/2014-11-05-marikana-how-the-police-constructed-their-story,723,e95daeeba86266aeb060e274084412d4f08d300f6bb616b5caa142a66de5b36f,valid_sha256,include_case_central,final_batch_03,review_batch_03_conservative_whole_queue_2026-08-23,retained_after_titlepair_review,DISC-MEDIA-0174,no_known_text_quality_exception,true
DISC-MEDIA-0175,title_trigger,Marikana Lonmins Broken Promises,marikana lonmins broken promises,2014,2014-11-05,Daily Maverick,https://www.dailymaverick.co.za/article/2014-11-05-marikana-lonmins-broken-promises/,https://dailymaverick.co.za/article/2014-11-05-marikana-lonmins-broken-promises,597,a4be05779666c1e57b87b5cfc768597db9663785c6c918398e4ee6944786fe76,valid_sha256,include_case_central,final_batch_03,review_batch_03_conservative_whole_queue_2026-08-23,retained_after_titlepair_review,DISC-MEDIA-0175,no_known_text_quality_exception,true
DISC-MEDIA-0176,title_trigger,Marikana Phiyega Not Fit For Office,marikana phiyega not fit for office,2014,2014-11-05,Daily Maverick,https://www.dailymaverick.co.za/article/2014-11-05-marikana-phiyega-not-fit-for-office/,https://dailymaverick.co.za/article/2014-11-05-marikana-phiyega-not-fit-for-office,764,7f2a1b46445a8efa1ac515a01684474b1ede5238fd587b7369fabbf8b18cb1ad,valid_sha256,include_case_central,final_batch_03,review_batch_03_conservative_whole_queue_2026-08-23,retained_after_titlepair_review,DISC-MEDIA-0176,no_known_text_quality_exception,true
DISC-MEDIA-0177,title_trigger,Marikana Time To Meet The Commissioners,marikana time to meet the commissioners,2014,2014-11-07,Daily Maverick,https://www.dailymaverick.co.za/article/2014-11-07-marikana-time-to-meet-the-commissioners/,https://dailymaverick.co.za/article/2014-11-07-marikana-time-to-meet-the-commissioners,1358,0cc636534549086049863dfedda417d976644993577a0df3232e7d8aeebdf56c,valid_sha256,include_case_central,final_batch_03,review_batch_03_conservative_whole_queue_2026-08-23,retained_after_titlepair_review,DISC-MEDIA-0177,no_known_text_quality_exception,true
DISC-MEDIA-0178,title_trigger,Marikana Commission Ramaphosa Mpofus Number One,marikana commission ramaphosa mpofus number one,2014,2014-11-13,Daily Maverick,https://www.dailymaverick.co.za/article/2014-11-13-marikana-commission-ramaphosa-mpofus-number-one/,https://dailymaverick.co.za/article/2014-11-13-marikana-commission-ramaphosa-mpofus-number-one,1324,a1de6ec7a006813c80cbe185a8a5d858d1bbfb2781361cff57fa2a9f7a43264a,valid_sha256,include_case_central,final_batch_03,review_batch_03_conservative_whole_queue_2026-08-23,retained_after_titlepair_review,DISC-MEDIA-0178,no_known_text_quality_exception,true
DISC-MEDIA-0179,title_trigger,Marikana Commission Compensate The Relatives,marikana commission compensate the relatives,2014,2014-11-14,Daily Maverick,https://www.dailymaverick.co.za/article/2014-11-14-marikana-commission-compensate-the-relatives/,https://dailymaverick.co.za/article/2014-11-14-marikana-commission-compensate-the-relatives,1329,1aadd9b6c8ed1f15934cd12f4b07646b66a7ae22011b8e03436a2a9b2851ec6a,valid_sha256,include_case_central,final_batch_03,review_batch_03_conservative_whole_queue_2026-08-23,retained_after_titlepair_review,DISC-MEDIA-0179,no_known_text_quality_exception,true
DISC-MEDIA-0546,title_trigger,Lrc Holding Saps And Lonmin Responsible For Deaths And Injuries Of Mineworkers,lrc holding saps and lonmin responsible for deaths and injuries of mineworkers,2014,2014-11-14,Engineering News,https://www.engineeringnews.co.za/article/lrc-holding-saps-and-lonmin-responsible-for-deaths-and-injuries-of-mineworkers-2014-11-14,https://engineeringnews.co.za/article/lrc-holding-saps-and-lonmin-responsible-for-deaths-and-injuries-of-mineworkers-2014-11-14,264,fb225216f881f4b73cd58febf7830f5f3b4fa74e39be79d9290157eab194a9b1,suspected_extraction_hash_collision,include_case_central,final_batch_04,review_batch_04_source_specific_2026-08-23,retained_after_titlepair_review,DISC-MEDIA-0546,persistent_extraction_hash_collision,false
DISC-MEDIA-0180,title_trigger,The Closing Of The Marikana Commission The Thin Blue Lie,the closing of the marikana commission the thin blue lie,2014,2014-11-18,Daily Maverick,https://www.dailymaverick.co.za/article/2014-11-18-the-closing-of-the-marikana-commission-the-thin-blue-lie/,https://dailymaverick.co.za/article/2014-11-18-the-closing-of-the-marikana-commission-the-thin-blue-lie,1609,1c98b326e2c74d1977d3f8bd49caad6ece7b9a6af61ebfdca366c4b07bd71ca1,valid_sha256,include_case_central,final_batch_03,review_batch_03_conservative_whole_queue_2026-08-23,retained_after_titlepair_review,DISC-MEDIA-0180,no_known_text_quality_exception,true
DISC-MEDIA-0181,title_trigger,Op Ed After Marikana Commission What Now,op ed after marikana commission what now,2014,2014-11-26,Daily Maverick,https://www.dailymaverick.co.za/article/2014-11-26-op-ed-after-marikana-commission-what-now/,https://dailymaverick.co.za/article/2014-11-26-op-ed-after-marikana-commission-what-now,1931,0d10ad3d623a78e3384f1e18747cb2069b1ef6691ef19f1654ea1e77dd17a256,valid_sha256,include_case_central,final_batch_03,review_batch_03_conservative_whole_queue_2026-08-23,retained_after_titlepair_review,DISC-MEDIA-0181,no_known_text_quality_exception,true
DISC-MEDIA-0436,title_trigger,Lonmin Communities Celebrate Conclusion Of Bee Deals,lonmin communities celebrate conclusion of bee deals,2014,2014-12-04,Engineering News,https://www.engineeringnews.co.za/article/lonmin-communities-celebrate-conclusion-of-bee-deals-2014-12-04,https://engineeringnews.co.za/article/lonmin-communities-celebrate-conclusion-of-bee-deals-2014-12-04,975,a2ee63156888b349362f4ec725b7d6e040e6b5ca6dfc96c13b2872667e986803,valid_sha256,include_case_central,final_batch_03,review_batch_03_conservative_whole_queue_2026-08-23,retained_after_titlepair_review,DISC-MEDIA-0436,no_known_text_quality_exception,true
DISC-MEDIA-0433,title_trigger,Lonmin Closes Bee Equity Gap,lonmin closes bee equity gap,2014,2014-12-05,Engineering News,https://www.engineeringnews.co.za/article/lonmin-closes-bee-equity-gap-2014-12-05,https://engineeringnews.co.za/article/lonmin-closes-bee-equity-gap-2014-12-05,572,34418a0756a12948d478d88f7e0cef4c9dfe25445b357f8be469264f9b8142af,valid_sha256,include_case_central,final_batch_03,review_batch_03_conservative_whole_queue_2026-08-23,retained_after_titlepair_review,DISC-MEDIA-0433,no_known_text_quality_exception,true
DISC-MEDIA-0419,title_trigger,Lonmin Amcu Celebrate Finalisation Of Landmark Bee Equity Deal,lonmin amcu celebrate finalisation of landmark bee equity deal,2014,2014-12-12,Engineering News,https://www.engineeringnews.co.za/article/lonmin-amcu-celebrate-finalisation-of-landmark-bee-equity-deal-2014-12-12,https://engineeringnews.co.za/article/lonmin-amcu-celebrate-finalisation-of-landmark-bee-equity-deal-2014-12-12,962,3ffb2c1161ceeeeb6c9ec3c9296f44d940fca2c67395036998153683a2106cf5,valid_sha256,include_case_central,final_batch_03,review_batch_03_conservative_whole_queue_2026-08-23,retained_after_titlepair_review,DISC-MEDIA-0419,no_known_text_quality_exception,true
SEC-MEDIA-0033,secondary_keyword,Mining And Money Sibanyes Struggle To Avoid A Repeat Of History,mining and money sibanyes struggle to avoid a repeat of history,2015,2015-03-16,Daily Maverick,https://www.dailymaverick.co.za/article/2015-03-16-mining-and-money-sibanyes-struggle-to-avoid-a-repeat-of-history/,https://dailymaverick.co.za/article/2015-03-16-mining-and-money-sibanyes-struggle-to-avoid-a-repeat-of-history,1423,0d27e12347a93221325b338db570d7eb2d06594b88ffc8434a602080394cecbf,valid_sha256,include_case_central,final_secondary_batch_01,secondary_batch_01_acquired_text_2026-08-23,retained_after_titlepair_review,SEC-MEDIA-0033,no_known_text_quality_exception,true
DISC-MEDIA-0389,title_trigger,Community Members Challenge Legality Of R564M Lonmin Bee Deal,community members challenge legality of r564m lonmin bee deal,2015,2015-03-17,Engineering News,https://www.engineeringnews.co.za/article/community-members-challenge-legality-of-r564m-lonmin-bee-deal-2015-03-17,https://engineeringnews.co.za/article/community-members-challenge-legality-of-r564m-lonmin-bee-deal-2015-03-17,1023,ea74e7cb4997c221bd9d760a74fcc3db8cb28b6a3f4798461ba9d9f3bbd2ac69,valid_sha256,include_case_central,final_batch_03,review_batch_03_conservative_whole_queue_2026-08-23,retained_after_titlepair_review,DISC-MEDIA-0389,no_known_text_quality_exception,true
DISC-MEDIA-0573,title_trigger,Marikana Report To Zuma By Tuesday,marikana report to zuma by tuesday,2015,2015-03-30,Engineering News,https://www.engineeringnews.co.za/article/marikana-report-to-zuma-by-tuesday-2015-03-30,https://engineeringnews.co.za/article/marikana-report-to-zuma-by-tuesday-2015-03-30,495,90402ca2158e96a0f563f2277732c99ccb4fd7c83897720a006d20de437a923f,valid_sha256,include_case_central,final_batch_03,review_batch_03_conservative_whole_queue_2026-08-23,retained_after_titlepair_review,DISC-MEDIA-0573,no_known_text_quality_exception,true
DISC-MEDIA-0182,title_trigger,Marikana Report Time For Justice But Will Phiyega Be Fired,marikana report time for justice but will phiyega be fired,2015,2015-03-31,Daily Maverick,https://www.dailymaverick.co.za/article/2015-03-31-marikana-report-time-for-justice-but-will-phiyega-be-fired/,https://dailymaverick.co.za/article/2015-03-31-marikana-report-time-for-justice-but-will-phiyega-be-fired,2028,76a4a510bbc1160930865307b5d8f3dcb8d5eaa682e6fa9a59ce9378baf7235e,valid_sha256,include_case_central,final_batch_03,review_batch_03_conservative_whole_queue_2026-08-23,retained_after_titlepair_review,DISC-MEDIA-0182,no_known_text_quality_exception,true
DISC-MEDIA-0338,title_trigger,Post Marikana Sa Birthing The New Student Politics,post marikana sa birthing the new student politics,2015,2015-04-07,Daily Maverick,https://www.dailymaverick.co.za/opinionista/2015-04-07-post-marikana-sa-birthing-the-new-student-politics/,https://dailymaverick.co.za/opinionista/2015-04-07-post-marikana-sa-birthing-the-new-student-politics,1270,e9be4a49b2a9079e0de591fe992f4ab42673315bf2e1e0748254c0bb08a1948b,valid_sha256,include_case_central,final_batch_03,review_batch_03_conservative_whole_queue_2026-08-23,retained_after_titlepair_review,DISC-MEDIA-0338,no_known_text_quality_exception,true
DISC-MEDIA-0339,title_trigger,Rhodeshasfallen But Dont Forget Marikana Xenophobia Poverty,rhodeshasfallen but dont forget marikana xenophobia poverty,2015,2015-04-09,Daily Maverick,https://www.dailymaverick.co.za/opinionista/2015-04-09-rhodeshasfallen-but-dont-forget-marikana-xenophobia-poverty/,https://dailymaverick.co.za/opinionista/2015-04-09-rhodeshasfallen-but-dont-forget-marikana-xenophobia-poverty,918,2d67ccefc5551436df6eb982b39bfe917fca64042d3ba5ef7beeafa592e85034,valid_sha256,include_case_central,final_batch_03,review_batch_03_conservative_whole_queue_2026-08-23,retained_after_titlepair_review,DISC-MEDIA-0339,no_known_text_quality_exception,true
DISC-MEDIA-0183,title_trigger,Open Letter To President Zuma From The Marikana Support Campaign,open letter to president zuma from the marikana support campaign,2015,2015-05-06,Daily Maverick,https://www.dailymaverick.co.za/article/2015-05-06-open-letter-to-president-zuma-from-the-marikana-support-campaign/,https://dailymaverick.co.za/article/2015-05-06-open-letter-to-president-zuma-from-the-marikana-support-campaign,825,e164839deaec843030d6d843899564e6c8abd8357317ae94a8a1cebac85dc3b1,valid_sha256,include_case_central,final_batch_03,review_batch_03_conservative_whole_queue_2026-08-23,retained_after_titlepair_review,DISC-MEDIA-0183,no_known_text_quality_exception,true
DISC-MEDIA-0449,title_trigger,Lonmin Discussing Cost Reductions For Sake Of Company Employees,lonmin discussing cost reductions for sake of company employees,2015,2015-05-07,Engineering News,https://www.engineeringnews.co.za/article/lonmin-discussing-cost-reductions-for-sake-of-company-employees-2015-05-07,https://engineeringnews.co.za/article/lonmin-discussing-cost-reductions-for-sake-of-company-employees-2015-05-07,575,06b8393f687ac7e9fddd849649b4821c3c223cc0900e7e4dcb085fe4e22572b9,valid_sha256,include_lonmin_marikana_labour_governance,final_batch_06,review_batch_06_explicit_source_checked_2026-08-23,retained_after_titlepair_review,DISC-MEDIA-0449,no_known_text_quality_exception,true
DISC-MEDIA-0595,title_trigger,Num To Fight Lonmin Job Losses,num to fight lonmin job losses,2015,2015-05-08,Engineering News,https://www.engineeringnews.co.za/article/num-to-fight-lonmin-job-losses-2015-05-08,https://engineeringnews.co.za/article/num-to-fight-lonmin-job-losses-2015-05-08,609,b06916a7cf5f299761b8b9cf783b7e1a4faad0bdf0285b37635b4a40383cfe6b,valid_sha256,include_lonmin_marikana_labour_governance,final_batch_05,review_batch_05_explicit_residual_2026-08-23,retained_after_titlepair_review,DISC-MEDIA-0595,no_known_text_quality_exception,true
DISC-MEDIA-0609,title_trigger,President Zuma To Release Marikana Report To The Public In Due Course,president zuma to release marikana report to the public in due course,2015,2015-05-11,Engineering News,https://www.engineeringnews.co.za/article/president-zuma-to-release-marikana-report-to-the-public-in-due-course-2015-05-11,https://engineeringnews.co.za/article/president-zuma-to-release-marikana-report-to-the-public-in-due-course-2015-05-11,498,41ef0ca95770db28e243316f8f37ed5068bf74e794733c32cfb9351da48cf18a,valid_sha256,include_case_central,final_batch_03,review_batch_03_conservative_whole_queue_2026-08-23,retained_after_titlepair_review,DISC-MEDIA-0609,no_known_text_quality_exception,true
DISC-MEDIA-0184,title_trigger,Marikana Massacre Pressure Continues While The President Considers Report,marikana massacre pressure continues while the president considers report,2015,2015-05-12,Daily Maverick,https://www.dailymaverick.co.za/article/2015-05-12-marikana-massacre-pressure-continues-while-the-president-considers-report/,https://dailymaverick.co.za/article/2015-05-12-marikana-massacre-pressure-continues-while-the-president-considers-report,1154,5b993427de9c047ebae92ae218b1360fac86908438506649f9bedb3da11488f8,valid_sha256,include_case_central,final_batch_03,review_batch_03_conservative_whole_queue_2026-08-23,retained_after_titlepair_review,DISC-MEDIA-0184,no_known_text_quality_exception,true
DISC-MEDIA-0185,title_trigger,Another Perfect Storm Will Marikana Be Zumas New Nkandla,another perfect storm will marikana be zumas new nkandla,2015,2015-05-15,Daily Maverick,https://www.dailymaverick.co.za/article/2015-05-15-another-perfect-storm-will-marikana-be-zumas-new-nkandla/,https://dailymaverick.co.za/article/2015-05-15-another-perfect-storm-will-marikana-be-zumas-new-nkandla,1407,82dacceb3890497c15c9a06c8fddccde3068f8042c6f8ed7bbaf4f342b309557,valid_sha256,include_case_central,final_batch_03,review_batch_03_conservative_whole_queue_2026-08-23,retained_after_titlepair_review,DISC-MEDIA-0185,no_known_text_quality_exception,true
DISC-MEDIA-0186,title_trigger,Marikana Report In The Hands Of God And Zuma,marikana report in the hands of god and zuma,2015,2015-05-25,Daily Maverick,https://www.dailymaverick.co.za/article/2015-05-25-marikana-report-in-the-hands-of-god-and-zuma/,https://dailymaverick.co.za/article/2015-05-25-marikana-report-in-the-hands-of-god-and-zuma,1175,ba8fb5c388bf0e5732f1dd8e79b3f094754181366c4af9ed9883d805a4dc8907,valid_sha256,include_case_central,final_batch_03,review_batch_03_conservative_whole_queue_2026-08-23,retained_after_titlepair_review,DISC-MEDIA-0186,no_known_text_quality_exception,true
DISC-MEDIA-0569,title_trigger,Marikana Miners Go To Court To Force Zuma To Release Report,marikana miners go to court to force zuma to release report,2015,2015-05-25,Engineering News,https://www.engineeringnews.co.za/article/marikana-miners-go-to-court-to-force-zuma-to-release-report-2015-05-25,https://engineeringnews.co.za/article/marikana-miners-go-to-court-to-force-zuma-to-release-report-2015-05-25,759,f9981e7b8cfdbdc462ede0f3d04e2f26aef34cdfd7deac2428d930be51d062bc,valid_sha256,include_case_central,final_batch_03,review_batch_03_conservative_whole_queue_2026-08-23,retained_after_titlepair_review,DISC-MEDIA-0569,no_known_text_quality_exception,true
DISC-MEDIA-0608,title_trigger,Presidency Rejects Marikana Lawyers Claims,presidency rejects marikana lawyers claims,2015,2015-05-25,Engineering News,https://www.engineeringnews.co.za/article/presidency-rejects-marikana-lawyers-claims-2015-05-25,https://engineeringnews.co.za/article/presidency-rejects-marikana-lawyers-claims-2015-05-25,905,7f16ef9893a41c69e3b706d4b35eda9ee93d221c3fcef5acf1685bad9fc655a7,valid_sha256,include_case_central,final_batch_03,review_batch_03_conservative_whole_queue_2026-08-23,retained_after_titlepair_review,DISC-MEDIA-0608,no_known_text_quality_exception,true
DISC-MEDIA-0187,title_trigger,Marikana Report Coming To Court,marikana report coming to court,2015,2015-05-26,Daily Maverick,https://www.dailymaverick.co.za/article/2015-05-26-marikana-report-coming-to-court/,https://dailymaverick.co.za/article/2015-05-26-marikana-report-coming-to-court,872,4c41f5b8998e25bdd491547d3f285afa41817d7f7158d0335432c37ffc509118,valid_sha256,include_case_central,final_batch_03,review_batch_03_conservative_whole_queue_2026-08-23,retained_after_titlepair_review,DISC-MEDIA-0187,no_known_text_quality_exception,true
DISC-MEDIA-0188,title_trigger,Parliament Diary Placards A Date For The Marikana Report And An F Bomb,parliament diary placards a date for the marikana report and an f bomb,2015,2015-05-26,Daily Maverick,https://www.dailymaverick.co.za/article/2015-05-26-parliament-diary-placards-a-date-for-the-marikana-report-and-an-f-bomb/,https://dailymaverick.co.za/article/2015-05-26-parliament-diary-placards-a-date-for-the-marikana-report-and-an-f-bomb,1229,4ac4d83f60949a5b3a98adf67e41edb259d0b0820c59a932416dca1751b31b16,valid_sha256,include_case_central,final_batch_03,review_batch_03_conservative_whole_queue_2026-08-23,retained_after_titlepair_review,DISC-MEDIA-0188,no_known_text_quality_exception,true
DISC-MEDIA-0689,title_trigger,Zuma Promises To Release Marikana Report,zuma promises to release marikana report,2015,2015-05-26,Engineering News,https://www.engineeringnews.co.za/article/zuma-promises-to-release-marikana-report-2015-05-26,https://engineeringnews.co.za/article/zuma-promises-to-release-marikana-report-2015-05-26,440,46e95ded8f3165ee7e0fc0a98ad7b00a9b8382c881012bb553c89e053c147282,valid_sha256,include_case_central,final_batch_03,review_batch_03_conservative_whole_queue_2026-08-23,retained_after_titlepair_review,DISC-MEDIA-0689,no_known_text_quality_exception,true
DISC-MEDIA-0340,title_trigger,Marikana The Breakdown In More Ways Than One,marikana the breakdown in more ways than one,2015,2015-06-02,Daily Maverick,https://www.dailymaverick.co.za/opinionista/2015-06-02-marikana-the-breakdown-in-more-ways-than-one/,https://dailymaverick.co.za/opinionista/2015-06-02-marikana-the-breakdown-in-more-ways-than-one,1557,9534f976cc0c7e454cc820f072b4fdb2d640c95bdc0ce1221e0898fc8c422cee,valid_sha256,include_case_central,final_batch_03,review_batch_03_conservative_whole_queue_2026-08-23,retained_after_titlepair_review,DISC-MEDIA-0340,no_known_text_quality_exception,true
DISC-MEDIA-0189,title_trigger,Marikana Report Court Papers Filed,marikana report court papers filed,2015,2015-06-03,Daily Maverick,https://www.dailymaverick.co.za/article/2015-06-03-marikana-report-court-papers-filed/,https://dailymaverick.co.za/article/2015-06-03-marikana-report-court-papers-filed,853,0a3f6e95a27398ec05d75e29b755f827d30225acbb3126a07cb51ad790401caa,valid_sha256,include_case_central,final_batch_03,review_batch_03_conservative_whole_queue_2026-08-23,retained_after_titlepair_review,DISC-MEDIA-0189,no_known_text_quality_exception,true
DISC-MEDIA-0415,title_trigger,Legal Action Looming Over Marikana Report,legal action looming over marikana report,2015,2015-06-03,Engineering News,https://www.engineeringnews.co.za/article/legal-action-looming-over-marikana-report-2015-06-03,https://engineeringnews.co.za/article/legal-action-looming-over-marikana-report-2015-06-03,526,3331c27970f66be334f199086a1eae8ff6f935c9eb2b800d4c6b69b581b59e05,valid_sha256,include_case_central,final_batch_03,review_batch_03_conservative_whole_queue_2026-08-23,retained_after_titlepair_review,DISC-MEDIA-0415,no_known_text_quality_exception,true
DISC-MEDIA-0190,title_trigger,Marikana Report The Pain While President Zuma Applies His Mind,marikana report the pain while president zuma applies his mind,2015,2015-06-08,Daily Maverick,https://www.dailymaverick.co.za/article/2015-06-08-marikana-report-the-pain-while-president-zuma-applies-his-mind/,https://dailymaverick.co.za/article/2015-06-08-marikana-report-the-pain-while-president-zuma-applies-his-mind,907,fb65b0c96d8732840be57791938761272db84f3a3bbfef8cf2248a3414ac34a9,valid_sha256,include_case_central,final_batch_03,review_batch_03_conservative_whole_queue_2026-08-23,retained_after_titlepair_review,DISC-MEDIA-0190,no_known_text_quality_exception,true
DISC-MEDIA-0393,title_trigger,Court To Hear Urgent Marikana Application,court to hear urgent marikana application,2015,2015-06-08,Engineering News,https://www.engineeringnews.co.za/article/court-to-hear-urgent-marikana-application-2015-06-08,https://engineeringnews.co.za/article/court-to-hear-urgent-marikana-application-2015-06-08,805,3c6f166fbdb732d2a5e276b17cc832e4cb1e7a174995c27e9e38dc1f7c7ac570,valid_sha256,include_case_central,final_batch_03,review_batch_03_conservative_whole_queue_2026-08-23,retained_after_titlepair_review,DISC-MEDIA-0393,no_known_text_quality_exception,true
DISC-MEDIA-0414,title_trigger,Judge To Take Time To Consider Judgment On Marikana Report,judge to take time to consider judgment on marikana report,2015,2015-06-09,Engineering News,https://www.engineeringnews.co.za/article/judge-to-take-time-to-consider-judgment-on-marikana-report-2015-06-09,https://engineeringnews.co.za/article/judge-to-take-time-to-consider-judgment-on-marikana-report-2015-06-09,792,c867aa29360ee7f0722c1f8a2d80de10483b67f690224da5c97137c460f5f29c,valid_sha256,include_case_central,final_batch_03,review_batch_03_conservative_whole_queue_2026-08-23,retained_after_titlepair_review,DISC-MEDIA-0414,no_known_text_quality_exception,true
DISC-MEDIA-0387,title_trigger,Community Members Accelerate Bid Against Key R564M Lonmin Bee Deal,community members accelerate bid against key r564m lonmin bee deal,2015,2015-06-11,Engineering News,https://www.engineeringnews.co.za/article/community-members-accelerate-bid-against-key-r564m-lonmin-bee-deal-2015-06-11,https://engineeringnews.co.za/article/community-members-accelerate-bid-against-key-r564m-lonmin-bee-deal-2015-06-11,1303,a6d535e3758a2e0e18ada6aff89f6209caa52fe0652664991b73b644e13264b7,valid_sha256,include_case_central,final_batch_03,review_batch_03_conservative_whole_queue_2026-08-23,retained_after_titlepair_review,DISC-MEDIA-0387,no_known_text_quality_exception,true
DISC-MEDIA-0553,title_trigger,Marikana Application Dismissed,marikana application dismissed,2015,2015-06-15,Engineering News,https://www.engineeringnews.co.za/article/marikana-application-dismissed-2015-06-15,https://engineeringnews.co.za/article/marikana-application-dismissed-2015-06-15,698,9595fde64844618bb30b36d95b87c75f4eed4dad0c9d3fdff9b2a439db7fc098,valid_sha256,include_case_central,final_batch_03,review_batch_03_conservative_whole_queue_2026-08-23,retained_after_titlepair_review,DISC-MEDIA-0553,no_known_text_quality_exception,true
DISC-MEDIA-0378,title_trigger,Bapo Cancel Protest March Against Lonmin After Reaching New Employment Deal,bapo cancel protest march against lonmin after reaching new employment deal,2015,2015-06-17,Engineering News,https://www.engineeringnews.co.za/article/bapo-cancel-protest-march-against-lonmin-after-reaching-new-employment-deal-2015-06-17,https://engineeringnews.co.za/article/bapo-cancel-protest-march-against-lonmin-after-reaching-new-employment-deal-2015-06-17,685,cb54a9dcc41c76e674d821d58c19fbfd068dbd1361aecd094902508a5e6ca8c5,valid_sha256,include_case_central,final_batch_03,review_batch_03_conservative_whole_queue_2026-08-23,retained_after_titlepair_review,DISC-MEDIA-0378,no_known_text_quality_exception,true
DISC-MEDIA-0388,title_trigger,Community Members Accelerate Bid Against R564M Lonmin Bee Deal,community members accelerate bid against r564m lonmin bee deal,2015,2015-06-19,Engineering News,https://www.engineeringnews.co.za/article/community-members-accelerate-bid-against-r564m-lonmin-bee-deal-2015-06-19,https://engineeringnews.co.za/article/community-members-accelerate-bid-against-r564m-lonmin-bee-deal-2015-06-19,1300,cf0f82acd19591497118dd733069d1c416629d3b95695c048fdfe2746e925274,valid_sha256,include_case_central,final_batch_03,review_batch_03_conservative_whole_queue_2026-08-23,retained_after_titlepair_review,DISC-MEDIA-0388,no_known_text_quality_exception,true
DISC-MEDIA-0465,title_trigger,Lonmin Launches Youth Training Programme,lonmin launches youth training programme,2015,2015-06-19,Engineering News,https://www.engineeringnews.co.za/article/lonmin-launches-youth-training-programme-2015-06-19,https://engineeringnews.co.za/article/lonmin-launches-youth-training-programme-2015-06-19,412,54301c968928c0d9594cd9f69cfeae7d5449dd149c06487f9124f3da84a51212,valid_sha256,include_case_central,final_batch_03,review_batch_03_conservative_whole_queue_2026-08-23,retained_after_titlepair_review,DISC-MEDIA-0465,no_known_text_quality_exception,true
DISC-MEDIA-0598,title_trigger,Opposition Parties Condemn Zumas Defence On Marikana Cops,opposition parties condemn zumas defence on marikana cops,2015,2015-06-24,Engineering News,https://www.engineeringnews.co.za/article/opposition-parties-condemn-zumas-defence-on-marikana-cops-2015-06-24,https://engineeringnews.co.za/article/opposition-parties-condemn-zumas-defence-on-marikana-cops-2015-06-24,832,feb8796033158ece5ae869c975857fd316b0e317eea184f6e3f025cdb693f625,valid_sha256,include_case_central,final_batch_03,review_batch_03_conservative_whole_queue_2026-08-23,retained_after_titlepair_review,DISC-MEDIA-0598,no_known_text_quality_exception,true
DISC-MEDIA-0191,title_trigger,Marikana The Day President Zuma Added Insult To Injury,marikana the day president zuma added insult to injury,2015,2015-06-25,Daily Maverick,https://www.dailymaverick.co.za/article/2015-06-25-marikana-the-day-president-zuma-added-insult-to-injury/,https://dailymaverick.co.za/article/2015-06-25-marikana-the-day-president-zuma-added-insult-to-injury,960,c657a8b7d6212ce79b53e90fc2ed8383dcab20a2267b1d3f7f8bdddd316f6abb,valid_sha256,include_case_central,final_batch_03,review_batch_03_conservative_whole_queue_2026-08-23,retained_after_titlepair_review,DISC-MEDIA-0191,no_known_text_quality_exception,true
DISC-MEDIA-0690,title_trigger,Zuma Set To Release Marikana Report On Thursday,zuma set to release marikana report on thursday,2015,2015-06-25,Engineering News,https://www.engineeringnews.co.za/article/zuma-set-to-release-marikana-report-on-thursday-2015-06-25,https://engineeringnews.co.za/article/zuma-set-to-release-marikana-report-on-thursday-2015-06-25,428,04e9d9a58e913388d2e41608bfce9d45c6a81bfedb7831b27d5a830204455a83,valid_sha256,include_case_central,final_batch_03,review_batch_03_conservative_whole_queue_2026-08-23,retained_after_titlepair_review,DISC-MEDIA-0690,no_known_text_quality_exception,true
DISC-MEDIA-0192,title_trigger,Marikana Report The Continuing Injustice For The People Of A Lesser God,marikana report the continuing injustice for the people of a lesser god,2015,2015-06-26,Daily Maverick,https://www.dailymaverick.co.za/article/2015-06-26-marikana-report-the-continuing-injustice-for-the-people-of-a-lesser-god/,https://dailymaverick.co.za/article/2015-06-26-marikana-report-the-continuing-injustice-for-the-people-of-a-lesser-god,1700,476af87ba4142a20749d5fb0bde49d0e554f81a4dd6b3686164b988e4bc2fb05,valid_sha256,include_case_central,final_batch_03,review_batch_03_conservative_whole_queue_2026-08-23,retained_after_titlepair_review,DISC-MEDIA-0192,no_known_text_quality_exception,true
DISC-MEDIA-0341,title_trigger,Judge Farlams Accidental Massacre,judge farlams accidental massacre,2015,2015-06-26,Daily Maverick,https://www.dailymaverick.co.za/opinionista/2015-06-26-judge-farlams-accidental-massacre/,https://dailymaverick.co.za/opinionista/2015-06-26-judge-farlams-accidental-massacre,1167,4c05dab586fe8a1300aaf2ba75b3d291ef8878dc46709dd39f5fe648783c192b,valid_sha256,include_case_central,final_batch_03,review_batch_03_conservative_whole_queue_2026-08-23,retained_after_titlepair_review,DISC-MEDIA-0341,no_known_text_quality_exception,true
DISC-MEDIA-0385,title_trigger,Commission Of Inquiry Into The Marikana Massacre Outcomes,commission of inquiry into the marikana massacre outcomes,2015,2015-06-26,Engineering News,https://www.engineeringnews.co.za/article/commission-of-inquiry-into-the-marikana-massacre-outcomes-2015-06-26,https://engineeringnews.co.za/article/commission-of-inquiry-into-the-marikana-massacre-outcomes-2015-06-26,315,82ed1d2fa7c4974117044b2ed82eeefb88e63135b0dbc16f4f5b96c584029b83,valid_sha256,include_case_central,final_batch_03,review_batch_03_conservative_whole_queue_2026-08-23,retained_after_titlepair_review,DISC-MEDIA-0385,no_known_text_quality_exception,true
DISC-MEDIA-0400,title_trigger,Farlam Wants Workers Housed Mining Charter Goes To Court Coal Firms Transform For Eskom,farlam wants workers housed mining charter goes to court coal firms transform for eskom,2015,2015-06-26,Engineering News,https://www.engineeringnews.co.za/article/farlam-wants-workers-housed-mining-charter-goes-to-court-coal-firms-transform-for-eskom-2015-06-26,https://engineeringnews.co.za/article/farlam-wants-workers-housed-mining-charter-goes-to-court-coal-firms-transform-for-eskom-2015-06-26,854,9b50f81754ffe002d4e2de9358ad98ea8c502b129b7948cf87ec0ba0786803c9,valid_sha256,include_case_central,final_batch_03,review_batch_03_conservative_whole_queue_2026-08-23,retained_after_titlepair_review,DISC-MEDIA-0400,no_known_text_quality_exception,true
DISC-MEDIA-0555,title_trigger,Marikana Commission Findings To Be Implemented Zuma,marikana commission findings to be implemented zuma,2015,2015-06-26,Engineering News,https://www.engineeringnews.co.za/article/marikana-commission-findings-to-be-implemented-zuma-2015-06-26,https://engineeringnews.co.za/article/marikana-commission-findings-to-be-implemented-zuma-2015-06-26,500,a6734b695e6031d0b9a4107c18c1baf83a3a04506d360829b429abb33c485548,valid_sha256,include_case_central,final_batch_03,review_batch_03_conservative_whole_queue_2026-08-23,retained_after_titlepair_review,DISC-MEDIA-0555,no_known_text_quality_exception,true
DISC-MEDIA-0193,title_trigger,Marikana Report Aftermath This Is Too Painful,marikana report aftermath this is too painful,2015,2015-06-29,Daily Maverick,https://www.dailymaverick.co.za/article/2015-06-29-marikana-report-aftermath-this-is-too-painful/,https://dailymaverick.co.za/article/2015-06-29-marikana-report-aftermath-this-is-too-painful,874,3297da503497a644c82c2acfec1173863e2384872c804b667b7a763ce22b81f3,valid_sha256,include_case_central,final_batch_03,review_batch_03_conservative_whole_queue_2026-08-23,retained_after_titlepair_review,DISC-MEDIA-0193,no_known_text_quality_exception,true
DISC-MEDIA-0194,title_trigger,Op Ed In The Shadow Of Marikana A Lost Opportunity For Justice,op ed in the shadow of marikana a lost opportunity for justice,2015,2015-06-29,Daily Maverick,https://www.dailymaverick.co.za/article/2015-06-29-op-ed-in-the-shadow-of-marikana-a-lost-opportunity-for-justice/,https://dailymaverick.co.za/article/2015-06-29-op-ed-in-the-shadow-of-marikana-a-lost-opportunity-for-justice,1914,0b7226e959ccee486c5fe542f8f96042a26a9a257439a257fbbf43bb5532e789,valid_sha256,include_case_central,final_batch_03,review_batch_03_conservative_whole_queue_2026-08-23,retained_after_titlepair_review,DISC-MEDIA-0194,no_known_text_quality_exception,true
DISC-MEDIA-0342,title_trigger,South Africa Post Marikana Report Still Waiting For Leadership,south africa post marikana report still waiting for leadership,2015,2015-06-29,Daily Maverick,https://www.dailymaverick.co.za/opinionista/2015-06-29-south-africa-post-marikana-report-still-waiting-for-leadership/,https://dailymaverick.co.za/opinionista/2015-06-29-south-africa-post-marikana-report-still-waiting-for-leadership,1096,bec5438c672312bd64780f68acdfb724e5ca298c8cab9a092d4a3d59535271f0,valid_sha256,include_case_central,final_batch_03,review_batch_03_conservative_whole_queue_2026-08-23,retained_after_titlepair_review,DISC-MEDIA-0342,no_known_text_quality_exception,true
DISC-MEDIA-0398,title_trigger,Farlam Report Raises Issues About Mining Stability As A Whole,farlam report raises issues about mining stability as a whole,2015,2015-06-29,Engineering News,https://www.engineeringnews.co.za/article/farlam-report-raises-issues-about-mining-stability-as-a-whole-2015-06-29,https://engineeringnews.co.za/article/farlam-report-raises-issues-about-mining-stability-as-a-whole-2015-06-29,1442,f3bed41f693be676dca40161620180e23d1e583ec7dc436cb474a96aa277876e,valid_sha256,include_case_central,final_batch_03,review_batch_03_conservative_whole_queue_2026-08-23,retained_after_titlepair_review,DISC-MEDIA-0398,no_known_text_quality_exception,true
DISC-MEDIA-0195,title_trigger,After Marikana Report The Widows Talk About Life Of Hardship And Pain,after marikana report the widows talk about life of hardship and pain,2015,2015-06-30,Daily Maverick,https://www.dailymaverick.co.za/article/2015-06-30-after-marikana-report-the-widows-talk-about-life-of-hardship-and-pain/,https://dailymaverick.co.za/article/2015-06-30-after-marikana-report-the-widows-talk-about-life-of-hardship-and-pain,1080,4660cc83c1699e58aad065977087369dd10b95016a2b284b386610b8f975b450,valid_sha256,include_case_central,final_batch_03,review_batch_03_conservative_whole_queue_2026-08-23,retained_after_titlepair_review,DISC-MEDIA-0195,no_known_text_quality_exception,true
DISC-MEDIA-0196,title_trigger,The Curious Case Of The Ancs Post Marikana Silence,the curious case of the ancs post marikana silence,2015,2015-06-30,Daily Maverick,https://www.dailymaverick.co.za/article/2015-06-30-the-curious-case-of-the-ancs-post-marikana-silence/,https://dailymaverick.co.za/article/2015-06-30-the-curious-case-of-the-ancs-post-marikana-silence,1058,f9f399c2fb1f8d03b663ecdc2421b878ba96de366f18d9bba270c4796804e4c9,valid_sha256,include_case_central,final_batch_03,review_batch_03_conservative_whole_queue_2026-08-23,retained_after_titlepair_review,DISC-MEDIA-0196,no_known_text_quality_exception,true
DISC-MEDIA-0197,title_trigger,Women Of Marikana Lodge World Bank Complaint Against Lonmin,women of marikana lodge world bank complaint against lonmin,2015,2015-06-30,Daily Maverick,https://www.dailymaverick.co.za/article/2015-06-30-women-of-marikana-lodge-world-bank-complaint-against-lonmin/,https://dailymaverick.co.za/article/2015-06-30-women-of-marikana-lodge-world-bank-complaint-against-lonmin,908,45d9e1f414278958684c33a41591f6e913505068e8e73cdd93e1cfb032355964,valid_sha256,include_case_central,final_batch_03,review_batch_03_conservative_whole_queue_2026-08-23,retained_after_titlepair_review,DISC-MEDIA-0197,no_known_text_quality_exception,true
DISC-MEDIA-0198,title_trigger,Podcast Marikana The Fallout,podcast marikana the fallout,2015,2015-07-01,Daily Maverick,https://www.dailymaverick.co.za/article/2015-07-01-podcast-marikana-the-fallout/,https://dailymaverick.co.za/article/2015-07-01-podcast-marikana-the-fallout,99,e7b7ba3aade255bb6e857d0e4cac27d1985d3b96868ed8b1ef8f05285088b9c1,valid_sha256,include_case_central,final_batch_06,review_batch_06_explicit_source_checked_2026-08-23,retained_after_titlepair_review,DISC-MEDIA-0198,no_known_text_quality_exception,true
DISC-MEDIA-0343,title_trigger,Marikana Reflects The Accountability Deficit Of Zumas Administration,marikana reflects the accountability deficit of zumas administration,2015,2015-07-06,Daily Maverick,https://www.dailymaverick.co.za/opinionista/2015-07-06-marikana-reflects-the-accountability-deficit-of-zumas-administration/,https://dailymaverick.co.za/opinionista/2015-07-06-marikana-reflects-the-accountability-deficit-of-zumas-administration,726,7ed5eb2011b30767c1f79d4bb6c88d4654c0e897e4953c85b0cf58067d8e628e,valid_sha256,include_case_central,final_batch_03,review_batch_03_conservative_whole_queue_2026-08-23,retained_after_titlepair_review,DISC-MEDIA-0343,no_known_text_quality_exception,true
DISC-MEDIA-0199,title_trigger,Baggage Or Collateral Damage Marikana And Ramaphosas Path To The Presidency,baggage or collateral damage marikana and ramaphosas path to the presidency,2015,2015-07-07,Daily Maverick,https://www.dailymaverick.co.za/article/2015-07-07-baggage-or-collateral-damage-marikana-and-ramaphosas-path-to-the-presidency/,https://dailymaverick.co.za/article/2015-07-07-baggage-or-collateral-damage-marikana-and-ramaphosas-path-to-the-presidency,1400,89162961d4bbbd90a744541abe66c021ca4eafc3edf4b6a4a8e7563e99461395,valid_sha256,include_case_central,final_batch_03,review_batch_03_conservative_whole_queue_2026-08-23,retained_after_titlepair_review,DISC-MEDIA-0199,no_known_text_quality_exception,true
DISC-MEDIA-0200,title_trigger,Marikana Will Saps Do The Right Thing,marikana will saps do the right thing,2015,2015-07-08,Daily Maverick,https://www.dailymaverick.co.za/article/2015-07-08-marikana-will-saps-do-the-right-thing/,https://dailymaverick.co.za/article/2015-07-08-marikana-will-saps-do-the-right-thing,1129,44867acc360b3b27f5ee524d84cdc0ecd79c113a32d94aaac98448ae5dc1bab8,valid_sha256,include_case_central,final_batch_03,review_batch_03_conservative_whole_queue_2026-08-23,retained_after_titlepair_review,DISC-MEDIA-0200,no_known_text_quality_exception,true
DISC-MEDIA-0572,title_trigger,Marikana Report Response,marikana report response,2015,2015-07-10,Engineering News,https://www.engineeringnews.co.za/article/marikana-report-response-2015-07-10,https://engineeringnews.co.za/article/marikana-report-response-2015-07-10,689,c87d0121e0bb1736953a4696dd56d2a372d149b9fb8602fd7677669ffc3a6aa2,valid_sha256,include_case_central,final_batch_03,review_batch_03_conservative_whole_queue_2026-08-23,retained_after_titlepair_review,DISC-MEDIA-0572,no_known_text_quality_exception,true
DISC-MEDIA-0201,title_trigger,Marikanas Deep Throat Charge Brigadier Malahlela Unravel Police Lies And Deceit,marikanas deep throat charge brigadier malahlela unravel police lies and deceit,2015,2015-07-20,Daily Maverick,https://www.dailymaverick.co.za/article/2015-07-20-marikanas-deep-throat-charge-brigadier-malahlela-unravel-police-lies-and-deceit/,https://dailymaverick.co.za/article/2015-07-20-marikanas-deep-throat-charge-brigadier-malahlela-unravel-police-lies-and-deceit,1529,1f72050a582be5e1aaa060e24d1cb79683d183b2b10474420971f683c3d1202a,valid_sha256,include_case_central,final_batch_03,review_batch_03_conservative_whole_queue_2026-08-23,retained_after_titlepair_review,DISC-MEDIA-0201,no_known_text_quality_exception,true
DISC-MEDIA-0594,title_trigger,Num Shocked By Lonmin Cutting Thousands Of Jobs,num shocked by lonmin cutting thousands of jobs,2015,2015-07-24,Engineering News,https://www.engineeringnews.co.za/article/num-shocked-by-lonmin-cutting-thousands-of-jobs-2015-07-24,https://engineeringnews.co.za/article/num-shocked-by-lonmin-cutting-thousands-of-jobs-2015-07-24,748,32d7e758e9c6a894776d57b2235019f02c759880e3a244ba70d66b8ae9014aa0,valid_sha256,include_case_central,final_batch_03,review_batch_03_conservative_whole_queue_2026-08-23,retained_after_titlepair_review,DISC-MEDIA-0594,no_known_text_quality_exception,true
DISC-MEDIA-0202,title_trigger,Op Ed Marikana Justice Delayed Is Justice Denied,op ed marikana justice delayed is justice denied,2015,2015-07-30,Daily Maverick,https://www.dailymaverick.co.za/article/2015-07-30-op-ed-marikana-justice-delayed-is-justice-denied/,https://dailymaverick.co.za/article/2015-07-30-op-ed-marikana-justice-delayed-is-justice-denied,552,9b07a3593c44ed05bfc1c2ad3c1b19310e56ffc9c9a675e0f5f783eb2066c204,valid_sha256,include_case_central,final_batch_03,review_batch_03_conservative_whole_queue_2026-08-23,retained_after_titlepair_review,DISC-MEDIA-0202,no_known_text_quality_exception,true
DISC-MEDIA-0344,title_trigger,Marikana A Lesson In The Vulnerability Of The Black Body,marikana a lesson in the vulnerability of the black body,2015,2015-08-12,Daily Maverick,https://www.dailymaverick.co.za/opinionista/2015-08-12-marikana-a-lesson-in-the-vulnerability-of-the-black-body/,https://dailymaverick.co.za/opinionista/2015-08-12-marikana-a-lesson-in-the-vulnerability-of-the-black-body,1297,30b7a3d0db6a05f5c2ede4cf43769340ad4fc893bec172f145ad7d2cf2797464,valid_sha256,include_case_central,final_batch_03,review_batch_03_conservative_whole_queue_2026-08-23,retained_after_titlepair_review,DISC-MEDIA-0344,no_known_text_quality_exception,true
DISC-MEDIA-0558,title_trigger,Marikana Families Sue Police Minister,marikana families sue police minister,2015,2015-08-12,Engineering News,https://www.engineeringnews.co.za/article/marikana-families-sue-police-minister-2015-08-12,https://engineeringnews.co.za/article/marikana-families-sue-police-minister-2015-08-12,606,125daea81e9d01b15d592ca3742c188263c6c2f5fae1119273dd554cdef7d8fd,valid_sha256,include_case_central,final_batch_03,review_batch_03_conservative_whole_queue_2026-08-23,retained_after_titlepair_review,DISC-MEDIA-0558,no_known_text_quality_exception,true
DISC-MEDIA-0203,title_trigger,Marikana Families To Nhleko Payusthemoney,marikana families to nhleko payusthemoney,2015,2015-08-14,Daily Maverick,https://www.dailymaverick.co.za/article/2015-08-14-marikana-families-to-nhleko-payusthemoney/,https://dailymaverick.co.za/article/2015-08-14-marikana-families-to-nhleko-payusthemoney,1144,270e073fbe23aa6cf781f62b194cf88b9ec054d4741e466bf2850267c4e52c9a,valid_sha256,include_case_central,final_batch_03,review_batch_03_conservative_whole_queue_2026-08-23,retained_after_titlepair_review,DISC-MEDIA-0203,no_known_text_quality_exception,true
DISC-MEDIA-0204,title_trigger,Marikana Three Years On Political Posturing Vs The Quest For Truth And Closure,marikana three years on political posturing vs the quest for truth and closure,2015,2015-08-14,Daily Maverick,https://www.dailymaverick.co.za/article/2015-08-14-marikana-three-years-on-political-posturing-vs-the-quest-for-truth-and-closure/,https://dailymaverick.co.za/article/2015-08-14-marikana-three-years-on-political-posturing-vs-the-quest-for-truth-and-closure,1261,12373658fc10f7d2e60bfba95aefb786ddd5099755cf01d1f16b6da257808f72,valid_sha256,include_case_central,final_batch_03,review_batch_03_conservative_whole_queue_2026-08-23,retained_after_titlepair_review,DISC-MEDIA-0204,no_known_text_quality_exception,true
DISC-MEDIA-0205,title_trigger,Marikana Three Years On Workers Call For Justice But Justice Doesnt Come,marikana three years on workers call for justice but justice doesnt come,2015,2015-08-17,Daily Maverick,https://www.dailymaverick.co.za/article/2015-08-17-marikana-three-years-on-workers-call-for-justice-but-justice-doesnt-come/,https://dailymaverick.co.za/article/2015-08-17-marikana-three-years-on-workers-call-for-justice-but-justice-doesnt-come,835,89b61496e4fc6d81b761b10a092fb3efe653e05c8a6cd63f5e73b6912b28229e,valid_sha256,include_case_central,final_batch_03,review_batch_03_conservative_whole_queue_2026-08-23,retained_after_titlepair_review,DISC-MEDIA-0205,no_known_text_quality_exception,true
DISC-MEDIA-0206,title_trigger,Marikana I Dont See Any Difference In Living Conditions,marikana i dont see any difference in living conditions,2015,2015-08-18,Daily Maverick,https://www.dailymaverick.co.za/article/2015-08-18-marikana-i-dont-see-any-difference-in-living-conditions/,https://dailymaverick.co.za/article/2015-08-18-marikana-i-dont-see-any-difference-in-living-conditions,1157,076a11c5bcd7d45bc9f78b78552d41b71779b8b1e959fe498576bef95a79f708,valid_sha256,include_case_central,final_batch_03,review_batch_03_conservative_whole_queue_2026-08-23,retained_after_titlepair_review,DISC-MEDIA-0206,no_known_text_quality_exception,true
DISC-MEDIA-0207,title_trigger,Analysis Marikana And Roodepoort Reflect South Africas Policing Crisis,analysis marikana and roodepoort reflect south africas policing crisis,2015,2015-08-20,Daily Maverick,https://www.dailymaverick.co.za/article/2015-08-20-analysis-marikana-and-roodepoort-reflect-south-africas-policing-crisis/,https://dailymaverick.co.za/article/2015-08-20-analysis-marikana-and-roodepoort-reflect-south-africas-policing-crisis,1290,f3feaf25fb5c20211d4995c4ab4c9a572f8a3c270ee57f7b3481559c8d576660,valid_sha256,include_case_central,final_batch_03,review_batch_03_conservative_whole_queue_2026-08-23,retained_after_titlepair_review,DISC-MEDIA-0207,no_known_text_quality_exception,true
SEC-MEDIA-0267,secondary_keyword,Anc Sold Its People To The Highest Bidder Says Amcu Leader,anc sold its people to the highest bidder says amcu leader,2015,2015-08-21,Engineering News,https://www.engineeringnews.co.za/article/anc-sold-its-people-to-the-highest-bidder-says-amcu-leader-2015-08-21,https://engineeringnews.co.za/article/anc-sold-its-people-to-the-highest-bidder-says-amcu-leader-2015-08-21,649,63e7f6659e0c97db9f5befd676c304b3cae93dababbd75b3254192341a1e5db1,valid_sha256,include_case_central,final_secondary_batch_01,secondary_batch_01_acquired_text_2026-08-23,retained_after_titlepair_review,SEC-MEDIA-0267,no_known_text_quality_exception,true
DISC-MEDIA-0208,title_trigger,Parliament Nhleko Is Impressive But Marikana Victims Are Still Waiting,parliament nhleko is impressive but marikana victims are still waiting,2015,2015-09-03,Daily Maverick,https://www.dailymaverick.co.za/article/2015-09-03-parliament-nhleko-is-impressive-but-marikana-victims-are-still-waiting/,https://dailymaverick.co.za/article/2015-09-03-parliament-nhleko-is-impressive-but-marikana-victims-are-still-waiting,969,284ae99ec530f2b0b2a9e9a17f179544874c2ef28dff214e64f4e434f4c1866e,valid_sha256,include_case_central,final_batch_03,review_batch_03_conservative_whole_queue_2026-08-23,retained_after_titlepair_review,DISC-MEDIA-0208,no_known_text_quality_exception,true
DISC-MEDIA-0209,title_trigger,Marikana Another Delay And A Hint Of Compensation,marikana another delay and a hint of compensation,2015,2015-09-15,Daily Maverick,https://www.dailymaverick.co.za/article/2015-09-15-marikana-another-delay-and-a-hint-of-compensation/,https://dailymaverick.co.za/article/2015-09-15-marikana-another-delay-and-a-hint-of-compensation,781,9ee154c1f130deaf7944ff4007409d55429646f416dfeca8e2411a934469dd59,valid_sha256,include_case_central,final_batch_03,review_batch_03_conservative_whole_queue_2026-08-23,retained_after_titlepair_review,DISC-MEDIA-0209,no_known_text_quality_exception,true
DISC-MEDIA-0565,title_trigger,Marikana Legal Aid What We Wanted Organisation,marikana legal aid what we wanted organisation,2015,2015-09-25,Engineering News,https://www.engineeringnews.co.za/article/marikana-legal-aid-what-we-wanted-organisation-2015-09-25,https://engineeringnews.co.za/article/marikana-legal-aid-what-we-wanted-organisation-2015-09-25,730,36d095e7cfeb032f5610e0f0b5e4b353038a7c1074983d769c07e27ca3f81fd4,valid_sha256,include_case_central,final_batch_03,review_batch_03_conservative_whole_queue_2026-08-23,retained_after_titlepair_review,DISC-MEDIA-0565,no_known_text_quality_exception,true
DISC-MEDIA-0210,title_trigger,Marikana Zuma Opens Compensation Discussions,marikana zuma opens compensation discussions,2015,2015-09-29,Daily Maverick,https://www.dailymaverick.co.za/article/2015-09-29-marikana-zuma-opens-compensation-discussions/,https://dailymaverick.co.za/article/2015-09-29-marikana-zuma-opens-compensation-discussions,1061,5b8ce6f66e5d0cdc50ce07873a090fc511905f4a7a4ee36f280f1a678d5c790b,valid_sha256,include_case_central,final_batch_03,review_batch_03_conservative_whole_queue_2026-08-23,retained_after_titlepair_review,DISC-MEDIA-0210,no_known_text_quality_exception,true
DISC-MEDIA-0688,title_trigger,Zuma Fast Tracks Compensation For Marikana Families,zuma fast tracks compensation for marikana families,2015,2015-09-30,Engineering News,https://www.engineeringnews.co.za/article/zuma-fast-tracks-compensation-for-marikana-families-2015-09-30,https://engineeringnews.co.za/article/zuma-fast-tracks-compensation-for-marikana-families-2015-09-30,636,45dc207ce8d21247045bb27c410a61aadf7e4478678230fd6d5bf3f9ca4e4201,valid_sha256,include_case_central,final_batch_03,review_batch_03_conservative_whole_queue_2026-08-23,retained_after_titlepair_review,DISC-MEDIA-0688,no_known_text_quality_exception,true
DISC-MEDIA-0211,title_trigger,Op Ed Piketty Misses The Mark On Marikana,op ed piketty misses the mark on marikana,2015,2015-10-06,Daily Maverick,https://www.dailymaverick.co.za/article/2015-10-06-op-ed-piketty-misses-the-mark-on-marikana/,https://dailymaverick.co.za/article/2015-10-06-op-ed-piketty-misses-the-mark-on-marikana,1951,7cf07a234eb1b5655610ea304fa8dd29bfdccc748b7f201182dda46b3d7b167d,valid_sha256,include_case_central,final_batch_03,review_batch_03_conservative_whole_queue_2026-08-23,retained_after_titlepair_review,DISC-MEDIA-0211,no_known_text_quality_exception,true
DISC-MEDIA-0502,title_trigger,Lonmin Shanduka Black Umbrellas Partnership Contributes Positively To Small Business Development,lonmin shanduka black umbrellas partnership contributes positively to small business development,2015,2015-10-09,Engineering News,https://www.engineeringnews.co.za/article/lonmin-shanduka-black-umbrellas-partnership-contributes-positively-to-small-business-development-2015-10-09,https://engineeringnews.co.za/article/lonmin-shanduka-black-umbrellas-partnership-contributes-positively-to-small-business-development-2015-10-09,803,a3bf96bb8fece34ee55fa07b9408092d8d2c7e3623d56999ab4ca4a2ed241314,valid_sha256,include_lonmin_community_housing_response,final_batch_06,review_batch_06_explicit_source_checked_2026-08-23,retained_after_titlepair_review,DISC-MEDIA-0502,no_known_text_quality_exception,true
DISC-MEDIA-0408,title_trigger,Govt To Expedite Processing Of Marikana Civil Claims,govt to expedite processing of marikana civil claims,2015,2015-10-14,Engineering News,https://www.engineeringnews.co.za/article/govt-to-expedite-processing-of-marikana-civil-claims-2015-10-14,https://engineeringnews.co.za/article/govt-to-expedite-processing-of-marikana-civil-claims-2015-10-14,449,912e338afeb41478333613738c24720abe190138737e38748db9068a7ae2d788,valid_sha256,include_case_central,final_batch_03,review_batch_03_conservative_whole_queue_2026-08-23,retained_after_titlepair_review,DISC-MEDIA-0408,no_known_text_quality_exception,true
DISC-MEDIA-0212,title_trigger,Parliament Diary Marikana Still Dogs Ramaphosa,parliament diary marikana still dogs ramaphosa,2015,2015-11-12,Daily Maverick,https://www.dailymaverick.co.za/article/2015-11-12-parliament-diary-marikana-still-dogs-ramaphosa/,https://dailymaverick.co.za/article/2015-11-12-parliament-diary-marikana-still-dogs-ramaphosa,1011,548d642220bc000593058d3ccf28cc0194e8bb624487a8d6398bfcc380fd6bbc,valid_sha256,include_case_central,final_batch_03,review_batch_03_conservative_whole_queue_2026-08-23,retained_after_titlepair_review,DISC-MEDIA-0212,no_known_text_quality_exception,true
DISC-MEDIA-0213,title_trigger,Marikana Cyril Cited Compensation Slated,marikana cyril cited compensation slated,2015,2015-11-13,Daily Maverick,https://www.dailymaverick.co.za/article/2015-11-13-marikana-cyril-cited-compensation-slated/,https://dailymaverick.co.za/article/2015-11-13-marikana-cyril-cited-compensation-slated,860,df8c85a1d732a6893491632f1034b47f8f5276b665313f3ea2ebe9f50d14f13a,valid_sha256,include_case_central,final_batch_03,review_batch_03_conservative_whole_queue_2026-08-23,retained_after_titlepair_review,DISC-MEDIA-0213,no_known_text_quality_exception,true
DISC-MEDIA-0214,title_trigger,Marikana What Compensation Discussions,marikana what compensation discussions,2015,2015-12-07,Daily Maverick,https://www.dailymaverick.co.za/article/2015-12-07-marikana-what-compensation-discussions/,https://dailymaverick.co.za/article/2015-12-07-marikana-what-compensation-discussions,969,dcd0e4e07e684d0f4d0d545b94087180d26838419ed2f83765e125ffafc1a871,valid_sha256,include_case_central,final_batch_03,review_batch_03_conservative_whole_queue_2026-08-23,retained_after_titlepair_review,DISC-MEDIA-0214,no_known_text_quality_exception,true
DISC-MEDIA-0215,title_trigger,Presidency Marikana Compensation Talks To Begin In January,presidency marikana compensation talks to begin in january,2015,2015-12-08,Daily Maverick,https://www.dailymaverick.co.za/article/2015-12-08-presidency-marikana-compensation-talks-to-begin-in-january/,https://dailymaverick.co.za/article/2015-12-08-presidency-marikana-compensation-talks-to-begin-in-january,795,af57ae12946c332904a4c153c05cbcdb70b713cd104a602baf8b3dcc4f829307,valid_sha256,include_case_central,final_batch_03,review_batch_03_conservative_whole_queue_2026-08-23,retained_after_titlepair_review,DISC-MEDIA-0215,no_known_text_quality_exception,true
DISC-MEDIA-0493,title_trigger,Lonmin Rights Issue Undersubscribed,lonmin rights issue undersubscribed,2015,2015-12-11,Engineering News,https://www.engineeringnews.co.za/article/lonmin-rights-issue-undersubscribed-2015-12-11,https://engineeringnews.co.za/article/lonmin-rights-issue-undersubscribed-2015-12-11,579,c8d08b1dc9c2f57e55f6c7514fee915217d0802ba96056e92f8ca081015d1b0b,valid_sha256,include_case_central,final_batch_03,review_batch_03_conservative_whole_queue_2026-08-23,retained_after_titlepair_review,DISC-MEDIA-0493,no_known_text_quality_exception,true
DISC-MEDIA-0411,title_trigger,Independent Panel Of Experts To Help Implement Farlam Commission Findings,independent panel of experts to help implement farlam commission findings,2016,2016-01-25,Engineering News,https://www.engineeringnews.co.za/article/independent-panel-of-experts-to-help-implement-farlam-commission-findings-2016-01-25,https://engineeringnews.co.za/article/independent-panel-of-experts-to-help-implement-farlam-commission-findings-2016-01-25,515,bee5c76a01378bea8d6ef779393579dd3fb781de74e9e98273dbd147573a81a2,valid_sha256,include_case_central,final_batch_03,review_batch_03_conservative_whole_queue_2026-08-23,retained_after_titlepair_review,DISC-MEDIA-0411,no_known_text_quality_exception,true
DISC-MEDIA-0376,title_trigger,Announcement On Farlam Inquiry Soon Nhleko,announcement on farlam inquiry soon nhleko,2016,2016-04-22,Engineering News,https://www.engineeringnews.co.za/article/announcement-on-farlam-inquiry-soon-nhleko-2016-04-22,https://engineeringnews.co.za/article/announcement-on-farlam-inquiry-soon-nhleko-2016-04-22,578,8dbddc3d96f4a21506aa90e99fd2da691d0b33b77952756f6066d0295664d31a,valid_sha256,include_case_central,final_batch_03,review_batch_03_conservative_whole_queue_2026-08-23,retained_after_titlepair_review,DISC-MEDIA-0376,no_known_text_quality_exception,true
DISC-MEDIA-0216,title_trigger,Marikana Phiyegas Inquiry Begins As Compensation Is Still Elusive,marikana phiyegas inquiry begins as compensation is still elusive,2016,2016-05-05,Daily Maverick,https://www.dailymaverick.co.za/article/2016-05-05-marikana-phiyegas-inquiry-begins-as-compensation-is-still-elusive/,https://dailymaverick.co.za/article/2016-05-05-marikana-phiyegas-inquiry-begins-as-compensation-is-still-elusive,979,02cacdda6ebef85a08dad1a598b198a63df7f6b2fb0ee3b477c059699b45fee2,valid_sha256,include_case_central,final_batch_03,review_batch_03_conservative_whole_queue_2026-08-23,retained_after_titlepair_review,DISC-MEDIA-0216,no_known_text_quality_exception,true
SEC-MEDIA-0239,secondary_keyword,Amcu To Set Wage Demands For Platinum Sector,amcu to set wage demands for platinum sector,2016,2016-05-16,Engineering News,https://www.engineeringnews.co.za/article/amcu-to-set-wage-demands-for-platinum-sector-2016-05-16,https://engineeringnews.co.za/article/amcu-to-set-wage-demands-for-platinum-sector-2016-05-16,625,29c2703f296b9fb8928f5e20d3eb338227ea518dcb48eb6b30c3f8c1ec546c61,valid_sha256,include_lonmin_marikana_labour_governance,final_secondary_batch_03,secondary_batch_03_explicit_source_review_2026-08-24,retained_after_titlepair_review,SEC-MEDIA-0239,no_known_text_quality_exception,true
DISC-MEDIA-0217,title_trigger,Shadow Play State Security Marikana And A Bogus Union,shadow play state security marikana and a bogus union,2016,2016-06-02,Daily Maverick,https://www.dailymaverick.co.za/article/2016-06-02-shadow-play-state-security-marikana-and-a-bogus-union/,https://dailymaverick.co.za/article/2016-06-02-shadow-play-state-security-marikana-and-a-bogus-union,1982,94e1af997097ff3ebdb0154328879ce0bcf1fa75bb103ed7aeb0013ebe9ac9c2,valid_sha256,include_case_central,final_batch_03,review_batch_03_conservative_whole_queue_2026-08-23,retained_after_titlepair_review,DISC-MEDIA-0217,no_known_text_quality_exception,true
DISC-MEDIA-0218,title_trigger,Op Ed From Soweto To Marikana Police Action And Inaction Then And Now,op ed from soweto to marikana police action and inaction then and now,2016,2016-06-16,Daily Maverick,https://www.dailymaverick.co.za/article/2016-06-16-op-ed-from-soweto-to-marikana-police-action-and-inaction-then-and-now/,https://dailymaverick.co.za/article/2016-06-16-op-ed-from-soweto-to-marikana-police-action-and-inaction-then-and-now,1451,65da3e83c175cce6b320420c4890d38f002584749dc38f9e309d6d59b3b0b844,valid_sha256,include_case_central,final_batch_03,review_batch_03_conservative_whole_queue_2026-08-23,retained_after_titlepair_review,DISC-MEDIA-0218,no_known_text_quality_exception,true
DISC-MEDIA-0453,title_trigger,Lonmin Employee Dies After Fall Of Ground,lonmin employee dies after fall of ground,2016,2016-07-04,Engineering News,https://www.engineeringnews.co.za/article/lonmin-employee-dies-after-fall-of-ground-2016-07-04,https://engineeringnews.co.za/article/lonmin-employee-dies-after-fall-of-ground-2016-07-04,375,305eed4d09f2ff8adc26224f47540b32ae67ad1f1586eeafd2e9e6508d4c2886,valid_sha256,include_case_central,final_batch_03,review_batch_03_conservative_whole_queue_2026-08-23,retained_after_titlepair_review,DISC-MEDIA-0453,no_known_text_quality_exception,true
SEC-MEDIA-0230,secondary_keyword,Amcu Tables Wage Demand In The Platinum Sector,amcu tables wage demand in the platinum sector,2016,2016-07-12,Engineering News,https://www.engineeringnews.co.za/article/amcu-tables-wage-demand-in-the-platinum-sector-2016-07-12,https://engineeringnews.co.za/article/amcu-tables-wage-demand-in-the-platinum-sector-2016-07-12,503,9e168cc020f00f919806b1ee8adc3bd626df7b8488124ee9b17f97020141f6c0,valid_sha256,include_lonmin_marikana_labour_governance,final_secondary_batch_03,secondary_batch_03_explicit_source_review_2026-08-24,retained_after_titlepair_review,SEC-MEDIA-0230,no_known_text_quality_exception,true
DISC-MEDIA-0437,title_trigger,Lonmin Community Builds Leader A Palace With Funds Probe Finds,lonmin community builds leader a palace with funds probe finds,2016,2016-08-01,Engineering News,https://www.engineeringnews.co.za/article/lonmin-community-builds-leader-a-palace-with-funds-probe-finds-2016-08-01,https://engineeringnews.co.za/article/lonmin-community-builds-leader-a-palace-with-funds-probe-finds-2016-08-01,549,7826a21329bd19722d57c5720f68e22ebeeefc088aba5bcf4daa8a8cd911b713,valid_sha256,include_case_central,final_batch_03,review_batch_03_conservative_whole_queue_2026-08-23,retained_after_titlepair_review,DISC-MEDIA-0437,no_known_text_quality_exception,true
DISC-MEDIA-0585,title_trigger,Missing Millions From Lonmin Fund Prompts Community Pay Reform,missing millions from lonmin fund prompts community pay reform,2016,2016-08-04,Engineering News,https://www.engineeringnews.co.za/article/missing-millions-from-lonmin-fund-prompts-community-pay-reform-2016-08-04,https://engineeringnews.co.za/article/missing-millions-from-lonmin-fund-prompts-community-pay-reform-2016-08-04,737,d4c29bb2b91c27f40b5e62890d3bfc123a3cf7645a9996f27d064992f0c6da37,valid_sha256,include_case_central,final_batch_03,review_batch_03_conservative_whole_queue_2026-08-23,retained_after_titlepair_review,DISC-MEDIA-0585,no_known_text_quality_exception,true
DISC-MEDIA-0220,title_trigger,Marikana The Missing Consequences Of A Massacre,marikana the missing consequences of a massacre,2016,2016-08-11,Daily Maverick,https://www.dailymaverick.co.za/article/2016-08-11-marikana-the-missing-consequences-of-a-massacre/,https://dailymaverick.co.za/article/2016-08-11-marikana-the-missing-consequences-of-a-massacre,997,bfc25c84cc777d6f2b9bb395d402228d5fb378d2e3a17e0bf91f9b8912d4dc15,valid_sha256,include_case_central,final_batch_03,review_batch_03_conservative_whole_queue_2026-08-23,retained_after_titlepair_review,DISC-MEDIA-0220,no_known_text_quality_exception,true
DISC-MEDIA-0374,title_trigger,Amnesty Condemns Lonmin Housing As Miner Sees More Spending Cuts,amnesty condemns lonmin housing as miner sees more spending cuts,2016,2016-08-15,Engineering News,https://www.engineeringnews.co.za/article/amnesty-condemns-lonmin-housing-as-miner-sees-more-spending-cuts-2016-08-15,https://engineeringnews.co.za/article/amnesty-condemns-lonmin-housing-as-miner-sees-more-spending-cuts-2016-08-15,692,959284e35317985fa96aec94a746874fe3f2c6535b5101008d4019c69e6b06ae,valid_sha256,include_case_central,final_batch_03,review_batch_03_conservative_whole_queue_2026-08-23,retained_after_titlepair_review,DISC-MEDIA-0374,no_known_text_quality_exception,true
DISC-MEDIA-0221,title_trigger,Marikana And The Feesmustfall Generation Behind The Drama Lies Sas Challenge,marikana and the feesmustfall generation behind the drama lies sas challenge,2016,2016-08-16,Daily Maverick,https://www.dailymaverick.co.za/article/2016-08-16-marikana-and-the-feesmustfall-generation-behind-the-drama-lies-sas-challenge/,https://dailymaverick.co.za/article/2016-08-16-marikana-and-the-feesmustfall-generation-behind-the-drama-lies-sas-challenge,1033,83ff228ec46e3039459bcecc524a4207a4e0b79c8cf0a6667214ef1ec407ed2f,valid_sha256,include_case_central,final_batch_03,review_batch_03_conservative_whole_queue_2026-08-23,retained_after_titlepair_review,DISC-MEDIA-0221,no_known_text_quality_exception,true
DISC-MEDIA-0222,title_trigger,Marikana On Edge Occupiers Ready To Defend In Housing Showdown,marikana on edge occupiers ready to defend in housing showdown,2016,2016-09-18,Daily Maverick,https://www.dailymaverick.co.za/article/2016-09-18-marikana-on-edge-occupiers-ready-to-defend-in-housing-showdown/,https://dailymaverick.co.za/article/2016-09-18-marikana-on-edge-occupiers-ready-to-defend-in-housing-showdown,1116,0ebf8625117551f4216316b36cf5f20dcc4dc4fda044ea721423ee7ce4938265,valid_sha256,include_case_central,final_batch_03,review_batch_03_conservative_whole_queue_2026-08-23,retained_after_titlepair_review,DISC-MEDIA-0222,no_known_text_quality_exception,true
DISC-MEDIA-0345,title_trigger,A Burning Bus Are We Headed For Marikana Mk Ii,a burning bus are we headed for marikana mk ii,2016,2016-10-13,Daily Maverick,https://www.dailymaverick.co.za/opinionista/2016-10-13-a-burning-bus-are-we-headed-for-marikana-mk-ii/,https://dailymaverick.co.za/opinionista/2016-10-13-a-burning-bus-are-we-headed-for-marikana-mk-ii,1442,4b0bd5ec7d034270051f71b34f8a8098e3dd09e641219513ff2aca02d2b24c6d,valid_sha256,include_case_central,final_batch_03,review_batch_03_conservative_whole_queue_2026-08-23,retained_after_titlepair_review,DISC-MEDIA-0345,no_known_text_quality_exception,true
DISC-MEDIA-0607,title_trigger,Poverty Led To Marikana Tragedy Says Mahumapelo,poverty led to marikana tragedy says mahumapelo,2016,2016-12-05,Engineering News,https://www.engineeringnews.co.za/article/poverty-led-to-marikana-tragedy-says-mahumapelo-2016-12-05,https://engineeringnews.co.za/article/poverty-led-to-marikana-tragedy-says-mahumapelo-2016-12-05,652,d8e95307512153d688c47ceef2d2174a6f0fb2a1b232440e1d88b683a5255b64,valid_sha256,include_case_central,final_batch_03,review_batch_03_conservative_whole_queue_2026-08-23,retained_after_titlepair_review,DISC-MEDIA-0607,no_known_text_quality_exception,true
DISC-MEDIA-0223,title_trigger,Marikana Sikhale Sonke Withdraws From Lonmin Mediations,marikana sikhale sonke withdraws from lonmin mediations,2016,2016-12-06,Daily Maverick,https://www.dailymaverick.co.za/article/2016-12-06-marikana-sikhale-sonke-withdraws-from-lonmin-mediations/,https://dailymaverick.co.za/article/2016-12-06-marikana-sikhale-sonke-withdraws-from-lonmin-mediations,1032,9a906f3e29ec989319e81d4064aa100e0502124f0aa70cd1d0a4667197dceb3f,valid_sha256,include_case_central,final_batch_03,review_batch_03_conservative_whole_queue_2026-08-23,retained_after_titlepair_review,DISC-MEDIA-0223,no_known_text_quality_exception,true
DISC-MEDIA-0224,title_trigger,Marikana More Than Four Years After The Massacre That Shocked The World Charges Against Police Finally Laid,marikana more than four years after the massacre that shocked the world charges against police finally laid,2016,2016-12-12,Daily Maverick,https://www.dailymaverick.co.za/article/2016-12-12-marikana-more-than-four-years-after-the-massacre-that-shocked-the-world-charges-against-police-finally-laid/,https://dailymaverick.co.za/article/2016-12-12-marikana-more-than-four-years-after-the-massacre-that-shocked-the-world-charges-against-police-finally-laid,1617,826e2bd48abe3afb2d13c1d1badb2e2dcd937dfcf50f7b60553aabb461213aee,valid_sha256,include_case_central,final_batch_03,review_batch_03_conservative_whole_queue_2026-08-23,retained_after_titlepair_review,DISC-MEDIA-0224,no_known_text_quality_exception,true
DISC-MEDIA-0405,title_trigger,Government Ready To Compensate Marikana Victims Zuma,government ready to compensate marikana victims zuma,2016,2016-12-12,Engineering News,https://www.engineeringnews.co.za/article/government-ready-to-compensate-marikana-victims-zuma-2016-12-12,https://engineeringnews.co.za/article/government-ready-to-compensate-marikana-victims-zuma-2016-12-12,685,d75730c11d5559bf1ef9584d8badbf404442d72d212b2ddea2259191986b5016,valid_sha256,include_case_central,final_batch_03,review_batch_03_conservative_whole_queue_2026-08-23,retained_after_titlepair_review,DISC-MEDIA-0405,no_known_text_quality_exception,true
DISC-MEDIA-0434,title_trigger,Lonmin Commits To Revising Housing Plan,lonmin commits to revising housing plan,2016,2016-12-12,Engineering News,https://www.engineeringnews.co.za/article/lonmin-commits-to-revising-housing-plan-2016-12-12,https://engineeringnews.co.za/article/lonmin-commits-to-revising-housing-plan-2016-12-12,484,e4f36809ef1e845408035b178694f4dd7050fc7bf1505452d2abbc9c3da67d22,valid_sha256,include_case_central,final_batch_03,review_batch_03_conservative_whole_queue_2026-08-23,retained_after_titlepair_review,DISC-MEDIA-0434,no_known_text_quality_exception,true
DISC-MEDIA-0470,title_trigger,Lonmin Must Improve Housing Plan Or Face Losing Its Mining Rights,lonmin must improve housing plan or face losing its mining rights,2016,2016-12-12,Engineering News,https://www.engineeringnews.co.za/article/lonmin-must-improve-housing-plan-or-face-losing-its-mining-rights-2016-12-12,https://engineeringnews.co.za/article/lonmin-must-improve-housing-plan-or-face-losing-its-mining-rights-2016-12-12,667,36ca59125700397f8aeb096719d78f11740dfb785fdfb64fd29477f609b107d0,valid_sha256,include_case_central,final_batch_03,review_batch_03_conservative_whole_queue_2026-08-23,retained_after_titlepair_review,DISC-MEDIA-0470,no_known_text_quality_exception,true
DISC-MEDIA-0225,title_trigger,Marikana Lonmin Defends Housing Plan,marikana lonmin defends housing plan,2016,2016-12-13,Daily Maverick,https://www.dailymaverick.co.za/article/2016-12-13-marikana-lonmin-defends-housing-plan/,https://dailymaverick.co.za/article/2016-12-13-marikana-lonmin-defends-housing-plan,1009,7c6b33dfe723573edd723f17f46b29ebaa7b40a035ef4ba3ca4beaa3b9beebaf,valid_sha256,include_case_central,final_batch_03,review_batch_03_conservative_whole_queue_2026-08-23,retained_after_titlepair_review,DISC-MEDIA-0225,no_known_text_quality_exception,true
DISC-MEDIA-0363,title_trigger,Amcu Blasts Zuma Over Marikana Plan,amcu blasts zuma over marikana plan,2016,2016-12-13,Engineering News,https://www.engineeringnews.co.za/article/amcu-blasts-zuma-over-marikana-plan-2016-12-13-1,https://engineeringnews.co.za/article/amcu-blasts-zuma-over-marikana-plan-2016-12-13-1,962,86fdfd15c6007cd967f61ac82a567bbf94b0f230b895ecd184128c8522e90800,valid_sha256,include_case_central,final_batch_03,review_batch_03_conservative_whole_queue_2026-08-23,retained_after_titlepair_review,DISC-MEDIA-0363,no_known_text_quality_exception,true
DISC-MEDIA-0226,title_trigger,Whats Mine Is Mine Lonmin And The Dangerous Art Of Intimidation,whats mine is mine lonmin and the dangerous art of intimidation,2016,2016-12-14,Daily Maverick,https://www.dailymaverick.co.za/article/2016-12-14-whats-mine-is-mine-lonmin-and-the-dangerous-art-of-intimidation/,https://dailymaverick.co.za/article/2016-12-14-whats-mine-is-mine-lonmin-and-the-dangerous-art-of-intimidation,2273,e9643af576114ae7e9e9c8d2eccdd8d016ddd4e9ce9e900e835daadde7cd26db,valid_sha256,include_case_central,final_batch_03,review_batch_03_conservative_whole_queue_2026-08-23,retained_after_titlepair_review,DISC-MEDIA-0226,no_known_text_quality_exception,true
DISC-MEDIA-0227,title_trigger,Eff Activists Marikana Murder Charges Politically Motivated Say Supporters,eff activists marikana murder charges politically motivated say supporters,2017,2017-01-09,Daily Maverick,https://www.dailymaverick.co.za/article/2017-01-09-eff-activists-marikana-murder-charges-politically-motivated-say-supporters/,https://dailymaverick.co.za/article/2017-01-09-eff-activists-marikana-murder-charges-politically-motivated-say-supporters,837,4faae1115419ac0e75d627570511d19b26aa259b679f6ee65b9d10b95ccfd8cc,valid_sha256,include_case_central,final_batch_03,review_batch_03_conservative_whole_queue_2026-08-23,retained_after_titlepair_review,DISC-MEDIA-0227,no_known_text_quality_exception,true
DISC-MEDIA-0604,title_trigger,Platinum Price Upturn Needed To Sustain Industry Lonmin,platinum price upturn needed to sustain industry lonmin,2017,2017-01-20,Engineering News,https://www.engineeringnews.co.za/article/platinum-price-upturn-needed-to-sustain-industry-lonmin-2017-01-20,https://engineeringnews.co.za/article/platinum-price-upturn-needed-to-sustain-industry-lonmin-2017-01-20,862,7fd94a17390b271b3f2a28804c9f776d8e207935b9fa33a463f4e935797f68ae,valid_sha256,include_case_central,final_batch_03,review_batch_03_conservative_whole_queue_2026-08-23,retained_after_titlepair_review,DISC-MEDIA-0604,no_known_text_quality_exception,true
DISC-MEDIA-0230,title_trigger,Groundup Marikana Cape Town Lawyer Calls For State To Expropriate Land,groundup marikana cape town lawyer calls for state to expropriate land,2017,2017-02-13,Daily Maverick,https://www.dailymaverick.co.za/article/2017-02-13-groundup-marikana-cape-town-lawyer-calls-for-state-to-expropriate-land/,https://dailymaverick.co.za/article/2017-02-13-groundup-marikana-cape-town-lawyer-calls-for-state-to-expropriate-land,497,5ea6960c0b75b862e9f1ce92043c968015781f929b618cad87d7c251a28f9cb4,valid_sha256,include_case_central,final_batch_03,review_batch_03_conservative_whole_queue_2026-08-23,retained_after_titlepair_review,DISC-MEDIA-0230,no_known_text_quality_exception,true
DISC-MEDIA-0231,title_trigger,Groundup Marikana Settlement Judge Must Rule Whether To Compel State To Buy Compensate Or Evict,groundup marikana settlement judge must rule whether to compel state to buy compensate or evict,2017,2017-02-16,Daily Maverick,https://www.dailymaverick.co.za/article/2017-02-16-groundup-marikana-settlement-judge-must-rule-whether-to-compel-state-to-buy-compensate-or-evict/,https://dailymaverick.co.za/article/2017-02-16-groundup-marikana-settlement-judge-must-rule-whether-to-compel-state-to-buy-compensate-or-evict,1010,acfb2e8ae184a2cfaf5a0f468860df3cc0f9b7a9993ae34b96d243f9567164c4,valid_sha256,include_case_central,final_batch_03,review_batch_03_conservative_whole_queue_2026-08-23,retained_after_titlepair_review,DISC-MEDIA-0231,no_known_text_quality_exception,true
DISC-MEDIA-0571,title_trigger,Marikana Mineworkers In Court For 2012 Incidents,marikana mineworkers in court for 2012 incidents,2017,2017-02-21,Engineering News,https://www.engineeringnews.co.za/article/marikana-mineworkers-in-court-for-2012-incidents-2017-02-21,https://engineeringnews.co.za/article/marikana-mineworkers-in-court-for-2012-incidents-2017-02-21,553,b9ccda08a2ecf9e4f82d30041214459ba4b1f9bc857f4792fd131bfe41f86d29,valid_sha256,include_case_central,final_batch_03,review_batch_03_conservative_whole_queue_2026-08-23,retained_after_titlepair_review,DISC-MEDIA-0571,no_known_text_quality_exception,true
DISC-MEDIA-0548,title_trigger,Magara Seizes Lonmin Coo Opportunity As He Grasps Low Price Nettle,magara seizes lonmin coo opportunity as he grasps low price nettle,2017,2017-03-13,Engineering News,https://www.engineeringnews.co.za/article/magara-seizes-lonmin-coo-opportunity-as-he-grasps-low-price-nettle-2017-03-13,https://engineeringnews.co.za/article/magara-seizes-lonmin-coo-opportunity-as-he-grasps-low-price-nettle-2017-03-13,1385,f4f795e9a763e4ea38c83105b7938ef100510f6e1d2db2dbe5dde837c988d72b,valid_sha256,include_case_central,final_batch_03,review_batch_03_conservative_whole_queue_2026-08-23,retained_after_titlepair_review,DISC-MEDIA-0548,no_known_text_quality_exception,true
DISC-MEDIA-0404,title_trigger,Government Confirms Lawsuits From Marikana Victims Total Close To R12Bn,government confirms lawsuits from marikana victims total close to r12bn,2017,2017-03-15,Engineering News,https://www.engineeringnews.co.za/article/government-confirms-lawsuits-from-marikana-victims-total-close-to-r12bn-2017-03-15,https://engineeringnews.co.za/article/government-confirms-lawsuits-from-marikana-victims-total-close-to-r12bn-2017-03-15,754,1eb602045b0c288e7ee855a0a34da4058e7bd2f5444c268a784d024ea102e33b,valid_sha256,include_case_central,final_batch_03,review_batch_03_conservative_whole_queue_2026-08-23,retained_after_titlepair_review,DISC-MEDIA-0404,no_known_text_quality_exception,true
DISC-MEDIA-0583,title_trigger,Minings Biggest Loser Lonmin Is Burning Cash To Stay Alive,minings biggest loser lonmin is burning cash to stay alive,2017,2017-03-17,Engineering News,https://www.engineeringnews.co.za/article/minings-biggest-loser-lonmin-is-burning-cash-to-stay-alive-2017-03-17,https://engineeringnews.co.za/article/minings-biggest-loser-lonmin-is-burning-cash-to-stay-alive-2017-03-17,1118,e5112d458abe54391cc1f1db226c2a91c93a19024ff07dbc35f88de6a0b8455b,valid_sha256,include_case_central,final_batch_03,review_batch_03_conservative_whole_queue_2026-08-23,retained_after_titlepair_review,DISC-MEDIA-0583,no_known_text_quality_exception,true
DISC-MEDIA-0435,title_trigger,Lonmin Committed To R500M Expenditure On Employee Apartments,lonmin committed to r500m expenditure on employee apartments,2017,2017-04-07,Engineering News,https://www.engineeringnews.co.za/article/lonmin-committed-to-r500m-expenditure-on-employee-apartments-2017-04-07,https://engineeringnews.co.za/article/lonmin-committed-to-r500m-expenditure-on-employee-apartments-2017-04-07,1276,d8ed22244ef227f88df6216b1c9f0c9612b7701126cd0e0504b36ce331816209,valid_sha256,include_case_central,final_batch_03,review_batch_03_conservative_whole_queue_2026-08-23,retained_after_titlepair_review,DISC-MEDIA-0435,no_known_text_quality_exception,true
DISC-MEDIA-0455,title_trigger,Lonmin Going All Out To Find Partners To Help It Address Pressing Accommodation Challenge,lonmin going all out to find partners to help it address pressing accommodation challenge,2017,2017-04-07,Engineering News,https://www.engineeringnews.co.za/article/lonmin-going-all-out-to-find-partners-to-help-it-address-pressing-accommodation-challenge-2017-04-07,https://engineeringnews.co.za/article/lonmin-going-all-out-to-find-partners-to-help-it-address-pressing-accommodation-challenge-2017-04-07,264,fb225216f881f4b73cd58febf7830f5f3b4fa74e39be79d9290157eab194a9b1,suspected_extraction_hash_collision,include_lonmin_community_housing_response,final_batch_05,review_batch_05_explicit_residual_2026-08-23,retained_after_titlepair_review,DISC-MEDIA-0455,persistent_extraction_hash_collision,false
DISC-MEDIA-0589,title_trigger,Nothing Off Table As Lonmin Pursues Value In Low Platinum Price Environment,nothing off table as lonmin pursues value in low platinum price environment,2017,2017-04-07,Engineering News,https://www.engineeringnews.co.za/article/nothing-off-table-as-lonmin-pursues-value-in-low-platinum-price-environment-2017-04-07,https://engineeringnews.co.za/article/nothing-off-table-as-lonmin-pursues-value-in-low-platinum-price-environment-2017-04-07,2194,6061ab8372dc8705607ee2e80f22eddb1823540cd28139c51c8ee580384ec589,valid_sha256,include_case_central,final_batch_03,review_batch_03_conservative_whole_queue_2026-08-23,retained_after_titlepair_review,DISC-MEDIA-0589,no_known_text_quality_exception,true
DISC-MEDIA-0590,title_trigger,Nothing Off Table As Lonmin Pursues Value In Low Platinum Price Environment,nothing off table as lonmin pursues value in low platinum price environment,2017,2017-04-07,Engineering News,https://www.engineeringnews.co.za/article/nothing-off-table-as-lonmin-pursues-value-in-low-platinum-price-environment-2017-04-07-1,https://engineeringnews.co.za/article/nothing-off-table-as-lonmin-pursues-value-in-low-platinum-price-environment-2017-04-07-1,2112,a1b43992dac2cbf5ac51cc090ff7eca053bfb18ccded46fc9b5e12de74342aee,valid_sha256,include_case_central,final_batch_03,review_batch_03_conservative_whole_queue_2026-08-23,redundant_republication,DISC-MEDIA-0589,no_known_text_quality_exception,false
DISC-MEDIA-0232,title_trigger,Succession Chronicles Marikana Ramaphosas Cross,succession chronicles marikana ramaphosas cross,2017,2017-05-08,Daily Maverick,https://www.dailymaverick.co.za/article/2017-05-08-succession-chronicles-marikana-ramaphosas-cross/,https://dailymaverick.co.za/article/2017-05-08-succession-chronicles-marikana-ramaphosas-cross,1543,8239c5a9385d99ad166290e5c5d80cce6da7f37b10ca9669029bd152f4352609,valid_sha256,include_case_central,final_batch_03,review_batch_03_conservative_whole_queue_2026-08-23,retained_after_titlepair_review,DISC-MEDIA-0232,no_known_text_quality_exception,true
DISC-MEDIA-0233,title_trigger,Ww We Reject Ramaphosas Marikana Apology Azapo,ww we reject ramaphosas marikana apology azapo,2017,2017-05-08,Daily Maverick,https://www.dailymaverick.co.za/article/2017-05-08-ww-we-reject-ramaphosas-marikana-apology-azapo/,https://dailymaverick.co.za/article/2017-05-08-ww-we-reject-ramaphosas-marikana-apology-azapo,336,656f40fc449f1cb8d3c5173ba7d96d1e9e82d2e93c043c00af6650ddab29ac02,valid_sha256,include_case_central,final_batch_06,review_batch_06_explicit_source_checked_2026-08-23,retained_after_titlepair_review,DISC-MEDIA-0233,no_known_text_quality_exception,true
DISC-MEDIA-0681,title_trigger,Violent Protestors Demand 1 500 New Jobs From Struggling Lonmin,violent protestors demand 1 500 new jobs from struggling lonmin,2017,2017-05-11,Engineering News,https://www.engineeringnews.co.za/article/violent-protestors-demand-1-500-new-jobs-from-struggling-lonmin-2017-05-11,https://engineeringnews.co.za/article/violent-protestors-demand-1-500-new-jobs-from-struggling-lonmin-2017-05-11,1161,40f534c181c2f2d7c5031138a73db95c4d6aba21a0c3e85d6bbbbace5d96190b,valid_sha256,include_case_central,final_batch_03,review_batch_03_conservative_whole_queue_2026-08-23,retained_after_titlepair_review,DISC-MEDIA-0681,no_known_text_quality_exception,true
DISC-MEDIA-0346,title_trigger,Marikana Unmasking Ramaphosas Rhetoric Narrow Apology And Lies,marikana unmasking ramaphosas rhetoric narrow apology and lies,2017,2017-06-13,Daily Maverick,https://www.dailymaverick.co.za/opinionista/2017-06-13-marikana-unmasking-ramaphosas-rhetoric-narrow-apology-and-lies/,https://dailymaverick.co.za/opinionista/2017-06-13-marikana-unmasking-ramaphosas-rhetoric-narrow-apology-and-lies,1450,cf4f7562e9451cddaa76fc000bb788ef4f272d491701770be44f87869b73656f,valid_sha256,include_case_central,final_batch_03,review_batch_03_conservative_whole_queue_2026-08-23,retained_after_titlepair_review,DISC-MEDIA-0346,no_known_text_quality_exception,true
DISC-MEDIA-0234,title_trigger,Never Forget Marikana Interview With The Allan Paton Award Winner Greg Marinovich,never forget marikana interview with the allan paton award winner greg marinovich,2017,2017-06-26,Daily Maverick,https://www.dailymaverick.co.za/article/2017-06-26-never-forget-marikana-interview-with-the-allan-paton-award-winner-greg-marinovich/,https://dailymaverick.co.za/article/2017-06-26-never-forget-marikana-interview-with-the-allan-paton-award-winner-greg-marinovich,1047,75166c24fcd701341ce23574a89efaf58a6a44fbb9cb34602b5f8c41f32ae7a8,valid_sha256,include_case_central,final_batch_03,review_batch_03_conservative_whole_queue_2026-08-23,retained_after_titlepair_review,DISC-MEDIA-0234,no_known_text_quality_exception,true
DISC-MEDIA-0541,title_trigger,Lonminshowcases Career Opportunities Beyond Mining To Youth,lonminshowcases career opportunities beyond mining to youth,2017,2017-06-30,Engineering News,https://www.engineeringnews.co.za/article/lonminshowcases-career-opportunities-beyond-mining-to-youth-2017-06-30,https://engineeringnews.co.za/article/lonminshowcases-career-opportunities-beyond-mining-to-youth-2017-06-30,1036,03430a29a05db144ef0a5b6a9c236ea79486cf3defa38f96b026228aa7665951,valid_sha256,include_case_central,final_batch_03,review_batch_03_conservative_whole_queue_2026-08-23,retained_after_titlepair_review,DISC-MEDIA-0541,no_known_text_quality_exception,true
DISC-MEDIA-0235,title_trigger,Whats Mine Is Mine Lonmin And The Secret Claim On Marikana Land,whats mine is mine lonmin and the secret claim on marikana land,2017,2017-07-27,Daily Maverick,https://www.dailymaverick.co.za/article/2017-07-27-whats-mine-is-mine-lonmin-and-the-secret-claim-on-marikana-land/,https://dailymaverick.co.za/article/2017-07-27-whats-mine-is-mine-lonmin-and-the-secret-claim-on-marikana-land,1593,9f1695b7adabe83542eb13a175d00bb096f23e7f9f7f878ced3d51f4a42e733c,valid_sha256,include_case_central,final_batch_03,review_batch_03_conservative_whole_queue_2026-08-23,retained_after_titlepair_review,DISC-MEDIA-0235,no_known_text_quality_exception,true
DISC-MEDIA-0564,title_trigger,Marikana Lawyers Government Mull Compensation,marikana lawyers government mull compensation,2017,2017-08-01,Engineering News,https://www.engineeringnews.co.za/article/marikana-lawyers-government-mull-compensation-2017-08-01,https://engineeringnews.co.za/article/marikana-lawyers-government-mull-compensation-2017-08-01,460,fb95a14582f6576e9fe5db02aa59247c5078c3fc48eb21ccbedad1e3e7efd13d,valid_sha256,include_case_central,final_batch_03,review_batch_03_conservative_whole_queue_2026-08-23,retained_after_titlepair_review,DISC-MEDIA-0564,no_known_text_quality_exception,true
DISC-MEDIA-0657,title_trigger,Solidarity Concerned Over Loss Of Recognition At Lonmin,solidarity concerned over loss of recognition at lonmin,2017,2017-08-07,Engineering News,https://www.engineeringnews.co.za/article/solidarity-concerned-over-loss-of-recognition-at-lonmin-2017-08-07,https://engineeringnews.co.za/article/solidarity-concerned-over-loss-of-recognition-at-lonmin-2017-08-07,532,8682a966236a234826ff9e6f1e1995b3bd1d63c25fa009576e74ca019e0a9278,valid_sha256,include_lonmin_marikana_labour_governance,final_batch_05,review_batch_05_explicit_residual_2026-08-23,retained_after_titlepair_review,DISC-MEDIA-0657,no_known_text_quality_exception,true
DISC-MEDIA-0236,title_trigger,Five Years Later We Havent Learnt Anything From Marikana,five years later we havent learnt anything from marikana,2017,2017-08-15,Daily Maverick,https://www.dailymaverick.co.za/article/2017-08-15-five-years-later-we-havent-learnt-anything-from-marikana/,https://dailymaverick.co.za/article/2017-08-15-five-years-later-we-havent-learnt-anything-from-marikana,1155,df10f93e26c8a6a88982a3d22879ebe339abb7e56af86871b26ea50313602dc5,valid_sha256,include_case_central,final_batch_03,review_batch_03_conservative_whole_queue_2026-08-23,retained_after_titlepair_review,DISC-MEDIA-0236,no_known_text_quality_exception,true
DISC-MEDIA-0237,title_trigger,Op Ed Marikana Five Years Of Injustice,op ed marikana five years of injustice,2017,2017-08-15,Daily Maverick,https://www.dailymaverick.co.za/article/2017-08-15-op-ed-marikana-five-years-of-injustice/,https://dailymaverick.co.za/article/2017-08-15-op-ed-marikana-five-years-of-injustice,1198,65d5a6b4d13282120d47a9bdfa46c10165235bab7be4fd624271351d76479b77,valid_sha256,include_case_central,final_batch_03,review_batch_03_conservative_whole_queue_2026-08-23,retained_after_titlepair_review,DISC-MEDIA-0237,no_known_text_quality_exception,true
DISC-MEDIA-0527,title_trigger,Lonmin Unveils Design Proposal For Marikana Memorial Park Showcases New Apartments,lonmin unveils design proposal for marikana memorial park showcases new apartments,2017,2017-08-15,Engineering News,https://www.engineeringnews.co.za/article/lonmin-unveils-design-proposal-for-marikana-memorial-park-showcases-new-apartments-2017-08-15,https://engineeringnews.co.za/article/lonmin-unveils-design-proposal-for-marikana-memorial-park-showcases-new-apartments-2017-08-15,907,83def0e825670814873daa068fcc12af8e098db976df5e2603884e4305ec6136,valid_sha256,include_case_central,final_batch_03,review_batch_03_conservative_whole_queue_2026-08-23,retained_after_titlepair_review,DISC-MEDIA-0527,no_known_text_quality_exception,true
DISC-MEDIA-0662,title_trigger,South Africa Must Prosecute 2012 Marikana Deaths Amnesty Says,south africa must prosecute 2012 marikana deaths amnesty says,2017,2017-08-15,Engineering News,https://www.engineeringnews.co.za/article/south-africa-must-prosecute-2012-marikana-deaths-amnesty-says-2017-08-15,https://engineeringnews.co.za/article/south-africa-must-prosecute-2012-marikana-deaths-amnesty-says-2017-08-15,565,7d9fb8a5c5145ada6bd6ede951ec9936f8f830fa6c0f195e8c1cac342dba76b9,valid_sha256,include_case_central,final_batch_03,review_batch_03_conservative_whole_queue_2026-08-23,retained_after_titlepair_review,DISC-MEDIA-0662,no_known_text_quality_exception,true
DISC-MEDIA-0238,title_trigger,Iss Today Marikana Demands Truth Justice And Accountability,iss today marikana demands truth justice and accountability,2017,2017-08-16,Daily Maverick,https://www.dailymaverick.co.za/article/2017-08-16-iss-today-marikana-demands-truth-justice-and-accountability/,https://dailymaverick.co.za/article/2017-08-16-iss-today-marikana-demands-truth-justice-and-accountability,967,4cd293f436b308ca763c11588d8462e40677cbc30e800ee6843d899d5f77a16c,valid_sha256,include_case_central,final_batch_03,review_batch_03_conservative_whole_queue_2026-08-23,retained_after_titlepair_review,DISC-MEDIA-0238,no_known_text_quality_exception,true
DISC-MEDIA-0567,title_trigger,Marikana Massacre To Be Commemorated At Hillside Where Massacre Occurred,marikana massacre to be commemorated at hillside where massacre occurred,2017,2017-08-16,Engineering News,https://www.engineeringnews.co.za/article/marikana-massacre-to-be-commemorated-at-hillside-where-massacre-occurred-2017-08-16,https://engineeringnews.co.za/article/marikana-massacre-to-be-commemorated-at-hillside-where-massacre-occurred-2017-08-16,578,31d03b3428c4b257af85393199df15dc247a21136153f04f31d87e747b1a3f5f,valid_sha256,include_case_central,final_batch_03,review_batch_03_conservative_whole_queue_2026-08-23,retained_after_titlepair_review,DISC-MEDIA-0567,no_known_text_quality_exception,true
DISC-MEDIA-0239,title_trigger,Marikana Five Years Later Thousands Gather On The Koppie To Pay Tribute To The 34 Miners,marikana five years later thousands gather on the koppie to pay tribute to the 34 miners,2017,2017-08-17,Daily Maverick,https://www.dailymaverick.co.za/article/2017-08-17-marikana-five-years-later-thousands-gather-on-the-koppie-to-pay-tribute-to-the-34-miners/,https://dailymaverick.co.za/article/2017-08-17-marikana-five-years-later-thousands-gather-on-the-koppie-to-pay-tribute-to-the-34-miners,456,5df482b0e8bd5fb9ba47a11dcba6ac593ff4eb5d5d82cb312bdb883a0e4b24bc,valid_sha256,include_case_central,final_batch_03,review_batch_03_conservative_whole_queue_2026-08-23,retained_after_titlepair_review,DISC-MEDIA-0239,no_known_text_quality_exception,true
DISC-MEDIA-0240,title_trigger,Groundup Lonmin Link To Casac Questioned,groundup lonmin link to casac questioned,2017,2017-08-22,Daily Maverick,https://www.dailymaverick.co.za/article/2017-08-22-groundup-lonmin-link-to-casac-questioned/,https://dailymaverick.co.za/article/2017-08-22-groundup-lonmin-link-to-casac-questioned,1276,b7cb8409f6545fdee2382b00328dd1ffd9a331247dc6f39d2e94bda69f5064bc,valid_sha256,include_case_central,final_batch_03,review_batch_03_conservative_whole_queue_2026-08-23,retained_after_titlepair_review,DISC-MEDIA-0240,no_known_text_quality_exception,true
DISC-MEDIA-0241,title_trigger,Anc Leadership Race Dlamini Zumas Incredible Marikana Misstep,anc leadership race dlamini zumas incredible marikana misstep,2017,2017-08-24,Daily Maverick,https://www.dailymaverick.co.za/article/2017-08-24-anc-leadership-race-dlamini-zumas-incredible-marikana-misstep/,https://dailymaverick.co.za/article/2017-08-24-anc-leadership-race-dlamini-zumas-incredible-marikana-misstep,1170,27d402d1b56c1537e44b531d99d508d83d58c8ad5b4ca77e0f0819b44acb8d56,valid_sha256,include_case_central,final_batch_03,review_batch_03_conservative_whole_queue_2026-08-23,retained_after_titlepair_review,DISC-MEDIA-0241,no_known_text_quality_exception,true
DISC-MEDIA-0528,title_trigger,Lonmin Unveils Design Proposal For Marikana Memorial Park Showcases New Apartments,lonmin unveils design proposal for marikana memorial park showcases new apartments,2017,2017-08-25,Engineering News,https://www.engineeringnews.co.za/article/lonmin-unveils-design-proposal-for-marikana-memorial-park-showcases-new-apartments-2017-08-25,https://engineeringnews.co.za/article/lonmin-unveils-design-proposal-for-marikana-memorial-park-showcases-new-apartments-2017-08-25,909,41390521e7ec37623662b31eeb083951d485b3bfe1454888daead1ce2b20d783,valid_sha256,include_case_central,final_batch_03,review_batch_03_conservative_whole_queue_2026-08-23,redundant_republication,DISC-MEDIA-0527,no_known_text_quality_exception,false
DISC-MEDIA-0663,title_trigger,South Africa Must Prosecute 2012 Marikana Deaths Amnesty Says,south africa must prosecute 2012 marikana deaths amnesty says,2017,2017-08-25,Engineering News,https://www.engineeringnews.co.za/article/south-africa-must-prosecute-2012-marikana-deaths-amnesty-says-2017-08-25,https://engineeringnews.co.za/article/south-africa-must-prosecute-2012-marikana-deaths-amnesty-says-2017-08-25,562,f995259d5af04afcbc1a66d103ca906cac1533abc1588f4556fcc06f1ba41124,valid_sha256,include_case_central,final_batch_03,review_batch_03_conservative_whole_queue_2026-08-23,redundant_republication,DISC-MEDIA-0662,no_known_text_quality_exception,false
DISC-MEDIA-0242,title_trigger,Groundup Marikana Lonmins Dodgy Housing Record,groundup marikana lonmins dodgy housing record,2017,2017-09-04,Daily Maverick,https://www.dailymaverick.co.za/article/2017-09-04-groundup-marikana-lonmins-dodgy-housing-record/,https://dailymaverick.co.za/article/2017-09-04-groundup-marikana-lonmins-dodgy-housing-record,1618,94878456f2bace499bb087b7bf5aed6cc162328106a2d4a02a25a16f738951cc,valid_sha256,include_case_central,final_batch_03,review_batch_03_conservative_whole_queue_2026-08-23,retained_after_titlepair_review,DISC-MEDIA-0242,no_known_text_quality_exception,true
DISC-MEDIA-0243,title_trigger,Groundup Facts And Myths About The Judgment On The Marikana Informal Settlement In Philippi,groundup facts and myths about the judgment on the marikana informal settlement in philippi,2017,2017-09-06,Daily Maverick,https://www.dailymaverick.co.za/article/2017-09-06-groundup-facts-and-myths-about-the-judgment-on-the-marikana-informal-settlement-in-philippi/,https://dailymaverick.co.za/article/2017-09-06-groundup-facts-and-myths-about-the-judgment-on-the-marikana-informal-settlement-in-philippi,1514,ffe9df447a1edba84c527bdb8f72f71a1bfde321c961906c7226e80b91fbaa00,valid_sha256,include_case_central,final_batch_03,review_batch_03_conservative_whole_queue_2026-08-23,retained_after_titlepair_review,DISC-MEDIA-0243,no_known_text_quality_exception,true
DISC-MEDIA-0244,title_trigger,Analysis Saps Fails To Transform Into Public Service Post Marikana,analysis saps fails to transform into public service post marikana,2017,2017-09-08,Daily Maverick,https://www.dailymaverick.co.za/article/2017-09-08-analysis-saps-fails-to-transform-into-public-service-post-marikana/,https://dailymaverick.co.za/article/2017-09-08-analysis-saps-fails-to-transform-into-public-service-post-marikana,1477,a09f3c268d704fc759b9ea59f9294f1860448b355a4b32c3043f3ace039340bc,valid_sha256,include_case_central,final_batch_03,review_batch_03_conservative_whole_queue_2026-08-23,retained_after_titlepair_review,DISC-MEDIA-0244,no_known_text_quality_exception,true
DISC-MEDIA-0347,title_trigger,From The Inside The Other Marikana And Its Implications,from the inside the other marikana and its implications,2017,2017-09-10,Daily Maverick,https://www.dailymaverick.co.za/opinionista/2017-09-10-from-the-inside-the-other-marikana-and-its-implications/,https://dailymaverick.co.za/opinionista/2017-09-10-from-the-inside-the-other-marikana-and-its-implications,1189,2bc03d1414d11be1a309a12e9cb2cfa3878ea014aee65beb399768740a3cb188,valid_sha256,include_case_central,final_batch_03,review_batch_03_conservative_whole_queue_2026-08-23,retained_after_titlepair_review,DISC-MEDIA-0347,no_known_text_quality_exception,true
DISC-MEDIA-0245,title_trigger,Letter To The Editor Helen Zilles Facts Are Wrong On Marikana Housing Issue,letter to the editor helen zilles facts are wrong on marikana housing issue,2017,2017-09-14,Daily Maverick,https://www.dailymaverick.co.za/article/2017-09-14-letter-to-the-editor-helen-zilles-facts-are-wrong-on-marikana-housing-issue/,https://dailymaverick.co.za/article/2017-09-14-letter-to-the-editor-helen-zilles-facts-are-wrong-on-marikana-housing-issue,1155,90fb4cadf156738de5658893cd16be00b26034a1ddbacaf83b9a54c4e9993448,valid_sha256,include_case_central,final_batch_03,review_batch_03_conservative_whole_queue_2026-08-23,retained_after_titlepair_review,DISC-MEDIA-0245,no_known_text_quality_exception,true
DISC-MEDIA-0247,title_trigger,Groundup Marikana Residents Say Theyve Lost Faith In The Police,groundup marikana residents say theyve lost faith in the police,2017,2017-10-02,Daily Maverick,https://www.dailymaverick.co.za/article/2017-10-02-groundup-marikana-residents-say-theyve-lost-faith-in-the-police/,https://dailymaverick.co.za/article/2017-10-02-groundup-marikana-residents-say-theyve-lost-faith-in-the-police,640,6430a896ee1e5a5375dabc4c4d8593926b586077b99ce377b1374143783765b9,valid_sha256,include_case_central,final_batch_03,review_batch_03_conservative_whole_queue_2026-08-23,retained_after_titlepair_review,DISC-MEDIA-0247,no_known_text_quality_exception,true
DISC-MEDIA-0248,title_trigger,Groundup Police Dont Listen To Us Marikana Residents Tell Fikile Mbalula,groundup police dont listen to us marikana residents tell fikile mbalula,2017,2017-10-04,Daily Maverick,https://www.dailymaverick.co.za/article/2017-10-04-groundup-police-dont-listen-to-us-marikana-residents-tell-fikile-mbalula/,https://dailymaverick.co.za/article/2017-10-04-groundup-police-dont-listen-to-us-marikana-residents-tell-fikile-mbalula,847,ac0120aac26ec67a83e2e843d5d022d23136d8236dce8445508e4b3d54b75bfb,valid_sha256,include_case_central,final_batch_03,review_batch_03_conservative_whole_queue_2026-08-23,retained_after_titlepair_review,DISC-MEDIA-0248,no_known_text_quality_exception,true
DISC-MEDIA-0249,title_trigger,Groundup An Open Letter To The Authorities About Marikana Informal Settlement,groundup an open letter to the authorities about marikana informal settlement,2017,2017-10-05,Daily Maverick,https://www.dailymaverick.co.za/article/2017-10-05-groundup-an-open-letter-to-the-authorities-about-marikana-informal-settlement/,https://dailymaverick.co.za/article/2017-10-05-groundup-an-open-letter-to-the-authorities-about-marikana-informal-settlement,825,bc1afadf1851810c713261a275595982d7fd684e195cbb306c37b2e554ce7447,valid_sha256,include_case_central,final_batch_03,review_batch_03_conservative_whole_queue_2026-08-23,retained_after_titlepair_review,DISC-MEDIA-0249,no_known_text_quality_exception,true
DISC-MEDIA-0250,title_trigger,Cape Town Paying The Price To Live In Marikana,cape town paying the price to live in marikana,2017,2017-10-06,Daily Maverick,https://www.dailymaverick.co.za/article/2017-10-06-cape-town-paying-the-price-to-live-in-marikana/,https://dailymaverick.co.za/article/2017-10-06-cape-town-paying-the-price-to-live-in-marikana,868,550cce805a8284d4e2cbead59ba297aa9e7781f35ef25a00e6f2a51ecebf4b04,valid_sha256,include_case_central,final_batch_03,review_batch_03_conservative_whole_queue_2026-08-23,retained_after_titlepair_review,DISC-MEDIA-0250,no_known_text_quality_exception,true
DISC-MEDIA-0410,title_trigger,Improving Miners Lives Best Way Of Honouring Marikana Victims Zuma,improving miners lives best way of honouring marikana victims zuma,2017,2017-10-09,Engineering News,https://www.engineeringnews.co.za/article/improving-miners-lives-best-way-of-honouring-marikana-victims-zuma-2017-10-09-1,https://engineeringnews.co.za/article/improving-miners-lives-best-way-of-honouring-marikana-victims-zuma-2017-10-09-1,542,faa0a305b5d2d5b19e924ffdc1ead013da31f721e2ee804700ffe00ff95086fe,valid_sha256,include_case_central,final_batch_03,review_batch_03_conservative_whole_queue_2026-08-23,retained_after_titlepair_review,DISC-MEDIA-0410,no_known_text_quality_exception,true
DISC-MEDIA-0655,title_trigger,Sixth Death In Lonmin In Three Months,sixth death in lonmin in three months,2017,2017-10-19,Engineering News,https://www.engineeringnews.co.za/article/sixth-death-in-lonmin-in-three-months-2017-10-19,https://engineeringnews.co.za/article/sixth-death-in-lonmin-in-three-months-2017-10-19,971,22e1e346d56c4d5d8c26b126b0a7bb53cdab7e0a62bf31636bdc7fc0f894203b,valid_sha256,include_case_central,final_batch_03,review_batch_03_conservative_whole_queue_2026-08-23,retained_after_titlepair_review,DISC-MEDIA-0655,no_known_text_quality_exception,true
DISC-MEDIA-0251,title_trigger,Marikana Survivors Of The Massacre Are Still Hounded And Assassinated Amid Rumoured Hit List,marikana survivors of the massacre are still hounded and assassinated amid rumoured hit list,2017,2017-10-20,Daily Maverick,https://www.dailymaverick.co.za/article/2017-10-20-marikana-survivors-of-the-massacre-are-still-hounded-and-assassinated-amid-rumoured-hit-list/,https://dailymaverick.co.za/article/2017-10-20-marikana-survivors-of-the-massacre-are-still-hounded-and-assassinated-amid-rumoured-hit-list,1565,9a939169ef7186c99126b1ce7e05846bf6fa3c3177b1ae52121810ac9e056e4a,valid_sha256,include_case_central,final_batch_03,review_batch_03_conservative_whole_queue_2026-08-23,retained_after_titlepair_review,DISC-MEDIA-0251,no_known_text_quality_exception,true
DISC-MEDIA-0531,title_trigger,Lonmin Will Dismiss 1 139 Employees By December Claims Solidarity,lonmin will dismiss 1 139 employees by december claims solidarity,2017,2017-10-23,Engineering News,https://www.engineeringnews.co.za/article/lonmin-will-dismiss-1-139-employees-by-december-claims-solidarity-2017-10-23,https://engineeringnews.co.za/article/lonmin-will-dismiss-1-139-employees-by-december-claims-solidarity-2017-10-23,551,4742ce0f64a77ec92c348d13613bf1600ee4d849bf93556e6476efdf02cfc1ff,valid_sha256,include_lonmin_marikana_labour_governance,final_batch_06,review_batch_06_explicit_source_checked_2026-08-23,retained_after_titlepair_review,DISC-MEDIA-0531,no_known_text_quality_exception,true
DISC-MEDIA-0660,title_trigger,Solidarity Requests Labour Court To Review Lonmins Withdrawal Of Solidaritys Rights Recognition,solidarity requests labour court to review lonmins withdrawal of solidaritys rights recognition,2017,2017-10-24,Engineering News,https://www.engineeringnews.co.za/article/solidarity-requests-labour-court-to-review-lonmins-withdrawal-of-solidaritys-rights-recognition-2017-10-24,https://engineeringnews.co.za/article/solidarity-requests-labour-court-to-review-lonmins-withdrawal-of-solidaritys-rights-recognition-2017-10-24,706,3069faa67b1b6becdb54cd56052fcea8b2412abc05c84976d600dcd27b50c149,valid_sha256,include_lonmin_marikana_labour_governance,final_batch_05,review_batch_05_explicit_residual_2026-08-23,retained_after_titlepair_review,DISC-MEDIA-0660,no_known_text_quality_exception,true
DISC-MEDIA-0438,title_trigger,Lonmin Community Wants Operations Suspended On Social Failings,lonmin community wants operations suspended on social failings,2017,2017-10-25,Engineering News,https://www.engineeringnews.co.za/article/lonmin-community-wants-operations-suspended-on-social-failings-2017-10-25,https://engineeringnews.co.za/article/lonmin-community-wants-operations-suspended-on-social-failings-2017-10-25,616,a7ab65fb13f0a0c7a73098d259f476fff8a7e99f738cdd1bec34d187d09db964,valid_sha256,include_case_central,final_batch_03,review_batch_03_conservative_whole_queue_2026-08-23,retained_after_titlepair_review,DISC-MEDIA-0438,no_known_text_quality_exception,true
SEC-MEDIA-0196,secondary_keyword,Amcu Rebuts As Libellous Allegations That It Is Behind Ongoing Bloodshed,amcu rebuts as libellous allegations that it is behind ongoing bloodshed,2017,2017-10-27,Engineering News,https://www.engineeringnews.co.za/article/amcu-rebuts-as-libellous-allegations-that-it-is-behind-ongoing-bloodshed-2017-10-27,https://engineeringnews.co.za/article/amcu-rebuts-as-libellous-allegations-that-it-is-behind-ongoing-bloodshed-2017-10-27,722,ec5177412d22bd200a255ffc64672e62fec0bfeb69430892cebfcdaf19139a10,valid_sha256,include_lonmin_marikana_labour_governance,final_secondary_batch_03,secondary_batch_03_explicit_source_review_2026-08-24,retained_after_titlepair_review,SEC-MEDIA-0196,no_known_text_quality_exception,true
DISC-MEDIA-0252,title_trigger,Op Ed Global Developmental Financial Institution Needs To Be Accountable On Lonmin And Sassa,op ed global developmental financial institution needs to be accountable on lonmin and sassa,2017,2017-11-01,Daily Maverick,https://www.dailymaverick.co.za/article/2017-11-01-op-ed-global-developmental-financial-institution-needs-to-be-accountable-on-lonmin-and-sassa/,https://dailymaverick.co.za/article/2017-11-01-op-ed-global-developmental-financial-institution-needs-to-be-accountable-on-lonmin-and-sassa,1599,ae5305f5eef44e96eb3444048d0d229bfbd3c08f80c1cc6955e936acdc0541a1,valid_sha256,include_case_central,final_batch_03,review_batch_03_conservative_whole_queue_2026-08-23,retained_after_titlepair_review,DISC-MEDIA-0252,no_known_text_quality_exception,true
DISC-MEDIA-0667,title_trigger,Surviving On 3Oz Has Lonmin In Race Against Time,surviving on 3oz has lonmin in race against time,2017,2017-11-09,Engineering News,https://www.engineeringnews.co.za/article/surviving-on-3oz-has-lonmin-in-race-against-time-2017-11-09,https://engineeringnews.co.za/article/surviving-on-3oz-has-lonmin-in-race-against-time-2017-11-09,1010,af1c640efee397c47d84570300a546c6e2f45e2cabe23601b15cf3d973e42c13,valid_sha256,include_case_central,final_batch_03,review_batch_03_conservative_whole_queue_2026-08-23,retained_after_titlepair_review,DISC-MEDIA-0667,no_known_text_quality_exception,true
DISC-MEDIA-0396,title_trigger,Employees Demand Solidaritys Recognition As Trade Union At Lonmin,employees demand solidaritys recognition as trade union at lonmin,2017,2017-11-10,Engineering News,https://www.engineeringnews.co.za/article/employees-demand-solidaritys-recognition-as-trade-union-at-lonmin-2017-11-10,https://engineeringnews.co.za/article/employees-demand-solidaritys-recognition-as-trade-union-at-lonmin-2017-11-10,536,3cb4cf70d3334d309ee028463e9edcc94b2508bf844b2d5e6e15b6d42d526537,valid_sha256,include_lonmin_marikana_labour_governance,final_batch_05,review_batch_05_explicit_residual_2026-08-23,retained_after_titlepair_review,DISC-MEDIA-0396,no_known_text_quality_exception,true
DISC-MEDIA-0650,title_trigger,Sibanye Stillwater To Acquire Embattled Lonmin In All Share Offer,sibanye stillwater to acquire embattled lonmin in all share offer,2017,2017-12-14,Engineering News,https://www.engineeringnews.co.za/article/sibanye-stillwater-to-acquire-embattled-lonmin-in-all-share-offer-2017-12-14,https://engineeringnews.co.za/article/sibanye-stillwater-to-acquire-embattled-lonmin-in-all-share-offer-2017-12-14,1607,b9892834f1cbe860c528349fc2ba8afeb493eabf13b4937863f076cd452c1196,valid_sha256,include_lonmin_ownership_transition_labour_governance,final_batch_06,review_batch_06_explicit_source_checked_2026-08-23,retained_after_titlepair_review,DISC-MEDIA-0650,no_known_text_quality_exception,true
DISC-MEDIA-0365,title_trigger,Amcu Laments Lack Of Consultation Over Sibanye Stillwaters Acquisition Of Lonmin,amcu laments lack of consultation over sibanye stillwaters acquisition of lonmin,2017,2017-12-15,Engineering News,https://www.engineeringnews.co.za/article/amcu-laments-lack-of-consultation-over-sibanye-stillwaters-acquisition-of-lonmin-2017-12-15,https://engineeringnews.co.za/article/amcu-laments-lack-of-consultation-over-sibanye-stillwaters-acquisition-of-lonmin-2017-12-15,653,b89d9821674dcde606a3e4c50fda8a48d7b326483da99cb43c1f4bb85da5c11d,valid_sha256,include_case_central,final_batch_03,review_batch_03_conservative_whole_queue_2026-08-23,retained_after_titlepair_review,DISC-MEDIA-0365,no_known_text_quality_exception,true
DISC-MEDIA-0619,title_trigger,Retention Of Jobs Critical Following Sibanye Lonmin Deal Zwane,retention of jobs critical following sibanye lonmin deal zwane,2017,2017-12-15,Engineering News,https://www.engineeringnews.co.za/article/retention-of-jobs-critical-following-sibanye-lonmin-deal-zwane-2017-12-15,https://engineeringnews.co.za/article/retention-of-jobs-critical-following-sibanye-lonmin-deal-zwane-2017-12-15,350,868fca813c92dde03d67552cb2eeaa47ae7bd5b708c61e035d650af6d3c093c5,valid_sha256,include_lonmin_ownership_transition_labour_governance,final_batch_05,review_batch_05_explicit_residual_2026-08-23,retained_after_titlepair_review,DISC-MEDIA-0619,no_known_text_quality_exception,true
DISC-MEDIA-0651,title_trigger,Sibanye Stillwater To Lonmins Rescue,sibanye stillwater to lonmins rescue,2017,2017-12-19,Engineering News,https://www.engineeringnews.co.za/article/sibanye-stillwater-to-lonmins-rescue-2017-12-19,https://engineeringnews.co.za/article/sibanye-stillwater-to-lonmins-rescue-2017-12-19,505,d0a5c7efd645add45569ad8a085a88a79b79e6ce051f7a07442b6438b5a339cb,valid_sha256,include_lonmin_ownership_transition_labour_governance,final_batch_06,review_batch_06_explicit_source_checked_2026-08-23,retained_after_titlepair_review,DISC-MEDIA-0651,no_known_text_quality_exception,true
DISC-MEDIA-0593,title_trigger,Num Says Branch Leader At Lonmin Unit Shot Dead,num says branch leader at lonmin unit shot dead,2018,2018-01-19,Engineering News,https://www.engineeringnews.co.za/article/num-says-branch-leader-at-lonmin-unit-shot-dead-2018-01-19,https://engineeringnews.co.za/article/num-says-branch-leader-at-lonmin-unit-shot-dead-2018-01-19,530,18244b462afe72936e97554da1c4cbc7faf72268c8ac046ea16de7b916944e31,valid_sha256,include_case_central,final_batch_03,review_batch_03_conservative_whole_queue_2026-08-23,retained_after_titlepair_review,DISC-MEDIA-0593,no_known_text_quality_exception,true
DISC-MEDIA-0253,title_trigger,Open Letter To Cyril Ramaphosa Use Your Power To Make Reparation Over Marikana,open letter to cyril ramaphosa use your power to make reparation over marikana,2018,2018-02-15,Daily Maverick,https://www.dailymaverick.co.za/article/2018-02-15-open-letter-to-cyril-ramaphosa-use-your-power-to-make-reparation-over-marikana/,https://dailymaverick.co.za/article/2018-02-15-open-letter-to-cyril-ramaphosa-use-your-power-to-make-reparation-over-marikana,548,63282253a89e126119c8321b057cf02c7a9d4245b191bd78128c5a2622e19a0a,valid_sha256,include_case_central,final_batch_06,review_batch_06_explicit_source_checked_2026-08-23,retained_after_titlepair_review,DISC-MEDIA-0253,no_known_text_quality_exception,true
DISC-MEDIA-0397,title_trigger,Families Of Slain Marikana Miners Call On Ramaphosa To Turn His Promises Into Action,families of slain marikana miners call on ramaphosa to turn his promises into action,2018,2018-02-22,Engineering News,https://www.engineeringnews.co.za/article/families-of-slain-marikana-miners-call-on-ramaphosa-to-turn-his-promises-into-action-2018-02-22,https://engineeringnews.co.za/article/families-of-slain-marikana-miners-call-on-ramaphosa-to-turn-his-promises-into-action-2018-02-22,860,f346b6f0dd7d24248007d14fe89b4b5ce8bc75d02d9666a6ce6192177d4c3557,valid_sha256,include_case_central,final_batch_03,review_batch_03_conservative_whole_queue_2026-08-23,retained_after_titlepair_review,DISC-MEDIA-0397,no_known_text_quality_exception,true
DISC-MEDIA-0254,title_trigger,9 Senior Police Officials To Appear For Marikana Murders,9 senior police officials to appear for marikana murders,2018,2018-03-15,Daily Maverick,https://www.dailymaverick.co.za/article/2018-03-15-9-senior-police-officials-to-appear-for-marikana-murders/,https://dailymaverick.co.za/article/2018-03-15-9-senior-police-officials-to-appear-for-marikana-murders,247,7db193fc786795d88d07e536030197103b123069332a9334783605224ebc9dbd,valid_sha256,include_case_central,final_batch_03,review_batch_03_conservative_whole_queue_2026-08-23,retained_after_titlepair_review,DISC-MEDIA-0254,no_known_text_quality_exception,true
DISC-MEDIA-0523,title_trigger,Lonmin Transaction Filed With South Africas Competition Authority,lonmin transaction filed with south africas competition authority,2018,2018-03-16,Engineering News,https://www.engineeringnews.co.za/article/lonmin-transaction-filed-with-south-africas-competition-authority-2018-03-16,https://engineeringnews.co.za/article/lonmin-transaction-filed-with-south-africas-competition-authority-2018-03-16,472,8d94dbf4d9071193e2c19b6f349539871024a044503feb186189ea55e748ba42,valid_sha256,include_lonmin_ownership_transition_labour_governance,final_batch_06,review_batch_06_explicit_source_checked_2026-08-23,retained_after_titlepair_review,DISC-MEDIA-0523,no_known_text_quality_exception,true
DISC-MEDIA-0255,title_trigger,Groundup Marikana Workers Live In Dire Conditions Three Years After Farlam Report,groundup marikana workers live in dire conditions three years after farlam report,2018,2018-03-20,Daily Maverick,https://www.dailymaverick.co.za/article/2018-03-20-groundup-marikana-workers-live-in-dire-conditions-three-years-after-farlam-report/,https://dailymaverick.co.za/article/2018-03-20-groundup-marikana-workers-live-in-dire-conditions-three-years-after-farlam-report,693,220d04b71c153f948cf029f80ea832eebb46b666638863bf875796fed1646900,valid_sha256,include_case_central,final_batch_03,review_batch_03_conservative_whole_queue_2026-08-23,retained_after_titlepair_review,DISC-MEDIA-0255,no_known_text_quality_exception,true
DISC-MEDIA-0456,title_trigger,Lonmin Hands Over New Marikana Primary School To Basic Education Dept,lonmin hands over new marikana primary school to basic education dept,2018,2018-03-23,Engineering News,https://www.engineeringnews.co.za/article/lonmin-hands-over-new-marikana-primary-school-to-basic-education-dept-2018-03-23,https://engineeringnews.co.za/article/lonmin-hands-over-new-marikana-primary-school-to-basic-education-dept-2018-03-23,660,b6088813afe9a5a62e7025421fddfbe7664f2bc07cee01033717d17ac59d4b7e,valid_sha256,include_case_central,final_batch_03,review_batch_03_conservative_whole_queue_2026-08-23,retained_after_titlepair_review,DISC-MEDIA-0456,no_known_text_quality_exception,true
DISC-MEDIA-0524,title_trigger,Lonmin Transaction Filed With South Africas Competition Body,lonmin transaction filed with south africas competition body,2018,2018-03-30,Engineering News,https://www.engineeringnews.co.za/article/lonmin-transaction-filed-with-south-africas-competition-body-2018-03-30,https://engineeringnews.co.za/article/lonmin-transaction-filed-with-south-africas-competition-body-2018-03-30,461,10452e2ceaf61ca07457392bc02492cb741ec4b6116c53439d6d23c0d66f2e85,valid_sha256,include_lonmin_ownership_transition_labour_governance,final_batch_05,review_batch_05_explicit_residual_2026-08-23,retained_after_titlepair_review,DISC-MEDIA-0524,no_known_text_quality_exception,true
DISC-MEDIA-0457,title_trigger,Lonmin Hands Over New Marikana Primary School To Basic Education Dept,lonmin hands over new marikana primary school to basic education dept,2018,2018-04-06,Engineering News,https://www.engineeringnews.co.za/article/lonmin-hands-over-new-marikana-primary-school-to-basic-education-dept-2018-04-06,https://engineeringnews.co.za/article/lonmin-hands-over-new-marikana-primary-school-to-basic-education-dept-2018-04-06,649,732405582e86fb32437288606677f61dc2c4a3ffb6608274b255ca929e19bedb,valid_sha256,include_case_central,final_batch_03,review_batch_03_conservative_whole_queue_2026-08-23,redundant_republication,DISC-MEDIA-0456,no_known_text_quality_exception,false
DISC-MEDIA-0463,title_trigger,Lonmin Launches Community Grievance System,lonmin launches community grievance system,2018,2018-04-25,Engineering News,https://www.engineeringnews.co.za/article/lonmin-launches-community-grievance-system-2018-04-25,https://engineeringnews.co.za/article/lonmin-launches-community-grievance-system-2018-04-25,601,013e593ed68fde48f6b804af8ac5abdebc536aae635e1ad5d9d6bc79e44d5f3d,valid_sha256,include_lonmin_community_housing_response,final_batch_05,review_batch_05_explicit_residual_2026-08-23,retained_after_titlepair_review,DISC-MEDIA-0463,no_known_text_quality_exception,true
DISC-MEDIA-0431,title_trigger,Lonmin Ceo Pleads For Consolidation Approval To Save 20 000 Jobs,lonmin ceo pleads for consolidation approval to save 20 000 jobs,2018,2018-05-14,Engineering News,https://www.engineeringnews.co.za/article/lonmin-ceo-pleads-for-consolidation-approval-to-save-20-000-jobs-2018-05-14,https://engineeringnews.co.za/article/lonmin-ceo-pleads-for-consolidation-approval-to-save-20-000-jobs-2018-05-14,1170,c0270dc79ea34e7592ebdb414e8a247ca7c80e17cd63a243719e29a4d5d4ccbb,valid_sha256,include_lonmin_ownership_transition_labour_governance,final_batch_05,review_batch_05_explicit_residual_2026-08-23,retained_after_titlepair_review,DISC-MEDIA-0431,no_known_text_quality_exception,true
DISC-MEDIA-0383,title_trigger,Britains Competition Watchdog To Look Into Sibanye Lonmin Deal,britains competition watchdog to look into sibanye lonmin deal,2018,2018-05-15,Engineering News,https://www.engineeringnews.co.za/article/britains-competition-watchdog-to-look-into-sibanye-lonmin-deal-2018-05-15,https://engineeringnews.co.za/article/britains-competition-watchdog-to-look-into-sibanye-lonmin-deal-2018-05-15,770,1c005a672cfe3b74193d4a09f700981372df164ce5f57c576c1ecb61950c0e64,valid_sha256,include_lonmin_ownership_transition_labour_governance,final_batch_06,review_batch_06_explicit_source_checked_2026-08-23,retained_after_titlepair_review,DISC-MEDIA-0383,no_known_text_quality_exception,true
DISC-MEDIA-0634,title_trigger,Sibanye Ceo Confident Of Lonmin Takeover Despite Cash Burn,sibanye ceo confident of lonmin takeover despite cash burn,2018,2018-05-18,Engineering News,https://www.engineeringnews.co.za/article/sibanye-ceo-confident-of-lonmin-takeover-despite-cash-burn-2018-05-18,https://engineeringnews.co.za/article/sibanye-ceo-confident-of-lonmin-takeover-despite-cash-burn-2018-05-18,756,9320bcdc87dec25ed993551d219b14a8ec230c1c344c2ee729b2dd57777f42c5,valid_sha256,include_lonmin_ownership_transition_labour_governance,final_batch_06,review_batch_06_explicit_source_checked_2026-08-23,retained_after_titlepair_review,DISC-MEDIA-0634,no_known_text_quality_exception,true
DISC-MEDIA-0256,title_trigger,Found Not Guilty By Court Marikana Activist Warns Of Cops Pursuing Political Agendas,found not guilty by court marikana activist warns of cops pursuing political agendas,2018,2018-05-22,Daily Maverick,https://www.dailymaverick.co.za/article/2018-05-22-found-not-guilty-by-court-marikana-activist-warns-of-cops-pursuing-political-agendas/,https://dailymaverick.co.za/article/2018-05-22-found-not-guilty-by-court-marikana-activist-warns-of-cops-pursuing-political-agendas,878,6ad229c0a6f06930c1f72ef458cd6189d66ff8fbbf770500a30e1638066d529c,valid_sha256,include_case_central,final_batch_03,review_batch_03_conservative_whole_queue_2026-08-23,retained_after_titlepair_review,DISC-MEDIA-0256,no_known_text_quality_exception,true
DISC-MEDIA-0392,title_trigger,Consolidation Needed To Save Jobs Lonmin,consolidation needed to save jobs lonmin,2018,2018-05-25,Engineering News,https://www.engineeringnews.co.za/article/consolidation-needed-to-save-jobs-lonmin-2018-05-25,https://engineeringnews.co.za/article/consolidation-needed-to-save-jobs-lonmin-2018-05-25,1149,6ec8b457873c1da1a64e1e146c3744f0e9b759140d1eadddffec8c66f6bf6a99,valid_sha256,include_lonmin_ownership_transition_labour_governance,final_batch_06,review_batch_06_explicit_source_checked_2026-08-23,retained_after_titlepair_review,DISC-MEDIA-0392,no_known_text_quality_exception,true
DISC-MEDIA-0683,title_trigger,We Made Significant Progress In Marikana Says Lonmin,we made significant progress in marikana says lonmin,2018,2018-08-15,Engineering News,https://www.engineeringnews.co.za/article/we-made-significant-progress-in-marikana-says-lonmin-2018-08-15,https://engineeringnews.co.za/article/we-made-significant-progress-in-marikana-says-lonmin-2018-08-15,741,597bf4ef0292e6af3750a0eeb7d946070cc0a451c394c2160b40f4aed78539f4,valid_sha256,include_case_central,final_batch_03,review_batch_03_conservative_whole_queue_2026-08-23,retained_after_titlepair_review,DISC-MEDIA-0683,no_known_text_quality_exception,true
DISC-MEDIA-0399,title_trigger,Farlam Unhappy With Snail Pace In Implementation Of His Marikana Recommendations,farlam unhappy with snail pace in implementation of his marikana recommendations,2018,2018-08-16,Engineering News,https://www.engineeringnews.co.za/article/farlam-unhappy-with-snail-pace-in-implementation-of-his-marikana-recommendations-2018-08-16,https://engineeringnews.co.za/article/farlam-unhappy-with-snail-pace-in-implementation-of-his-marikana-recommendations-2018-08-16,793,3abf382014fc9a7214f967fc2a8207a54c34d15333608d0eb36c287743c5d158,valid_sha256,include_case_central,final_batch_03,review_batch_03_conservative_whole_queue_2026-08-23,retained_after_titlepair_review,DISC-MEDIA-0399,no_known_text_quality_exception,true
DISC-MEDIA-0636,title_trigger,Sibanye Expects Lonmin Competition Finality October,sibanye expects lonmin competition finality october,2018,2018-08-27,Engineering News,https://www.engineeringnews.co.za/article/sibanye-expects-lonmin-competition-finality-october-2018-08-27,https://engineeringnews.co.za/article/sibanye-expects-lonmin-competition-finality-october-2018-08-27,939,1b2a66d9c54e25d635e71eabc3e8a18978d7094ebe7679f1501048e65a04b19f,valid_sha256,include_lonmin_ownership_transition_labour_governance,final_batch_05,review_batch_05_explicit_residual_2026-08-23,retained_after_titlepair_review,DISC-MEDIA-0636,no_known_text_quality_exception,true
DISC-MEDIA-0648,title_trigger,Sibanye Stillwater Expects Lonmin Competition Finality In October,sibanye stillwater expects lonmin competition finality in october,2018,2018-08-27,Engineering News,https://www.engineeringnews.co.za/article/sibanye-stillwater-expects-lonmin-competition-finality-in-october-2018-08-27,https://engineeringnews.co.za/article/sibanye-stillwater-expects-lonmin-competition-finality-in-october-2018-08-27,940,258c973a6c5678ee886027110194d4cc7a3a29b949514848fb4e14d611eb2bb9,valid_sha256,include_lonmin_ownership_transition_labour_governance,final_batch_05,review_batch_05_explicit_residual_2026-08-23,retained_after_titlepair_review,DISC-MEDIA-0648,no_known_text_quality_exception,true
DISC-MEDIA-0391,title_trigger,Competition Watchdog Imposes Conditions On Sibanye Lonmin Deal,competition watchdog imposes conditions on sibanye lonmin deal,2018,2018-09-18,Engineering News,https://www.engineeringnews.co.za/article/competition-watchdog-imposes-conditions-on-sibanye-lonmin-deal-2018-09-18,https://engineeringnews.co.za/article/competition-watchdog-imposes-conditions-on-sibanye-lonmin-deal-2018-09-18,561,9f1d78a43fc47893ca5784083b12890cb4ec1f2be5a666ea1bd5f0f52efb1552,valid_sha256,include_case_central,final_batch_03,review_batch_03_conservative_whole_queue_2026-08-23,retained_after_titlepair_review,DISC-MEDIA-0391,no_known_text_quality_exception,true
DISC-MEDIA-0525,title_trigger,Lonmin Undertakes Refinancing Delivers On Results Promise,lonmin undertakes refinancing delivers on results promise,2018,2018-10-22,Engineering News,https://www.engineeringnews.co.za/article/lonmin-undertakes-refinancing-delivers-on-results-promise-2018-10-22,https://engineeringnews.co.za/article/lonmin-undertakes-refinancing-delivers-on-results-promise-2018-10-22,1360,7494c609004d6dc2ee02157a889141687cd472ff8baf6a3a5feb8506b0bd7940,valid_sha256,include_case_central,final_batch_03,review_batch_03_conservative_whole_queue_2026-08-23,retained_after_titlepair_review,DISC-MEDIA-0525,no_known_text_quality_exception,true
DISC-MEDIA-0381,title_trigger,Bid To Have Lonmins Mining Licence Suspended Heads To Court,bid to have lonmins mining licence suspended heads to court,2018,2018-10-25,Engineering News,https://www.engineeringnews.co.za/article/bid-to-have-lonmins-mining-licence-suspended-heads-to-court-2018-10-25,https://engineeringnews.co.za/article/bid-to-have-lonmins-mining-licence-suspended-heads-to-court-2018-10-25,1302,ce75a47aae6dbcb33bd8e1abeb155fe6a2482d2b5e301d60744646ed84c7932d,valid_sha256,include_case_central,final_batch_03,review_batch_03_conservative_whole_queue_2026-08-23,retained_after_titlepair_review,DISC-MEDIA-0381,no_known_text_quality_exception,true
DISC-MEDIA-0257,title_trigger,Lonmin Says It Is A Victim Of Vexatious Litigation,lonmin says it is a victim of vexatious litigation,2018,2018-10-29,Daily Maverick,https://www.dailymaverick.co.za/article/2018-10-29-lonmin-says-it-is-a-victim-of-vexatious-litigation/,https://dailymaverick.co.za/article/2018-10-29-lonmin-says-it-is-a-victim-of-vexatious-litigation,761,09e51c3866b30e0920b6caf1a96f4810a3b31f7c7a4635fad67c0e800ee528c0,valid_sha256,include_case_central,final_batch_03,review_batch_03_conservative_whole_queue_2026-08-23,retained_after_titlepair_review,DISC-MEDIA-0257,no_known_text_quality_exception,true
DISC-MEDIA-0526,title_trigger,Lonmin Undertakes Refinancing Delivers On Results Promise,lonmin undertakes refinancing delivers on results promise,2018,2018-11-02,Engineering News,https://www.engineeringnews.co.za/article/lonmin-undertakes-refinancing-delivers-on-results-promise-2018-11-02,https://engineeringnews.co.za/article/lonmin-undertakes-refinancing-delivers-on-results-promise-2018-11-02,1267,0a9983d8ecc58756b3a35a129bec19fdafa4ba6918cfc034463402cb593fdfde,valid_sha256,include_case_central,final_batch_03,review_batch_03_conservative_whole_queue_2026-08-23,redundant_republication,DISC-MEDIA-0525,no_known_text_quality_exception,false
DISC-MEDIA-0348,title_trigger,Marikana The Axe Forgets But The Tree Remembers,marikana the axe forgets but the tree remembers,2018,2018-11-07,Daily Maverick,https://www.dailymaverick.co.za/opinionista/2018-11-07-marikana-the-axe-forgets-but-the-tree-remembers/,https://dailymaverick.co.za/opinionista/2018-11-07-marikana-the-axe-forgets-but-the-tree-remembers,1044,0d130a2537aa7e245ed7b82fa320e915e0dfac7a4ed7c59371bd4c77f4b6c650,valid_sha256,include_case_central,final_batch_03,review_batch_03_conservative_whole_queue_2026-08-23,retained_after_titlepair_review,DISC-MEDIA-0348,no_known_text_quality_exception,true
DISC-MEDIA-0677,title_trigger,Tribunal To Hold Sibanye Lonmin Merger Hearing Next Week,tribunal to hold sibanye lonmin merger hearing next week,2018,2018-11-09,Engineering News,https://www.engineeringnews.co.za/article/tribunal-to-hold-sibanye-lonmin-merger-hearing-next-week-2018-11-09,https://engineeringnews.co.za/article/tribunal-to-hold-sibanye-lonmin-merger-hearing-next-week-2018-11-09,719,ae3e612dff1638c6e20ddc512275839ee77c5020f925ee8029c2a5f9e3f68808,valid_sha256,include_case_central,final_batch_03,review_batch_03_conservative_whole_queue_2026-08-23,retained_after_titlepair_review,DISC-MEDIA-0677,no_known_text_quality_exception,true
DISC-MEDIA-0533,title_trigger,Lonmins Biggest Union Wants Sibanye Deal Stopped Over Job Cuts,lonmins biggest union wants sibanye deal stopped over job cuts,2018,2018-11-13,Engineering News,https://www.engineeringnews.co.za/article/lonmins-biggest-union-wants-sibanye-deal-stopped-over-job-cuts-2018-11-13,https://engineeringnews.co.za/article/lonmins-biggest-union-wants-sibanye-deal-stopped-over-job-cuts-2018-11-13,622,9ecaa6c40c604c1e33be60760d76ee58daaf422b5b4f3bb5fe774122b4ffe06f,valid_sha256,include_lonmin_ownership_transition_labour_governance,final_batch_05,review_batch_05_explicit_residual_2026-08-23,retained_after_titlepair_review,DISC-MEDIA-0533,no_known_text_quality_exception,true
DISC-MEDIA-0674,title_trigger,Tribunal Approves Sibanye Lonmin Merger Imposes 6 Month Moratorium On Retrenchments,tribunal approves sibanye lonmin merger imposes 6 month moratorium on retrenchments,2018,2018-11-21,Engineering News,https://www.engineeringnews.co.za/article/tribunal-approves-sibanye-lonmin-merger-imposes-6-month-moratorium-on-retrenchments-2018-11-21,https://engineeringnews.co.za/article/tribunal-approves-sibanye-lonmin-merger-imposes-6-month-moratorium-on-retrenchments-2018-11-21,614,bd469379229593a9cc3e5c58797db128797998c4ad643dda47ed2ae4c856fb90,valid_sha256,include_lonmin_ownership_transition_labour_governance,final_batch_05,review_batch_05_explicit_residual_2026-08-23,retained_after_titlepair_review,DISC-MEDIA-0674,no_known_text_quality_exception,true
DISC-MEDIA-0675,title_trigger,Tribunal Approves Sibanye Lonmin Merger Imposes 6 Month Moratorium On Retrenchments,tribunal approves sibanye lonmin merger imposes 6 month moratorium on retrenchments,2018,2018-11-30,Engineering News,https://www.engineeringnews.co.za/article/tribunal-approves-sibanye-lonmin-merger-imposes-6-month-moratorium-on-retrenchments-2018-11-30,https://engineeringnews.co.za/article/tribunal-approves-sibanye-lonmin-merger-imposes-6-month-moratorium-on-retrenchments-2018-11-30,588,b406120e356cb5dab6400531abf70630b6104339cf5e9aa55feaf33e1cb0a678,valid_sha256,include_lonmin_ownership_transition_labour_governance,final_batch_04,review_batch_04_source_specific_2026-08-23,redundant_republication,DISC-MEDIA-0674,no_known_text_quality_exception,false
DISC-MEDIA-0368,title_trigger,Amcu Moves To Overturn Sibanyes Lonmin Deal,amcu moves to overturn sibanyes lonmin deal,2018,2018-12-20,Engineering News,https://www.engineeringnews.co.za/article/amcu-moves-to-overturn-sibanyes-lonmin-deal-2018-12-20,https://engineeringnews.co.za/article/amcu-moves-to-overturn-sibanyes-lonmin-deal-2018-12-20,447,7cc11257f3a14830bc1b8fd0512852051ed06cbfbe118b18ca479a16acbeac1d,valid_sha256,include_lonmin_ownership_transition_labour_governance,final_batch_05,review_batch_05_explicit_residual_2026-08-23,retained_after_titlepair_review,DISC-MEDIA-0368,no_known_text_quality_exception,true
DISC-MEDIA-0349,title_trigger,Da Appropriation Of Marikana And Life Esidimeni Names Is Crude Partly Political Electioneering,da appropriation of marikana and life esidimeni names is crude partly political electioneering,2019,2019-01-18,Daily Maverick,https://www.dailymaverick.co.za/opinionista/2019-01-18-da-appropriation-of-marikana-and-life-esidimeni-names-is-crude-partly-political-electioneering/,https://dailymaverick.co.za/opinionista/2019-01-18-da-appropriation-of-marikana-and-life-esidimeni-names-is-crude-partly-political-electioneering,1063,f47a5adf9d854a3da7cd5fba1d46fe96129951ad98880f5de910e20a7c1dca03,valid_sha256,include_case_central,final_batch_03,review_batch_03_conservative_whole_queue_2026-08-23,retained_after_titlepair_review,DISC-MEDIA-0349,no_known_text_quality_exception,true
SEC-MEDIA-1013,secondary_keyword,South African Court Blocks Mine Union Amcu Plans For Industry Wide Strike,south african court blocks mine union amcu plans for industry wide strike,2019,2019-03-15,Engineering News,https://www.engineeringnews.co.za/article/south-african-court-blocks-mine-union-amcu-plans-for-industry-wide-strike-2019-03-15,https://engineeringnews.co.za/article/south-african-court-blocks-mine-union-amcu-plans-for-industry-wide-strike-2019-03-15,560,fbd8eefb8f452c5d197b8695f3d6b809f2728c33885ccc65cf54f7ffc4d71abf,valid_sha256,include_lonmin_marikana_labour_governance,final_secondary_batch_01,secondary_batch_01_acquired_text_2026-08-23,retained_after_titlepair_review,SEC-MEDIA-1013,no_known_text_quality_exception,true
DISC-MEDIA-0369,title_trigger,Amcu Slams Lonmin Sibanye Merger Over Magnitude Of Job Losses At Appeal Court,amcu slams lonmin sibanye merger over magnitude of job losses at appeal court,2019,2019-04-08,Engineering News,https://www.engineeringnews.co.za/article/amcu-slams-lonmin-sibanye-merger-over-magnitude-of-job-losses-at-appeal-court-2019-04-08,https://engineeringnews.co.za/article/amcu-slams-lonmin-sibanye-merger-over-magnitude-of-job-losses-at-appeal-court-2019-04-08,900,054193fc12556c9b57f1ef04f34321828f76523b287ddcf5e9b1f98418bcdd62,valid_sha256,include_lonmin_ownership_transition_labour_governance,final_batch_04,review_batch_04_source_specific_2026-08-23,retained_after_titlepair_review,DISC-MEDIA-0369,no_known_text_quality_exception,true
SEC-MEDIA-0040,secondary_keyword,The Balance In Sas Bloody Strike At Sibanye Stillwaters Mines Tips Slightly,the balance in sas bloody strike at sibanye stillwaters mines tips slightly,2019,2019-04-09,Daily Maverick,https://www.dailymaverick.co.za/article/2019-04-09-the-balance-in-sas-bloody-strike-at-sibanye-stillwaters-mines-tips-slightly/,https://dailymaverick.co.za/article/2019-04-09-the-balance-in-sas-bloody-strike-at-sibanye-stillwaters-mines-tips-slightly,823,04aca5c0c65f8297330d9fb0641a4d761ff84c0897af4064ec72aa088be3782b,valid_sha256,include_case_central,final_secondary_batch_01,secondary_batch_01_acquired_text_2026-08-23,retained_after_titlepair_review,SEC-MEDIA-0040,no_known_text_quality_exception,true
DISC-MEDIA-0258,title_trigger,Lonmin Case Shows How Hard It Is To Hold Mines To Account,lonmin case shows how hard it is to hold mines to account,2019,2019-04-26,Daily Maverick,https://www.dailymaverick.co.za/article/2019-04-26-lonmin-case-shows-how-hard-it-is-to-hold-mines-to-account/,https://dailymaverick.co.za/article/2019-04-26-lonmin-case-shows-how-hard-it-is-to-hold-mines-to-account,1070,3197abdc87c50c9e4ec7ffbe82317899dc0ace6f31153bc36314f55797397a72,valid_sha256,include_case_central,final_batch_03,review_batch_03_conservative_whole_queue_2026-08-23,retained_after_titlepair_review,DISC-MEDIA-0258,no_known_text_quality_exception,true
SEC-MEDIA-0044,secondary_keyword,Deregistration Threat To Amcu Calls For Active Union Solidarity,deregistration threat to amcu calls for active union solidarity,2019,2019-04-29,Daily Maverick,https://www.dailymaverick.co.za/article/2019-04-29-deregistration-threat-to-amcu-calls-for-active-union-solidarity/,https://dailymaverick.co.za/article/2019-04-29-deregistration-threat-to-amcu-calls-for-active-union-solidarity,577,e4aeb8348430cc18422d1cf8775ea82ff0d9bf685b604ed223175e7dd0b92410,valid_sha256,include_case_central,final_secondary_batch_01,secondary_batch_01_acquired_text_2026-08-23,retained_after_titlepair_review,SEC-MEDIA-0044,no_known_text_quality_exception,true
DISC-MEDIA-0570,title_trigger,Marikana Mineworkers Case Postponed Again,marikana mineworkers case postponed again,2019,2019-05-07,Engineering News,https://www.engineeringnews.co.za/article/marikana-mineworkers-case-postponed-again-2019-05-07,https://engineeringnews.co.za/article/marikana-mineworkers-case-postponed-again-2019-05-07,615,7274cd299926eeee5f987dc6ec07cff5a64f084c291bc3a58a4e837dd74daf14,valid_sha256,include_case_central,final_batch_03,review_batch_03_conservative_whole_queue_2026-08-23,retained_after_titlepair_review,DISC-MEDIA-0570,no_known_text_quality_exception,true
DISC-MEDIA-0466,title_trigger,Lonmin Likely To Cut Fewer Jobs Due To Revenue Boost Ceo,lonmin likely to cut fewer jobs due to revenue boost ceo,2019,2019-05-15,Engineering News,https://www.engineeringnews.co.za/article/lonmin-likely-to-cut-fewer-jobs-due-to-revenue-boost-ceo-2019-05-15,https://engineeringnews.co.za/article/lonmin-likely-to-cut-fewer-jobs-due-to-revenue-boost-ceo-2019-05-15,745,739a0dc2bef4552fedd6c1455fc738d4ee0e641c3f3da00e77f5ca85dc2bfc60,valid_sha256,include_lonmin_marikana_labour_governance,final_batch_06,review_batch_06_explicit_source_checked_2026-08-23,retained_after_titlepair_review,DISC-MEDIA-0466,no_known_text_quality_exception,true
SEC-MEDIA-0877,secondary_keyword,Sibanye Stillwater Plans To Resume Dividend Payments In 2020,sibanye stillwater plans to resume dividend payments in 2020,2019,2019-05-16,Engineering News,https://www.engineeringnews.co.za/article/sibanye-stillwater-plans-to-resume-dividend-payments-in-2020-2019-05-16,https://engineeringnews.co.za/article/sibanye-stillwater-plans-to-resume-dividend-payments-in-2020-2019-05-16,664,8138e00fb6f8e20ce610e0154acafa08b9c1a5bbff7dfc4785f66ec9b85359bd,valid_sha256,include_lonmin_marikana_labour_governance,final_secondary_batch_01,secondary_batch_01_acquired_text_2026-08-23,retained_after_titlepair_review,SEC-MEDIA-0877,no_known_text_quality_exception,true
DISC-MEDIA-0644,title_trigger,Sibanye Lonmin Merger Enters Final Stretch As Amcu Appeal Is Dismissed,sibanye lonmin merger enters final stretch as amcu appeal is dismissed,2019,2019-05-17,Engineering News,https://www.engineeringnews.co.za/article/sibanye-lonmin-merger-enters-final-stretch-as-amcu-appeal-is-dismissed-2019-05-17,https://engineeringnews.co.za/article/sibanye-lonmin-merger-enters-final-stretch-as-amcu-appeal-is-dismissed-2019-05-17,764,c94122a498152a45f32f39b92e46070b1952569252c6da5a7e7ea715869e20d9,valid_sha256,include_lonmin_ownership_transition_labour_governance,final_batch_04,review_batch_04_source_specific_2026-08-23,retained_after_titlepair_review,DISC-MEDIA-0644,no_known_text_quality_exception,true
DISC-MEDIA-0476,title_trigger,Lonmin Plans To Cut 4 100 Workers As It Closes Platinum Mines,lonmin plans to cut 4 100 workers as it closes platinum mines,2019,2019-05-21,Engineering News,https://www.engineeringnews.co.za/article/lonmin-plans-to-cut-4-100-workers-as-it-closes-platinum-mines-2019-05-21,https://engineeringnews.co.za/article/lonmin-plans-to-cut-4-100-workers-as-it-closes-platinum-mines-2019-05-21,425,b20bca1c5499de3c81299641ae0c11e11562ea958b64cb65efecc947291eebc2,valid_sha256,include_lonmin_marikana_labour_governance,final_batch_06,review_batch_06_explicit_source_checked_2026-08-23,retained_after_titlepair_review,DISC-MEDIA-0476,no_known_text_quality_exception,true
DISC-MEDIA-0259,title_trigger,Sibanye Stillwater Ceo Explains Why He Has Drawn A Line In The Sand On Lonmin Deal,sibanye stillwater ceo explains why he has drawn a line in the sand on lonmin deal,2019,2019-05-22,Daily Maverick,https://www.dailymaverick.co.za/article/2019-05-22-sibanye-stillwater-ceo-explains-why-he-has-drawn-a-line-in-the-sand-on-lonmin-deal/,https://dailymaverick.co.za/article/2019-05-22-sibanye-stillwater-ceo-explains-why-he-has-drawn-a-line-in-the-sand-on-lonmin-deal,788,f516f7381620b5b4c3c49995cd5c4ebe72f6021e3c7b634068cbba5ac7110066,valid_sha256,include_case_central,final_batch_03,review_batch_03_conservative_whole_queue_2026-08-23,retained_after_titlepair_review,DISC-MEDIA-0259,no_known_text_quality_exception,true
DISC-MEDIA-0601,title_trigger,Pic Faces Dilemma Over Backing Lonmin Deal,pic faces dilemma over backing lonmin deal,2019,2019-05-23,Engineering News,https://www.engineeringnews.co.za/article/pic-faces-dilemma-over-backing-lonmin-deal-2019-05-23,https://engineeringnews.co.za/article/pic-faces-dilemma-over-backing-lonmin-deal-2019-05-23,770,f5b0a76cbbfb752d76a44a192c01bb8b3f03ecb2a46960538ffa4a03b0560568,valid_sha256,include_lonmin_ownership_transition_labour_governance,final_batch_06,review_batch_06_explicit_source_checked_2026-08-23,retained_after_titlepair_review,DISC-MEDIA-0601,no_known_text_quality_exception,true
DISC-MEDIA-0260,title_trigger,After Gobbling Up Lonmin The Sibanye Juggernaut Rolls On,after gobbling up lonmin the sibanye juggernaut rolls on,2019,2019-05-28,Daily Maverick,https://www.dailymaverick.co.za/article/2019-05-28-after-gobbling-up-lonmin-the-sibanye-juggernaut-rolls-on/,https://dailymaverick.co.za/article/2019-05-28-after-gobbling-up-lonmin-the-sibanye-juggernaut-rolls-on,784,ef4c37bf43d3b24648f1360ae7aee8ebacd5df9d14cbdb9bbcdc597ef9f1f9fc,valid_sha256,include_case_central,final_batch_03,review_batch_03_conservative_whole_queue_2026-08-23,retained_after_titlepair_review,DISC-MEDIA-0260,no_known_text_quality_exception,true
SEC-MEDIA-0125,secondary_keyword,After Ma Spree Sibanye Is Now The Worlds Largest Platinum Miner,after ma spree sibanye is now the worlds largest platinum miner,2019,2019-05-30,Engineering News,https://www.engineeringnews.co.za/article/after-ma-spree-sibanye-is-now-the-worlds-largest-platinum-miner-2019-05-30,https://engineeringnews.co.za/article/after-ma-spree-sibanye-is-now-the-worlds-largest-platinum-miner-2019-05-30,867,d36412fb927ef8aab8c2a0e38bb9f50c6cf5e9307dbaf00df1a4cebebf6fd5ae,valid_sha256,include_lonmin_marikana_labour_governance,final_secondary_batch_01,secondary_batch_01_acquired_text_2026-08-23,retained_after_titlepair_review,SEC-MEDIA-0125,no_known_text_quality_exception,true
DISC-MEDIA-0477,title_trigger,Lonmin Plans To Cut 4 100 Workers As It Closes Platinum Mines,lonmin plans to cut 4 100 workers as it closes platinum mines,2019,2019-05-31,Engineering News,https://www.engineeringnews.co.za/article/lonmin-plans-to-cut-4-100-workers-as-it-closes-platinum-mines-2019-05-31,https://engineeringnews.co.za/article/lonmin-plans-to-cut-4-100-workers-as-it-closes-platinum-mines-2019-05-31,264,fb225216f881f4b73cd58febf7830f5f3b4fa74e39be79d9290157eab194a9b1,suspected_extraction_hash_collision,include_lonmin_marikana_labour_governance,final_batch_06,review_batch_06_explicit_source_checked_2026-08-23,redundant_republication,DISC-MEDIA-0476,persistent_extraction_hash_collision,false
DISC-MEDIA-0620,title_trigger,Rights Groups Demand Police Accountability For Marikana Massacre,rights groups demand police accountability for marikana massacre,2019,2019-06-11,Engineering News,https://www.engineeringnews.co.za/article/rights-groups-demand-police-accountability-for-marikana-massacre-2019-06-11,https://engineeringnews.co.za/article/rights-groups-demand-police-accountability-for-marikana-massacre-2019-06-11,704,da6ab2974e4d8d410387d4bc780a938e0aefd75785b519916e6607fdb400e2e6,valid_sha256,include_case_central,final_batch_03,review_batch_03_conservative_whole_queue_2026-08-23,retained_after_titlepair_review,DISC-MEDIA-0620,no_known_text_quality_exception,true
DISC-MEDIA-0262,title_trigger,Obituary After The Marikana Massacre The Writing Was On The Wall For Lonmin,obituary after the marikana massacre the writing was on the wall for lonmin,2019,2019-06-12,Daily Maverick,https://www.dailymaverick.co.za/article/2019-06-12-obituary-after-the-marikana-massacre-the-writing-was-on-the-wall-for-lonmin/,https://dailymaverick.co.za/article/2019-06-12-obituary-after-the-marikana-massacre-the-writing-was-on-the-wall-for-lonmin,1225,cb47c5efa5ba66a3ec1a360df1cbbbf22db20241ee2bef1199d68cab728446f7,valid_sha256,include_case_central,final_batch_03,review_batch_03_conservative_whole_queue_2026-08-23,retained_after_titlepair_review,DISC-MEDIA-0262,no_known_text_quality_exception,true
SEC-MEDIA-0213,secondary_keyword,Amcu Seeks Basic Wage Of R17 000 For Members In Platinum Sector,amcu seeks basic wage of r17 000 for members in platinum sector,2019,2019-06-14,Engineering News,https://www.engineeringnews.co.za/article/amcu-seeks-basic-wage-of-r17-000-for-members-in-platinum-sector-2019-06-14,https://engineeringnews.co.za/article/amcu-seeks-basic-wage-of-r17-000-for-members-in-platinum-sector-2019-06-14,1095,298256aa0eb5e494e79f7f86d4f20736797194255c4a599e840bc116240b8f1a,valid_sha256,include_lonmin_ownership_transition_labour_governance,final_secondary_batch_03,secondary_batch_03_explicit_source_review_2026-08-24,retained_after_titlepair_review,SEC-MEDIA-0213,no_known_text_quality_exception,true
DISC-MEDIA-0394,title_trigger,Defence Blasts Ipid For Shoddy Investigation After Marikana Shooting In 2012,defence blasts ipid for shoddy investigation after marikana shooting in 2012,2019,2019-06-14,Engineering News,https://www.engineeringnews.co.za/article/defence-blasts-ipid-for-shoddy-investigation-after-marikana-shooting-in-2012-2019-06-14,https://engineeringnews.co.za/article/defence-blasts-ipid-for-shoddy-investigation-after-marikana-shooting-in-2012-2019-06-14,935,ad985b93b73e7ded89a8cebb47e537a2f249ff55a99114f16427085216c93a2e,valid_sha256,include_case_central,final_batch_03,review_batch_03_conservative_whole_queue_2026-08-23,retained_after_titlepair_review,DISC-MEDIA-0394,no_known_text_quality_exception,true
SEC-MEDIA-1017,secondary_keyword,Sp Revises Sibanyes Outlook To Negative Owing To Liquidity Concerns,sp revises sibanyes outlook to negative owing to liquidity concerns,2019,2019-06-14,Engineering News,https://www.engineeringnews.co.za/article/sp-revises-sibanyes-outlook-to-negative-owing-to-liquidity-concerns-2019-06-14,https://engineeringnews.co.za/article/sp-revises-sibanyes-outlook-to-negative-owing-to-liquidity-concerns-2019-06-14,880,87345875d713de4c6947259062bdad9c7836126790b5ddac10e2fe4e46be3c83,valid_sha256,include_lonmin_marikana_labour_governance,final_secondary_batch_01,secondary_batch_01_acquired_text_2026-08-23,retained_after_titlepair_review,SEC-MEDIA-1017,no_known_text_quality_exception,true
DISC-MEDIA-0661,title_trigger,Solidarity Says Courts Ruling Against Amcu Agency Fee At Lonmin Is Victory For Workers,solidarity says courts ruling against amcu agency fee at lonmin is victory for workers,2019,2019-06-25,Engineering News,https://www.engineeringnews.co.za/article/solidarity-says-courts-ruling-against-amcu-agency-fee-at-lonmin-is-victory-for-workers-2019-06-25,https://engineeringnews.co.za/article/solidarity-says-courts-ruling-against-amcu-agency-fee-at-lonmin-is-victory-for-workers-2019-06-25,604,1bd497840705ad106d539ede29442dd61e0e195f6d9c95dfb87b4f3d478abb33,valid_sha256,include_case_central,final_batch_03,review_batch_03_conservative_whole_queue_2026-08-23,retained_after_titlepair_review,DISC-MEDIA-0661,no_known_text_quality_exception,true
SEC-MEDIA-0478,secondary_keyword,Platinum Giants Eye Sibanyes Gold Mining Deal As Wage Yardstick,platinum giants eye sibanyes gold mining deal as wage yardstick,2019,2019-07-18,Engineering News,https://www.engineeringnews.co.za/article/platinum-giants-eye-sibanyes-gold-mining-deal-as-wage-yardstick-2019-07-18,https://engineeringnews.co.za/article/platinum-giants-eye-sibanyes-gold-mining-deal-as-wage-yardstick-2019-07-18,841,36567d02a6c96d85c71874fe9f30a0bb0ca0860ba87bbcf414da7e1bb7c77867,valid_sha256,include_lonmin_ownership_transition_labour_governance,final_secondary_batch_03,secondary_batch_03_explicit_source_review_2026-08-24,retained_after_titlepair_review,SEC-MEDIA-0478,no_known_text_quality_exception,true
DISC-MEDIA-0624,title_trigger,Rustenburg Communities Want Concourt To Set Aside Sibanyes Lonmin Takeover,rustenburg communities want concourt to set aside sibanyes lonmin takeover,2019,2019-07-19,Engineering News,https://www.engineeringnews.co.za/article/rustenburg-communities-want-concourt-to-set-aside-sibanyes-lonmin-takeover-2019-07-19,https://engineeringnews.co.za/article/rustenburg-communities-want-concourt-to-set-aside-sibanyes-lonmin-takeover-2019-07-19,768,1a85d6200a97535e6e670285c20e61c67306760932021614286cc1e1935ea2d4,valid_sha256,include_case_central,final_batch_03,review_batch_03_conservative_whole_queue_2026-08-23,retained_after_titlepair_review,DISC-MEDIA-0624,no_known_text_quality_exception,true
DISC-MEDIA-0637,title_trigger,Sibanye Files Court Papers To Oppose Application To Halt R52Bn Lonmin Merger,sibanye files court papers to oppose application to halt r52bn lonmin merger,2019,2019-08-02,Engineering News,https://www.engineeringnews.co.za/article/sibanye-files-court-papers-to-oppose-application-to-halt-r52bn-lonmin-merger-2019-08-02,https://engineeringnews.co.za/article/sibanye-files-court-papers-to-oppose-application-to-halt-r52bn-lonmin-merger-2019-08-02,875,6dc123b6cd5951bcb9bcfb23483bc8086b7a488e08d76d010e7794a9418f3678,valid_sha256,include_case_central,final_batch_03,review_batch_03_conservative_whole_queue_2026-08-23,retained_after_titlepair_review,DISC-MEDIA-0637,no_known_text_quality_exception,true
DISC-MEDIA-0263,title_trigger,Its A Done Deal Sibanye Tells Mining Communities Challenging R5Bn Lonmin Merger,its a done deal sibanye tells mining communities challenging r5bn lonmin merger,2019,2019-08-05,Daily Maverick,https://www.dailymaverick.co.za/article/2019-08-05-its-a-done-deal-sibanye-tells-mining-communities-challenging-r5bn-lonmin-merger/,https://dailymaverick.co.za/article/2019-08-05-its-a-done-deal-sibanye-tells-mining-communities-challenging-r5bn-lonmin-merger,910,e3861b22bea526ca537fec6b6c42c82d47814a72babc373805722a13e1f23c80,valid_sha256,include_case_central,final_batch_03,review_batch_03_conservative_whole_queue_2026-08-23,retained_after_titlepair_review,DISC-MEDIA-0263,no_known_text_quality_exception,true
SEC-MEDIA-0251,secondary_keyword,Amcu Warns Of Possible Sibanye Platinum Strike As Negotiations Continue,amcu warns of possible sibanye platinum strike as negotiations continue,2019,2019-08-13,Engineering News,https://www.engineeringnews.co.za/article/amcu-warns-of-possible-sibanye-platinum-strike-as-negotiations-continue-2019-08-13,https://engineeringnews.co.za/article/amcu-warns-of-possible-sibanye-platinum-strike-as-negotiations-continue-2019-08-13,981,9704ae4ad953648a83270d9a0dae649951bede79695093bad03f57c1cea3798d,valid_sha256,include_case_central,final_secondary_batch_01,secondary_batch_01_acquired_text_2026-08-23,retained_after_titlepair_review,SEC-MEDIA-0251,no_known_text_quality_exception,true
DISC-MEDIA-0606,title_trigger,Policemen Mineworkers In Court Ahead Of 7Th Marikana Massacre Commemoration,policemen mineworkers in court ahead of 7th marikana massacre commemoration,2019,2019-08-14,Engineering News,https://www.engineeringnews.co.za/article/policemen-mineworkers-in-court-ahead-of-7th-marikana-massacre-commemoration-2019-08-14,https://engineeringnews.co.za/article/policemen-mineworkers-in-court-ahead-of-7th-marikana-massacre-commemoration-2019-08-14,1227,6fa8ac58dd8a29c9864e87c5b7ba226cd6581cfb50429639cc2342dd0600229c,valid_sha256,include_case_central,final_batch_03,review_batch_03_conservative_whole_queue_2026-08-23,retained_after_titlepair_review,DISC-MEDIA-0606,no_known_text_quality_exception,true
DISC-MEDIA-0350,title_trigger,As We Commemorate Marikana Reconciliation Should Be Our Priority,as we commemorate marikana reconciliation should be our priority,2019,2019-08-15,Daily Maverick,https://www.dailymaverick.co.za/opinionista/2019-08-15-as-we-commemorate-marikana-reconciliation-should-be-our-priority/,https://dailymaverick.co.za/opinionista/2019-08-15-as-we-commemorate-marikana-reconciliation-should-be-our-priority,467,fc9b902c42c99f787a304a40eeb6a93a3d7a0537be9880f4e46767e0530c5346,valid_sha256,include_case_central,final_batch_03,review_batch_03_conservative_whole_queue_2026-08-23,retained_after_titlepair_review,DISC-MEDIA-0350,no_known_text_quality_exception,true
DISC-MEDIA-0264,title_trigger,Marikana Fighting Crime Shouldnt Trump Sas Public Order Policing,marikana fighting crime shouldnt trump sas public order policing,2019,2019-08-16,Daily Maverick,https://www.dailymaverick.co.za/article/2019-08-16-marikana-fighting-crime-shouldnt-trump-sas-public-order-policing/,https://dailymaverick.co.za/article/2019-08-16-marikana-fighting-crime-shouldnt-trump-sas-public-order-policing,996,d3cd08443f6df33a0cc207b5530ac3f85c30e4a96959db2fd7deaa2c9f8330e3,valid_sha256,include_case_central,final_batch_03,review_batch_03_conservative_whole_queue_2026-08-23,retained_after_titlepair_review,DISC-MEDIA-0264,no_known_text_quality_exception,true
DISC-MEDIA-0407,title_trigger,Govt Observes Anniversary Of Marikana Tragedy,govt observes anniversary of marikana tragedy,2019,2019-08-16,Engineering News,https://www.engineeringnews.co.za/article/govt-observes-anniversary-of-marikana-tragedy-2019-08-16,https://engineeringnews.co.za/article/govt-observes-anniversary-of-marikana-tragedy-2019-08-16,611,bebd5022875f2523aad5910bb078e152cd255c15ac0608085b227446d82caff0,valid_sha256,include_case_central,final_batch_03,review_batch_03_conservative_whole_queue_2026-08-23,retained_after_titlepair_review,DISC-MEDIA-0407,no_known_text_quality_exception,true
DISC-MEDIA-0554,title_trigger,Marikana Commission Cant Be Blamed For Fact That There Were No Prosecutions Judge Farlam,marikana commission cant be blamed for fact that there were no prosecutions judge farlam,2019,2019-08-16,Engineering News,https://www.engineeringnews.co.za/article/marikana-commission-cant-be-blamed-for-fact-that-there-were-no-prosecutions-judge-farlam-2019-08-16,https://engineeringnews.co.za/article/marikana-commission-cant-be-blamed-for-fact-that-there-were-no-prosecutions-judge-farlam-2019-08-16,292,6c1bdb39f06fd663acc15148e43c20fd924d2cbcae49d1ba99c86b56cfa3e15c,suspected_extraction_hash_collision,include_case_central,final_batch_04,review_batch_04_source_specific_2026-08-23,retained_after_titlepair_review,DISC-MEDIA-0554,persistent_extraction_hash_collision,false
DISC-MEDIA-0588,title_trigger,Never Again Can We Allow Such A Tragedy To Befall Our Nation Ramaphosa On Marikana Massacre,never again can we allow such a tragedy to befall our nation ramaphosa on marikana massacre,2019,2019-08-16,Engineering News,https://www.engineeringnews.co.za/article/never-again-can-we-allow-such-a-tragedy-to-befall-our-nation-ramaphosa-on-marikana-massacre-2019-08-16,https://engineeringnews.co.za/article/never-again-can-we-allow-such-a-tragedy-to-befall-our-nation-ramaphosa-on-marikana-massacre-2019-08-16,292,6c1bdb39f06fd663acc15148e43c20fd924d2cbcae49d1ba99c86b56cfa3e15c,suspected_extraction_hash_collision,include_case_central,final_batch_04,review_batch_04_source_specific_2026-08-23,retained_after_titlepair_review,DISC-MEDIA-0588,persistent_extraction_hash_collision,false
DISC-MEDIA-0627,title_trigger,Sacp Remembers Marikana Tragedy Calls For Unity Against Economic Exploitation,sacp remembers marikana tragedy calls for unity against economic exploitation,2019,2019-08-16,Engineering News,https://www.engineeringnews.co.za/article/sacp-remembers-marikana-tragedy-calls-for-unity-against-economic-exploitation-2019-08-16,https://engineeringnews.co.za/article/sacp-remembers-marikana-tragedy-calls-for-unity-against-economic-exploitation-2019-08-16,603,1eeec5553300d343fb26fdf7b534e7b76dbdfc2be4d9959039654073371910cf,valid_sha256,include_case_central,final_batch_03,review_batch_03_conservative_whole_queue_2026-08-23,retained_after_titlepair_review,DISC-MEDIA-0627,no_known_text_quality_exception,true
DISC-MEDIA-0630,title_trigger,Seven Years Since Marikana Massacre And Still No Justice Says Rights Institute,seven years since marikana massacre and still no justice says rights institute,2019,2019-08-16,Engineering News,https://www.engineeringnews.co.za/article/seven-years-since-marikana-massacre-and-still-no-justice-says-rights-institute-2019-08-16,https://engineeringnews.co.za/article/seven-years-since-marikana-massacre-and-still-no-justice-says-rights-institute-2019-08-16,668,3c72dbedf69710e772f8d60c004a8eb98bfc26022ff1423432737ff47f8451ab,valid_sha256,include_case_central,final_batch_03,review_batch_03_conservative_whole_queue_2026-08-23,retained_after_titlepair_review,DISC-MEDIA-0630,no_known_text_quality_exception,true
DISC-MEDIA-0265,title_trigger,Marikana The Seven Year Struggle,marikana the seven year struggle,2019,2019-08-17,Daily Maverick,https://www.dailymaverick.co.za/article/2019-08-17-marikana-the-seven-year-struggle/,https://dailymaverick.co.za/article/2019-08-17-marikana-the-seven-year-struggle,95,5ffbbc3b75774c50a5d3fd12822b7310e233b6b92b625d9647c3980e21e9ac7d,valid_sha256,include_case_central,final_batch_03,review_batch_03_conservative_whole_queue_2026-08-23,retained_after_titlepair_review,DISC-MEDIA-0265,no_known_text_quality_exception,true
DISC-MEDIA-0351,title_trigger,Marikana Memories A Place Of Hard Hearts Cold Courage And Brutal Vengeance,marikana memories a place of hard hearts cold courage and brutal vengeance,2019,2019-08-18,Daily Maverick,https://www.dailymaverick.co.za/opinionista/2019-08-18-marikana-memories-a-place-of-hard-hearts-cold-courage-and-brutal-vengeance/,https://dailymaverick.co.za/opinionista/2019-08-18-marikana-memories-a-place-of-hard-hearts-cold-courage-and-brutal-vengeance,2518,6bfa5450734bf8b7d1471e7a00d161c4585152144aa5b919b7251c4ae56823f5,valid_sha256,include_case_central,final_batch_03,review_batch_03_conservative_whole_queue_2026-08-23,retained_after_titlepair_review,DISC-MEDIA-0351,no_known_text_quality_exception,true
SEC-MEDIA-0865,secondary_keyword,Sibanye Stillwater Intensifies Pgms Presence,sibanye stillwater intensifies pgms presence,2019,2019-08-23,Engineering News,https://www.engineeringnews.co.za/article/sibanye-stillwater-intensifies-pgms-presence-2019-08-23,https://engineeringnews.co.za/article/sibanye-stillwater-intensifies-pgms-presence-2019-08-23,1203,ea3445287595cf5274d7c0222a9d48630cb78a68ff8f06c3f484d554444858f6,valid_sha256,include_lonmin_ownership_transition_labour_governance,final_secondary_batch_03,secondary_batch_03_explicit_source_review_2026-08-24,retained_after_titlepair_review,SEC-MEDIA-0865,no_known_text_quality_exception,true
SEC-MEDIA-0706,secondary_keyword,Sibanye Looks Forward To More Positive Second Half Performance,sibanye looks forward to more positive second half performance,2019,2019-08-29,Engineering News,https://www.engineeringnews.co.za/article/sibanye-looks-forward-to-more-positive-second-half-performance-2019-08-29,https://engineeringnews.co.za/article/sibanye-looks-forward-to-more-positive-second-half-performance-2019-08-29,1919,e1a136450073b5496dc5edb0d2620609ecfb3d7732f147dd9110572d12e67994,valid_sha256,include_case_central,final_secondary_batch_01,secondary_batch_01_acquired_text_2026-08-23,retained_after_titlepair_review,SEC-MEDIA-0706,no_known_text_quality_exception,true
SEC-MEDIA-0779,secondary_keyword,Sibanye Says Concourt Dismisses Glcs Applications,sibanye says concourt dismisses glcs applications,2019,2019-09-05,Engineering News,https://www.engineeringnews.co.za/article/sibanye-says-concourt-dismisses-glcs-applications-2019-09-05,https://engineeringnews.co.za/article/sibanye-says-concourt-dismisses-glcs-applications-2019-09-05,575,8c5c1529cee8141438758a923b1348e1fdfda937de579183fe7926f7dd201fc8,valid_sha256,include_lonmin_marikana_labour_governance,final_secondary_batch_01,secondary_batch_01_acquired_text_2026-08-23,retained_after_titlepair_review,SEC-MEDIA-0779,no_known_text_quality_exception,true
SEC-MEDIA-0780,secondary_keyword,Sibanye Says Concourt Dismisses Glcs Applications,sibanye says concourt dismisses glcs applications,2019,2019-09-13,Engineering News,https://www.engineeringnews.co.za/article/sibanye-says-concourt-dismisses-glcs-applications-2019-09-13,https://engineeringnews.co.za/article/sibanye-says-concourt-dismisses-glcs-applications-2019-09-13,491,4cabe6c73bb6492a2f36af478711eab640cfe44dcd6fe242a34cad5c401f33ac,valid_sha256,include_lonmin_marikana_labour_governance,final_secondary_batch_01,secondary_batch_01_acquired_text_2026-08-23,redundant_republication,SEC-MEDIA-0779,no_known_text_quality_exception,false
SEC-MEDIA-0049,secondary_keyword,Mathunjwa Evoking God And Hitler Remains At Amcu Helm As Platinum Wage Talks Rumble On,mathunjwa evoking god and hitler remains at amcu helm as platinum wage talks rumble on,2019,2019-09-22,Daily Maverick,https://www.dailymaverick.co.za/article/2019-09-22-mathunjwa-evoking-god-and-hitler-remains-at-amcu-helm-as-platinum-wage-talks-rumble-on/,https://dailymaverick.co.za/article/2019-09-22-mathunjwa-evoking-god-and-hitler-remains-at-amcu-helm-as-platinum-wage-talks-rumble-on,753,9ad2e5431f9d394b2beab74f9e2db2b65482227abd2b601e5a7f3a4b10dd2202,valid_sha256,include_case_central,final_secondary_batch_01,secondary_batch_01_acquired_text_2026-08-23,retained_after_titlepair_review,SEC-MEDIA-0049,no_known_text_quality_exception,true
DISC-MEDIA-0266,title_trigger,5270 Jobs On Chopping Block As Sibanye Restructures Marikana,5270 jobs on chopping block as sibanye restructures marikana,2019,2019-09-26,Daily Maverick,https://www.dailymaverick.co.za/article/2019-09-26-5270-jobs-on-chopping-block-as-sibanye-restructures-marikana/,https://dailymaverick.co.za/article/2019-09-26-5270-jobs-on-chopping-block-as-sibanye-restructures-marikana,459,c74a6111adf804f033f98e0420076fa3eba74a551b96c949996bb822ff07b38f,valid_sha256,include_case_central,final_batch_03,review_batch_03_conservative_whole_queue_2026-08-23,retained_after_titlepair_review,DISC-MEDIA-0266,no_known_text_quality_exception,true
DISC-MEDIA-0654,title_trigger,Sibanyes Marikana Restructuring Good In The Long Run Say Market Commentators,sibanyes marikana restructuring good in the long run say market commentators,2019,2019-09-26,Engineering News,https://www.engineeringnews.co.za/article/sibanyes-marikana-restructuring-good-in-the-long-run-say-market-commentators-2019-09-26,https://engineeringnews.co.za/article/sibanyes-marikana-restructuring-good-in-the-long-run-say-market-commentators-2019-09-26,654,25282a9d0d74fd1c863a821b8ab499a7c87e050f9d41779ba1cd87517e8dff11,valid_sha256,include_lonmin_ownership_transition_labour_governance,final_batch_06,review_batch_06_explicit_source_checked_2026-08-23,retained_after_titlepair_review,DISC-MEDIA-0654,no_known_text_quality_exception,true
DISC-MEDIA-0628,title_trigger,Sanco Wants Government To Intervene To Halt Looming Job Cut In Marikana,sanco wants government to intervene to halt looming job cut in marikana,2019,2019-09-27,Engineering News,https://www.engineeringnews.co.za/article/sanco-wants-government-to-intervene-to-halt-looming-job-cut-in-marikana-2019-09-27,https://engineeringnews.co.za/article/sanco-wants-government-to-intervene-to-halt-looming-job-cut-in-marikana-2019-09-27,516,1230868a5d27699ef1065676fac30318af5d60dc06ceaedfce48a267495efef0,valid_sha256,include_lonmin_ownership_transition_labour_governance,final_batch_06,review_batch_06_explicit_source_checked_2026-08-23,retained_after_titlepair_review,DISC-MEDIA-0628,no_known_text_quality_exception,true
SEC-MEDIA-0197,secondary_keyword,Amcu Refers Platinum Wage Talks With Sibanye To Ccma,amcu refers platinum wage talks with sibanye to ccma,2019,2019-10-01,Engineering News,https://www.engineeringnews.co.za/article/amcu-refers-platinum-wage-talks-with-sibanye-to-ccma-2019-10-01,https://engineeringnews.co.za/article/amcu-refers-platinum-wage-talks-with-sibanye-to-ccma-2019-10-01,443,19a8584dbc2a437f4c5d5e1b5b9fdf885195301e214a54b3372f0f528a43e660,valid_sha256,include_lonmin_ownership_transition_labour_governance,final_secondary_batch_03,secondary_batch_03_explicit_source_review_2026-08-24,retained_after_titlepair_review,SEC-MEDIA-0197,no_known_text_quality_exception,true
DISC-MEDIA-0646,title_trigger,Sibanye Plans To Cut 5 270 Jobs As It Restructures Marikana Operations,sibanye plans to cut 5 270 jobs as it restructures marikana operations,2019,2019-10-04,Engineering News,https://www.engineeringnews.co.za/article/sibanye-plans-to-cut-5-270-jobs-as-it-restructures-marikana-operations-2019-10-04,https://engineeringnews.co.za/article/sibanye-plans-to-cut-5-270-jobs-as-it-restructures-marikana-operations-2019-10-04,979,23b3e9e311d26c3d153544a9e74e0b3ea684e75dc3bf89350600285579e2da4f,valid_sha256,include_case_central,final_batch_03,review_batch_03_conservative_whole_queue_2026-08-23,retained_after_titlepair_review,DISC-MEDIA-0646,no_known_text_quality_exception,true
SEC-MEDIA-0577,secondary_keyword,Sibanye Ceo Sees Wage Strike Unlikely At Platinum Mines,sibanye ceo sees wage strike unlikely at platinum mines,2019,2019-10-25,Engineering News,https://www.engineeringnews.co.za/article/sibanye-ceo-sees-wage-strike-unlikely-at-platinum-mines-2019-10-25,https://engineeringnews.co.za/article/sibanye-ceo-sees-wage-strike-unlikely-at-platinum-mines-2019-10-25,423,bbebd73552004090a0aaa93f1a38cc250e8ef717dab92894e457117d865618ca,valid_sha256,include_lonmin_ownership_transition_labour_governance,final_secondary_batch_03,secondary_batch_03_explicit_source_review_2026-08-24,retained_after_titlepair_review,SEC-MEDIA-0577,no_known_text_quality_exception,true
DISC-MEDIA-0401,title_trigger,Former Top Cop Back In The Dock Over Shooting Of 30 Mine Workers At Marikana,former top cop back in the dock over shooting of 30 mine workers at marikana,2019,2019-10-29,Engineering News,https://www.engineeringnews.co.za/article/former-top-cop-back-in-the-dock-over-shooting-of-30-mine-workers-at-marikana-2019-10-29,https://engineeringnews.co.za/article/former-top-cop-back-in-the-dock-over-shooting-of-30-mine-workers-at-marikana-2019-10-29,583,299867683b4d7a82678d34ef8a4d2f46e4888e4d5a0d6312b388ee45a147cea4,valid_sha256,include_case_central,final_batch_03,review_batch_03_conservative_whole_queue_2026-08-23,retained_after_titlepair_review,DISC-MEDIA-0401,no_known_text_quality_exception,true
DISC-MEDIA-0267,title_trigger,Num Member Shot Dead In Marikana As Platinum Belt Tensions Heat Up,num member shot dead in marikana as platinum belt tensions heat up,2019,2019-11-01,Daily Maverick,https://www.dailymaverick.co.za/article/2019-11-01-num-member-shot-dead-in-marikana-as-platinum-belt-tensions-heat-up/,https://dailymaverick.co.za/article/2019-11-01-num-member-shot-dead-in-marikana-as-platinum-belt-tensions-heat-up,382,e1c09d70f02139a13e4cdd9c4a71df6e1269fb5e7c0fd6d344ec4302451676a1,valid_sha256,include_case_central,final_batch_03,review_batch_03_conservative_whole_queue_2026-08-23,retained_after_titlepair_review,DISC-MEDIA-0267,no_known_text_quality_exception,true
DISC-MEDIA-0352,title_trigger,Peace Process In Jeopardy As Another Marikana Num Member Is Murdered,peace process in jeopardy as another marikana num member is murdered,2019,2019-11-06,Daily Maverick,https://www.dailymaverick.co.za/opinionista/2019-11-06-peace-process-in-jeopardy-as-another-marikana-num-member-is-murdered/,https://dailymaverick.co.za/opinionista/2019-11-06-peace-process-in-jeopardy-as-another-marikana-num-member-is-murdered,509,eed99747ff3a741a35f0c54525578283dc0d2e7a4fb2d9c0a50019f12b48d8a7,valid_sha256,include_case_central,final_batch_03,review_batch_03_conservative_whole_queue_2026-08-23,retained_after_titlepair_review,DISC-MEDIA-0352,no_known_text_quality_exception,true
SEC-MEDIA-0212,secondary_keyword,Amcu Says Workers In Platinum Sector May Back Wage Offers,amcu says workers in platinum sector may back wage offers,2019,2019-11-07,Engineering News,https://www.engineeringnews.co.za/article/amcu-says-workers-in-platinum-sector-may-back-wage-offers-2019-11-07,https://engineeringnews.co.za/article/amcu-says-workers-in-platinum-sector-may-back-wage-offers-2019-11-07,586,b2b4c7b08709bfbb742279d143b9d590fd0452208932c7f732a5f9b50285f377,valid_sha256,include_lonmin_ownership_transition_labour_governance,final_secondary_batch_03,secondary_batch_03_explicit_source_review_2026-08-24,retained_after_titlepair_review,SEC-MEDIA-0212,no_known_text_quality_exception,true
SEC-MEDIA-0052,secondary_keyword,Amcu Again Says That Platinum Wage Deals Will Be Signed,amcu again says that platinum wage deals will be signed,2019,2019-11-15,Daily Maverick,https://www.dailymaverick.co.za/article/2019-11-15-amcu-again-says-that-platinum-wage-deals-will-be-signed/,https://dailymaverick.co.za/article/2019-11-15-amcu-again-says-that-platinum-wage-deals-will-be-signed,409,6651235757c188e6f306eb09b3a73cbec431247800fd00c5cf6f216cdac89f0a,valid_sha256,include_case_central,final_secondary_batch_01,secondary_batch_01_acquired_text_2026-08-23,retained_after_titlepair_review,SEC-MEDIA-0052,no_known_text_quality_exception,true
DISC-MEDIA-0268,title_trigger,Num Holds Its Marikana Rally Vows To Regain Lost Platinum Belt Ground,num holds its marikana rally vows to regain lost platinum belt ground,2019,2019-11-18,Daily Maverick,https://www.dailymaverick.co.za/article/2019-11-18-num-holds-its-marikana-rally-vows-to-regain-lost-platinum-belt-ground/,https://dailymaverick.co.za/article/2019-11-18-num-holds-its-marikana-rally-vows-to-regain-lost-platinum-belt-ground,774,6a0ef07941689544bec4728a3175b6324da35de0ebe2b9fdf1c33038c1f21eb0,valid_sha256,include_case_central,final_batch_03,review_batch_03_conservative_whole_queue_2026-08-23,retained_after_titlepair_review,DISC-MEDIA-0268,no_known_text_quality_exception,true
DISC-MEDIA-0269,title_trigger,Two Unions Vie For Power In Marikana And The Result Can Be Murder,two unions vie for power in marikana and the result can be murder,2019,2019-11-21,Daily Maverick,https://www.dailymaverick.co.za/article/2019-11-21-two-unions-vie-for-power-in-marikana-and-the-result-can-be-murder/,https://dailymaverick.co.za/article/2019-11-21-two-unions-vie-for-power-in-marikana-and-the-result-can-be-murder,1064,54b817abba99a18892ec4eb5d9cc50eddb1f251bce8a7b52fc3b8569d7057a1c,valid_sha256,include_case_central,final_batch_03,review_batch_03_conservative_whole_queue_2026-08-23,retained_after_titlepair_review,DISC-MEDIA-0269,no_known_text_quality_exception,true
DISC-MEDIA-0270,title_trigger,Marikana In A Starring Role As Sibanye Stillwater Swings Back To Profit,marikana in a starring role as sibanye stillwater swings back to profit,2020,2020-02-19,Daily Maverick,https://www.dailymaverick.co.za/article/2020-02-19-marikana-in-a-starring-role-as-sibanye-stillwater-swings-back-to-profit/,https://dailymaverick.co.za/article/2020-02-19-marikana-in-a-starring-role-as-sibanye-stillwater-swings-back-to-profit,635,c9717972170587ab9e34f0902ebcdfd18c5e9b7ac1ff7343e16e534fbdd4d538,valid_sha256,include_case_central,final_batch_03,review_batch_03_conservative_whole_queue_2026-08-23,retained_after_titlepair_review,DISC-MEDIA-0270,no_known_text_quality_exception,true
DISC-MEDIA-0271,title_trigger,Marikana Occupiers Reach Landmark Agreement With Property Owners,marikana occupiers reach landmark agreement with property owners,2020,2020-03-08,Daily Maverick,https://www.dailymaverick.co.za/article/2020-03-08-marikana-occupiers-reach-landmark-agreement-with-property-owners/,https://dailymaverick.co.za/article/2020-03-08-marikana-occupiers-reach-landmark-agreement-with-property-owners,844,b0121f9dbccd6800f93056de31593dfc46cddf99e5bb8870edbce42786d9413e,valid_sha256,include_case_central,final_batch_03,review_batch_03_conservative_whole_queue_2026-08-23,retained_after_titlepair_review,DISC-MEDIA-0271,no_known_text_quality_exception,true
DISC-MEDIA-0353,title_trigger,Dear President Ramaphosa Rein In The Security Forces Before We Have Another Marikana,dear president ramaphosa rein in the security forces before we have another marikana,2020,2020-04-14,Daily Maverick,https://www.dailymaverick.co.za/opinionista/2020-04-14-dear-president-ramaphosa-rein-in-the-security-forces-before-we-have-another-marikana/,https://dailymaverick.co.za/opinionista/2020-04-14-dear-president-ramaphosa-rein-in-the-security-forces-before-we-have-another-marikana,786,e07e4edf9391474978a17be1ff5a7cb0ba9809c313a16424aba80f3cc52a1fc6,valid_sha256,include_case_central,final_batch_03,review_batch_03_conservative_whole_queue_2026-08-23,retained_after_titlepair_review,DISC-MEDIA-0353,no_known_text_quality_exception,true
SEC-MEDIA-0764,secondary_keyword,Sibanye Reports Record Earnings Record Gold Safety Cut Debt Ratio,sibanye reports record earnings record gold safety cut debt ratio,2020,2020-05-12,Engineering News,https://www.engineeringnews.co.za/article/sibanye-reports-record-earnings-record-gold-safety-cut-debt-ratio-2020-05-12,https://engineeringnews.co.za/article/sibanye-reports-record-earnings-record-gold-safety-cut-debt-ratio-2020-05-12,2030,0689521e3d3834865273ae74cd6c9701dc62017dce5625b92806c1472f9215a8,valid_sha256,include_case_central,final_secondary_batch_01,secondary_batch_01_acquired_text_2026-08-23,retained_after_titlepair_review,SEC-MEDIA-0764,no_known_text_quality_exception,true
DISC-MEDIA-0272,title_trigger,Call For Saps To Apply Marikana Recommendations When Dealing With Civil Unrest,call for saps to apply marikana recommendations when dealing with civil unrest,2020,2020-07-28,Daily Maverick,https://www.dailymaverick.co.za/article/2020-07-28-call-for-saps-to-apply-marikana-recommendations-when-dealing-with-civil-unrest/,https://dailymaverick.co.za/article/2020-07-28-call-for-saps-to-apply-marikana-recommendations-when-dealing-with-civil-unrest,1061,f81ab6869320b0319a644b5b91df8722688b431190556da40ec852a46cd98f0a,valid_sha256,include_case_central,final_batch_03,review_batch_03_conservative_whole_queue_2026-08-23,retained_after_titlepair_review,DISC-MEDIA-0272,no_known_text_quality_exception,true
DISC-MEDIA-0273,title_trigger,Marikana Massacre Political Will Is Urgently Needed To Deliver Overdue Justice,marikana massacre political will is urgently needed to deliver overdue justice,2020,2020-08-14,Daily Maverick,https://www.dailymaverick.co.za/article/2020-08-14-marikana-massacre-political-will-is-urgently-needed-to-deliver-overdue-justice/,https://dailymaverick.co.za/article/2020-08-14-marikana-massacre-political-will-is-urgently-needed-to-deliver-overdue-justice,1503,15230c8695e768ac9f4f5aef25895f5e2e780cd11f6448c392844b7018bb4b99,valid_sha256,include_case_central,final_batch_03,review_batch_03_conservative_whole_queue_2026-08-23,retained_after_titlepair_review,DISC-MEDIA-0273,no_known_text_quality_exception,true
DISC-MEDIA-0274,title_trigger,Remembering And Renewal Thoughts On Building A Positive Future For The Marikana Region,remembering and renewal thoughts on building a positive future for the marikana region,2020,2020-08-14,Daily Maverick,https://www.dailymaverick.co.za/article/2020-08-14-remembering-and-renewal-thoughts-on-building-a-positive-future-for-the-marikana-region/,https://dailymaverick.co.za/article/2020-08-14-remembering-and-renewal-thoughts-on-building-a-positive-future-for-the-marikana-region,1196,384366368c8f8886be33530d632ad8d10dc051ffb3bc22b945ff45c377e780f1,valid_sha256,include_case_central,final_batch_03,review_batch_03_conservative_whole_queue_2026-08-23,retained_after_titlepair_review,DISC-MEDIA-0274,no_known_text_quality_exception,true
DISC-MEDIA-0354,title_trigger,Marikana The Long Wait For Truth Justice And Compensation,marikana the long wait for truth justice and compensation,2020,2020-08-14,Daily Maverick,https://www.dailymaverick.co.za/opinionista/2020-08-14-marikana-the-long-wait-for-truth-justice-and-compensation/,https://dailymaverick.co.za/opinionista/2020-08-14-marikana-the-long-wait-for-truth-justice-and-compensation,619,7002b548e698f6370f26e61bd0378313a8f2b43da44d44f9ceed3d53ba04b302,valid_sha256,include_case_central,final_batch_03,review_batch_03_conservative_whole_queue_2026-08-23,retained_after_titlepair_review,DISC-MEDIA-0354,no_known_text_quality_exception,true
DISC-MEDIA-0640,title_trigger,Sibanye Hosts Marikana Memorial Lecture,sibanye hosts marikana memorial lecture,2020,2020-08-14,Engineering News,https://www.engineeringnews.co.za/article/sibanye-hosts-marikana-memorial-lecture-2020-08-14,https://engineeringnews.co.za/article/sibanye-hosts-marikana-memorial-lecture-2020-08-14,1154,2c8d60b709cc129a754b5efac02330a35bce85f24ff47f5c99bee0a80ec4b086,valid_sha256,include_case_central,final_batch_03,review_batch_03_conservative_whole_queue_2026-08-23,retained_after_titlepair_review,DISC-MEDIA-0640,no_known_text_quality_exception,true
DISC-MEDIA-0275,title_trigger,Remembering Marikana Dali Mpofu Demands An Apology And Compensation By 31 August,remembering marikana dali mpofu demands an apology and compensation by 31 august,2020,2020-08-17,Daily Maverick,https://www.dailymaverick.co.za/article/2020-08-17-remembering-marikana-dali-mpofu-demands-an-apology-and-compensation-by-31-august/,https://dailymaverick.co.za/article/2020-08-17-remembering-marikana-dali-mpofu-demands-an-apology-and-compensation-by-31-august,939,263ad72777f61fb9e3eff5f349a271052eca7f1f9f318346abb6a7c38ef18a59,valid_sha256,include_case_central,final_batch_03,review_batch_03_conservative_whole_queue_2026-08-23,retained_after_titlepair_review,DISC-MEDIA-0275,no_known_text_quality_exception,true
DISC-MEDIA-0276,title_trigger,Marikana Experts Report Points The Way To Better Policing,marikana experts report points the way to better policing,2020,2020-08-18,Daily Maverick,https://www.dailymaverick.co.za/article/2020-08-18-marikana-experts-report-points-the-way-to-better-policing/,https://dailymaverick.co.za/article/2020-08-18-marikana-experts-report-points-the-way-to-better-policing,963,e1463cbce034ac9d96acac538c95aaa2de8e7972dfdfc91a3b5833c7d9bad535,valid_sha256,include_case_central,final_batch_03,review_batch_03_conservative_whole_queue_2026-08-23,retained_after_titlepair_review,DISC-MEDIA-0276,no_known_text_quality_exception,true
DISC-MEDIA-0277,title_trigger,Judge Farlam Someone Could Come Forward To Solve Marikana Mystery,judge farlam someone could come forward to solve marikana mystery,2020,2020-08-19,Daily Maverick,https://www.dailymaverick.co.za/article/2020-08-19-judge-farlam-someone-could-come-forward-to-solve-marikana-mystery/,https://dailymaverick.co.za/article/2020-08-19-judge-farlam-someone-could-come-forward-to-solve-marikana-mystery,1071,92e3b215a24469c93d80a4595645002762f4f3bfde5fe7c0079a0bf58e362947,valid_sha256,include_case_central,final_batch_03,review_batch_03_conservative_whole_queue_2026-08-23,retained_after_titlepair_review,DISC-MEDIA-0277,no_known_text_quality_exception,true
DISC-MEDIA-0278,title_trigger,The Missing R617 Million Can The Bapo Ba Mogale Retrieve Their Stolen Funds,the missing r617 million can the bapo ba mogale retrieve their stolen funds,2020,2020-08-21,Daily Maverick,https://www.dailymaverick.co.za/article/2020-08-21-the-missing-r617-million-can-the-bapo-ba-mogale-retrieve-their-stolen-funds/,https://dailymaverick.co.za/article/2020-08-21-the-missing-r617-million-can-the-bapo-ba-mogale-retrieve-their-stolen-funds,1899,57fe369d0931d26a8d261cd533c1ae80f2a84198866dc1835ad76c3e310a41fa,valid_sha256,include_case_central,final_batch_03,review_batch_03_conservative_whole_queue_2026-08-23,retained_after_titlepair_review,DISC-MEDIA-0278,no_known_text_quality_exception,true
DISC-MEDIA-0279,title_trigger,Sibanye Stillwater Ceo Says Marikana Wont Be Swept Under The Carpet,sibanye stillwater ceo says marikana wont be swept under the carpet,2020,2020-09-10,Daily Maverick,https://www.dailymaverick.co.za/article/2020-09-10-sibanye-stillwater-ceo-says-marikana-wont-be-swept-under-the-carpet/,https://dailymaverick.co.za/article/2020-09-10-sibanye-stillwater-ceo-says-marikana-wont-be-swept-under-the-carpet,426,aba99ca1afe6ee30b5deff9672cd5afafa7d05ec49878cc191c239493069893b,valid_sha256,include_case_central,final_batch_03,review_batch_03_conservative_whole_queue_2026-08-23,retained_after_titlepair_review,DISC-MEDIA-0279,no_known_text_quality_exception,true
DISC-MEDIA-0355,title_trigger,Mauritius To Marikana Lessons For Zondo From Past Commissions,mauritius to marikana lessons for zondo from past commissions,2020,2020-10-05,Daily Maverick,https://www.dailymaverick.co.za/opinionista/2020-10-05-mauritius-to-marikana-lessons-for-zondo-from-past-commissions/,https://dailymaverick.co.za/opinionista/2020-10-05-mauritius-to-marikana-lessons-for-zondo-from-past-commissions,2387,7b8cf490d14a6eb5709b69893a0e0bb02ed4cc3a5245e2c584d9f710ad68270c,valid_sha256,include_case_central,final_batch_03,review_batch_03_conservative_whole_queue_2026-08-23,retained_after_titlepair_review,DISC-MEDIA-0355,no_known_text_quality_exception,true
SEC-MEDIA-0063,secondary_keyword,Earnings Surge For Gold Fields And Its Offspring Sibanye Which Is Shock Expanding In Sa,earnings surge for gold fields and its offspring sibanye which is shock expanding in sa,2021,2021-02-18,Daily Maverick,https://www.dailymaverick.co.za/article/2021-02-18-earnings-surge-for-gold-fields-and-its-offspring-sibanye-which-is-shock-expanding-in-sa/,https://dailymaverick.co.za/article/2021-02-18-earnings-surge-for-gold-fields-and-its-offspring-sibanye-which-is-shock-expanding-in-sa,828,1fa4557a48dd60c4b41b39b5152dfd33761f5c3c0134a94a2d7f03939d4261ab,valid_sha256,include_case_central,final_secondary_batch_01,secondary_batch_01_acquired_text_2026-08-23,retained_after_titlepair_review,SEC-MEDIA-0063,no_known_text_quality_exception,true
DISC-MEDIA-0280,title_trigger,Saps Cherry Picks From 136 Recommendations On Democratic Policing By Expert Panel On Marikana Massacre,saps cherry picks from 136 recommendations on democratic policing by expert panel on marikana massacre,2021,2021-03-29,Daily Maverick,https://www.dailymaverick.co.za/article/2021-03-29-saps-cherry-picks-from-136-recommendations-on-democratic-policing-by-expert-panel-on-marikana-massacre/,https://dailymaverick.co.za/article/2021-03-29-saps-cherry-picks-from-136-recommendations-on-democratic-policing-by-expert-panel-on-marikana-massacre,1455,a765abe1b27826535b2813aab1ae5ab3152696b8c3998b486f9f241ad9ec7cbc,valid_sha256,include_case_central,final_batch_03,review_batch_03_conservative_whole_queue_2026-08-23,retained_after_titlepair_review,DISC-MEDIA-0280,no_known_text_quality_exception,true
DISC-MEDIA-0559,title_trigger,Marikana Forced Saps To Correct Where It Went Wrong Bheki Cele,marikana forced saps to correct where it went wrong bheki cele,2021,2021-03-29,Engineering News,https://www.engineeringnews.co.za/article/marikana-forced-saps-to-correct-where-it-went-wrong-bheki-cele-2021-03-29,https://engineeringnews.co.za/article/marikana-forced-saps-to-correct-where-it-went-wrong-bheki-cele-2021-03-29,292,6c1bdb39f06fd663acc15148e43c20fd924d2cbcae49d1ba99c86b56cfa3e15c,suspected_extraction_hash_collision,include_case_central,final_batch_04,review_batch_04_source_specific_2026-08-23,retained_after_titlepair_review,DISC-MEDIA-0559,persistent_extraction_hash_collision,false
DISC-MEDIA-0649,title_trigger,Sibanye Stillwater Restructures Historical Lonmin Bee Structure,sibanye stillwater restructures historical lonmin bee structure,2021,2021-04-14,Engineering News,https://www.engineeringnews.co.za/article/sibanye-stillwater-restructures-historical-lonmin-bee-structure-2021-04-14,https://engineeringnews.co.za/article/sibanye-stillwater-restructures-historical-lonmin-bee-structure-2021-04-14,602,ef4a2bd6c96b68cd68ebd992cdedd3d9b0d9fe17595c6ceed5cbba835e0f9887,valid_sha256,include_lonmin_ownership_transition_labour_governance,final_batch_06,review_batch_06_explicit_source_checked_2026-08-23,retained_after_titlepair_review,DISC-MEDIA-0649,no_known_text_quality_exception,true
DISC-MEDIA-0281,title_trigger,Residents Left To Pick Up The Pieces Following Devastating Fire In Cato Manors Marikana,residents left to pick up the pieces following devastating fire in cato manors marikana,2021,2021-04-30,Daily Maverick,https://www.dailymaverick.co.za/article/2021-04-30-residents-left-to-pick-up-the-pieces-following-devastating-fire-in-cato-manors-marikana/,https://dailymaverick.co.za/article/2021-04-30-residents-left-to-pick-up-the-pieces-following-devastating-fire-in-cato-manors-marikana,546,8d0181463c4b46769a09412be4b759430317dd5a07dd1ebdcfe221e95cfa5694,valid_sha256,include_case_central,final_batch_03,review_batch_03_conservative_whole_queue_2026-08-23,retained_after_titlepair_review,DISC-MEDIA-0281,no_known_text_quality_exception,true
DISC-MEDIA-0576,title_trigger,Marikana Trial Miners May Have Been In Possession Of 60 Rounds Of Ammunition Defence Lawyer,marikana trial miners may have been in possession of 60 rounds of ammunition defence lawyer,2021,2021-05-25,Engineering News,https://www.engineeringnews.co.za/article/marikana-trial-miners-may-have-been-in-possession-of-60-rounds-of-ammunition---defence-lawyer-2021-05-25,https://engineeringnews.co.za/article/marikana-trial-miners-may-have-been-in-possession-of-60-rounds-of-ammunition---defence-lawyer-2021-05-25,904,e50a8a0731d0ab80dc72c2727f854a67c76c937ce65e7a90283f6f69613df6cd,valid_sha256,include_case_central,final_batch_03,review_batch_03_conservative_whole_queue_2026-08-23,retained_after_titlepair_review,DISC-MEDIA-0576,no_known_text_quality_exception,true
DISC-MEDIA-0577,title_trigger,Marikana Trial Provoked Miners Posed No Threat When Tear Gas Stun Grenades Were Fired At Them,marikana trial provoked miners posed no threat when tear gas stun grenades were fired at them,2021,2021-05-27,Engineering News,https://www.engineeringnews.co.za/article/marikana-trial-provoked-miners-posed-no-threat-when-tear-gas-stun-grenades-were-fired-at-them-2021-05-27,https://engineeringnews.co.za/article/marikana-trial-provoked-miners-posed-no-threat-when-tear-gas-stun-grenades-were-fired-at-them-2021-05-27,1073,59df84b2adf2591bddb6f5a09f316a64e58ab15b40ddb0de88b46f4e317856b0,valid_sha256,include_case_central,final_batch_03,review_batch_03_conservative_whole_queue_2026-08-23,retained_after_titlepair_review,DISC-MEDIA-0577,no_known_text_quality_exception,true
DISC-MEDIA-0282,title_trigger,The Only Way To Honour Massacred Miners Of Marikana Is For Miners To Own 51 Of Mines Xolani Dube,the only way to honour massacred miners of marikana is for miners to own 51 of mines xolani dube,2021,2021-08-11,Daily Maverick,https://www.dailymaverick.co.za/article/2021-08-11-the-only-way-to-honour-massacred-miners-of-marikana-is-for-miners-to-own-51-of-mines-xolani-dube/,https://dailymaverick.co.za/article/2021-08-11-the-only-way-to-honour-massacred-miners-of-marikana-is-for-miners-to-own-51-of-mines-xolani-dube,524,1321eb5cb93fce1ffac356289f927b763923c411eb3ef98641b17bd421bc45b5,valid_sha256,include_case_central,final_batch_03,review_batch_03_conservative_whole_queue_2026-08-23,retained_after_titlepair_review,DISC-MEDIA-0282,no_known_text_quality_exception,true
DISC-MEDIA-0372,title_trigger,Amcu To Commemorate Marikana Celebrate Womens Month With Upcoming Events,amcu to commemorate marikana celebrate womens month with upcoming events,2021,2021-08-11,Engineering News,https://www.engineeringnews.co.za/article/amcu-to-commemorate-marikana-celebrate-womens-month-with-upcoming-events-2021-08-11,https://engineeringnews.co.za/article/amcu-to-commemorate-marikana-celebrate-womens-month-with-upcoming-events-2021-08-11,661,d879c96a5683930458fa9a8d9341ed05b04d03b54117cd8c920037b02085d6fb,valid_sha256,include_case_central,final_batch_03,review_batch_03_conservative_whole_queue_2026-08-23,retained_after_titlepair_review,DISC-MEDIA-0372,no_known_text_quality_exception,true
DISC-MEDIA-0652,title_trigger,Sibanye To Hold Webcast Series To Aid Healing And Renewal In Marikana,sibanye to hold webcast series to aid healing and renewal in marikana,2021,2021-08-11,Engineering News,https://www.engineeringnews.co.za/article/sibanye-to-hold-webcast-series-to-aid-healing-and-renewal-in-marikana-2021-08-11,https://engineeringnews.co.za/article/sibanye-to-hold-webcast-series-to-aid-healing-and-renewal-in-marikana-2021-08-11,961,2613ba3b2b86f52b948088b2ab4c973c98d9f933408eb9c735a403d25cb0a7a9,valid_sha256,include_case_central,final_batch_03,review_batch_03_conservative_whole_queue_2026-08-23,retained_after_titlepair_review,DISC-MEDIA-0652,no_known_text_quality_exception,true
DISC-MEDIA-0283,title_trigger,Marikana Massacre South Africa May Be Grappling With Whose Pain Is More Worthy Of Nationwide Recognition,marikana massacre south africa may be grappling with whose pain is more worthy of nationwide recognition,2021,2021-08-14,Daily Maverick,https://www.dailymaverick.co.za/article/2021-08-14-marikana-massacre-south-africa-may-be-grappling-with-whose-pain-is-more-worthy-of-nationwide-recognition/,https://dailymaverick.co.za/article/2021-08-14-marikana-massacre-south-africa-may-be-grappling-with-whose-pain-is-more-worthy-of-nationwide-recognition,850,fb6b083e994094866a4b4ccbeab67eb73a578166a637b457b54688534fff90de,valid_sha256,include_case_central,final_batch_03,review_batch_03_conservative_whole_queue_2026-08-23,retained_after_titlepair_review,DISC-MEDIA-0283,no_known_text_quality_exception,true
DISC-MEDIA-0284,title_trigger,Marikana Residents Struggle For Their Livelihoods And Dignity In The Dust And Degradation,marikana residents struggle for their livelihoods and dignity in the dust and degradation,2021,2021-08-16,Daily Maverick,https://www.dailymaverick.co.za/article/2021-08-16-marikana-residents-struggle-for-their-livelihoods-and-dignity-in-the-dust-and-degradation/,https://dailymaverick.co.za/article/2021-08-16-marikana-residents-struggle-for-their-livelihoods-and-dignity-in-the-dust-and-degradation,2247,07307f875e6ea7b937c2dc39de3ffeb3603368ffca346e44627b9493485b920d,valid_sha256,include_case_central,final_batch_03,review_batch_03_conservative_whole_queue_2026-08-23,retained_after_titlepair_review,DISC-MEDIA-0284,no_known_text_quality_exception,true
DISC-MEDIA-0285,title_trigger,This Week Nine Years After 34 Miners Were Killed At Marikana South Africa Continues To Mourn,this week nine years after 34 miners were killed at marikana south africa continues to mourn,2021,2021-08-16,Daily Maverick,https://www.dailymaverick.co.za/article/2021-08-16-this-week-nine-years-after-34-miners-were-killed-at-marikana-south-africa-continues-to-mourn/,https://dailymaverick.co.za/article/2021-08-16-this-week-nine-years-after-34-miners-were-killed-at-marikana-south-africa-continues-to-mourn,538,d1eb51f0029a864e64244d484de086adbce23978a7e04148313285fc56b43ed9,valid_sha256,include_case_central,final_batch_03,review_batch_03_conservative_whole_queue_2026-08-23,retained_after_titlepair_review,DISC-MEDIA-0285,no_known_text_quality_exception,true
DISC-MEDIA-0556,title_trigger,Marikana Events Happened Under Our Watch Anc Admits,marikana events happened under our watch anc admits,2021,2021-08-16,Engineering News,https://www.engineeringnews.co.za/article/marikana-events-happened-under-our-watch-anc-admits-2021-08-16,https://engineeringnews.co.za/article/marikana-events-happened-under-our-watch-anc-admits-2021-08-16,292,6c1bdb39f06fd663acc15148e43c20fd924d2cbcae49d1ba99c86b56cfa3e15c,suspected_extraction_hash_collision,include_case_central,final_batch_05,review_batch_05_explicit_residual_2026-08-23,retained_after_titlepair_review,DISC-MEDIA-0556,persistent_extraction_hash_collision,false
DISC-MEDIA-0286,title_trigger,Marikana Were Tired Of Memorialising,marikana were tired of memorialising,2021,2021-08-17,Daily Maverick,https://www.dailymaverick.co.za/article/2021-08-17-marikana-were-tired-of-memorialising/,https://dailymaverick.co.za/article/2021-08-17-marikana-were-tired-of-memorialising,0,,missing_or_invalid_sha256,include_case_central,final_batch_04,review_batch_04_source_specific_2026-08-23,retained_after_titlepair_review,DISC-MEDIA-0286,unresolved_missing_text,false
DISC-MEDIA-0287,title_trigger,Returning To Marikana Seeing That Koppie Where The Bodies Once Lay Was Tough,returning to marikana seeing that koppie where the bodies once lay was tough,2021,2021-08-17,Daily Maverick,https://www.dailymaverick.co.za/article/2021-08-17-returning-to-marikana-seeing-that-koppie-where-the-bodies-once-lay-was-tough/,https://dailymaverick.co.za/article/2021-08-17-returning-to-marikana-seeing-that-koppie-where-the-bodies-once-lay-was-tough,419,cfcf4566966308ee79580e373b46a8313cd04707a955c831442b6737edd28bb9,valid_sha256,include_case_central,final_batch_03,review_batch_03_conservative_whole_queue_2026-08-23,retained_after_titlepair_review,DISC-MEDIA-0287,no_known_text_quality_exception,true
DISC-MEDIA-0356,title_trigger,The Marikana Memorial Lecture Lessons We Learnt From That Fateful Day,the marikana memorial lecture lessons we learnt from that fateful day,2021,2021-08-17,Daily Maverick,https://www.dailymaverick.co.za/opinionista/2021-08-17-the-marikana-memorial-lecture-lessons-we-learnt-from-that-fateful-day/,https://dailymaverick.co.za/opinionista/2021-08-17-the-marikana-memorial-lecture-lessons-we-learnt-from-that-fateful-day,933,a6d5ccb85f9af7ab1bd486abac6ada76e061557086ebb5830eb649249e0df599,valid_sha256,include_case_central,final_batch_03,review_batch_03_conservative_whole_queue_2026-08-23,retained_after_titlepair_review,DISC-MEDIA-0356,no_known_text_quality_exception,true
DISC-MEDIA-0578,title_trigger,Marikanamassacre Commemorated With Second Yearly Memorial Lecture,marikanamassacre commemorated with second yearly memorial lecture,2021,2021-08-17,Engineering News,https://www.engineeringnews.co.za/article/marikanamassacre-commemorated-with-second-yearly-memorial-lecture-2021-08-17,https://engineeringnews.co.za/article/marikanamassacre-commemorated-with-second-yearly-memorial-lecture-2021-08-17,1156,b996b496c0b13e7e24a611d5c30884511e14d11cbb6ad7c5d284685842da5505,valid_sha256,include_case_central,final_batch_03,review_batch_03_conservative_whole_queue_2026-08-23,retained_after_titlepair_review,DISC-MEDIA-0578,no_known_text_quality_exception,true
DISC-MEDIA-0357,title_trigger,I Heard The Machine Gun Fire Sound Of Police Shooting Down The Mineworkers In Marikana How Did We Come To This,i heard the machine gun fire sound of police shooting down the mineworkers in marikana how did we come to this,2021,2021-08-18,Daily Maverick,https://www.dailymaverick.co.za/opinionista/2021-08-18-i-heard-the-machine-gun-fire-sound-of-police-shooting-down-the-mineworkers-in-marikana-how-did-we-come-to-this/,https://dailymaverick.co.za/opinionista/2021-08-18-i-heard-the-machine-gun-fire-sound-of-police-shooting-down-the-mineworkers-in-marikana-how-did-we-come-to-this,938,3a3f40f7cc6453e6f76ea9f85da08e1b5bfe3539fe40523dd78c38faee97afc1,valid_sha256,include_case_central,final_batch_03,review_batch_03_conservative_whole_queue_2026-08-23,retained_after_titlepair_review,DISC-MEDIA-0357,no_known_text_quality_exception,true
DISC-MEDIA-0364,title_trigger,Amcu Calls For Inquest Into South African Mining Fatalities Another Person Dies At Marikana,amcu calls for inquest into south african mining fatalities another person dies at marikana,2021,2021-11-23,Engineering News,https://www.engineeringnews.co.za/article/amcu-calls-for-inquest-into-south-african-mining-fatalities-another-person-dies-at-marikana-2021-11-23,https://engineeringnews.co.za/article/amcu-calls-for-inquest-into-south-african-mining-fatalities-another-person-dies-at-marikana-2021-11-23,636,45b5a9ccaa5d3142277c4b338571d3c707c31c2ee92497d8228e8ba1e6f38da4,valid_sha256,include_case_central,final_batch_03,review_batch_03_conservative_whole_queue_2026-08-23,retained_after_titlepair_review,DISC-MEDIA-0364,no_known_text_quality_exception,true
SEC-MEDIA-0559,secondary_keyword,Sibanye Awards 51 Bursaries,sibanye awards 51 bursaries,2022,2022-02-07,Engineering News,https://www.engineeringnews.co.za/article/sibanye-awards-51-bursaries-2022-02-07,https://engineeringnews.co.za/article/sibanye-awards-51-bursaries-2022-02-07,517,cfc8638cc724f5c27d4054a78d6b5c6c6123a62c1c1a075573e94ced44c88e0b,valid_sha256,include_case_central,final_secondary_batch_01,secondary_batch_01_acquired_text_2026-08-23,retained_after_titlepair_review,SEC-MEDIA-0559,no_known_text_quality_exception,true
DISC-MEDIA-0358,title_trigger,We Remember Marikana Will The Government And President Ramaphosa Also Remember The Massacre 10 Years Later,we remember marikana will the government and president ramaphosa also remember the massacre 10 years later,2022,2022-02-22,Daily Maverick,https://www.dailymaverick.co.za/opinionista/2022-02-22-we-remember-marikana-will-the-government-and-president-ramaphosa-also-remember-the-massacre-10-years-later/,https://dailymaverick.co.za/opinionista/2022-02-22-we-remember-marikana-will-the-government-and-president-ramaphosa-also-remember-the-massacre-10-years-later,655,8ae050fa0689e37b5fb5e5db3a1851be97e9c6824e54bdd4b1b4273ad3c998f3,valid_sha256,include_case_central,final_batch_03,review_batch_03_conservative_whole_queue_2026-08-23,retained_after_titlepair_review,DISC-MEDIA-0358,no_known_text_quality_exception,true
DISC-MEDIA-0288,title_trigger,Marikana A Peoples History An Analysis Of Scene Two Of The Massacre,marikana a peoples history an analysis of scene two of the massacre,2022,2022-04-18,Daily Maverick,https://www.dailymaverick.co.za/article/2022-04-18-marikana-a-peoples-history-an-analysis-of-scene-two-of-the-massacre/,https://dailymaverick.co.za/article/2022-04-18-marikana-a-peoples-history-an-analysis-of-scene-two-of-the-massacre,1516,28848d738de6737684ff9bc8785d0595916677afc9e3e8fd7df488c6f2340520,valid_sha256,include_case_central,final_batch_03,review_batch_03_conservative_whole_queue_2026-08-23,retained_after_titlepair_review,DISC-MEDIA-0288,no_known_text_quality_exception,true
SEC-MEDIA-0928,secondary_keyword,Sibanye Suspends Gold Guidance But Reports Strong First Quarter Earnings,sibanye suspends gold guidance but reports strong first quarter earnings,2022,2022-05-05,Engineering News,https://www.engineeringnews.co.za/article/sibanye-suspends-gold-guidance-but-reports-strong-first-quarter-earnings-2022-05-05,https://engineeringnews.co.za/article/sibanye-suspends-gold-guidance-but-reports-strong-first-quarter-earnings-2022-05-05,1496,0cae68b228e18ef819ed244f2e91c231ab1885ddb74335867d405c5b6009a7f8,valid_sha256,include_case_central,final_secondary_batch_01,secondary_batch_01_acquired_text_2026-08-23,retained_after_titlepair_review,SEC-MEDIA-0928,no_known_text_quality_exception,true
DISC-MEDIA-0359,title_trigger,Minister Thulas Nxesi Beware Another Marikana Brewing While You Sleep,minister thulas nxesi beware another marikana brewing while you sleep,2022,2022-05-08,Daily Maverick,https://www.dailymaverick.co.za/opinionista/2022-05-08-minister-thulas-nxesi-beware-another-marikana-brewing-while-you-sleep/,https://dailymaverick.co.za/opinionista/2022-05-08-minister-thulas-nxesi-beware-another-marikana-brewing-while-you-sleep,784,167be39d58fc9dcc683feb9c2082f1431c04df740ee31ea096dc20c4f09a95e7,valid_sha256,include_case_central,final_batch_03,review_batch_03_conservative_whole_queue_2026-08-23,retained_after_titlepair_review,DISC-MEDIA-0359,no_known_text_quality_exception,true
SEC-MEDIA-0086,secondary_keyword,Sibanye Ceo Froneman Explains R300M Renumeration Package,sibanye ceo froneman explains r300m renumeration package,2022,2022-05-15,Daily Maverick,https://www.dailymaverick.co.za/article/2022-05-15-sibanye-ceo-froneman-explains-r300m-renumeration-package/,https://dailymaverick.co.za/article/2022-05-15-sibanye-ceo-froneman-explains-r300m-renumeration-package,1316,cd027a4ba7aaecd7e834f7343ddb2cc7659aa1009f0991b5a901e68eef0c1b14,valid_sha256,include_case_central,final_secondary_batch_01,secondary_batch_01_acquired_text_2026-08-23,retained_after_titlepair_review,SEC-MEDIA-0086,no_known_text_quality_exception,true
DISC-MEDIA-0289,title_trigger,Academics In Depth Account Of Marikana Massacre Marred By Curious Omissions,academics in depth account of marikana massacre marred by curious omissions,2022,2022-05-18,Daily Maverick,https://www.dailymaverick.co.za/article/2022-05-18-academics-in-depth-account-of-marikana-massacre-marred-by-curious-omissions/,https://dailymaverick.co.za/article/2022-05-18-academics-in-depth-account-of-marikana-massacre-marred-by-curious-omissions,1602,15f23d3e8e6fb5ec293a735656a4ef05becac6a48c398f97b98bc8611dbdb163,valid_sha256,include_case_central,final_batch_03,review_batch_03_conservative_whole_queue_2026-08-23,retained_after_titlepair_review,DISC-MEDIA-0289,no_known_text_quality_exception,true
SEC-MEDIA-0087,secondary_keyword,Sibanye Stillwater In Mediation With Striking Unions While Wage Talks Remain Deadlocked,sibanye stillwater in mediation with striking unions while wage talks remain deadlocked,2022,2022-05-29,Daily Maverick,https://www.dailymaverick.co.za/article/2022-05-29-sibanye-stillwater-in-mediation-with-striking-unions-while-wage-talks-remain-deadlocked/,https://dailymaverick.co.za/article/2022-05-29-sibanye-stillwater-in-mediation-with-striking-unions-while-wage-talks-remain-deadlocked,905,f5a1e5b3b112594ba09b1b3feff0e13a6b67592b8cd696913571c6eadd2cf581,valid_sha256,include_case_central,final_secondary_batch_01,secondary_batch_01_acquired_text_2026-08-23,retained_after_titlepair_review,SEC-MEDIA-0087,no_known_text_quality_exception,true
DISC-MEDIA-0290,title_trigger,Marikana Informal Settlement Families Still In Land Limbo Five Years After Landmark Ruling,marikana informal settlement families still in land limbo five years after landmark ruling,2022,2022-06-23,Daily Maverick,https://www.dailymaverick.co.za/article/2022-06-23-marikana-informal-settlement-families-still-in-land-limbo-five-years-after-landmark-ruling/,https://dailymaverick.co.za/article/2022-06-23-marikana-informal-settlement-families-still-in-land-limbo-five-years-after-landmark-ruling,782,a6f0b91ecfc3df569aa726ea2c60f7f50c533823e7dfe637f88111a4722a27ad,valid_sha256,include_case_central,final_batch_03,review_batch_03_conservative_whole_queue_2026-08-23,retained_after_titlepair_review,DISC-MEDIA-0290,no_known_text_quality_exception,true
DISC-MEDIA-0291,title_trigger,Justice For Marikana Community Suffers A Blow After Activist Gunned Down At Her Front Door,justice for marikana community suffers a blow after activist gunned down at her front door,2022,2022-06-28,Daily Maverick,https://www.dailymaverick.co.za/article/2022-06-28-justice-for-marikana-community-suffers-a-blow-after-activist-gunned-down-at-her-front-door/,https://dailymaverick.co.za/article/2022-06-28-justice-for-marikana-community-suffers-a-blow-after-activist-gunned-down-at-her-front-door,1045,1eb15f7db3a2175f3a7825fd213b061b153372fa650acbb4110573d66e779212,valid_sha256,include_case_central,final_batch_03,review_batch_03_conservative_whole_queue_2026-08-23,retained_after_titlepair_review,DISC-MEDIA-0291,no_known_text_quality_exception,true
DISC-MEDIA-0613,title_trigger,Ramaphosa Welcomes Court Judgment Says He Was Not The Cause Of Harmful Conduct In Marikana,ramaphosa welcomes court judgment says he was not the cause of harmful conduct in marikana,2022,2022-07-05,Engineering News,https://www.engineeringnews.co.za/article/ramaphosa-welcomes-court-judgment-says-he-was-not-the-cause-of-harmful-conduct-in-marikana-2022-07-05,https://engineeringnews.co.za/article/ramaphosa-welcomes-court-judgment-says-he-was-not-the-cause-of-harmful-conduct-in-marikana-2022-07-05,292,6c1bdb39f06fd663acc15148e43c20fd924d2cbcae49d1ba99c86b56cfa3e15c,suspected_extraction_hash_collision,include_case_central,final_batch_05,review_batch_05_explicit_residual_2026-08-23,retained_after_titlepair_review,DISC-MEDIA-0613,persistent_extraction_hash_collision,false
DISC-MEDIA-0635,title_trigger,Sibanye Continues To Make Reparations At Marikana,sibanye continues to make reparations at marikana,2022,2022-07-15,Engineering News,https://www.engineeringnews.co.za/article/sibanye-continues-to-make-reparations-at-marikana-2022-07-15,https://engineeringnews.co.za/article/sibanye-continues-to-make-reparations-at-marikana-2022-07-15,1582,85f2f5ba9538dbc9941670775b274bea0baa0bd45ea1b1df425624e522f98a99,valid_sha256,include_case_central,final_batch_03,review_batch_03_conservative_whole_queue_2026-08-23,retained_after_titlepair_review,DISC-MEDIA-0635,no_known_text_quality_exception,true
DISC-MEDIA-0292,title_trigger,All Marikana Reparations Must Be Settled By End Of August Solicitor General,all marikana reparations must be settled by end of august solicitor general,2022,2022-08-10,Daily Maverick,https://www.dailymaverick.co.za/article/2022-08-10-all-marikana-reparations-must-be-settled-by-end-of-august-solicitor-general/,https://dailymaverick.co.za/article/2022-08-10-all-marikana-reparations-must-be-settled-by-end-of-august-solicitor-general,696,23971000c7b42e58ab6f495736dca956e0b0a7f4f70d879564b24a5c439ebc36,valid_sha256,include_case_central,final_batch_03,review_batch_03_conservative_whole_queue_2026-08-23,retained_after_titlepair_review,DISC-MEDIA-0292,no_known_text_quality_exception,true
DISC-MEDIA-0599,title_trigger,Outstanding Marikana Matters Set For Completion By Month End,outstanding marikana matters set for completion by month end,2022,2022-08-10,Engineering News,https://www.engineeringnews.co.za/article/outstanding-marikana-matters-set-for-completion-by-month-end-2022-08-10,https://engineeringnews.co.za/article/outstanding-marikana-matters-set-for-completion-by-month-end-2022-08-10,1027,7490c488d216b57b37c1d2c525a6d25124dd547cd91132adda73a61c82d52df5,valid_sha256,include_case_central,final_batch_03,review_batch_03_conservative_whole_queue_2026-08-23,retained_after_titlepair_review,DISC-MEDIA-0599,no_known_text_quality_exception,true
DISC-MEDIA-0293,title_trigger,The Legacy Of The Marikana Massacre Ten Years Later,the legacy of the marikana massacre ten years later,2022,2022-08-11,Daily Maverick,https://www.dailymaverick.co.za/article/2022-08-11-the-legacy-of-the-marikana-massacre-ten-years-later/,https://dailymaverick.co.za/article/2022-08-11-the-legacy-of-the-marikana-massacre-ten-years-later,1237,9c79903cd182816b127f478e597d45f61d97fa12d557409dd0bf93af13f73aa3,valid_sha256,include_case_central,final_batch_03,review_batch_03_conservative_whole_queue_2026-08-23,retained_after_titlepair_review,DISC-MEDIA-0293,no_known_text_quality_exception,true
DISC-MEDIA-0294,title_trigger,A Decade Since The Marikana Massacre A Century Since The Rand Revolt,a decade since the marikana massacre a century since the rand revolt,2022,2022-08-14,Daily Maverick,https://www.dailymaverick.co.za/article/2022-08-14-a-decade-since-the-marikana-massacre-a-century-since-the-rand-revolt/,https://dailymaverick.co.za/article/2022-08-14-a-decade-since-the-marikana-massacre-a-century-since-the-rand-revolt,1143,58a7a33da452ab405a3f50c18fbee863ea3dbd6d1f15998114ea67a221e479db,valid_sha256,include_case_central,final_batch_03,review_batch_03_conservative_whole_queue_2026-08-23,retained_after_titlepair_review,DISC-MEDIA-0294,no_known_text_quality_exception,true
DISC-MEDIA-0295,title_trigger,Marikana Massacre 10 Years Later,marikana massacre 10 years later,2022,2022-08-15,Daily Maverick,https://www.dailymaverick.co.za/article/2022-08-15-marikana-massacre-10-years-later/,https://dailymaverick.co.za/article/2022-08-15-marikana-massacre-10-years-later,103,2224608861628ec96cae56a142da21446d9b34bf1d7ea5041b1610604d4a5fa9,valid_sha256,include_case_central,final_batch_03,review_batch_03_conservative_whole_queue_2026-08-23,retained_after_titlepair_review,DISC-MEDIA-0295,no_known_text_quality_exception,true
DISC-MEDIA-0296,title_trigger,This Week Remembering The Marikana Massacre World Humanitarian Day And Land Conference,this week remembering the marikana massacre world humanitarian day and land conference,2022,2022-08-15,Daily Maverick,https://www.dailymaverick.co.za/article/2022-08-15-this-week-remembering-the-marikana-massacre-world-humanitarian-day-and-land-conference/,https://dailymaverick.co.za/article/2022-08-15-this-week-remembering-the-marikana-massacre-world-humanitarian-day-and-land-conference,1554,b74d5bd7f0bf4326a36552d02ed03be7955bdf2f1a7fdda8bff0ae12b8570375,valid_sha256,include_case_central,final_batch_03,review_batch_03_conservative_whole_queue_2026-08-23,retained_after_titlepair_review,DISC-MEDIA-0296,no_known_text_quality_exception,true
DISC-MEDIA-0297,title_trigger,The Great Crime Of Marikana And The Deadly Mistakes Made By Police,the great crime of marikana and the deadly mistakes made by police,2022,2022-08-16,Daily Maverick,https://www.dailymaverick.co.za/article/2022-08-16-the-great-crime-of-marikana-and-the-deadly-mistakes-made-by-police/,https://dailymaverick.co.za/article/2022-08-16-the-great-crime-of-marikana-and-the-deadly-mistakes-made-by-police,930,934ae3dee3f79e959c29e0479fd8da509582bc8468529508c7d5829d295cb0e0,valid_sha256,include_case_central,final_batch_03,review_batch_03_conservative_whole_queue_2026-08-23,retained_after_titlepair_review,DISC-MEDIA-0297,no_known_text_quality_exception,true
DISC-MEDIA-0298,title_trigger,People Gather On Marikanas Koppie Of Death To Reflect On 10 Years Of Lingering Pain And Hanging Promises,people gather on marikanas koppie of death to reflect on 10 years of lingering pain and hanging promises,2022,2022-08-17,Daily Maverick,https://www.dailymaverick.co.za/article/2022-08-17-people-gather-on-marikanas-koppie-of-death-to-reflect-on-10-years-of-lingering-pain-and-hanging-promises/,https://dailymaverick.co.za/article/2022-08-17-people-gather-on-marikanas-koppie-of-death-to-reflect-on-10-years-of-lingering-pain-and-hanging-promises,194,ef10fe6ec6cd99afbd37a274119d4474649012abdb0c057fd582746a44839c91,valid_sha256,include_case_central,final_batch_03,review_batch_03_conservative_whole_queue_2026-08-23,retained_after_titlepair_review,DISC-MEDIA-0298,no_known_text_quality_exception,true
DISC-MEDIA-0360,title_trigger,Lets Never Forget The Marikana Massacre And Start The Daunting Task Of Building A Social Pact,lets never forget the marikana massacre and start the daunting task of building a social pact,2022,2022-08-18,Daily Maverick,https://www.dailymaverick.co.za/opinionista/2022-08-18-lets-never-forget-the-marikana-massacre-and-start-the-daunting-task-of-building-a-social-pact/,https://dailymaverick.co.za/opinionista/2022-08-18-lets-never-forget-the-marikana-massacre-and-start-the-daunting-task-of-building-a-social-pact,1201,74777ea08233fe763a13945e1d5f2c88fc5977b0dafc6d3f37370599e03b2ebd,valid_sha256,include_case_central,final_batch_03,review_batch_03_conservative_whole_queue_2026-08-23,retained_after_titlepair_review,DISC-MEDIA-0360,no_known_text_quality_exception,true
DISC-MEDIA-0299,title_trigger,Marikana Massacre Mapped Why Operational Commander Brigadier Adrian Calitz Must Face Justice,marikana massacre mapped why operational commander brigadier adrian calitz must face justice,2022,2022-09-06,Daily Maverick,https://www.dailymaverick.co.za/article/2022-09-06-marikana-massacre-mapped-why-operational-commander-brigadier-adrian-calitz-must-face-justice/,https://dailymaverick.co.za/article/2022-09-06-marikana-massacre-mapped-why-operational-commander-brigadier-adrian-calitz-must-face-justice,2908,077fcfa65eb3c49ecf0ae82f0634d0a59e04d8dfb1249793287b3a7dc1daaed1,valid_sha256,include_case_central,final_batch_03,review_batch_03_conservative_whole_queue_2026-08-23,retained_after_titlepair_review,DISC-MEDIA-0299,no_known_text_quality_exception,true
DISC-MEDIA-0300,title_trigger,Wits To Name Amic Deck Landmark After Mining Firm Students Demand It Be Named After Marikana,wits to name amic deck landmark after mining firm students demand it be named after marikana,2022,2022-09-23,Daily Maverick,https://www.dailymaverick.co.za/article/2022-09-23-wits-to-name-amic-deck-landmark-after-mining-firm-students-demand-it-be-named-after-marikana/,https://dailymaverick.co.za/article/2022-09-23-wits-to-name-amic-deck-landmark-after-mining-firm-students-demand-it-be-named-after-marikana,422,67a80913a130acd7a543e0ac9a7c09813e91b0c73bbac44b421140bd51148ac1,valid_sha256,include_case_central,final_batch_03,review_batch_03_conservative_whole_queue_2026-08-23,retained_after_titlepair_review,DISC-MEDIA-0300,no_known_text_quality_exception,true
SEC-MEDIA-0099,secondary_keyword,Sibanyes Pgm Unit Reaches Pay Deal With Num And Uasa Amcu Declares Dispute,sibanyes pgm unit reaches pay deal with num and uasa amcu declares dispute,2022,2022-10-02,Daily Maverick,https://www.dailymaverick.co.za/article/2022-10-02-sibanyes-pgm-unit-reaches-pay-deal-with-num-and-uasa-amcu-declares-dispute/,https://dailymaverick.co.za/article/2022-10-02-sibanyes-pgm-unit-reaches-pay-deal-with-num-and-uasa-amcu-declares-dispute,590,fb296d76249e4190a03ae377008c4308a14f9404e0567ecb383df73458c321a2,valid_sha256,include_case_central,final_secondary_batch_01,secondary_batch_01_acquired_text_2026-08-23,retained_after_titlepair_review,SEC-MEDIA-0099,no_known_text_quality_exception,true
SEC-MEDIA-0102,secondary_keyword,Sibanye Amcu Sign Five Year Wage Deal As Union Unrest Declines In Pgm Sector,sibanye amcu sign five year wage deal as union unrest declines in pgm sector,2022,2022-10-30,Daily Maverick,https://www.dailymaverick.co.za/article/2022-10-30-sibanye-amcu-sign-five-year-wage-deal-as-union-unrest-declines-in-pgm-sector/,https://dailymaverick.co.za/article/2022-10-30-sibanye-amcu-sign-five-year-wage-deal-as-union-unrest-declines-in-pgm-sector,638,f540bb9e5192e07b4337767ba27379c325cf858ad7cba984f48c7b239c4941f1,valid_sha256,include_case_central,final_secondary_batch_01,secondary_batch_01_acquired_text_2026-08-23,retained_after_titlepair_review,SEC-MEDIA-0102,no_known_text_quality_exception,true
DISC-MEDIA-0301,title_trigger,From A Mega Project To An Upgrade Marikana Soutpan Families Are Still Waiting,from a mega project to an upgrade marikana soutpan families are still waiting,2022,2022-11-02,Daily Maverick,https://www.dailymaverick.co.za/article/2022-11-02-from-a-mega-project-to-an-upgrade-marikana-soutpan-families-are-still-waiting/,https://dailymaverick.co.za/article/2022-11-02-from-a-mega-project-to-an-upgrade-marikana-soutpan-families-are-still-waiting,794,cf1a5f2664b9d43f47a056d57a157f4bce1ea3cc034c593825348a6e656ed82c,valid_sha256,include_case_central,final_batch_03,review_batch_03_conservative_whole_queue_2026-08-23,retained_after_titlepair_review,DISC-MEDIA-0301,no_known_text_quality_exception,true
DISC-MEDIA-0302,title_trigger,Marikana Rights Defender Christinah Mdau Leads Fight Against Mine,marikana rights defender christinah mdau leads fight against mine,2023,2023-08-04,Daily Maverick,https://www.dailymaverick.co.za/article/2023-08-04-marikana-rights-defender-christinah-mdau-leads-fight-against-mine/,https://dailymaverick.co.za/article/2023-08-04-marikana-rights-defender-christinah-mdau-leads-fight-against-mine,688,8065ccd62b754473de33cb122f1bacb3fd351555c152f75a186cd1876b3701ba,valid_sha256,include_case_central,final_batch_03,review_batch_03_conservative_whole_queue_2026-08-23,retained_after_titlepair_review,DISC-MEDIA-0302,no_known_text_quality_exception,true
DISC-MEDIA-0303,title_trigger,Stop Feeding Those Miners Imtiaz Sooliman Recounts Chilling Phone Calls During 2012 Marikana Strike,stop feeding those miners imtiaz sooliman recounts chilling phone calls during 2012 marikana strike,2023,2023-08-14,Daily Maverick,https://www.dailymaverick.co.za/article/2023-08-14-stop-feeding-those-miners-imtiaz-sooliman-recounts-chilling-phone-calls-during-2012-marikana-strike/,https://dailymaverick.co.za/article/2023-08-14-stop-feeding-those-miners-imtiaz-sooliman-recounts-chilling-phone-calls-during-2012-marikana-strike,1133,ec689fae9a6e2cdc005c81199e8ed695fdc05d82292ed4ecd271cd0fed350da9,valid_sha256,include_case_central,final_batch_03,review_batch_03_conservative_whole_queue_2026-08-23,retained_after_titlepair_review,DISC-MEDIA-0303,no_known_text_quality_exception,true
DISC-MEDIA-0304,title_trigger,This Week Sa Marks 11 Years Since The Marikana Massacre And The Udf Celebrates 40Th Anniversary,this week sa marks 11 years since the marikana massacre and the udf celebrates 40th anniversary,2023,2023-08-14,Daily Maverick,https://www.dailymaverick.co.za/article/2023-08-14-this-week-sa-marks-11-years-since-the-marikana-massacre-and-the-udf-celebrates-40th-anniversary/,https://dailymaverick.co.za/article/2023-08-14-this-week-sa-marks-11-years-since-the-marikana-massacre-and-the-udf-celebrates-40th-anniversary,1252,1a7fb25a897441a59b4034aeb94036d12d634ccc69c70016161e58566f763aa6,valid_sha256,include_case_central,final_batch_03,review_batch_03_conservative_whole_queue_2026-08-23,retained_after_titlepair_review,DISC-MEDIA-0304,no_known_text_quality_exception,true
DISC-MEDIA-0568,title_trigger,Marikana Memorial Lecture Speakers Issue Call To Rebuild,marikana memorial lecture speakers issue call to rebuild,2023,2023-08-14,Engineering News,https://www.engineeringnews.co.za/article/marikana-memorial-lecture-speakers-issue-call-to-rebuild-2023-08-14,https://engineeringnews.co.za/article/marikana-memorial-lecture-speakers-issue-call-to-rebuild-2023-08-14,1516,36fae9cea692fc01539dac613cb18564e707895c1a629b372a81264767431d70,valid_sha256,include_case_central,final_batch_03,review_batch_03_conservative_whole_queue_2026-08-23,retained_after_titlepair_review,DISC-MEDIA-0568,no_known_text_quality_exception,true
DISC-MEDIA-0305,title_trigger,Justice Delayed Is Justice Denied 11 Years Since The Marikana Massacre And Still No Closure,justice delayed is justice denied 11 years since the marikana massacre and still no closure,2023,2023-08-15,Daily Maverick,https://www.dailymaverick.co.za/article/2023-08-15-justice-delayed-is-justice-denied-11-years-since-the-marikana-massacre-and-still-no-closure/,https://dailymaverick.co.za/article/2023-08-15-justice-delayed-is-justice-denied-11-years-since-the-marikana-massacre-and-still-no-closure,936,5f0e43c254ef27725ec0fcb612b49b6596afc92467beda13d4d29eb513d8b47e,valid_sha256,include_case_central,final_batch_03,review_batch_03_conservative_whole_queue_2026-08-23,retained_after_titlepair_review,DISC-MEDIA-0305,no_known_text_quality_exception,true
DISC-MEDIA-0306,title_trigger,Witnessing The Shooting Of People At Marikana Left A Massive Scar Felix Dlangamandla Re Examines His Images From That Bloody Day,witnessing the shooting of people at marikana left a massive scar felix dlangamandla re examines his images from that bloody day,2023,2023-08-15,Daily Maverick,https://www.dailymaverick.co.za/article/2023-08-15-witnessing-the-shooting-of-people-at-marikana-left-a-massive-scar-felix-dlangamandla-re-examines-his-images-from-that-bloody-day/,https://dailymaverick.co.za/article/2023-08-15-witnessing-the-shooting-of-people-at-marikana-left-a-massive-scar-felix-dlangamandla-re-examines-his-images-from-that-bloody-day,3801,916e4d7a49e60eb3e624cf7c73b63e7651477ab0c0b914a8e68b76680a5462fe,valid_sha256,include_case_central,final_batch_03,review_batch_03_conservative_whole_queue_2026-08-23,retained_after_titlepair_review,DISC-MEDIA-0306,no_known_text_quality_exception,true
DISC-MEDIA-0361,title_trigger,Marikana 11 Years On Where Little Has Changed And Justice Still Evades Us,marikana 11 years on where little has changed and justice still evades us,2023,2023-08-15,Daily Maverick,https://www.dailymaverick.co.za/opinionista/2023-08-15-marikana-11-years-on-where-little-has-changed-and-justice-still-evades-us/,https://dailymaverick.co.za/opinionista/2023-08-15-marikana-11-years-on-where-little-has-changed-and-justice-still-evades-us,847,97007ddc20fef514e4e1d8a8d20f4c0c63bb0c4364b67eeb9b4282050a3f819d,valid_sha256,include_case_central,final_batch_03,review_batch_03_conservative_whole_queue_2026-08-23,retained_after_titlepair_review,DISC-MEDIA-0361,no_known_text_quality_exception,true
DISC-MEDIA-0307,title_trigger,Remember Marikana Also Mourn Victims Of Sa Everyday Violence,remember marikana also mourn victims of sa everyday violence,2023,2023-08-16,Daily Maverick,https://www.dailymaverick.co.za/article/2023-08-16-remember-marikana-also-mourn-victims-of-sa-everyday-violence/,https://dailymaverick.co.za/article/2023-08-16-remember-marikana-also-mourn-victims-of-sa-everyday-violence,1641,442ebc44eff6dbf3781a376c0628fe8f723810888b9a08ed1c80d9a944f3df76,valid_sha256,include_case_central,final_batch_03,review_batch_03_conservative_whole_queue_2026-08-23,retained_after_titlepair_review,DISC-MEDIA-0307,no_known_text_quality_exception,true
DISC-MEDIA-0566,title_trigger,Marikana Massacre As Anc Trumpets R170M Paid To Victims Families Calls For Justice Rage On,marikana massacre as anc trumpets r170m paid to victims families calls for justice rage on,2023,2023-08-16,Engineering News,https://www.engineeringnews.co.za/article/marikana-massacre-as-anc-trumpets-r170m-paid-to-victims-families-calls-for-justice-rage-on-2023-08-16,https://engineeringnews.co.za/article/marikana-massacre-as-anc-trumpets-r170m-paid-to-victims-families-calls-for-justice-rage-on-2023-08-16,292,6c1bdb39f06fd663acc15148e43c20fd924d2cbcae49d1ba99c86b56cfa3e15c,suspected_extraction_hash_collision,include_case_central,final_batch_04,review_batch_04_source_specific_2026-08-23,retained_after_titlepair_review,DISC-MEDIA-0566,persistent_extraction_hash_collision,false
DISC-MEDIA-0406,title_trigger,Govt Has Paid Over R330M In Taxpayer Money In Marikana Litigation,govt has paid over r330m in taxpayer money in marikana litigation,2023,2023-08-17,Engineering News,https://www.engineeringnews.co.za/article/govt-has-paid-over-r330m-in-taxpayer-money-in-marikana-litigation-2023-08-17,https://engineeringnews.co.za/article/govt-has-paid-over-r330m-in-taxpayer-money-in-marikana-litigation-2023-08-17,658,fd2382ec04f05a29df4de42afbff1134721d93a536f824e941beb1e81d4d85f6,valid_sha256,include_case_central,final_batch_03,review_batch_03_conservative_whole_queue_2026-08-23,retained_after_titlepair_review,DISC-MEDIA-0406,no_known_text_quality_exception,true
DISC-MEDIA-0308,title_trigger,Marikana Massacre Victims Families Receive R330 Million From Government 11 Years Later Claims Still Pending,marikana massacre victims families receive r330 million from government 11 years later claims still pending,2023,2023-08-18,Daily Maverick,https://www.dailymaverick.co.za/article/2023-08-18-marikana-massacre-victims-families-receive-r330-million-from-government-11-years-later-claims-still-pending/,https://dailymaverick.co.za/article/2023-08-18-marikana-massacre-victims-families-receive-r330-million-from-government-11-years-later-claims-still-pending,614,2b18c65da97144778521b110e42f41046e938ce9e8d4baff74dabc5b4aa356e6,valid_sha256,include_case_central,final_batch_03,review_batch_03_conservative_whole_queue_2026-08-23,retained_after_titlepair_review,DISC-MEDIA-0308,no_known_text_quality_exception,true
