candidate_id,source_family,title,year,publisher,url,screening_status,prescreen_bucket,decision_reason,search_id,source_universe
DISC-MEDIA-0001,media,Lonmins Killing Fields,2012,Daily Maverick,https://www.dailymaverick.co.za/article/2012-08-14-lonmins-killing-fields/,candidate_pending_substantive_screen,lonmin_only_title_review,"Discovered from a documented publisher archive/sitemap and the URL title contains Lonmin without a high-specificity Marikana case term. Lonmin-only matches can be unrelated corporate or financial stories, so this record is not provisionally eligible and requires acquired-text substantive screening before any inclusion decision.",SEARCH-MEDIA-ARCHIVE-PRESCREEN,strict_documented
DISC-MEDIA-0002,media,Lonmin Mining Crisis Precarious Balance No Solution In Sight,2012,Daily Maverick,https://www.dailymaverick.co.za/article/2012-08-15-lonmin-mining-crisis-precarious-balance-no-solution-in-sight/,candidate_pending_substantive_screen,lonmin_only_title_review,"Discovered from a documented publisher archive/sitemap and the URL title contains Lonmin without a high-specificity Marikana case term. Lonmin-only matches can be unrelated corporate or financial stories, so this record is not provisionally eligible and requires acquired-text substantive screening before any inclusion decision.",SEARCH-MEDIA-ARCHIVE-PRESCREEN,strict_documented
DISC-MEDIA-0003,media,Beyond The Chaos At Marikana The Search For The Real Issues,2012,Daily Maverick,https://www.dailymaverick.co.za/article/2012-08-17-beyond-the-chaos-at-marikana-the-search-for-the-real-issues/,candidate_pending_substantive_screen,explicit_case_title_review,"Discovered from a documented publisher archive/sitemap and the URL title contains a high-specificity case term (Marikana/Farlam/Nkaneng/Wonderkop/Bapo). This is a review trigger only; substantive corpus eligibility still requires acquired-text case-centrality, text-quality and duplicate review.",SEARCH-MEDIA-ARCHIVE-PRESCREEN,strict_documented
DISC-MEDIA-0004,media,Reporters Notebook Wonderkop Marikana Friday 17Th,2012,Daily Maverick,https://www.dailymaverick.co.za/article/2012-08-17-reporters-notebook-wonderkop-marikana-friday-17th/,candidate_pending_substantive_screen,explicit_case_title_review,"Discovered from a documented publisher archive/sitemap and the URL title contains a high-specificity case term (Marikana/Farlam/Nkaneng/Wonderkop/Bapo). This is a review trigger only; substantive corpus eligibility still requires acquired-text case-centrality, text-quality and duplicate review.",SEARCH-MEDIA-ARCHIVE-PRESCREEN,strict_documented
DISC-MEDIA-0005,media,Lonmin The Unacceptable Face Of Capitalism,2012,Daily Maverick,https://www.dailymaverick.co.za/article/2012-08-20-lonmin-the-unacceptable-face-of-capitalism/,candidate_pending_substantive_screen,lonmin_only_title_review,"Discovered from a documented publisher archive/sitemap and the URL title contains Lonmin without a high-specificity Marikana case term. Lonmin-only matches can be unrelated corporate or financial stories, so this record is not provisionally eligible and requires acquired-text substantive screening before any inclusion decision.",SEARCH-MEDIA-ARCHIVE-PRESCREEN,strict_documented
DISC-MEDIA-0006,media,Marikana Massacre Global Medias Focus On Tripartite Failures And The Growing Class Divide,2012,Daily Maverick,https://www.dailymaverick.co.za/article/2012-08-20-marikana-massacre-global-medias-focus-on-tripartite-failures-and-the-growing-class-divide/,candidate_pending_substantive_screen,explicit_case_title_review,"Discovered from a documented publisher archive/sitemap and the URL title contains a high-specificity case term (Marikana/Farlam/Nkaneng/Wonderkop/Bapo). This is a review trigger only; substantive corpus eligibility still requires acquired-text case-centrality, text-quality and duplicate review.",SEARCH-MEDIA-ARCHIVE-PRESCREEN,strict_documented
DISC-MEDIA-0007,media,Outrage At Marikana Massacre Grows Around The World,2012,Daily Maverick,https://www.dailymaverick.co.za/article/2012-08-20-outrage-at-marikana-massacre-grows-around-the-world/,candidate_pending_substantive_screen,explicit_case_title_review,"Discovered from a documented publisher archive/sitemap and the URL title contains a high-specificity case term (Marikana/Farlam/Nkaneng/Wonderkop/Bapo). This is a review trigger only; substantive corpus eligibility still requires acquired-text case-centrality, text-quality and duplicate review.",SEARCH-MEDIA-ARCHIVE-PRESCREEN,strict_documented
DISC-MEDIA-0008,media,Analysis A Tough Future For Both Lonmin And Its Metal,2012,Daily Maverick,https://www.dailymaverick.co.za/article/2012-08-21-analysis-a-tough-future-for-both-lonmin-and-its-metal/,candidate_pending_substantive_screen,lonmin_only_title_review,"Discovered from a documented publisher archive/sitemap and the URL title contains Lonmin without a high-specificity Marikana case term. Lonmin-only matches can be unrelated corporate or financial stories, so this record is not provisionally eligible and requires acquired-text substantive screening before any inclusion decision.",SEARCH-MEDIA-ARCHIVE-PRESCREEN,strict_documented
DISC-MEDIA-0009,media,Marikana Where Is The Anc,2012,Daily Maverick,https://www.dailymaverick.co.za/article/2012-08-21-marikana-where-is-the-anc/,candidate_pending_substantive_screen,explicit_case_title_review,"Discovered from a documented publisher archive/sitemap and the URL title contains a high-specificity case term (Marikana/Farlam/Nkaneng/Wonderkop/Bapo). This is a review trigger only; substantive corpus eligibility still requires acquired-text case-centrality, text-quality and duplicate review.",SEARCH-MEDIA-ARCHIVE-PRESCREEN,strict_documented
DISC-MEDIA-0010,media,A World Away From Its Reality Marikana Dissected Used Abused,2012,Daily Maverick,https://www.dailymaverick.co.za/article/2012-08-22-a-world-away-from-its-reality-marikana-dissected-used-abused/,candidate_pending_substantive_screen,explicit_case_title_review,"Discovered from a documented publisher archive/sitemap and the URL title contains a high-specificity case term (Marikana/Farlam/Nkaneng/Wonderkop/Bapo). This is a review trigger only; substantive corpus eligibility still requires acquired-text case-centrality, text-quality and duplicate review.",SEARCH-MEDIA-ARCHIVE-PRESCREEN,strict_documented
DISC-MEDIA-0011,media,Marikana Cabinet Ministers Feel Full Force Of Striking Miners Fury,2012,Daily Maverick,https://www.dailymaverick.co.za/article/2012-08-22-marikana-cabinet-ministers-feel-full-force-of-striking-miners-fury/,candidate_pending_substantive_screen,explicit_case_title_review,"Discovered from a documented publisher archive/sitemap and the URL title contains a high-specificity case term (Marikana/Farlam/Nkaneng/Wonderkop/Bapo). This is a review trigger only; substantive corpus eligibility still requires acquired-text case-centrality, text-quality and duplicate review.",SEARCH-MEDIA-ARCHIVE-PRESCREEN,strict_documented
DISC-MEDIA-0012,media,Marikana What Really Happened We May Never Know,2012,Daily Maverick,https://www.dailymaverick.co.za/article/2012-08-23-marikana-what-really-happened-we-may-never-know/,candidate_pending_substantive_screen,explicit_case_title_review,"Discovered from a documented publisher archive/sitemap and the URL title contains a high-specificity case term (Marikana/Farlam/Nkaneng/Wonderkop/Bapo). This is a review trigger only; substantive corpus eligibility still requires acquired-text case-centrality, text-quality and duplicate review.",SEARCH-MEDIA-ARCHIVE-PRESCREEN,strict_documented
DISC-MEDIA-0013,media,Marikana Zuma Reclaims His Soul And His Presidency,2012,Daily Maverick,https://www.dailymaverick.co.za/article/2012-08-23-marikana-zuma-reclaims-his-soul-and-his-presidency/,candidate_pending_substantive_screen,explicit_case_title_review,"Discovered from a documented publisher archive/sitemap and the URL title contains a high-specificity case term (Marikana/Farlam/Nkaneng/Wonderkop/Bapo). This is a review trigger only; substantive corpus eligibility still requires acquired-text case-centrality, text-quality and duplicate review.",SEARCH-MEDIA-ARCHIVE-PRESCREEN,strict_documented
DISC-MEDIA-0014,media,Marxism Socialism And The Ghosts Of Marikana,2012,Daily Maverick,https://www.dailymaverick.co.za/article/2012-08-23-marxism-socialism-and-the-ghosts-of-marikana/,candidate_pending_substantive_screen,explicit_case_title_review,"Discovered from a documented publisher archive/sitemap and the URL title contains a high-specificity case term (Marikana/Farlam/Nkaneng/Wonderkop/Bapo). This is a review trigger only; substantive corpus eligibility still requires acquired-text case-centrality, text-quality and duplicate review.",SEARCH-MEDIA-ARCHIVE-PRESCREEN,strict_documented
DISC-MEDIA-0015,media,Reporters Notebook Num Drowned Out At Uj Meeting On Marikana,2012,Daily Maverick,https://www.dailymaverick.co.za/article/2012-08-23-reporters-notebook-num-drowned-out-at-uj-meeting-on-marikana/,candidate_pending_substantive_screen,explicit_case_title_review,"Discovered from a documented publisher archive/sitemap and the URL title contains a high-specificity case term (Marikana/Farlam/Nkaneng/Wonderkop/Bapo). This is a review trigger only; substantive corpus eligibility still requires acquired-text case-centrality, text-quality and duplicate review.",SEARCH-MEDIA-ARCHIVE-PRESCREEN,strict_documented
DISC-MEDIA-0016,media,Royal Bafokeng Faces Miners Strike As Lonmin Fallout Spreads,2012,Daily Maverick,https://www.dailymaverick.co.za/article/2012-08-23-royal-bafokeng-faces-miners-strike-as-lonmin-fallout-spreads/,candidate_pending_substantive_screen,lonmin_only_title_review,"Discovered from a documented publisher archive/sitemap and the URL title contains Lonmin without a high-specificity Marikana case term. Lonmin-only matches can be unrelated corporate or financial stories, so this record is not provisionally eligible and requires acquired-text substantive screening before any inclusion decision.",SEARCH-MEDIA-ARCHIVE-PRESCREEN,strict_documented
DISC-MEDIA-0017,media,Marikana One Week On Sas War With Itself For All To See,2012,Daily Maverick,https://www.dailymaverick.co.za/article/2012-08-24-marikana-one-week-on-sas-war-with-itself-for-all-to-see/,candidate_pending_substantive_screen,explicit_case_title_review,"Discovered from a documented publisher archive/sitemap and the URL title contains a high-specificity case term (Marikana/Farlam/Nkaneng/Wonderkop/Bapo). This is a review trigger only; substantive corpus eligibility still requires acquired-text case-centrality, text-quality and duplicate review.",SEARCH-MEDIA-ARCHIVE-PRESCREEN,strict_documented
DISC-MEDIA-0018,media,Marikana The Matter Of Embedded Journalism,2012,Daily Maverick,https://www.dailymaverick.co.za/article/2012-08-24-marikana-the-matter-of-embedded-journalism/,candidate_pending_substantive_screen,explicit_case_title_review,"Discovered from a documented publisher archive/sitemap and the URL title contains a high-specificity case term (Marikana/Farlam/Nkaneng/Wonderkop/Bapo). This is a review trigger only; substantive corpus eligibility still requires acquired-text case-centrality, text-quality and duplicate review.",SEARCH-MEDIA-ARCHIVE-PRESCREEN,strict_documented
DISC-MEDIA-0019,media,Num Takes Aim At Malema At Jhb Memorial Service For Marikana Victims,2012,Daily Maverick,https://www.dailymaverick.co.za/article/2012-08-24-num-takes-aim-at-malema-at-jhb-memorial-service-for-marikana-victims/,candidate_pending_substantive_screen,explicit_case_title_review,"Discovered from a documented publisher archive/sitemap and the URL title contains a high-specificity case term (Marikana/Farlam/Nkaneng/Wonderkop/Bapo). This is a review trigger only; substantive corpus eligibility still requires acquired-text case-centrality, text-quality and duplicate review.",SEARCH-MEDIA-ARCHIVE-PRESCREEN,strict_documented
DISC-MEDIA-0020,media,Marikana Selebi And The Murder Of Sas Specialist Policing Skills,2012,Daily Maverick,https://www.dailymaverick.co.za/article/2012-08-27-marikana-selebi-and-the-murder-of-sas-specialist-policing-skills/,candidate_pending_substantive_screen,explicit_case_title_review,"Discovered from a documented publisher archive/sitemap and the URL title contains a high-specificity case term (Marikana/Farlam/Nkaneng/Wonderkop/Bapo). This is a review trigger only; substantive corpus eligibility still requires acquired-text case-centrality, text-quality and duplicate review.",SEARCH-MEDIA-ARCHIVE-PRESCREEN,strict_documented
DISC-MEDIA-0021,media,Marikana What Price Will Zuma Pay,2012,Daily Maverick,https://www.dailymaverick.co.za/article/2012-08-27-marikana-what-price-will-zuma-pay/,candidate_pending_substantive_screen,explicit_case_title_review,"Discovered from a documented publisher archive/sitemap and the URL title contains a high-specificity case term (Marikana/Farlam/Nkaneng/Wonderkop/Bapo). This is a review trigger only; substantive corpus eligibility still requires acquired-text case-centrality, text-quality and duplicate review.",SEARCH-MEDIA-ARCHIVE-PRESCREEN,strict_documented
DISC-MEDIA-0022,media,Marikana Strike Continues New Tensions Evident,2012,Daily Maverick,https://www.dailymaverick.co.za/article/2012-08-28-marikana-strike-continues-new-tensions-evident/,candidate_pending_substantive_screen,explicit_case_title_review,"Discovered from a documented publisher archive/sitemap and the URL title contains a high-specificity case term (Marikana/Farlam/Nkaneng/Wonderkop/Bapo). This is a review trigger only; substantive corpus eligibility still requires acquired-text case-centrality, text-quality and duplicate review.",SEARCH-MEDIA-ARCHIVE-PRESCREEN,strict_documented
DISC-MEDIA-0023,media,Marikana Survivors May Be Charged With Murdering Own Comrades,2012,Daily Maverick,https://www.dailymaverick.co.za/article/2012-08-30-marikana-survivors-may-be-charged-with-murdering-own-comrades/,candidate_pending_substantive_screen,explicit_case_title_review,"Discovered from a documented publisher archive/sitemap and the URL title contains a high-specificity case term (Marikana/Farlam/Nkaneng/Wonderkop/Bapo). This is a review trigger only; substantive corpus eligibility still requires acquired-text case-centrality, text-quality and duplicate review.",SEARCH-MEDIA-ARCHIVE-PRESCREEN,strict_documented
DISC-MEDIA-0024,media,Apartheid And The Marikana Murder Charges A Common Purpose Indeed,2012,Daily Maverick,https://www.dailymaverick.co.za/article/2012-08-31-apartheid-and-the-marikana-murder-charges-a-common-purpose-indeed/,candidate_pending_substantive_screen,explicit_case_title_review,"Discovered from a documented publisher archive/sitemap and the URL title contains a high-specificity case term (Marikana/Farlam/Nkaneng/Wonderkop/Bapo). This is a review trigger only; substantive corpus eligibility still requires acquired-text case-centrality, text-quality and duplicate review.",SEARCH-MEDIA-ARCHIVE-PRESCREEN,strict_documented
DISC-MEDIA-0025,media,Far Away From Murder Fields Of Marikana A Funeral,2012,Daily Maverick,https://www.dailymaverick.co.za/article/2012-09-03-far-away-from-murder-fields-of-marikana-a-funeral/,candidate_pending_substantive_screen,explicit_case_title_review,"Discovered from a documented publisher archive/sitemap and the URL title contains a high-specificity case term (Marikana/Farlam/Nkaneng/Wonderkop/Bapo). This is a review trigger only; substantive corpus eligibility still requires acquired-text case-centrality, text-quality and duplicate review.",SEARCH-MEDIA-ARCHIVE-PRESCREEN,strict_documented
DISC-MEDIA-0026,media,Marikana And Mangaung Where Tragedy And Political Theatre Meet,2012,Daily Maverick,https://www.dailymaverick.co.za/article/2012-09-03-marikana-and-mangaung-where-tragedy-and-political-theatre-meet/,candidate_pending_substantive_screen,explicit_case_title_review,"Discovered from a documented publisher archive/sitemap and the URL title contains a high-specificity case term (Marikana/Farlam/Nkaneng/Wonderkop/Bapo). This is a review trigger only; substantive corpus eligibility still requires acquired-text case-centrality, text-quality and duplicate review.",SEARCH-MEDIA-ARCHIVE-PRESCREEN,strict_documented
DISC-MEDIA-0027,media,Marikana Civil Society Demands Justice And Truth,2012,Daily Maverick,https://www.dailymaverick.co.za/article/2012-09-03-marikana-civil-society-demands-justice-and-truth/,candidate_pending_substantive_screen,explicit_case_title_review,"Discovered from a documented publisher archive/sitemap and the URL title contains a high-specificity case term (Marikana/Farlam/Nkaneng/Wonderkop/Bapo). This is a review trigger only; substantive corpus eligibility still requires acquired-text case-centrality, text-quality and duplicate review.",SEARCH-MEDIA-ARCHIVE-PRESCREEN,strict_documented
DISC-MEDIA-0028,media,Marikana A Common Purpose For 162 Miners Freedom,2012,Daily Maverick,https://www.dailymaverick.co.za/article/2012-09-04-marikana-a-common-purpose-for-162-miners-freedom/,candidate_pending_substantive_screen,explicit_case_title_review,"Discovered from a documented publisher archive/sitemap and the URL title contains a high-specificity case term (Marikana/Farlam/Nkaneng/Wonderkop/Bapo). This is a review trigger only; substantive corpus eligibility still requires acquired-text case-centrality, text-quality and duplicate review.",SEARCH-MEDIA-ARCHIVE-PRESCREEN,strict_documented
DISC-MEDIA-0029,media,Marikana Freed Miners Speak Of Torture In Police Cells,2012,Daily Maverick,https://www.dailymaverick.co.za/article/2012-09-04-marikana-freed-miners-speak-of-torture-in-police-cells/,candidate_pending_substantive_screen,explicit_case_title_review,"Discovered from a documented publisher archive/sitemap and the URL title contains a high-specificity case term (Marikana/Farlam/Nkaneng/Wonderkop/Bapo). This is a review trigger only; substantive corpus eligibility still requires acquired-text case-centrality, text-quality and duplicate review.",SEARCH-MEDIA-ARCHIVE-PRESCREEN,strict_documented
DISC-MEDIA-0030,media,Lonmin Marikanas Near Total Stay Away,2012,Daily Maverick,https://www.dailymaverick.co.za/article/2012-09-05-lonmin-marikanas-near-total-stay-away/,candidate_pending_substantive_screen,explicit_case_title_review,"Discovered from a documented publisher archive/sitemap and the URL title contains a high-specificity case term (Marikana/Farlam/Nkaneng/Wonderkop/Bapo). This is a review trigger only; substantive corpus eligibility still requires acquired-text case-centrality, text-quality and duplicate review.",SEARCH-MEDIA-ARCHIVE-PRESCREEN,strict_documented
DISC-MEDIA-0031,media,Marikana Tide Is Turning Against Police As Miners Lay Charge Of Torture,2012,Daily Maverick,https://www.dailymaverick.co.za/article/2012-09-05-marikana-tide-is-turning-against-police-as-miners-lay-charge-of-torture/,candidate_pending_substantive_screen,explicit_case_title_review,"Discovered from a documented publisher archive/sitemap and the URL title contains a high-specificity case term (Marikana/Farlam/Nkaneng/Wonderkop/Bapo). This is a review trigger only; substantive corpus eligibility still requires acquired-text case-centrality, text-quality and duplicate review.",SEARCH-MEDIA-ARCHIVE-PRESCREEN,strict_documented
DISC-MEDIA-0032,media,Farlam Commission Finding Truths In The Marikana Labyrinth,2012,Daily Maverick,https://www.dailymaverick.co.za/article/2012-09-06-farlam-commission-finding-truths-in-the-marikana-labyrinth/,candidate_pending_substantive_screen,explicit_case_title_review,"Discovered from a documented publisher archive/sitemap and the URL title contains a high-specificity case term (Marikana/Farlam/Nkaneng/Wonderkop/Bapo). This is a review trigger only; substantive corpus eligibility still requires acquired-text case-centrality, text-quality and duplicate review.",SEARCH-MEDIA-ARCHIVE-PRESCREEN,strict_documented
DISC-MEDIA-0033,media,Marikana A Mining Town On Edge,2012,Daily Maverick,https://www.dailymaverick.co.za/article/2012-09-06-marikana-a-mining-town-on-edge/,candidate_pending_substantive_screen,explicit_case_title_review,"Discovered from a documented publisher archive/sitemap and the URL title contains a high-specificity case term (Marikana/Farlam/Nkaneng/Wonderkop/Bapo). This is a review trigger only; substantive corpus eligibility still requires acquired-text case-centrality, text-quality and duplicate review.",SEARCH-MEDIA-ARCHIVE-PRESCREEN,strict_documented
DISC-MEDIA-0034,media,Marikana How Much Will It Cost South Africa,2012,Daily Maverick,https://www.dailymaverick.co.za/article/2012-09-06-marikana-how-much-will-it-cost-south-africa/,candidate_pending_substantive_screen,explicit_case_title_review,"Discovered from a documented publisher archive/sitemap and the URL title contains a high-specificity case term (Marikana/Farlam/Nkaneng/Wonderkop/Bapo). This is a review trigger only; substantive corpus eligibility still requires acquired-text case-centrality, text-quality and duplicate review.",SEARCH-MEDIA-ARCHIVE-PRESCREEN,strict_documented
DISC-MEDIA-0035,media,Marikana Strikers Send Down Tools Or Else Message To Remaining Lonmin Employees,2012,Daily Maverick,https://www.dailymaverick.co.za/article/2012-09-06-marikana-strikers-send-down-tools-or-else-message-to-remaining-lonmin-employees/,candidate_pending_substantive_screen,explicit_case_title_review,"Discovered from a documented publisher archive/sitemap and the URL title contains a high-specificity case term (Marikana/Farlam/Nkaneng/Wonderkop/Bapo). This is a review trigger only; substantive corpus eligibility still requires acquired-text case-centrality, text-quality and duplicate review.",SEARCH-MEDIA-ARCHIVE-PRESCREEN,strict_documented
DISC-MEDIA-0036,media,Marikana The Investigations Integrity Compromised As Small Koppies Crime Scene Defaced,2012,Daily Maverick,https://www.dailymaverick.co.za/article/2012-09-07-marikana-the-investigations-integrity-compromised-as-small-koppies-crime-scene-defaced/,candidate_pending_substantive_screen,explicit_case_title_review,"Discovered from a documented publisher archive/sitemap and the URL title contains a high-specificity case term (Marikana/Farlam/Nkaneng/Wonderkop/Bapo). This is a review trigger only; substantive corpus eligibility still requires acquired-text case-centrality, text-quality and duplicate review.",SEARCH-MEDIA-ARCHIVE-PRESCREEN,strict_documented
DISC-MEDIA-0037,media,Analysis The Worthless Marikana Peace Accord,2012,Daily Maverick,https://www.dailymaverick.co.za/article/2012-09-10-analysis-the-worthless-marikana-peace-accord/,candidate_pending_substantive_screen,explicit_case_title_review,"Discovered from a documented publisher archive/sitemap and the URL title contains a high-specificity case term (Marikana/Farlam/Nkaneng/Wonderkop/Bapo). This is a review trigger only; substantive corpus eligibility still requires acquired-text case-centrality, text-quality and duplicate review.",SEARCH-MEDIA-ARCHIVE-PRESCREEN,strict_documented
DISC-MEDIA-0038,media,Marikana Gift Of The Givers Brings Food To Striking Miners,2012,Daily Maverick,https://www.dailymaverick.co.za/article/2012-09-10-marikana-gift-of-the-givers-brings-food-to-striking-miners/,candidate_pending_substantive_screen,explicit_case_title_review,"Discovered from a documented publisher archive/sitemap and the URL title contains a high-specificity case term (Marikana/Farlam/Nkaneng/Wonderkop/Bapo). This is a review trigger only; substantive corpus eligibility still requires acquired-text case-centrality, text-quality and duplicate review.",SEARCH-MEDIA-ARCHIVE-PRESCREEN,strict_documented
DISC-MEDIA-0039,media,Plotting Sas Post Marikana Scenarios Grim Pictures Dominate,2012,Daily Maverick,https://www.dailymaverick.co.za/article/2012-09-11-plotting-sas-post-marikana-scenarios-grim-pictures-dominate/,candidate_pending_substantive_screen,explicit_case_title_review,"Discovered from a documented publisher archive/sitemap and the URL title contains a high-specificity case term (Marikana/Farlam/Nkaneng/Wonderkop/Bapo). This is a review trigger only; substantive corpus eligibility still requires acquired-text case-centrality, text-quality and duplicate review.",SEARCH-MEDIA-ARCHIVE-PRESCREEN,strict_documented
DISC-MEDIA-0040,media,Reporters Notebook A Day In Marikanas Theatre Of The Absurd,2012,Daily Maverick,https://www.dailymaverick.co.za/article/2012-09-11-reporters-notebook-a-day-in-marikanas-theatre-of-the-absurd/,candidate_pending_substantive_screen,explicit_case_title_review,"Discovered from a documented publisher archive/sitemap and the URL title contains a high-specificity case term (Marikana/Farlam/Nkaneng/Wonderkop/Bapo). This is a review trigger only; substantive corpus eligibility still requires acquired-text case-centrality, text-quality and duplicate review.",SEARCH-MEDIA-ARCHIVE-PRESCREEN,strict_documented
DISC-MEDIA-0041,media,A Possible Way Out Of The Marikana Stand Off,2012,Daily Maverick,https://www.dailymaverick.co.za/article/2012-09-13-a-possible-way-out-of-the-marikana-stand-off/,candidate_pending_substantive_screen,explicit_case_title_review,"Discovered from a documented publisher archive/sitemap and the URL title contains a high-specificity case term (Marikana/Farlam/Nkaneng/Wonderkop/Bapo). This is a review trigger only; substantive corpus eligibility still requires acquired-text case-centrality, text-quality and duplicate review.",SEARCH-MEDIA-ARCHIVE-PRESCREEN,strict_documented
DISC-MEDIA-0042,media,Reporters Marikana Notebook The Governments Clenched Fist,2012,Daily Maverick,https://www.dailymaverick.co.za/article/2012-09-14-reporters-marikana-notebook-the-governments-clenched-fist/,candidate_pending_substantive_screen,explicit_case_title_review,"Discovered from a documented publisher archive/sitemap and the URL title contains a high-specificity case term (Marikana/Farlam/Nkaneng/Wonderkop/Bapo). This is a review trigger only; substantive corpus eligibility still requires acquired-text case-centrality, text-quality and duplicate review.",SEARCH-MEDIA-ARCHIVE-PRESCREEN,strict_documented
DISC-MEDIA-0043,media,How Sam The Banana Man Zemurray Explains Capitalism And Marikana,2012,Daily Maverick,https://www.dailymaverick.co.za/article/2012-09-17-how-sam-the-banana-man-zemurray-explains-capitalism-and-marikana/,candidate_pending_substantive_screen,explicit_case_title_review,"Discovered from a documented publisher archive/sitemap and the URL title contains a high-specificity case term (Marikana/Farlam/Nkaneng/Wonderkop/Bapo). This is a review trigger only; substantive corpus eligibility still requires acquired-text case-centrality, text-quality and duplicate review.",SEARCH-MEDIA-ARCHIVE-PRESCREEN,strict_documented
DISC-MEDIA-0044,media,In Embracing Marikana The Sacc Revitalises Itself,2012,Daily Maverick,https://www.dailymaverick.co.za/article/2012-09-17-in-embracing-marikana-the-sacc-revitalises-itself/,candidate_pending_substantive_screen,explicit_case_title_review,"Discovered from a documented publisher archive/sitemap and the URL title contains a high-specificity case term (Marikana/Farlam/Nkaneng/Wonderkop/Bapo). This is a review trigger only; substantive corpus eligibility still requires acquired-text case-centrality, text-quality and duplicate review.",SEARCH-MEDIA-ARCHIVE-PRESCREEN,strict_documented
DISC-MEDIA-0045,media,In The Wake Of Marikana Anc Pushing A Self Destruct Button,2012,Daily Maverick,https://www.dailymaverick.co.za/article/2012-09-17-in-the-wake-of-marikana-anc-pushing-a-self-destruct-button/,candidate_pending_substantive_screen,explicit_case_title_review,"Discovered from a documented publisher archive/sitemap and the URL title contains a high-specificity case term (Marikana/Farlam/Nkaneng/Wonderkop/Bapo). This is a review trigger only; substantive corpus eligibility still requires acquired-text case-centrality, text-quality and duplicate review.",SEARCH-MEDIA-ARCHIVE-PRESCREEN,strict_documented
DISC-MEDIA-0046,media,Marikana Notebook A Thin Line Between Fear And Hate,2012,Daily Maverick,https://www.dailymaverick.co.za/article/2012-09-17-marikana-notebook-a-thin-line-between-fear-and-hate/,candidate_pending_substantive_screen,explicit_case_title_review,"Discovered from a documented publisher archive/sitemap and the URL title contains a high-specificity case term (Marikana/Farlam/Nkaneng/Wonderkop/Bapo). This is a review trigger only; substantive corpus eligibility still requires acquired-text case-centrality, text-quality and duplicate review.",SEARCH-MEDIA-ARCHIVE-PRESCREEN,strict_documented
DISC-MEDIA-0047,media,Preview Cosatu Congress Haunted By The Pall Of Marikana,2012,Daily Maverick,https://www.dailymaverick.co.za/article/2012-09-17-preview-cosatu-congress-haunted-by-the-pall-of-marikana/,candidate_pending_substantive_screen,explicit_case_title_review,"Discovered from a documented publisher archive/sitemap and the URL title contains a high-specificity case term (Marikana/Farlam/Nkaneng/Wonderkop/Bapo). This is a review trigger only; substantive corpus eligibility still requires acquired-text case-centrality, text-quality and duplicate review.",SEARCH-MEDIA-ARCHIVE-PRESCREEN,strict_documented
DISC-MEDIA-0048,media,Reporters Marikana Notebook Police Intimidation 1 Abandoned Community 0,2012,Daily Maverick,https://www.dailymaverick.co.za/article/2012-09-17-reporters-marikana-notebook-police-intimidation-1-abandoned-community-0/,candidate_pending_substantive_screen,explicit_case_title_review,"Discovered from a documented publisher archive/sitemap and the URL title contains a high-specificity case term (Marikana/Farlam/Nkaneng/Wonderkop/Bapo). This is a review trigger only; substantive corpus eligibility still requires acquired-text case-centrality, text-quality and duplicate review.",SEARCH-MEDIA-ARCHIVE-PRESCREEN,strict_documented
DISC-MEDIA-0049,media,Cosatu Congress Allies Talk About Marikana And The Enemies Of The Struggle,2012,Daily Maverick,https://www.dailymaverick.co.za/article/2012-09-18-cosatu-congress-allies-talk-about-marikana-and-the-enemies-of-the-struggle/,candidate_pending_substantive_screen,explicit_case_title_review,"Discovered from a documented publisher archive/sitemap and the URL title contains a high-specificity case term (Marikana/Farlam/Nkaneng/Wonderkop/Bapo). This is a review trigger only; substantive corpus eligibility still requires acquired-text case-centrality, text-quality and duplicate review.",SEARCH-MEDIA-ARCHIVE-PRESCREEN,strict_documented
DISC-MEDIA-0050,media,Cosatu On Marikana 10 It Was Brute Force Cosatu On Marikana 20 It Was Not Brute Force,2012,Daily Maverick,https://www.dailymaverick.co.za/article/2012-09-18-cosatu-on-marikana-10-it-was-brute-force-cosatu-on-marikana-20-it-was-not-brute-force/,candidate_pending_substantive_screen,explicit_case_title_review,"Discovered from a documented publisher archive/sitemap and the URL title contains a high-specificity case term (Marikana/Farlam/Nkaneng/Wonderkop/Bapo). This is a review trigger only; substantive corpus eligibility still requires acquired-text case-centrality, text-quality and duplicate review.",SEARCH-MEDIA-ARCHIVE-PRESCREEN,strict_documented
DISC-MEDIA-0051,media,Marikana Malemas Police Sponsored Exit,2012,Daily Maverick,https://www.dailymaverick.co.za/article/2012-09-18-marikana-malemas-police-sponsored-exit/,candidate_pending_substantive_screen,explicit_case_title_review,"Discovered from a documented publisher archive/sitemap and the URL title contains a high-specificity case term (Marikana/Farlam/Nkaneng/Wonderkop/Bapo). This is a review trigger only; substantive corpus eligibility still requires acquired-text case-centrality, text-quality and duplicate review.",SEARCH-MEDIA-ARCHIVE-PRESCREEN,strict_documented
DISC-MEDIA-0052,media,Marikana Social Scientists Seek Understanding And Demand Justice,2012,Daily Maverick,https://www.dailymaverick.co.za/article/2012-09-18-marikana-social-scientists-seek-understanding-and-demand-justice/,candidate_pending_substantive_screen,explicit_case_title_review,"Discovered from a documented publisher archive/sitemap and the URL title contains a high-specificity case term (Marikana/Farlam/Nkaneng/Wonderkop/Bapo). This is a review trigger only; substantive corpus eligibility still requires acquired-text case-centrality, text-quality and duplicate review.",SEARCH-MEDIA-ARCHIVE-PRESCREEN,strict_documented
DISC-MEDIA-0053,media,Marikana The Strike Ends Now What,2012,Daily Maverick,https://www.dailymaverick.co.za/article/2012-09-19-marikana-the-strike-ends-now-what/,candidate_pending_substantive_screen,explicit_case_title_review,"Discovered from a documented publisher archive/sitemap and the URL title contains a high-specificity case term (Marikana/Farlam/Nkaneng/Wonderkop/Bapo). This is a review trigger only; substantive corpus eligibility still requires acquired-text case-centrality, text-quality and duplicate review.",SEARCH-MEDIA-ARCHIVE-PRESCREEN,strict_documented
DISC-MEDIA-0054,media,Marikana The Strike Might Be Over But The Struggle Continues,2012,Daily Maverick,https://www.dailymaverick.co.za/article/2012-09-19-marikana-the-strike-might-be-over-but-the-struggle-continues/,candidate_pending_substantive_screen,explicit_case_title_review,"Discovered from a documented publisher archive/sitemap and the URL title contains a high-specificity case term (Marikana/Farlam/Nkaneng/Wonderkop/Bapo). This is a review trigger only; substantive corpus eligibility still requires acquired-text case-centrality, text-quality and duplicate review.",SEARCH-MEDIA-ARCHIVE-PRESCREEN,strict_documented
DISC-MEDIA-0055,media,Cosatu Congress Battling The Rupture Of Mangaung And The Curse Of Marikana,2012,Daily Maverick,https://www.dailymaverick.co.za/article/2012-09-20-cosatu-congress-battling-the-rupture-of-mangaung-and-the-curse-of-marikana/,candidate_pending_substantive_screen,explicit_case_title_review,"Discovered from a documented publisher archive/sitemap and the URL title contains a high-specificity case term (Marikana/Farlam/Nkaneng/Wonderkop/Bapo). This is a review trigger only; substantive corpus eligibility still requires acquired-text case-centrality, text-quality and duplicate review.",SEARCH-MEDIA-ARCHIVE-PRESCREEN,strict_documented
DISC-MEDIA-0056,media,Marikana The Next Goal For The Workers Split From Num,2012,Daily Maverick,https://www.dailymaverick.co.za/article/2012-09-20-marikana-the-next-goal-for-the-workers-split-from-num/,candidate_pending_substantive_screen,explicit_case_title_review,"Discovered from a documented publisher archive/sitemap and the URL title contains a high-specificity case term (Marikana/Farlam/Nkaneng/Wonderkop/Bapo). This is a review trigger only; substantive corpus eligibility still requires acquired-text case-centrality, text-quality and duplicate review.",SEARCH-MEDIA-ARCHIVE-PRESCREEN,strict_documented
DISC-MEDIA-0057,media,Marikanas Theatre Of The Absurd Claims Another Life,2012,Daily Maverick,https://www.dailymaverick.co.za/article/2012-09-20-marikanas-theatre-of-the-absurd-claims-another-life/,candidate_pending_substantive_screen,explicit_case_title_review,"Discovered from a documented publisher archive/sitemap and the URL title contains a high-specificity case term (Marikana/Farlam/Nkaneng/Wonderkop/Bapo). This is a review trigger only; substantive corpus eligibility still requires acquired-text case-centrality, text-quality and duplicate review.",SEARCH-MEDIA-ARCHIVE-PRESCREEN,strict_documented
DISC-MEDIA-0058,media,Bring On The Sanctions Bishop Paul Verryn On Marikana And Poverty,2012,Daily Maverick,https://www.dailymaverick.co.za/article/2012-09-21-bring-on-the-sanctions-bishop-paul-verryn-on-marikana-and-poverty/,candidate_pending_substantive_screen,explicit_case_title_review,"Discovered from a documented publisher archive/sitemap and the URL title contains a high-specificity case term (Marikana/Farlam/Nkaneng/Wonderkop/Bapo). This is a review trigger only; substantive corpus eligibility still requires acquired-text case-centrality, text-quality and duplicate review.",SEARCH-MEDIA-ARCHIVE-PRESCREEN,strict_documented
DISC-MEDIA-0059,media,The Marikana Effect A Sharp Drop For The Anc In Septembers By Elections,2012,Daily Maverick,https://www.dailymaverick.co.za/article/2012-09-21-the-marikana-effect-a-sharp-drop-for-the-anc-in-septembers-by-elections/,candidate_pending_substantive_screen,explicit_case_title_review,"Discovered from a documented publisher archive/sitemap and the URL title contains a high-specificity case term (Marikana/Farlam/Nkaneng/Wonderkop/Bapo). This is a review trigger only; substantive corpus eligibility still requires acquired-text case-centrality, text-quality and duplicate review.",SEARCH-MEDIA-ARCHIVE-PRESCREEN,strict_documented
DISC-MEDIA-0060,media,Marikana Putting Words To Tragedy,2012,Daily Maverick,https://www.dailymaverick.co.za/article/2012-09-24-marikana-putting-words-to-tragedy/,candidate_pending_substantive_screen,explicit_case_title_review,"Discovered from a documented publisher archive/sitemap and the URL title contains a high-specificity case term (Marikana/Farlam/Nkaneng/Wonderkop/Bapo). This is a review trigger only; substantive corpus eligibility still requires acquired-text case-centrality, text-quality and duplicate review.",SEARCH-MEDIA-ARCHIVE-PRESCREEN,strict_documented
DISC-MEDIA-0061,media,Marikana Shaky Start For The Farlam Commission,2012,Daily Maverick,https://www.dailymaverick.co.za/article/2012-10-02-marikana-shaky-start-for-the-farlam-commission/,candidate_pending_substantive_screen,explicit_case_title_review,"Discovered from a documented publisher archive/sitemap and the URL title contains a high-specificity case term (Marikana/Farlam/Nkaneng/Wonderkop/Bapo). This is a review trigger only; substantive corpus eligibility still requires acquired-text case-centrality, text-quality and duplicate review.",SEARCH-MEDIA-ARCHIVE-PRESCREEN,strict_documented
DISC-MEDIA-0062,media,Nigerias Marikana Moment Yet Another One,2012,Daily Maverick,https://www.dailymaverick.co.za/article/2012-10-04-nigerias-marikana-moment-yet-another-one/,candidate_pending_substantive_screen,explicit_case_title_review,"Discovered from a documented publisher archive/sitemap and the URL title contains a high-specificity case term (Marikana/Farlam/Nkaneng/Wonderkop/Bapo). This is a review trigger only; substantive corpus eligibility still requires acquired-text case-centrality, text-quality and duplicate review.",SEARCH-MEDIA-ARCHIVE-PRESCREEN,strict_documented
DISC-MEDIA-0063,media,Police To People Of Makause March And Therell Be Another Marikana,2012,Daily Maverick,https://www.dailymaverick.co.za/article/2012-10-05-police-to-people-of-makause-march-and-therell-be-another-marikana/,candidate_pending_substantive_screen,explicit_case_title_review,"Discovered from a documented publisher archive/sitemap and the URL title contains a high-specificity case term (Marikana/Farlam/Nkaneng/Wonderkop/Bapo). This is a review trigger only; substantive corpus eligibility still requires acquired-text case-centrality, text-quality and duplicate review.",SEARCH-MEDIA-ARCHIVE-PRESCREEN,strict_documented
DISC-MEDIA-0064,media,Marikana Tragedy Marches Towards Platinum Rebellion,2012,Daily Maverick,https://www.dailymaverick.co.za/article/2012-10-15-marikana-tragedy-marches-towards-platinum-rebellion/,candidate_pending_substantive_screen,explicit_case_title_review,"Discovered from a documented publisher archive/sitemap and the URL title contains a high-specificity case term (Marikana/Farlam/Nkaneng/Wonderkop/Bapo). This is a review trigger only; substantive corpus eligibility still requires acquired-text case-centrality, text-quality and duplicate review.",SEARCH-MEDIA-ARCHIVE-PRESCREEN,strict_documented
DISC-MEDIA-0065,media,Marikana After Wave Of Arrests Miners To Return To Strike,2012,Daily Maverick,https://www.dailymaverick.co.za/article/2012-10-18-marikana-after-wave-of-arrests-miners-to-return-to-strike/,candidate_pending_substantive_screen,explicit_case_title_review,"Discovered from a documented publisher archive/sitemap and the URL title contains a high-specificity case term (Marikana/Farlam/Nkaneng/Wonderkop/Bapo). This is a review trigger only; substantive corpus eligibility still requires acquired-text case-centrality, text-quality and duplicate review.",SEARCH-MEDIA-ARCHIVE-PRESCREEN,strict_documented
DISC-MEDIA-0066,media,Death Threats Blazing Guns Police Intimidation Spikes Alongside The Marikana Commission,2012,Daily Maverick,https://www.dailymaverick.co.za/article/2012-10-23-death-threats-blazing-guns-police-intimidation-spikes-alongside-the-marikana-commission/,candidate_pending_substantive_screen,explicit_case_title_review,"Discovered from a documented publisher archive/sitemap and the URL title contains a high-specificity case term (Marikana/Farlam/Nkaneng/Wonderkop/Bapo). This is a review trigger only; substantive corpus eligibility still requires acquired-text case-centrality, text-quality and duplicate review.",SEARCH-MEDIA-ARCHIVE-PRESCREEN,strict_documented
DISC-MEDIA-0067,media,Marikana Commission Lawyers Draw Up Battle Lines,2012,Daily Maverick,https://www.dailymaverick.co.za/article/2012-10-23-marikana-commission-lawyers-draw-up-battle-lines/,candidate_pending_substantive_screen,explicit_case_title_review,"Discovered from a documented publisher archive/sitemap and the URL title contains a high-specificity case term (Marikana/Farlam/Nkaneng/Wonderkop/Bapo). This is a review trigger only; substantive corpus eligibility still requires acquired-text case-centrality, text-quality and duplicate review.",SEARCH-MEDIA-ARCHIVE-PRESCREEN,strict_documented
DISC-MEDIA-0068,media,Marikana Commission More Sides Pitch In More Mud Flung In Ramaphosas Face,2012,Daily Maverick,https://www.dailymaverick.co.za/article/2012-10-24-marikana-commission-more-sides-pitch-in-more-mud-flung-in-ramaphosas-face/,candidate_pending_substantive_screen,explicit_case_title_review,"Discovered from a documented publisher archive/sitemap and the URL title contains a high-specificity case term (Marikana/Farlam/Nkaneng/Wonderkop/Bapo). This is a review trigger only; substantive corpus eligibility still requires acquired-text case-centrality, text-quality and duplicate review.",SEARCH-MEDIA-ARCHIVE-PRESCREEN,strict_documented
DISC-MEDIA-0069,media,Marikana Commission Check Book Justice As Dead Miners Families Must Pay Their Own Way,2012,Daily Maverick,https://www.dailymaverick.co.za/article/2012-10-29-marikana-commission-check-book-justice-as-dead-miners-families-must-pay-their-own-way/,candidate_pending_substantive_screen,explicit_case_title_review,"Discovered from a documented publisher archive/sitemap and the URL title contains a high-specificity case term (Marikana/Farlam/Nkaneng/Wonderkop/Bapo). This is a review trigger only; substantive corpus eligibility still requires acquired-text case-centrality, text-quality and duplicate review.",SEARCH-MEDIA-ARCHIVE-PRESCREEN,strict_documented
DISC-MEDIA-0070,media,Marikana Commission Travel Pains For The Families,2012,Daily Maverick,https://www.dailymaverick.co.za/article/2012-10-30-marikana-commission-travel-pains-for-the-families/,candidate_pending_substantive_screen,explicit_case_title_review,"Discovered from a documented publisher archive/sitemap and the URL title contains a high-specificity case term (Marikana/Farlam/Nkaneng/Wonderkop/Bapo). This is a review trigger only; substantive corpus eligibility still requires acquired-text case-centrality, text-quality and duplicate review.",SEARCH-MEDIA-ARCHIVE-PRESCREEN,strict_documented
DISC-MEDIA-0071,media,Marikana Commission Colonel Johannes Bothas Tough Day At The Office,2012,Daily Maverick,https://www.dailymaverick.co.za/article/2012-10-31-marikana-commission-colonel-johannes-bothas-tough-day-at-the-office/,candidate_pending_substantive_screen,explicit_case_title_review,"Discovered from a documented publisher archive/sitemap and the URL title contains a high-specificity case term (Marikana/Farlam/Nkaneng/Wonderkop/Bapo). This is a review trigger only; substantive corpus eligibility still requires acquired-text case-centrality, text-quality and duplicate review.",SEARCH-MEDIA-ARCHIVE-PRESCREEN,strict_documented
DISC-MEDIA-0072,media,Marikana Commission Dali Mpofu Drops New Torture Bombshell,2012,Daily Maverick,https://www.dailymaverick.co.za/article/2012-10-31-marikana-commission-dali-mpofu-drops-new-torture-bombshell/,candidate_pending_substantive_screen,explicit_case_title_review,"Discovered from a documented publisher archive/sitemap and the URL title contains a high-specificity case term (Marikana/Farlam/Nkaneng/Wonderkop/Bapo). This is a review trigger only; substantive corpus eligibility still requires acquired-text case-centrality, text-quality and duplicate review.",SEARCH-MEDIA-ARCHIVE-PRESCREEN,strict_documented
DISC-MEDIA-0073,media,Marikana Commission The Forensic Expert Who Saw Little Heard Nothing Couldnt Say Much,2012,Daily Maverick,https://www.dailymaverick.co.za/article/2012-11-01-marikana-commission-the-forensic-expert-who-saw-little-heard-nothing-couldnt-say-much/,candidate_pending_substantive_screen,explicit_case_title_review,"Discovered from a documented publisher archive/sitemap and the URL title contains a high-specificity case term (Marikana/Farlam/Nkaneng/Wonderkop/Bapo). This is a review trigger only; substantive corpus eligibility still requires acquired-text case-centrality, text-quality and duplicate review.",SEARCH-MEDIA-ARCHIVE-PRESCREEN,strict_documented
DISC-MEDIA-0074,media,Marikana Commission Prima Facie Case For Tampering With Evidence,2012,Daily Maverick,https://www.dailymaverick.co.za/article/2012-11-06-marikana-commission-prima-facie-case-for-tampering-with-evidence/,candidate_pending_substantive_screen,explicit_case_title_review,"Discovered from a documented publisher archive/sitemap and the URL title contains a high-specificity case term (Marikana/Farlam/Nkaneng/Wonderkop/Bapo). This is a review trigger only; substantive corpus eligibility still requires acquired-text case-centrality, text-quality and duplicate review.",SEARCH-MEDIA-ARCHIVE-PRESCREEN,strict_documented
DISC-MEDIA-0075,media,Marikana Commission Police Play Their Case,2012,Daily Maverick,https://www.dailymaverick.co.za/article/2012-11-12-marikana-commission-police-play-their-case/,candidate_pending_substantive_screen,explicit_case_title_review,"Discovered from a documented publisher archive/sitemap and the URL title contains a high-specificity case term (Marikana/Farlam/Nkaneng/Wonderkop/Bapo). This is a review trigger only; substantive corpus eligibility still requires acquired-text case-centrality, text-quality and duplicate review.",SEARCH-MEDIA-ARCHIVE-PRESCREEN,strict_documented
DISC-MEDIA-0076,media,Painting Marikanas Tragedy,2012,Daily Maverick,https://www.dailymaverick.co.za/article/2012-11-13-painting-marikanas-tragedy/,candidate_pending_substantive_screen,explicit_case_title_review,"Discovered from a documented publisher archive/sitemap and the URL title contains a high-specificity case term (Marikana/Farlam/Nkaneng/Wonderkop/Bapo). This is a review trigger only; substantive corpus eligibility still requires acquired-text case-centrality, text-quality and duplicate review.",SEARCH-MEDIA-ARCHIVE-PRESCREEN,strict_documented
DISC-MEDIA-0077,media,Marikana Commission Bishop Seoka Blames Police Unions And Lonmin,2012,Daily Maverick,https://www.dailymaverick.co.za/article/2012-11-15-marikana-commission-bishop-seoka-blames-police-unions-and-lonmin/,candidate_pending_substantive_screen,explicit_case_title_review,"Discovered from a documented publisher archive/sitemap and the URL title contains a high-specificity case term (Marikana/Farlam/Nkaneng/Wonderkop/Bapo). This is a review trigger only; substantive corpus eligibility still requires acquired-text case-centrality, text-quality and duplicate review.",SEARCH-MEDIA-ARCHIVE-PRESCREEN,strict_documented
DISC-MEDIA-0078,media,Marikana Commission Spotty Police Evidence Continues,2012,Daily Maverick,https://www.dailymaverick.co.za/article/2012-11-16-marikana-commission-spotty-police-evidence-continues/,candidate_pending_substantive_screen,explicit_case_title_review,"Discovered from a documented publisher archive/sitemap and the URL title contains a high-specificity case term (Marikana/Farlam/Nkaneng/Wonderkop/Bapo). This is a review trigger only; substantive corpus eligibility still requires acquired-text case-centrality, text-quality and duplicate review.",SEARCH-MEDIA-ARCHIVE-PRESCREEN,strict_documented
DISC-MEDIA-0079,media,Marikana Commission Did The Police Throw Away Their Own Rulebook,2012,Daily Maverick,https://www.dailymaverick.co.za/article/2012-11-20-marikana-commission-did-the-police-throw-away-their-own-rulebook/,candidate_pending_substantive_screen,explicit_case_title_review,"Discovered from a documented publisher archive/sitemap and the URL title contains a high-specificity case term (Marikana/Farlam/Nkaneng/Wonderkop/Bapo). This is a review trigger only; substantive corpus eligibility still requires acquired-text case-centrality, text-quality and duplicate review.",SEARCH-MEDIA-ARCHIVE-PRESCREEN,strict_documented
DISC-MEDIA-0080,media,Marikana Commission What Happened Before 16 August Lonmin And Police Videos Failed To Capture Crucial Evidence,2012,Daily Maverick,https://www.dailymaverick.co.za/article/2012-11-21-marikana-commission-what-happened-before-16-august-lonmin-and-police-videos-failed-to-capture-crucial-evidence/,candidate_pending_substantive_screen,explicit_case_title_review,"Discovered from a documented publisher archive/sitemap and the URL title contains a high-specificity case term (Marikana/Farlam/Nkaneng/Wonderkop/Bapo). This is a review trigger only; substantive corpus eligibility still requires acquired-text case-centrality, text-quality and duplicate review.",SEARCH-MEDIA-ARCHIVE-PRESCREEN,strict_documented
DISC-MEDIA-0081,media,Marikana Commission Better Videos Of 16 August But Still Not Much To See,2012,Daily Maverick,https://www.dailymaverick.co.za/article/2012-11-22-marikana-commission-better-videos-of-16-august-but-still-not-much-to-see/,candidate_pending_substantive_screen,explicit_case_title_review,"Discovered from a documented publisher archive/sitemap and the URL title contains a high-specificity case term (Marikana/Farlam/Nkaneng/Wonderkop/Bapo). This is a review trigger only; substantive corpus eligibility still requires acquired-text case-centrality, text-quality and duplicate review.",SEARCH-MEDIA-ARCHIVE-PRESCREEN,strict_documented
DISC-MEDIA-0082,media,Marikana Commission Cops Lonmin Hit Back At Bishop Seoka,2012,Daily Maverick,https://www.dailymaverick.co.za/article/2012-11-23-marikana-commission-cops-lonmin-hit-back-at-bishop-seoka/,candidate_pending_substantive_screen,explicit_case_title_review,"Discovered from a documented publisher archive/sitemap and the URL title contains a high-specificity case term (Marikana/Farlam/Nkaneng/Wonderkop/Bapo). This is a review trigger only; substantive corpus eligibility still requires acquired-text case-centrality, text-quality and duplicate review.",SEARCH-MEDIA-ARCHIVE-PRESCREEN,strict_documented
DISC-MEDIA-0083,media,Marikana Commission Weapons That Kill And A Row Over Subpoenas,2012,Daily Maverick,https://www.dailymaverick.co.za/article/2012-11-27-marikana-commission-weapons-that-kill-and-a-row-over-subpoenas/,candidate_pending_substantive_screen,explicit_case_title_review,"Discovered from a documented publisher archive/sitemap and the URL title contains a high-specificity case term (Marikana/Farlam/Nkaneng/Wonderkop/Bapo). This is a review trigger only; substantive corpus eligibility still requires acquired-text case-centrality, text-quality and duplicate review.",SEARCH-MEDIA-ARCHIVE-PRESCREEN,strict_documented
DISC-MEDIA-0084,media,Marikana Commission Amcu President Flays Num,2012,Daily Maverick,https://www.dailymaverick.co.za/article/2012-11-28-marikana-commission-amcu-president-flays-num/,candidate_pending_substantive_screen,explicit_case_title_review,"Discovered from a documented publisher archive/sitemap and the URL title contains a high-specificity case term (Marikana/Farlam/Nkaneng/Wonderkop/Bapo). This is a review trigger only; substantive corpus eligibility still requires acquired-text case-centrality, text-quality and duplicate review.",SEARCH-MEDIA-ARCHIVE-PRESCREEN,strict_documented
DISC-MEDIA-0085,media,Marikana Commission Joseph Mathunjwa Locks Horns With Police,2012,Daily Maverick,https://www.dailymaverick.co.za/article/2012-11-30-marikana-commission-joseph-mathunjwa-locks-horns-with-police/,candidate_pending_substantive_screen,explicit_case_title_review,"Discovered from a documented publisher archive/sitemap and the URL title contains a high-specificity case term (Marikana/Farlam/Nkaneng/Wonderkop/Bapo). This is a review trigger only; substantive corpus eligibility still requires acquired-text case-centrality, text-quality and duplicate review.",SEARCH-MEDIA-ARCHIVE-PRESCREEN,strict_documented
DISC-MEDIA-0086,media,Marikana Who Shot First,2012,Daily Maverick,https://www.dailymaverick.co.za/article/2012-11-30-marikana-who-shot-first/,candidate_pending_substantive_screen,explicit_case_title_review,"Discovered from a documented publisher archive/sitemap and the URL title contains a high-specificity case term (Marikana/Farlam/Nkaneng/Wonderkop/Bapo). This is a review trigger only; substantive corpus eligibility still requires acquired-text case-centrality, text-quality and duplicate review.",SEARCH-MEDIA-ARCHIVE-PRESCREEN,strict_documented
DISC-MEDIA-0087,media,Union Poster Feel It Western Cape Marikana Is Here,2012,Daily Maverick,https://www.dailymaverick.co.za/article/2012-11-30-union-poster-feel-it-western-cape-marikana-is-here/,candidate_pending_substantive_screen,explicit_case_title_review,"Discovered from a documented publisher archive/sitemap and the URL title contains a high-specificity case term (Marikana/Farlam/Nkaneng/Wonderkop/Bapo). This is a review trigger only; substantive corpus eligibility still requires acquired-text case-centrality, text-quality and duplicate review.",SEARCH-MEDIA-ARCHIVE-PRESCREEN,strict_documented
DISC-MEDIA-0088,media,Marikana Commission Joseph Mathunjwa Still Stands His Ground,2012,Daily Maverick,https://www.dailymaverick.co.za/article/2012-12-04-marikana-commission-joseph-mathunjwa-still-stands-his-ground/,candidate_pending_substantive_screen,explicit_case_title_review,"Discovered from a documented publisher archive/sitemap and the URL title contains a high-specificity case term (Marikana/Farlam/Nkaneng/Wonderkop/Bapo). This is a review trigger only; substantive corpus eligibility still requires acquired-text case-centrality, text-quality and duplicate review.",SEARCH-MEDIA-ARCHIVE-PRESCREEN,strict_documented
DISC-MEDIA-0089,media,Marikana Commission Cornered Mathunjwa Let Out By Dumisa Ntsebeza,2012,Daily Maverick,https://www.dailymaverick.co.za/article/2012-12-05-marikana-commission-cornered-mathunjwa-let-out-by-dumisa-ntsebeza/,candidate_pending_substantive_screen,explicit_case_title_review,"Discovered from a documented publisher archive/sitemap and the URL title contains a high-specificity case term (Marikana/Farlam/Nkaneng/Wonderkop/Bapo). This is a review trigger only; substantive corpus eligibility still requires acquired-text case-centrality, text-quality and duplicate review.",SEARCH-MEDIA-ARCHIVE-PRESCREEN,strict_documented
DISC-MEDIA-0090,media,Zuma Marikana Exposed Organisational Challenges,2012,Daily Maverick,https://www.dailymaverick.co.za/article/2012-12-16-zuma-marikana-exposed-organisational-challenges/,candidate_pending_substantive_screen,explicit_case_title_review,"Discovered from a documented publisher archive/sitemap and the URL title contains a high-specificity case term (Marikana/Farlam/Nkaneng/Wonderkop/Bapo). This is a review trigger only; substantive corpus eligibility still requires acquired-text case-centrality, text-quality and duplicate review.",SEARCH-MEDIA-ARCHIVE-PRESCREEN,strict_documented
DISC-MEDIA-0091,media,2013 The Lingering Spectre Of Marikana,2013,Daily Maverick,https://www.dailymaverick.co.za/article/2013-01-11-2013-the-lingering-spectre-of-marikana/,candidate_pending_substantive_screen,explicit_case_title_review,"Discovered from a documented publisher archive/sitemap and the URL title contains a high-specificity case term (Marikana/Farlam/Nkaneng/Wonderkop/Bapo). This is a review trigger only; substantive corpus eligibility still requires acquired-text case-centrality, text-quality and duplicate review.",SEARCH-MEDIA-ARCHIVE-PRESCREEN,strict_documented
DISC-MEDIA-0092,media,Marikana Commission Num Takes The Stand,2013,Daily Maverick,https://www.dailymaverick.co.za/article/2013-01-25-marikana-commission-num-takes-the-stand/,candidate_pending_substantive_screen,explicit_case_title_review,"Discovered from a documented publisher archive/sitemap and the URL title contains a high-specificity case term (Marikana/Farlam/Nkaneng/Wonderkop/Bapo). This is a review trigger only; substantive corpus eligibility still requires acquired-text case-centrality, text-quality and duplicate review.",SEARCH-MEDIA-ARCHIVE-PRESCREEN,strict_documented
DISC-MEDIA-0093,media,Heartfelt Hard Painful Songs Of Marikana,2013,Daily Maverick,https://www.dailymaverick.co.za/article/2013-01-28-heartfelt-hard-painful-songs-of-marikana/,candidate_pending_substantive_screen,explicit_case_title_review,"Discovered from a documented publisher archive/sitemap and the URL title contains a high-specificity case term (Marikana/Farlam/Nkaneng/Wonderkop/Bapo). This is a review trigger only; substantive corpus eligibility still requires acquired-text case-centrality, text-quality and duplicate review.",SEARCH-MEDIA-ARCHIVE-PRESCREEN,strict_documented
DISC-MEDIA-0094,media,Truth Lies The Saga Of The Marikana Massacre Continues,2013,Daily Maverick,https://www.dailymaverick.co.za/article/2013-01-29-truth-lies-the-saga-of-the-marikana-massacre-continues/,candidate_pending_substantive_screen,explicit_case_title_review,"Discovered from a documented publisher archive/sitemap and the URL title contains a high-specificity case term (Marikana/Farlam/Nkaneng/Wonderkop/Bapo). This is a review trigger only; substantive corpus eligibility still requires acquired-text case-centrality, text-quality and duplicate review.",SEARCH-MEDIA-ARCHIVE-PRESCREEN,strict_documented
DISC-MEDIA-0095,media,Marikana Commission Num In A Deep Hole Over The Fight That Started It All,2013,Daily Maverick,https://www.dailymaverick.co.za/article/2013-02-01-marikana-commission-num-in-a-deep-hole-over-the-fight-that-started-it-all/,candidate_pending_substantive_screen,explicit_case_title_review,"Discovered from a documented publisher archive/sitemap and the URL title contains a high-specificity case term (Marikana/Farlam/Nkaneng/Wonderkop/Bapo). This is a review trigger only; substantive corpus eligibility still requires acquired-text case-centrality, text-quality and duplicate review.",SEARCH-MEDIA-ARCHIVE-PRESCREEN,strict_documented
DISC-MEDIA-0096,media,Black Valentine 2013 Love In The Time Of Marikana Nkandla Anene Booysens,2013,Daily Maverick,https://www.dailymaverick.co.za/article/2013-02-14-black-valentine-2013-love-in-the-time-of-marikana-nkandla-anene-booysens/,candidate_pending_substantive_screen,explicit_case_title_review,"Discovered from a documented publisher archive/sitemap and the URL title contains a high-specificity case term (Marikana/Farlam/Nkaneng/Wonderkop/Bapo). This is a review trigger only; substantive corpus eligibility still requires acquired-text case-centrality, text-quality and duplicate review.",SEARCH-MEDIA-ARCHIVE-PRESCREEN,strict_documented
DISC-MEDIA-0097,media,Marikana Aftermath As The Commission Plays On Theres Still No Equality Before The Law,2013,Daily Maverick,https://www.dailymaverick.co.za/article/2013-03-04-marikana-aftermath-as-the-commission-plays-on-theres-still-no-equality-before-the-law/,candidate_pending_substantive_screen,explicit_case_title_review,"Discovered from a documented publisher archive/sitemap and the URL title contains a high-specificity case term (Marikana/Farlam/Nkaneng/Wonderkop/Bapo). This is a review trigger only; substantive corpus eligibility still requires acquired-text case-centrality, text-quality and duplicate review.",SEARCH-MEDIA-ARCHIVE-PRESCREEN,strict_documented
DISC-MEDIA-0098,media,Marikana Commission Why Did Non Employees Join The Strike,2013,Daily Maverick,https://www.dailymaverick.co.za/article/2013-03-14-marikana-commission-why-did-non-employees-join-the-strike/,candidate_pending_substantive_screen,explicit_case_title_review,"Discovered from a documented publisher archive/sitemap and the URL title contains a high-specificity case term (Marikana/Farlam/Nkaneng/Wonderkop/Bapo). This is a review trigger only; substantive corpus eligibility still requires acquired-text case-centrality, text-quality and duplicate review.",SEARCH-MEDIA-ARCHIVE-PRESCREEN,strict_documented
DISC-MEDIA-0099,media,Marikana How Much And When Did Zuma Know,2013,Daily Maverick,https://www.dailymaverick.co.za/article/2013-03-18-marikana-how-much-and-when-did-zuma-know/,candidate_pending_substantive_screen,explicit_case_title_review,"Discovered from a documented publisher archive/sitemap and the URL title contains a high-specificity case term (Marikana/Farlam/Nkaneng/Wonderkop/Bapo). This is a review trigger only; substantive corpus eligibility still requires acquired-text case-centrality, text-quality and duplicate review.",SEARCH-MEDIA-ARCHIVE-PRESCREEN,strict_documented
DISC-MEDIA-0100,media,Farlams Site Visit Brings Community Closer To Commission,2013,Daily Maverick,https://www.dailymaverick.co.za/article/2013-03-22-farlams-site-visit-brings-community-closer-to-commission/,candidate_pending_substantive_screen,explicit_case_title_review,"Discovered from a documented publisher archive/sitemap and the URL title contains a high-specificity case term (Marikana/Farlam/Nkaneng/Wonderkop/Bapo). This is a review trigger only; substantive corpus eligibility still requires acquired-text case-centrality, text-quality and duplicate review.",SEARCH-MEDIA-ARCHIVE-PRESCREEN,strict_documented
DISC-MEDIA-0101,media,Analysis The Future Of South Africas Labour Market Post Marikana,2013,Daily Maverick,https://www.dailymaverick.co.za/article/2013-03-25-analysis-the-future-of-south-africas-labour-market-post-marikana/,candidate_pending_substantive_screen,explicit_case_title_review,"Discovered from a documented publisher archive/sitemap and the URL title contains a high-specificity case term (Marikana/Farlam/Nkaneng/Wonderkop/Bapo). This is a review trigger only; substantive corpus eligibility still requires acquired-text case-centrality, text-quality and duplicate review.",SEARCH-MEDIA-ARCHIVE-PRESCREEN,strict_documented
DISC-MEDIA-0102,media,Born In Post Marikana Anger Workers Socialist Party Enters Sa Politics,2013,Daily Maverick,https://www.dailymaverick.co.za/article/2013-03-25-born-in-post-marikana-anger-workers-socialist-party-enters-sa-politics/,candidate_pending_substantive_screen,explicit_case_title_review,"Discovered from a documented publisher archive/sitemap and the URL title contains a high-specificity case term (Marikana/Farlam/Nkaneng/Wonderkop/Bapo). This is a review trigger only; substantive corpus eligibility still requires acquired-text case-centrality, text-quality and duplicate review.",SEARCH-MEDIA-ARCHIVE-PRESCREEN,strict_documented
DISC-MEDIA-0103,media,Marikana Commission Phiyega Continues To Play Dumb,2013,Daily Maverick,https://www.dailymaverick.co.za/article/2013-03-27-marikana-commission-phiyega-continues-to-play-dumb/,candidate_pending_substantive_screen,explicit_case_title_review,"Discovered from a documented publisher archive/sitemap and the URL title contains a high-specificity case term (Marikana/Farlam/Nkaneng/Wonderkop/Bapo). This is a review trigger only; substantive corpus eligibility still requires acquired-text case-centrality, text-quality and duplicate review.",SEARCH-MEDIA-ARCHIVE-PRESCREEN,strict_documented
DISC-MEDIA-0104,media,Marikana Commission Why Did Apartheid Lessons Not Inform Police Action On 16 August,2013,Daily Maverick,https://www.dailymaverick.co.za/article/2013-03-28-marikana-commission-why-did-apartheid-lessons-not-inform-police-action-on-16-august/,candidate_pending_substantive_screen,explicit_case_title_review,"Discovered from a documented publisher archive/sitemap and the URL title contains a high-specificity case term (Marikana/Farlam/Nkaneng/Wonderkop/Bapo). This is a review trigger only; substantive corpus eligibility still requires acquired-text case-centrality, text-quality and duplicate review.",SEARCH-MEDIA-ARCHIVE-PRESCREEN,strict_documented
DISC-MEDIA-0105,media,Marikana Commission As Bizos Cross Exam Ends Phiyega Is Still Not Forthcoming,2013,Daily Maverick,https://www.dailymaverick.co.za/article/2013-04-03-marikana-commission-as-bizos-cross-exam-ends-phiyega-is-still-not-forthcoming/,candidate_pending_substantive_screen,explicit_case_title_review,"Discovered from a documented publisher archive/sitemap and the URL title contains a high-specificity case term (Marikana/Farlam/Nkaneng/Wonderkop/Bapo). This is a review trigger only; substantive corpus eligibility still requires acquired-text case-centrality, text-quality and duplicate review.",SEARCH-MEDIA-ARCHIVE-PRESCREEN,strict_documented
DISC-MEDIA-0106,media,Marikana Commission Move To Pretoria Halts As Phiyega Grilling Continues,2013,Daily Maverick,https://www.dailymaverick.co.za/article/2013-04-04-marikana-commission-move-to-pretoria-halts-as-phiyega-grilling-continues/,candidate_pending_substantive_screen,explicit_case_title_review,"Discovered from a documented publisher archive/sitemap and the URL title contains a high-specificity case term (Marikana/Farlam/Nkaneng/Wonderkop/Bapo). This is a review trigger only; substantive corpus eligibility still requires acquired-text case-centrality, text-quality and duplicate review.",SEARCH-MEDIA-ARCHIVE-PRESCREEN,strict_documented
DISC-MEDIA-0107,media,Marikana Commission Zooms In On Phiyegas Changed Affidavit,2013,Daily Maverick,https://www.dailymaverick.co.za/article/2013-04-05-marikana-commission-zooms-in-on-phiyegas-changed-affidavit/,candidate_pending_substantive_screen,explicit_case_title_review,"Discovered from a documented publisher archive/sitemap and the URL title contains a high-specificity case term (Marikana/Farlam/Nkaneng/Wonderkop/Bapo). This is a review trigger only; substantive corpus eligibility still requires acquired-text case-centrality, text-quality and duplicate review.",SEARCH-MEDIA-ARCHIVE-PRESCREEN,strict_documented
DISC-MEDIA-0108,media,In Pictures The Children Of Marikana,2013,Daily Maverick,https://www.dailymaverick.co.za/article/2013-04-12-in-pictures-the-children-of-marikana/,candidate_pending_substantive_screen,explicit_case_title_review,"Discovered from a documented publisher archive/sitemap and the URL title contains a high-specificity case term (Marikana/Farlam/Nkaneng/Wonderkop/Bapo). This is a review trigger only; substantive corpus eligibility still requires acquired-text case-centrality, text-quality and duplicate review.",SEARCH-MEDIA-ARCHIVE-PRESCREEN,strict_documented
DISC-MEDIA-0109,media,Marikana Commission Continues As Does The Grilling Of Riah Phiyega,2013,Daily Maverick,https://www.dailymaverick.co.za/article/2013-04-17-marikana-commission-continues-as-does-the-grilling-of-riah-phiyega/,candidate_pending_substantive_screen,explicit_case_title_review,"Discovered from a documented publisher archive/sitemap and the URL title contains a high-specificity case term (Marikana/Farlam/Nkaneng/Wonderkop/Bapo). This is a review trigger only; substantive corpus eligibility still requires acquired-text case-centrality, text-quality and duplicate review.",SEARCH-MEDIA-ARCHIVE-PRESCREEN,strict_documented
DISC-MEDIA-0110,media,Marikana Commission Phiyega Not Sure Who Killed The Miners,2013,Daily Maverick,https://www.dailymaverick.co.za/article/2013-04-18-marikana-commission-phiyega-not-sure-who-killed-the-miners/,candidate_pending_substantive_screen,explicit_case_title_review,"Discovered from a documented publisher archive/sitemap and the URL title contains a high-specificity case term (Marikana/Farlam/Nkaneng/Wonderkop/Bapo). This is a review trigger only; substantive corpus eligibility still requires acquired-text case-centrality, text-quality and duplicate review.",SEARCH-MEDIA-ARCHIVE-PRESCREEN,strict_documented
DISC-MEDIA-0111,media,Marikana Commission Another I Dont Know Marathon From Riah Phiyega,2013,Daily Maverick,https://www.dailymaverick.co.za/article/2013-04-19-marikana-commission-another-i-dont-know-marathon-from-riah-phiyega/,candidate_pending_substantive_screen,explicit_case_title_review,"Discovered from a documented publisher archive/sitemap and the URL title contains a high-specificity case term (Marikana/Farlam/Nkaneng/Wonderkop/Bapo). This is a review trigger only; substantive corpus eligibility still requires acquired-text case-centrality, text-quality and duplicate review.",SEARCH-MEDIA-ARCHIVE-PRESCREEN,strict_documented
DISC-MEDIA-0112,media,Police Boss Before Marikana Operation There Will Be Bloodshed,2013,Daily Maverick,https://www.dailymaverick.co.za/article/2013-04-30-police-boss-before-marikana-operation-there-will-be-bloodshed/,candidate_pending_substantive_screen,explicit_case_title_review,"Discovered from a documented publisher archive/sitemap and the URL title contains a high-specificity case term (Marikana/Farlam/Nkaneng/Wonderkop/Bapo). This is a review trigger only; substantive corpus eligibility still requires acquired-text case-centrality, text-quality and duplicate review.",SEARCH-MEDIA-ARCHIVE-PRESCREEN,strict_documented
DISC-MEDIA-0113,media,Marikana Unfreedom Day Land Occupation Ends In Violent Workers Day Eviction,2013,Daily Maverick,https://www.dailymaverick.co.za/article/2013-05-02-marikana-unfreedom-day-land-occupation-ends-in-violent-workers-day-eviction/,candidate_pending_substantive_screen,explicit_case_title_review,"Discovered from a documented publisher archive/sitemap and the URL title contains a high-specificity case term (Marikana/Farlam/Nkaneng/Wonderkop/Bapo). This is a review trigger only; substantive corpus eligibility still requires acquired-text case-centrality, text-quality and duplicate review.",SEARCH-MEDIA-ARCHIVE-PRESCREEN,strict_documented
DISC-MEDIA-0114,media,Marikana Commission Annandale In The Hot Seat,2013,Daily Maverick,https://www.dailymaverick.co.za/article/2013-05-03-marikana-commission-annandale-in-the-hot-seat/,candidate_pending_substantive_screen,explicit_case_title_review,"Discovered from a documented publisher archive/sitemap and the URL title contains a high-specificity case term (Marikana/Farlam/Nkaneng/Wonderkop/Bapo). This is a review trigger only; substantive corpus eligibility still requires acquired-text case-centrality, text-quality and duplicate review.",SEARCH-MEDIA-ARCHIVE-PRESCREEN,strict_documented
DISC-MEDIA-0115,media,Marikana Commission Mpembe Threatened By Cops For Marikana Deaths,2013,Daily Maverick,https://www.dailymaverick.co.za/article/2013-05-07-marikana-commission-mpembe-threatened-by-cops-for-marikana-deaths/,candidate_pending_substantive_screen,explicit_case_title_review,"Discovered from a documented publisher archive/sitemap and the URL title contains a high-specificity case term (Marikana/Farlam/Nkaneng/Wonderkop/Bapo). This is a review trigger only; substantive corpus eligibility still requires acquired-text case-centrality, text-quality and duplicate review.",SEARCH-MEDIA-ARCHIVE-PRESCREEN,strict_documented
DISC-MEDIA-0116,media,Marikana Commission The Death Toll Mounts,2013,Daily Maverick,https://www.dailymaverick.co.za/article/2013-05-08-marikana-commission-the-death-toll-mounts/,candidate_pending_substantive_screen,explicit_case_title_review,"Discovered from a documented publisher archive/sitemap and the URL title contains a high-specificity case term (Marikana/Farlam/Nkaneng/Wonderkop/Bapo). This is a review trigger only; substantive corpus eligibility still requires acquired-text case-centrality, text-quality and duplicate review.",SEARCH-MEDIA-ARCHIVE-PRESCREEN,strict_documented
DISC-MEDIA-0117,media,Marikana Fear And Terror At The Unions Battlefield,2013,Daily Maverick,https://www.dailymaverick.co.za/article/2013-05-14-marikana-fear-and-terror-at-the-unions-battlefield/,candidate_pending_substantive_screen,explicit_case_title_review,"Discovered from a documented publisher archive/sitemap and the URL title contains a high-specificity case term (Marikana/Farlam/Nkaneng/Wonderkop/Bapo). This is a review trigger only; substantive corpus eligibility still requires acquired-text case-centrality, text-quality and duplicate review.",SEARCH-MEDIA-ARCHIVE-PRESCREEN,strict_documented
DISC-MEDIA-0118,media,Marikana Philippi East The Invisible Protest,2013,Daily Maverick,https://www.dailymaverick.co.za/article/2013-05-28-marikana-philippi-east-the-invisible-protest/,candidate_pending_substantive_screen,explicit_case_title_review,"Discovered from a documented publisher archive/sitemap and the URL title contains a high-specificity case term (Marikana/Farlam/Nkaneng/Wonderkop/Bapo). This is a review trigger only; substantive corpus eligibility still requires acquired-text case-centrality, text-quality and duplicate review.",SEARCH-MEDIA-ARCHIVE-PRESCREEN,strict_documented
DISC-MEDIA-0119,media,Num Amcu Marikana Tis The Season To Be Bloody,2013,Daily Maverick,https://www.dailymaverick.co.za/article/2013-06-04-num-amcu-marikana-tis-the-season-to-be-bloody/,candidate_pending_substantive_screen,explicit_case_title_review,"Discovered from a documented publisher archive/sitemap and the URL title contains a high-specificity case term (Marikana/Farlam/Nkaneng/Wonderkop/Bapo). This is a review trigger only; substantive corpus eligibility still requires acquired-text case-centrality, text-quality and duplicate review.",SEARCH-MEDIA-ARCHIVE-PRESCREEN,strict_documented
DISC-MEDIA-0120,media,Back To Square One Another Lonmin Strike Looms,2013,Daily Maverick,https://www.dailymaverick.co.za/article/2013-06-07-back-to-square-one-another-lonmin-strike-looms/,candidate_pending_substantive_screen,lonmin_only_title_review,"Discovered from a documented publisher archive/sitemap and the URL title contains Lonmin without a high-specificity Marikana case term. Lonmin-only matches can be unrelated corporate or financial stories, so this record is not provisionally eligible and requires acquired-text substantive screening before any inclusion decision.",SEARCH-MEDIA-ARCHIVE-PRESCREEN,strict_documented
DISC-MEDIA-0121,media,The Other Marikana,2013,Daily Maverick,https://www.dailymaverick.co.za/article/2013-06-21-the-other-marikana/,candidate_pending_substantive_screen,explicit_case_title_review,"Discovered from a documented publisher archive/sitemap and the URL title contains a high-specificity case term (Marikana/Farlam/Nkaneng/Wonderkop/Bapo). This is a review trigger only; substantive corpus eligibility still requires acquired-text case-centrality, text-quality and duplicate review.",SEARCH-MEDIA-ARCHIVE-PRESCREEN,strict_documented
DISC-MEDIA-0122,media,As Farlam Returns The Truth About The Massacre Remains A Distant Perhaps Impossible Goal,2013,Daily Maverick,https://www.dailymaverick.co.za/article/2013-07-12-as-farlam-returns-the-truth-about-the-massacre-remains-a-distant-perhaps-impossible-goal/,candidate_pending_substantive_screen,explicit_case_title_review,"Discovered from a documented publisher archive/sitemap and the URL title contains a high-specificity case term (Marikana/Farlam/Nkaneng/Wonderkop/Bapo). This is a review trigger only; substantive corpus eligibility still requires acquired-text case-centrality, text-quality and duplicate review.",SEARCH-MEDIA-ARCHIVE-PRESCREEN,strict_documented
DISC-MEDIA-0123,media,The Truth Endangered Miners Representatives Withdraw From Farlam Commission,2013,Daily Maverick,https://www.dailymaverick.co.za/article/2013-07-18-the-truth-endangered-miners-representatives-withdraw-from-farlam-commission/,candidate_pending_substantive_screen,explicit_case_title_review,"Discovered from a documented publisher archive/sitemap and the URL title contains a high-specificity case term (Marikana/Farlam/Nkaneng/Wonderkop/Bapo). This is a review trigger only; substantive corpus eligibility still requires acquired-text case-centrality, text-quality and duplicate review.",SEARCH-MEDIA-ARCHIVE-PRESCREEN,strict_documented
DISC-MEDIA-0124,media,The Issue Of Marikana Commission Funding Could Go To Constitutional Court,2013,Daily Maverick,https://www.dailymaverick.co.za/article/2013-07-19-the-issue-of-marikana-commission-funding-could-go-to-constitutional-court/,candidate_pending_substantive_screen,explicit_case_title_review,"Discovered from a documented publisher archive/sitemap and the URL title contains a high-specificity case term (Marikana/Farlam/Nkaneng/Wonderkop/Bapo). This is a review trigger only; substantive corpus eligibility still requires acquired-text case-centrality, text-quality and duplicate review.",SEARCH-MEDIA-ARCHIVE-PRESCREEN,strict_documented
DISC-MEDIA-0125,media,Another Week Another Murder In Marikana,2013,Daily Maverick,https://www.dailymaverick.co.za/article/2013-08-13-another-week-another-murder-in-marikana/,candidate_pending_substantive_screen,explicit_case_title_review,"Discovered from a documented publisher archive/sitemap and the URL title contains a high-specificity case term (Marikana/Farlam/Nkaneng/Wonderkop/Bapo). This is a review trigger only; substantive corpus eligibility still requires acquired-text case-centrality, text-quality and duplicate review.",SEARCH-MEDIA-ARCHIVE-PRESCREEN,strict_documented
DISC-MEDIA-0126,media,Marikana Prepares To Honour The Fallen,2013,Daily Maverick,https://www.dailymaverick.co.za/article/2013-08-14-marikana-prepares-to-honour-the-fallen/,candidate_pending_substantive_screen,explicit_case_title_review,"Discovered from a documented publisher archive/sitemap and the URL title contains a high-specificity case term (Marikana/Farlam/Nkaneng/Wonderkop/Bapo). This is a review trigger only; substantive corpus eligibility still requires acquired-text case-centrality, text-quality and duplicate review.",SEARCH-MEDIA-ARCHIVE-PRESCREEN,strict_documented
DISC-MEDIA-0127,media,Images Of Marikana August 16 2013,2013,Daily Maverick,https://www.dailymaverick.co.za/article/2013-08-16-images-of-marikana-august-16-2013/,candidate_pending_substantive_screen,explicit_case_title_review,"Discovered from a documented publisher archive/sitemap and the URL title contains a high-specificity case term (Marikana/Farlam/Nkaneng/Wonderkop/Bapo). This is a review trigger only; substantive corpus eligibility still requires acquired-text case-centrality, text-quality and duplicate review.",SEARCH-MEDIA-ARCHIVE-PRESCREEN,strict_documented
DISC-MEDIA-0128,media,Marikana The Lives Of Others,2013,Daily Maverick,https://www.dailymaverick.co.za/article/2013-08-16-marikana-the-lives-of-others/,candidate_pending_substantive_screen,explicit_case_title_review,"Discovered from a documented publisher archive/sitemap and the URL title contains a high-specificity case term (Marikana/Farlam/Nkaneng/Wonderkop/Bapo). This is a review trigger only; substantive corpus eligibility still requires acquired-text case-centrality, text-quality and duplicate review.",SEARCH-MEDIA-ARCHIVE-PRESCREEN,strict_documented
DISC-MEDIA-0129,media,Marikana To Anc We Dont Want You Anyway,2013,Daily Maverick,https://www.dailymaverick.co.za/article/2013-08-16-marikana-to-anc-we-dont-want-you-anyway/,candidate_pending_substantive_screen,explicit_case_title_review,"Discovered from a documented publisher archive/sitemap and the URL title contains a high-specificity case term (Marikana/Farlam/Nkaneng/Wonderkop/Bapo). This is a review trigger only; substantive corpus eligibility still requires acquired-text case-centrality, text-quality and duplicate review.",SEARCH-MEDIA-ARCHIVE-PRESCREEN,strict_documented
DISC-MEDIA-0130,media,Marikana Healing Sans Government The Anc Or Num,2013,Daily Maverick,https://www.dailymaverick.co.za/article/2013-08-19-marikana-healing-sans-government-the-anc-or-num/,candidate_pending_substantive_screen,explicit_case_title_review,"Discovered from a documented publisher archive/sitemap and the URL title contains a high-specificity case term (Marikana/Farlam/Nkaneng/Wonderkop/Bapo). This is a review trigger only; substantive corpus eligibility still requires acquired-text case-centrality, text-quality and duplicate review.",SEARCH-MEDIA-ARCHIVE-PRESCREEN,strict_documented
DISC-MEDIA-0131,media,When Theatre Met The Marikana Massacre,2013,Daily Maverick,https://www.dailymaverick.co.za/article/2013-08-21-when-theatre-met-the-marikana-massacre/,candidate_pending_substantive_screen,explicit_case_title_review,"Discovered from a documented publisher archive/sitemap and the URL title contains a high-specificity case term (Marikana/Farlam/Nkaneng/Wonderkop/Bapo). This is a review trigger only; substantive corpus eligibility still requires acquired-text case-centrality, text-quality and duplicate review.",SEARCH-MEDIA-ARCHIVE-PRESCREEN,strict_documented
DISC-MEDIA-0132,media,Citizens4Marikana Crowdfunding For Miners Legal Fees,2013,Daily Maverick,https://www.dailymaverick.co.za/article/2013-08-28-citizens4marikana-crowdfunding-for-miners-legal-fees/,candidate_pending_substantive_screen,explicit_case_title_review,"Discovered from a documented publisher archive/sitemap and the URL title contains a high-specificity case term (Marikana/Farlam/Nkaneng/Wonderkop/Bapo). This is a review trigger only; substantive corpus eligibility still requires acquired-text case-centrality, text-quality and duplicate review.",SEARCH-MEDIA-ARCHIVE-PRESCREEN,strict_documented
DISC-MEDIA-0133,media,Marikana Injured Step Up Their Fight For Legal Help And Ultimately Farlam Commissions Relevance,2013,Daily Maverick,https://www.dailymaverick.co.za/article/2013-09-06-marikana-injured-step-up-their-fight-for-legal-help-and-ultimately-farlam-commissions-relevance/,candidate_pending_substantive_screen,explicit_case_title_review,"Discovered from a documented publisher archive/sitemap and the URL title contains a high-specificity case term (Marikana/Farlam/Nkaneng/Wonderkop/Bapo). This is a review trigger only; substantive corpus eligibility still requires acquired-text case-centrality, text-quality and duplicate review.",SEARCH-MEDIA-ARCHIVE-PRESCREEN,strict_documented
DISC-MEDIA-0134,media,Cyril Remember Marikana,2013,Daily Maverick,https://www.dailymaverick.co.za/article/2013-09-11-cyril-remember-marikana/,candidate_pending_substantive_screen,explicit_case_title_review,"Discovered from a documented publisher archive/sitemap and the URL title contains a high-specificity case term (Marikana/Farlam/Nkaneng/Wonderkop/Bapo). This is a review trigger only; substantive corpus eligibility still requires acquired-text case-centrality, text-quality and duplicate review.",SEARCH-MEDIA-ARCHIVE-PRESCREEN,strict_documented
DISC-MEDIA-0135,media,Marikana Police Lied Faked Farlam Commission Evidence,2013,Daily Maverick,https://www.dailymaverick.co.za/article/2013-09-20-marikana-police-lied-faked-farlam-commission-evidence/,candidate_pending_substantive_screen,explicit_case_title_review,"Discovered from a documented publisher archive/sitemap and the URL title contains a high-specificity case term (Marikana/Farlam/Nkaneng/Wonderkop/Bapo). This is a review trigger only; substantive corpus eligibility still requires acquired-text case-centrality, text-quality and duplicate review.",SEARCH-MEDIA-ARCHIVE-PRESCREEN,strict_documented
DISC-MEDIA-0136,media,Marikana Malemas 2014 Battle Begins,2013,Daily Maverick,https://www.dailymaverick.co.za/article/2013-10-14-marikana-malemas-2014-battle-begins/,candidate_pending_substantive_screen,explicit_case_title_review,"Discovered from a documented publisher archive/sitemap and the URL title contains a high-specificity case term (Marikana/Farlam/Nkaneng/Wonderkop/Bapo). This is a review trigger only; substantive corpus eligibility still requires acquired-text case-centrality, text-quality and duplicate review.",SEARCH-MEDIA-ARCHIVE-PRESCREEN,strict_documented
DISC-MEDIA-0137,media,Marikana Commission Chronicle Of Death Foretold And Planned For By Saps,2013,Daily Maverick,https://www.dailymaverick.co.za/article/2013-10-15-marikana-commission-chronicle-of-death-foretold-and-planned-for-by-saps/,candidate_pending_substantive_screen,explicit_case_title_review,"Discovered from a documented publisher archive/sitemap and the URL title contains a high-specificity case term (Marikana/Farlam/Nkaneng/Wonderkop/Bapo). This is a review trigger only; substantive corpus eligibility still requires acquired-text case-centrality, text-quality and duplicate review.",SEARCH-MEDIA-ARCHIVE-PRESCREEN,strict_documented
DISC-MEDIA-0138,media,The State Vs The People Vs The Police Finally Court Victory For Marikana Survivors,2013,Daily Maverick,https://www.dailymaverick.co.za/article/2013-10-15-the-state-vs-the-people-vs-the-police-finally-court-victory-for-marikana-survivors/,candidate_pending_substantive_screen,explicit_case_title_review,"Discovered from a documented publisher archive/sitemap and the URL title contains a high-specificity case term (Marikana/Farlam/Nkaneng/Wonderkop/Bapo). This is a review trigger only; substantive corpus eligibility still requires acquired-text case-centrality, text-quality and duplicate review.",SEARCH-MEDIA-ARCHIVE-PRESCREEN,strict_documented
DISC-MEDIA-0139,media,Marikana Massacre 55 Seconds Later Cease Fire What Cease Fire,2013,Daily Maverick,https://www.dailymaverick.co.za/article/2013-11-06-marikana-massacre-55-seconds-later-cease-fire-what-cease-fire/,candidate_pending_substantive_screen,explicit_case_title_review,"Discovered from a documented publisher archive/sitemap and the URL title contains a high-specificity case term (Marikana/Farlam/Nkaneng/Wonderkop/Bapo). This is a review trigger only; substantive corpus eligibility still requires acquired-text case-centrality, text-quality and duplicate review.",SEARCH-MEDIA-ARCHIVE-PRESCREEN,strict_documented
DISC-MEDIA-0140,media,Seris Fight For Justice And Reconciliation From The Trc To Farlam,2013,Daily Maverick,https://www.dailymaverick.co.za/article/2013-11-28-seris-fight-for-justice-and-reconciliation-from-the-trc-to-farlam/,candidate_pending_substantive_screen,explicit_case_title_review,"Discovered from a documented publisher archive/sitemap and the URL title contains a high-specificity case term (Marikana/Farlam/Nkaneng/Wonderkop/Bapo). This is a review trigger only; substantive corpus eligibility still requires acquired-text case-centrality, text-quality and duplicate review.",SEARCH-MEDIA-ARCHIVE-PRESCREEN,strict_documented
DISC-MEDIA-0141,media,Marikana Settlement Cape Town A Demolition Battle With No Solution In Sight,2014,Daily Maverick,https://www.dailymaverick.co.za/article/2014-01-16-marikana-settlement-cape-town-a-demolition-battle-with-no-solution-in-sight/,candidate_pending_substantive_screen,explicit_case_title_review,"Discovered from a documented publisher archive/sitemap and the URL title contains a high-specificity case term (Marikana/Farlam/Nkaneng/Wonderkop/Bapo). This is a review trigger only; substantive corpus eligibility still requires acquired-text case-centrality, text-quality and duplicate review.",SEARCH-MEDIA-ARCHIVE-PRESCREEN,strict_documented
DISC-MEDIA-0142,media,Amcu At Marikana Malibelinye Linye Asiye In One Voice We Are Not Going,2014,Daily Maverick,https://www.dailymaverick.co.za/article/2014-01-24-amcu-at-marikana-malibelinye-linye-asiye-in-one-voice-we-are-not-going/,candidate_pending_substantive_screen,explicit_case_title_review,"Discovered from a documented publisher archive/sitemap and the URL title contains a high-specificity case term (Marikana/Farlam/Nkaneng/Wonderkop/Bapo). This is a review trigger only; substantive corpus eligibility still requires acquired-text case-centrality, text-quality and duplicate review.",SEARCH-MEDIA-ARCHIVE-PRESCREEN,strict_documented
DISC-MEDIA-0143,media,Higher Stocks Give Lonmin Breathing Space During Strike,2014,Daily Maverick,https://www.dailymaverick.co.za/article/2014-02-05-higher-stocks-give-lonmin-breathing-space-during-strike/,candidate_pending_substantive_screen,lonmin_only_title_review,"Discovered from a documented publisher archive/sitemap and the URL title contains Lonmin without a high-specificity Marikana case term. Lonmin-only matches can be unrelated corporate or financial stories, so this record is not provisionally eligible and requires acquired-text substantive screening before any inclusion decision.",SEARCH-MEDIA-ARCHIVE-PRESCREEN,strict_documented
DISC-MEDIA-0144,media,Marikana Commission The Long Game Reveals Itself,2014,Daily Maverick,https://www.dailymaverick.co.za/article/2014-02-25-marikana-commission-the-long-game-reveals-itself/,candidate_pending_substantive_screen,explicit_case_title_review,"Discovered from a documented publisher archive/sitemap and the URL title contains a high-specificity case term (Marikana/Farlam/Nkaneng/Wonderkop/Bapo). This is a review trigger only; substantive corpus eligibility still requires acquired-text case-centrality, text-quality and duplicate review.",SEARCH-MEDIA-ARCHIVE-PRESCREEN,strict_documented
DISC-MEDIA-0145,media,Marikana Commission A Cop Who Stands For Truth And Accountability,2014,Daily Maverick,https://www.dailymaverick.co.za/article/2014-03-27-marikana-commission-a-cop-who-stands-for-truth-and-accountability/,candidate_pending_substantive_screen,explicit_case_title_review,"Discovered from a documented publisher archive/sitemap and the URL title contains a high-specificity case term (Marikana/Farlam/Nkaneng/Wonderkop/Bapo). This is a review trigger only; substantive corpus eligibility still requires acquired-text case-centrality, text-quality and duplicate review.",SEARCH-MEDIA-ARCHIVE-PRESCREEN,strict_documented
DISC-MEDIA-0146,media,Marikana Commission Phase Two The Big Picture,2014,Daily Maverick,https://www.dailymaverick.co.za/article/2014-03-31-marikana-commission-phase-two-the-big-picture/,candidate_pending_substantive_screen,explicit_case_title_review,"Discovered from a documented publisher archive/sitemap and the URL title contains a high-specificity case term (Marikana/Farlam/Nkaneng/Wonderkop/Bapo). This is a review trigger only; substantive corpus eligibility still requires acquired-text case-centrality, text-quality and duplicate review.",SEARCH-MEDIA-ARCHIVE-PRESCREEN,strict_documented
DISC-MEDIA-0147,media,Marikana Commission Phase Two Migrancy,2014,Daily Maverick,https://www.dailymaverick.co.za/article/2014-04-10-marikana-commission-phase-two-migrancy/,candidate_pending_substantive_screen,explicit_case_title_review,"Discovered from a documented publisher archive/sitemap and the URL title contains a high-specificity case term (Marikana/Farlam/Nkaneng/Wonderkop/Bapo). This is a review trigger only; substantive corpus eligibility still requires acquired-text case-centrality, text-quality and duplicate review.",SEARCH-MEDIA-ARCHIVE-PRESCREEN,strict_documented
DISC-MEDIA-0148,media,Will Marikanas Mr X Be A Game Changer,2014,Daily Maverick,https://www.dailymaverick.co.za/article/2014-04-15-will-marikanas-mr-x-be-a-game-changer/,candidate_pending_substantive_screen,explicit_case_title_review,"Discovered from a documented publisher archive/sitemap and the URL title contains a high-specificity case term (Marikana/Farlam/Nkaneng/Wonderkop/Bapo). This is a review trigger only; substantive corpus eligibility still requires acquired-text case-centrality, text-quality and duplicate review.",SEARCH-MEDIA-ARCHIVE-PRESCREEN,strict_documented
DISC-MEDIA-0149,media,A Luta Continua Amcu Decides In Zuma Free Marikana,2014,Daily Maverick,https://www.dailymaverick.co.za/article/2014-04-30-a-luta-continua-amcu-decides-in-zuma-free-marikana/,candidate_pending_substantive_screen,explicit_case_title_review,"Discovered from a documented publisher archive/sitemap and the URL title contains a high-specificity case term (Marikana/Farlam/Nkaneng/Wonderkop/Bapo). This is a review trigger only; substantive corpus eligibility still requires acquired-text case-centrality, text-quality and duplicate review.",SEARCH-MEDIA-ARCHIVE-PRESCREEN,strict_documented
DISC-MEDIA-0150,media,Khayelitsha May Day Rally Silence On Zuma Nkandla And Marikana Not So On Enemies Of The Revolution,2014,Daily Maverick,https://www.dailymaverick.co.za/article/2014-05-02-khayelitsha-may-day-rally-silence-on-zuma-nkandla-and-marikana-not-so-on-enemies-of-the-revolution/,candidate_pending_substantive_screen,explicit_case_title_review,"Discovered from a documented publisher archive/sitemap and the URL title contains a high-specificity case term (Marikana/Farlam/Nkaneng/Wonderkop/Bapo). This is a review trigger only; substantive corpus eligibility still requires acquired-text case-centrality, text-quality and duplicate review.",SEARCH-MEDIA-ARCHIVE-PRESCREEN,strict_documented
DISC-MEDIA-0151,media,Elections In Marikana The Mining Belt Makes Its Mark In Pictures,2014,Daily Maverick,https://www.dailymaverick.co.za/article/2014-05-07-elections-in-marikana-the-mining-belt-makes-its-mark-in-pictures/,candidate_pending_substantive_screen,explicit_case_title_review,"Discovered from a documented publisher archive/sitemap and the URL title contains a high-specificity case term (Marikana/Farlam/Nkaneng/Wonderkop/Bapo). This is a review trigger only; substantive corpus eligibility still requires acquired-text case-centrality, text-quality and duplicate review.",SEARCH-MEDIA-ARCHIVE-PRESCREEN,strict_documented
DISC-MEDIA-0152,media,Marikana Commission Man And His Truth A Story Of The Policemen Who Was Not Afraid,2014,Daily Maverick,https://www.dailymaverick.co.za/article/2014-05-15-marikana-commission-man-and-his-truth-a-story-of-the-policemen-who-was-not-afraid/,candidate_pending_substantive_screen,explicit_case_title_review,"Discovered from a documented publisher archive/sitemap and the URL title contains a high-specificity case term (Marikana/Farlam/Nkaneng/Wonderkop/Bapo). This is a review trigger only; substantive corpus eligibility still requires acquired-text case-centrality, text-quality and duplicate review.",SEARCH-MEDIA-ARCHIVE-PRESCREEN,strict_documented
DISC-MEDIA-0153,media,Platinum Strikes The Marikana Standoff Continues,2014,Daily Maverick,https://www.dailymaverick.co.za/article/2014-05-15-platinum-strikes-the-marikana-standoff-continues/,candidate_pending_substantive_screen,explicit_case_title_review,"Discovered from a documented publisher archive/sitemap and the URL title contains a high-specificity case term (Marikana/Farlam/Nkaneng/Wonderkop/Bapo). This is a review trigger only; substantive corpus eligibility still requires acquired-text case-centrality, text-quality and duplicate review.",SEARCH-MEDIA-ARCHIVE-PRESCREEN,strict_documented
DISC-MEDIA-0154,media,Marikana Commission All For Nought,2014,Daily Maverick,https://www.dailymaverick.co.za/article/2014-05-19-marikana-commission-all-for-nought/,candidate_pending_substantive_screen,explicit_case_title_review,"Discovered from a documented publisher archive/sitemap and the URL title contains a high-specificity case term (Marikana/Farlam/Nkaneng/Wonderkop/Bapo). This is a review trigger only; substantive corpus eligibility still requires acquired-text case-centrality, text-quality and duplicate review.",SEARCH-MEDIA-ARCHIVE-PRESCREEN,strict_documented
DISC-MEDIA-0155,media,A Roadshow Like No Other Striking Marikana Miners Looking To Win Hearts And Minds,2014,Daily Maverick,https://www.dailymaverick.co.za/article/2014-05-26-a-roadshow-like-no-other-striking-marikana-miners-looking-to-win-hearts-and-minds/,candidate_pending_substantive_screen,explicit_case_title_review,"Discovered from a documented publisher archive/sitemap and the URL title contains a high-specificity case term (Marikana/Farlam/Nkaneng/Wonderkop/Bapo). This is a review trigger only; substantive corpus eligibility still requires acquired-text case-centrality, text-quality and duplicate review.",SEARCH-MEDIA-ARCHIVE-PRESCREEN,strict_documented
DISC-MEDIA-0156,media,Marikana Commission When Warning Shots Kill And Wound,2014,Daily Maverick,https://www.dailymaverick.co.za/article/2014-06-17-marikana-commission-when-warning-shots-kill-and-wound/,candidate_pending_substantive_screen,explicit_case_title_review,"Discovered from a documented publisher archive/sitemap and the URL title contains a high-specificity case term (Marikana/Farlam/Nkaneng/Wonderkop/Bapo). This is a review trigger only; substantive corpus eligibility still requires acquired-text case-centrality, text-quality and duplicate review.",SEARCH-MEDIA-ARCHIVE-PRESCREEN,strict_documented
DISC-MEDIA-0157,media,Marikana Commission Mr X Mr White,2014,Daily Maverick,https://www.dailymaverick.co.za/article/2014-06-26-marikana-commission-mr-x-mr-white/,candidate_pending_substantive_screen,explicit_case_title_review,"Discovered from a documented publisher archive/sitemap and the URL title contains a high-specificity case term (Marikana/Farlam/Nkaneng/Wonderkop/Bapo). This is a review trigger only; substantive corpus eligibility still requires acquired-text case-centrality, text-quality and duplicate review.",SEARCH-MEDIA-ARCHIVE-PRESCREEN,strict_documented
DISC-MEDIA-0158,media,Marikana Commission Mr Xs Testimony Collapses Under Cross Examination,2014,Daily Maverick,https://www.dailymaverick.co.za/article/2014-07-04-marikana-commission-mr-xs-testimony-collapses-under-cross-examination/,candidate_pending_substantive_screen,explicit_case_title_review,"Discovered from a documented publisher archive/sitemap and the URL title contains a high-specificity case term (Marikana/Farlam/Nkaneng/Wonderkop/Bapo). This is a review trigger only; substantive corpus eligibility still requires acquired-text case-centrality, text-quality and duplicate review.",SEARCH-MEDIA-ARCHIVE-PRESCREEN,strict_documented
DISC-MEDIA-0159,media,Daily Vox The Forgotten People Of Marikana,2014,Daily Maverick,https://www.dailymaverick.co.za/article/2014-07-10-daily-vox-the-forgotten-people-of-marikana/,candidate_pending_substantive_screen,explicit_case_title_review,"Discovered from a documented publisher archive/sitemap and the URL title contains a high-specificity case term (Marikana/Farlam/Nkaneng/Wonderkop/Bapo). This is a review trigger only; substantive corpus eligibility still requires acquired-text case-centrality, text-quality and duplicate review.",SEARCH-MEDIA-ARCHIVE-PRESCREEN,strict_documented
DISC-MEDIA-0160,media,Marikana Commission Mthethwa Chooses Middle Road,2014,Daily Maverick,https://www.dailymaverick.co.za/article/2014-07-15-marikana-commission-mthethwa-chooses-middle-road/,candidate_pending_substantive_screen,explicit_case_title_review,"Discovered from a documented publisher archive/sitemap and the URL title contains a high-specificity case term (Marikana/Farlam/Nkaneng/Wonderkop/Bapo). This is a review trigger only; substantive corpus eligibility still requires acquired-text case-centrality, text-quality and duplicate review.",SEARCH-MEDIA-ARCHIVE-PRESCREEN,strict_documented
DISC-MEDIA-0161,media,The Buffalo Prince And The Marikana Commission,2014,Daily Maverick,https://www.dailymaverick.co.za/article/2014-08-11-the-buffalo-prince-and-the-marikana-commission/,candidate_pending_substantive_screen,explicit_case_title_review,"Discovered from a documented publisher archive/sitemap and the URL title contains a high-specificity case term (Marikana/Farlam/Nkaneng/Wonderkop/Bapo). This is a review trigger only; substantive corpus eligibility still requires acquired-text case-centrality, text-quality and duplicate review.",SEARCH-MEDIA-ARCHIVE-PRESCREEN,strict_documented
DISC-MEDIA-0162,media,Marikana Commission Families Speak,2014,Daily Maverick,https://www.dailymaverick.co.za/article/2014-08-14-marikana-commission-families-speak/,candidate_pending_substantive_screen,explicit_case_title_review,"Discovered from a documented publisher archive/sitemap and the URL title contains a high-specificity case term (Marikana/Farlam/Nkaneng/Wonderkop/Bapo). This is a review trigger only; substantive corpus eligibility still requires acquired-text case-centrality, text-quality and duplicate review.",SEARCH-MEDIA-ARCHIVE-PRESCREEN,strict_documented
DISC-MEDIA-0163,media,Marikana Two Years On Cape Towns Protest Artists Remember The Dead,2014,Daily Maverick,https://www.dailymaverick.co.za/article/2014-08-15-marikana-two-years-on-cape-towns-protest-artists-remember-the-dead/,candidate_pending_substantive_screen,explicit_case_title_review,"Discovered from a documented publisher archive/sitemap and the URL title contains a high-specificity case term (Marikana/Farlam/Nkaneng/Wonderkop/Bapo). This is a review trigger only; substantive corpus eligibility still requires acquired-text case-centrality, text-quality and duplicate review.",SEARCH-MEDIA-ARCHIVE-PRESCREEN,strict_documented
DISC-MEDIA-0164,media,Editorial Never Forget Marikana,2014,Daily Maverick,https://www.dailymaverick.co.za/article/2014-08-17-editorial-never-forget-marikana/,candidate_pending_substantive_screen,explicit_case_title_review,"Discovered from a documented publisher archive/sitemap and the URL title contains a high-specificity case term (Marikana/Farlam/Nkaneng/Wonderkop/Bapo). This is a review trigger only; substantive corpus eligibility still requires acquired-text case-centrality, text-quality and duplicate review.",SEARCH-MEDIA-ARCHIVE-PRESCREEN,strict_documented
DISC-MEDIA-0165,media,Marikana Where Art Thou,2014,Daily Maverick,https://www.dailymaverick.co.za/article/2014-08-19-marikana-where-art-thou/,candidate_pending_substantive_screen,explicit_case_title_review,"Discovered from a documented publisher archive/sitemap and the URL title contains a high-specificity case term (Marikana/Farlam/Nkaneng/Wonderkop/Bapo). This is a review trigger only; substantive corpus eligibility still requires acquired-text case-centrality, text-quality and duplicate review.",SEARCH-MEDIA-ARCHIVE-PRESCREEN,strict_documented
DISC-MEDIA-0166,media,Marikana Commission Minister Shabangu Cant Act,2014,Daily Maverick,https://www.dailymaverick.co.za/article/2014-08-26-marikana-commission-minister-shabangu-cant-act/,candidate_pending_substantive_screen,explicit_case_title_review,"Discovered from a documented publisher archive/sitemap and the URL title contains a high-specificity case term (Marikana/Farlam/Nkaneng/Wonderkop/Bapo). This is a review trigger only; substantive corpus eligibility still requires acquired-text case-centrality, text-quality and duplicate review.",SEARCH-MEDIA-ARCHIVE-PRESCREEN,strict_documented
DISC-MEDIA-0167,media,Marikana When Comrades Clash It Is The Truth That Suffers,2014,Daily Maverick,https://www.dailymaverick.co.za/article/2014-09-01-marikana-when-comrades-clash-it-is-the-truth-that-suffers/,candidate_pending_substantive_screen,explicit_case_title_review,"Discovered from a documented publisher archive/sitemap and the URL title contains a high-specificity case term (Marikana/Farlam/Nkaneng/Wonderkop/Bapo). This is a review trigger only; substantive corpus eligibility still requires acquired-text case-centrality, text-quality and duplicate review.",SEARCH-MEDIA-ARCHIVE-PRESCREEN,strict_documented
DISC-MEDIA-0168,media,Marikana Commission Lonmin Under A Scorching Spotlight,2014,Daily Maverick,https://www.dailymaverick.co.za/article/2014-09-15-marikana-commission-lonmin-under-a-scorching-spotlight/,candidate_pending_substantive_screen,explicit_case_title_review,"Discovered from a documented publisher archive/sitemap and the URL title contains a high-specificity case term (Marikana/Farlam/Nkaneng/Wonderkop/Bapo). This is a review trigger only; substantive corpus eligibility still requires acquired-text case-centrality, text-quality and duplicate review.",SEARCH-MEDIA-ARCHIVE-PRESCREEN,strict_documented
DISC-MEDIA-0169,media,Marikana Commission Questions Unanswered,2014,Daily Maverick,https://www.dailymaverick.co.za/article/2014-09-17-marikana-commission-questions-unanswered/,candidate_pending_substantive_screen,explicit_case_title_review,"Discovered from a documented publisher archive/sitemap and the URL title contains a high-specificity case term (Marikana/Farlam/Nkaneng/Wonderkop/Bapo). This is a review trigger only; substantive corpus eligibility still requires acquired-text case-centrality, text-quality and duplicate review.",SEARCH-MEDIA-ARCHIVE-PRESCREEN,strict_documented
DISC-MEDIA-0170,media,Marikana Sceptical Miners Await An End To The Farlam Commission,2014,Daily Maverick,https://www.dailymaverick.co.za/article/2014-09-25-marikana-sceptical-miners-await-an-end-to-the-farlam-commission/,candidate_pending_substantive_screen,explicit_case_title_review,"Discovered from a documented publisher archive/sitemap and the URL title contains a high-specificity case term (Marikana/Farlam/Nkaneng/Wonderkop/Bapo). This is a review trigger only; substantive corpus eligibility still requires acquired-text case-centrality, text-quality and duplicate review.",SEARCH-MEDIA-ARCHIVE-PRESCREEN,strict_documented
DISC-MEDIA-0171,media,Marikana The Musical A Tale Of Democracys Pitfalls,2014,Daily Maverick,https://www.dailymaverick.co.za/article/2014-10-09-marikana-the-musical-a-tale-of-democracys-pitfalls/,candidate_pending_substantive_screen,explicit_case_title_review,"Discovered from a documented publisher archive/sitemap and the URL title contains a high-specificity case term (Marikana/Farlam/Nkaneng/Wonderkop/Bapo). This is a review trigger only; substantive corpus eligibility still requires acquired-text case-centrality, text-quality and duplicate review.",SEARCH-MEDIA-ARCHIVE-PRESCREEN,strict_documented
DISC-MEDIA-0172,media,Marikana Dont Touch Lonmin On Its Bermuda,2014,Daily Maverick,https://www.dailymaverick.co.za/article/2014-10-12-marikana-dont-touch-lonmin-on-its-bermuda/,candidate_pending_substantive_screen,explicit_case_title_review,"Discovered from a documented publisher archive/sitemap and the URL title contains a high-specificity case term (Marikana/Farlam/Nkaneng/Wonderkop/Bapo). This is a review trigger only; substantive corpus eligibility still requires acquired-text case-centrality, text-quality and duplicate review.",SEARCH-MEDIA-ARCHIVE-PRESCREEN,strict_documented
DISC-MEDIA-0173,media,Marikana The List Of Accused,2014,Daily Maverick,https://www.dailymaverick.co.za/article/2014-10-31-marikana-the-list-of-accused/,candidate_pending_substantive_screen,explicit_case_title_review,"Discovered from a documented publisher archive/sitemap and the URL title contains a high-specificity case term (Marikana/Farlam/Nkaneng/Wonderkop/Bapo). This is a review trigger only; substantive corpus eligibility still requires acquired-text case-centrality, text-quality and duplicate review.",SEARCH-MEDIA-ARCHIVE-PRESCREEN,strict_documented
DISC-MEDIA-0174,media,Marikana How The Police Constructed Their Story,2014,Daily Maverick,https://www.dailymaverick.co.za/article/2014-11-05-marikana-how-the-police-constructed-their-story/,candidate_pending_substantive_screen,explicit_case_title_review,"Discovered from a documented publisher archive/sitemap and the URL title contains a high-specificity case term (Marikana/Farlam/Nkaneng/Wonderkop/Bapo). This is a review trigger only; substantive corpus eligibility still requires acquired-text case-centrality, text-quality and duplicate review.",SEARCH-MEDIA-ARCHIVE-PRESCREEN,strict_documented
DISC-MEDIA-0175,media,Marikana Lonmins Broken Promises,2014,Daily Maverick,https://www.dailymaverick.co.za/article/2014-11-05-marikana-lonmins-broken-promises/,candidate_pending_substantive_screen,explicit_case_title_review,"Discovered from a documented publisher archive/sitemap and the URL title contains a high-specificity case term (Marikana/Farlam/Nkaneng/Wonderkop/Bapo). This is a review trigger only; substantive corpus eligibility still requires acquired-text case-centrality, text-quality and duplicate review.",SEARCH-MEDIA-ARCHIVE-PRESCREEN,strict_documented
DISC-MEDIA-0176,media,Marikana Phiyega Not Fit For Office,2014,Daily Maverick,https://www.dailymaverick.co.za/article/2014-11-05-marikana-phiyega-not-fit-for-office/,candidate_pending_substantive_screen,explicit_case_title_review,"Discovered from a documented publisher archive/sitemap and the URL title contains a high-specificity case term (Marikana/Farlam/Nkaneng/Wonderkop/Bapo). This is a review trigger only; substantive corpus eligibility still requires acquired-text case-centrality, text-quality and duplicate review.",SEARCH-MEDIA-ARCHIVE-PRESCREEN,strict_documented
DISC-MEDIA-0177,media,Marikana Time To Meet The Commissioners,2014,Daily Maverick,https://www.dailymaverick.co.za/article/2014-11-07-marikana-time-to-meet-the-commissioners/,candidate_pending_substantive_screen,explicit_case_title_review,"Discovered from a documented publisher archive/sitemap and the URL title contains a high-specificity case term (Marikana/Farlam/Nkaneng/Wonderkop/Bapo). This is a review trigger only; substantive corpus eligibility still requires acquired-text case-centrality, text-quality and duplicate review.",SEARCH-MEDIA-ARCHIVE-PRESCREEN,strict_documented
DISC-MEDIA-0178,media,Marikana Commission Ramaphosa Mpofus Number One,2014,Daily Maverick,https://www.dailymaverick.co.za/article/2014-11-13-marikana-commission-ramaphosa-mpofus-number-one/,candidate_pending_substantive_screen,explicit_case_title_review,"Discovered from a documented publisher archive/sitemap and the URL title contains a high-specificity case term (Marikana/Farlam/Nkaneng/Wonderkop/Bapo). This is a review trigger only; substantive corpus eligibility still requires acquired-text case-centrality, text-quality and duplicate review.",SEARCH-MEDIA-ARCHIVE-PRESCREEN,strict_documented
DISC-MEDIA-0179,media,Marikana Commission Compensate The Relatives,2014,Daily Maverick,https://www.dailymaverick.co.za/article/2014-11-14-marikana-commission-compensate-the-relatives/,candidate_pending_substantive_screen,explicit_case_title_review,"Discovered from a documented publisher archive/sitemap and the URL title contains a high-specificity case term (Marikana/Farlam/Nkaneng/Wonderkop/Bapo). This is a review trigger only; substantive corpus eligibility still requires acquired-text case-centrality, text-quality and duplicate review.",SEARCH-MEDIA-ARCHIVE-PRESCREEN,strict_documented
DISC-MEDIA-0180,media,The Closing Of The Marikana Commission The Thin Blue Lie,2014,Daily Maverick,https://www.dailymaverick.co.za/article/2014-11-18-the-closing-of-the-marikana-commission-the-thin-blue-lie/,candidate_pending_substantive_screen,explicit_case_title_review,"Discovered from a documented publisher archive/sitemap and the URL title contains a high-specificity case term (Marikana/Farlam/Nkaneng/Wonderkop/Bapo). This is a review trigger only; substantive corpus eligibility still requires acquired-text case-centrality, text-quality and duplicate review.",SEARCH-MEDIA-ARCHIVE-PRESCREEN,strict_documented
DISC-MEDIA-0181,media,Op Ed After Marikana Commission What Now,2014,Daily Maverick,https://www.dailymaverick.co.za/article/2014-11-26-op-ed-after-marikana-commission-what-now/,candidate_pending_substantive_screen,explicit_case_title_review,"Discovered from a documented publisher archive/sitemap and the URL title contains a high-specificity case term (Marikana/Farlam/Nkaneng/Wonderkop/Bapo). This is a review trigger only; substantive corpus eligibility still requires acquired-text case-centrality, text-quality and duplicate review.",SEARCH-MEDIA-ARCHIVE-PRESCREEN,strict_documented
DISC-MEDIA-0182,media,Marikana Report Time For Justice But Will Phiyega Be Fired,2015,Daily Maverick,https://www.dailymaverick.co.za/article/2015-03-31-marikana-report-time-for-justice-but-will-phiyega-be-fired/,candidate_pending_substantive_screen,explicit_case_title_review,"Discovered from a documented publisher archive/sitemap and the URL title contains a high-specificity case term (Marikana/Farlam/Nkaneng/Wonderkop/Bapo). This is a review trigger only; substantive corpus eligibility still requires acquired-text case-centrality, text-quality and duplicate review.",SEARCH-MEDIA-ARCHIVE-PRESCREEN,strict_documented
DISC-MEDIA-0183,media,Open Letter To President Zuma From The Marikana Support Campaign,2015,Daily Maverick,https://www.dailymaverick.co.za/article/2015-05-06-open-letter-to-president-zuma-from-the-marikana-support-campaign/,candidate_pending_substantive_screen,explicit_case_title_review,"Discovered from a documented publisher archive/sitemap and the URL title contains a high-specificity case term (Marikana/Farlam/Nkaneng/Wonderkop/Bapo). This is a review trigger only; substantive corpus eligibility still requires acquired-text case-centrality, text-quality and duplicate review.",SEARCH-MEDIA-ARCHIVE-PRESCREEN,strict_documented
DISC-MEDIA-0184,media,Marikana Massacre Pressure Continues While The President Considers Report,2015,Daily Maverick,https://www.dailymaverick.co.za/article/2015-05-12-marikana-massacre-pressure-continues-while-the-president-considers-report/,candidate_pending_substantive_screen,explicit_case_title_review,"Discovered from a documented publisher archive/sitemap and the URL title contains a high-specificity case term (Marikana/Farlam/Nkaneng/Wonderkop/Bapo). This is a review trigger only; substantive corpus eligibility still requires acquired-text case-centrality, text-quality and duplicate review.",SEARCH-MEDIA-ARCHIVE-PRESCREEN,strict_documented
DISC-MEDIA-0185,media,Another Perfect Storm Will Marikana Be Zumas New Nkandla,2015,Daily Maverick,https://www.dailymaverick.co.za/article/2015-05-15-another-perfect-storm-will-marikana-be-zumas-new-nkandla/,candidate_pending_substantive_screen,explicit_case_title_review,"Discovered from a documented publisher archive/sitemap and the URL title contains a high-specificity case term (Marikana/Farlam/Nkaneng/Wonderkop/Bapo). This is a review trigger only; substantive corpus eligibility still requires acquired-text case-centrality, text-quality and duplicate review.",SEARCH-MEDIA-ARCHIVE-PRESCREEN,strict_documented
DISC-MEDIA-0186,media,Marikana Report In The Hands Of God And Zuma,2015,Daily Maverick,https://www.dailymaverick.co.za/article/2015-05-25-marikana-report-in-the-hands-of-god-and-zuma/,candidate_pending_substantive_screen,explicit_case_title_review,"Discovered from a documented publisher archive/sitemap and the URL title contains a high-specificity case term (Marikana/Farlam/Nkaneng/Wonderkop/Bapo). This is a review trigger only; substantive corpus eligibility still requires acquired-text case-centrality, text-quality and duplicate review.",SEARCH-MEDIA-ARCHIVE-PRESCREEN,strict_documented
DISC-MEDIA-0187,media,Marikana Report Coming To Court,2015,Daily Maverick,https://www.dailymaverick.co.za/article/2015-05-26-marikana-report-coming-to-court/,candidate_pending_substantive_screen,explicit_case_title_review,"Discovered from a documented publisher archive/sitemap and the URL title contains a high-specificity case term (Marikana/Farlam/Nkaneng/Wonderkop/Bapo). This is a review trigger only; substantive corpus eligibility still requires acquired-text case-centrality, text-quality and duplicate review.",SEARCH-MEDIA-ARCHIVE-PRESCREEN,strict_documented
DISC-MEDIA-0188,media,Parliament Diary Placards A Date For The Marikana Report And An F Bomb,2015,Daily Maverick,https://www.dailymaverick.co.za/article/2015-05-26-parliament-diary-placards-a-date-for-the-marikana-report-and-an-f-bomb/,candidate_pending_substantive_screen,explicit_case_title_review,"Discovered from a documented publisher archive/sitemap and the URL title contains a high-specificity case term (Marikana/Farlam/Nkaneng/Wonderkop/Bapo). This is a review trigger only; substantive corpus eligibility still requires acquired-text case-centrality, text-quality and duplicate review.",SEARCH-MEDIA-ARCHIVE-PRESCREEN,strict_documented
DISC-MEDIA-0189,media,Marikana Report Court Papers Filed,2015,Daily Maverick,https://www.dailymaverick.co.za/article/2015-06-03-marikana-report-court-papers-filed/,candidate_pending_substantive_screen,explicit_case_title_review,"Discovered from a documented publisher archive/sitemap and the URL title contains a high-specificity case term (Marikana/Farlam/Nkaneng/Wonderkop/Bapo). This is a review trigger only; substantive corpus eligibility still requires acquired-text case-centrality, text-quality and duplicate review.",SEARCH-MEDIA-ARCHIVE-PRESCREEN,strict_documented
DISC-MEDIA-0190,media,Marikana Report The Pain While President Zuma Applies His Mind,2015,Daily Maverick,https://www.dailymaverick.co.za/article/2015-06-08-marikana-report-the-pain-while-president-zuma-applies-his-mind/,candidate_pending_substantive_screen,explicit_case_title_review,"Discovered from a documented publisher archive/sitemap and the URL title contains a high-specificity case term (Marikana/Farlam/Nkaneng/Wonderkop/Bapo). This is a review trigger only; substantive corpus eligibility still requires acquired-text case-centrality, text-quality and duplicate review.",SEARCH-MEDIA-ARCHIVE-PRESCREEN,strict_documented
DISC-MEDIA-0191,media,Marikana The Day President Zuma Added Insult To Injury,2015,Daily Maverick,https://www.dailymaverick.co.za/article/2015-06-25-marikana-the-day-president-zuma-added-insult-to-injury/,candidate_pending_substantive_screen,explicit_case_title_review,"Discovered from a documented publisher archive/sitemap and the URL title contains a high-specificity case term (Marikana/Farlam/Nkaneng/Wonderkop/Bapo). This is a review trigger only; substantive corpus eligibility still requires acquired-text case-centrality, text-quality and duplicate review.",SEARCH-MEDIA-ARCHIVE-PRESCREEN,strict_documented
DISC-MEDIA-0192,media,Marikana Report The Continuing Injustice For The People Of A Lesser God,2015,Daily Maverick,https://www.dailymaverick.co.za/article/2015-06-26-marikana-report-the-continuing-injustice-for-the-people-of-a-lesser-god/,candidate_pending_substantive_screen,explicit_case_title_review,"Discovered from a documented publisher archive/sitemap and the URL title contains a high-specificity case term (Marikana/Farlam/Nkaneng/Wonderkop/Bapo). This is a review trigger only; substantive corpus eligibility still requires acquired-text case-centrality, text-quality and duplicate review.",SEARCH-MEDIA-ARCHIVE-PRESCREEN,strict_documented
DISC-MEDIA-0193,media,Marikana Report Aftermath This Is Too Painful,2015,Daily Maverick,https://www.dailymaverick.co.za/article/2015-06-29-marikana-report-aftermath-this-is-too-painful/,candidate_pending_substantive_screen,explicit_case_title_review,"Discovered from a documented publisher archive/sitemap and the URL title contains a high-specificity case term (Marikana/Farlam/Nkaneng/Wonderkop/Bapo). This is a review trigger only; substantive corpus eligibility still requires acquired-text case-centrality, text-quality and duplicate review.",SEARCH-MEDIA-ARCHIVE-PRESCREEN,strict_documented
DISC-MEDIA-0194,media,Op Ed In The Shadow Of Marikana A Lost Opportunity For Justice,2015,Daily Maverick,https://www.dailymaverick.co.za/article/2015-06-29-op-ed-in-the-shadow-of-marikana-a-lost-opportunity-for-justice/,candidate_pending_substantive_screen,explicit_case_title_review,"Discovered from a documented publisher archive/sitemap and the URL title contains a high-specificity case term (Marikana/Farlam/Nkaneng/Wonderkop/Bapo). This is a review trigger only; substantive corpus eligibility still requires acquired-text case-centrality, text-quality and duplicate review.",SEARCH-MEDIA-ARCHIVE-PRESCREEN,strict_documented
DISC-MEDIA-0195,media,After Marikana Report The Widows Talk About Life Of Hardship And Pain,2015,Daily Maverick,https://www.dailymaverick.co.za/article/2015-06-30-after-marikana-report-the-widows-talk-about-life-of-hardship-and-pain/,candidate_pending_substantive_screen,explicit_case_title_review,"Discovered from a documented publisher archive/sitemap and the URL title contains a high-specificity case term (Marikana/Farlam/Nkaneng/Wonderkop/Bapo). This is a review trigger only; substantive corpus eligibility still requires acquired-text case-centrality, text-quality and duplicate review.",SEARCH-MEDIA-ARCHIVE-PRESCREEN,strict_documented
DISC-MEDIA-0196,media,The Curious Case Of The Ancs Post Marikana Silence,2015,Daily Maverick,https://www.dailymaverick.co.za/article/2015-06-30-the-curious-case-of-the-ancs-post-marikana-silence/,candidate_pending_substantive_screen,explicit_case_title_review,"Discovered from a documented publisher archive/sitemap and the URL title contains a high-specificity case term (Marikana/Farlam/Nkaneng/Wonderkop/Bapo). This is a review trigger only; substantive corpus eligibility still requires acquired-text case-centrality, text-quality and duplicate review.",SEARCH-MEDIA-ARCHIVE-PRESCREEN,strict_documented
DISC-MEDIA-0197,media,Women Of Marikana Lodge World Bank Complaint Against Lonmin,2015,Daily Maverick,https://www.dailymaverick.co.za/article/2015-06-30-women-of-marikana-lodge-world-bank-complaint-against-lonmin/,candidate_pending_substantive_screen,explicit_case_title_review,"Discovered from a documented publisher archive/sitemap and the URL title contains a high-specificity case term (Marikana/Farlam/Nkaneng/Wonderkop/Bapo). This is a review trigger only; substantive corpus eligibility still requires acquired-text case-centrality, text-quality and duplicate review.",SEARCH-MEDIA-ARCHIVE-PRESCREEN,strict_documented
DISC-MEDIA-0198,media,Podcast Marikana The Fallout,2015,Daily Maverick,https://www.dailymaverick.co.za/article/2015-07-01-podcast-marikana-the-fallout/,candidate_pending_substantive_screen,explicit_case_title_review,"Discovered from a documented publisher archive/sitemap and the URL title contains a high-specificity case term (Marikana/Farlam/Nkaneng/Wonderkop/Bapo). This is a review trigger only; substantive corpus eligibility still requires acquired-text case-centrality, text-quality and duplicate review.",SEARCH-MEDIA-ARCHIVE-PRESCREEN,strict_documented
DISC-MEDIA-0199,media,Baggage Or Collateral Damage Marikana And Ramaphosas Path To The Presidency,2015,Daily Maverick,https://www.dailymaverick.co.za/article/2015-07-07-baggage-or-collateral-damage-marikana-and-ramaphosas-path-to-the-presidency/,candidate_pending_substantive_screen,explicit_case_title_review,"Discovered from a documented publisher archive/sitemap and the URL title contains a high-specificity case term (Marikana/Farlam/Nkaneng/Wonderkop/Bapo). This is a review trigger only; substantive corpus eligibility still requires acquired-text case-centrality, text-quality and duplicate review.",SEARCH-MEDIA-ARCHIVE-PRESCREEN,strict_documented
DISC-MEDIA-0200,media,Marikana Will Saps Do The Right Thing,2015,Daily Maverick,https://www.dailymaverick.co.za/article/2015-07-08-marikana-will-saps-do-the-right-thing/,candidate_pending_substantive_screen,explicit_case_title_review,"Discovered from a documented publisher archive/sitemap and the URL title contains a high-specificity case term (Marikana/Farlam/Nkaneng/Wonderkop/Bapo). This is a review trigger only; substantive corpus eligibility still requires acquired-text case-centrality, text-quality and duplicate review.",SEARCH-MEDIA-ARCHIVE-PRESCREEN,strict_documented
DISC-MEDIA-0201,media,Marikanas Deep Throat Charge Brigadier Malahlela Unravel Police Lies And Deceit,2015,Daily Maverick,https://www.dailymaverick.co.za/article/2015-07-20-marikanas-deep-throat-charge-brigadier-malahlela-unravel-police-lies-and-deceit/,candidate_pending_substantive_screen,explicit_case_title_review,"Discovered from a documented publisher archive/sitemap and the URL title contains a high-specificity case term (Marikana/Farlam/Nkaneng/Wonderkop/Bapo). This is a review trigger only; substantive corpus eligibility still requires acquired-text case-centrality, text-quality and duplicate review.",SEARCH-MEDIA-ARCHIVE-PRESCREEN,strict_documented
DISC-MEDIA-0202,media,Op Ed Marikana Justice Delayed Is Justice Denied,2015,Daily Maverick,https://www.dailymaverick.co.za/article/2015-07-30-op-ed-marikana-justice-delayed-is-justice-denied/,candidate_pending_substantive_screen,explicit_case_title_review,"Discovered from a documented publisher archive/sitemap and the URL title contains a high-specificity case term (Marikana/Farlam/Nkaneng/Wonderkop/Bapo). This is a review trigger only; substantive corpus eligibility still requires acquired-text case-centrality, text-quality and duplicate review.",SEARCH-MEDIA-ARCHIVE-PRESCREEN,strict_documented
DISC-MEDIA-0203,media,Marikana Families To Nhleko Payusthemoney,2015,Daily Maverick,https://www.dailymaverick.co.za/article/2015-08-14-marikana-families-to-nhleko-payusthemoney/,candidate_pending_substantive_screen,explicit_case_title_review,"Discovered from a documented publisher archive/sitemap and the URL title contains a high-specificity case term (Marikana/Farlam/Nkaneng/Wonderkop/Bapo). This is a review trigger only; substantive corpus eligibility still requires acquired-text case-centrality, text-quality and duplicate review.",SEARCH-MEDIA-ARCHIVE-PRESCREEN,strict_documented
DISC-MEDIA-0204,media,Marikana Three Years On Political Posturing Vs The Quest For Truth And Closure,2015,Daily Maverick,https://www.dailymaverick.co.za/article/2015-08-14-marikana-three-years-on-political-posturing-vs-the-quest-for-truth-and-closure/,candidate_pending_substantive_screen,explicit_case_title_review,"Discovered from a documented publisher archive/sitemap and the URL title contains a high-specificity case term (Marikana/Farlam/Nkaneng/Wonderkop/Bapo). This is a review trigger only; substantive corpus eligibility still requires acquired-text case-centrality, text-quality and duplicate review.",SEARCH-MEDIA-ARCHIVE-PRESCREEN,strict_documented
DISC-MEDIA-0205,media,Marikana Three Years On Workers Call For Justice But Justice Doesnt Come,2015,Daily Maverick,https://www.dailymaverick.co.za/article/2015-08-17-marikana-three-years-on-workers-call-for-justice-but-justice-doesnt-come/,candidate_pending_substantive_screen,explicit_case_title_review,"Discovered from a documented publisher archive/sitemap and the URL title contains a high-specificity case term (Marikana/Farlam/Nkaneng/Wonderkop/Bapo). This is a review trigger only; substantive corpus eligibility still requires acquired-text case-centrality, text-quality and duplicate review.",SEARCH-MEDIA-ARCHIVE-PRESCREEN,strict_documented
DISC-MEDIA-0206,media,Marikana I Dont See Any Difference In Living Conditions,2015,Daily Maverick,https://www.dailymaverick.co.za/article/2015-08-18-marikana-i-dont-see-any-difference-in-living-conditions/,candidate_pending_substantive_screen,explicit_case_title_review,"Discovered from a documented publisher archive/sitemap and the URL title contains a high-specificity case term (Marikana/Farlam/Nkaneng/Wonderkop/Bapo). This is a review trigger only; substantive corpus eligibility still requires acquired-text case-centrality, text-quality and duplicate review.",SEARCH-MEDIA-ARCHIVE-PRESCREEN,strict_documented
DISC-MEDIA-0207,media,Analysis Marikana And Roodepoort Reflect South Africas Policing Crisis,2015,Daily Maverick,https://www.dailymaverick.co.za/article/2015-08-20-analysis-marikana-and-roodepoort-reflect-south-africas-policing-crisis/,candidate_pending_substantive_screen,explicit_case_title_review,"Discovered from a documented publisher archive/sitemap and the URL title contains a high-specificity case term (Marikana/Farlam/Nkaneng/Wonderkop/Bapo). This is a review trigger only; substantive corpus eligibility still requires acquired-text case-centrality, text-quality and duplicate review.",SEARCH-MEDIA-ARCHIVE-PRESCREEN,strict_documented
DISC-MEDIA-0208,media,Parliament Nhleko Is Impressive But Marikana Victims Are Still Waiting,2015,Daily Maverick,https://www.dailymaverick.co.za/article/2015-09-03-parliament-nhleko-is-impressive-but-marikana-victims-are-still-waiting/,candidate_pending_substantive_screen,explicit_case_title_review,"Discovered from a documented publisher archive/sitemap and the URL title contains a high-specificity case term (Marikana/Farlam/Nkaneng/Wonderkop/Bapo). This is a review trigger only; substantive corpus eligibility still requires acquired-text case-centrality, text-quality and duplicate review.",SEARCH-MEDIA-ARCHIVE-PRESCREEN,strict_documented
DISC-MEDIA-0209,media,Marikana Another Delay And A Hint Of Compensation,2015,Daily Maverick,https://www.dailymaverick.co.za/article/2015-09-15-marikana-another-delay-and-a-hint-of-compensation/,candidate_pending_substantive_screen,explicit_case_title_review,"Discovered from a documented publisher archive/sitemap and the URL title contains a high-specificity case term (Marikana/Farlam/Nkaneng/Wonderkop/Bapo). This is a review trigger only; substantive corpus eligibility still requires acquired-text case-centrality, text-quality and duplicate review.",SEARCH-MEDIA-ARCHIVE-PRESCREEN,strict_documented
DISC-MEDIA-0210,media,Marikana Zuma Opens Compensation Discussions,2015,Daily Maverick,https://www.dailymaverick.co.za/article/2015-09-29-marikana-zuma-opens-compensation-discussions/,candidate_pending_substantive_screen,explicit_case_title_review,"Discovered from a documented publisher archive/sitemap and the URL title contains a high-specificity case term (Marikana/Farlam/Nkaneng/Wonderkop/Bapo). This is a review trigger only; substantive corpus eligibility still requires acquired-text case-centrality, text-quality and duplicate review.",SEARCH-MEDIA-ARCHIVE-PRESCREEN,strict_documented
DISC-MEDIA-0211,media,Op Ed Piketty Misses The Mark On Marikana,2015,Daily Maverick,https://www.dailymaverick.co.za/article/2015-10-06-op-ed-piketty-misses-the-mark-on-marikana/,candidate_pending_substantive_screen,explicit_case_title_review,"Discovered from a documented publisher archive/sitemap and the URL title contains a high-specificity case term (Marikana/Farlam/Nkaneng/Wonderkop/Bapo). This is a review trigger only; substantive corpus eligibility still requires acquired-text case-centrality, text-quality and duplicate review.",SEARCH-MEDIA-ARCHIVE-PRESCREEN,strict_documented
DISC-MEDIA-0212,media,Parliament Diary Marikana Still Dogs Ramaphosa,2015,Daily Maverick,https://www.dailymaverick.co.za/article/2015-11-12-parliament-diary-marikana-still-dogs-ramaphosa/,candidate_pending_substantive_screen,explicit_case_title_review,"Discovered from a documented publisher archive/sitemap and the URL title contains a high-specificity case term (Marikana/Farlam/Nkaneng/Wonderkop/Bapo). This is a review trigger only; substantive corpus eligibility still requires acquired-text case-centrality, text-quality and duplicate review.",SEARCH-MEDIA-ARCHIVE-PRESCREEN,strict_documented
DISC-MEDIA-0213,media,Marikana Cyril Cited Compensation Slated,2015,Daily Maverick,https://www.dailymaverick.co.za/article/2015-11-13-marikana-cyril-cited-compensation-slated/,candidate_pending_substantive_screen,explicit_case_title_review,"Discovered from a documented publisher archive/sitemap and the URL title contains a high-specificity case term (Marikana/Farlam/Nkaneng/Wonderkop/Bapo). This is a review trigger only; substantive corpus eligibility still requires acquired-text case-centrality, text-quality and duplicate review.",SEARCH-MEDIA-ARCHIVE-PRESCREEN,strict_documented
DISC-MEDIA-0214,media,Marikana What Compensation Discussions,2015,Daily Maverick,https://www.dailymaverick.co.za/article/2015-12-07-marikana-what-compensation-discussions/,candidate_pending_substantive_screen,explicit_case_title_review,"Discovered from a documented publisher archive/sitemap and the URL title contains a high-specificity case term (Marikana/Farlam/Nkaneng/Wonderkop/Bapo). This is a review trigger only; substantive corpus eligibility still requires acquired-text case-centrality, text-quality and duplicate review.",SEARCH-MEDIA-ARCHIVE-PRESCREEN,strict_documented
DISC-MEDIA-0215,media,Presidency Marikana Compensation Talks To Begin In January,2015,Daily Maverick,https://www.dailymaverick.co.za/article/2015-12-08-presidency-marikana-compensation-talks-to-begin-in-january/,candidate_pending_substantive_screen,explicit_case_title_review,"Discovered from a documented publisher archive/sitemap and the URL title contains a high-specificity case term (Marikana/Farlam/Nkaneng/Wonderkop/Bapo). This is a review trigger only; substantive corpus eligibility still requires acquired-text case-centrality, text-quality and duplicate review.",SEARCH-MEDIA-ARCHIVE-PRESCREEN,strict_documented
DISC-MEDIA-0216,media,Marikana Phiyegas Inquiry Begins As Compensation Is Still Elusive,2016,Daily Maverick,https://www.dailymaverick.co.za/article/2016-05-05-marikana-phiyegas-inquiry-begins-as-compensation-is-still-elusive/,candidate_pending_substantive_screen,explicit_case_title_review,"Discovered from a documented publisher archive/sitemap and the URL title contains a high-specificity case term (Marikana/Farlam/Nkaneng/Wonderkop/Bapo). This is a review trigger only; substantive corpus eligibility still requires acquired-text case-centrality, text-quality and duplicate review.",SEARCH-MEDIA-ARCHIVE-PRESCREEN,strict_documented
DISC-MEDIA-0217,media,Shadow Play State Security Marikana And A Bogus Union,2016,Daily Maverick,https://www.dailymaverick.co.za/article/2016-06-02-shadow-play-state-security-marikana-and-a-bogus-union/,candidate_pending_substantive_screen,explicit_case_title_review,"Discovered from a documented publisher archive/sitemap and the URL title contains a high-specificity case term (Marikana/Farlam/Nkaneng/Wonderkop/Bapo). This is a review trigger only; substantive corpus eligibility still requires acquired-text case-centrality, text-quality and duplicate review.",SEARCH-MEDIA-ARCHIVE-PRESCREEN,strict_documented
DISC-MEDIA-0218,media,Op Ed From Soweto To Marikana Police Action And Inaction Then And Now,2016,Daily Maverick,https://www.dailymaverick.co.za/article/2016-06-16-op-ed-from-soweto-to-marikana-police-action-and-inaction-then-and-now/,candidate_pending_substantive_screen,explicit_case_title_review,"Discovered from a documented publisher archive/sitemap and the URL title contains a high-specificity case term (Marikana/Farlam/Nkaneng/Wonderkop/Bapo). This is a review trigger only; substantive corpus eligibility still requires acquired-text case-centrality, text-quality and duplicate review.",SEARCH-MEDIA-ARCHIVE-PRESCREEN,strict_documented
DISC-MEDIA-0219,media,Review Noma The Bleak Journey To The Other Marikana,2016,Daily Maverick,https://www.dailymaverick.co.za/article/2016-06-17-review-noma-the-bleak-journey-to-the-other-marikana/,candidate_pending_substantive_screen,explicit_case_title_review,"Discovered from a documented publisher archive/sitemap and the URL title contains a high-specificity case term (Marikana/Farlam/Nkaneng/Wonderkop/Bapo). This is a review trigger only; substantive corpus eligibility still requires acquired-text case-centrality, text-quality and duplicate review.",SEARCH-MEDIA-ARCHIVE-PRESCREEN,strict_documented
DISC-MEDIA-0220,media,Marikana The Missing Consequences Of A Massacre,2016,Daily Maverick,https://www.dailymaverick.co.za/article/2016-08-11-marikana-the-missing-consequences-of-a-massacre/,candidate_pending_substantive_screen,explicit_case_title_review,"Discovered from a documented publisher archive/sitemap and the URL title contains a high-specificity case term (Marikana/Farlam/Nkaneng/Wonderkop/Bapo). This is a review trigger only; substantive corpus eligibility still requires acquired-text case-centrality, text-quality and duplicate review.",SEARCH-MEDIA-ARCHIVE-PRESCREEN,strict_documented
DISC-MEDIA-0221,media,Marikana And The Feesmustfall Generation Behind The Drama Lies Sas Challenge,2016,Daily Maverick,https://www.dailymaverick.co.za/article/2016-08-16-marikana-and-the-feesmustfall-generation-behind-the-drama-lies-sas-challenge/,candidate_pending_substantive_screen,explicit_case_title_review,"Discovered from a documented publisher archive/sitemap and the URL title contains a high-specificity case term (Marikana/Farlam/Nkaneng/Wonderkop/Bapo). This is a review trigger only; substantive corpus eligibility still requires acquired-text case-centrality, text-quality and duplicate review.",SEARCH-MEDIA-ARCHIVE-PRESCREEN,strict_documented
DISC-MEDIA-0222,media,Marikana On Edge Occupiers Ready To Defend In Housing Showdown,2016,Daily Maverick,https://www.dailymaverick.co.za/article/2016-09-18-marikana-on-edge-occupiers-ready-to-defend-in-housing-showdown/,candidate_pending_substantive_screen,explicit_case_title_review,"Discovered from a documented publisher archive/sitemap and the URL title contains a high-specificity case term (Marikana/Farlam/Nkaneng/Wonderkop/Bapo). This is a review trigger only; substantive corpus eligibility still requires acquired-text case-centrality, text-quality and duplicate review.",SEARCH-MEDIA-ARCHIVE-PRESCREEN,strict_documented
DISC-MEDIA-0223,media,Marikana Sikhale Sonke Withdraws From Lonmin Mediations,2016,Daily Maverick,https://www.dailymaverick.co.za/article/2016-12-06-marikana-sikhale-sonke-withdraws-from-lonmin-mediations/,candidate_pending_substantive_screen,explicit_case_title_review,"Discovered from a documented publisher archive/sitemap and the URL title contains a high-specificity case term (Marikana/Farlam/Nkaneng/Wonderkop/Bapo). This is a review trigger only; substantive corpus eligibility still requires acquired-text case-centrality, text-quality and duplicate review.",SEARCH-MEDIA-ARCHIVE-PRESCREEN,strict_documented
DISC-MEDIA-0224,media,Marikana More Than Four Years After The Massacre That Shocked The World Charges Against Police Finally Laid,2016,Daily Maverick,https://www.dailymaverick.co.za/article/2016-12-12-marikana-more-than-four-years-after-the-massacre-that-shocked-the-world-charges-against-police-finally-laid/,candidate_pending_substantive_screen,explicit_case_title_review,"Discovered from a documented publisher archive/sitemap and the URL title contains a high-specificity case term (Marikana/Farlam/Nkaneng/Wonderkop/Bapo). This is a review trigger only; substantive corpus eligibility still requires acquired-text case-centrality, text-quality and duplicate review.",SEARCH-MEDIA-ARCHIVE-PRESCREEN,strict_documented
DISC-MEDIA-0225,media,Marikana Lonmin Defends Housing Plan,2016,Daily Maverick,https://www.dailymaverick.co.za/article/2016-12-13-marikana-lonmin-defends-housing-plan/,candidate_pending_substantive_screen,explicit_case_title_review,"Discovered from a documented publisher archive/sitemap and the URL title contains a high-specificity case term (Marikana/Farlam/Nkaneng/Wonderkop/Bapo). This is a review trigger only; substantive corpus eligibility still requires acquired-text case-centrality, text-quality and duplicate review.",SEARCH-MEDIA-ARCHIVE-PRESCREEN,strict_documented
DISC-MEDIA-0226,media,Whats Mine Is Mine Lonmin And The Dangerous Art Of Intimidation,2016,Daily Maverick,https://www.dailymaverick.co.za/article/2016-12-14-whats-mine-is-mine-lonmin-and-the-dangerous-art-of-intimidation/,candidate_pending_substantive_screen,lonmin_only_title_review,"Discovered from a documented publisher archive/sitemap and the URL title contains Lonmin without a high-specificity Marikana case term. Lonmin-only matches can be unrelated corporate or financial stories, so this record is not provisionally eligible and requires acquired-text substantive screening before any inclusion decision.",SEARCH-MEDIA-ARCHIVE-PRESCREEN,strict_documented
DISC-MEDIA-0227,media,Eff Activists Marikana Murder Charges Politically Motivated Say Supporters,2017,Daily Maverick,https://www.dailymaverick.co.za/article/2017-01-09-eff-activists-marikana-murder-charges-politically-motivated-say-supporters/,candidate_pending_substantive_screen,explicit_case_title_review,"Discovered from a documented publisher archive/sitemap and the URL title contains a high-specificity case term (Marikana/Farlam/Nkaneng/Wonderkop/Bapo). This is a review trigger only; substantive corpus eligibility still requires acquired-text case-centrality, text-quality and duplicate review.",SEARCH-MEDIA-ARCHIVE-PRESCREEN,strict_documented
DISC-MEDIA-0228,media,Groundup Landmark Marikana Settlement Case Begins 60000 Peoples Homes At Stake,2017,Daily Maverick,https://www.dailymaverick.co.za/article/2017-02-08-groundup-landmark-marikana-settlement-case-begins-60000-peoples-homes-at-stake/,candidate_pending_substantive_screen,explicit_case_title_review,"Discovered from a documented publisher archive/sitemap and the URL title contains a high-specificity case term (Marikana/Farlam/Nkaneng/Wonderkop/Bapo). This is a review trigger only; substantive corpus eligibility still requires acquired-text case-centrality, text-quality and duplicate review.",SEARCH-MEDIA-ARCHIVE-PRESCREEN,strict_documented
DISC-MEDIA-0229,media,Groundup Marikana Case Homeowner In Informal Settlement Asks City To Buy Her Property,2017,Daily Maverick,https://www.dailymaverick.co.za/article/2017-02-10-groundup-marikana-case-homeowner-in-informal-settlement-asks-city-to-buy-her-property/,candidate_pending_substantive_screen,explicit_case_title_review,"Discovered from a documented publisher archive/sitemap and the URL title contains a high-specificity case term (Marikana/Farlam/Nkaneng/Wonderkop/Bapo). This is a review trigger only; substantive corpus eligibility still requires acquired-text case-centrality, text-quality and duplicate review.",SEARCH-MEDIA-ARCHIVE-PRESCREEN,strict_documented
DISC-MEDIA-0230,media,Groundup Marikana Cape Town Lawyer Calls For State To Expropriate Land,2017,Daily Maverick,https://www.dailymaverick.co.za/article/2017-02-13-groundup-marikana-cape-town-lawyer-calls-for-state-to-expropriate-land/,candidate_pending_substantive_screen,explicit_case_title_review,"Discovered from a documented publisher archive/sitemap and the URL title contains a high-specificity case term (Marikana/Farlam/Nkaneng/Wonderkop/Bapo). This is a review trigger only; substantive corpus eligibility still requires acquired-text case-centrality, text-quality and duplicate review.",SEARCH-MEDIA-ARCHIVE-PRESCREEN,strict_documented
DISC-MEDIA-0231,media,Groundup Marikana Settlement Judge Must Rule Whether To Compel State To Buy Compensate Or Evict,2017,Daily Maverick,https://www.dailymaverick.co.za/article/2017-02-16-groundup-marikana-settlement-judge-must-rule-whether-to-compel-state-to-buy-compensate-or-evict/,candidate_pending_substantive_screen,explicit_case_title_review,"Discovered from a documented publisher archive/sitemap and the URL title contains a high-specificity case term (Marikana/Farlam/Nkaneng/Wonderkop/Bapo). This is a review trigger only; substantive corpus eligibility still requires acquired-text case-centrality, text-quality and duplicate review.",SEARCH-MEDIA-ARCHIVE-PRESCREEN,strict_documented
DISC-MEDIA-0232,media,Succession Chronicles Marikana Ramaphosas Cross,2017,Daily Maverick,https://www.dailymaverick.co.za/article/2017-05-08-succession-chronicles-marikana-ramaphosas-cross/,candidate_pending_substantive_screen,explicit_case_title_review,"Discovered from a documented publisher archive/sitemap and the URL title contains a high-specificity case term (Marikana/Farlam/Nkaneng/Wonderkop/Bapo). This is a review trigger only; substantive corpus eligibility still requires acquired-text case-centrality, text-quality and duplicate review.",SEARCH-MEDIA-ARCHIVE-PRESCREEN,strict_documented
DISC-MEDIA-0233,media,Ww We Reject Ramaphosas Marikana Apology Azapo,2017,Daily Maverick,https://www.dailymaverick.co.za/article/2017-05-08-ww-we-reject-ramaphosas-marikana-apology-azapo/,candidate_pending_substantive_screen,explicit_case_title_review,"Discovered from a documented publisher archive/sitemap and the URL title contains a high-specificity case term (Marikana/Farlam/Nkaneng/Wonderkop/Bapo). This is a review trigger only; substantive corpus eligibility still requires acquired-text case-centrality, text-quality and duplicate review.",SEARCH-MEDIA-ARCHIVE-PRESCREEN,strict_documented
DISC-MEDIA-0234,media,Never Forget Marikana Interview With The Allan Paton Award Winner Greg Marinovich,2017,Daily Maverick,https://www.dailymaverick.co.za/article/2017-06-26-never-forget-marikana-interview-with-the-allan-paton-award-winner-greg-marinovich/,candidate_pending_substantive_screen,explicit_case_title_review,"Discovered from a documented publisher archive/sitemap and the URL title contains a high-specificity case term (Marikana/Farlam/Nkaneng/Wonderkop/Bapo). This is a review trigger only; substantive corpus eligibility still requires acquired-text case-centrality, text-quality and duplicate review.",SEARCH-MEDIA-ARCHIVE-PRESCREEN,strict_documented
DISC-MEDIA-0235,media,Whats Mine Is Mine Lonmin And The Secret Claim On Marikana Land,2017,Daily Maverick,https://www.dailymaverick.co.za/article/2017-07-27-whats-mine-is-mine-lonmin-and-the-secret-claim-on-marikana-land/,candidate_pending_substantive_screen,explicit_case_title_review,"Discovered from a documented publisher archive/sitemap and the URL title contains a high-specificity case term (Marikana/Farlam/Nkaneng/Wonderkop/Bapo). This is a review trigger only; substantive corpus eligibility still requires acquired-text case-centrality, text-quality and duplicate review.",SEARCH-MEDIA-ARCHIVE-PRESCREEN,strict_documented
DISC-MEDIA-0236,media,Five Years Later We Havent Learnt Anything From Marikana,2017,Daily Maverick,https://www.dailymaverick.co.za/article/2017-08-15-five-years-later-we-havent-learnt-anything-from-marikana/,candidate_pending_substantive_screen,explicit_case_title_review,"Discovered from a documented publisher archive/sitemap and the URL title contains a high-specificity case term (Marikana/Farlam/Nkaneng/Wonderkop/Bapo). This is a review trigger only; substantive corpus eligibility still requires acquired-text case-centrality, text-quality and duplicate review.",SEARCH-MEDIA-ARCHIVE-PRESCREEN,strict_documented
DISC-MEDIA-0237,media,Op Ed Marikana Five Years Of Injustice,2017,Daily Maverick,https://www.dailymaverick.co.za/article/2017-08-15-op-ed-marikana-five-years-of-injustice/,candidate_pending_substantive_screen,explicit_case_title_review,"Discovered from a documented publisher archive/sitemap and the URL title contains a high-specificity case term (Marikana/Farlam/Nkaneng/Wonderkop/Bapo). This is a review trigger only; substantive corpus eligibility still requires acquired-text case-centrality, text-quality and duplicate review.",SEARCH-MEDIA-ARCHIVE-PRESCREEN,strict_documented
DISC-MEDIA-0238,media,Iss Today Marikana Demands Truth Justice And Accountability,2017,Daily Maverick,https://www.dailymaverick.co.za/article/2017-08-16-iss-today-marikana-demands-truth-justice-and-accountability/,candidate_pending_substantive_screen,explicit_case_title_review,"Discovered from a documented publisher archive/sitemap and the URL title contains a high-specificity case term (Marikana/Farlam/Nkaneng/Wonderkop/Bapo). This is a review trigger only; substantive corpus eligibility still requires acquired-text case-centrality, text-quality and duplicate review.",SEARCH-MEDIA-ARCHIVE-PRESCREEN,strict_documented
DISC-MEDIA-0239,media,Marikana Five Years Later Thousands Gather On The Koppie To Pay Tribute To The 34 Miners,2017,Daily Maverick,https://www.dailymaverick.co.za/article/2017-08-17-marikana-five-years-later-thousands-gather-on-the-koppie-to-pay-tribute-to-the-34-miners/,candidate_pending_substantive_screen,explicit_case_title_review,"Discovered from a documented publisher archive/sitemap and the URL title contains a high-specificity case term (Marikana/Farlam/Nkaneng/Wonderkop/Bapo). This is a review trigger only; substantive corpus eligibility still requires acquired-text case-centrality, text-quality and duplicate review.",SEARCH-MEDIA-ARCHIVE-PRESCREEN,strict_documented
DISC-MEDIA-0240,media,Groundup Lonmin Link To Casac Questioned,2017,Daily Maverick,https://www.dailymaverick.co.za/article/2017-08-22-groundup-lonmin-link-to-casac-questioned/,candidate_pending_substantive_screen,lonmin_only_title_review,"Discovered from a documented publisher archive/sitemap and the URL title contains Lonmin without a high-specificity Marikana case term. Lonmin-only matches can be unrelated corporate or financial stories, so this record is not provisionally eligible and requires acquired-text substantive screening before any inclusion decision.",SEARCH-MEDIA-ARCHIVE-PRESCREEN,strict_documented
DISC-MEDIA-0241,media,Anc Leadership Race Dlamini Zumas Incredible Marikana Misstep,2017,Daily Maverick,https://www.dailymaverick.co.za/article/2017-08-24-anc-leadership-race-dlamini-zumas-incredible-marikana-misstep/,candidate_pending_substantive_screen,explicit_case_title_review,"Discovered from a documented publisher archive/sitemap and the URL title contains a high-specificity case term (Marikana/Farlam/Nkaneng/Wonderkop/Bapo). This is a review trigger only; substantive corpus eligibility still requires acquired-text case-centrality, text-quality and duplicate review.",SEARCH-MEDIA-ARCHIVE-PRESCREEN,strict_documented
DISC-MEDIA-0242,media,Groundup Marikana Lonmins Dodgy Housing Record,2017,Daily Maverick,https://www.dailymaverick.co.za/article/2017-09-04-groundup-marikana-lonmins-dodgy-housing-record/,candidate_pending_substantive_screen,explicit_case_title_review,"Discovered from a documented publisher archive/sitemap and the URL title contains a high-specificity case term (Marikana/Farlam/Nkaneng/Wonderkop/Bapo). This is a review trigger only; substantive corpus eligibility still requires acquired-text case-centrality, text-quality and duplicate review.",SEARCH-MEDIA-ARCHIVE-PRESCREEN,strict_documented
DISC-MEDIA-0243,media,Groundup Facts And Myths About The Judgment On The Marikana Informal Settlement In Philippi,2017,Daily Maverick,https://www.dailymaverick.co.za/article/2017-09-06-groundup-facts-and-myths-about-the-judgment-on-the-marikana-informal-settlement-in-philippi/,candidate_pending_substantive_screen,explicit_case_title_review,"Discovered from a documented publisher archive/sitemap and the URL title contains a high-specificity case term (Marikana/Farlam/Nkaneng/Wonderkop/Bapo). This is a review trigger only; substantive corpus eligibility still requires acquired-text case-centrality, text-quality and duplicate review.",SEARCH-MEDIA-ARCHIVE-PRESCREEN,strict_documented
DISC-MEDIA-0244,media,Analysis Saps Fails To Transform Into Public Service Post Marikana,2017,Daily Maverick,https://www.dailymaverick.co.za/article/2017-09-08-analysis-saps-fails-to-transform-into-public-service-post-marikana/,candidate_pending_substantive_screen,explicit_case_title_review,"Discovered from a documented publisher archive/sitemap and the URL title contains a high-specificity case term (Marikana/Farlam/Nkaneng/Wonderkop/Bapo). This is a review trigger only; substantive corpus eligibility still requires acquired-text case-centrality, text-quality and duplicate review.",SEARCH-MEDIA-ARCHIVE-PRESCREEN,strict_documented
DISC-MEDIA-0245,media,Letter To The Editor Helen Zilles Facts Are Wrong On Marikana Housing Issue,2017,Daily Maverick,https://www.dailymaverick.co.za/article/2017-09-14-letter-to-the-editor-helen-zilles-facts-are-wrong-on-marikana-housing-issue/,candidate_pending_substantive_screen,explicit_case_title_review,"Discovered from a documented publisher archive/sitemap and the URL title contains a high-specificity case term (Marikana/Farlam/Nkaneng/Wonderkop/Bapo). This is a review trigger only; substantive corpus eligibility still requires acquired-text case-centrality, text-quality and duplicate review.",SEARCH-MEDIA-ARCHIVE-PRESCREEN,strict_documented
DISC-MEDIA-0246,media,Four Arrests Made After Marikana Shooting,2017,Daily Maverick,https://www.dailymaverick.co.za/article/2017-10-02-four-arrests-made-after-marikana-shooting/,candidate_pending_substantive_screen,explicit_case_title_review,"Discovered from a documented publisher archive/sitemap and the URL title contains a high-specificity case term (Marikana/Farlam/Nkaneng/Wonderkop/Bapo). This is a review trigger only; substantive corpus eligibility still requires acquired-text case-centrality, text-quality and duplicate review.",SEARCH-MEDIA-ARCHIVE-PRESCREEN,strict_documented
DISC-MEDIA-0247,media,Groundup Marikana Residents Say Theyve Lost Faith In The Police,2017,Daily Maverick,https://www.dailymaverick.co.za/article/2017-10-02-groundup-marikana-residents-say-theyve-lost-faith-in-the-police/,candidate_pending_substantive_screen,explicit_case_title_review,"Discovered from a documented publisher archive/sitemap and the URL title contains a high-specificity case term (Marikana/Farlam/Nkaneng/Wonderkop/Bapo). This is a review trigger only; substantive corpus eligibility still requires acquired-text case-centrality, text-quality and duplicate review.",SEARCH-MEDIA-ARCHIVE-PRESCREEN,strict_documented
DISC-MEDIA-0248,media,Groundup Police Dont Listen To Us Marikana Residents Tell Fikile Mbalula,2017,Daily Maverick,https://www.dailymaverick.co.za/article/2017-10-04-groundup-police-dont-listen-to-us-marikana-residents-tell-fikile-mbalula/,candidate_pending_substantive_screen,explicit_case_title_review,"Discovered from a documented publisher archive/sitemap and the URL title contains a high-specificity case term (Marikana/Farlam/Nkaneng/Wonderkop/Bapo). This is a review trigger only; substantive corpus eligibility still requires acquired-text case-centrality, text-quality and duplicate review.",SEARCH-MEDIA-ARCHIVE-PRESCREEN,strict_documented
DISC-MEDIA-0249,media,Groundup An Open Letter To The Authorities About Marikana Informal Settlement,2017,Daily Maverick,https://www.dailymaverick.co.za/article/2017-10-05-groundup-an-open-letter-to-the-authorities-about-marikana-informal-settlement/,candidate_pending_substantive_screen,explicit_case_title_review,"Discovered from a documented publisher archive/sitemap and the URL title contains a high-specificity case term (Marikana/Farlam/Nkaneng/Wonderkop/Bapo). This is a review trigger only; substantive corpus eligibility still requires acquired-text case-centrality, text-quality and duplicate review.",SEARCH-MEDIA-ARCHIVE-PRESCREEN,strict_documented
DISC-MEDIA-0250,media,Cape Town Paying The Price To Live In Marikana,2017,Daily Maverick,https://www.dailymaverick.co.za/article/2017-10-06-cape-town-paying-the-price-to-live-in-marikana/,candidate_pending_substantive_screen,explicit_case_title_review,"Discovered from a documented publisher archive/sitemap and the URL title contains a high-specificity case term (Marikana/Farlam/Nkaneng/Wonderkop/Bapo). This is a review trigger only; substantive corpus eligibility still requires acquired-text case-centrality, text-quality and duplicate review.",SEARCH-MEDIA-ARCHIVE-PRESCREEN,strict_documented
DISC-MEDIA-0251,media,Marikana Survivors Of The Massacre Are Still Hounded And Assassinated Amid Rumoured Hit List,2017,Daily Maverick,https://www.dailymaverick.co.za/article/2017-10-20-marikana-survivors-of-the-massacre-are-still-hounded-and-assassinated-amid-rumoured-hit-list/,candidate_pending_substantive_screen,explicit_case_title_review,"Discovered from a documented publisher archive/sitemap and the URL title contains a high-specificity case term (Marikana/Farlam/Nkaneng/Wonderkop/Bapo). This is a review trigger only; substantive corpus eligibility still requires acquired-text case-centrality, text-quality and duplicate review.",SEARCH-MEDIA-ARCHIVE-PRESCREEN,strict_documented
DISC-MEDIA-0252,media,Op Ed Global Developmental Financial Institution Needs To Be Accountable On Lonmin And Sassa,2017,Daily Maverick,https://www.dailymaverick.co.za/article/2017-11-01-op-ed-global-developmental-financial-institution-needs-to-be-accountable-on-lonmin-and-sassa/,candidate_pending_substantive_screen,lonmin_only_title_review,"Discovered from a documented publisher archive/sitemap and the URL title contains Lonmin without a high-specificity Marikana case term. Lonmin-only matches can be unrelated corporate or financial stories, so this record is not provisionally eligible and requires acquired-text substantive screening before any inclusion decision.",SEARCH-MEDIA-ARCHIVE-PRESCREEN,strict_documented
DISC-MEDIA-0253,media,Open Letter To Cyril Ramaphosa Use Your Power To Make Reparation Over Marikana,2018,Daily Maverick,https://www.dailymaverick.co.za/article/2018-02-15-open-letter-to-cyril-ramaphosa-use-your-power-to-make-reparation-over-marikana/,candidate_pending_substantive_screen,explicit_case_title_review,"Discovered from a documented publisher archive/sitemap and the URL title contains a high-specificity case term (Marikana/Farlam/Nkaneng/Wonderkop/Bapo). This is a review trigger only; substantive corpus eligibility still requires acquired-text case-centrality, text-quality and duplicate review.",SEARCH-MEDIA-ARCHIVE-PRESCREEN,strict_documented
DISC-MEDIA-0254,media,9 Senior Police Officials To Appear For Marikana Murders,2018,Daily Maverick,https://www.dailymaverick.co.za/article/2018-03-15-9-senior-police-officials-to-appear-for-marikana-murders/,candidate_pending_substantive_screen,explicit_case_title_review,"Discovered from a documented publisher archive/sitemap and the URL title contains a high-specificity case term (Marikana/Farlam/Nkaneng/Wonderkop/Bapo). This is a review trigger only; substantive corpus eligibility still requires acquired-text case-centrality, text-quality and duplicate review.",SEARCH-MEDIA-ARCHIVE-PRESCREEN,strict_documented
DISC-MEDIA-0255,media,Groundup Marikana Workers Live In Dire Conditions Three Years After Farlam Report,2018,Daily Maverick,https://www.dailymaverick.co.za/article/2018-03-20-groundup-marikana-workers-live-in-dire-conditions-three-years-after-farlam-report/,candidate_pending_substantive_screen,explicit_case_title_review,"Discovered from a documented publisher archive/sitemap and the URL title contains a high-specificity case term (Marikana/Farlam/Nkaneng/Wonderkop/Bapo). This is a review trigger only; substantive corpus eligibility still requires acquired-text case-centrality, text-quality and duplicate review.",SEARCH-MEDIA-ARCHIVE-PRESCREEN,strict_documented
DISC-MEDIA-0256,media,Found Not Guilty By Court Marikana Activist Warns Of Cops Pursuing Political Agendas,2018,Daily Maverick,https://www.dailymaverick.co.za/article/2018-05-22-found-not-guilty-by-court-marikana-activist-warns-of-cops-pursuing-political-agendas/,candidate_pending_substantive_screen,explicit_case_title_review,"Discovered from a documented publisher archive/sitemap and the URL title contains a high-specificity case term (Marikana/Farlam/Nkaneng/Wonderkop/Bapo). This is a review trigger only; substantive corpus eligibility still requires acquired-text case-centrality, text-quality and duplicate review.",SEARCH-MEDIA-ARCHIVE-PRESCREEN,strict_documented
DISC-MEDIA-0257,media,Lonmin Says It Is A Victim Of Vexatious Litigation,2018,Daily Maverick,https://www.dailymaverick.co.za/article/2018-10-29-lonmin-says-it-is-a-victim-of-vexatious-litigation/,candidate_pending_substantive_screen,lonmin_only_title_review,"Discovered from a documented publisher archive/sitemap and the URL title contains Lonmin without a high-specificity Marikana case term. Lonmin-only matches can be unrelated corporate or financial stories, so this record is not provisionally eligible and requires acquired-text substantive screening before any inclusion decision.",SEARCH-MEDIA-ARCHIVE-PRESCREEN,strict_documented
DISC-MEDIA-0258,media,Lonmin Case Shows How Hard It Is To Hold Mines To Account,2019,Daily Maverick,https://www.dailymaverick.co.za/article/2019-04-26-lonmin-case-shows-how-hard-it-is-to-hold-mines-to-account/,candidate_pending_substantive_screen,lonmin_only_title_review,"Discovered from a documented publisher archive/sitemap and the URL title contains Lonmin without a high-specificity Marikana case term. Lonmin-only matches can be unrelated corporate or financial stories, so this record is not provisionally eligible and requires acquired-text substantive screening before any inclusion decision.",SEARCH-MEDIA-ARCHIVE-PRESCREEN,strict_documented
DISC-MEDIA-0259,media,Sibanye Stillwater Ceo Explains Why He Has Drawn A Line In The Sand On Lonmin Deal,2019,Daily Maverick,https://www.dailymaverick.co.za/article/2019-05-22-sibanye-stillwater-ceo-explains-why-he-has-drawn-a-line-in-the-sand-on-lonmin-deal/,candidate_pending_substantive_screen,lonmin_only_title_review,"Discovered from a documented publisher archive/sitemap and the URL title contains Lonmin without a high-specificity Marikana case term. Lonmin-only matches can be unrelated corporate or financial stories, so this record is not provisionally eligible and requires acquired-text substantive screening before any inclusion decision.",SEARCH-MEDIA-ARCHIVE-PRESCREEN,strict_documented
DISC-MEDIA-0260,media,After Gobbling Up Lonmin The Sibanye Juggernaut Rolls On,2019,Daily Maverick,https://www.dailymaverick.co.za/article/2019-05-28-after-gobbling-up-lonmin-the-sibanye-juggernaut-rolls-on/,candidate_pending_substantive_screen,lonmin_only_title_review,"Discovered from a documented publisher archive/sitemap and the URL title contains Lonmin without a high-specificity Marikana case term. Lonmin-only matches can be unrelated corporate or financial stories, so this record is not provisionally eligible and requires acquired-text substantive screening before any inclusion decision.",SEARCH-MEDIA-ARCHIVE-PRESCREEN,strict_documented
DISC-MEDIA-0261,media,Lonmin Investors Back Sibanye Deal To Create Platinum Giant,2019,Daily Maverick,https://www.dailymaverick.co.za/article/2019-05-28-lonmin-investors-back-sibanye-deal-to-create-platinum-giant/,candidate_pending_substantive_screen,lonmin_only_title_review,"Discovered from a documented publisher archive/sitemap and the URL title contains Lonmin without a high-specificity Marikana case term. Lonmin-only matches can be unrelated corporate or financial stories, so this record is not provisionally eligible and requires acquired-text substantive screening before any inclusion decision.",SEARCH-MEDIA-ARCHIVE-PRESCREEN,strict_documented
DISC-MEDIA-0262,media,Obituary After The Marikana Massacre The Writing Was On The Wall For Lonmin,2019,Daily Maverick,https://www.dailymaverick.co.za/article/2019-06-12-obituary-after-the-marikana-massacre-the-writing-was-on-the-wall-for-lonmin/,candidate_pending_substantive_screen,explicit_case_title_review,"Discovered from a documented publisher archive/sitemap and the URL title contains a high-specificity case term (Marikana/Farlam/Nkaneng/Wonderkop/Bapo). This is a review trigger only; substantive corpus eligibility still requires acquired-text case-centrality, text-quality and duplicate review.",SEARCH-MEDIA-ARCHIVE-PRESCREEN,strict_documented
DISC-MEDIA-0263,media,Its A Done Deal Sibanye Tells Mining Communities Challenging R5Bn Lonmin Merger,2019,Daily Maverick,https://www.dailymaverick.co.za/article/2019-08-05-its-a-done-deal-sibanye-tells-mining-communities-challenging-r5bn-lonmin-merger/,candidate_pending_substantive_screen,lonmin_only_title_review,"Discovered from a documented publisher archive/sitemap and the URL title contains Lonmin without a high-specificity Marikana case term. Lonmin-only matches can be unrelated corporate or financial stories, so this record is not provisionally eligible and requires acquired-text substantive screening before any inclusion decision.",SEARCH-MEDIA-ARCHIVE-PRESCREEN,strict_documented
DISC-MEDIA-0264,media,Marikana Fighting Crime Shouldnt Trump Sas Public Order Policing,2019,Daily Maverick,https://www.dailymaverick.co.za/article/2019-08-16-marikana-fighting-crime-shouldnt-trump-sas-public-order-policing/,candidate_pending_substantive_screen,explicit_case_title_review,"Discovered from a documented publisher archive/sitemap and the URL title contains a high-specificity case term (Marikana/Farlam/Nkaneng/Wonderkop/Bapo). This is a review trigger only; substantive corpus eligibility still requires acquired-text case-centrality, text-quality and duplicate review.",SEARCH-MEDIA-ARCHIVE-PRESCREEN,strict_documented
DISC-MEDIA-0265,media,Marikana The Seven Year Struggle,2019,Daily Maverick,https://www.dailymaverick.co.za/article/2019-08-17-marikana-the-seven-year-struggle/,candidate_pending_substantive_screen,explicit_case_title_review,"Discovered from a documented publisher archive/sitemap and the URL title contains a high-specificity case term (Marikana/Farlam/Nkaneng/Wonderkop/Bapo). This is a review trigger only; substantive corpus eligibility still requires acquired-text case-centrality, text-quality and duplicate review.",SEARCH-MEDIA-ARCHIVE-PRESCREEN,strict_documented
DISC-MEDIA-0266,media,5270 Jobs On Chopping Block As Sibanye Restructures Marikana,2019,Daily Maverick,https://www.dailymaverick.co.za/article/2019-09-26-5270-jobs-on-chopping-block-as-sibanye-restructures-marikana/,candidate_pending_substantive_screen,explicit_case_title_review,"Discovered from a documented publisher archive/sitemap and the URL title contains a high-specificity case term (Marikana/Farlam/Nkaneng/Wonderkop/Bapo). This is a review trigger only; substantive corpus eligibility still requires acquired-text case-centrality, text-quality and duplicate review.",SEARCH-MEDIA-ARCHIVE-PRESCREEN,strict_documented
DISC-MEDIA-0267,media,Num Member Shot Dead In Marikana As Platinum Belt Tensions Heat Up,2019,Daily Maverick,https://www.dailymaverick.co.za/article/2019-11-01-num-member-shot-dead-in-marikana-as-platinum-belt-tensions-heat-up/,candidate_pending_substantive_screen,explicit_case_title_review,"Discovered from a documented publisher archive/sitemap and the URL title contains a high-specificity case term (Marikana/Farlam/Nkaneng/Wonderkop/Bapo). This is a review trigger only; substantive corpus eligibility still requires acquired-text case-centrality, text-quality and duplicate review.",SEARCH-MEDIA-ARCHIVE-PRESCREEN,strict_documented
DISC-MEDIA-0268,media,Num Holds Its Marikana Rally Vows To Regain Lost Platinum Belt Ground,2019,Daily Maverick,https://www.dailymaverick.co.za/article/2019-11-18-num-holds-its-marikana-rally-vows-to-regain-lost-platinum-belt-ground/,candidate_pending_substantive_screen,explicit_case_title_review,"Discovered from a documented publisher archive/sitemap and the URL title contains a high-specificity case term (Marikana/Farlam/Nkaneng/Wonderkop/Bapo). This is a review trigger only; substantive corpus eligibility still requires acquired-text case-centrality, text-quality and duplicate review.",SEARCH-MEDIA-ARCHIVE-PRESCREEN,strict_documented
DISC-MEDIA-0269,media,Two Unions Vie For Power In Marikana And The Result Can Be Murder,2019,Daily Maverick,https://www.dailymaverick.co.za/article/2019-11-21-two-unions-vie-for-power-in-marikana-and-the-result-can-be-murder/,candidate_pending_substantive_screen,explicit_case_title_review,"Discovered from a documented publisher archive/sitemap and the URL title contains a high-specificity case term (Marikana/Farlam/Nkaneng/Wonderkop/Bapo). This is a review trigger only; substantive corpus eligibility still requires acquired-text case-centrality, text-quality and duplicate review.",SEARCH-MEDIA-ARCHIVE-PRESCREEN,strict_documented
DISC-MEDIA-0270,media,Marikana In A Starring Role As Sibanye Stillwater Swings Back To Profit,2020,Daily Maverick,https://www.dailymaverick.co.za/article/2020-02-19-marikana-in-a-starring-role-as-sibanye-stillwater-swings-back-to-profit/,candidate_pending_substantive_screen,explicit_case_title_review,"Discovered from a documented publisher archive/sitemap and the URL title contains a high-specificity case term (Marikana/Farlam/Nkaneng/Wonderkop/Bapo). This is a review trigger only; substantive corpus eligibility still requires acquired-text case-centrality, text-quality and duplicate review.",SEARCH-MEDIA-ARCHIVE-PRESCREEN,strict_documented
DISC-MEDIA-0271,media,Marikana Occupiers Reach Landmark Agreement With Property Owners,2020,Daily Maverick,https://www.dailymaverick.co.za/article/2020-03-08-marikana-occupiers-reach-landmark-agreement-with-property-owners/,candidate_pending_substantive_screen,explicit_case_title_review,"Discovered from a documented publisher archive/sitemap and the URL title contains a high-specificity case term (Marikana/Farlam/Nkaneng/Wonderkop/Bapo). This is a review trigger only; substantive corpus eligibility still requires acquired-text case-centrality, text-quality and duplicate review.",SEARCH-MEDIA-ARCHIVE-PRESCREEN,strict_documented
DISC-MEDIA-0272,media,Call For Saps To Apply Marikana Recommendations When Dealing With Civil Unrest,2020,Daily Maverick,https://www.dailymaverick.co.za/article/2020-07-28-call-for-saps-to-apply-marikana-recommendations-when-dealing-with-civil-unrest/,candidate_pending_substantive_screen,explicit_case_title_review,"Discovered from a documented publisher archive/sitemap and the URL title contains a high-specificity case term (Marikana/Farlam/Nkaneng/Wonderkop/Bapo). This is a review trigger only; substantive corpus eligibility still requires acquired-text case-centrality, text-quality and duplicate review.",SEARCH-MEDIA-ARCHIVE-PRESCREEN,strict_documented
DISC-MEDIA-0273,media,Marikana Massacre Political Will Is Urgently Needed To Deliver Overdue Justice,2020,Daily Maverick,https://www.dailymaverick.co.za/article/2020-08-14-marikana-massacre-political-will-is-urgently-needed-to-deliver-overdue-justice/,candidate_pending_substantive_screen,explicit_case_title_review,"Discovered from a documented publisher archive/sitemap and the URL title contains a high-specificity case term (Marikana/Farlam/Nkaneng/Wonderkop/Bapo). This is a review trigger only; substantive corpus eligibility still requires acquired-text case-centrality, text-quality and duplicate review.",SEARCH-MEDIA-ARCHIVE-PRESCREEN,strict_documented
DISC-MEDIA-0274,media,Remembering And Renewal Thoughts On Building A Positive Future For The Marikana Region,2020,Daily Maverick,https://www.dailymaverick.co.za/article/2020-08-14-remembering-and-renewal-thoughts-on-building-a-positive-future-for-the-marikana-region/,candidate_pending_substantive_screen,explicit_case_title_review,"Discovered from a documented publisher archive/sitemap and the URL title contains a high-specificity case term (Marikana/Farlam/Nkaneng/Wonderkop/Bapo). This is a review trigger only; substantive corpus eligibility still requires acquired-text case-centrality, text-quality and duplicate review.",SEARCH-MEDIA-ARCHIVE-PRESCREEN,strict_documented
DISC-MEDIA-0275,media,Remembering Marikana Dali Mpofu Demands An Apology And Compensation By 31 August,2020,Daily Maverick,https://www.dailymaverick.co.za/article/2020-08-17-remembering-marikana-dali-mpofu-demands-an-apology-and-compensation-by-31-august/,candidate_pending_substantive_screen,explicit_case_title_review,"Discovered from a documented publisher archive/sitemap and the URL title contains a high-specificity case term (Marikana/Farlam/Nkaneng/Wonderkop/Bapo). This is a review trigger only; substantive corpus eligibility still requires acquired-text case-centrality, text-quality and duplicate review.",SEARCH-MEDIA-ARCHIVE-PRESCREEN,strict_documented
DISC-MEDIA-0276,media,Marikana Experts Report Points The Way To Better Policing,2020,Daily Maverick,https://www.dailymaverick.co.za/article/2020-08-18-marikana-experts-report-points-the-way-to-better-policing/,candidate_pending_substantive_screen,explicit_case_title_review,"Discovered from a documented publisher archive/sitemap and the URL title contains a high-specificity case term (Marikana/Farlam/Nkaneng/Wonderkop/Bapo). This is a review trigger only; substantive corpus eligibility still requires acquired-text case-centrality, text-quality and duplicate review.",SEARCH-MEDIA-ARCHIVE-PRESCREEN,strict_documented
DISC-MEDIA-0277,media,Judge Farlam Someone Could Come Forward To Solve Marikana Mystery,2020,Daily Maverick,https://www.dailymaverick.co.za/article/2020-08-19-judge-farlam-someone-could-come-forward-to-solve-marikana-mystery/,candidate_pending_substantive_screen,explicit_case_title_review,"Discovered from a documented publisher archive/sitemap and the URL title contains a high-specificity case term (Marikana/Farlam/Nkaneng/Wonderkop/Bapo). This is a review trigger only; substantive corpus eligibility still requires acquired-text case-centrality, text-quality and duplicate review.",SEARCH-MEDIA-ARCHIVE-PRESCREEN,strict_documented
DISC-MEDIA-0278,media,The Missing R617 Million Can The Bapo Ba Mogale Retrieve Their Stolen Funds,2020,Daily Maverick,https://www.dailymaverick.co.za/article/2020-08-21-the-missing-r617-million-can-the-bapo-ba-mogale-retrieve-their-stolen-funds/,candidate_pending_substantive_screen,explicit_case_title_review,"Discovered from a documented publisher archive/sitemap and the URL title contains a high-specificity case term (Marikana/Farlam/Nkaneng/Wonderkop/Bapo). This is a review trigger only; substantive corpus eligibility still requires acquired-text case-centrality, text-quality and duplicate review.",SEARCH-MEDIA-ARCHIVE-PRESCREEN,strict_documented
DISC-MEDIA-0279,media,Sibanye Stillwater Ceo Says Marikana Wont Be Swept Under The Carpet,2020,Daily Maverick,https://www.dailymaverick.co.za/article/2020-09-10-sibanye-stillwater-ceo-says-marikana-wont-be-swept-under-the-carpet/,candidate_pending_substantive_screen,explicit_case_title_review,"Discovered from a documented publisher archive/sitemap and the URL title contains a high-specificity case term (Marikana/Farlam/Nkaneng/Wonderkop/Bapo). This is a review trigger only; substantive corpus eligibility still requires acquired-text case-centrality, text-quality and duplicate review.",SEARCH-MEDIA-ARCHIVE-PRESCREEN,strict_documented
DISC-MEDIA-0280,media,Saps Cherry Picks From 136 Recommendations On Democratic Policing By Expert Panel On Marikana Massacre,2021,Daily Maverick,https://www.dailymaverick.co.za/article/2021-03-29-saps-cherry-picks-from-136-recommendations-on-democratic-policing-by-expert-panel-on-marikana-massacre/,candidate_pending_substantive_screen,explicit_case_title_review,"Discovered from a documented publisher archive/sitemap and the URL title contains a high-specificity case term (Marikana/Farlam/Nkaneng/Wonderkop/Bapo). This is a review trigger only; substantive corpus eligibility still requires acquired-text case-centrality, text-quality and duplicate review.",SEARCH-MEDIA-ARCHIVE-PRESCREEN,strict_documented
DISC-MEDIA-0281,media,Residents Left To Pick Up The Pieces Following Devastating Fire In Cato Manors Marikana,2021,Daily Maverick,https://www.dailymaverick.co.za/article/2021-04-30-residents-left-to-pick-up-the-pieces-following-devastating-fire-in-cato-manors-marikana/,candidate_pending_substantive_screen,explicit_case_title_review,"Discovered from a documented publisher archive/sitemap and the URL title contains a high-specificity case term (Marikana/Farlam/Nkaneng/Wonderkop/Bapo). This is a review trigger only; substantive corpus eligibility still requires acquired-text case-centrality, text-quality and duplicate review.",SEARCH-MEDIA-ARCHIVE-PRESCREEN,strict_documented
DISC-MEDIA-0282,media,The Only Way To Honour Massacred Miners Of Marikana Is For Miners To Own 51 Of Mines Xolani Dube,2021,Daily Maverick,https://www.dailymaverick.co.za/article/2021-08-11-the-only-way-to-honour-massacred-miners-of-marikana-is-for-miners-to-own-51-of-mines-xolani-dube/,candidate_pending_substantive_screen,explicit_case_title_review,"Discovered from a documented publisher archive/sitemap and the URL title contains a high-specificity case term (Marikana/Farlam/Nkaneng/Wonderkop/Bapo). This is a review trigger only; substantive corpus eligibility still requires acquired-text case-centrality, text-quality and duplicate review.",SEARCH-MEDIA-ARCHIVE-PRESCREEN,strict_documented
DISC-MEDIA-0283,media,Marikana Massacre South Africa May Be Grappling With Whose Pain Is More Worthy Of Nationwide Recognition,2021,Daily Maverick,https://www.dailymaverick.co.za/article/2021-08-14-marikana-massacre-south-africa-may-be-grappling-with-whose-pain-is-more-worthy-of-nationwide-recognition/,candidate_pending_substantive_screen,explicit_case_title_review,"Discovered from a documented publisher archive/sitemap and the URL title contains a high-specificity case term (Marikana/Farlam/Nkaneng/Wonderkop/Bapo). This is a review trigger only; substantive corpus eligibility still requires acquired-text case-centrality, text-quality and duplicate review.",SEARCH-MEDIA-ARCHIVE-PRESCREEN,strict_documented
DISC-MEDIA-0284,media,Marikana Residents Struggle For Their Livelihoods And Dignity In The Dust And Degradation,2021,Daily Maverick,https://www.dailymaverick.co.za/article/2021-08-16-marikana-residents-struggle-for-their-livelihoods-and-dignity-in-the-dust-and-degradation/,candidate_pending_substantive_screen,explicit_case_title_review,"Discovered from a documented publisher archive/sitemap and the URL title contains a high-specificity case term (Marikana/Farlam/Nkaneng/Wonderkop/Bapo). This is a review trigger only; substantive corpus eligibility still requires acquired-text case-centrality, text-quality and duplicate review.",SEARCH-MEDIA-ARCHIVE-PRESCREEN,strict_documented
DISC-MEDIA-0285,media,This Week Nine Years After 34 Miners Were Killed At Marikana South Africa Continues To Mourn,2021,Daily Maverick,https://www.dailymaverick.co.za/article/2021-08-16-this-week-nine-years-after-34-miners-were-killed-at-marikana-south-africa-continues-to-mourn/,candidate_pending_substantive_screen,explicit_case_title_review,"Discovered from a documented publisher archive/sitemap and the URL title contains a high-specificity case term (Marikana/Farlam/Nkaneng/Wonderkop/Bapo). This is a review trigger only; substantive corpus eligibility still requires acquired-text case-centrality, text-quality and duplicate review.",SEARCH-MEDIA-ARCHIVE-PRESCREEN,strict_documented
DISC-MEDIA-0286,media,Marikana Were Tired Of Memorialising,2021,Daily Maverick,https://www.dailymaverick.co.za/article/2021-08-17-marikana-were-tired-of-memorialising/,candidate_pending_substantive_screen,explicit_case_title_review,"Discovered from a documented publisher archive/sitemap and the URL title contains a high-specificity case term (Marikana/Farlam/Nkaneng/Wonderkop/Bapo). This is a review trigger only; substantive corpus eligibility still requires acquired-text case-centrality, text-quality and duplicate review.",SEARCH-MEDIA-ARCHIVE-PRESCREEN,strict_documented
DISC-MEDIA-0287,media,Returning To Marikana Seeing That Koppie Where The Bodies Once Lay Was Tough,2021,Daily Maverick,https://www.dailymaverick.co.za/article/2021-08-17-returning-to-marikana-seeing-that-koppie-where-the-bodies-once-lay-was-tough/,candidate_pending_substantive_screen,explicit_case_title_review,"Discovered from a documented publisher archive/sitemap and the URL title contains a high-specificity case term (Marikana/Farlam/Nkaneng/Wonderkop/Bapo). This is a review trigger only; substantive corpus eligibility still requires acquired-text case-centrality, text-quality and duplicate review.",SEARCH-MEDIA-ARCHIVE-PRESCREEN,strict_documented
DISC-MEDIA-0288,media,Marikana A Peoples History An Analysis Of Scene Two Of The Massacre,2022,Daily Maverick,https://www.dailymaverick.co.za/article/2022-04-18-marikana-a-peoples-history-an-analysis-of-scene-two-of-the-massacre/,candidate_pending_substantive_screen,explicit_case_title_review,"Discovered from a documented publisher archive/sitemap and the URL title contains a high-specificity case term (Marikana/Farlam/Nkaneng/Wonderkop/Bapo). This is a review trigger only; substantive corpus eligibility still requires acquired-text case-centrality, text-quality and duplicate review.",SEARCH-MEDIA-ARCHIVE-PRESCREEN,strict_documented
DISC-MEDIA-0289,media,Academics In Depth Account Of Marikana Massacre Marred By Curious Omissions,2022,Daily Maverick,https://www.dailymaverick.co.za/article/2022-05-18-academics-in-depth-account-of-marikana-massacre-marred-by-curious-omissions/,candidate_pending_substantive_screen,explicit_case_title_review,"Discovered from a documented publisher archive/sitemap and the URL title contains a high-specificity case term (Marikana/Farlam/Nkaneng/Wonderkop/Bapo). This is a review trigger only; substantive corpus eligibility still requires acquired-text case-centrality, text-quality and duplicate review.",SEARCH-MEDIA-ARCHIVE-PRESCREEN,strict_documented
DISC-MEDIA-0290,media,Marikana Informal Settlement Families Still In Land Limbo Five Years After Landmark Ruling,2022,Daily Maverick,https://www.dailymaverick.co.za/article/2022-06-23-marikana-informal-settlement-families-still-in-land-limbo-five-years-after-landmark-ruling/,candidate_pending_substantive_screen,explicit_case_title_review,"Discovered from a documented publisher archive/sitemap and the URL title contains a high-specificity case term (Marikana/Farlam/Nkaneng/Wonderkop/Bapo). This is a review trigger only; substantive corpus eligibility still requires acquired-text case-centrality, text-quality and duplicate review.",SEARCH-MEDIA-ARCHIVE-PRESCREEN,strict_documented
DISC-MEDIA-0291,media,Justice For Marikana Community Suffers A Blow After Activist Gunned Down At Her Front Door,2022,Daily Maverick,https://www.dailymaverick.co.za/article/2022-06-28-justice-for-marikana-community-suffers-a-blow-after-activist-gunned-down-at-her-front-door/,candidate_pending_substantive_screen,explicit_case_title_review,"Discovered from a documented publisher archive/sitemap and the URL title contains a high-specificity case term (Marikana/Farlam/Nkaneng/Wonderkop/Bapo). This is a review trigger only; substantive corpus eligibility still requires acquired-text case-centrality, text-quality and duplicate review.",SEARCH-MEDIA-ARCHIVE-PRESCREEN,strict_documented
DISC-MEDIA-0292,media,All Marikana Reparations Must Be Settled By End Of August Solicitor General,2022,Daily Maverick,https://www.dailymaverick.co.za/article/2022-08-10-all-marikana-reparations-must-be-settled-by-end-of-august-solicitor-general/,candidate_pending_substantive_screen,explicit_case_title_review,"Discovered from a documented publisher archive/sitemap and the URL title contains a high-specificity case term (Marikana/Farlam/Nkaneng/Wonderkop/Bapo). This is a review trigger only; substantive corpus eligibility still requires acquired-text case-centrality, text-quality and duplicate review.",SEARCH-MEDIA-ARCHIVE-PRESCREEN,strict_documented
DISC-MEDIA-0293,media,The Legacy Of The Marikana Massacre Ten Years Later,2022,Daily Maverick,https://www.dailymaverick.co.za/article/2022-08-11-the-legacy-of-the-marikana-massacre-ten-years-later/,candidate_pending_substantive_screen,explicit_case_title_review,"Discovered from a documented publisher archive/sitemap and the URL title contains a high-specificity case term (Marikana/Farlam/Nkaneng/Wonderkop/Bapo). This is a review trigger only; substantive corpus eligibility still requires acquired-text case-centrality, text-quality and duplicate review.",SEARCH-MEDIA-ARCHIVE-PRESCREEN,strict_documented
DISC-MEDIA-0294,media,A Decade Since The Marikana Massacre A Century Since The Rand Revolt,2022,Daily Maverick,https://www.dailymaverick.co.za/article/2022-08-14-a-decade-since-the-marikana-massacre-a-century-since-the-rand-revolt/,candidate_pending_substantive_screen,explicit_case_title_review,"Discovered from a documented publisher archive/sitemap and the URL title contains a high-specificity case term (Marikana/Farlam/Nkaneng/Wonderkop/Bapo). This is a review trigger only; substantive corpus eligibility still requires acquired-text case-centrality, text-quality and duplicate review.",SEARCH-MEDIA-ARCHIVE-PRESCREEN,strict_documented
DISC-MEDIA-0295,media,Marikana Massacre 10 Years Later,2022,Daily Maverick,https://www.dailymaverick.co.za/article/2022-08-15-marikana-massacre-10-years-later/,candidate_pending_substantive_screen,explicit_case_title_review,"Discovered from a documented publisher archive/sitemap and the URL title contains a high-specificity case term (Marikana/Farlam/Nkaneng/Wonderkop/Bapo). This is a review trigger only; substantive corpus eligibility still requires acquired-text case-centrality, text-quality and duplicate review.",SEARCH-MEDIA-ARCHIVE-PRESCREEN,strict_documented
DISC-MEDIA-0296,media,This Week Remembering The Marikana Massacre World Humanitarian Day And Land Conference,2022,Daily Maverick,https://www.dailymaverick.co.za/article/2022-08-15-this-week-remembering-the-marikana-massacre-world-humanitarian-day-and-land-conference/,candidate_pending_substantive_screen,explicit_case_title_review,"Discovered from a documented publisher archive/sitemap and the URL title contains a high-specificity case term (Marikana/Farlam/Nkaneng/Wonderkop/Bapo). This is a review trigger only; substantive corpus eligibility still requires acquired-text case-centrality, text-quality and duplicate review.",SEARCH-MEDIA-ARCHIVE-PRESCREEN,strict_documented
DISC-MEDIA-0297,media,The Great Crime Of Marikana And The Deadly Mistakes Made By Police,2022,Daily Maverick,https://www.dailymaverick.co.za/article/2022-08-16-the-great-crime-of-marikana-and-the-deadly-mistakes-made-by-police/,candidate_pending_substantive_screen,explicit_case_title_review,"Discovered from a documented publisher archive/sitemap and the URL title contains a high-specificity case term (Marikana/Farlam/Nkaneng/Wonderkop/Bapo). This is a review trigger only; substantive corpus eligibility still requires acquired-text case-centrality, text-quality and duplicate review.",SEARCH-MEDIA-ARCHIVE-PRESCREEN,strict_documented
DISC-MEDIA-0298,media,People Gather On Marikanas Koppie Of Death To Reflect On 10 Years Of Lingering Pain And Hanging Promises,2022,Daily Maverick,https://www.dailymaverick.co.za/article/2022-08-17-people-gather-on-marikanas-koppie-of-death-to-reflect-on-10-years-of-lingering-pain-and-hanging-promises/,candidate_pending_substantive_screen,explicit_case_title_review,"Discovered from a documented publisher archive/sitemap and the URL title contains a high-specificity case term (Marikana/Farlam/Nkaneng/Wonderkop/Bapo). This is a review trigger only; substantive corpus eligibility still requires acquired-text case-centrality, text-quality and duplicate review.",SEARCH-MEDIA-ARCHIVE-PRESCREEN,strict_documented
DISC-MEDIA-0299,media,Marikana Massacre Mapped Why Operational Commander Brigadier Adrian Calitz Must Face Justice,2022,Daily Maverick,https://www.dailymaverick.co.za/article/2022-09-06-marikana-massacre-mapped-why-operational-commander-brigadier-adrian-calitz-must-face-justice/,candidate_pending_substantive_screen,explicit_case_title_review,"Discovered from a documented publisher archive/sitemap and the URL title contains a high-specificity case term (Marikana/Farlam/Nkaneng/Wonderkop/Bapo). This is a review trigger only; substantive corpus eligibility still requires acquired-text case-centrality, text-quality and duplicate review.",SEARCH-MEDIA-ARCHIVE-PRESCREEN,strict_documented
DISC-MEDIA-0300,media,Wits To Name Amic Deck Landmark After Mining Firm Students Demand It Be Named After Marikana,2022,Daily Maverick,https://www.dailymaverick.co.za/article/2022-09-23-wits-to-name-amic-deck-landmark-after-mining-firm-students-demand-it-be-named-after-marikana/,candidate_pending_substantive_screen,explicit_case_title_review,"Discovered from a documented publisher archive/sitemap and the URL title contains a high-specificity case term (Marikana/Farlam/Nkaneng/Wonderkop/Bapo). This is a review trigger only; substantive corpus eligibility still requires acquired-text case-centrality, text-quality and duplicate review.",SEARCH-MEDIA-ARCHIVE-PRESCREEN,strict_documented
DISC-MEDIA-0301,media,From A Mega Project To An Upgrade Marikana Soutpan Families Are Still Waiting,2022,Daily Maverick,https://www.dailymaverick.co.za/article/2022-11-02-from-a-mega-project-to-an-upgrade-marikana-soutpan-families-are-still-waiting/,candidate_pending_substantive_screen,explicit_case_title_review,"Discovered from a documented publisher archive/sitemap and the URL title contains a high-specificity case term (Marikana/Farlam/Nkaneng/Wonderkop/Bapo). This is a review trigger only; substantive corpus eligibility still requires acquired-text case-centrality, text-quality and duplicate review.",SEARCH-MEDIA-ARCHIVE-PRESCREEN,strict_documented
DISC-MEDIA-0302,media,Marikana Rights Defender Christinah Mdau Leads Fight Against Mine,2023,Daily Maverick,https://www.dailymaverick.co.za/article/2023-08-04-marikana-rights-defender-christinah-mdau-leads-fight-against-mine/,candidate_pending_substantive_screen,explicit_case_title_review,"Discovered from a documented publisher archive/sitemap and the URL title contains a high-specificity case term (Marikana/Farlam/Nkaneng/Wonderkop/Bapo). This is a review trigger only; substantive corpus eligibility still requires acquired-text case-centrality, text-quality and duplicate review.",SEARCH-MEDIA-ARCHIVE-PRESCREEN,strict_documented
DISC-MEDIA-0303,media,Stop Feeding Those Miners Imtiaz Sooliman Recounts Chilling Phone Calls During 2012 Marikana Strike,2023,Daily Maverick,https://www.dailymaverick.co.za/article/2023-08-14-stop-feeding-those-miners-imtiaz-sooliman-recounts-chilling-phone-calls-during-2012-marikana-strike/,candidate_pending_substantive_screen,explicit_case_title_review,"Discovered from a documented publisher archive/sitemap and the URL title contains a high-specificity case term (Marikana/Farlam/Nkaneng/Wonderkop/Bapo). This is a review trigger only; substantive corpus eligibility still requires acquired-text case-centrality, text-quality and duplicate review.",SEARCH-MEDIA-ARCHIVE-PRESCREEN,strict_documented
DISC-MEDIA-0304,media,This Week Sa Marks 11 Years Since The Marikana Massacre And The Udf Celebrates 40Th Anniversary,2023,Daily Maverick,https://www.dailymaverick.co.za/article/2023-08-14-this-week-sa-marks-11-years-since-the-marikana-massacre-and-the-udf-celebrates-40th-anniversary/,candidate_pending_substantive_screen,explicit_case_title_review,"Discovered from a documented publisher archive/sitemap and the URL title contains a high-specificity case term (Marikana/Farlam/Nkaneng/Wonderkop/Bapo). This is a review trigger only; substantive corpus eligibility still requires acquired-text case-centrality, text-quality and duplicate review.",SEARCH-MEDIA-ARCHIVE-PRESCREEN,strict_documented
DISC-MEDIA-0305,media,Justice Delayed Is Justice Denied 11 Years Since The Marikana Massacre And Still No Closure,2023,Daily Maverick,https://www.dailymaverick.co.za/article/2023-08-15-justice-delayed-is-justice-denied-11-years-since-the-marikana-massacre-and-still-no-closure/,candidate_pending_substantive_screen,explicit_case_title_review,"Discovered from a documented publisher archive/sitemap and the URL title contains a high-specificity case term (Marikana/Farlam/Nkaneng/Wonderkop/Bapo). This is a review trigger only; substantive corpus eligibility still requires acquired-text case-centrality, text-quality and duplicate review.",SEARCH-MEDIA-ARCHIVE-PRESCREEN,strict_documented
DISC-MEDIA-0306,media,Witnessing The Shooting Of People At Marikana Left A Massive Scar Felix Dlangamandla Re Examines His Images From That Bloody Day,2023,Daily Maverick,https://www.dailymaverick.co.za/article/2023-08-15-witnessing-the-shooting-of-people-at-marikana-left-a-massive-scar-felix-dlangamandla-re-examines-his-images-from-that-bloody-day/,candidate_pending_substantive_screen,explicit_case_title_review,"Discovered from a documented publisher archive/sitemap and the URL title contains a high-specificity case term (Marikana/Farlam/Nkaneng/Wonderkop/Bapo). This is a review trigger only; substantive corpus eligibility still requires acquired-text case-centrality, text-quality and duplicate review.",SEARCH-MEDIA-ARCHIVE-PRESCREEN,strict_documented
DISC-MEDIA-0307,media,Remember Marikana Also Mourn Victims Of Sa Everyday Violence,2023,Daily Maverick,https://www.dailymaverick.co.za/article/2023-08-16-remember-marikana-also-mourn-victims-of-sa-everyday-violence/,candidate_pending_substantive_screen,explicit_case_title_review,"Discovered from a documented publisher archive/sitemap and the URL title contains a high-specificity case term (Marikana/Farlam/Nkaneng/Wonderkop/Bapo). This is a review trigger only; substantive corpus eligibility still requires acquired-text case-centrality, text-quality and duplicate review.",SEARCH-MEDIA-ARCHIVE-PRESCREEN,strict_documented
DISC-MEDIA-0308,media,Marikana Massacre Victims Families Receive R330 Million From Government 11 Years Later Claims Still Pending,2023,Daily Maverick,https://www.dailymaverick.co.za/article/2023-08-18-marikana-massacre-victims-families-receive-r330-million-from-government-11-years-later-claims-still-pending/,candidate_pending_substantive_screen,explicit_case_title_review,"Discovered from a documented publisher archive/sitemap and the URL title contains a high-specificity case term (Marikana/Farlam/Nkaneng/Wonderkop/Bapo). This is a review trigger only; substantive corpus eligibility still requires acquired-text case-centrality, text-quality and duplicate review.",SEARCH-MEDIA-ARCHIVE-PRESCREEN,strict_documented
DISC-MEDIA-0309,media,Marikana Lonmins Disquiet And The Fight For Manhood,2012,Daily Maverick,https://www.dailymaverick.co.za/opinionista/2012-08-20-marikana-lonmins-disquiet-and-the-fight-for-manhood/,candidate_pending_substantive_screen,explicit_case_title_review,"Discovered from a documented publisher archive/sitemap and the URL title contains a high-specificity case term (Marikana/Farlam/Nkaneng/Wonderkop/Bapo). This is a review trigger only; substantive corpus eligibility still requires acquired-text case-centrality, text-quality and duplicate review.",SEARCH-MEDIA-ARCHIVE-PRESCREEN,strict_documented
DISC-MEDIA-0310,media,The Lonmin Shootings Could Knobble Cosatu Be Afraid,2012,Daily Maverick,https://www.dailymaverick.co.za/opinionista/2012-08-20-the-lonmin-shootings-could-knobble-cosatu-be-afraid/,candidate_pending_substantive_screen,lonmin_only_title_review,"Discovered from a documented publisher archive/sitemap and the URL title contains Lonmin without a high-specificity Marikana case term. Lonmin-only matches can be unrelated corporate or financial stories, so this record is not provisionally eligible and requires acquired-text substantive screening before any inclusion decision.",SEARCH-MEDIA-ARCHIVE-PRESCREEN,strict_documented
DISC-MEDIA-0311,media,Marikana Avoidable Unconstitutional And Entirely Predictable,2012,Daily Maverick,https://www.dailymaverick.co.za/opinionista/2012-08-23-marikana-avoidable-unconstitutional-and-entirely-predictable/,candidate_pending_substantive_screen,explicit_case_title_review,"Discovered from a documented publisher archive/sitemap and the URL title contains a high-specificity case term (Marikana/Farlam/Nkaneng/Wonderkop/Bapo). This is a review trigger only; substantive corpus eligibility still requires acquired-text case-centrality, text-quality and duplicate review.",SEARCH-MEDIA-ARCHIVE-PRESCREEN,strict_documented
DISC-MEDIA-0312,media,Lonmin Inquiry Not Bad Not Bad At All,2012,Daily Maverick,https://www.dailymaverick.co.za/opinionista/2012-08-24-lonmin-inquiry-not-bad-not-bad-at-all/,candidate_pending_substantive_screen,lonmin_only_title_review,"Discovered from a documented publisher archive/sitemap and the URL title contains Lonmin without a high-specificity Marikana case term. Lonmin-only matches can be unrelated corporate or financial stories, so this record is not provisionally eligible and requires acquired-text substantive screening before any inclusion decision.",SEARCH-MEDIA-ARCHIVE-PRESCREEN,strict_documented
DISC-MEDIA-0313,media,Lonmin Strike Why The R4000 Figure Is No Trivial Matter,2012,Daily Maverick,https://www.dailymaverick.co.za/opinionista/2012-08-27-lonmin-strike-why-the-r4000-figure-is-no-trivial-matter/,candidate_pending_substantive_screen,lonmin_only_title_review,"Discovered from a documented publisher archive/sitemap and the URL title contains Lonmin without a high-specificity Marikana case term. Lonmin-only matches can be unrelated corporate or financial stories, so this record is not provisionally eligible and requires acquired-text substantive screening before any inclusion decision.",SEARCH-MEDIA-ARCHIVE-PRESCREEN,strict_documented
DISC-MEDIA-0314,media,The Irony Of Lonmin An Award Winning Sustainable Investment,2012,Daily Maverick,https://www.dailymaverick.co.za/opinionista/2012-08-27-the-irony-of-lonmin-an-award-winning-sustainable-investment/,candidate_pending_substantive_screen,lonmin_only_title_review,"Discovered from a documented publisher archive/sitemap and the URL title contains Lonmin without a high-specificity Marikana case term. Lonmin-only matches can be unrelated corporate or financial stories, so this record is not provisionally eligible and requires acquired-text substantive screening before any inclusion decision.",SEARCH-MEDIA-ARCHIVE-PRESCREEN,strict_documented
DISC-MEDIA-0315,media,Marikana We Should Be Incandescent With Rage,2012,Daily Maverick,https://www.dailymaverick.co.za/opinionista/2012-08-28-marikana-we-should-be-incandescent-with-rage/,candidate_pending_substantive_screen,explicit_case_title_review,"Discovered from a documented publisher archive/sitemap and the URL title contains a high-specificity case term (Marikana/Farlam/Nkaneng/Wonderkop/Bapo). This is a review trigger only; substantive corpus eligibility still requires acquired-text case-centrality, text-quality and duplicate review.",SEARCH-MEDIA-ARCHIVE-PRESCREEN,strict_documented
DISC-MEDIA-0316,media,Democracy For All Marikana Signals Our Second Chance,2012,Daily Maverick,https://www.dailymaverick.co.za/opinionista/2012-08-31-democracy-for-all-marikana-signals-our-second-chance/,candidate_pending_substantive_screen,explicit_case_title_review,"Discovered from a documented publisher archive/sitemap and the URL title contains a high-specificity case term (Marikana/Farlam/Nkaneng/Wonderkop/Bapo). This is a review trigger only; substantive corpus eligibility still requires acquired-text case-centrality, text-quality and duplicate review.",SEARCH-MEDIA-ARCHIVE-PRESCREEN,strict_documented
DISC-MEDIA-0317,media,Marikana Murder Charge Withdrawal The First Glimmer Of Sanity,2012,Daily Maverick,https://www.dailymaverick.co.za/opinionista/2012-09-03-marikana-murder-charge-withdrawal-the-first-glimmer-of-sanity/,candidate_pending_substantive_screen,explicit_case_title_review,"Discovered from a documented publisher archive/sitemap and the URL title contains a high-specificity case term (Marikana/Farlam/Nkaneng/Wonderkop/Bapo). This is a review trigger only; substantive corpus eligibility still requires acquired-text case-centrality, text-quality and duplicate review.",SEARCH-MEDIA-ARCHIVE-PRESCREEN,strict_documented
DISC-MEDIA-0318,media,The Marikana Miners Have Rights Too,2012,Daily Maverick,https://www.dailymaverick.co.za/opinionista/2012-09-03-the-marikana-miners-have-rights-too/,candidate_pending_substantive_screen,explicit_case_title_review,"Discovered from a documented publisher archive/sitemap and the URL title contains a high-specificity case term (Marikana/Farlam/Nkaneng/Wonderkop/Bapo). This is a review trigger only; substantive corpus eligibility still requires acquired-text case-centrality, text-quality and duplicate review.",SEARCH-MEDIA-ARCHIVE-PRESCREEN,strict_documented
DISC-MEDIA-0319,media,World Banks Kim Goes To Joburg But Will He Miss Marikana And Medupi,2012,Daily Maverick,https://www.dailymaverick.co.za/opinionista/2012-09-06-world-banks-kim-goes-to-joburg-but-will-he-miss-marikana-and-medupi/,candidate_pending_substantive_screen,explicit_case_title_review,"Discovered from a documented publisher archive/sitemap and the URL title contains a high-specificity case term (Marikana/Farlam/Nkaneng/Wonderkop/Bapo). This is a review trigger only; substantive corpus eligibility still requires acquired-text case-centrality, text-quality and duplicate review.",SEARCH-MEDIA-ARCHIVE-PRESCREEN,strict_documented
DISC-MEDIA-0320,media,Stuck In The Mud In Marikana,2012,Daily Maverick,https://www.dailymaverick.co.za/opinionista/2012-09-07-stuck-in-the-mud-in-marikana/,candidate_pending_substantive_screen,explicit_case_title_review,"Discovered from a documented publisher archive/sitemap and the URL title contains a high-specificity case term (Marikana/Farlam/Nkaneng/Wonderkop/Bapo). This is a review trigger only; substantive corpus eligibility still requires acquired-text case-centrality, text-quality and duplicate review.",SEARCH-MEDIA-ARCHIVE-PRESCREEN,strict_documented
DISC-MEDIA-0321,media,Marikana Persists Remember The Rule Of Law,2012,Daily Maverick,https://www.dailymaverick.co.za/opinionista/2012-09-12-marikana-persists-remember-the-rule-of-law/,candidate_pending_substantive_screen,explicit_case_title_review,"Discovered from a documented publisher archive/sitemap and the URL title contains a high-specificity case term (Marikana/Farlam/Nkaneng/Wonderkop/Bapo). This is a review trigger only; substantive corpus eligibility still requires acquired-text case-centrality, text-quality and duplicate review.",SEARCH-MEDIA-ARCHIVE-PRESCREEN,strict_documented
DISC-MEDIA-0322,media,Water Fail Farlam Commission Bows To Industry Secrecy,2012,Daily Maverick,https://www.dailymaverick.co.za/opinionista/2012-10-10-water-fail-farlam-commission-bows-to-industry-secrecy/,candidate_pending_substantive_screen,explicit_case_title_review,"Discovered from a documented publisher archive/sitemap and the URL title contains a high-specificity case term (Marikana/Farlam/Nkaneng/Wonderkop/Bapo). This is a review trigger only; substantive corpus eligibility still requires acquired-text case-centrality, text-quality and duplicate review.",SEARCH-MEDIA-ARCHIVE-PRESCREEN,strict_documented
DISC-MEDIA-0323,media,Marikana Prequel Num And The Murders That Started It All,2012,Daily Maverick,https://www.dailymaverick.co.za/opinionista/2012-10-12-marikana-prequel-num-and-the-murders-that-started-it-all/,candidate_pending_substantive_screen,explicit_case_title_review,"Discovered from a documented publisher archive/sitemap and the URL title contains a high-specificity case term (Marikana/Farlam/Nkaneng/Wonderkop/Bapo). This is a review trigger only; substantive corpus eligibility still requires acquired-text case-centrality, text-quality and duplicate review.",SEARCH-MEDIA-ARCHIVE-PRESCREEN,strict_documented
DISC-MEDIA-0324,media,In The Thick Of Marikana The Lessons No Journalism School Can Teach You,2012,Daily Maverick,https://www.dailymaverick.co.za/opinionista/2012-10-22-in-the-thick-of-marikana-the-lessons-no-journalism-school-can-teach-you/,candidate_pending_substantive_screen,explicit_case_title_review,"Discovered from a documented publisher archive/sitemap and the URL title contains a high-specificity case term (Marikana/Farlam/Nkaneng/Wonderkop/Bapo). This is a review trigger only; substantive corpus eligibility still requires acquired-text case-centrality, text-quality and duplicate review.",SEARCH-MEDIA-ARCHIVE-PRESCREEN,strict_documented
DISC-MEDIA-0325,media,Marikana Who Murdered Num Branch Secretary Daluvuyo Bongo,2012,Daily Maverick,https://www.dailymaverick.co.za/opinionista/2012-11-02-marikana-who-murdered-num-branch-secretary-daluvuyo-bongo/,candidate_pending_substantive_screen,explicit_case_title_review,"Discovered from a documented publisher archive/sitemap and the URL title contains a high-specificity case term (Marikana/Farlam/Nkaneng/Wonderkop/Bapo). This is a review trigger only; substantive corpus eligibility still requires acquired-text case-centrality, text-quality and duplicate review.",SEARCH-MEDIA-ARCHIVE-PRESCREEN,strict_documented
DISC-MEDIA-0326,media,Marikana A Cover Up For All To See,2012,Daily Maverick,https://www.dailymaverick.co.za/opinionista/2012-11-06-marikana-a-cover-up-for-all-to-see/,candidate_pending_substantive_screen,explicit_case_title_review,"Discovered from a documented publisher archive/sitemap and the URL title contains a high-specificity case term (Marikana/Farlam/Nkaneng/Wonderkop/Bapo). This is a review trigger only; substantive corpus eligibility still requires acquired-text case-centrality, text-quality and duplicate review.",SEARCH-MEDIA-ARCHIVE-PRESCREEN,strict_documented
DISC-MEDIA-0327,media,Boston Exposes Saps Shortfall After Marikana,2013,Daily Maverick,https://www.dailymaverick.co.za/opinionista/2013-04-22-boston-exposes-saps-shortfall-after-marikana/,candidate_pending_substantive_screen,explicit_case_title_review,"Discovered from a documented publisher archive/sitemap and the URL title contains a high-specificity case term (Marikana/Farlam/Nkaneng/Wonderkop/Bapo). This is a review trigger only; substantive corpus eligibility still requires acquired-text case-centrality, text-quality and duplicate review.",SEARCH-MEDIA-ARCHIVE-PRESCREEN,strict_documented
DISC-MEDIA-0328,media,Marikana A Downward Spiral,2013,Daily Maverick,https://www.dailymaverick.co.za/opinionista/2013-05-14-marikana-a-downward-spiral/,candidate_pending_substantive_screen,explicit_case_title_review,"Discovered from a documented publisher archive/sitemap and the URL title contains a high-specificity case term (Marikana/Farlam/Nkaneng/Wonderkop/Bapo). This is a review trigger only; substantive corpus eligibility still requires acquired-text case-centrality, text-quality and duplicate review.",SEARCH-MEDIA-ARCHIVE-PRESCREEN,strict_documented
DISC-MEDIA-0329,media,Welcome To Marikana Cape Town,2013,Daily Maverick,https://www.dailymaverick.co.za/opinionista/2013-05-22-welcome-to-marikana-cape-town/,candidate_pending_substantive_screen,explicit_case_title_review,"Discovered from a documented publisher archive/sitemap and the URL title contains a high-specificity case term (Marikana/Farlam/Nkaneng/Wonderkop/Bapo). This is a review trigger only; substantive corpus eligibility still requires acquired-text case-centrality, text-quality and duplicate review.",SEARCH-MEDIA-ARCHIVE-PRESCREEN,strict_documented
DISC-MEDIA-0330,media,Marikana Commission More Questions Than Answers,2013,Daily Maverick,https://www.dailymaverick.co.za/opinionista/2013-08-01-marikana-commission-more-questions-than-answers/,candidate_pending_substantive_screen,explicit_case_title_review,"Discovered from a documented publisher archive/sitemap and the URL title contains a high-specificity case term (Marikana/Farlam/Nkaneng/Wonderkop/Bapo). This is a review trigger only; substantive corpus eligibility still requires acquired-text case-centrality, text-quality and duplicate review.",SEARCH-MEDIA-ARCHIVE-PRESCREEN,strict_documented
DISC-MEDIA-0331,media,2014 The Marikana Vote,2013,Daily Maverick,https://www.dailymaverick.co.za/opinionista/2013-08-15-2014-the-marikana-vote/,candidate_pending_substantive_screen,explicit_case_title_review,"Discovered from a documented publisher archive/sitemap and the URL title contains a high-specificity case term (Marikana/Farlam/Nkaneng/Wonderkop/Bapo). This is a review trigger only; substantive corpus eligibility still requires acquired-text case-centrality, text-quality and duplicate review.",SEARCH-MEDIA-ARCHIVE-PRESCREEN,strict_documented
DISC-MEDIA-0332,media,Is There Hope For The Marikana Commission,2013,Daily Maverick,https://www.dailymaverick.co.za/opinionista/2013-08-23-is-there-hope-for-the-marikana-commission/,candidate_pending_substantive_screen,explicit_case_title_review,"Discovered from a documented publisher archive/sitemap and the URL title contains a high-specificity case term (Marikana/Farlam/Nkaneng/Wonderkop/Bapo). This is a review trigger only; substantive corpus eligibility still requires acquired-text case-centrality, text-quality and duplicate review.",SEARCH-MEDIA-ARCHIVE-PRESCREEN,strict_documented
DISC-MEDIA-0333,media,The Marikana Commission Funding Farce An Injustice To Citizens,2013,Daily Maverick,https://www.dailymaverick.co.za/opinionista/2013-08-30-the-marikana-commission-funding-farce-an-injustice-to-citizens/,candidate_pending_substantive_screen,explicit_case_title_review,"Discovered from a documented publisher archive/sitemap and the URL title contains a high-specificity case term (Marikana/Farlam/Nkaneng/Wonderkop/Bapo). This is a review trigger only; substantive corpus eligibility still requires acquired-text case-centrality, text-quality and duplicate review.",SEARCH-MEDIA-ARCHIVE-PRESCREEN,strict_documented
DISC-MEDIA-0334,media,When The New Repeats The Old Marikana Haunts New Zuma Cabinet,2014,Daily Maverick,https://www.dailymaverick.co.za/opinionista/2014-05-29-when-the-new-repeats-the-old-marikana-haunts-new-zuma-cabinet/,candidate_pending_substantive_screen,explicit_case_title_review,"Discovered from a documented publisher archive/sitemap and the URL title contains a high-specificity case term (Marikana/Farlam/Nkaneng/Wonderkop/Bapo). This is a review trigger only; substantive corpus eligibility still requires acquired-text case-centrality, text-quality and duplicate review.",SEARCH-MEDIA-ARCHIVE-PRESCREEN,strict_documented
DISC-MEDIA-0335,media,Marikana Not The Place For Political Grandstanding,2014,Daily Maverick,https://www.dailymaverick.co.za/opinionista/2014-08-25-marikana-not-the-place-for-political-grandstanding/,candidate_pending_substantive_screen,explicit_case_title_review,"Discovered from a documented publisher archive/sitemap and the URL title contains a high-specificity case term (Marikana/Farlam/Nkaneng/Wonderkop/Bapo). This is a review trigger only; substantive corpus eligibility still requires acquired-text case-centrality, text-quality and duplicate review.",SEARCH-MEDIA-ARCHIVE-PRESCREEN,strict_documented
DISC-MEDIA-0336,media,Without A Trace Lonmins Bermuda Connection,2014,Daily Maverick,https://www.dailymaverick.co.za/opinionista/2014-09-19-without-a-trace-lonmins-bermuda-connection/,candidate_pending_substantive_screen,lonmin_only_title_review,"Discovered from a documented publisher archive/sitemap and the URL title contains Lonmin without a high-specificity Marikana case term. Lonmin-only matches can be unrelated corporate or financial stories, so this record is not provisionally eligible and requires acquired-text substantive screening before any inclusion decision.",SEARCH-MEDIA-ARCHIVE-PRESCREEN,strict_documented
DISC-MEDIA-0337,media,Before Marikana There Was The Deadly Sasol Strike,2014,Daily Maverick,https://www.dailymaverick.co.za/opinionista/2014-10-22-before-marikana-there-was-the-deadly-sasol-strike/,candidate_pending_substantive_screen,explicit_case_title_review,"Discovered from a documented publisher archive/sitemap and the URL title contains a high-specificity case term (Marikana/Farlam/Nkaneng/Wonderkop/Bapo). This is a review trigger only; substantive corpus eligibility still requires acquired-text case-centrality, text-quality and duplicate review.",SEARCH-MEDIA-ARCHIVE-PRESCREEN,strict_documented
DISC-MEDIA-0338,media,Post Marikana Sa Birthing The New Student Politics,2015,Daily Maverick,https://www.dailymaverick.co.za/opinionista/2015-04-07-post-marikana-sa-birthing-the-new-student-politics/,candidate_pending_substantive_screen,explicit_case_title_review,"Discovered from a documented publisher archive/sitemap and the URL title contains a high-specificity case term (Marikana/Farlam/Nkaneng/Wonderkop/Bapo). This is a review trigger only; substantive corpus eligibility still requires acquired-text case-centrality, text-quality and duplicate review.",SEARCH-MEDIA-ARCHIVE-PRESCREEN,strict_documented
DISC-MEDIA-0339,media,Rhodeshasfallen But Dont Forget Marikana Xenophobia Poverty,2015,Daily Maverick,https://www.dailymaverick.co.za/opinionista/2015-04-09-rhodeshasfallen-but-dont-forget-marikana-xenophobia-poverty/,candidate_pending_substantive_screen,explicit_case_title_review,"Discovered from a documented publisher archive/sitemap and the URL title contains a high-specificity case term (Marikana/Farlam/Nkaneng/Wonderkop/Bapo). This is a review trigger only; substantive corpus eligibility still requires acquired-text case-centrality, text-quality and duplicate review.",SEARCH-MEDIA-ARCHIVE-PRESCREEN,strict_documented
DISC-MEDIA-0340,media,Marikana The Breakdown In More Ways Than One,2015,Daily Maverick,https://www.dailymaverick.co.za/opinionista/2015-06-02-marikana-the-breakdown-in-more-ways-than-one/,candidate_pending_substantive_screen,explicit_case_title_review,"Discovered from a documented publisher archive/sitemap and the URL title contains a high-specificity case term (Marikana/Farlam/Nkaneng/Wonderkop/Bapo). This is a review trigger only; substantive corpus eligibility still requires acquired-text case-centrality, text-quality and duplicate review.",SEARCH-MEDIA-ARCHIVE-PRESCREEN,strict_documented
DISC-MEDIA-0341,media,Judge Farlams Accidental Massacre,2015,Daily Maverick,https://www.dailymaverick.co.za/opinionista/2015-06-26-judge-farlams-accidental-massacre/,candidate_pending_substantive_screen,explicit_case_title_review,"Discovered from a documented publisher archive/sitemap and the URL title contains a high-specificity case term (Marikana/Farlam/Nkaneng/Wonderkop/Bapo). This is a review trigger only; substantive corpus eligibility still requires acquired-text case-centrality, text-quality and duplicate review.",SEARCH-MEDIA-ARCHIVE-PRESCREEN,strict_documented
DISC-MEDIA-0342,media,South Africa Post Marikana Report Still Waiting For Leadership,2015,Daily Maverick,https://www.dailymaverick.co.za/opinionista/2015-06-29-south-africa-post-marikana-report-still-waiting-for-leadership/,candidate_pending_substantive_screen,explicit_case_title_review,"Discovered from a documented publisher archive/sitemap and the URL title contains a high-specificity case term (Marikana/Farlam/Nkaneng/Wonderkop/Bapo). This is a review trigger only; substantive corpus eligibility still requires acquired-text case-centrality, text-quality and duplicate review.",SEARCH-MEDIA-ARCHIVE-PRESCREEN,strict_documented
DISC-MEDIA-0343,media,Marikana Reflects The Accountability Deficit Of Zumas Administration,2015,Daily Maverick,https://www.dailymaverick.co.za/opinionista/2015-07-06-marikana-reflects-the-accountability-deficit-of-zumas-administration/,candidate_pending_substantive_screen,explicit_case_title_review,"Discovered from a documented publisher archive/sitemap and the URL title contains a high-specificity case term (Marikana/Farlam/Nkaneng/Wonderkop/Bapo). This is a review trigger only; substantive corpus eligibility still requires acquired-text case-centrality, text-quality and duplicate review.",SEARCH-MEDIA-ARCHIVE-PRESCREEN,strict_documented
DISC-MEDIA-0344,media,Marikana A Lesson In The Vulnerability Of The Black Body,2015,Daily Maverick,https://www.dailymaverick.co.za/opinionista/2015-08-12-marikana-a-lesson-in-the-vulnerability-of-the-black-body/,candidate_pending_substantive_screen,explicit_case_title_review,"Discovered from a documented publisher archive/sitemap and the URL title contains a high-specificity case term (Marikana/Farlam/Nkaneng/Wonderkop/Bapo). This is a review trigger only; substantive corpus eligibility still requires acquired-text case-centrality, text-quality and duplicate review.",SEARCH-MEDIA-ARCHIVE-PRESCREEN,strict_documented
DISC-MEDIA-0345,media,A Burning Bus Are We Headed For Marikana Mk Ii,2016,Daily Maverick,https://www.dailymaverick.co.za/opinionista/2016-10-13-a-burning-bus-are-we-headed-for-marikana-mk-ii/,candidate_pending_substantive_screen,explicit_case_title_review,"Discovered from a documented publisher archive/sitemap and the URL title contains a high-specificity case term (Marikana/Farlam/Nkaneng/Wonderkop/Bapo). This is a review trigger only; substantive corpus eligibility still requires acquired-text case-centrality, text-quality and duplicate review.",SEARCH-MEDIA-ARCHIVE-PRESCREEN,strict_documented
DISC-MEDIA-0346,media,Marikana Unmasking Ramaphosas Rhetoric Narrow Apology And Lies,2017,Daily Maverick,https://www.dailymaverick.co.za/opinionista/2017-06-13-marikana-unmasking-ramaphosas-rhetoric-narrow-apology-and-lies/,candidate_pending_substantive_screen,explicit_case_title_review,"Discovered from a documented publisher archive/sitemap and the URL title contains a high-specificity case term (Marikana/Farlam/Nkaneng/Wonderkop/Bapo). This is a review trigger only; substantive corpus eligibility still requires acquired-text case-centrality, text-quality and duplicate review.",SEARCH-MEDIA-ARCHIVE-PRESCREEN,strict_documented
DISC-MEDIA-0347,media,From The Inside The Other Marikana And Its Implications,2017,Daily Maverick,https://www.dailymaverick.co.za/opinionista/2017-09-10-from-the-inside-the-other-marikana-and-its-implications/,candidate_pending_substantive_screen,explicit_case_title_review,"Discovered from a documented publisher archive/sitemap and the URL title contains a high-specificity case term (Marikana/Farlam/Nkaneng/Wonderkop/Bapo). This is a review trigger only; substantive corpus eligibility still requires acquired-text case-centrality, text-quality and duplicate review.",SEARCH-MEDIA-ARCHIVE-PRESCREEN,strict_documented
DISC-MEDIA-0348,media,Marikana The Axe Forgets But The Tree Remembers,2018,Daily Maverick,https://www.dailymaverick.co.za/opinionista/2018-11-07-marikana-the-axe-forgets-but-the-tree-remembers/,candidate_pending_substantive_screen,explicit_case_title_review,"Discovered from a documented publisher archive/sitemap and the URL title contains a high-specificity case term (Marikana/Farlam/Nkaneng/Wonderkop/Bapo). This is a review trigger only; substantive corpus eligibility still requires acquired-text case-centrality, text-quality and duplicate review.",SEARCH-MEDIA-ARCHIVE-PRESCREEN,strict_documented
DISC-MEDIA-0349,media,Da Appropriation Of Marikana And Life Esidimeni Names Is Crude Partly Political Electioneering,2019,Daily Maverick,https://www.dailymaverick.co.za/opinionista/2019-01-18-da-appropriation-of-marikana-and-life-esidimeni-names-is-crude-partly-political-electioneering/,candidate_pending_substantive_screen,explicit_case_title_review,"Discovered from a documented publisher archive/sitemap and the URL title contains a high-specificity case term (Marikana/Farlam/Nkaneng/Wonderkop/Bapo). This is a review trigger only; substantive corpus eligibility still requires acquired-text case-centrality, text-quality and duplicate review.",SEARCH-MEDIA-ARCHIVE-PRESCREEN,strict_documented
DISC-MEDIA-0350,media,As We Commemorate Marikana Reconciliation Should Be Our Priority,2019,Daily Maverick,https://www.dailymaverick.co.za/opinionista/2019-08-15-as-we-commemorate-marikana-reconciliation-should-be-our-priority/,candidate_pending_substantive_screen,explicit_case_title_review,"Discovered from a documented publisher archive/sitemap and the URL title contains a high-specificity case term (Marikana/Farlam/Nkaneng/Wonderkop/Bapo). This is a review trigger only; substantive corpus eligibility still requires acquired-text case-centrality, text-quality and duplicate review.",SEARCH-MEDIA-ARCHIVE-PRESCREEN,strict_documented
DISC-MEDIA-0351,media,Marikana Memories A Place Of Hard Hearts Cold Courage And Brutal Vengeance,2019,Daily Maverick,https://www.dailymaverick.co.za/opinionista/2019-08-18-marikana-memories-a-place-of-hard-hearts-cold-courage-and-brutal-vengeance/,candidate_pending_substantive_screen,explicit_case_title_review,"Discovered from a documented publisher archive/sitemap and the URL title contains a high-specificity case term (Marikana/Farlam/Nkaneng/Wonderkop/Bapo). This is a review trigger only; substantive corpus eligibility still requires acquired-text case-centrality, text-quality and duplicate review.",SEARCH-MEDIA-ARCHIVE-PRESCREEN,strict_documented
DISC-MEDIA-0352,media,Peace Process In Jeopardy As Another Marikana Num Member Is Murdered,2019,Daily Maverick,https://www.dailymaverick.co.za/opinionista/2019-11-06-peace-process-in-jeopardy-as-another-marikana-num-member-is-murdered/,candidate_pending_substantive_screen,explicit_case_title_review,"Discovered from a documented publisher archive/sitemap and the URL title contains a high-specificity case term (Marikana/Farlam/Nkaneng/Wonderkop/Bapo). This is a review trigger only; substantive corpus eligibility still requires acquired-text case-centrality, text-quality and duplicate review.",SEARCH-MEDIA-ARCHIVE-PRESCREEN,strict_documented
DISC-MEDIA-0353,media,Dear President Ramaphosa Rein In The Security Forces Before We Have Another Marikana,2020,Daily Maverick,https://www.dailymaverick.co.za/opinionista/2020-04-14-dear-president-ramaphosa-rein-in-the-security-forces-before-we-have-another-marikana/,candidate_pending_substantive_screen,explicit_case_title_review,"Discovered from a documented publisher archive/sitemap and the URL title contains a high-specificity case term (Marikana/Farlam/Nkaneng/Wonderkop/Bapo). This is a review trigger only; substantive corpus eligibility still requires acquired-text case-centrality, text-quality and duplicate review.",SEARCH-MEDIA-ARCHIVE-PRESCREEN,strict_documented
DISC-MEDIA-0354,media,Marikana The Long Wait For Truth Justice And Compensation,2020,Daily Maverick,https://www.dailymaverick.co.za/opinionista/2020-08-14-marikana-the-long-wait-for-truth-justice-and-compensation/,candidate_pending_substantive_screen,explicit_case_title_review,"Discovered from a documented publisher archive/sitemap and the URL title contains a high-specificity case term (Marikana/Farlam/Nkaneng/Wonderkop/Bapo). This is a review trigger only; substantive corpus eligibility still requires acquired-text case-centrality, text-quality and duplicate review.",SEARCH-MEDIA-ARCHIVE-PRESCREEN,strict_documented
DISC-MEDIA-0355,media,Mauritius To Marikana Lessons For Zondo From Past Commissions,2020,Daily Maverick,https://www.dailymaverick.co.za/opinionista/2020-10-05-mauritius-to-marikana-lessons-for-zondo-from-past-commissions/,candidate_pending_substantive_screen,explicit_case_title_review,"Discovered from a documented publisher archive/sitemap and the URL title contains a high-specificity case term (Marikana/Farlam/Nkaneng/Wonderkop/Bapo). This is a review trigger only; substantive corpus eligibility still requires acquired-text case-centrality, text-quality and duplicate review.",SEARCH-MEDIA-ARCHIVE-PRESCREEN,strict_documented
DISC-MEDIA-0356,media,The Marikana Memorial Lecture Lessons We Learnt From That Fateful Day,2021,Daily Maverick,https://www.dailymaverick.co.za/opinionista/2021-08-17-the-marikana-memorial-lecture-lessons-we-learnt-from-that-fateful-day/,candidate_pending_substantive_screen,explicit_case_title_review,"Discovered from a documented publisher archive/sitemap and the URL title contains a high-specificity case term (Marikana/Farlam/Nkaneng/Wonderkop/Bapo). This is a review trigger only; substantive corpus eligibility still requires acquired-text case-centrality, text-quality and duplicate review.",SEARCH-MEDIA-ARCHIVE-PRESCREEN,strict_documented
DISC-MEDIA-0357,media,I Heard The Machine Gun Fire Sound Of Police Shooting Down The Mineworkers In Marikana How Did We Come To This,2021,Daily Maverick,https://www.dailymaverick.co.za/opinionista/2021-08-18-i-heard-the-machine-gun-fire-sound-of-police-shooting-down-the-mineworkers-in-marikana-how-did-we-come-to-this/,candidate_pending_substantive_screen,explicit_case_title_review,"Discovered from a documented publisher archive/sitemap and the URL title contains a high-specificity case term (Marikana/Farlam/Nkaneng/Wonderkop/Bapo). This is a review trigger only; substantive corpus eligibility still requires acquired-text case-centrality, text-quality and duplicate review.",SEARCH-MEDIA-ARCHIVE-PRESCREEN,strict_documented
DISC-MEDIA-0358,media,We Remember Marikana Will The Government And President Ramaphosa Also Remember The Massacre 10 Years Later,2022,Daily Maverick,https://www.dailymaverick.co.za/opinionista/2022-02-22-we-remember-marikana-will-the-government-and-president-ramaphosa-also-remember-the-massacre-10-years-later/,candidate_pending_substantive_screen,explicit_case_title_review,"Discovered from a documented publisher archive/sitemap and the URL title contains a high-specificity case term (Marikana/Farlam/Nkaneng/Wonderkop/Bapo). This is a review trigger only; substantive corpus eligibility still requires acquired-text case-centrality, text-quality and duplicate review.",SEARCH-MEDIA-ARCHIVE-PRESCREEN,strict_documented
DISC-MEDIA-0359,media,Minister Thulas Nxesi Beware Another Marikana Brewing While You Sleep,2022,Daily Maverick,https://www.dailymaverick.co.za/opinionista/2022-05-08-minister-thulas-nxesi-beware-another-marikana-brewing-while-you-sleep/,candidate_pending_substantive_screen,explicit_case_title_review,"Discovered from a documented publisher archive/sitemap and the URL title contains a high-specificity case term (Marikana/Farlam/Nkaneng/Wonderkop/Bapo). This is a review trigger only; substantive corpus eligibility still requires acquired-text case-centrality, text-quality and duplicate review.",SEARCH-MEDIA-ARCHIVE-PRESCREEN,strict_documented
DISC-MEDIA-0360,media,Lets Never Forget The Marikana Massacre And Start The Daunting Task Of Building A Social Pact,2022,Daily Maverick,https://www.dailymaverick.co.za/opinionista/2022-08-18-lets-never-forget-the-marikana-massacre-and-start-the-daunting-task-of-building-a-social-pact/,candidate_pending_substantive_screen,explicit_case_title_review,"Discovered from a documented publisher archive/sitemap and the URL title contains a high-specificity case term (Marikana/Farlam/Nkaneng/Wonderkop/Bapo). This is a review trigger only; substantive corpus eligibility still requires acquired-text case-centrality, text-quality and duplicate review.",SEARCH-MEDIA-ARCHIVE-PRESCREEN,strict_documented
DISC-MEDIA-0361,media,Marikana 11 Years On Where Little Has Changed And Justice Still Evades Us,2023,Daily Maverick,https://www.dailymaverick.co.za/opinionista/2023-08-15-marikana-11-years-on-where-little-has-changed-and-justice-still-evades-us/,candidate_pending_substantive_screen,explicit_case_title_review,"Discovered from a documented publisher archive/sitemap and the URL title contains a high-specificity case term (Marikana/Farlam/Nkaneng/Wonderkop/Bapo). This is a review trigger only; substantive corpus eligibility still requires acquired-text case-centrality, text-quality and duplicate review.",SEARCH-MEDIA-ARCHIVE-PRESCREEN,strict_documented
DISC-MEDIA-0362,media,46 Year Old Man Dies In Accident At Lonmin Mine,2018,Engineering News,https://www.engineeringnews.co.za/article/46-year-old-man-dies-in-accident-at-lonmin-mine-2018-10-02,candidate_pending_substantive_screen,lonmin_only_title_review,"Discovered from a documented publisher archive/sitemap and the URL title contains Lonmin without a high-specificity Marikana case term. Lonmin-only matches can be unrelated corporate or financial stories, so this record is not provisionally eligible and requires acquired-text substantive screening before any inclusion decision.",SEARCH-MEDIA-ARCHIVE-PRESCREEN,strict_documented
DISC-MEDIA-0363,media,Amcu Blasts Zuma Over Marikana Plan,2016,Engineering News,https://www.engineeringnews.co.za/article/amcu-blasts-zuma-over-marikana-plan-2016-12-13-1,candidate_pending_substantive_screen,explicit_case_title_review,"Discovered from a documented publisher archive/sitemap and the URL title contains a high-specificity case term (Marikana/Farlam/Nkaneng/Wonderkop/Bapo). This is a review trigger only; substantive corpus eligibility still requires acquired-text case-centrality, text-quality and duplicate review.",SEARCH-MEDIA-ARCHIVE-PRESCREEN,strict_documented
DISC-MEDIA-0364,media,Amcu Calls For Inquest Into South African Mining Fatalities Another Person Dies At Marikana,2021,Engineering News,https://www.engineeringnews.co.za/article/amcu-calls-for-inquest-into-south-african-mining-fatalities-another-person-dies-at-marikana-2021-11-23,candidate_pending_substantive_screen,explicit_case_title_review,"Discovered from a documented publisher archive/sitemap and the URL title contains a high-specificity case term (Marikana/Farlam/Nkaneng/Wonderkop/Bapo). This is a review trigger only; substantive corpus eligibility still requires acquired-text case-centrality, text-quality and duplicate review.",SEARCH-MEDIA-ARCHIVE-PRESCREEN,strict_documented
DISC-MEDIA-0365,media,Amcu Laments Lack Of Consultation Over Sibanye Stillwaters Acquisition Of Lonmin,2017,Engineering News,https://www.engineeringnews.co.za/article/amcu-laments-lack-of-consultation-over-sibanye-stillwaters-acquisition-of-lonmin-2017-12-15,candidate_pending_substantive_screen,lonmin_only_title_review,"Discovered from a documented publisher archive/sitemap and the URL title contains Lonmin without a high-specificity Marikana case term. Lonmin-only matches can be unrelated corporate or financial stories, so this record is not provisionally eligible and requires acquired-text substantive screening before any inclusion decision.",SEARCH-MEDIA-ARCHIVE-PRESCREEN,strict_documented
DISC-MEDIA-0366,media,Amcu Lonmin Find Strike Averting Meeting Point Deputy President,2013,Engineering News,https://www.engineeringnews.co.za/article/amcu-lonmin-find-strike-averting-meeting-point-deputy-president-2013-06-21,candidate_pending_substantive_screen,lonmin_only_title_review,"Discovered from a documented publisher archive/sitemap and the URL title contains Lonmin without a high-specificity Marikana case term. Lonmin-only matches can be unrelated corporate or financial stories, so this record is not provisionally eligible and requires acquired-text substantive screening before any inclusion decision.",SEARCH-MEDIA-ARCHIVE-PRESCREEN,strict_documented
DISC-MEDIA-0367,media,Amcu Lonmin Talks Reach Deadlock Formal Arbitration To Start,2013,Engineering News,https://www.engineeringnews.co.za/article/amcu-lonmin-talks-reach-deadlock-formal-arbitration-to-start-2013-05-23,candidate_pending_substantive_screen,lonmin_only_title_review,"Discovered from a documented publisher archive/sitemap and the URL title contains Lonmin without a high-specificity Marikana case term. Lonmin-only matches can be unrelated corporate or financial stories, so this record is not provisionally eligible and requires acquired-text substantive screening before any inclusion decision.",SEARCH-MEDIA-ARCHIVE-PRESCREEN,strict_documented
DISC-MEDIA-0368,media,Amcu Moves To Overturn Sibanyes Lonmin Deal,2018,Engineering News,https://www.engineeringnews.co.za/article/amcu-moves-to-overturn-sibanyes-lonmin-deal-2018-12-20,candidate_pending_substantive_screen,lonmin_only_title_review,"Discovered from a documented publisher archive/sitemap and the URL title contains Lonmin without a high-specificity Marikana case term. Lonmin-only matches can be unrelated corporate or financial stories, so this record is not provisionally eligible and requires acquired-text substantive screening before any inclusion decision.",SEARCH-MEDIA-ARCHIVE-PRESCREEN,strict_documented
DISC-MEDIA-0369,media,Amcu Slams Lonmin Sibanye Merger Over Magnitude Of Job Losses At Appeal Court,2019,Engineering News,https://www.engineeringnews.co.za/article/amcu-slams-lonmin-sibanye-merger-over-magnitude-of-job-losses-at-appeal-court-2019-04-08,candidate_pending_substantive_screen,lonmin_only_title_review,"Discovered from a documented publisher archive/sitemap and the URL title contains Lonmin without a high-specificity Marikana case term. Lonmin-only matches can be unrelated corporate or financial stories, so this record is not provisionally eligible and requires acquired-text substantive screening before any inclusion decision.",SEARCH-MEDIA-ARCHIVE-PRESCREEN,strict_documented
DISC-MEDIA-0370,media,Amcu Stands Firm On R12 500 Demand Lonmin Calls On Union To Reconsider 9,2014,Engineering News,https://www.engineeringnews.co.za/article/amcu-stands-firm-on-r12-500-demand-lonmin-calls-on-union-to-reconsider-9-2014-04-03,candidate_pending_substantive_screen,lonmin_only_title_review,"Discovered from a documented publisher archive/sitemap and the URL title contains Lonmin without a high-specificity Marikana case term. Lonmin-only matches can be unrelated corporate or financial stories, so this record is not provisionally eligible and requires acquired-text substantive screening before any inclusion decision.",SEARCH-MEDIA-ARCHIVE-PRESCREEN,strict_documented
DISC-MEDIA-0371,media,Amcu Threatens To Strike At Lonmin Operations,2013,Engineering News,https://www.engineeringnews.co.za/article/amcu-threatens-to-strike-at-lonmin-operations-2013-06-06,candidate_pending_substantive_screen,lonmin_only_title_review,"Discovered from a documented publisher archive/sitemap and the URL title contains Lonmin without a high-specificity Marikana case term. Lonmin-only matches can be unrelated corporate or financial stories, so this record is not provisionally eligible and requires acquired-text substantive screening before any inclusion decision.",SEARCH-MEDIA-ARCHIVE-PRESCREEN,strict_documented
DISC-MEDIA-0372,media,Amcu To Commemorate Marikana Celebrate Womens Month With Upcoming Events,2021,Engineering News,https://www.engineeringnews.co.za/article/amcu-to-commemorate-marikana-celebrate-womens-month-with-upcoming-events-2021-08-11,candidate_pending_substantive_screen,explicit_case_title_review,"Discovered from a documented publisher archive/sitemap and the URL title contains a high-specificity case term (Marikana/Farlam/Nkaneng/Wonderkop/Bapo). This is a review trigger only; substantive corpus eligibility still requires acquired-text case-centrality, text-quality and duplicate review.",SEARCH-MEDIA-ARCHIVE-PRESCREEN,strict_documented
DISC-MEDIA-0373,media,Amcu To Serve Strike Notice On Lonmin Implats,2014,Engineering News,https://www.engineeringnews.co.za/article/amcu-to-serve-strike-notice-on-lonmin-implats-2014-01-17,candidate_pending_substantive_screen,lonmin_only_title_review,"Discovered from a documented publisher archive/sitemap and the URL title contains Lonmin without a high-specificity Marikana case term. Lonmin-only matches can be unrelated corporate or financial stories, so this record is not provisionally eligible and requires acquired-text substantive screening before any inclusion decision.",SEARCH-MEDIA-ARCHIVE-PRESCREEN,strict_documented
DISC-MEDIA-0374,media,Amnesty Condemns Lonmin Housing As Miner Sees More Spending Cuts,2016,Engineering News,https://www.engineeringnews.co.za/article/amnesty-condemns-lonmin-housing-as-miner-sees-more-spending-cuts-2016-08-15,candidate_pending_substantive_screen,lonmin_only_title_review,"Discovered from a documented publisher archive/sitemap and the URL title contains Lonmin without a high-specificity Marikana case term. Lonmin-only matches can be unrelated corporate or financial stories, so this record is not provisionally eligible and requires acquired-text substantive screening before any inclusion decision.",SEARCH-MEDIA-ARCHIVE-PRESCREEN,strict_documented
DISC-MEDIA-0375,media,Amplats Lonmin Workers To Strike In Support Of Sibanyes Gold Employees,2019,Engineering News,https://www.engineeringnews.co.za/article/amplats-lonmin-workers-to-strike-in-support-of-sibanyes-gold-employees-2019-02-21,candidate_pending_substantive_screen,lonmin_only_title_review,"Discovered from a documented publisher archive/sitemap and the URL title contains Lonmin without a high-specificity Marikana case term. Lonmin-only matches can be unrelated corporate or financial stories, so this record is not provisionally eligible and requires acquired-text substantive screening before any inclusion decision.",SEARCH-MEDIA-ARCHIVE-PRESCREEN,strict_documented
DISC-MEDIA-0376,media,Announcement On Farlam Inquiry Soon Nhleko,2016,Engineering News,https://www.engineeringnews.co.za/article/announcement-on-farlam-inquiry-soon-nhleko-2016-04-22,candidate_pending_substantive_screen,explicit_case_title_review,"Discovered from a documented publisher archive/sitemap and the URL title contains a high-specificity case term (Marikana/Farlam/Nkaneng/Wonderkop/Bapo). This is a review trigger only; substantive corpus eligibility still requires acquired-text case-centrality, text-quality and duplicate review.",SEARCH-MEDIA-ARCHIVE-PRESCREEN,strict_documented
DISC-MEDIA-0377,media,Bank Says Lonmin Investors Should Reject Sibanye Offer,2019,Engineering News,https://www.engineeringnews.co.za/article/bank-says-lonmin-investors-should-reject-sibanye-offer-2019-05-24,candidate_pending_substantive_screen,lonmin_only_title_review,"Discovered from a documented publisher archive/sitemap and the URL title contains Lonmin without a high-specificity Marikana case term. Lonmin-only matches can be unrelated corporate or financial stories, so this record is not provisionally eligible and requires acquired-text substantive screening before any inclusion decision.",SEARCH-MEDIA-ARCHIVE-PRESCREEN,strict_documented
DISC-MEDIA-0378,media,Bapo Cancel Protest March Against Lonmin After Reaching New Employment Deal,2015,Engineering News,https://www.engineeringnews.co.za/article/bapo-cancel-protest-march-against-lonmin-after-reaching-new-employment-deal-2015-06-17,candidate_pending_substantive_screen,explicit_case_title_review,"Discovered from a documented publisher archive/sitemap and the URL title contains a high-specificity case term (Marikana/Farlam/Nkaneng/Wonderkop/Bapo). This is a review trigger only; substantive corpus eligibility still requires acquired-text case-centrality, text-quality and duplicate review.",SEARCH-MEDIA-ARCHIVE-PRESCREEN,strict_documented
DISC-MEDIA-0379,media,Battle To Keep Lonmin Platinum Deal Alive Hinges On The Rand,2018,Engineering News,https://www.engineeringnews.co.za/article/battle-to-keep-lonmin-platinum-deal-alive-hinges-on-the-rand-2018-03-09,candidate_pending_substantive_screen,lonmin_only_title_review,"Discovered from a documented publisher archive/sitemap and the URL title contains Lonmin without a high-specificity Marikana case term. Lonmin-only matches can be unrelated corporate or financial stories, so this record is not provisionally eligible and requires acquired-text substantive screening before any inclusion decision.",SEARCH-MEDIA-ARCHIVE-PRESCREEN,strict_documented
DISC-MEDIA-0380,media,Beamish Appointment As Lonmin Chair Made Permanent,2014,Engineering News,https://www.engineeringnews.co.za/article/beamish-appointment-as-lonmin-chair-made-permanent-2014-07-22,candidate_pending_substantive_screen,lonmin_only_title_review,"Discovered from a documented publisher archive/sitemap and the URL title contains Lonmin without a high-specificity Marikana case term. Lonmin-only matches can be unrelated corporate or financial stories, so this record is not provisionally eligible and requires acquired-text substantive screening before any inclusion decision.",SEARCH-MEDIA-ARCHIVE-PRESCREEN,strict_documented
DISC-MEDIA-0381,media,Bid To Have Lonmins Mining Licence Suspended Heads To Court,2018,Engineering News,https://www.engineeringnews.co.za/article/bid-to-have-lonmins-mining-licence-suspended-heads-to-court-2018-10-25,candidate_pending_substantive_screen,lonmin_only_title_review,"Discovered from a documented publisher archive/sitemap and the URL title contains Lonmin without a high-specificity Marikana case term. Lonmin-only matches can be unrelated corporate or financial stories, so this record is not provisionally eligible and requires acquired-text substantive screening before any inclusion decision.",SEARCH-MEDIA-ARCHIVE-PRESCREEN,strict_documented
DISC-MEDIA-0382,media,Bright Interims Better Output Lift Lonmin Share Price,2016,Engineering News,https://www.engineeringnews.co.za/article/bright-interims-better-output-lift-lonmin-share-price-2016-05-16,candidate_pending_substantive_screen,lonmin_only_title_review,"Discovered from a documented publisher archive/sitemap and the URL title contains Lonmin without a high-specificity Marikana case term. Lonmin-only matches can be unrelated corporate or financial stories, so this record is not provisionally eligible and requires acquired-text substantive screening before any inclusion decision.",SEARCH-MEDIA-ARCHIVE-PRESCREEN,strict_documented
DISC-MEDIA-0383,media,Britains Competition Watchdog To Look Into Sibanye Lonmin Deal,2018,Engineering News,https://www.engineeringnews.co.za/article/britains-competition-watchdog-to-look-into-sibanye-lonmin-deal-2018-05-15,candidate_pending_substantive_screen,lonmin_only_title_review,"Discovered from a documented publisher archive/sitemap and the URL title contains Lonmin without a high-specificity Marikana case term. Lonmin-only matches can be unrelated corporate or financial stories, so this record is not provisionally eligible and requires acquired-text substantive screening before any inclusion decision.",SEARCH-MEDIA-ARCHIVE-PRESCREEN,strict_documented
DISC-MEDIA-0384,media,Cohesive Solutions Needed To Overcome Turbulent Period Lonmin,2016,Engineering News,https://www.engineeringnews.co.za/article/cohesive-solutions-needed-to-overcome-turbulent-period-lonmin-2016-02-18,candidate_pending_substantive_screen,lonmin_only_title_review,"Discovered from a documented publisher archive/sitemap and the URL title contains Lonmin without a high-specificity Marikana case term. Lonmin-only matches can be unrelated corporate or financial stories, so this record is not provisionally eligible and requires acquired-text substantive screening before any inclusion decision.",SEARCH-MEDIA-ARCHIVE-PRESCREEN,strict_documented
DISC-MEDIA-0385,media,Commission Of Inquiry Into The Marikana Massacre Outcomes,2015,Engineering News,https://www.engineeringnews.co.za/article/commission-of-inquiry-into-the-marikana-massacre-outcomes-2015-06-26,candidate_pending_substantive_screen,explicit_case_title_review,"Discovered from a documented publisher archive/sitemap and the URL title contains a high-specificity case term (Marikana/Farlam/Nkaneng/Wonderkop/Bapo). This is a review trigger only; substantive corpus eligibility still requires acquired-text case-centrality, text-quality and duplicate review.",SEARCH-MEDIA-ARCHIVE-PRESCREEN,strict_documented
DISC-MEDIA-0386,media,Community Lonmin To Pursue Equity Trust For Development,2014,Engineering News,https://www.engineeringnews.co.za/article/community-lonmin-to-pursue-equity-trust-for-development-2014-05-02,candidate_pending_substantive_screen,lonmin_only_title_review,"Discovered from a documented publisher archive/sitemap and the URL title contains Lonmin without a high-specificity Marikana case term. Lonmin-only matches can be unrelated corporate or financial stories, so this record is not provisionally eligible and requires acquired-text substantive screening before any inclusion decision.",SEARCH-MEDIA-ARCHIVE-PRESCREEN,strict_documented
DISC-MEDIA-0387,media,Community Members Accelerate Bid Against Key R564M Lonmin Bee Deal,2015,Engineering News,https://www.engineeringnews.co.za/article/community-members-accelerate-bid-against-key-r564m-lonmin-bee-deal-2015-06-11,candidate_pending_substantive_screen,lonmin_only_title_review,"Discovered from a documented publisher archive/sitemap and the URL title contains Lonmin without a high-specificity Marikana case term. Lonmin-only matches can be unrelated corporate or financial stories, so this record is not provisionally eligible and requires acquired-text substantive screening before any inclusion decision.",SEARCH-MEDIA-ARCHIVE-PRESCREEN,strict_documented
DISC-MEDIA-0388,media,Community Members Accelerate Bid Against R564M Lonmin Bee Deal,2015,Engineering News,https://www.engineeringnews.co.za/article/community-members-accelerate-bid-against-r564m-lonmin-bee-deal-2015-06-19,candidate_pending_substantive_screen,lonmin_only_title_review,"Discovered from a documented publisher archive/sitemap and the URL title contains Lonmin without a high-specificity Marikana case term. Lonmin-only matches can be unrelated corporate or financial stories, so this record is not provisionally eligible and requires acquired-text substantive screening before any inclusion decision.",SEARCH-MEDIA-ARCHIVE-PRESCREEN,strict_documented
DISC-MEDIA-0389,media,Community Members Challenge Legality Of R564M Lonmin Bee Deal,2015,Engineering News,https://www.engineeringnews.co.za/article/community-members-challenge-legality-of-r564m-lonmin-bee-deal-2015-03-17,candidate_pending_substantive_screen,lonmin_only_title_review,"Discovered from a documented publisher archive/sitemap and the URL title contains Lonmin without a high-specificity Marikana case term. Lonmin-only matches can be unrelated corporate or financial stories, so this record is not provisionally eligible and requires acquired-text substantive screening before any inclusion decision.",SEARCH-MEDIA-ARCHIVE-PRESCREEN,strict_documented
DISC-MEDIA-0390,media,Competition Appeal Court To Hold Sibanye Lonmin Merger Hearing On April 2,2019,Engineering News,https://www.engineeringnews.co.za/article/competition-appeal-court-to-hold-sibanye-lonmin-merger-hearing-on-april-2-2019-01-25,candidate_pending_substantive_screen,lonmin_only_title_review,"Discovered from a documented publisher archive/sitemap and the URL title contains Lonmin without a high-specificity Marikana case term. Lonmin-only matches can be unrelated corporate or financial stories, so this record is not provisionally eligible and requires acquired-text substantive screening before any inclusion decision.",SEARCH-MEDIA-ARCHIVE-PRESCREEN,strict_documented
DISC-MEDIA-0391,media,Competition Watchdog Imposes Conditions On Sibanye Lonmin Deal,2018,Engineering News,https://www.engineeringnews.co.za/article/competition-watchdog-imposes-conditions-on-sibanye-lonmin-deal-2018-09-18,candidate_pending_substantive_screen,lonmin_only_title_review,"Discovered from a documented publisher archive/sitemap and the URL title contains Lonmin without a high-specificity Marikana case term. Lonmin-only matches can be unrelated corporate or financial stories, so this record is not provisionally eligible and requires acquired-text substantive screening before any inclusion decision.",SEARCH-MEDIA-ARCHIVE-PRESCREEN,strict_documented
DISC-MEDIA-0392,media,Consolidation Needed To Save Jobs Lonmin,2018,Engineering News,https://www.engineeringnews.co.za/article/consolidation-needed-to-save-jobs-lonmin-2018-05-25,candidate_pending_substantive_screen,lonmin_only_title_review,"Discovered from a documented publisher archive/sitemap and the URL title contains Lonmin without a high-specificity Marikana case term. Lonmin-only matches can be unrelated corporate or financial stories, so this record is not provisionally eligible and requires acquired-text substantive screening before any inclusion decision.",SEARCH-MEDIA-ARCHIVE-PRESCREEN,strict_documented
DISC-MEDIA-0393,media,Court To Hear Urgent Marikana Application,2015,Engineering News,https://www.engineeringnews.co.za/article/court-to-hear-urgent-marikana-application-2015-06-08,candidate_pending_substantive_screen,explicit_case_title_review,"Discovered from a documented publisher archive/sitemap and the URL title contains a high-specificity case term (Marikana/Farlam/Nkaneng/Wonderkop/Bapo). This is a review trigger only; substantive corpus eligibility still requires acquired-text case-centrality, text-quality and duplicate review.",SEARCH-MEDIA-ARCHIVE-PRESCREEN,strict_documented
DISC-MEDIA-0394,media,Defence Blasts Ipid For Shoddy Investigation After Marikana Shooting In 2012,2019,Engineering News,https://www.engineeringnews.co.za/article/defence-blasts-ipid-for-shoddy-investigation-after-marikana-shooting-in-2012-2019-06-14,candidate_pending_substantive_screen,explicit_case_title_review,"Discovered from a documented publisher archive/sitemap and the URL title contains a high-specificity case term (Marikana/Farlam/Nkaneng/Wonderkop/Bapo). This is a review trigger only; substantive corpus eligibility still requires acquired-text case-centrality, text-quality and duplicate review.",SEARCH-MEDIA-ARCHIVE-PRESCREEN,strict_documented
DISC-MEDIA-0395,media,Despite Disappointing Q1 Production Figures Lonmin Maintains Fy17 Guidance,2017,Engineering News,https://www.engineeringnews.co.za/article/despite-disappointing-q1-production-figures-lonmin-maintains-fy17-guidance-2017-01-26,candidate_pending_substantive_screen,lonmin_only_title_review,"Discovered from a documented publisher archive/sitemap and the URL title contains Lonmin without a high-specificity Marikana case term. Lonmin-only matches can be unrelated corporate or financial stories, so this record is not provisionally eligible and requires acquired-text substantive screening before any inclusion decision.",SEARCH-MEDIA-ARCHIVE-PRESCREEN,strict_documented
DISC-MEDIA-0396,media,Employees Demand Solidaritys Recognition As Trade Union At Lonmin,2017,Engineering News,https://www.engineeringnews.co.za/article/employees-demand-solidaritys-recognition-as-trade-union-at-lonmin-2017-11-10,candidate_pending_substantive_screen,lonmin_only_title_review,"Discovered from a documented publisher archive/sitemap and the URL title contains Lonmin without a high-specificity Marikana case term. Lonmin-only matches can be unrelated corporate or financial stories, so this record is not provisionally eligible and requires acquired-text substantive screening before any inclusion decision.",SEARCH-MEDIA-ARCHIVE-PRESCREEN,strict_documented
DISC-MEDIA-0397,media,Families Of Slain Marikana Miners Call On Ramaphosa To Turn His Promises Into Action,2018,Engineering News,https://www.engineeringnews.co.za/article/families-of-slain-marikana-miners-call-on-ramaphosa-to-turn-his-promises-into-action-2018-02-22,candidate_pending_substantive_screen,explicit_case_title_review,"Discovered from a documented publisher archive/sitemap and the URL title contains a high-specificity case term (Marikana/Farlam/Nkaneng/Wonderkop/Bapo). This is a review trigger only; substantive corpus eligibility still requires acquired-text case-centrality, text-quality and duplicate review.",SEARCH-MEDIA-ARCHIVE-PRESCREEN,strict_documented
DISC-MEDIA-0398,media,Farlam Report Raises Issues About Mining Stability As A Whole,2015,Engineering News,https://www.engineeringnews.co.za/article/farlam-report-raises-issues-about-mining-stability-as-a-whole-2015-06-29,candidate_pending_substantive_screen,explicit_case_title_review,"Discovered from a documented publisher archive/sitemap and the URL title contains a high-specificity case term (Marikana/Farlam/Nkaneng/Wonderkop/Bapo). This is a review trigger only; substantive corpus eligibility still requires acquired-text case-centrality, text-quality and duplicate review.",SEARCH-MEDIA-ARCHIVE-PRESCREEN,strict_documented
DISC-MEDIA-0399,media,Farlam Unhappy With Snail Pace In Implementation Of His Marikana Recommendations,2018,Engineering News,https://www.engineeringnews.co.za/article/farlam-unhappy-with-snail-pace-in-implementation-of-his-marikana-recommendations-2018-08-16,candidate_pending_substantive_screen,explicit_case_title_review,"Discovered from a documented publisher archive/sitemap and the URL title contains a high-specificity case term (Marikana/Farlam/Nkaneng/Wonderkop/Bapo). This is a review trigger only; substantive corpus eligibility still requires acquired-text case-centrality, text-quality and duplicate review.",SEARCH-MEDIA-ARCHIVE-PRESCREEN,strict_documented
DISC-MEDIA-0400,media,Farlam Wants Workers Housed Mining Charter Goes To Court Coal Firms Transform For Eskom,2015,Engineering News,https://www.engineeringnews.co.za/article/farlam-wants-workers-housed-mining-charter-goes-to-court-coal-firms-transform-for-eskom-2015-06-26,candidate_pending_substantive_screen,explicit_case_title_review,"Discovered from a documented publisher archive/sitemap and the URL title contains a high-specificity case term (Marikana/Farlam/Nkaneng/Wonderkop/Bapo). This is a review trigger only; substantive corpus eligibility still requires acquired-text case-centrality, text-quality and duplicate review.",SEARCH-MEDIA-ARCHIVE-PRESCREEN,strict_documented
DISC-MEDIA-0401,media,Former Top Cop Back In The Dock Over Shooting Of 30 Mine Workers At Marikana,2019,Engineering News,https://www.engineeringnews.co.za/article/former-top-cop-back-in-the-dock-over-shooting-of-30-mine-workers-at-marikana-2019-10-29,candidate_pending_substantive_screen,explicit_case_title_review,"Discovered from a documented publisher archive/sitemap and the URL title contains a high-specificity case term (Marikana/Farlam/Nkaneng/Wonderkop/Bapo). This is a review trigger only; substantive corpus eligibility still requires acquired-text case-centrality, text-quality and duplicate review.",SEARCH-MEDIA-ARCHIVE-PRESCREEN,strict_documented
DISC-MEDIA-0402,media,Full Ownership Of Pandora Jv Set To Unlock Significant Potential For Lonmin,2018,Engineering News,https://www.engineeringnews.co.za/article/full-ownership-of-pandora-jv-set-to-unlock-significant-potential-for-lonmin-2018-01-19,candidate_pending_substantive_screen,lonmin_only_title_review,"Discovered from a documented publisher archive/sitemap and the URL title contains Lonmin without a high-specificity Marikana case term. Lonmin-only matches can be unrelated corporate or financial stories, so this record is not provisionally eligible and requires acquired-text substantive screening before any inclusion decision.",SEARCH-MEDIA-ARCHIVE-PRESCREEN,strict_documented
DISC-MEDIA-0403,media,Glencore To Divest Its Lonmin Stake,2015,Engineering News,https://www.engineeringnews.co.za/article/glencore-to-divest-its-lonmin-stake-2015-02-11,candidate_pending_substantive_screen,lonmin_only_title_review,"Discovered from a documented publisher archive/sitemap and the URL title contains Lonmin without a high-specificity Marikana case term. Lonmin-only matches can be unrelated corporate or financial stories, so this record is not provisionally eligible and requires acquired-text substantive screening before any inclusion decision.",SEARCH-MEDIA-ARCHIVE-PRESCREEN,strict_documented
DISC-MEDIA-0404,media,Government Confirms Lawsuits From Marikana Victims Total Close To R12Bn,2017,Engineering News,https://www.engineeringnews.co.za/article/government-confirms-lawsuits-from-marikana-victims-total-close-to-r12bn-2017-03-15,candidate_pending_substantive_screen,explicit_case_title_review,"Discovered from a documented publisher archive/sitemap and the URL title contains a high-specificity case term (Marikana/Farlam/Nkaneng/Wonderkop/Bapo). This is a review trigger only; substantive corpus eligibility still requires acquired-text case-centrality, text-quality and duplicate review.",SEARCH-MEDIA-ARCHIVE-PRESCREEN,strict_documented
DISC-MEDIA-0405,media,Government Ready To Compensate Marikana Victims Zuma,2016,Engineering News,https://www.engineeringnews.co.za/article/government-ready-to-compensate-marikana-victims-zuma-2016-12-12,candidate_pending_substantive_screen,explicit_case_title_review,"Discovered from a documented publisher archive/sitemap and the URL title contains a high-specificity case term (Marikana/Farlam/Nkaneng/Wonderkop/Bapo). This is a review trigger only; substantive corpus eligibility still requires acquired-text case-centrality, text-quality and duplicate review.",SEARCH-MEDIA-ARCHIVE-PRESCREEN,strict_documented
DISC-MEDIA-0406,media,Govt Has Paid Over R330M In Taxpayer Money In Marikana Litigation,2023,Engineering News,https://www.engineeringnews.co.za/article/govt-has-paid-over-r330m-in-taxpayer-money-in-marikana-litigation-2023-08-17,candidate_pending_substantive_screen,explicit_case_title_review,"Discovered from a documented publisher archive/sitemap and the URL title contains a high-specificity case term (Marikana/Farlam/Nkaneng/Wonderkop/Bapo). This is a review trigger only; substantive corpus eligibility still requires acquired-text case-centrality, text-quality and duplicate review.",SEARCH-MEDIA-ARCHIVE-PRESCREEN,strict_documented
DISC-MEDIA-0407,media,Govt Observes Anniversary Of Marikana Tragedy,2019,Engineering News,https://www.engineeringnews.co.za/article/govt-observes-anniversary-of-marikana-tragedy-2019-08-16,candidate_pending_substantive_screen,explicit_case_title_review,"Discovered from a documented publisher archive/sitemap and the URL title contains a high-specificity case term (Marikana/Farlam/Nkaneng/Wonderkop/Bapo). This is a review trigger only; substantive corpus eligibility still requires acquired-text case-centrality, text-quality and duplicate review.",SEARCH-MEDIA-ARCHIVE-PRESCREEN,strict_documented
DISC-MEDIA-0408,media,Govt To Expedite Processing Of Marikana Civil Claims,2015,Engineering News,https://www.engineeringnews.co.za/article/govt-to-expedite-processing-of-marikana-civil-claims-2015-10-14,candidate_pending_substantive_screen,explicit_case_title_review,"Discovered from a documented publisher archive/sitemap and the URL title contains a high-specificity case term (Marikana/Farlam/Nkaneng/Wonderkop/Bapo). This is a review trigger only; substantive corpus eligibility still requires acquired-text case-centrality, text-quality and duplicate review.",SEARCH-MEDIA-ARCHIVE-PRESCREEN,strict_documented
DISC-MEDIA-0409,media,Illegal Strike Erupts At Lonmin,2013,Engineering News,https://www.engineeringnews.co.za/article/illegal-strike-erupts-at-lonmin-2013-03-05,candidate_pending_substantive_screen,lonmin_only_title_review,"Discovered from a documented publisher archive/sitemap and the URL title contains Lonmin without a high-specificity Marikana case term. Lonmin-only matches can be unrelated corporate or financial stories, so this record is not provisionally eligible and requires acquired-text substantive screening before any inclusion decision.",SEARCH-MEDIA-ARCHIVE-PRESCREEN,strict_documented
DISC-MEDIA-0410,media,Improving Miners Lives Best Way Of Honouring Marikana Victims Zuma,2017,Engineering News,https://www.engineeringnews.co.za/article/improving-miners-lives-best-way-of-honouring-marikana-victims-zuma-2017-10-09-1,candidate_pending_substantive_screen,explicit_case_title_review,"Discovered from a documented publisher archive/sitemap and the URL title contains a high-specificity case term (Marikana/Farlam/Nkaneng/Wonderkop/Bapo). This is a review trigger only; substantive corpus eligibility still requires acquired-text case-centrality, text-quality and duplicate review.",SEARCH-MEDIA-ARCHIVE-PRESCREEN,strict_documented
DISC-MEDIA-0411,media,Independent Panel Of Experts To Help Implement Farlam Commission Findings,2016,Engineering News,https://www.engineeringnews.co.za/article/independent-panel-of-experts-to-help-implement-farlam-commission-findings-2016-01-25,candidate_pending_substantive_screen,explicit_case_title_review,"Discovered from a documented publisher archive/sitemap and the URL title contains a high-specificity case term (Marikana/Farlam/Nkaneng/Wonderkop/Bapo). This is a review trigger only; substantive corpus eligibility still requires acquired-text case-centrality, text-quality and duplicate review.",SEARCH-MEDIA-ARCHIVE-PRESCREEN,strict_documented
DISC-MEDIA-0412,media,Its Business Unusual At Improving Lonmin Munroe,2013,Engineering News,https://www.engineeringnews.co.za/article/its-business-unusual-at-improving-lonmin-munroe-2013-03-05,candidate_pending_substantive_screen,lonmin_only_title_review,"Discovered from a documented publisher archive/sitemap and the URL title contains Lonmin without a high-specificity Marikana case term. Lonmin-only matches can be unrelated corporate or financial stories, so this record is not provisionally eligible and requires acquired-text substantive screening before any inclusion decision.",SEARCH-MEDIA-ARCHIVE-PRESCREEN,strict_documented
DISC-MEDIA-0413,media,Its Business Unusual At Improving Lonmin Munroe,2013,Engineering News,https://www.engineeringnews.co.za/article/its-business-unusual-at-improving-lonmin-munroe-2013-03-15,candidate_pending_substantive_screen,lonmin_only_title_review,"Discovered from a documented publisher archive/sitemap and the URL title contains Lonmin without a high-specificity Marikana case term. Lonmin-only matches can be unrelated corporate or financial stories, so this record is not provisionally eligible and requires acquired-text substantive screening before any inclusion decision.",SEARCH-MEDIA-ARCHIVE-PRESCREEN,strict_documented
DISC-MEDIA-0414,media,Judge To Take Time To Consider Judgment On Marikana Report,2015,Engineering News,https://www.engineeringnews.co.za/article/judge-to-take-time-to-consider-judgment-on-marikana-report-2015-06-09,candidate_pending_substantive_screen,explicit_case_title_review,"Discovered from a documented publisher archive/sitemap and the URL title contains a high-specificity case term (Marikana/Farlam/Nkaneng/Wonderkop/Bapo). This is a review trigger only; substantive corpus eligibility still requires acquired-text case-centrality, text-quality and duplicate review.",SEARCH-MEDIA-ARCHIVE-PRESCREEN,strict_documented
DISC-MEDIA-0415,media,Legal Action Looming Over Marikana Report,2015,Engineering News,https://www.engineeringnews.co.za/article/legal-action-looming-over-marikana-report-2015-06-03,candidate_pending_substantive_screen,explicit_case_title_review,"Discovered from a documented publisher archive/sitemap and the URL title contains a high-specificity case term (Marikana/Farlam/Nkaneng/Wonderkop/Bapo). This is a review trigger only; substantive corpus eligibility still requires acquired-text case-centrality, text-quality and duplicate review.",SEARCH-MEDIA-ARCHIVE-PRESCREEN,strict_documented
DISC-MEDIA-0416,media,Lonmin Accelerates Union Recognition Process To Ease Marikana Tensions,2013,Engineering News,https://www.engineeringnews.co.za/article/lonmin-accelerates-union-recognition-process-to-ease-marikana-tensions-2013-05-17,candidate_pending_substantive_screen,explicit_case_title_review,"Discovered from a documented publisher archive/sitemap and the URL title contains a high-specificity case term (Marikana/Farlam/Nkaneng/Wonderkop/Bapo). This is a review trigger only; substantive corpus eligibility still requires acquired-text case-centrality, text-quality and duplicate review.",SEARCH-MEDIA-ARCHIVE-PRESCREEN,strict_documented
DISC-MEDIA-0417,media,Lonmin Accused Of Prolonging Platinum Strike By Hiding Revenue,2014,Engineering News,https://www.engineeringnews.co.za/article/lonmin-accused-of-prolonging-platinum-strike-by-hiding-revenue-2014-10-24,candidate_pending_substantive_screen,lonmin_only_title_review,"Discovered from a documented publisher archive/sitemap and the URL title contains Lonmin without a high-specificity Marikana case term. Lonmin-only matches can be unrelated corporate or financial stories, so this record is not provisionally eligible and requires acquired-text substantive screening before any inclusion decision.",SEARCH-MEDIA-ARCHIVE-PRESCREEN,strict_documented
DISC-MEDIA-0418,media,Lonmin Aims For May 14 Restart In Challenge To Platinum Strike,2014,Engineering News,https://www.engineeringnews.co.za/article/lonmin-aims-for-may-14-restart-in-challenge-to-platinum-strike-2014-05-09,candidate_pending_substantive_screen,lonmin_only_title_review,"Discovered from a documented publisher archive/sitemap and the URL title contains Lonmin without a high-specificity Marikana case term. Lonmin-only matches can be unrelated corporate or financial stories, so this record is not provisionally eligible and requires acquired-text substantive screening before any inclusion decision.",SEARCH-MEDIA-ARCHIVE-PRESCREEN,strict_documented
DISC-MEDIA-0419,media,Lonmin Amcu Celebrate Finalisation Of Landmark Bee Equity Deal,2014,Engineering News,https://www.engineeringnews.co.za/article/lonmin-amcu-celebrate-finalisation-of-landmark-bee-equity-deal-2014-12-12,candidate_pending_substantive_screen,lonmin_only_title_review,"Discovered from a documented publisher archive/sitemap and the URL title contains Lonmin without a high-specificity Marikana case term. Lonmin-only matches can be unrelated corporate or financial stories, so this record is not provisionally eligible and requires acquired-text substantive screening before any inclusion decision.",SEARCH-MEDIA-ARCHIVE-PRESCREEN,strict_documented
DISC-MEDIA-0420,media,Lonmin Amcu Fail To Reach Agreement On Union Recognition,2013,Engineering News,https://www.engineeringnews.co.za/article/lonmin-amcu-fail-to-reach-agreement-on-union-recognition-2013-05-22,candidate_pending_substantive_screen,lonmin_only_title_review,"Discovered from a documented publisher archive/sitemap and the URL title contains Lonmin without a high-specificity Marikana case term. Lonmin-only matches can be unrelated corporate or financial stories, so this record is not provisionally eligible and requires acquired-text substantive screening before any inclusion decision.",SEARCH-MEDIA-ARCHIVE-PRESCREEN,strict_documented
DISC-MEDIA-0421,media,Lonmin Appoints Coo To Board,2015,Engineering News,https://www.engineeringnews.co.za/article/lonmin-appoints-coo-to-board-2015-06-25,candidate_pending_substantive_screen,lonmin_only_title_review,"Discovered from a documented publisher archive/sitemap and the URL title contains Lonmin without a high-specificity Marikana case term. Lonmin-only matches can be unrelated corporate or financial stories, so this record is not provisionally eligible and requires acquired-text substantive screening before any inclusion decision.",SEARCH-MEDIA-ARCHIVE-PRESCREEN,strict_documented
DISC-MEDIA-0422,media,Lonmin Appoints New Cfo,2016,Engineering News,https://www.engineeringnews.co.za/article/lonmin-appoints-new-cfo-2016-04-19,candidate_pending_substantive_screen,lonmin_only_title_review,"Discovered from a documented publisher archive/sitemap and the URL title contains Lonmin without a high-specificity Marikana case term. Lonmin-only matches can be unrelated corporate or financial stories, so this record is not provisionally eligible and requires acquired-text substantive screening before any inclusion decision.",SEARCH-MEDIA-ARCHIVE-PRESCREEN,strict_documented
DISC-MEDIA-0423,media,Lonmin Artisan College Forging Ahead Despite 2012 Setbacks,2013,Engineering News,https://www.engineeringnews.co.za/article/lonmin-artisan-college-forging-ahead-despite-2012-setbacks-2013-03-05,candidate_pending_substantive_screen,lonmin_only_title_review,"Discovered from a documented publisher archive/sitemap and the URL title contains Lonmin without a high-specificity Marikana case term. Lonmin-only matches can be unrelated corporate or financial stories, so this record is not provisionally eligible and requires acquired-text substantive screening before any inclusion decision.",SEARCH-MEDIA-ARCHIVE-PRESCREEN,strict_documented
DISC-MEDIA-0424,media,Lonmin Boosts Turnaround On Upped Output Suffers Fatalities,2017,Engineering News,https://www.engineeringnews.co.za/article/lonmin-boosts-turnaround-on-upped-output-suffers-fatalities-2017-07-28,candidate_pending_substantive_screen,lonmin_only_title_review,"Discovered from a documented publisher archive/sitemap and the URL title contains Lonmin without a high-specificity Marikana case term. Lonmin-only matches can be unrelated corporate or financial stories, so this record is not provisionally eligible and requires acquired-text substantive screening before any inclusion decision.",SEARCH-MEDIA-ARCHIVE-PRESCREEN,strict_documented
DISC-MEDIA-0425,media,Lonmin Boosts Turnaround On Upped Production But Suffers Fatalities,2017,Engineering News,https://www.engineeringnews.co.za/article/lonmin-boosts-turnaround-on-upped-production-but-suffers-fatalities-2017-07-17,candidate_pending_substantive_screen,lonmin_only_title_review,"Discovered from a documented publisher archive/sitemap and the URL title contains Lonmin without a high-specificity Marikana case term. Lonmin-only matches can be unrelated corporate or financial stories, so this record is not provisionally eligible and requires acquired-text substantive screening before any inclusion decision.",SEARCH-MEDIA-ARCHIVE-PRESCREEN,strict_documented
DISC-MEDIA-0426,media,Lonmin Brings Number One Furnace Back Online,2015,Engineering News,https://www.engineeringnews.co.za/article/lonmin-brings-number-one-furnace-back-online-2015-03-10,candidate_pending_substantive_screen,lonmin_only_title_review,"Discovered from a documented publisher archive/sitemap and the URL title contains Lonmin without a high-specificity Marikana case term. Lonmin-only matches can be unrelated corporate or financial stories, so this record is not provisionally eligible and requires acquired-text substantive screening before any inclusion decision.",SEARCH-MEDIA-ARCHIVE-PRESCREEN,strict_documented
DISC-MEDIA-0427,media,Lonmin Buys Amplats Pandora Platinum Stake Lets Out Concentrator,2016,Engineering News,https://www.engineeringnews.co.za/article/lonmin-buys-amplats-pandora-platinum-stake-lets-out-concentrator-2016-11-11,candidate_pending_substantive_screen,lonmin_only_title_review,"Discovered from a documented publisher archive/sitemap and the URL title contains Lonmin without a high-specificity Marikana case term. Lonmin-only matches can be unrelated corporate or financial stories, so this record is not provisionally eligible and requires acquired-text substantive screening before any inclusion decision.",SEARCH-MEDIA-ARCHIVE-PRESCREEN,strict_documented
DISC-MEDIA-0428,media,Lonmin Buys Remaining Pandora Stake,2017,Engineering News,https://www.engineeringnews.co.za/article/lonmin-buys-remaining-pandora-stake-2017-05-15,candidate_pending_substantive_screen,lonmin_only_title_review,"Discovered from a documented publisher archive/sitemap and the URL title contains Lonmin without a high-specificity Marikana case term. Lonmin-only matches can be unrelated corporate or financial stories, so this record is not provisionally eligible and requires acquired-text substantive screening before any inclusion decision.",SEARCH-MEDIA-ARCHIVE-PRESCREEN,strict_documented
DISC-MEDIA-0429,media,Lonmin Buys Remaining Pandora Stake,2017,Engineering News,https://www.engineeringnews.co.za/article/lonmin-buys-remaining-pandora-stake-2017-05-26,candidate_pending_substantive_screen,lonmin_only_title_review,"Discovered from a documented publisher archive/sitemap and the URL title contains Lonmin without a high-specificity Marikana case term. Lonmin-only matches can be unrelated corporate or financial stories, so this record is not provisionally eligible and requires acquired-text substantive screening before any inclusion decision.",SEARCH-MEDIA-ARCHIVE-PRESCREEN,strict_documented
DISC-MEDIA-0430,media,Lonmin Ceo Confident In New Chairperson As Phillimore Set To Exit,2014,Engineering News,https://www.engineeringnews.co.za/article/lonmin-ceo-confident-in-new-chairperson-as-phillimore-set-to-exit-2014-03-31,candidate_pending_substantive_screen,lonmin_only_title_review,"Discovered from a documented publisher archive/sitemap and the URL title contains Lonmin without a high-specificity Marikana case term. Lonmin-only matches can be unrelated corporate or financial stories, so this record is not provisionally eligible and requires acquired-text substantive screening before any inclusion decision.",SEARCH-MEDIA-ARCHIVE-PRESCREEN,strict_documented
DISC-MEDIA-0431,media,Lonmin Ceo Pleads For Consolidation Approval To Save 20 000 Jobs,2018,Engineering News,https://www.engineeringnews.co.za/article/lonmin-ceo-pleads-for-consolidation-approval-to-save-20-000-jobs-2018-05-14,candidate_pending_substantive_screen,lonmin_only_title_review,"Discovered from a documented publisher archive/sitemap and the URL title contains Lonmin without a high-specificity Marikana case term. Lonmin-only matches can be unrelated corporate or financial stories, so this record is not provisionally eligible and requires acquired-text substantive screening before any inclusion decision.",SEARCH-MEDIA-ARCHIVE-PRESCREEN,strict_documented
DISC-MEDIA-0432,media,Lonmin Chairperson To Retire In 2014,2013,Engineering News,https://www.engineeringnews.co.za/article/lonmin-chairperson-to-retire-in-2014-2013-11-07,candidate_pending_substantive_screen,lonmin_only_title_review,"Discovered from a documented publisher archive/sitemap and the URL title contains Lonmin without a high-specificity Marikana case term. Lonmin-only matches can be unrelated corporate or financial stories, so this record is not provisionally eligible and requires acquired-text substantive screening before any inclusion decision.",SEARCH-MEDIA-ARCHIVE-PRESCREEN,strict_documented
DISC-MEDIA-0433,media,Lonmin Closes Bee Equity Gap,2014,Engineering News,https://www.engineeringnews.co.za/article/lonmin-closes-bee-equity-gap-2014-12-05,candidate_pending_substantive_screen,lonmin_only_title_review,"Discovered from a documented publisher archive/sitemap and the URL title contains Lonmin without a high-specificity Marikana case term. Lonmin-only matches can be unrelated corporate or financial stories, so this record is not provisionally eligible and requires acquired-text substantive screening before any inclusion decision.",SEARCH-MEDIA-ARCHIVE-PRESCREEN,strict_documented
DISC-MEDIA-0434,media,Lonmin Commits To Revising Housing Plan,2016,Engineering News,https://www.engineeringnews.co.za/article/lonmin-commits-to-revising-housing-plan-2016-12-12,candidate_pending_substantive_screen,lonmin_only_title_review,"Discovered from a documented publisher archive/sitemap and the URL title contains Lonmin without a high-specificity Marikana case term. Lonmin-only matches can be unrelated corporate or financial stories, so this record is not provisionally eligible and requires acquired-text substantive screening before any inclusion decision.",SEARCH-MEDIA-ARCHIVE-PRESCREEN,strict_documented
DISC-MEDIA-0435,media,Lonmin Committed To R500M Expenditure On Employee Apartments,2017,Engineering News,https://www.engineeringnews.co.za/article/lonmin-committed-to-r500m-expenditure-on-employee-apartments-2017-04-07,candidate_pending_substantive_screen,lonmin_only_title_review,"Discovered from a documented publisher archive/sitemap and the URL title contains Lonmin without a high-specificity Marikana case term. Lonmin-only matches can be unrelated corporate or financial stories, so this record is not provisionally eligible and requires acquired-text substantive screening before any inclusion decision.",SEARCH-MEDIA-ARCHIVE-PRESCREEN,strict_documented
DISC-MEDIA-0436,media,Lonmin Communities Celebrate Conclusion Of Bee Deals,2014,Engineering News,https://www.engineeringnews.co.za/article/lonmin-communities-celebrate-conclusion-of-bee-deals-2014-12-04,candidate_pending_substantive_screen,lonmin_only_title_review,"Discovered from a documented publisher archive/sitemap and the URL title contains Lonmin without a high-specificity Marikana case term. Lonmin-only matches can be unrelated corporate or financial stories, so this record is not provisionally eligible and requires acquired-text substantive screening before any inclusion decision.",SEARCH-MEDIA-ARCHIVE-PRESCREEN,strict_documented
DISC-MEDIA-0437,media,Lonmin Community Builds Leader A Palace With Funds Probe Finds,2016,Engineering News,https://www.engineeringnews.co.za/article/lonmin-community-builds-leader-a-palace-with-funds-probe-finds-2016-08-01,candidate_pending_substantive_screen,lonmin_only_title_review,"Discovered from a documented publisher archive/sitemap and the URL title contains Lonmin without a high-specificity Marikana case term. Lonmin-only matches can be unrelated corporate or financial stories, so this record is not provisionally eligible and requires acquired-text substantive screening before any inclusion decision.",SEARCH-MEDIA-ARCHIVE-PRESCREEN,strict_documented
DISC-MEDIA-0438,media,Lonmin Community Wants Operations Suspended On Social Failings,2017,Engineering News,https://www.engineeringnews.co.za/article/lonmin-community-wants-operations-suspended-on-social-failings-2017-10-25,candidate_pending_substantive_screen,lonmin_only_title_review,"Discovered from a documented publisher archive/sitemap and the URL title contains Lonmin without a high-specificity Marikana case term. Lonmin-only matches can be unrelated corporate or financial stories, so this record is not provisionally eligible and requires acquired-text substantive screening before any inclusion decision.",SEARCH-MEDIA-ARCHIVE-PRESCREEN,strict_documented
DISC-MEDIA-0439,media,Lonmin Completes Pandora Buyout,2017,Engineering News,https://www.engineeringnews.co.za/article/lonmin-completes-pandora-buyout-2017-12-13,candidate_pending_substantive_screen,lonmin_only_title_review,"Discovered from a documented publisher archive/sitemap and the URL title contains Lonmin without a high-specificity Marikana case term. Lonmin-only matches can be unrelated corporate or financial stories, so this record is not provisionally eligible and requires acquired-text substantive screening before any inclusion decision.",SEARCH-MEDIA-ARCHIVE-PRESCREEN,strict_documented
DISC-MEDIA-0440,media,Lonmin Confirms Work Stoppage Across Shafts,2013,Engineering News,https://www.engineeringnews.co.za/article/lonmin-confirms-work-stoppage-across-shafts-2013-05-14,candidate_pending_substantive_screen,lonmin_only_title_review,"Discovered from a documented publisher archive/sitemap and the URL title contains Lonmin without a high-specificity Marikana case term. Lonmin-only matches can be unrelated corporate or financial stories, so this record is not provisionally eligible and requires acquired-text substantive screening before any inclusion decision.",SEARCH-MEDIA-ARCHIVE-PRESCREEN,strict_documented
DISC-MEDIA-0441,media,Lonmin Consults Unions,2013,Engineering News,https://www.engineeringnews.co.za/article/lonmin-consults-unions-2013-03-01,candidate_pending_substantive_screen,lonmin_only_title_review,"Discovered from a documented publisher archive/sitemap and the URL title contains Lonmin without a high-specificity Marikana case term. Lonmin-only matches can be unrelated corporate or financial stories, so this record is not provisionally eligible and requires acquired-text substantive screening before any inclusion decision.",SEARCH-MEDIA-ARCHIVE-PRESCREEN,strict_documented
DISC-MEDIA-0442,media,Lonmin Coo Resigns,2015,Engineering News,https://www.engineeringnews.co.za/article/lonmin-coo-resigns-2015-02-24,candidate_pending_substantive_screen,lonmin_only_title_review,"Discovered from a documented publisher archive/sitemap and the URL title contains Lonmin without a high-specificity Marikana case term. Lonmin-only matches can be unrelated corporate or financial stories, so this record is not provisionally eligible and requires acquired-text substantive screening before any inclusion decision.",SEARCH-MEDIA-ARCHIVE-PRESCREEN,strict_documented
DISC-MEDIA-0443,media,Lonmin Coo Steps Down,2017,Engineering News,https://www.engineeringnews.co.za/article/lonmin-coo-steps-down-2017-03-06,candidate_pending_substantive_screen,lonmin_only_title_review,"Discovered from a documented publisher archive/sitemap and the URL title contains Lonmin without a high-specificity Marikana case term. Lonmin-only matches can be unrelated corporate or financial stories, so this record is not provisionally eligible and requires acquired-text substantive screening before any inclusion decision.",SEARCH-MEDIA-ARCHIVE-PRESCREEN,strict_documented
DISC-MEDIA-0444,media,Lonmin Cuts Spending Plan On Feeble Platinum Price Outlook,2015,Engineering News,https://www.engineeringnews.co.za/article/lonmin-cuts-spending-plan-on-feeble-platinum-price-outlook-2015-05-14,candidate_pending_substantive_screen,lonmin_only_title_review,"Discovered from a documented publisher archive/sitemap and the URL title contains Lonmin without a high-specificity Marikana case term. Lonmin-only matches can be unrelated corporate or financial stories, so this record is not provisionally eligible and requires acquired-text substantive screening before any inclusion decision.",SEARCH-MEDIA-ARCHIVE-PRESCREEN,strict_documented
DISC-MEDIA-0445,media,Lonmin Cuts Workforce Shrinks Capex Lowers Unit Costs,2015,Engineering News,https://www.engineeringnews.co.za/article/lonmin-cuts-workforce-shrinks-capex-lowers-unit-costs-2015-11-13,candidate_pending_substantive_screen,lonmin_only_title_review,"Discovered from a documented publisher archive/sitemap and the URL title contains Lonmin without a high-specificity Marikana case term. Lonmin-only matches can be unrelated corporate or financial stories, so this record is not provisionally eligible and requires acquired-text substantive screening before any inclusion decision.",SEARCH-MEDIA-ARCHIVE-PRESCREEN,strict_documented
DISC-MEDIA-0446,media,Lonmin Dec Output Ahead Of Ramp Up Target,2013,Engineering News,https://www.engineeringnews.co.za/article/lonmin-dec-output-ahead-of-ramp-up-target-2013-01-31,candidate_pending_substantive_screen,lonmin_only_title_review,"Discovered from a documented publisher archive/sitemap and the URL title contains Lonmin without a high-specificity Marikana case term. Lonmin-only matches can be unrelated corporate or financial stories, so this record is not provisionally eligible and requires acquired-text substantive screening before any inclusion decision.",SEARCH-MEDIA-ARCHIVE-PRESCREEN,strict_documented
DISC-MEDIA-0447,media,Lonmin Denies Allegations Of Tax Evasion,2014,Engineering News,https://www.engineeringnews.co.za/article/lonmin-denies-allegations-of-tax-evasion-2014-09-23,candidate_pending_substantive_screen,lonmin_only_title_review,"Discovered from a documented publisher archive/sitemap and the URL title contains Lonmin without a high-specificity Marikana case term. Lonmin-only matches can be unrelated corporate or financial stories, so this record is not provisionally eligible and requires acquired-text substantive screening before any inclusion decision.",SEARCH-MEDIA-ARCHIVE-PRESCREEN,strict_documented
DISC-MEDIA-0448,media,Lonmin Denies Media Claims Of Rebuff By Marikana Community Over Equity,2014,Engineering News,https://www.engineeringnews.co.za/article/lonmin-denies-media-claims-of-rebuff-by-marikana-community-over-equity-2014-02-28,candidate_pending_substantive_screen,explicit_case_title_review,"Discovered from a documented publisher archive/sitemap and the URL title contains a high-specificity case term (Marikana/Farlam/Nkaneng/Wonderkop/Bapo). This is a review trigger only; substantive corpus eligibility still requires acquired-text case-centrality, text-quality and duplicate review.",SEARCH-MEDIA-ARCHIVE-PRESCREEN,strict_documented
DISC-MEDIA-0449,media,Lonmin Discussing Cost Reductions For Sake Of Company Employees,2015,Engineering News,https://www.engineeringnews.co.za/article/lonmin-discussing-cost-reductions-for-sake-of-company-employees-2015-05-07,candidate_pending_substantive_screen,lonmin_only_title_review,"Discovered from a documented publisher archive/sitemap and the URL title contains Lonmin without a high-specificity Marikana case term. Lonmin-only matches can be unrelated corporate or financial stories, so this record is not provisionally eligible and requires acquired-text substantive screening before any inclusion decision.",SEARCH-MEDIA-ARCHIVE-PRESCREEN,strict_documented
DISC-MEDIA-0450,media,Lonmin Donates 50 Ha Of Land For Residential Development,2013,Engineering News,https://www.engineeringnews.co.za/article/lonmin-donates-50-ha-of-land-for-residential-development-2013-11-08,candidate_pending_substantive_screen,lonmin_only_title_review,"Discovered from a documented publisher archive/sitemap and the URL title contains Lonmin without a high-specificity Marikana case term. Lonmin-only matches can be unrelated corporate or financial stories, so this record is not provisionally eligible and requires acquired-text substantive screening before any inclusion decision.",SEARCH-MEDIA-ARCHIVE-PRESCREEN,strict_documented
DISC-MEDIA-0451,media,Lonmin Drops Vp Positions Introduces Coo In Board Shake Up,2014,Engineering News,https://www.engineeringnews.co.za/article/lonmin-drops-vp-positions-introduces-coo-in-board-shake-up-2014-08-04,candidate_pending_substantive_screen,lonmin_only_title_review,"Discovered from a documented publisher archive/sitemap and the URL title contains Lonmin without a high-specificity Marikana case term. Lonmin-only matches can be unrelated corporate or financial stories, so this record is not provisionally eligible and requires acquired-text substantive screening before any inclusion decision.",SEARCH-MEDIA-ARCHIVE-PRESCREEN,strict_documented
DISC-MEDIA-0452,media,Lonmin Employee Cut Half Done Capex Shrunk Unit Costs Lower,2015,Engineering News,https://www.engineeringnews.co.za/article/lonmin-employee-cut-half-done-capex-shrunk-unit-costs-lower-2015-11-02,candidate_pending_substantive_screen,lonmin_only_title_review,"Discovered from a documented publisher archive/sitemap and the URL title contains Lonmin without a high-specificity Marikana case term. Lonmin-only matches can be unrelated corporate or financial stories, so this record is not provisionally eligible and requires acquired-text substantive screening before any inclusion decision.",SEARCH-MEDIA-ARCHIVE-PRESCREEN,strict_documented
DISC-MEDIA-0453,media,Lonmin Employee Dies After Fall Of Ground,2016,Engineering News,https://www.engineeringnews.co.za/article/lonmin-employee-dies-after-fall-of-ground-2016-07-04,candidate_pending_substantive_screen,lonmin_only_title_review,"Discovered from a documented publisher archive/sitemap and the URL title contains Lonmin without a high-specificity Marikana case term. Lonmin-only matches can be unrelated corporate or financial stories, so this record is not provisionally eligible and requires acquired-text substantive screening before any inclusion decision.",SEARCH-MEDIA-ARCHIVE-PRESCREEN,strict_documented
DISC-MEDIA-0454,media,Lonmin Employee Killed In Mudslide,2015,Engineering News,https://www.engineeringnews.co.za/article/lonmin-employee-killed-in-mudslide-2015-10-27,candidate_pending_substantive_screen,lonmin_only_title_review,"Discovered from a documented publisher archive/sitemap and the URL title contains Lonmin without a high-specificity Marikana case term. Lonmin-only matches can be unrelated corporate or financial stories, so this record is not provisionally eligible and requires acquired-text substantive screening before any inclusion decision.",SEARCH-MEDIA-ARCHIVE-PRESCREEN,strict_documented
DISC-MEDIA-0455,media,Lonmin Going All Out To Find Partners To Help It Address Pressing Accommodation Challenge,2017,Engineering News,https://www.engineeringnews.co.za/article/lonmin-going-all-out-to-find-partners-to-help-it-address-pressing-accommodation-challenge-2017-04-07,candidate_pending_substantive_screen,lonmin_only_title_review,"Discovered from a documented publisher archive/sitemap and the URL title contains Lonmin without a high-specificity Marikana case term. Lonmin-only matches can be unrelated corporate or financial stories, so this record is not provisionally eligible and requires acquired-text substantive screening before any inclusion decision.",SEARCH-MEDIA-ARCHIVE-PRESCREEN,strict_documented
DISC-MEDIA-0456,media,Lonmin Hands Over New Marikana Primary School To Basic Education Dept,2018,Engineering News,https://www.engineeringnews.co.za/article/lonmin-hands-over-new-marikana-primary-school-to-basic-education-dept-2018-03-23,candidate_pending_substantive_screen,explicit_case_title_review,"Discovered from a documented publisher archive/sitemap and the URL title contains a high-specificity case term (Marikana/Farlam/Nkaneng/Wonderkop/Bapo). This is a review trigger only; substantive corpus eligibility still requires acquired-text case-centrality, text-quality and duplicate review.",SEARCH-MEDIA-ARCHIVE-PRESCREEN,strict_documented
DISC-MEDIA-0457,media,Lonmin Hands Over New Marikana Primary School To Basic Education Dept,2018,Engineering News,https://www.engineeringnews.co.za/article/lonmin-hands-over-new-marikana-primary-school-to-basic-education-dept-2018-04-06,candidate_pending_substantive_screen,explicit_case_title_review,"Discovered from a documented publisher archive/sitemap and the URL title contains a high-specificity case term (Marikana/Farlam/Nkaneng/Wonderkop/Bapo). This is a review trigger only; substantive corpus eligibility still requires acquired-text case-centrality, text-quality and duplicate review.",SEARCH-MEDIA-ARCHIVE-PRESCREEN,strict_documented
DISC-MEDIA-0458,media,Lonmin Hit Hardest By Strike Third Capital Raising Expected,2014,Engineering News,https://www.engineeringnews.co.za/article/lonmin-hit-hardest-by-strike-third-capital-raising-expected-2014-05-22,candidate_pending_substantive_screen,lonmin_only_title_review,"Discovered from a documented publisher archive/sitemap and the URL title contains Lonmin without a high-specificity Marikana case term. Lonmin-only matches can be unrelated corporate or financial stories, so this record is not provisionally eligible and requires acquired-text substantive screening before any inclusion decision.",SEARCH-MEDIA-ARCHIVE-PRESCREEN,strict_documented
DISC-MEDIA-0459,media,Lonmin Inks Landmark Bee Deals With Traditional Community,2014,Engineering News,https://www.engineeringnews.co.za/article/lonmin-inks-landmark-bee-deals-with-traditional-community-2014-07-30,candidate_pending_substantive_screen,lonmin_only_title_review,"Discovered from a documented publisher archive/sitemap and the URL title contains Lonmin without a high-specificity Marikana case term. Lonmin-only matches can be unrelated corporate or financial stories, so this record is not provisionally eligible and requires acquired-text substantive screening before any inclusion decision.",SEARCH-MEDIA-ARCHIVE-PRESCREEN,strict_documented
DISC-MEDIA-0460,media,Lonmin Inks Landmark Bee Deals With Traditional Community,2014,Engineering News,https://www.engineeringnews.co.za/article/lonmin-inks-landmark-bee-deals-with-traditional-community-2014-08-08,candidate_pending_substantive_screen,lonmin_only_title_review,"Discovered from a documented publisher archive/sitemap and the URL title contains Lonmin without a high-specificity Marikana case term. Lonmin-only matches can be unrelated corporate or financial stories, so this record is not provisionally eligible and requires acquired-text substantive screening before any inclusion decision.",SEARCH-MEDIA-ARCHIVE-PRESCREEN,strict_documented
DISC-MEDIA-0461,media,Lonmin Investors Back Sibanye Deal To Create A Platinum Giant,2019,Engineering News,https://www.engineeringnews.co.za/article/lonmin-investors-back-sibanye-deal-to-create-a-platinum-giant-2019-05-28,candidate_pending_substantive_screen,lonmin_only_title_review,"Discovered from a documented publisher archive/sitemap and the URL title contains Lonmin without a high-specificity Marikana case term. Lonmin-only matches can be unrelated corporate or financial stories, so this record is not provisionally eligible and requires acquired-text substantive screening before any inclusion decision.",SEARCH-MEDIA-ARCHIVE-PRESCREEN,strict_documented
DISC-MEDIA-0462,media,Lonmin Launches 407M Rights Issue Records Heavy Fy Financial Losses,2015,Engineering News,https://www.engineeringnews.co.za/article/lonmin-launches-407m-rights-issue-records-heavy-fy-financial-losses-2015-11-20,candidate_pending_substantive_screen,lonmin_only_title_review,"Discovered from a documented publisher archive/sitemap and the URL title contains Lonmin without a high-specificity Marikana case term. Lonmin-only matches can be unrelated corporate or financial stories, so this record is not provisionally eligible and requires acquired-text substantive screening before any inclusion decision.",SEARCH-MEDIA-ARCHIVE-PRESCREEN,strict_documented
DISC-MEDIA-0463,media,Lonmin Launches Community Grievance System,2018,Engineering News,https://www.engineeringnews.co.za/article/lonmin-launches-community-grievance-system-2018-04-25,candidate_pending_substantive_screen,lonmin_only_title_review,"Discovered from a documented publisher archive/sitemap and the URL title contains Lonmin without a high-specificity Marikana case term. Lonmin-only matches can be unrelated corporate or financial stories, so this record is not provisionally eligible and requires acquired-text substantive screening before any inclusion decision.",SEARCH-MEDIA-ARCHIVE-PRESCREEN,strict_documented
DISC-MEDIA-0464,media,Lonmin Launches Prospectus For 407 Million Rights Issues,2015,Engineering News,https://www.engineeringnews.co.za/article/lonmin-launches-prospectus-for-407-million-rights-issues-2015-11-09,candidate_pending_substantive_screen,lonmin_only_title_review,"Discovered from a documented publisher archive/sitemap and the URL title contains Lonmin without a high-specificity Marikana case term. Lonmin-only matches can be unrelated corporate or financial stories, so this record is not provisionally eligible and requires acquired-text substantive screening before any inclusion decision.",SEARCH-MEDIA-ARCHIVE-PRESCREEN,strict_documented
DISC-MEDIA-0465,media,Lonmin Launches Youth Training Programme,2015,Engineering News,https://www.engineeringnews.co.za/article/lonmin-launches-youth-training-programme-2015-06-19,candidate_pending_substantive_screen,lonmin_only_title_review,"Discovered from a documented publisher archive/sitemap and the URL title contains Lonmin without a high-specificity Marikana case term. Lonmin-only matches can be unrelated corporate or financial stories, so this record is not provisionally eligible and requires acquired-text substantive screening before any inclusion decision.",SEARCH-MEDIA-ARCHIVE-PRESCREEN,strict_documented
DISC-MEDIA-0466,media,Lonmin Likely To Cut Fewer Jobs Due To Revenue Boost Ceo,2019,Engineering News,https://www.engineeringnews.co.za/article/lonmin-likely-to-cut-fewer-jobs-due-to-revenue-boost-ceo-2019-05-15,candidate_pending_substantive_screen,lonmin_only_title_review,"Discovered from a documented publisher archive/sitemap and the URL title contains Lonmin without a high-specificity Marikana case term. Lonmin-only matches can be unrelated corporate or financial stories, so this record is not provisionally eligible and requires acquired-text substantive screening before any inclusion decision.",SEARCH-MEDIA-ARCHIVE-PRESCREEN,strict_documented
DISC-MEDIA-0467,media,Lonmin Looks To Shareholder For 400M Parachute Maintains 6 000 Job Cut Plans,2015,Engineering News,https://www.engineeringnews.co.za/article/lonmin-looks-to-shareholder-for-400m-parachute-maintains-6-000-job-cut-plans-2015-10-21,candidate_pending_substantive_screen,lonmin_only_title_review,"Discovered from a documented publisher archive/sitemap and the URL title contains Lonmin without a high-specificity Marikana case term. Lonmin-only matches can be unrelated corporate or financial stories, so this record is not provisionally eligible and requires acquired-text substantive screening before any inclusion decision.",SEARCH-MEDIA-ARCHIVE-PRESCREEN,strict_documented
DISC-MEDIA-0468,media,Lonmin Looks To Shareholder For 400M Parachute Maintains Job Cut Plans,2015,Engineering News,https://www.engineeringnews.co.za/article/lonmin-looks-to-shareholder-for-400m-parachute-maintains-job-cut-plans-2015-10-30,candidate_pending_substantive_screen,lonmin_only_title_review,"Discovered from a documented publisher archive/sitemap and the URL title contains Lonmin without a high-specificity Marikana case term. Lonmin-only matches can be unrelated corporate or financial stories, so this record is not provisionally eligible and requires acquired-text substantive screening before any inclusion decision.",SEARCH-MEDIA-ARCHIVE-PRESCREEN,strict_documented
DISC-MEDIA-0469,media,Lonmin Maintains Fy17 Guidance Despite Weaker Than Expected Production Numbers,2017,Engineering News,https://www.engineeringnews.co.za/article/lonmin-maintains-fy17-guidance-despite-weaker-than-expected-production-numbers-2017-02-03,candidate_pending_substantive_screen,lonmin_only_title_review,"Discovered from a documented publisher archive/sitemap and the URL title contains Lonmin without a high-specificity Marikana case term. Lonmin-only matches can be unrelated corporate or financial stories, so this record is not provisionally eligible and requires acquired-text substantive screening before any inclusion decision.",SEARCH-MEDIA-ARCHIVE-PRESCREEN,strict_documented
DISC-MEDIA-0470,media,Lonmin Must Improve Housing Plan Or Face Losing Its Mining Rights,2016,Engineering News,https://www.engineeringnews.co.za/article/lonmin-must-improve-housing-plan-or-face-losing-its-mining-rights-2016-12-12,candidate_pending_substantive_screen,lonmin_only_title_review,"Discovered from a documented publisher archive/sitemap and the URL title contains Lonmin without a high-specificity Marikana case term. Lonmin-only matches can be unrelated corporate or financial stories, so this record is not provisionally eligible and requires acquired-text substantive screening before any inclusion decision.",SEARCH-MEDIA-ARCHIVE-PRESCREEN,strict_documented
DISC-MEDIA-0471,media,Lonmin Nominated Worst Company Of The Year By Npos,2013,Engineering News,https://www.engineeringnews.co.za/article/lonmin-nominated-worst-company-of-the-year-by-npos-2013-02-01,candidate_pending_substantive_screen,lonmin_only_title_review,"Discovered from a documented publisher archive/sitemap and the URL title contains Lonmin without a high-specificity Marikana case term. Lonmin-only matches can be unrelated corporate or financial stories, so this record is not provisionally eligible and requires acquired-text substantive screening before any inclusion decision.",SEARCH-MEDIA-ARCHIVE-PRESCREEN,strict_documented
DISC-MEDIA-0472,media,Lonmin Operations Successfully Ramp Up To Full Production,2014,Engineering News,https://www.engineeringnews.co.za/article/lonmin-operations-successfully-ramp-up-to-full-production-2014-10-08,candidate_pending_substantive_screen,lonmin_only_title_review,"Discovered from a documented publisher archive/sitemap and the URL title contains Lonmin without a high-specificity Marikana case term. Lonmin-only matches can be unrelated corporate or financial stories, so this record is not provisionally eligible and requires acquired-text substantive screening before any inclusion decision.",SEARCH-MEDIA-ARCHIVE-PRESCREEN,strict_documented
DISC-MEDIA-0473,media,Lonmin Ops Ramping Up Normal Levels Expected By Q1 2015,2014,Engineering News,https://www.engineeringnews.co.za/article/lonmin-ops-ramping-up-normal-levels-expected-by-q1-2015-2014-07-25,candidate_pending_substantive_screen,lonmin_only_title_review,"Discovered from a documented publisher archive/sitemap and the URL title contains Lonmin without a high-specificity Marikana case term. Lonmin-only matches can be unrelated corporate or financial stories, so this record is not provisionally eligible and requires acquired-text substantive screening before any inclusion decision.",SEARCH-MEDIA-ARCHIVE-PRESCREEN,strict_documented
DISC-MEDIA-0474,media,Lonmin Paid 1678M In Taxes Royalties During 2018 Financial Year,2019,Engineering News,https://www.engineeringnews.co.za/article/lonmin-paid-1678m-in-taxes-royalties-during-2018-financial-year-2019-04-01,candidate_pending_substantive_screen,lonmin_only_title_review,"Discovered from a documented publisher archive/sitemap and the URL title contains Lonmin without a high-specificity Marikana case term. Lonmin-only matches can be unrelated corporate or financial stories, so this record is not provisionally eligible and requires acquired-text substantive screening before any inclusion decision.",SEARCH-MEDIA-ARCHIVE-PRESCREEN,strict_documented
DISC-MEDIA-0475,media,Lonmin Paid 1678M In Taxes Royalties During 2018 Financial Year,2019,Engineering News,https://www.engineeringnews.co.za/article/lonmin-paid-1678m-in-taxes-royalties-during-2018-financial-year-2019-04-12,candidate_pending_substantive_screen,lonmin_only_title_review,"Discovered from a documented publisher archive/sitemap and the URL title contains Lonmin without a high-specificity Marikana case term. Lonmin-only matches can be unrelated corporate or financial stories, so this record is not provisionally eligible and requires acquired-text substantive screening before any inclusion decision.",SEARCH-MEDIA-ARCHIVE-PRESCREEN,strict_documented
DISC-MEDIA-0476,media,Lonmin Plans To Cut 4 100 Workers As It Closes Platinum Mines,2019,Engineering News,https://www.engineeringnews.co.za/article/lonmin-plans-to-cut-4-100-workers-as-it-closes-platinum-mines-2019-05-21,candidate_pending_substantive_screen,lonmin_only_title_review,"Discovered from a documented publisher archive/sitemap and the URL title contains Lonmin without a high-specificity Marikana case term. Lonmin-only matches can be unrelated corporate or financial stories, so this record is not provisionally eligible and requires acquired-text substantive screening before any inclusion decision.",SEARCH-MEDIA-ARCHIVE-PRESCREEN,strict_documented
DISC-MEDIA-0477,media,Lonmin Plans To Cut 4 100 Workers As It Closes Platinum Mines,2019,Engineering News,https://www.engineeringnews.co.za/article/lonmin-plans-to-cut-4-100-workers-as-it-closes-platinum-mines-2019-05-31,candidate_pending_substantive_screen,lonmin_only_title_review,"Discovered from a documented publisher archive/sitemap and the URL title contains Lonmin without a high-specificity Marikana case term. Lonmin-only matches can be unrelated corporate or financial stories, so this record is not provisionally eligible and requires acquired-text substantive screening before any inclusion decision.",SEARCH-MEDIA-ARCHIVE-PRESCREEN,strict_documented
DISC-MEDIA-0478,media,Lonmin Positive Of Improvements After Rationalisation,2016,Engineering News,https://www.engineeringnews.co.za/article/lonmin-positive-of-improvements-after-rationalisation-2016-08-01,candidate_pending_substantive_screen,lonmin_only_title_review,"Discovered from a documented publisher archive/sitemap and the URL title contains Lonmin without a high-specificity Marikana case term. Lonmin-only matches can be unrelated corporate or financial stories, so this record is not provisionally eligible and requires acquired-text substantive screening before any inclusion decision.",SEARCH-MEDIA-ARCHIVE-PRESCREEN,strict_documented
DISC-MEDIA-0479,media,Lonmin Profile,2017,Engineering News,https://www.engineeringnews.co.za/article/lonmin-profile-2017-03-14,candidate_pending_substantive_screen,lonmin_only_title_review,"Discovered from a documented publisher archive/sitemap and the URL title contains Lonmin without a high-specificity Marikana case term. Lonmin-only matches can be unrelated corporate or financial stories, so this record is not provisionally eligible and requires acquired-text substantive screening before any inclusion decision.",SEARCH-MEDIA-ARCHIVE-PRESCREEN,strict_documented
DISC-MEDIA-0480,media,Lonmin Q1 2014 Mining Production Down 10 Will Revise Full Year Guidance As Result Of Strikes,2014,Engineering News,https://www.engineeringnews.co.za/article/lonmin-q1-2014-mining-production-down-10-will-revise-full-year-guidance-as-result-of-strikes-2014-01-30,candidate_pending_substantive_screen,lonmin_only_title_review,"Discovered from a documented publisher archive/sitemap and the URL title contains Lonmin without a high-specificity Marikana case term. Lonmin-only matches can be unrelated corporate or financial stories, so this record is not provisionally eligible and requires acquired-text substantive screening before any inclusion decision.",SEARCH-MEDIA-ARCHIVE-PRESCREEN,strict_documented
DISC-MEDIA-0481,media,Lonmin Raises Full Year Output Guidance To 700 000 Oz,2013,Engineering News,https://www.engineeringnews.co.za/article/lonmin-raises-full-year-output-guidance-to-700-000-oz-2013-05-13,candidate_pending_substantive_screen,lonmin_only_title_review,"Discovered from a documented publisher archive/sitemap and the URL title contains Lonmin without a high-specificity Marikana case term. Lonmin-only matches can be unrelated corporate or financial stories, so this record is not provisionally eligible and requires acquired-text substantive screening before any inclusion decision.",SEARCH-MEDIA-ARCHIVE-PRESCREEN,strict_documented
DISC-MEDIA-0482,media,Lonmin Receives Bank Support For Pandora Jv Acquisition,2017,Engineering News,https://www.engineeringnews.co.za/article/lonmin-receives-bank-support-for-pandora-jv-acquisition-2017-10-06,candidate_pending_substantive_screen,lonmin_only_title_review,"Discovered from a documented publisher archive/sitemap and the URL title contains Lonmin without a high-specificity Marikana case term. Lonmin-only matches can be unrelated corporate or financial stories, so this record is not provisionally eligible and requires acquired-text substantive screening before any inclusion decision.",SEARCH-MEDIA-ARCHIVE-PRESCREEN,strict_documented
DISC-MEDIA-0483,media,Lonmin Reports Fatality After E1 Shaft Tramming Accident,2016,Engineering News,https://www.engineeringnews.co.za/article/lonmin-reports-fatality-after-e1-shaft-tramming-accident-2016-11-11,candidate_pending_substantive_screen,lonmin_only_title_review,"Discovered from a documented publisher archive/sitemap and the URL title contains Lonmin without a high-specificity Marikana case term. Lonmin-only matches can be unrelated corporate or financial stories, so this record is not provisionally eligible and requires acquired-text substantive screening before any inclusion decision.",SEARCH-MEDIA-ARCHIVE-PRESCREEN,strict_documented
DISC-MEDIA-0484,media,Lonmin Reports Fatality At Hossy Shaft,2015,Engineering News,https://www.engineeringnews.co.za/article/lonmin-reports-fatality-at-hossy-shaft-2015-05-20,candidate_pending_substantive_screen,lonmin_only_title_review,"Discovered from a documented publisher archive/sitemap and the URL title contains Lonmin without a high-specificity Marikana case term. Lonmin-only matches can be unrelated corporate or financial stories, so this record is not provisionally eligible and requires acquired-text substantive screening before any inclusion decision.",SEARCH-MEDIA-ARCHIVE-PRESCREEN,strict_documented
DISC-MEDIA-0485,media,Lonmin Reports Fatality At Jv Pandora E3 Shaft,2015,Engineering News,https://www.engineeringnews.co.za/article/lonmin-reports-fatality-at-jv-pandora-e3-shaft-2015-08-03,candidate_pending_substantive_screen,lonmin_only_title_review,"Discovered from a documented publisher archive/sitemap and the URL title contains Lonmin without a high-specificity Marikana case term. Lonmin-only matches can be unrelated corporate or financial stories, so this record is not provisionally eligible and requires acquired-text substantive screening before any inclusion decision.",SEARCH-MEDIA-ARCHIVE-PRESCREEN,strict_documented
DISC-MEDIA-0486,media,Lonmin Reports Fatality At Rowland Shaft,2016,Engineering News,https://www.engineeringnews.co.za/article/lonmin-reports-fatality-at-rowland-shaft-2016-05-09,candidate_pending_substantive_screen,lonmin_only_title_review,"Discovered from a documented publisher archive/sitemap and the URL title contains Lonmin without a high-specificity Marikana case term. Lonmin-only matches can be unrelated corporate or financial stories, so this record is not provisionally eligible and requires acquired-text substantive screening before any inclusion decision.",SEARCH-MEDIA-ARCHIVE-PRESCREEN,strict_documented
DISC-MEDIA-0487,media,Lonmin Reports Good Progress In Rightsizing The Business,2016,Engineering News,https://www.engineeringnews.co.za/article/lonmin-reports-good-progress-in-rightsizing-the-business-2016-01-28,candidate_pending_substantive_screen,lonmin_only_title_review,"Discovered from a documented publisher archive/sitemap and the URL title contains Lonmin without a high-specificity Marikana case term. Lonmin-only matches can be unrelated corporate or financial stories, so this record is not provisionally eligible and requires acquired-text substantive screening before any inclusion decision.",SEARCH-MEDIA-ARCHIVE-PRESCREEN,strict_documented
DISC-MEDIA-0488,media,Lonmin Reports Increased Q3 Pgm Sales Despite Lower Production,2018,Engineering News,https://www.engineeringnews.co.za/article/lonmin-reports-increased-q3-pgm-sales-despite-lower-production-2018-07-27,candidate_pending_substantive_screen,lonmin_only_title_review,"Discovered from a documented publisher archive/sitemap and the URL title contains Lonmin without a high-specificity Marikana case term. Lonmin-only matches can be unrelated corporate or financial stories, so this record is not provisionally eligible and requires acquired-text substantive screening before any inclusion decision.",SEARCH-MEDIA-ARCHIVE-PRESCREEN,strict_documented
DISC-MEDIA-0489,media,Lonmin Returns To Profitability Ahead Of Sibanye Stillwater Merger,2018,Engineering News,https://www.engineeringnews.co.za/article/lonmin-returns-to-profitability-ahead-of-sibanye-stillwater-merger-2018-11-29,candidate_pending_substantive_screen,lonmin_only_title_review,"Discovered from a documented publisher archive/sitemap and the URL title contains Lonmin without a high-specificity Marikana case term. Lonmin-only matches can be unrelated corporate or financial stories, so this record is not provisionally eligible and requires acquired-text substantive screening before any inclusion decision.",SEARCH-MEDIA-ARCHIVE-PRESCREEN,strict_documented
DISC-MEDIA-0490,media,Lonmin Returns To Profitability Ahead Of Sibanye Stillwater Merger,2018,Engineering News,https://www.engineeringnews.co.za/article/lonmin-returns-to-profitability-ahead-of-sibanye-stillwater-merger-2018-12-07,candidate_pending_substantive_screen,lonmin_only_title_review,"Discovered from a documented publisher archive/sitemap and the URL title contains Lonmin without a high-specificity Marikana case term. Lonmin-only matches can be unrelated corporate or financial stories, so this record is not provisionally eligible and requires acquired-text substantive screening before any inclusion decision.",SEARCH-MEDIA-ARCHIVE-PRESCREEN,strict_documented
DISC-MEDIA-0491,media,Lonmin Returns To Profitability But Lowers 2017 Sales Guidance,2016,Engineering News,https://www.engineeringnews.co.za/article/lonmin-returns-to-profitability-but-lowers-2017-sales-guidance-2016-11-14,candidate_pending_substantive_screen,lonmin_only_title_review,"Discovered from a documented publisher archive/sitemap and the URL title contains Lonmin without a high-specificity Marikana case term. Lonmin-only matches can be unrelated corporate or financial stories, so this record is not provisionally eligible and requires acquired-text substantive screening before any inclusion decision.",SEARCH-MEDIA-ARCHIVE-PRESCREEN,strict_documented
DISC-MEDIA-0492,media,Lonmin Returns To Profitability But Lowers 2017 Sales Guidance,2016,Engineering News,https://www.engineeringnews.co.za/article/lonmin-returns-to-profitability-but-lowers-2017-sales-guidance-2016-11-25,candidate_pending_substantive_screen,lonmin_only_title_review,"Discovered from a documented publisher archive/sitemap and the URL title contains Lonmin without a high-specificity Marikana case term. Lonmin-only matches can be unrelated corporate or financial stories, so this record is not provisionally eligible and requires acquired-text substantive screening before any inclusion decision.",SEARCH-MEDIA-ARCHIVE-PRESCREEN,strict_documented
DISC-MEDIA-0493,media,Lonmin Rights Issue Undersubscribed,2015,Engineering News,https://www.engineeringnews.co.za/article/lonmin-rights-issue-undersubscribed-2015-12-11,candidate_pending_substantive_screen,lonmin_only_title_review,"Discovered from a documented publisher archive/sitemap and the URL title contains Lonmin without a high-specificity Marikana case term. Lonmin-only matches can be unrelated corporate or financial stories, so this record is not provisionally eligible and requires acquired-text substantive screening before any inclusion decision.",SEARCH-MEDIA-ARCHIVE-PRESCREEN,strict_documented
DISC-MEDIA-0494,media,Lonmin Saves R15M A Year By Reducing Compressed Air Consumption,2018,Engineering News,https://www.engineeringnews.co.za/article/lonmin-saves-r15m-a-year-by-reducing-compressed-air-consumption-2018-11-26,candidate_pending_substantive_screen,lonmin_only_title_review,"Discovered from a documented publisher archive/sitemap and the URL title contains Lonmin without a high-specificity Marikana case term. Lonmin-only matches can be unrelated corporate or financial stories, so this record is not provisionally eligible and requires acquired-text substantive screening before any inclusion decision.",SEARCH-MEDIA-ARCHIVE-PRESCREEN,strict_documented
DISC-MEDIA-0495,media,Lonmin Says Amcu Arbitration Postponed Until July,2013,Engineering News,https://www.engineeringnews.co.za/article/lonmin-says-amcu-arbitration-postponed-until-july-2013-06-26,candidate_pending_substantive_screen,lonmin_only_title_review,"Discovered from a documented publisher archive/sitemap and the URL title contains Lonmin without a high-specificity Marikana case term. Lonmin-only matches can be unrelated corporate or financial stories, so this record is not provisionally eligible and requires acquired-text substantive screening before any inclusion decision.",SEARCH-MEDIA-ARCHIVE-PRESCREEN,strict_documented
DISC-MEDIA-0496,media,Lonmin Says Court Sanctions Scheme Of Arrangement,2019,Engineering News,https://www.engineeringnews.co.za/article/lonmin-says-court-sanctions-scheme-of-arrangement-2019-06-07,candidate_pending_substantive_screen,lonmin_only_title_review,"Discovered from a documented publisher archive/sitemap and the URL title contains Lonmin without a high-specificity Marikana case term. Lonmin-only matches can be unrelated corporate or financial stories, so this record is not provisionally eligible and requires acquired-text substantive screening before any inclusion decision.",SEARCH-MEDIA-ARCHIVE-PRESCREEN,strict_documented
DISC-MEDIA-0497,media,Lonmin Says Num Brings Court Application Date Set For July 10,2013,Engineering News,https://www.engineeringnews.co.za/article/lonmin-says-num-brings-court-application-date-set-for-july-10-2013-07-08,candidate_pending_substantive_screen,lonmin_only_title_review,"Discovered from a documented publisher archive/sitemap and the URL title contains Lonmin without a high-specificity Marikana case term. Lonmin-only matches can be unrelated corporate or financial stories, so this record is not provisionally eligible and requires acquired-text substantive screening before any inclusion decision.",SEARCH-MEDIA-ARCHIVE-PRESCREEN,strict_documented
DISC-MEDIA-0498,media,Lonmin Says Significant Safety Records Achieved At Marikana,2013,Engineering News,https://www.engineeringnews.co.za/article/lonmin-says-significant-safety-records-achieved-at-marikana-2013-01-24,candidate_pending_substantive_screen,explicit_case_title_review,"Discovered from a documented publisher archive/sitemap and the URL title contains a high-specificity case term (Marikana/Farlam/Nkaneng/Wonderkop/Bapo). This is a review trigger only; substantive corpus eligibility still requires acquired-text case-centrality, text-quality and duplicate review.",SEARCH-MEDIA-ARCHIVE-PRESCREEN,strict_documented
DISC-MEDIA-0499,media,Lonmin Secures 50M Funding For Tailings Project,2016,Engineering News,https://www.engineeringnews.co.za/article/lonmin-secures-50m-funding-for-tailings-project-2016-08-18,candidate_pending_substantive_screen,lonmin_only_title_review,"Discovered from a documented publisher archive/sitemap and the URL title contains Lonmin without a high-specificity Marikana case term. Lonmin-only matches can be unrelated corporate or financial stories, so this record is not provisionally eligible and requires acquired-text substantive screening before any inclusion decision.",SEARCH-MEDIA-ARCHIVE-PRESCREEN,strict_documented
DISC-MEDIA-0500,media,Lonmin Sells Petrozim Stake,2018,Engineering News,https://www.engineeringnews.co.za/article/lonmin-sells-petrozim-stake-2018-06-29,candidate_pending_substantive_screen,lonmin_only_title_review,"Discovered from a documented publisher archive/sitemap and the URL title contains Lonmin without a high-specificity Marikana case term. Lonmin-only matches can be unrelated corporate or financial stories, so this record is not provisionally eligible and requires acquired-text substantive screening before any inclusion decision.",SEARCH-MEDIA-ARCHIVE-PRESCREEN,strict_documented
DISC-MEDIA-0501,media,Lonmin Sells Stake In Canadian Junior Wallbridge To Eric Sprott,2018,Engineering News,https://www.engineeringnews.co.za/article/lonmin-sells-stake-in-canadian-junior-wallbridge-to-eric-sprott-2018-10-02,candidate_pending_substantive_screen,lonmin_only_title_review,"Discovered from a documented publisher archive/sitemap and the URL title contains Lonmin without a high-specificity Marikana case term. Lonmin-only matches can be unrelated corporate or financial stories, so this record is not provisionally eligible and requires acquired-text substantive screening before any inclusion decision.",SEARCH-MEDIA-ARCHIVE-PRESCREEN,strict_documented
DISC-MEDIA-0502,media,Lonmin Shanduka Black Umbrellas Partnership Contributes Positively To Small Business Development,2015,Engineering News,https://www.engineeringnews.co.za/article/lonmin-shanduka-black-umbrellas-partnership-contributes-positively-to-small-business-development-2015-10-09,candidate_pending_substantive_screen,lonmin_only_title_review,"Discovered from a documented publisher archive/sitemap and the URL title contains Lonmin without a high-specificity Marikana case term. Lonmin-only matches can be unrelated corporate or financial stories, so this record is not provisionally eligible and requires acquired-text substantive screening before any inclusion decision.",SEARCH-MEDIA-ARCHIVE-PRESCREEN,strict_documented
DISC-MEDIA-0503,media,Lonmin Share Price Rises As Company Reports Higher Fy Production Earnings,2013,Engineering News,https://www.engineeringnews.co.za/article/lonmin-share-price-rises-as-company-reports-higher-fy-production-earnings-2013-11-11,candidate_pending_substantive_screen,lonmin_only_title_review,"Discovered from a documented publisher archive/sitemap and the URL title contains Lonmin without a high-specificity Marikana case term. Lonmin-only matches can be unrelated corporate or financial stories, so this record is not provisionally eligible and requires acquired-text substantive screening before any inclusion decision.",SEARCH-MEDIA-ARCHIVE-PRESCREEN,strict_documented
DISC-MEDIA-0504,media,Lonmin Share Price Rises As Company Reports Higher Fy Production Earnings,2013,Engineering News,https://www.engineeringnews.co.za/article/lonmin-share-price-rises-as-company-reports-higher-fy-production-earnings-2013-11-22,candidate_pending_substantive_screen,lonmin_only_title_review,"Discovered from a documented publisher archive/sitemap and the URL title contains Lonmin without a high-specificity Marikana case term. Lonmin-only matches can be unrelated corporate or financial stories, so this record is not provisionally eligible and requires acquired-text substantive screening before any inclusion decision.",SEARCH-MEDIA-ARCHIVE-PRESCREEN,strict_documented
DISC-MEDIA-0505,media,Lonmin Shares Rise As Workers Help Prevent Shaft Closure,2014,Engineering News,https://www.engineeringnews.co.za/article/lonmin-shares-rise-as-workers-help-prevent-shaft-closure-2014-11-13,candidate_pending_substantive_screen,lonmin_only_title_review,"Discovered from a documented publisher archive/sitemap and the URL title contains Lonmin without a high-specificity Marikana case term. Lonmin-only matches can be unrelated corporate or financial stories, so this record is not provisionally eligible and requires acquired-text substantive screening before any inclusion decision.",SEARCH-MEDIA-ARCHIVE-PRESCREEN,strict_documented
DISC-MEDIA-0506,media,Lonmin Shares Rise On R2Bn Cost Cut Plan With Worker Help Preventing Shaft Shut,2014,Engineering News,https://www.engineeringnews.co.za/article/lonmin-shares-rise-on-r2bn-cost-cut-plan-with-worker-help-preventing-shaft-shut-2014-11-10,candidate_pending_substantive_screen,lonmin_only_title_review,"Discovered from a documented publisher archive/sitemap and the URL title contains Lonmin without a high-specificity Marikana case term. Lonmin-only matches can be unrelated corporate or financial stories, so this record is not provisionally eligible and requires acquired-text substantive screening before any inclusion decision.",SEARCH-MEDIA-ARCHIVE-PRESCREEN,strict_documented
DISC-MEDIA-0507,media,Lonmin Shares Rise On R2Bn Cost Cut Plan With Worker Help Preventing Shaft Shut,2014,Engineering News,https://www.engineeringnews.co.za/article/lonmin-shares-rise-on-r2bn-cost-cut-plan-with-worker-help-preventing-shaft-shut-2014-11-21,candidate_pending_substantive_screen,lonmin_only_title_review,"Discovered from a documented publisher archive/sitemap and the URL title contains Lonmin without a high-specificity Marikana case term. Lonmin-only matches can be unrelated corporate or financial stories, so this record is not provisionally eligible and requires acquired-text substantive screening before any inclusion decision.",SEARCH-MEDIA-ARCHIVE-PRESCREEN,strict_documented
DISC-MEDIA-0508,media,Lonmin Sheds 1 400 Jobs As Cost Cutting Programme Gets Under Way,2015,Engineering News,https://www.engineeringnews.co.za/article/lonmin-sheds-1-400-jobs-as-cost-cutting-programme-gets-under-way-2015-08-27,candidate_pending_substantive_screen,lonmin_only_title_review,"Discovered from a documented publisher archive/sitemap and the URL title contains Lonmin without a high-specificity Marikana case term. Lonmin-only matches can be unrelated corporate or financial stories, so this record is not provisionally eligible and requires acquired-text substantive screening before any inclusion decision.",SEARCH-MEDIA-ARCHIVE-PRESCREEN,strict_documented
DISC-MEDIA-0509,media,Lonmin Sheds 1 400 Jobs As Cost Cutting Programme Gets Under Way,2015,Engineering News,https://www.engineeringnews.co.za/article/lonmin-sheds-1-400-jobs-as-cost-cutting-programme-gets-under-way-2015-09-04,candidate_pending_substantive_screen,lonmin_only_title_review,"Discovered from a documented publisher archive/sitemap and the URL title contains Lonmin without a high-specificity Marikana case term. Lonmin-only matches can be unrelated corporate or financial stories, so this record is not provisionally eligible and requires acquired-text substantive screening before any inclusion decision.",SEARCH-MEDIA-ARCHIVE-PRESCREEN,strict_documented
DISC-MEDIA-0510,media,Lonmin Shuts Down Two Furnaces,2013,Engineering News,https://www.engineeringnews.co.za/article/lonmin-shuts-down-two-furnaces-2013-04-30,candidate_pending_substantive_screen,lonmin_only_title_review,"Discovered from a documented publisher archive/sitemap and the URL title contains Lonmin without a high-specificity Marikana case term. Lonmin-only matches can be unrelated corporate or financial stories, so this record is not provisionally eligible and requires acquired-text substantive screening before any inclusion decision.",SEARCH-MEDIA-ARCHIVE-PRESCREEN,strict_documented
DISC-MEDIA-0511,media,Lonmin Suspends Saffy Production Activities After Fatality,2013,Engineering News,https://www.engineeringnews.co.za/article/lonmin-suspends-saffy-production-activities-after-fatality-2013-08-15,candidate_pending_substantive_screen,lonmin_only_title_review,"Discovered from a documented publisher archive/sitemap and the URL title contains Lonmin without a high-specificity Marikana case term. Lonmin-only matches can be unrelated corporate or financial stories, so this record is not provisionally eligible and requires acquired-text substantive screening before any inclusion decision.",SEARCH-MEDIA-ARCHIVE-PRESCREEN,strict_documented
DISC-MEDIA-0512,media,Lonmin Takes Stock Highlights Focus On Improving Living Conditions,2014,Engineering News,https://www.engineeringnews.co.za/article/lonmin-takes-stock-highlights-focus-on-improving-living-conditions-2014-02-04,candidate_pending_substantive_screen,lonmin_only_title_review,"Discovered from a documented publisher archive/sitemap and the URL title contains Lonmin without a high-specificity Marikana case term. Lonmin-only matches can be unrelated corporate or financial stories, so this record is not provisionally eligible and requires acquired-text substantive screening before any inclusion decision.",SEARCH-MEDIA-ARCHIVE-PRESCREEN,strict_documented
DISC-MEDIA-0513,media,Lonmin To Bring Forward Planned Hearth Rebuild Of Number One Furnace After Leak,2014,Engineering News,https://www.engineeringnews.co.za/article/lonmin-to-bring-forward-planned-hearth-rebuild-of-number-one-furnace-after-leak-2014-12-08,candidate_pending_substantive_screen,lonmin_only_title_review,"Discovered from a documented publisher archive/sitemap and the URL title contains Lonmin without a high-specificity Marikana case term. Lonmin-only matches can be unrelated corporate or financial stories, so this record is not provisionally eligible and requires acquired-text substantive screening before any inclusion decision.",SEARCH-MEDIA-ARCHIVE-PRESCREEN,strict_documented
DISC-MEDIA-0514,media,Lonmin To Derecognise Smaller Unions In Favour Of Amcu,2013,Engineering News,https://www.engineeringnews.co.za/article/lonmin-to-derecognise-smaller-unions-in-favour-of-amcu-2013-08-14,candidate_pending_substantive_screen,lonmin_only_title_review,"Discovered from a documented publisher archive/sitemap and the URL title contains Lonmin without a high-specificity Marikana case term. Lonmin-only matches can be unrelated corporate or financial stories, so this record is not provisionally eligible and requires acquired-text substantive screening before any inclusion decision.",SEARCH-MEDIA-ARCHIVE-PRESCREEN,strict_documented
DISC-MEDIA-0515,media,Lonmin To Lose 3 100 Ozd Implats 2 800 Ozd In Production Owing To Amcu Strike,2014,Engineering News,https://www.engineeringnews.co.za/article/lonmin-to-lose-3-100-ozd-implats-2-800-ozd-in-production-owing-to-amcu-strike-2014-01-23,candidate_pending_substantive_screen,lonmin_only_title_review,"Discovered from a documented publisher archive/sitemap and the URL title contains Lonmin without a high-specificity Marikana case term. Lonmin-only matches can be unrelated corporate or financial stories, so this record is not provisionally eligible and requires acquired-text substantive screening before any inclusion decision.",SEARCH-MEDIA-ARCHIVE-PRESCREEN,strict_documented
DISC-MEDIA-0516,media,Lonmin To Maintain 2013 Guidance June Quarter Production Lower,2013,Engineering News,https://www.engineeringnews.co.za/article/lonmin-to-maintain-2013-guidance-june-quarter-production-lower-2013-07-25,candidate_pending_substantive_screen,lonmin_only_title_review,"Discovered from a documented publisher archive/sitemap and the URL title contains Lonmin without a high-specificity Marikana case term. Lonmin-only matches can be unrelated corporate or financial stories, so this record is not provisionally eligible and requires acquired-text substantive screening before any inclusion decision.",SEARCH-MEDIA-ARCHIVE-PRESCREEN,strict_documented
DISC-MEDIA-0517,media,Lonmin To Maintain Fy Sales Guidance Cut Capex While Job Cuts Loom,2015,Engineering News,https://www.engineeringnews.co.za/article/lonmin-to-maintain-fy-sales-guidance-cut-capex-while-job-cuts-loom-2015-05-11,candidate_pending_substantive_screen,lonmin_only_title_review,"Discovered from a documented publisher archive/sitemap and the URL title contains Lonmin without a high-specificity Marikana case term. Lonmin-only matches can be unrelated corporate or financial stories, so this record is not provisionally eligible and requires acquired-text substantive screening before any inclusion decision.",SEARCH-MEDIA-ARCHIVE-PRESCREEN,strict_documented
DISC-MEDIA-0518,media,Lonmin To Oppose Amcu Labour Court Interdict,2014,Engineering News,https://www.engineeringnews.co.za/article/lonmin-to-oppose-amcu-labour-court-interdict-2014-05-19,candidate_pending_substantive_screen,lonmin_only_title_review,"Discovered from a documented publisher archive/sitemap and the URL title contains Lonmin without a high-specificity Marikana case term. Lonmin-only matches can be unrelated corporate or financial stories, so this record is not provisionally eligible and requires acquired-text substantive screening before any inclusion decision.",SEARCH-MEDIA-ARCHIVE-PRESCREEN,strict_documented
DISC-MEDIA-0519,media,Lonmin To Sell Excess Processing Capacity Implement Other Measures To Ensure Sustainability,2017,Engineering News,https://www.engineeringnews.co.za/article/lonmin-to-sell-excess-processing-capacity-implement-other-measures-to-ensure-sustainability-2017-08-07,candidate_pending_substantive_screen,lonmin_only_title_review,"Discovered from a documented publisher archive/sitemap and the URL title contains Lonmin without a high-specificity Marikana case term. Lonmin-only matches can be unrelated corporate or financial stories, so this record is not provisionally eligible and requires acquired-text substantive screening before any inclusion decision.",SEARCH-MEDIA-ARCHIVE-PRESCREEN,strict_documented
DISC-MEDIA-0520,media,Lonmin To Sell Excess Processing Capacity Implement Other Measures To Ensure Sustainability,2017,Engineering News,https://www.engineeringnews.co.za/article/lonmin-to-sell-excess-processing-capacity-implement-other-measures-to-ensure-sustainability-2017-08-18,candidate_pending_substantive_screen,lonmin_only_title_review,"Discovered from a documented publisher archive/sitemap and the URL title contains Lonmin without a high-specificity Marikana case term. Lonmin-only matches can be unrelated corporate or financial stories, so this record is not provisionally eligible and requires acquired-text substantive screening before any inclusion decision.",SEARCH-MEDIA-ARCHIVE-PRESCREEN,strict_documented
DISC-MEDIA-0521,media,Lonmin To Shut Idle High Cost Operations,2015,Engineering News,https://www.engineeringnews.co.za/article/lonmin-to-shut-idle-high-cost-operations-2015-07-24,candidate_pending_substantive_screen,lonmin_only_title_review,"Discovered from a documented publisher archive/sitemap and the URL title contains Lonmin without a high-specificity Marikana case term. Lonmin-only matches can be unrelated corporate or financial stories, so this record is not provisionally eligible and requires acquired-text substantive screening before any inclusion decision.",SEARCH-MEDIA-ARCHIVE-PRESCREEN,strict_documented
DISC-MEDIA-0522,media,Lonmin To Shut Idle High Cost Operations,2015,Engineering News,https://www.engineeringnews.co.za/article/lonmin-to-shut-idle-high-cost-operations-2015-08-07,candidate_pending_substantive_screen,lonmin_only_title_review,"Discovered from a documented publisher archive/sitemap and the URL title contains Lonmin without a high-specificity Marikana case term. Lonmin-only matches can be unrelated corporate or financial stories, so this record is not provisionally eligible and requires acquired-text substantive screening before any inclusion decision.",SEARCH-MEDIA-ARCHIVE-PRESCREEN,strict_documented
DISC-MEDIA-0523,media,Lonmin Transaction Filed With South Africas Competition Authority,2018,Engineering News,https://www.engineeringnews.co.za/article/lonmin-transaction-filed-with-south-africas-competition-authority-2018-03-16,candidate_pending_substantive_screen,lonmin_only_title_review,"Discovered from a documented publisher archive/sitemap and the URL title contains Lonmin without a high-specificity Marikana case term. Lonmin-only matches can be unrelated corporate or financial stories, so this record is not provisionally eligible and requires acquired-text substantive screening before any inclusion decision.",SEARCH-MEDIA-ARCHIVE-PRESCREEN,strict_documented
DISC-MEDIA-0524,media,Lonmin Transaction Filed With South Africas Competition Body,2018,Engineering News,https://www.engineeringnews.co.za/article/lonmin-transaction-filed-with-south-africas-competition-body-2018-03-30,candidate_pending_substantive_screen,lonmin_only_title_review,"Discovered from a documented publisher archive/sitemap and the URL title contains Lonmin without a high-specificity Marikana case term. Lonmin-only matches can be unrelated corporate or financial stories, so this record is not provisionally eligible and requires acquired-text substantive screening before any inclusion decision.",SEARCH-MEDIA-ARCHIVE-PRESCREEN,strict_documented
DISC-MEDIA-0525,media,Lonmin Undertakes Refinancing Delivers On Results Promise,2018,Engineering News,https://www.engineeringnews.co.za/article/lonmin-undertakes-refinancing-delivers-on-results-promise-2018-10-22,candidate_pending_substantive_screen,lonmin_only_title_review,"Discovered from a documented publisher archive/sitemap and the URL title contains Lonmin without a high-specificity Marikana case term. Lonmin-only matches can be unrelated corporate or financial stories, so this record is not provisionally eligible and requires acquired-text substantive screening before any inclusion decision.",SEARCH-MEDIA-ARCHIVE-PRESCREEN,strict_documented
DISC-MEDIA-0526,media,Lonmin Undertakes Refinancing Delivers On Results Promise,2018,Engineering News,https://www.engineeringnews.co.za/article/lonmin-undertakes-refinancing-delivers-on-results-promise-2018-11-02,candidate_pending_substantive_screen,lonmin_only_title_review,"Discovered from a documented publisher archive/sitemap and the URL title contains Lonmin without a high-specificity Marikana case term. Lonmin-only matches can be unrelated corporate or financial stories, so this record is not provisionally eligible and requires acquired-text substantive screening before any inclusion decision.",SEARCH-MEDIA-ARCHIVE-PRESCREEN,strict_documented
DISC-MEDIA-0527,media,Lonmin Unveils Design Proposal For Marikana Memorial Park Showcases New Apartments,2017,Engineering News,https://www.engineeringnews.co.za/article/lonmin-unveils-design-proposal-for-marikana-memorial-park-showcases-new-apartments-2017-08-15,candidate_pending_substantive_screen,explicit_case_title_review,"Discovered from a documented publisher archive/sitemap and the URL title contains a high-specificity case term (Marikana/Farlam/Nkaneng/Wonderkop/Bapo). This is a review trigger only; substantive corpus eligibility still requires acquired-text case-centrality, text-quality and duplicate review.",SEARCH-MEDIA-ARCHIVE-PRESCREEN,strict_documented
DISC-MEDIA-0528,media,Lonmin Unveils Design Proposal For Marikana Memorial Park Showcases New Apartments,2017,Engineering News,https://www.engineeringnews.co.za/article/lonmin-unveils-design-proposal-for-marikana-memorial-park-showcases-new-apartments-2017-08-25,candidate_pending_substantive_screen,explicit_case_title_review,"Discovered from a documented publisher archive/sitemap and the URL title contains a high-specificity case term (Marikana/Farlam/Nkaneng/Wonderkop/Bapo). This is a review trigger only; substantive corpus eligibility still requires acquired-text case-centrality, text-quality and duplicate review.",SEARCH-MEDIA-ARCHIVE-PRESCREEN,strict_documented
DISC-MEDIA-0529,media,Lonmin Warns On Liquidity And Persistent Challenges,2019,Engineering News,https://www.engineeringnews.co.za/article/lonmin-warns-on-liquidity-and-persistent-challenges-2019-03-25,candidate_pending_substantive_screen,lonmin_only_title_review,"Discovered from a documented publisher archive/sitemap and the URL title contains Lonmin without a high-specificity Marikana case term. Lonmin-only matches can be unrelated corporate or financial stories, so this record is not provisionally eligible and requires acquired-text substantive screening before any inclusion decision.",SEARCH-MEDIA-ARCHIVE-PRESCREEN,strict_documented
DISC-MEDIA-0530,media,Lonmin Welcomes Amcus Referral Of Union Negotiations To Ccma,2013,Engineering News,https://www.engineeringnews.co.za/article/lonmin-welcomes-amcus-referral-of-union-negotiations-to-ccma-2013-05-09,candidate_pending_substantive_screen,lonmin_only_title_review,"Discovered from a documented publisher archive/sitemap and the URL title contains Lonmin without a high-specificity Marikana case term. Lonmin-only matches can be unrelated corporate or financial stories, so this record is not provisionally eligible and requires acquired-text substantive screening before any inclusion decision.",SEARCH-MEDIA-ARCHIVE-PRESCREEN,strict_documented
DISC-MEDIA-0531,media,Lonmin Will Dismiss 1 139 Employees By December Claims Solidarity,2017,Engineering News,https://www.engineeringnews.co.za/article/lonmin-will-dismiss-1-139-employees-by-december-claims-solidarity-2017-10-23,candidate_pending_substantive_screen,lonmin_only_title_review,"Discovered from a documented publisher archive/sitemap and the URL title contains Lonmin without a high-specificity Marikana case term. Lonmin-only matches can be unrelated corporate or financial stories, so this record is not provisionally eligible and requires acquired-text substantive screening before any inclusion decision.",SEARCH-MEDIA-ARCHIVE-PRESCREEN,strict_documented
DISC-MEDIA-0532,media,Lonmin Woes Make Its Stock The Top Sell Call In Johannesburg,2017,Engineering News,https://www.engineeringnews.co.za/article/lonmin-woes-make-its-stock-the-top-sell-call-in-johannesburg-2017-09-12,candidate_pending_substantive_screen,lonmin_only_title_review,"Discovered from a documented publisher archive/sitemap and the URL title contains Lonmin without a high-specificity Marikana case term. Lonmin-only matches can be unrelated corporate or financial stories, so this record is not provisionally eligible and requires acquired-text substantive screening before any inclusion decision.",SEARCH-MEDIA-ARCHIVE-PRESCREEN,strict_documented
DISC-MEDIA-0533,media,Lonmins Biggest Union Wants Sibanye Deal Stopped Over Job Cuts,2018,Engineering News,https://www.engineeringnews.co.za/article/lonmins-biggest-union-wants-sibanye-deal-stopped-over-job-cuts-2018-11-13,candidate_pending_substantive_screen,lonmin_only_title_review,"Discovered from a documented publisher archive/sitemap and the URL title contains Lonmin without a high-specificity Marikana case term. Lonmin-only matches can be unrelated corporate or financial stories, so this record is not provisionally eligible and requires acquired-text substantive screening before any inclusion decision.",SEARCH-MEDIA-ARCHIVE-PRESCREEN,strict_documented
DISC-MEDIA-0534,media,Lonmins Cfo To Exit,2016,Engineering News,https://www.engineeringnews.co.za/article/lonmins-cfo-to-exit-2016-04-12,candidate_pending_substantive_screen,lonmin_only_title_review,"Discovered from a documented publisher archive/sitemap and the URL title contains Lonmin without a high-specificity Marikana case term. Lonmin-only matches can be unrelated corporate or financial stories, so this record is not provisionally eligible and requires acquired-text substantive screening before any inclusion decision.",SEARCH-MEDIA-ARCHIVE-PRESCREEN,strict_documented
DISC-MEDIA-0535,media,Lonmins Cfo To Exit,2016,Engineering News,https://www.engineeringnews.co.za/article/lonmins-cfo-to-exit-2016-04-22,candidate_pending_substantive_screen,lonmin_only_title_review,"Discovered from a documented publisher archive/sitemap and the URL title contains Lonmin without a high-specificity Marikana case term. Lonmin-only matches can be unrelated corporate or financial stories, so this record is not provisionally eligible and requires acquired-text substantive screening before any inclusion decision.",SEARCH-MEDIA-ARCHIVE-PRESCREEN,strict_documented
DISC-MEDIA-0536,media,Lonmins New Ceo Shoulders Output Push As Costs Soar,2013,Engineering News,https://www.engineeringnews.co.za/article/lonmins-new-ceo-shoulders-output-push-as-costs-soar-2013-04-04,candidate_pending_substantive_screen,lonmin_only_title_review,"Discovered from a documented publisher archive/sitemap and the URL title contains Lonmin without a high-specificity Marikana case term. Lonmin-only matches can be unrelated corporate or financial stories, so this record is not provisionally eligible and requires acquired-text substantive screening before any inclusion decision.",SEARCH-MEDIA-ARCHIVE-PRESCREEN,strict_documented
DISC-MEDIA-0537,media,Lonmins Q1 Results Show Improved Liquidity Despite Relatively Poor Performance,2019,Engineering News,https://www.engineeringnews.co.za/article/lonmins-q1-results-show-improved-liquidity-despite-relatively-poor-performance-2019-02-08,candidate_pending_substantive_screen,lonmin_only_title_review,"Discovered from a documented publisher archive/sitemap and the URL title contains Lonmin without a high-specificity Marikana case term. Lonmin-only matches can be unrelated corporate or financial stories, so this record is not provisionally eligible and requires acquired-text substantive screening before any inclusion decision.",SEARCH-MEDIA-ARCHIVE-PRESCREEN,strict_documented
DISC-MEDIA-0538,media,Lonmins Refined Platinum Output Plummets On Smelter Shutdowns,2015,Engineering News,https://www.engineeringnews.co.za/article/lonmins-refined-platinum-output-plummets-on-smelter-shutdowns-2015-01-29,candidate_pending_substantive_screen,lonmin_only_title_review,"Discovered from a documented publisher archive/sitemap and the URL title contains Lonmin without a high-specificity Marikana case term. Lonmin-only matches can be unrelated corporate or financial stories, so this record is not provisionally eligible and requires acquired-text substantive screening before any inclusion decision.",SEARCH-MEDIA-ARCHIVE-PRESCREEN,strict_documented
DISC-MEDIA-0539,media,Lonmins Refined Platinum Output Plummets On Smelter Shutdowns,2015,Engineering News,https://www.engineeringnews.co.za/article/lonmins-refined-platinum-output-plummets-on-smelter-shutdowns-2015-02-06,candidate_pending_substantive_screen,lonmin_only_title_review,"Discovered from a documented publisher archive/sitemap and the URL title contains Lonmin without a high-specificity Marikana case term. Lonmin-only matches can be unrelated corporate or financial stories, so this record is not provisionally eligible and requires acquired-text substantive screening before any inclusion decision.",SEARCH-MEDIA-ARCHIVE-PRESCREEN,strict_documented
DISC-MEDIA-0540,media,Lonmins Strike Ends Amplats Braced For Trouble,2013,Engineering News,https://www.engineeringnews.co.za/article/lonmins-strike-ends-amplats-braced-for-trouble-2013-05-16,candidate_pending_substantive_screen,lonmin_only_title_review,"Discovered from a documented publisher archive/sitemap and the URL title contains Lonmin without a high-specificity Marikana case term. Lonmin-only matches can be unrelated corporate or financial stories, so this record is not provisionally eligible and requires acquired-text substantive screening before any inclusion decision.",SEARCH-MEDIA-ARCHIVE-PRESCREEN,strict_documented
DISC-MEDIA-0541,media,Lonminshowcases Career Opportunities Beyond Mining To Youth,2017,Engineering News,https://www.engineeringnews.co.za/article/lonminshowcases-career-opportunities-beyond-mining-to-youth-2017-06-30,candidate_pending_substantive_screen,lonmin_only_title_review,"Discovered from a documented publisher archive/sitemap and the URL title contains Lonmin without a high-specificity Marikana case term. Lonmin-only matches can be unrelated corporate or financial stories, so this record is not provisionally eligible and requires acquired-text substantive screening before any inclusion decision.",SEARCH-MEDIA-ARCHIVE-PRESCREEN,strict_documented
DISC-MEDIA-0542,media,Lonminsibanye Merger Judgement Set For Handing Down Friday,2019,Engineering News,https://www.engineeringnews.co.za/article/lonminsibanye-merger-judgement-set-for-handing-down-friday-2019-05-10,candidate_pending_substantive_screen,lonmin_only_title_review,"Discovered from a documented publisher archive/sitemap and the URL title contains Lonmin without a high-specificity Marikana case term. Lonmin-only matches can be unrelated corporate or financial stories, so this record is not provisionally eligible and requires acquired-text substantive screening before any inclusion decision.",SEARCH-MEDIA-ARCHIVE-PRESCREEN,strict_documented
DISC-MEDIA-0543,media,Lonminsibanye Merger Judgment Set For Friday,2019,Engineering News,https://www.engineeringnews.co.za/article/lonminsibanye-merger-judgment-set-for-friday-2019-05-24,candidate_pending_substantive_screen,lonmin_only_title_review,"Discovered from a documented publisher archive/sitemap and the URL title contains Lonmin without a high-specificity Marikana case term. Lonmin-only matches can be unrelated corporate or financial stories, so this record is not provisionally eligible and requires acquired-text substantive screening before any inclusion decision.",SEARCH-MEDIA-ARCHIVE-PRESCREEN,strict_documented
DISC-MEDIA-0544,media,Low Morale Management Turnover Lowers Lonmin Production,2019,Engineering News,https://www.engineeringnews.co.za/article/low-morale-management-turnover-lowers-lonmin-production-2019-05-10,candidate_pending_substantive_screen,lonmin_only_title_review,"Discovered from a documented publisher archive/sitemap and the URL title contains Lonmin without a high-specificity Marikana case term. Lonmin-only matches can be unrelated corporate or financial stories, so this record is not provisionally eligible and requires acquired-text substantive screening before any inclusion decision.",SEARCH-MEDIA-ARCHIVE-PRESCREEN,strict_documented
DISC-MEDIA-0545,media,Low Platinum Price Places 50 Of All Platinum Producers In The Red Lonmin,2015,Engineering News,https://www.engineeringnews.co.za/article/low-platinum-price-places-50-of-all-platinum-producers-in-the-red-lonmin-2015-11-27,candidate_pending_substantive_screen,lonmin_only_title_review,"Discovered from a documented publisher archive/sitemap and the URL title contains Lonmin without a high-specificity Marikana case term. Lonmin-only matches can be unrelated corporate or financial stories, so this record is not provisionally eligible and requires acquired-text substantive screening before any inclusion decision.",SEARCH-MEDIA-ARCHIVE-PRESCREEN,strict_documented
DISC-MEDIA-0546,media,Lrc Holding Saps And Lonmin Responsible For Deaths And Injuries Of Mineworkers,2014,Engineering News,https://www.engineeringnews.co.za/article/lrc-holding-saps-and-lonmin-responsible-for-deaths-and-injuries-of-mineworkers-2014-11-14,candidate_pending_substantive_screen,lonmin_only_title_review,"Discovered from a documented publisher archive/sitemap and the URL title contains Lonmin without a high-specificity Marikana case term. Lonmin-only matches can be unrelated corporate or financial stories, so this record is not provisionally eligible and requires acquired-text substantive screening before any inclusion decision.",SEARCH-MEDIA-ARCHIVE-PRESCREEN,strict_documented
DISC-MEDIA-0547,media,Magara Seizes Dual Role At Lonmin,2017,Engineering News,https://www.engineeringnews.co.za/article/magara-seizes-dual-role-at-lonmin-2017-03-16,candidate_pending_substantive_screen,lonmin_only_title_review,"Discovered from a documented publisher archive/sitemap and the URL title contains Lonmin without a high-specificity Marikana case term. Lonmin-only matches can be unrelated corporate or financial stories, so this record is not provisionally eligible and requires acquired-text substantive screening before any inclusion decision.",SEARCH-MEDIA-ARCHIVE-PRESCREEN,strict_documented
DISC-MEDIA-0548,media,Magara Seizes Lonmin Coo Opportunity As He Grasps Low Price Nettle,2017,Engineering News,https://www.engineeringnews.co.za/article/magara-seizes-lonmin-coo-opportunity-as-he-grasps-low-price-nettle-2017-03-13,candidate_pending_substantive_screen,lonmin_only_title_review,"Discovered from a documented publisher archive/sitemap and the URL title contains Lonmin without a high-specificity Marikana case term. Lonmin-only matches can be unrelated corporate or financial stories, so this record is not provisionally eligible and requires acquired-text substantive screening before any inclusion decision.",SEARCH-MEDIA-ARCHIVE-PRESCREEN,strict_documented
DISC-MEDIA-0549,media,Magara Takes The Reins At Lonmin Furnace Restarted,2013,Engineering News,https://www.engineeringnews.co.za/article/magara-takes-the-reins-at-lonmin-furnace-restarted-2013-07-01,candidate_pending_substantive_screen,lonmin_only_title_review,"Discovered from a documented publisher archive/sitemap and the URL title contains Lonmin without a high-specificity Marikana case term. Lonmin-only matches can be unrelated corporate or financial stories, so this record is not provisionally eligible and requires acquired-text substantive screening before any inclusion decision.",SEARCH-MEDIA-ARCHIVE-PRESCREEN,strict_documented
DISC-MEDIA-0550,media,Magara Takes The Reins At Lonmin Furnace Restarted,2013,Engineering News,https://www.engineeringnews.co.za/article/magara-takes-the-reins-at-lonmin-furnace-restarted-2013-07-12,candidate_pending_substantive_screen,lonmin_only_title_review,"Discovered from a documented publisher archive/sitemap and the URL title contains Lonmin without a high-specificity Marikana case term. Lonmin-only matches can be unrelated corporate or financial stories, so this record is not provisionally eligible and requires acquired-text substantive screening before any inclusion decision.",SEARCH-MEDIA-ARCHIVE-PRESCREEN,strict_documented
DISC-MEDIA-0551,media,Magna Closes Lonmin Canada Acquisition,2022,Engineering News,https://www.engineeringnews.co.za/article/magna-closes-lonmin-canada-acquisition-2022-11-08,candidate_pending_substantive_screen,lonmin_only_title_review,"Discovered from a documented publisher archive/sitemap and the URL title contains Lonmin without a high-specificity Marikana case term. Lonmin-only matches can be unrelated corporate or financial stories, so this record is not provisionally eligible and requires acquired-text substantive screening before any inclusion decision.",SEARCH-MEDIA-ARCHIVE-PRESCREEN,strict_documented
DISC-MEDIA-0552,media,Magna Mining Buys Lonmin Canada,2022,Engineering News,https://www.engineeringnews.co.za/article/magna-mining-buys-lonmin-canada-2022-08-17,candidate_pending_substantive_screen,lonmin_only_title_review,"Discovered from a documented publisher archive/sitemap and the URL title contains Lonmin without a high-specificity Marikana case term. Lonmin-only matches can be unrelated corporate or financial stories, so this record is not provisionally eligible and requires acquired-text substantive screening before any inclusion decision.",SEARCH-MEDIA-ARCHIVE-PRESCREEN,strict_documented
DISC-MEDIA-0553,media,Marikana Application Dismissed,2015,Engineering News,https://www.engineeringnews.co.za/article/marikana-application-dismissed-2015-06-15,candidate_pending_substantive_screen,explicit_case_title_review,"Discovered from a documented publisher archive/sitemap and the URL title contains a high-specificity case term (Marikana/Farlam/Nkaneng/Wonderkop/Bapo). This is a review trigger only; substantive corpus eligibility still requires acquired-text case-centrality, text-quality and duplicate review.",SEARCH-MEDIA-ARCHIVE-PRESCREEN,strict_documented
DISC-MEDIA-0554,media,Marikana Commission Cant Be Blamed For Fact That There Were No Prosecutions Judge Farlam,2019,Engineering News,https://www.engineeringnews.co.za/article/marikana-commission-cant-be-blamed-for-fact-that-there-were-no-prosecutions-judge-farlam-2019-08-16,candidate_pending_substantive_screen,explicit_case_title_review,"Discovered from a documented publisher archive/sitemap and the URL title contains a high-specificity case term (Marikana/Farlam/Nkaneng/Wonderkop/Bapo). This is a review trigger only; substantive corpus eligibility still requires acquired-text case-centrality, text-quality and duplicate review.",SEARCH-MEDIA-ARCHIVE-PRESCREEN,strict_documented
DISC-MEDIA-0555,media,Marikana Commission Findings To Be Implemented Zuma,2015,Engineering News,https://www.engineeringnews.co.za/article/marikana-commission-findings-to-be-implemented-zuma-2015-06-26,candidate_pending_substantive_screen,explicit_case_title_review,"Discovered from a documented publisher archive/sitemap and the URL title contains a high-specificity case term (Marikana/Farlam/Nkaneng/Wonderkop/Bapo). This is a review trigger only; substantive corpus eligibility still requires acquired-text case-centrality, text-quality and duplicate review.",SEARCH-MEDIA-ARCHIVE-PRESCREEN,strict_documented
DISC-MEDIA-0556,media,Marikana Events Happened Under Our Watch Anc Admits,2021,Engineering News,https://www.engineeringnews.co.za/article/marikana-events-happened-under-our-watch-anc-admits-2021-08-16,candidate_pending_substantive_screen,explicit_case_title_review,"Discovered from a documented publisher archive/sitemap and the URL title contains a high-specificity case term (Marikana/Farlam/Nkaneng/Wonderkop/Bapo). This is a review trigger only; substantive corpus eligibility still requires acquired-text case-centrality, text-quality and duplicate review.",SEARCH-MEDIA-ARCHIVE-PRESCREEN,strict_documented
DISC-MEDIA-0557,media,Marikana Families Sue Police For Millions,2013,Engineering News,https://www.engineeringnews.co.za/article/marikana-families-sue-police-for-millions-2013-03-01,candidate_pending_substantive_screen,explicit_case_title_review,"Discovered from a documented publisher archive/sitemap and the URL title contains a high-specificity case term (Marikana/Farlam/Nkaneng/Wonderkop/Bapo). This is a review trigger only; substantive corpus eligibility still requires acquired-text case-centrality, text-quality and duplicate review.",SEARCH-MEDIA-ARCHIVE-PRESCREEN,strict_documented
DISC-MEDIA-0558,media,Marikana Families Sue Police Minister,2015,Engineering News,https://www.engineeringnews.co.za/article/marikana-families-sue-police-minister-2015-08-12,candidate_pending_substantive_screen,explicit_case_title_review,"Discovered from a documented publisher archive/sitemap and the URL title contains a high-specificity case term (Marikana/Farlam/Nkaneng/Wonderkop/Bapo). This is a review trigger only; substantive corpus eligibility still requires acquired-text case-centrality, text-quality and duplicate review.",SEARCH-MEDIA-ARCHIVE-PRESCREEN,strict_documented
DISC-MEDIA-0559,media,Marikana Forced Saps To Correct Where It Went Wrong Bheki Cele,2021,Engineering News,https://www.engineeringnews.co.za/article/marikana-forced-saps-to-correct-where-it-went-wrong-bheki-cele-2021-03-29,candidate_pending_substantive_screen,explicit_case_title_review,"Discovered from a documented publisher archive/sitemap and the URL title contains a high-specificity case term (Marikana/Farlam/Nkaneng/Wonderkop/Bapo). This is a review trigger only; substantive corpus eligibility still requires acquired-text case-centrality, text-quality and duplicate review.",SEARCH-MEDIA-ARCHIVE-PRESCREEN,strict_documented
DISC-MEDIA-0560,media,Marikana K4Platinum Group Metals Project South Africa Update,2023,Engineering News,https://www.engineeringnews.co.za/article/marikana-k4platinum-group-metals-project-south-africa-update-2023-03-03,candidate_pending_substantive_screen,explicit_case_title_review,"Discovered from a documented publisher archive/sitemap and the URL title contains a high-specificity case term (Marikana/Farlam/Nkaneng/Wonderkop/Bapo). This is a review trigger only; substantive corpus eligibility still requires acquired-text case-centrality, text-quality and duplicate review.",SEARCH-MEDIA-ARCHIVE-PRESCREEN,strict_documented
DISC-MEDIA-0561,media,Marikana K4Platinum Group Metals Project South Africa Update,2023,Engineering News,https://www.engineeringnews.co.za/article/marikana-k4platinum-group-metals-project-south-africa-update-2023-04-07,candidate_pending_substantive_screen,explicit_case_title_review,"Discovered from a documented publisher archive/sitemap and the URL title contains a high-specificity case term (Marikana/Farlam/Nkaneng/Wonderkop/Bapo). This is a review trigger only; substantive corpus eligibility still requires acquired-text case-centrality, text-quality and duplicate review.",SEARCH-MEDIA-ARCHIVE-PRESCREEN,strict_documented
DISC-MEDIA-0562,media,Marikana K4Platinum Group Metals Project South Africa Update,2023,Engineering News,https://www.engineeringnews.co.za/article/marikana-k4platinum-group-metals-project-south-africa-update-2023-09-22,candidate_pending_substantive_screen,explicit_case_title_review,"Discovered from a documented publisher archive/sitemap and the URL title contains a high-specificity case term (Marikana/Farlam/Nkaneng/Wonderkop/Bapo). This is a review trigger only; substantive corpus eligibility still requires acquired-text case-centrality, text-quality and duplicate review.",SEARCH-MEDIA-ARCHIVE-PRESCREEN,strict_documented
DISC-MEDIA-0563,media,Marikana K4Platinum Group Metals Project South Africa Update,2023,Engineering News,https://www.engineeringnews.co.za/article/marikana-k4platinum-group-metals-project-south-africa-update-2023-11-10,candidate_pending_substantive_screen,explicit_case_title_review,"Discovered from a documented publisher archive/sitemap and the URL title contains a high-specificity case term (Marikana/Farlam/Nkaneng/Wonderkop/Bapo). This is a review trigger only; substantive corpus eligibility still requires acquired-text case-centrality, text-quality and duplicate review.",SEARCH-MEDIA-ARCHIVE-PRESCREEN,strict_documented
DISC-MEDIA-0564,media,Marikana Lawyers Government Mull Compensation,2017,Engineering News,https://www.engineeringnews.co.za/article/marikana-lawyers-government-mull-compensation-2017-08-01,candidate_pending_substantive_screen,explicit_case_title_review,"Discovered from a documented publisher archive/sitemap and the URL title contains a high-specificity case term (Marikana/Farlam/Nkaneng/Wonderkop/Bapo). This is a review trigger only; substantive corpus eligibility still requires acquired-text case-centrality, text-quality and duplicate review.",SEARCH-MEDIA-ARCHIVE-PRESCREEN,strict_documented
DISC-MEDIA-0565,media,Marikana Legal Aid What We Wanted Organisation,2015,Engineering News,https://www.engineeringnews.co.za/article/marikana-legal-aid-what-we-wanted-organisation-2015-09-25,candidate_pending_substantive_screen,explicit_case_title_review,"Discovered from a documented publisher archive/sitemap and the URL title contains a high-specificity case term (Marikana/Farlam/Nkaneng/Wonderkop/Bapo). This is a review trigger only; substantive corpus eligibility still requires acquired-text case-centrality, text-quality and duplicate review.",SEARCH-MEDIA-ARCHIVE-PRESCREEN,strict_documented
DISC-MEDIA-0566,media,Marikana Massacre As Anc Trumpets R170M Paid To Victims Families Calls For Justice Rage On,2023,Engineering News,https://www.engineeringnews.co.za/article/marikana-massacre-as-anc-trumpets-r170m-paid-to-victims-families-calls-for-justice-rage-on-2023-08-16,candidate_pending_substantive_screen,explicit_case_title_review,"Discovered from a documented publisher archive/sitemap and the URL title contains a high-specificity case term (Marikana/Farlam/Nkaneng/Wonderkop/Bapo). This is a review trigger only; substantive corpus eligibility still requires acquired-text case-centrality, text-quality and duplicate review.",SEARCH-MEDIA-ARCHIVE-PRESCREEN,strict_documented
DISC-MEDIA-0567,media,Marikana Massacre To Be Commemorated At Hillside Where Massacre Occurred,2017,Engineering News,https://www.engineeringnews.co.za/article/marikana-massacre-to-be-commemorated-at-hillside-where-massacre-occurred-2017-08-16,candidate_pending_substantive_screen,explicit_case_title_review,"Discovered from a documented publisher archive/sitemap and the URL title contains a high-specificity case term (Marikana/Farlam/Nkaneng/Wonderkop/Bapo). This is a review trigger only; substantive corpus eligibility still requires acquired-text case-centrality, text-quality and duplicate review.",SEARCH-MEDIA-ARCHIVE-PRESCREEN,strict_documented
DISC-MEDIA-0568,media,Marikana Memorial Lecture Speakers Issue Call To Rebuild,2023,Engineering News,https://www.engineeringnews.co.za/article/marikana-memorial-lecture-speakers-issue-call-to-rebuild-2023-08-14,candidate_pending_substantive_screen,explicit_case_title_review,"Discovered from a documented publisher archive/sitemap and the URL title contains a high-specificity case term (Marikana/Farlam/Nkaneng/Wonderkop/Bapo). This is a review trigger only; substantive corpus eligibility still requires acquired-text case-centrality, text-quality and duplicate review.",SEARCH-MEDIA-ARCHIVE-PRESCREEN,strict_documented
DISC-MEDIA-0569,media,Marikana Miners Go To Court To Force Zuma To Release Report,2015,Engineering News,https://www.engineeringnews.co.za/article/marikana-miners-go-to-court-to-force-zuma-to-release-report-2015-05-25,candidate_pending_substantive_screen,explicit_case_title_review,"Discovered from a documented publisher archive/sitemap and the URL title contains a high-specificity case term (Marikana/Farlam/Nkaneng/Wonderkop/Bapo). This is a review trigger only; substantive corpus eligibility still requires acquired-text case-centrality, text-quality and duplicate review.",SEARCH-MEDIA-ARCHIVE-PRESCREEN,strict_documented
DISC-MEDIA-0570,media,Marikana Mineworkers Case Postponed Again,2019,Engineering News,https://www.engineeringnews.co.za/article/marikana-mineworkers-case-postponed-again-2019-05-07,candidate_pending_substantive_screen,explicit_case_title_review,"Discovered from a documented publisher archive/sitemap and the URL title contains a high-specificity case term (Marikana/Farlam/Nkaneng/Wonderkop/Bapo). This is a review trigger only; substantive corpus eligibility still requires acquired-text case-centrality, text-quality and duplicate review.",SEARCH-MEDIA-ARCHIVE-PRESCREEN,strict_documented
DISC-MEDIA-0571,media,Marikana Mineworkers In Court For 2012 Incidents,2017,Engineering News,https://www.engineeringnews.co.za/article/marikana-mineworkers-in-court-for-2012-incidents-2017-02-21,candidate_pending_substantive_screen,explicit_case_title_review,"Discovered from a documented publisher archive/sitemap and the URL title contains a high-specificity case term (Marikana/Farlam/Nkaneng/Wonderkop/Bapo). This is a review trigger only; substantive corpus eligibility still requires acquired-text case-centrality, text-quality and duplicate review.",SEARCH-MEDIA-ARCHIVE-PRESCREEN,strict_documented
DISC-MEDIA-0572,media,Marikana Report Response,2015,Engineering News,https://www.engineeringnews.co.za/article/marikana-report-response-2015-07-10,candidate_pending_substantive_screen,explicit_case_title_review,"Discovered from a documented publisher archive/sitemap and the URL title contains a high-specificity case term (Marikana/Farlam/Nkaneng/Wonderkop/Bapo). This is a review trigger only; substantive corpus eligibility still requires acquired-text case-centrality, text-quality and duplicate review.",SEARCH-MEDIA-ARCHIVE-PRESCREEN,strict_documented
DISC-MEDIA-0573,media,Marikana Report To Zuma By Tuesday,2015,Engineering News,https://www.engineeringnews.co.za/article/marikana-report-to-zuma-by-tuesday-2015-03-30,candidate_pending_substantive_screen,explicit_case_title_review,"Discovered from a documented publisher archive/sitemap and the URL title contains a high-specificity case term (Marikana/Farlam/Nkaneng/Wonderkop/Bapo). This is a review trigger only; substantive corpus eligibility still requires acquired-text case-centrality, text-quality and duplicate review.",SEARCH-MEDIA-ARCHIVE-PRESCREEN,strict_documented
DISC-MEDIA-0574,media,Marikana Students To Qualify With Matric Certificate And Technical Diploma,2013,Engineering News,https://www.engineeringnews.co.za/article/marikana-students-to-qualify-with-matric-certificate-and-technical-diploma-2013-04-05,candidate_pending_substantive_screen,explicit_case_title_review,"Discovered from a documented publisher archive/sitemap and the URL title contains a high-specificity case term (Marikana/Farlam/Nkaneng/Wonderkop/Bapo). This is a review trigger only; substantive corpus eligibility still requires acquired-text case-centrality, text-quality and duplicate review.",SEARCH-MEDIA-ARCHIVE-PRESCREEN,strict_documented
DISC-MEDIA-0575,media,Marikana Tradgedy Has Changed Industry Forever Consultancy,2013,Engineering News,https://www.engineeringnews.co.za/article/marikana-tradgedy-has-changed-industry-forever-consultancy-2013-04-26,candidate_pending_substantive_screen,explicit_case_title_review,"Discovered from a documented publisher archive/sitemap and the URL title contains a high-specificity case term (Marikana/Farlam/Nkaneng/Wonderkop/Bapo). This is a review trigger only; substantive corpus eligibility still requires acquired-text case-centrality, text-quality and duplicate review.",SEARCH-MEDIA-ARCHIVE-PRESCREEN,strict_documented
DISC-MEDIA-0576,media,Marikana Trial Miners May Have Been In Possession Of 60 Rounds Of Ammunition Defence Lawyer,2021,Engineering News,https://www.engineeringnews.co.za/article/marikana-trial-miners-may-have-been-in-possession-of-60-rounds-of-ammunition---defence-lawyer-2021-05-25,candidate_pending_substantive_screen,explicit_case_title_review,"Discovered from a documented publisher archive/sitemap and the URL title contains a high-specificity case term (Marikana/Farlam/Nkaneng/Wonderkop/Bapo). This is a review trigger only; substantive corpus eligibility still requires acquired-text case-centrality, text-quality and duplicate review.",SEARCH-MEDIA-ARCHIVE-PRESCREEN,strict_documented
DISC-MEDIA-0577,media,Marikana Trial Provoked Miners Posed No Threat When Tear Gas Stun Grenades Were Fired At Them,2021,Engineering News,https://www.engineeringnews.co.za/article/marikana-trial-provoked-miners-posed-no-threat-when-tear-gas-stun-grenades-were-fired-at-them-2021-05-27,candidate_pending_substantive_screen,explicit_case_title_review,"Discovered from a documented publisher archive/sitemap and the URL title contains a high-specificity case term (Marikana/Farlam/Nkaneng/Wonderkop/Bapo). This is a review trigger only; substantive corpus eligibility still requires acquired-text case-centrality, text-quality and duplicate review.",SEARCH-MEDIA-ARCHIVE-PRESCREEN,strict_documented
DISC-MEDIA-0578,media,Marikanamassacre Commemorated With Second Yearly Memorial Lecture,2021,Engineering News,https://www.engineeringnews.co.za/article/marikanamassacre-commemorated-with-second-yearly-memorial-lecture-2021-08-17,candidate_pending_substantive_screen,explicit_case_title_review,"Discovered from a documented publisher archive/sitemap and the URL title contains a high-specificity case term (Marikana/Farlam/Nkaneng/Wonderkop/Bapo). This is a review trigger only; substantive corpus eligibility still requires acquired-text case-centrality, text-quality and duplicate review.",SEARCH-MEDIA-ARCHIVE-PRESCREEN,strict_documented
DISC-MEDIA-0579,media,Militias Defending Jacob Zuma From Arrest Could Lead To Another Marikana Warns Frank Chikane,2021,Engineering News,https://www.engineeringnews.co.za/article/militias-defending-jacob-zuma-from-arrest-could-lead-to-another-marikana-warns-frank-chikane-2021-03-19,candidate_pending_substantive_screen,explicit_case_title_review,"Discovered from a documented publisher archive/sitemap and the URL title contains a high-specificity case term (Marikana/Farlam/Nkaneng/Wonderkop/Bapo). This is a review trigger only; substantive corpus eligibility still requires acquired-text case-centrality, text-quality and duplicate review.",SEARCH-MEDIA-ARCHIVE-PRESCREEN,strict_documented
DISC-MEDIA-0580,media,Miner Dies At Lonmins Jv Pandora Following Fall Of Ground Accident,2016,Engineering News,https://www.engineeringnews.co.za/article/miner-dies-at-lonmins-jv-pandora-following-fall-of-ground-accident-2016-04-07,candidate_pending_substantive_screen,lonmin_only_title_review,"Discovered from a documented publisher archive/sitemap and the URL title contains Lonmin without a high-specificity Marikana case term. Lonmin-only matches can be unrelated corporate or financial stories, so this record is not provisionally eligible and requires acquired-text substantive screening before any inclusion decision.",SEARCH-MEDIA-ARCHIVE-PRESCREEN,strict_documented
DISC-MEDIA-0581,media,Miner Lonmin Narrows First Half Loss Cuts Annual Spending Target,2018,Engineering News,https://www.engineeringnews.co.za/article/miner-lonmin-narrows-first-half-loss-cuts-annual-spending-target-2018-05-14,candidate_pending_substantive_screen,lonmin_only_title_review,"Discovered from a documented publisher archive/sitemap and the URL title contains Lonmin without a high-specificity Marikana case term. Lonmin-only matches can be unrelated corporate or financial stories, so this record is not provisionally eligible and requires acquired-text substantive screening before any inclusion decision.",SEARCH-MEDIA-ARCHIVE-PRESCREEN,strict_documented
DISC-MEDIA-0582,media,Miners Regress On Arv Treatment Lonmin,2014,Engineering News,https://www.engineeringnews.co.za/article/miners-regress-on-arv-treatment-lonmin-2014-04-14,candidate_pending_substantive_screen,lonmin_only_title_review,"Discovered from a documented publisher archive/sitemap and the URL title contains Lonmin without a high-specificity Marikana case term. Lonmin-only matches can be unrelated corporate or financial stories, so this record is not provisionally eligible and requires acquired-text substantive screening before any inclusion decision.",SEARCH-MEDIA-ARCHIVE-PRESCREEN,strict_documented
DISC-MEDIA-0583,media,Minings Biggest Loser Lonmin Is Burning Cash To Stay Alive,2017,Engineering News,https://www.engineeringnews.co.za/article/minings-biggest-loser-lonmin-is-burning-cash-to-stay-alive-2017-03-17,candidate_pending_substantive_screen,lonmin_only_title_review,"Discovered from a documented publisher archive/sitemap and the URL title contains Lonmin without a high-specificity Marikana case term. Lonmin-only matches can be unrelated corporate or financial stories, so this record is not provisionally eligible and requires acquired-text substantive screening before any inclusion decision.",SEARCH-MEDIA-ARCHIVE-PRESCREEN,strict_documented
DISC-MEDIA-0584,media,Ministers To Visit Marikana,2013,Engineering News,https://www.engineeringnews.co.za/article/ministers-to-visit-marikana-2013-05-16,candidate_pending_substantive_screen,explicit_case_title_review,"Discovered from a documented publisher archive/sitemap and the URL title contains a high-specificity case term (Marikana/Farlam/Nkaneng/Wonderkop/Bapo). This is a review trigger only; substantive corpus eligibility still requires acquired-text case-centrality, text-quality and duplicate review.",SEARCH-MEDIA-ARCHIVE-PRESCREEN,strict_documented
DISC-MEDIA-0585,media,Missing Millions From Lonmin Fund Prompts Community Pay Reform,2016,Engineering News,https://www.engineeringnews.co.za/article/missing-millions-from-lonmin-fund-prompts-community-pay-reform-2016-08-04,candidate_pending_substantive_screen,lonmin_only_title_review,"Discovered from a documented publisher archive/sitemap and the URL title contains Lonmin without a high-specificity Marikana case term. Lonmin-only matches can be unrelated corporate or financial stories, so this record is not provisionally eligible and requires acquired-text substantive screening before any inclusion decision.",SEARCH-MEDIA-ARCHIVE-PRESCREEN,strict_documented
DISC-MEDIA-0586,media,Moolman Appointed Lonmin Coo,2015,Engineering News,https://www.engineeringnews.co.za/article/moolman-appointed-lonmin-coo-2015-03-17,candidate_pending_substantive_screen,lonmin_only_title_review,"Discovered from a documented publisher archive/sitemap and the URL title contains Lonmin without a high-specificity Marikana case term. Lonmin-only matches can be unrelated corporate or financial stories, so this record is not provisionally eligible and requires acquired-text substantive screening before any inclusion decision.",SEARCH-MEDIA-ARCHIVE-PRESCREEN,strict_documented
DISC-MEDIA-0587,media,Moratorium Aside Zwane Approves Lonmins Bid To Acquire Anglos Pandora Stake,2017,Engineering News,https://www.engineeringnews.co.za/article/moratorium-aside-zwane-approves-lonmins-bid-to-acquire-anglos-pandora-stake-2017-07-26,candidate_pending_substantive_screen,lonmin_only_title_review,"Discovered from a documented publisher archive/sitemap and the URL title contains Lonmin without a high-specificity Marikana case term. Lonmin-only matches can be unrelated corporate or financial stories, so this record is not provisionally eligible and requires acquired-text substantive screening before any inclusion decision.",SEARCH-MEDIA-ARCHIVE-PRESCREEN,strict_documented
DISC-MEDIA-0588,media,Never Again Can We Allow Such A Tragedy To Befall Our Nation Ramaphosa On Marikana Massacre,2019,Engineering News,https://www.engineeringnews.co.za/article/never-again-can-we-allow-such-a-tragedy-to-befall-our-nation-ramaphosa-on-marikana-massacre-2019-08-16,candidate_pending_substantive_screen,explicit_case_title_review,"Discovered from a documented publisher archive/sitemap and the URL title contains a high-specificity case term (Marikana/Farlam/Nkaneng/Wonderkop/Bapo). This is a review trigger only; substantive corpus eligibility still requires acquired-text case-centrality, text-quality and duplicate review.",SEARCH-MEDIA-ARCHIVE-PRESCREEN,strict_documented
DISC-MEDIA-0589,media,Nothing Off Table As Lonmin Pursues Value In Low Platinum Price Environment,2017,Engineering News,https://www.engineeringnews.co.za/article/nothing-off-table-as-lonmin-pursues-value-in-low-platinum-price-environment-2017-04-07,candidate_pending_substantive_screen,lonmin_only_title_review,"Discovered from a documented publisher archive/sitemap and the URL title contains Lonmin without a high-specificity Marikana case term. Lonmin-only matches can be unrelated corporate or financial stories, so this record is not provisionally eligible and requires acquired-text substantive screening before any inclusion decision.",SEARCH-MEDIA-ARCHIVE-PRESCREEN,strict_documented
DISC-MEDIA-0590,media,Nothing Off Table As Lonmin Pursues Value In Low Platinum Price Environment,2017,Engineering News,https://www.engineeringnews.co.za/article/nothing-off-table-as-lonmin-pursues-value-in-low-platinum-price-environment-2017-04-07-1,candidate_pending_substantive_screen,lonmin_only_title_review,"Discovered from a documented publisher archive/sitemap and the URL title contains Lonmin without a high-specificity Marikana case term. Lonmin-only matches can be unrelated corporate or financial stories, so this record is not provisionally eligible and requires acquired-text substantive screening before any inclusion decision.",SEARCH-MEDIA-ARCHIVE-PRESCREEN,strict_documented
DISC-MEDIA-0591,media,Num Has Until July To Regain Majority At Lonmin,2013,Engineering News,https://www.engineeringnews.co.za/article/num-has-until-july-to-regain-majority-at-lonmin-2013-05-29,candidate_pending_substantive_screen,lonmin_only_title_review,"Discovered from a documented publisher archive/sitemap and the URL title contains Lonmin without a high-specificity Marikana case term. Lonmin-only matches can be unrelated corporate or financial stories, so this record is not provisionally eligible and requires acquired-text substantive screening before any inclusion decision.",SEARCH-MEDIA-ARCHIVE-PRESCREEN,strict_documented
DISC-MEDIA-0592,media,Num Member Gunned Down At Lonmin Hostel,2013,Engineering News,https://www.engineeringnews.co.za/article/num-member-gunned-down-at-lonmin-hostel-2013-06-03,candidate_pending_substantive_screen,lonmin_only_title_review,"Discovered from a documented publisher archive/sitemap and the URL title contains Lonmin without a high-specificity Marikana case term. Lonmin-only matches can be unrelated corporate or financial stories, so this record is not provisionally eligible and requires acquired-text substantive screening before any inclusion decision.",SEARCH-MEDIA-ARCHIVE-PRESCREEN,strict_documented
DISC-MEDIA-0593,media,Num Says Branch Leader At Lonmin Unit Shot Dead,2018,Engineering News,https://www.engineeringnews.co.za/article/num-says-branch-leader-at-lonmin-unit-shot-dead-2018-01-19,candidate_pending_substantive_screen,lonmin_only_title_review,"Discovered from a documented publisher archive/sitemap and the URL title contains Lonmin without a high-specificity Marikana case term. Lonmin-only matches can be unrelated corporate or financial stories, so this record is not provisionally eligible and requires acquired-text substantive screening before any inclusion decision.",SEARCH-MEDIA-ARCHIVE-PRESCREEN,strict_documented
DISC-MEDIA-0594,media,Num Shocked By Lonmin Cutting Thousands Of Jobs,2015,Engineering News,https://www.engineeringnews.co.za/article/num-shocked-by-lonmin-cutting-thousands-of-jobs-2015-07-24,candidate_pending_substantive_screen,lonmin_only_title_review,"Discovered from a documented publisher archive/sitemap and the URL title contains Lonmin without a high-specificity Marikana case term. Lonmin-only matches can be unrelated corporate or financial stories, so this record is not provisionally eligible and requires acquired-text substantive screening before any inclusion decision.",SEARCH-MEDIA-ARCHIVE-PRESCREEN,strict_documented
DISC-MEDIA-0595,media,Num To Fight Lonmin Job Losses,2015,Engineering News,https://www.engineeringnews.co.za/article/num-to-fight-lonmin-job-losses-2015-05-08,candidate_pending_substantive_screen,lonmin_only_title_review,"Discovered from a documented publisher archive/sitemap and the URL title contains Lonmin without a high-specificity Marikana case term. Lonmin-only matches can be unrelated corporate or financial stories, so this record is not provisionally eligible and requires acquired-text substantive screening before any inclusion decision.",SEARCH-MEDIA-ARCHIVE-PRESCREEN,strict_documented
DISC-MEDIA-0596,media,Num Wants Members At Lonmin Back,2013,Engineering News,https://www.engineeringnews.co.za/article/num-wants-members-at-lonmin-back-2013-07-11,candidate_pending_substantive_screen,lonmin_only_title_review,"Discovered from a documented publisher archive/sitemap and the URL title contains Lonmin without a high-specificity Marikana case term. Lonmin-only matches can be unrelated corporate or financial stories, so this record is not provisionally eligible and requires acquired-text substantive screening before any inclusion decision.",SEARCH-MEDIA-ARCHIVE-PRESCREEN,strict_documented
DISC-MEDIA-0597,media,Old Mutual Decreases Lonmin Voting Rights,2014,Engineering News,https://www.engineeringnews.co.za/article/old-mutual-decreases-lonmin-voting-rights-2014-10-02,candidate_pending_substantive_screen,lonmin_only_title_review,"Discovered from a documented publisher archive/sitemap and the URL title contains Lonmin without a high-specificity Marikana case term. Lonmin-only matches can be unrelated corporate or financial stories, so this record is not provisionally eligible and requires acquired-text substantive screening before any inclusion decision.",SEARCH-MEDIA-ARCHIVE-PRESCREEN,strict_documented
DISC-MEDIA-0598,media,Opposition Parties Condemn Zumas Defence On Marikana Cops,2015,Engineering News,https://www.engineeringnews.co.za/article/opposition-parties-condemn-zumas-defence-on-marikana-cops-2015-06-24,candidate_pending_substantive_screen,explicit_case_title_review,"Discovered from a documented publisher archive/sitemap and the URL title contains a high-specificity case term (Marikana/Farlam/Nkaneng/Wonderkop/Bapo). This is a review trigger only; substantive corpus eligibility still requires acquired-text case-centrality, text-quality and duplicate review.",SEARCH-MEDIA-ARCHIVE-PRESCREEN,strict_documented
DISC-MEDIA-0599,media,Outstanding Marikana Matters Set For Completion By Month End,2022,Engineering News,https://www.engineeringnews.co.za/article/outstanding-marikana-matters-set-for-completion-by-month-end-2022-08-10,candidate_pending_substantive_screen,explicit_case_title_review,"Discovered from a documented publisher archive/sitemap and the URL title contains a high-specificity case term (Marikana/Farlam/Nkaneng/Wonderkop/Bapo). This is a review trigger only; substantive corpus eligibility still requires acquired-text case-centrality, text-quality and duplicate review.",SEARCH-MEDIA-ARCHIVE-PRESCREEN,strict_documented
DISC-MEDIA-0600,media,Pgms Project Will Ensure Marikanas Sustainability For 50 Years Plus Sibanye,2021,Engineering News,https://www.engineeringnews.co.za/article/pgms-project-will-ensure-marikanas-sustainability-for-50-years-plus-sibanye-2021-03-02,candidate_pending_substantive_screen,explicit_case_title_review,"Discovered from a documented publisher archive/sitemap and the URL title contains a high-specificity case term (Marikana/Farlam/Nkaneng/Wonderkop/Bapo). This is a review trigger only; substantive corpus eligibility still requires acquired-text case-centrality, text-quality and duplicate review.",SEARCH-MEDIA-ARCHIVE-PRESCREEN,strict_documented
DISC-MEDIA-0601,media,Pic Faces Dilemma Over Backing Lonmin Deal,2019,Engineering News,https://www.engineeringnews.co.za/article/pic-faces-dilemma-over-backing-lonmin-deal-2019-05-23,candidate_pending_substantive_screen,lonmin_only_title_review,"Discovered from a documented publisher archive/sitemap and the URL title contains Lonmin without a high-specificity Marikana case term. Lonmin-only matches can be unrelated corporate or financial stories, so this record is not provisionally eligible and requires acquired-text substantive screening before any inclusion decision.",SEARCH-MEDIA-ARCHIVE-PRESCREEN,strict_documented
DISC-MEDIA-0602,media,Pic Snaps Up Unsold Shares In Lonmin To Secure 2999 Stake,2015,Engineering News,https://www.engineeringnews.co.za/article/pic-snaps-up-unsold-shares-in-lonmin-to-secure-2999-stake-2015-12-14,candidate_pending_substantive_screen,lonmin_only_title_review,"Discovered from a documented publisher archive/sitemap and the URL title contains Lonmin without a high-specificity Marikana case term. Lonmin-only matches can be unrelated corporate or financial stories, so this record is not provisionally eligible and requires acquired-text substantive screening before any inclusion decision.",SEARCH-MEDIA-ARCHIVE-PRESCREEN,strict_documented
DISC-MEDIA-0603,media,Platinum Miner Lonmins Lenders Relax Loan Agreements Again,2018,Engineering News,https://www.engineeringnews.co.za/article/platinum-miner-lonmins-lenders-relax-loan-agreements-again-2018-01-18,candidate_pending_substantive_screen,lonmin_only_title_review,"Discovered from a documented publisher archive/sitemap and the URL title contains Lonmin without a high-specificity Marikana case term. Lonmin-only matches can be unrelated corporate or financial stories, so this record is not provisionally eligible and requires acquired-text substantive screening before any inclusion decision.",SEARCH-MEDIA-ARCHIVE-PRESCREEN,strict_documented
DISC-MEDIA-0604,media,Platinum Price Upturn Needed To Sustain Industry Lonmin,2017,Engineering News,https://www.engineeringnews.co.za/article/platinum-price-upturn-needed-to-sustain-industry-lonmin-2017-01-20,candidate_pending_substantive_screen,lonmin_only_title_review,"Discovered from a documented publisher archive/sitemap and the URL title contains Lonmin without a high-specificity Marikana case term. Lonmin-only matches can be unrelated corporate or financial stories, so this record is not provisionally eligible and requires acquired-text substantive screening before any inclusion decision.",SEARCH-MEDIA-ARCHIVE-PRESCREEN,strict_documented
DISC-MEDIA-0605,media,Platinum Price Upturn Needed To Sustain Industry Lonmin,2017,Engineering News,https://www.engineeringnews.co.za/article/platinum-price-upturn-needed-to-sustain-industry-lonmin-2017-02-03,candidate_pending_substantive_screen,lonmin_only_title_review,"Discovered from a documented publisher archive/sitemap and the URL title contains Lonmin without a high-specificity Marikana case term. Lonmin-only matches can be unrelated corporate or financial stories, so this record is not provisionally eligible and requires acquired-text substantive screening before any inclusion decision.",SEARCH-MEDIA-ARCHIVE-PRESCREEN,strict_documented
DISC-MEDIA-0606,media,Policemen Mineworkers In Court Ahead Of 7Th Marikana Massacre Commemoration,2019,Engineering News,https://www.engineeringnews.co.za/article/policemen-mineworkers-in-court-ahead-of-7th-marikana-massacre-commemoration-2019-08-14,candidate_pending_substantive_screen,explicit_case_title_review,"Discovered from a documented publisher archive/sitemap and the URL title contains a high-specificity case term (Marikana/Farlam/Nkaneng/Wonderkop/Bapo). This is a review trigger only; substantive corpus eligibility still requires acquired-text case-centrality, text-quality and duplicate review.",SEARCH-MEDIA-ARCHIVE-PRESCREEN,strict_documented
DISC-MEDIA-0607,media,Poverty Led To Marikana Tragedy Says Mahumapelo,2016,Engineering News,https://www.engineeringnews.co.za/article/poverty-led-to-marikana-tragedy-says-mahumapelo-2016-12-05,candidate_pending_substantive_screen,explicit_case_title_review,"Discovered from a documented publisher archive/sitemap and the URL title contains a high-specificity case term (Marikana/Farlam/Nkaneng/Wonderkop/Bapo). This is a review trigger only; substantive corpus eligibility still requires acquired-text case-centrality, text-quality and duplicate review.",SEARCH-MEDIA-ARCHIVE-PRESCREEN,strict_documented
DISC-MEDIA-0608,media,Presidency Rejects Marikana Lawyers Claims,2015,Engineering News,https://www.engineeringnews.co.za/article/presidency-rejects-marikana-lawyers-claims-2015-05-25,candidate_pending_substantive_screen,explicit_case_title_review,"Discovered from a documented publisher archive/sitemap and the URL title contains a high-specificity case term (Marikana/Farlam/Nkaneng/Wonderkop/Bapo). This is a review trigger only; substantive corpus eligibility still requires acquired-text case-centrality, text-quality and duplicate review.",SEARCH-MEDIA-ARCHIVE-PRESCREEN,strict_documented
DISC-MEDIA-0609,media,President Zuma To Release Marikana Report To The Public In Due Course,2015,Engineering News,https://www.engineeringnews.co.za/article/president-zuma-to-release-marikana-report-to-the-public-in-due-course-2015-05-11,candidate_pending_substantive_screen,explicit_case_title_review,"Discovered from a documented publisher archive/sitemap and the URL title contains a high-specificity case term (Marikana/Farlam/Nkaneng/Wonderkop/Bapo). This is a review trigger only; substantive corpus eligibility still requires acquired-text case-centrality, text-quality and duplicate review.",SEARCH-MEDIA-ARCHIVE-PRESCREEN,strict_documented
DISC-MEDIA-0610,media,Ramaphosa Questioned About Marikana Inaction,2014,Engineering News,https://www.engineeringnews.co.za/article/ramaphosa-questioned-about-marikana-inaction-2014-08-12,candidate_pending_substantive_screen,explicit_case_title_review,"Discovered from a documented publisher archive/sitemap and the URL title contains a high-specificity case term (Marikana/Farlam/Nkaneng/Wonderkop/Bapo). This is a review trigger only; substantive corpus eligibility still requires acquired-text case-centrality, text-quality and duplicate review.",SEARCH-MEDIA-ARCHIVE-PRESCREEN,strict_documented
DISC-MEDIA-0611,media,Ramaphosa To Step Down From Lonmin Mondi Boards,2013,Engineering News,https://www.engineeringnews.co.za/article/ramaphosa-to-step-down-from-lonmin-mondi-boards-2013-01-23,candidate_pending_substantive_screen,lonmin_only_title_review,"Discovered from a documented publisher archive/sitemap and the URL title contains Lonmin without a high-specificity Marikana case term. Lonmin-only matches can be unrelated corporate or financial stories, so this record is not provisionally eligible and requires acquired-text substantive screening before any inclusion decision.",SEARCH-MEDIA-ARCHIVE-PRESCREEN,strict_documented
DISC-MEDIA-0612,media,Ramaphosa To Testify At Farlam Commission,2014,Engineering News,https://www.engineeringnews.co.za/article/ramaphosa-to-testify-at-farlam-commission-2014-08-11,candidate_pending_substantive_screen,explicit_case_title_review,"Discovered from a documented publisher archive/sitemap and the URL title contains a high-specificity case term (Marikana/Farlam/Nkaneng/Wonderkop/Bapo). This is a review trigger only; substantive corpus eligibility still requires acquired-text case-centrality, text-quality and duplicate review.",SEARCH-MEDIA-ARCHIVE-PRESCREEN,strict_documented
DISC-MEDIA-0613,media,Ramaphosa Welcomes Court Judgment Says He Was Not The Cause Of Harmful Conduct In Marikana,2022,Engineering News,https://www.engineeringnews.co.za/article/ramaphosa-welcomes-court-judgment-says-he-was-not-the-cause-of-harmful-conduct-in-marikana-2022-07-05,candidate_pending_substantive_screen,explicit_case_title_review,"Discovered from a documented publisher archive/sitemap and the URL title contains a high-specificity case term (Marikana/Farlam/Nkaneng/Wonderkop/Bapo). This is a review trigger only; substantive corpus eligibility still requires acquired-text case-centrality, text-quality and duplicate review.",SEARCH-MEDIA-ARCHIVE-PRESCREEN,strict_documented
DISC-MEDIA-0614,media,Reserve Bank Approves Sibanyes Buyout Of Lonmin,2018,Engineering News,https://www.engineeringnews.co.za/article/reserve-bank-approves-sibanyes-buyout-of-lonmin-2018-05-15,candidate_pending_substantive_screen,lonmin_only_title_review,"Discovered from a documented publisher archive/sitemap and the URL title contains Lonmin without a high-specificity Marikana case term. Lonmin-only matches can be unrelated corporate or financial stories, so this record is not provisionally eligible and requires acquired-text substantive screening before any inclusion decision.",SEARCH-MEDIA-ARCHIVE-PRESCREEN,strict_documented
DISC-MEDIA-0615,media,Resilient Lonmin Beats Guidance Ups Cash,2017,Engineering News,https://www.engineeringnews.co.za/article/resilient-lonmin-beats-guidance-ups-cash-2017-11-03,candidate_pending_substantive_screen,lonmin_only_title_review,"Discovered from a documented publisher archive/sitemap and the URL title contains Lonmin without a high-specificity Marikana case term. Lonmin-only matches can be unrelated corporate or financial stories, so this record is not provisionally eligible and requires acquired-text substantive screening before any inclusion decision.",SEARCH-MEDIA-ARCHIVE-PRESCREEN,strict_documented
DISC-MEDIA-0616,media,Resilient Lonmin Beats Guidance Ups Cash,2017,Engineering News,https://www.engineeringnews.co.za/article/resilient-lonmin-beats-guidance-ups-cash-2017-11-17,candidate_pending_substantive_screen,lonmin_only_title_review,"Discovered from a documented publisher archive/sitemap and the URL title contains Lonmin without a high-specificity Marikana case term. Lonmin-only matches can be unrelated corporate or financial stories, so this record is not provisionally eligible and requires acquired-text substantive screening before any inclusion decision.",SEARCH-MEDIA-ARCHIVE-PRESCREEN,strict_documented
DISC-MEDIA-0617,media,Resilient Lonmin Delivers Sturdy Output Extracts Cash From Tailings,2018,Engineering News,https://www.engineeringnews.co.za/article/resilient-lonmin-delivers-sturdy-output-extracts-cash-from-tailings-2018-01-22,candidate_pending_substantive_screen,lonmin_only_title_review,"Discovered from a documented publisher archive/sitemap and the URL title contains Lonmin without a high-specificity Marikana case term. Lonmin-only matches can be unrelated corporate or financial stories, so this record is not provisionally eligible and requires acquired-text substantive screening before any inclusion decision.",SEARCH-MEDIA-ARCHIVE-PRESCREEN,strict_documented
DISC-MEDIA-0618,media,Resilient Lonmin Delivers Sturdy Output Extracts Cash From Tailings,2018,Engineering News,https://www.engineeringnews.co.za/article/resilient-lonmin-delivers-sturdy-output-extracts-cash-from-tailings-2018-02-02,candidate_pending_substantive_screen,lonmin_only_title_review,"Discovered from a documented publisher archive/sitemap and the URL title contains Lonmin without a high-specificity Marikana case term. Lonmin-only matches can be unrelated corporate or financial stories, so this record is not provisionally eligible and requires acquired-text substantive screening before any inclusion decision.",SEARCH-MEDIA-ARCHIVE-PRESCREEN,strict_documented
DISC-MEDIA-0619,media,Retention Of Jobs Critical Following Sibanye Lonmin Deal Zwane,2017,Engineering News,https://www.engineeringnews.co.za/article/retention-of-jobs-critical-following-sibanye-lonmin-deal-zwane-2017-12-15,candidate_pending_substantive_screen,lonmin_only_title_review,"Discovered from a documented publisher archive/sitemap and the URL title contains Lonmin without a high-specificity Marikana case term. Lonmin-only matches can be unrelated corporate or financial stories, so this record is not provisionally eligible and requires acquired-text substantive screening before any inclusion decision.",SEARCH-MEDIA-ARCHIVE-PRESCREEN,strict_documented
DISC-MEDIA-0620,media,Rights Groups Demand Police Accountability For Marikana Massacre,2019,Engineering News,https://www.engineeringnews.co.za/article/rights-groups-demand-police-accountability-for-marikana-massacre-2019-06-11,candidate_pending_substantive_screen,explicit_case_title_review,"Discovered from a documented publisher archive/sitemap and the URL title contains a high-specificity case term (Marikana/Farlam/Nkaneng/Wonderkop/Bapo). This is a review trigger only; substantive corpus eligibility still requires acquired-text case-centrality, text-quality and duplicate review.",SEARCH-MEDIA-ARCHIVE-PRESCREEN,strict_documented
DISC-MEDIA-0621,media,Road Deaths In Sa Equivalent To One Marikana Tragedy A Day Analyst,2015,Engineering News,https://www.engineeringnews.co.za/article/road-deaths-in-sa-equivalent-to-one-marikana-tragedy-a-day-analyst-2015-07-10,candidate_pending_substantive_screen,explicit_case_title_review,"Discovered from a documented publisher archive/sitemap and the URL title contains a high-specificity case term (Marikana/Farlam/Nkaneng/Wonderkop/Bapo). This is a review trigger only; substantive corpus eligibility still requires acquired-text case-centrality, text-quality and duplicate review.",SEARCH-MEDIA-ARCHIVE-PRESCREEN,strict_documented
DISC-MEDIA-0622,media,Rock Drill Operator Dies At Lonmins K3 Shaft,2017,Engineering News,https://www.engineeringnews.co.za/article/rock-drill-operator-dies-at-lonmins-k3-shaft-2017-02-21,candidate_pending_substantive_screen,lonmin_only_title_review,"Discovered from a documented publisher archive/sitemap and the URL title contains Lonmin without a high-specificity Marikana case term. Lonmin-only matches can be unrelated corporate or financial stories, so this record is not provisionally eligible and requires acquired-text substantive screening before any inclusion decision.",SEARCH-MEDIA-ARCHIVE-PRESCREEN,strict_documented
DISC-MEDIA-0623,media,Rosatom Partners To Trial Small Hydropower Plant At Lonmin,2016,Engineering News,https://www.engineeringnews.co.za/article/rosatom-partners-to-trial-small-hydropower-plant-at-lonmin-2016-07-22,candidate_pending_substantive_screen,lonmin_only_title_review,"Discovered from a documented publisher archive/sitemap and the URL title contains Lonmin without a high-specificity Marikana case term. Lonmin-only matches can be unrelated corporate or financial stories, so this record is not provisionally eligible and requires acquired-text substantive screening before any inclusion decision.",SEARCH-MEDIA-ARCHIVE-PRESCREEN,strict_documented
DISC-MEDIA-0624,media,Rustenburg Communities Want Concourt To Set Aside Sibanyes Lonmin Takeover,2019,Engineering News,https://www.engineeringnews.co.za/article/rustenburg-communities-want-concourt-to-set-aside-sibanyes-lonmin-takeover-2019-07-19,candidate_pending_substantive_screen,lonmin_only_title_review,"Discovered from a documented publisher archive/sitemap and the URL title contains Lonmin without a high-specificity Marikana case term. Lonmin-only matches can be unrelated corporate or financial stories, so this record is not provisionally eligible and requires acquired-text substantive screening before any inclusion decision.",SEARCH-MEDIA-ARCHIVE-PRESCREEN,strict_documented
DISC-MEDIA-0625,media,Sa Mining Challenges About Far More Than Marikana Migrant Labour Manuel,2013,Engineering News,https://www.engineeringnews.co.za/article/sa-mining-challenges-about-far-more-than-marikana-migrant-labour-manuel-2013-08-30,candidate_pending_substantive_screen,explicit_case_title_review,"Discovered from a documented publisher archive/sitemap and the URL title contains a high-specificity case term (Marikana/Farlam/Nkaneng/Wonderkop/Bapo). This is a review trigger only; substantive corpus eligibility still requires acquired-text case-centrality, text-quality and duplicate review.",SEARCH-MEDIA-ARCHIVE-PRESCREEN,strict_documented
DISC-MEDIA-0626,media,Sa Mining Challenges About Far More Than Marikana Migrant Labour Manuel,2013,Engineering News,https://www.engineeringnews.co.za/article/sa-mining-challenges-about-far-more-than-marikana-migrant-labour-manuel-2013-09-13,candidate_pending_substantive_screen,explicit_case_title_review,"Discovered from a documented publisher archive/sitemap and the URL title contains a high-specificity case term (Marikana/Farlam/Nkaneng/Wonderkop/Bapo). This is a review trigger only; substantive corpus eligibility still requires acquired-text case-centrality, text-quality and duplicate review.",SEARCH-MEDIA-ARCHIVE-PRESCREEN,strict_documented
DISC-MEDIA-0627,media,Sacp Remembers Marikana Tragedy Calls For Unity Against Economic Exploitation,2019,Engineering News,https://www.engineeringnews.co.za/article/sacp-remembers-marikana-tragedy-calls-for-unity-against-economic-exploitation-2019-08-16,candidate_pending_substantive_screen,explicit_case_title_review,"Discovered from a documented publisher archive/sitemap and the URL title contains a high-specificity case term (Marikana/Farlam/Nkaneng/Wonderkop/Bapo). This is a review trigger only; substantive corpus eligibility still requires acquired-text case-centrality, text-quality and duplicate review.",SEARCH-MEDIA-ARCHIVE-PRESCREEN,strict_documented
DISC-MEDIA-0628,media,Sanco Wants Government To Intervene To Halt Looming Job Cut In Marikana,2019,Engineering News,https://www.engineeringnews.co.za/article/sanco-wants-government-to-intervene-to-halt-looming-job-cut-in-marikana-2019-09-27,candidate_pending_substantive_screen,explicit_case_title_review,"Discovered from a documented publisher archive/sitemap and the URL title contains a high-specificity case term (Marikana/Farlam/Nkaneng/Wonderkop/Bapo). This is a review trigger only; substantive corpus eligibility still requires acquired-text case-centrality, text-quality and duplicate review.",SEARCH-MEDIA-ARCHIVE-PRESCREEN,strict_documented
DISC-MEDIA-0629,media,Sandvik Contractor Dies At Lonmins Marikana Mine,2015,Engineering News,https://www.engineeringnews.co.za/article/sandvik-contractor-dies-at-lonmins-marikana-mine-2015-07-23,candidate_pending_substantive_screen,explicit_case_title_review,"Discovered from a documented publisher archive/sitemap and the URL title contains a high-specificity case term (Marikana/Farlam/Nkaneng/Wonderkop/Bapo). This is a review trigger only; substantive corpus eligibility still requires acquired-text case-centrality, text-quality and duplicate review.",SEARCH-MEDIA-ARCHIVE-PRESCREEN,strict_documented
DISC-MEDIA-0630,media,Seven Years Since Marikana Massacre And Still No Justice Says Rights Institute,2019,Engineering News,https://www.engineeringnews.co.za/article/seven-years-since-marikana-massacre-and-still-no-justice-says-rights-institute-2019-08-16,candidate_pending_substantive_screen,explicit_case_title_review,"Discovered from a documented publisher archive/sitemap and the URL title contains a high-specificity case term (Marikana/Farlam/Nkaneng/Wonderkop/Bapo). This is a review trigger only; substantive corpus eligibility still requires acquired-text case-centrality, text-quality and duplicate review.",SEARCH-MEDIA-ARCHIVE-PRESCREEN,strict_documented
DISC-MEDIA-0631,media,Several Labour Lessons Learnt From Marikana Tragedy Mpofu,2013,Engineering News,https://www.engineeringnews.co.za/article/several-labour-lessons-learnt-from-marikana-tragedy-mpofu-2013-09-04,candidate_pending_substantive_screen,explicit_case_title_review,"Discovered from a documented publisher archive/sitemap and the URL title contains a high-specificity case term (Marikana/Farlam/Nkaneng/Wonderkop/Bapo). This is a review trigger only; substantive corpus eligibility still requires acquired-text case-centrality, text-quality and duplicate review.",SEARCH-MEDIA-ARCHIVE-PRESCREEN,strict_documented
DISC-MEDIA-0632,media,Shaft Sinkers Secures 114M Contract At Lonmin,2013,Engineering News,https://www.engineeringnews.co.za/article/shaft-sinkers-secures-114m-contract-at-lonmin-2013-11-27,candidate_pending_substantive_screen,lonmin_only_title_review,"Discovered from a documented publisher archive/sitemap and the URL title contains Lonmin without a high-specificity Marikana case term. Lonmin-only matches can be unrelated corporate or financial stories, so this record is not provisionally eligible and requires acquired-text substantive screening before any inclusion decision.",SEARCH-MEDIA-ARCHIVE-PRESCREEN,strict_documented
DISC-MEDIA-0633,media,Shorts Pile Into Cash Strapped Lonmin As Platinum Flounders,2017,Engineering News,https://www.engineeringnews.co.za/article/shorts-pile-into-cash-strapped-lonmin-as-platinum-flounders-2017-06-27,candidate_pending_substantive_screen,lonmin_only_title_review,"Discovered from a documented publisher archive/sitemap and the URL title contains Lonmin without a high-specificity Marikana case term. Lonmin-only matches can be unrelated corporate or financial stories, so this record is not provisionally eligible and requires acquired-text substantive screening before any inclusion decision.",SEARCH-MEDIA-ARCHIVE-PRESCREEN,strict_documented
DISC-MEDIA-0634,media,Sibanye Ceo Confident Of Lonmin Takeover Despite Cash Burn,2018,Engineering News,https://www.engineeringnews.co.za/article/sibanye-ceo-confident-of-lonmin-takeover-despite-cash-burn-2018-05-18,candidate_pending_substantive_screen,lonmin_only_title_review,"Discovered from a documented publisher archive/sitemap and the URL title contains Lonmin without a high-specificity Marikana case term. Lonmin-only matches can be unrelated corporate or financial stories, so this record is not provisionally eligible and requires acquired-text substantive screening before any inclusion decision.",SEARCH-MEDIA-ARCHIVE-PRESCREEN,strict_documented
DISC-MEDIA-0635,media,Sibanye Continues To Make Reparations At Marikana,2022,Engineering News,https://www.engineeringnews.co.za/article/sibanye-continues-to-make-reparations-at-marikana-2022-07-15,candidate_pending_substantive_screen,explicit_case_title_review,"Discovered from a documented publisher archive/sitemap and the URL title contains a high-specificity case term (Marikana/Farlam/Nkaneng/Wonderkop/Bapo). This is a review trigger only; substantive corpus eligibility still requires acquired-text case-centrality, text-quality and duplicate review.",SEARCH-MEDIA-ARCHIVE-PRESCREEN,strict_documented
DISC-MEDIA-0636,media,Sibanye Expects Lonmin Competition Finality October,2018,Engineering News,https://www.engineeringnews.co.za/article/sibanye-expects-lonmin-competition-finality-october-2018-08-27,candidate_pending_substantive_screen,lonmin_only_title_review,"Discovered from a documented publisher archive/sitemap and the URL title contains Lonmin without a high-specificity Marikana case term. Lonmin-only matches can be unrelated corporate or financial stories, so this record is not provisionally eligible and requires acquired-text substantive screening before any inclusion decision.",SEARCH-MEDIA-ARCHIVE-PRESCREEN,strict_documented
DISC-MEDIA-0637,media,Sibanye Files Court Papers To Oppose Application To Halt R52Bn Lonmin Merger,2019,Engineering News,https://www.engineeringnews.co.za/article/sibanye-files-court-papers-to-oppose-application-to-halt-r52bn-lonmin-merger-2019-08-02,candidate_pending_substantive_screen,lonmin_only_title_review,"Discovered from a documented publisher archive/sitemap and the URL title contains Lonmin without a high-specificity Marikana case term. Lonmin-only matches can be unrelated corporate or financial stories, so this record is not provisionally eligible and requires acquired-text substantive screening before any inclusion decision.",SEARCH-MEDIA-ARCHIVE-PRESCREEN,strict_documented
DISC-MEDIA-0638,media,Sibanye Highlights Lonmin Drdgold Deal Attractions At Denver,2018,Engineering News,https://www.engineeringnews.co.za/article/sibanye-highlights-lonmin-drdgold-deal-attractions-at-denver-2018-09-26,candidate_pending_substantive_screen,lonmin_only_title_review,"Discovered from a documented publisher archive/sitemap and the URL title contains Lonmin without a high-specificity Marikana case term. Lonmin-only matches can be unrelated corporate or financial stories, so this record is not provisionally eligible and requires acquired-text substantive screening before any inclusion decision.",SEARCH-MEDIA-ARCHIVE-PRESCREEN,strict_documented
DISC-MEDIA-0639,media,Sibanye Highlights Lonmin Drdgold Deal Attractions At Denver,2018,Engineering News,https://www.engineeringnews.co.za/article/sibanye-highlights-lonmin-drdgold-deal-attractions-at-denver-2018-10-05,candidate_pending_substantive_screen,lonmin_only_title_review,"Discovered from a documented publisher archive/sitemap and the URL title contains Lonmin without a high-specificity Marikana case term. Lonmin-only matches can be unrelated corporate or financial stories, so this record is not provisionally eligible and requires acquired-text substantive screening before any inclusion decision.",SEARCH-MEDIA-ARCHIVE-PRESCREEN,strict_documented
DISC-MEDIA-0640,media,Sibanye Hosts Marikana Memorial Lecture,2020,Engineering News,https://www.engineeringnews.co.za/article/sibanye-hosts-marikana-memorial-lecture-2020-08-14,candidate_pending_substantive_screen,explicit_case_title_review,"Discovered from a documented publisher archive/sitemap and the URL title contains a high-specificity case term (Marikana/Farlam/Nkaneng/Wonderkop/Bapo). This is a review trigger only; substantive corpus eligibility still requires acquired-text case-centrality, text-quality and duplicate review.",SEARCH-MEDIA-ARCHIVE-PRESCREEN,strict_documented
DISC-MEDIA-0641,media,Sibanye Increases Lonmin Offer,2019,Engineering News,https://www.engineeringnews.co.za/article/sibanye-increases-lonmin-offer-2019-04-25,candidate_pending_substantive_screen,lonmin_only_title_review,"Discovered from a documented publisher archive/sitemap and the URL title contains Lonmin without a high-specificity Marikana case term. Lonmin-only matches can be unrelated corporate or financial stories, so this record is not provisionally eligible and requires acquired-text substantive screening before any inclusion decision.",SEARCH-MEDIA-ARCHIVE-PRESCREEN,strict_documented
DISC-MEDIA-0642,media,Sibanye Keeps Option To Increase Lonmin Offer Against Rival Bid,2019,Engineering News,https://www.engineeringnews.co.za/article/sibanye-keeps-option-to-increase-lonmin-offer-against-rival-bid-2019-05-20,candidate_pending_substantive_screen,lonmin_only_title_review,"Discovered from a documented publisher archive/sitemap and the URL title contains Lonmin without a high-specificity Marikana case term. Lonmin-only matches can be unrelated corporate or financial stories, so this record is not provisionally eligible and requires acquired-text substantive screening before any inclusion decision.",SEARCH-MEDIA-ARCHIVE-PRESCREEN,strict_documented
DISC-MEDIA-0643,media,Sibanye Lonmin Extend Merger Longstop Date To June,2019,Engineering News,https://www.engineeringnews.co.za/article/sibanye-lonmin-extend-merger-longstop-date-to-june-2019-01-15,candidate_pending_substantive_screen,lonmin_only_title_review,"Discovered from a documented publisher archive/sitemap and the URL title contains Lonmin without a high-specificity Marikana case term. Lonmin-only matches can be unrelated corporate or financial stories, so this record is not provisionally eligible and requires acquired-text substantive screening before any inclusion decision.",SEARCH-MEDIA-ARCHIVE-PRESCREEN,strict_documented
DISC-MEDIA-0644,media,Sibanye Lonmin Merger Enters Final Stretch As Amcu Appeal Is Dismissed,2019,Engineering News,https://www.engineeringnews.co.za/article/sibanye-lonmin-merger-enters-final-stretch-as-amcu-appeal-is-dismissed-2019-05-17,candidate_pending_substantive_screen,lonmin_only_title_review,"Discovered from a documented publisher archive/sitemap and the URL title contains Lonmin without a high-specificity Marikana case term. Lonmin-only matches can be unrelated corporate or financial stories, so this record is not provisionally eligible and requires acquired-text substantive screening before any inclusion decision.",SEARCH-MEDIA-ARCHIVE-PRESCREEN,strict_documented
DISC-MEDIA-0645,media,Sibanye Lonmin Merger Hearing Postponed To November,2018,Engineering News,https://www.engineeringnews.co.za/article/sibanye-lonmin-merger-hearing-postponed-to-november-2018-10-17,candidate_pending_substantive_screen,lonmin_only_title_review,"Discovered from a documented publisher archive/sitemap and the URL title contains Lonmin without a high-specificity Marikana case term. Lonmin-only matches can be unrelated corporate or financial stories, so this record is not provisionally eligible and requires acquired-text substantive screening before any inclusion decision.",SEARCH-MEDIA-ARCHIVE-PRESCREEN,strict_documented
DISC-MEDIA-0646,media,Sibanye Plans To Cut 5 270 Jobs As It Restructures Marikana Operations,2019,Engineering News,https://www.engineeringnews.co.za/article/sibanye-plans-to-cut-5-270-jobs-as-it-restructures-marikana-operations-2019-10-04,candidate_pending_substantive_screen,explicit_case_title_review,"Discovered from a documented publisher archive/sitemap and the URL title contains a high-specificity case term (Marikana/Farlam/Nkaneng/Wonderkop/Bapo). This is a review trigger only; substantive corpus eligibility still requires acquired-text case-centrality, text-quality and duplicate review.",SEARCH-MEDIA-ARCHIVE-PRESCREEN,strict_documented
DISC-MEDIA-0647,media,Sibanye Shareholders Vote In Favour Of Lonmin Takeover,2019,Engineering News,https://www.engineeringnews.co.za/article/sibanye-shareholders-vote-in-favour-of-lonmin-takeover-2019-05-28,candidate_pending_substantive_screen,lonmin_only_title_review,"Discovered from a documented publisher archive/sitemap and the URL title contains Lonmin without a high-specificity Marikana case term. Lonmin-only matches can be unrelated corporate or financial stories, so this record is not provisionally eligible and requires acquired-text substantive screening before any inclusion decision.",SEARCH-MEDIA-ARCHIVE-PRESCREEN,strict_documented
DISC-MEDIA-0648,media,Sibanye Stillwater Expects Lonmin Competition Finality In October,2018,Engineering News,https://www.engineeringnews.co.za/article/sibanye-stillwater-expects-lonmin-competition-finality-in-october-2018-08-27,candidate_pending_substantive_screen,lonmin_only_title_review,"Discovered from a documented publisher archive/sitemap and the URL title contains Lonmin without a high-specificity Marikana case term. Lonmin-only matches can be unrelated corporate or financial stories, so this record is not provisionally eligible and requires acquired-text substantive screening before any inclusion decision.",SEARCH-MEDIA-ARCHIVE-PRESCREEN,strict_documented
DISC-MEDIA-0649,media,Sibanye Stillwater Restructures Historical Lonmin Bee Structure,2021,Engineering News,https://www.engineeringnews.co.za/article/sibanye-stillwater-restructures-historical-lonmin-bee-structure-2021-04-14,candidate_pending_substantive_screen,lonmin_only_title_review,"Discovered from a documented publisher archive/sitemap and the URL title contains Lonmin without a high-specificity Marikana case term. Lonmin-only matches can be unrelated corporate or financial stories, so this record is not provisionally eligible and requires acquired-text substantive screening before any inclusion decision.",SEARCH-MEDIA-ARCHIVE-PRESCREEN,strict_documented
DISC-MEDIA-0650,media,Sibanye Stillwater To Acquire Embattled Lonmin In All Share Offer,2017,Engineering News,https://www.engineeringnews.co.za/article/sibanye-stillwater-to-acquire-embattled-lonmin-in-all-share-offer-2017-12-14,candidate_pending_substantive_screen,lonmin_only_title_review,"Discovered from a documented publisher archive/sitemap and the URL title contains Lonmin without a high-specificity Marikana case term. Lonmin-only matches can be unrelated corporate or financial stories, so this record is not provisionally eligible and requires acquired-text substantive screening before any inclusion decision.",SEARCH-MEDIA-ARCHIVE-PRESCREEN,strict_documented
DISC-MEDIA-0651,media,Sibanye Stillwater To Lonmins Rescue,2017,Engineering News,https://www.engineeringnews.co.za/article/sibanye-stillwater-to-lonmins-rescue-2017-12-19,candidate_pending_substantive_screen,lonmin_only_title_review,"Discovered from a documented publisher archive/sitemap and the URL title contains Lonmin without a high-specificity Marikana case term. Lonmin-only matches can be unrelated corporate or financial stories, so this record is not provisionally eligible and requires acquired-text substantive screening before any inclusion decision.",SEARCH-MEDIA-ARCHIVE-PRESCREEN,strict_documented
DISC-MEDIA-0652,media,Sibanye To Hold Webcast Series To Aid Healing And Renewal In Marikana,2021,Engineering News,https://www.engineeringnews.co.za/article/sibanye-to-hold-webcast-series-to-aid-healing-and-renewal-in-marikana-2021-08-11,candidate_pending_substantive_screen,explicit_case_title_review,"Discovered from a documented publisher archive/sitemap and the URL title contains a high-specificity case term (Marikana/Farlam/Nkaneng/Wonderkop/Bapo). This is a review trigger only; substantive corpus eligibility still requires acquired-text case-centrality, text-quality and duplicate review.",SEARCH-MEDIA-ARCHIVE-PRESCREEN,strict_documented
DISC-MEDIA-0653,media,Sibanye Wins Final Go Ahead For Lonmin Deal,2019,Engineering News,https://www.engineeringnews.co.za/article/sibanye-wins-final-go-ahead-for-lonmin-deal-2019-05-17,candidate_pending_substantive_screen,lonmin_only_title_review,"Discovered from a documented publisher archive/sitemap and the URL title contains Lonmin without a high-specificity Marikana case term. Lonmin-only matches can be unrelated corporate or financial stories, so this record is not provisionally eligible and requires acquired-text substantive screening before any inclusion decision.",SEARCH-MEDIA-ARCHIVE-PRESCREEN,strict_documented
DISC-MEDIA-0654,media,Sibanyes Marikana Restructuring Good In The Long Run Say Market Commentators,2019,Engineering News,https://www.engineeringnews.co.za/article/sibanyes-marikana-restructuring-good-in-the-long-run-say-market-commentators-2019-09-26,candidate_pending_substantive_screen,explicit_case_title_review,"Discovered from a documented publisher archive/sitemap and the URL title contains a high-specificity case term (Marikana/Farlam/Nkaneng/Wonderkop/Bapo). This is a review trigger only; substantive corpus eligibility still requires acquired-text case-centrality, text-quality and duplicate review.",SEARCH-MEDIA-ARCHIVE-PRESCREEN,strict_documented
DISC-MEDIA-0655,media,Sixth Death In Lonmin In Three Months,2017,Engineering News,https://www.engineeringnews.co.za/article/sixth-death-in-lonmin-in-three-months-2017-10-19,candidate_pending_substantive_screen,lonmin_only_title_review,"Discovered from a documented publisher archive/sitemap and the URL title contains Lonmin without a high-specificity Marikana case term. Lonmin-only matches can be unrelated corporate or financial stories, so this record is not provisionally eligible and requires acquired-text substantive screening before any inclusion decision.",SEARCH-MEDIA-ARCHIVE-PRESCREEN,strict_documented
DISC-MEDIA-0656,media,Slain Marikana Workers To Be Remembered,2013,Engineering News,https://www.engineeringnews.co.za/article/slain-marikana-workers-to-be-remembered-2013-08-13,candidate_pending_substantive_screen,explicit_case_title_review,"Discovered from a documented publisher archive/sitemap and the URL title contains a high-specificity case term (Marikana/Farlam/Nkaneng/Wonderkop/Bapo). This is a review trigger only; substantive corpus eligibility still requires acquired-text case-centrality, text-quality and duplicate review.",SEARCH-MEDIA-ARCHIVE-PRESCREEN,strict_documented
DISC-MEDIA-0657,media,Solidarity Concerned Over Loss Of Recognition At Lonmin,2017,Engineering News,https://www.engineeringnews.co.za/article/solidarity-concerned-over-loss-of-recognition-at-lonmin-2017-08-07,candidate_pending_substantive_screen,lonmin_only_title_review,"Discovered from a documented publisher archive/sitemap and the URL title contains Lonmin without a high-specificity Marikana case term. Lonmin-only matches can be unrelated corporate or financial stories, so this record is not provisionally eligible and requires acquired-text substantive screening before any inclusion decision.",SEARCH-MEDIA-ARCHIVE-PRESCREEN,strict_documented
DISC-MEDIA-0658,media,Solidarity Gears Up For Lonmin Strike,2013,Engineering News,https://www.engineeringnews.co.za/article/solidarity-gears-up-for-lonmin-strike-2013-08-19,candidate_pending_substantive_screen,lonmin_only_title_review,"Discovered from a documented publisher archive/sitemap and the URL title contains Lonmin without a high-specificity Marikana case term. Lonmin-only matches can be unrelated corporate or financial stories, so this record is not provisionally eligible and requires acquired-text substantive screening before any inclusion decision.",SEARCH-MEDIA-ARCHIVE-PRESCREEN,strict_documented
DISC-MEDIA-0659,media,Solidarity Rejects Lonmin Wage Offer,2013,Engineering News,https://www.engineeringnews.co.za/article/solidarity-rejects-lonmin-wage-offer-2013-10-31,candidate_pending_substantive_screen,lonmin_only_title_review,"Discovered from a documented publisher archive/sitemap and the URL title contains Lonmin without a high-specificity Marikana case term. Lonmin-only matches can be unrelated corporate or financial stories, so this record is not provisionally eligible and requires acquired-text substantive screening before any inclusion decision.",SEARCH-MEDIA-ARCHIVE-PRESCREEN,strict_documented
DISC-MEDIA-0660,media,Solidarity Requests Labour Court To Review Lonmins Withdrawal Of Solidaritys Rights Recognition,2017,Engineering News,https://www.engineeringnews.co.za/article/solidarity-requests-labour-court-to-review-lonmins-withdrawal-of-solidaritys-rights-recognition-2017-10-24,candidate_pending_substantive_screen,lonmin_only_title_review,"Discovered from a documented publisher archive/sitemap and the URL title contains Lonmin without a high-specificity Marikana case term. Lonmin-only matches can be unrelated corporate or financial stories, so this record is not provisionally eligible and requires acquired-text substantive screening before any inclusion decision.",SEARCH-MEDIA-ARCHIVE-PRESCREEN,strict_documented
DISC-MEDIA-0661,media,Solidarity Says Courts Ruling Against Amcu Agency Fee At Lonmin Is Victory For Workers,2019,Engineering News,https://www.engineeringnews.co.za/article/solidarity-says-courts-ruling-against-amcu-agency-fee-at-lonmin-is-victory-for-workers-2019-06-25,candidate_pending_substantive_screen,lonmin_only_title_review,"Discovered from a documented publisher archive/sitemap and the URL title contains Lonmin without a high-specificity Marikana case term. Lonmin-only matches can be unrelated corporate or financial stories, so this record is not provisionally eligible and requires acquired-text substantive screening before any inclusion decision.",SEARCH-MEDIA-ARCHIVE-PRESCREEN,strict_documented
DISC-MEDIA-0662,media,South Africa Must Prosecute 2012 Marikana Deaths Amnesty Says,2017,Engineering News,https://www.engineeringnews.co.za/article/south-africa-must-prosecute-2012-marikana-deaths-amnesty-says-2017-08-15,candidate_pending_substantive_screen,explicit_case_title_review,"Discovered from a documented publisher archive/sitemap and the URL title contains a high-specificity case term (Marikana/Farlam/Nkaneng/Wonderkop/Bapo). This is a review trigger only; substantive corpus eligibility still requires acquired-text case-centrality, text-quality and duplicate review.",SEARCH-MEDIA-ARCHIVE-PRESCREEN,strict_documented
DISC-MEDIA-0663,media,South Africa Must Prosecute 2012 Marikana Deaths Amnesty Says,2017,Engineering News,https://www.engineeringnews.co.za/article/south-africa-must-prosecute-2012-marikana-deaths-amnesty-says-2017-08-25,candidate_pending_substantive_screen,explicit_case_title_review,"Discovered from a documented publisher archive/sitemap and the URL title contains a high-specificity case term (Marikana/Farlam/Nkaneng/Wonderkop/Bapo). This is a review trigger only; substantive corpus eligibility still requires acquired-text case-centrality, text-quality and duplicate review.",SEARCH-MEDIA-ARCHIVE-PRESCREEN,strict_documented
DISC-MEDIA-0664,media,Streaming To Lower Debt Lonmin On A Knife Edge Zambian Mining Cries Out,2015,Engineering News,https://www.engineeringnews.co.za/article/streaming-to-lower-debt-lonmin-on-a-knife-edge-zambian-mining-cries-out-2015-11-13,candidate_pending_substantive_screen,lonmin_only_title_review,"Discovered from a documented publisher archive/sitemap and the URL title contains Lonmin without a high-specificity Marikana case term. Lonmin-only matches can be unrelated corporate or financial stories, so this record is not provisionally eligible and requires acquired-text substantive screening before any inclusion decision.",SEARCH-MEDIA-ARCHIVE-PRESCREEN,strict_documented
DISC-MEDIA-0665,media,Strike Hit Mothers Have No Food To Put On The Table Lonmin,2014,Engineering News,https://www.engineeringnews.co.za/article/strike-hit-mothers-have-no-food-to-put-on-the-table-lonmin-2014-04-03,candidate_pending_substantive_screen,lonmin_only_title_review,"Discovered from a documented publisher archive/sitemap and the URL title contains Lonmin without a high-specificity Marikana case term. Lonmin-only matches can be unrelated corporate or financial stories, so this record is not provisionally eligible and requires acquired-text substantive screening before any inclusion decision.",SEARCH-MEDIA-ARCHIVE-PRESCREEN,strict_documented
DISC-MEDIA-0666,media,Strike Hit Mothers Have No Food To Put On The Table Lonmin,2014,Engineering News,https://www.engineeringnews.co.za/article/strike-hit-mothers-have-no-food-to-put-on-the-table-lonmin-2014-04-11,candidate_pending_substantive_screen,lonmin_only_title_review,"Discovered from a documented publisher archive/sitemap and the URL title contains Lonmin without a high-specificity Marikana case term. Lonmin-only matches can be unrelated corporate or financial stories, so this record is not provisionally eligible and requires acquired-text substantive screening before any inclusion decision.",SEARCH-MEDIA-ARCHIVE-PRESCREEN,strict_documented
DISC-MEDIA-0667,media,Surviving On 3Oz Has Lonmin In Race Against Time,2017,Engineering News,https://www.engineeringnews.co.za/article/surviving-on-3oz-has-lonmin-in-race-against-time-2017-11-09,candidate_pending_substantive_screen,lonmin_only_title_review,"Discovered from a documented publisher archive/sitemap and the URL title contains Lonmin without a high-specificity Marikana case term. Lonmin-only matches can be unrelated corporate or financial stories, so this record is not provisionally eligible and requires acquired-text substantive screening before any inclusion decision.",SEARCH-MEDIA-ARCHIVE-PRESCREEN,strict_documented
DISC-MEDIA-0668,media,Thakadu To Build 14M Nickel Beneficiation Plant At Lonmin Refinery,2016,Engineering News,https://www.engineeringnews.co.za/article/thakadu-to-build-14m-nickel-beneficiation-plant-at-lonmin-refinery-2016-11-16,candidate_pending_substantive_screen,lonmin_only_title_review,"Discovered from a documented publisher archive/sitemap and the URL title contains Lonmin without a high-specificity Marikana case term. Lonmin-only matches can be unrelated corporate or financial stories, so this record is not provisionally eligible and requires acquired-text substantive screening before any inclusion decision.",SEARCH-MEDIA-ARCHIVE-PRESCREEN,strict_documented
DISC-MEDIA-0669,media,Thakadu To Build 14M Nickel Beneficiation Plant At Lonmin Refinery,2016,Engineering News,https://www.engineeringnews.co.za/article/thakadu-to-build-14m-nickel-beneficiation-plant-at-lonmin-refinery-2016-11-25,candidate_pending_substantive_screen,lonmin_only_title_review,"Discovered from a documented publisher archive/sitemap and the URL title contains Lonmin without a high-specificity Marikana case term. Lonmin-only matches can be unrelated corporate or financial stories, so this record is not provisionally eligible and requires acquired-text substantive screening before any inclusion decision.",SEARCH-MEDIA-ARCHIVE-PRESCREEN,strict_documented
DISC-MEDIA-0670,media,Tharisa Lonmin In Pgm Rich Metal Alloys Accord,2017,Engineering News,https://www.engineeringnews.co.za/article/tharisa-lonmin-in-pgm-rich-metal-alloys-accord-2017-08-31,candidate_pending_substantive_screen,lonmin_only_title_review,"Discovered from a documented publisher archive/sitemap and the URL title contains Lonmin without a high-specificity Marikana case term. Lonmin-only matches can be unrelated corporate or financial stories, so this record is not provisionally eligible and requires acquired-text substantive screening before any inclusion decision.",SEARCH-MEDIA-ARCHIVE-PRESCREEN,strict_documented
DISC-MEDIA-0671,media,Top Sibanye Holders Are Said To Show Support For Lonmin Deal,2018,Engineering News,https://www.engineeringnews.co.za/article/top-sibanye-holders-are-said-to-show-support-for-lonmin-deal-2018-09-03,candidate_pending_substantive_screen,lonmin_only_title_review,"Discovered from a documented publisher archive/sitemap and the URL title contains Lonmin without a high-specificity Marikana case term. Lonmin-only matches can be unrelated corporate or financial stories, so this record is not provisionally eligible and requires acquired-text substantive screening before any inclusion decision.",SEARCH-MEDIA-ARCHIVE-PRESCREEN,strict_documented
DISC-MEDIA-0672,media,Transport Smme From Marikana Launches Road Safety Campaign,2023,Engineering News,https://www.engineeringnews.co.za/article/transport-smme-from-marikana-launches-road-safety-campaign-2023-07-12,candidate_pending_substantive_screen,explicit_case_title_review,"Discovered from a documented publisher archive/sitemap and the URL title contains a high-specificity case term (Marikana/Farlam/Nkaneng/Wonderkop/Bapo). This is a review trigger only; substantive corpus eligibility still requires acquired-text case-centrality, text-quality and duplicate review.",SEARCH-MEDIA-ARCHIVE-PRESCREEN,strict_documented
DISC-MEDIA-0673,media,Tremendous Prospects For Pgms Thanks To Green Tech Lonmin Ceo,2016,Engineering News,https://www.engineeringnews.co.za/article/tremendous-prospects-for-pgms-thanks-to-green-tech-lonmin-ceo-2016-02-24,candidate_pending_substantive_screen,lonmin_only_title_review,"Discovered from a documented publisher archive/sitemap and the URL title contains Lonmin without a high-specificity Marikana case term. Lonmin-only matches can be unrelated corporate or financial stories, so this record is not provisionally eligible and requires acquired-text substantive screening before any inclusion decision.",SEARCH-MEDIA-ARCHIVE-PRESCREEN,strict_documented
DISC-MEDIA-0674,media,Tribunal Approves Sibanye Lonmin Merger Imposes 6 Month Moratorium On Retrenchments,2018,Engineering News,https://www.engineeringnews.co.za/article/tribunal-approves-sibanye-lonmin-merger-imposes-6-month-moratorium-on-retrenchments-2018-11-21,candidate_pending_substantive_screen,lonmin_only_title_review,"Discovered from a documented publisher archive/sitemap and the URL title contains Lonmin without a high-specificity Marikana case term. Lonmin-only matches can be unrelated corporate or financial stories, so this record is not provisionally eligible and requires acquired-text substantive screening before any inclusion decision.",SEARCH-MEDIA-ARCHIVE-PRESCREEN,strict_documented
DISC-MEDIA-0675,media,Tribunal Approves Sibanye Lonmin Merger Imposes 6 Month Moratorium On Retrenchments,2018,Engineering News,https://www.engineeringnews.co.za/article/tribunal-approves-sibanye-lonmin-merger-imposes-6-month-moratorium-on-retrenchments-2018-11-30,candidate_pending_substantive_screen,lonmin_only_title_review,"Discovered from a documented publisher archive/sitemap and the URL title contains Lonmin without a high-specificity Marikana case term. Lonmin-only matches can be unrelated corporate or financial stories, so this record is not provisionally eligible and requires acquired-text substantive screening before any inclusion decision.",SEARCH-MEDIA-ARCHIVE-PRESCREEN,strict_documented
DISC-MEDIA-0676,media,Tribunal To Consider Sibanye Lonmin Merger At Oct 18 Hearing,2018,Engineering News,https://www.engineeringnews.co.za/article/tribunal-to-consider-sibanye-lonmin-merger-at-oct-18-hearing-2018-10-09,candidate_pending_substantive_screen,lonmin_only_title_review,"Discovered from a documented publisher archive/sitemap and the URL title contains Lonmin without a high-specificity Marikana case term. Lonmin-only matches can be unrelated corporate or financial stories, so this record is not provisionally eligible and requires acquired-text substantive screening before any inclusion decision.",SEARCH-MEDIA-ARCHIVE-PRESCREEN,strict_documented
DISC-MEDIA-0677,media,Tribunal To Hold Sibanye Lonmin Merger Hearing Next Week,2018,Engineering News,https://www.engineeringnews.co.za/article/tribunal-to-hold-sibanye-lonmin-merger-hearing-next-week-2018-11-09,candidate_pending_substantive_screen,lonmin_only_title_review,"Discovered from a documented publisher archive/sitemap and the URL title contains Lonmin without a high-specificity Marikana case term. Lonmin-only matches can be unrelated corporate or financial stories, so this record is not provisionally eligible and requires acquired-text substantive screening before any inclusion decision.",SEARCH-MEDIA-ARCHIVE-PRESCREEN,strict_documented
DISC-MEDIA-0678,media,Uk Regulatory Body Approves Sibanyes Acquisition Of Lonmin,2018,Engineering News,https://www.engineeringnews.co.za/article/uk-regulatory-body-approves-sibanyes-acquisition-of-lonmin-2018-06-28,candidate_pending_substantive_screen,lonmin_only_title_review,"Discovered from a documented publisher archive/sitemap and the URL title contains Lonmin without a high-specificity Marikana case term. Lonmin-only matches can be unrelated corporate or financial stories, so this record is not provisionally eligible and requires acquired-text substantive screening before any inclusion decision.",SEARCH-MEDIA-ARCHIVE-PRESCREEN,strict_documented
DISC-MEDIA-0679,media,Union Puts Chamber On Spot Over Alleged Lonmin Breach,2013,Engineering News,https://www.engineeringnews.co.za/article/union-puts-chamber-on-spot-over-alleged-lonmin-breach-2013-08-26,candidate_pending_substantive_screen,lonmin_only_title_review,"Discovered from a documented publisher archive/sitemap and the URL title contains Lonmin without a high-specificity Marikana case term. Lonmin-only matches can be unrelated corporate or financial stories, so this record is not provisionally eligible and requires acquired-text substantive screening before any inclusion decision.",SEARCH-MEDIA-ARCHIVE-PRESCREEN,strict_documented
DISC-MEDIA-0680,media,Uphold Overwhelming Wish Of Workers To Return Pleads Lonmin,2014,Engineering News,https://www.engineeringnews.co.za/article/uphold-overwhelming-wish-of-workers-to-return-pleads-lonmin-2014-05-12,candidate_pending_substantive_screen,lonmin_only_title_review,"Discovered from a documented publisher archive/sitemap and the URL title contains Lonmin without a high-specificity Marikana case term. Lonmin-only matches can be unrelated corporate or financial stories, so this record is not provisionally eligible and requires acquired-text substantive screening before any inclusion decision.",SEARCH-MEDIA-ARCHIVE-PRESCREEN,strict_documented
DISC-MEDIA-0681,media,Violent Protestors Demand 1 500 New Jobs From Struggling Lonmin,2017,Engineering News,https://www.engineeringnews.co.za/article/violent-protestors-demand-1-500-new-jobs-from-struggling-lonmin-2017-05-11,candidate_pending_substantive_screen,lonmin_only_title_review,"Discovered from a documented publisher archive/sitemap and the URL title contains Lonmin without a high-specificity Marikana case term. Lonmin-only matches can be unrelated corporate or financial stories, so this record is not provisionally eligible and requires acquired-text substantive screening before any inclusion decision.",SEARCH-MEDIA-ARCHIVE-PRESCREEN,strict_documented
DISC-MEDIA-0682,media,Walkabout Buys Lonmins Northern Ireland Exploration Portfolio,2017,Engineering News,https://www.engineeringnews.co.za/article/walkabout-buys-lonmins-northern-ireland-exploration-portfolio-2017-11-15,candidate_pending_substantive_screen,lonmin_only_title_review,"Discovered from a documented publisher archive/sitemap and the URL title contains Lonmin without a high-specificity Marikana case term. Lonmin-only matches can be unrelated corporate or financial stories, so this record is not provisionally eligible and requires acquired-text substantive screening before any inclusion decision.",SEARCH-MEDIA-ARCHIVE-PRESCREEN,strict_documented
DISC-MEDIA-0683,media,We Made Significant Progress In Marikana Says Lonmin,2018,Engineering News,https://www.engineeringnews.co.za/article/we-made-significant-progress-in-marikana-says-lonmin-2018-08-15,candidate_pending_substantive_screen,explicit_case_title_review,"Discovered from a documented publisher archive/sitemap and the URL title contains a high-specificity case term (Marikana/Farlam/Nkaneng/Wonderkop/Bapo). This is a review trigger only; substantive corpus eligibility still requires acquired-text case-centrality, text-quality and duplicate review.",SEARCH-MEDIA-ARCHIVE-PRESCREEN,strict_documented
DISC-MEDIA-0684,media,Weba Chutes Systems Secures Contract To Supply Chutes To Sibanye Stillwaters Marikana Operation,2023,Engineering News,https://www.engineeringnews.co.za/article/weba-chutes-systems-secures-contract-to-supply-chutes-to-sibanye-stillwaters-marikana-operation-2023-05-31,candidate_pending_substantive_screen,explicit_case_title_review,"Discovered from a documented publisher archive/sitemap and the URL title contains a high-specificity case term (Marikana/Farlam/Nkaneng/Wonderkop/Bapo). This is a review trigger only; substantive corpus eligibility still requires acquired-text case-centrality, text-quality and duplicate review.",SEARCH-MEDIA-ARCHIVE-PRESCREEN,strict_documented
DISC-MEDIA-0685,media,Wesizwe Has Not Ruled Out Purchase Of Amplats Lonmin Implants Mines,2014,Engineering News,https://www.engineeringnews.co.za/article/wesizwe-has-not-ruled-out-purchase-of-amplats-lonmin-implants-mines-2014-05-30,candidate_pending_substantive_screen,lonmin_only_title_review,"Discovered from a documented publisher archive/sitemap and the URL title contains Lonmin without a high-specificity Marikana case term. Lonmin-only matches can be unrelated corporate or financial stories, so this record is not provisionally eligible and requires acquired-text substantive screening before any inclusion decision.",SEARCH-MEDIA-ARCHIVE-PRESCREEN,strict_documented
DISC-MEDIA-0686,media,Why Have The Police Learned Nothing From Marikana,2013,Engineering News,https://www.engineeringnews.co.za/article/why-have-the-police-learned-nothing-from-marikana-2013-08-16,candidate_pending_substantive_screen,explicit_case_title_review,"Discovered from a documented publisher archive/sitemap and the URL title contains a high-specificity case term (Marikana/Farlam/Nkaneng/Wonderkop/Bapo). This is a review trigger only; substantive corpus eligibility still requires acquired-text case-centrality, text-quality and duplicate review.",SEARCH-MEDIA-ARCHIVE-PRESCREEN,strict_documented
DISC-MEDIA-0687,media,Workers At Lonmin Operations On Wildcat Strike,2013,Engineering News,https://www.engineeringnews.co.za/article/workers-at-lonmin-operations-on-wildcat-strike-2013-05-14,candidate_pending_substantive_screen,lonmin_only_title_review,"Discovered from a documented publisher archive/sitemap and the URL title contains Lonmin without a high-specificity Marikana case term. Lonmin-only matches can be unrelated corporate or financial stories, so this record is not provisionally eligible and requires acquired-text substantive screening before any inclusion decision.",SEARCH-MEDIA-ARCHIVE-PRESCREEN,strict_documented
DISC-MEDIA-0688,media,Zuma Fast Tracks Compensation For Marikana Families,2015,Engineering News,https://www.engineeringnews.co.za/article/zuma-fast-tracks-compensation-for-marikana-families-2015-09-30,candidate_pending_substantive_screen,explicit_case_title_review,"Discovered from a documented publisher archive/sitemap and the URL title contains a high-specificity case term (Marikana/Farlam/Nkaneng/Wonderkop/Bapo). This is a review trigger only; substantive corpus eligibility still requires acquired-text case-centrality, text-quality and duplicate review.",SEARCH-MEDIA-ARCHIVE-PRESCREEN,strict_documented
DISC-MEDIA-0689,media,Zuma Promises To Release Marikana Report,2015,Engineering News,https://www.engineeringnews.co.za/article/zuma-promises-to-release-marikana-report-2015-05-26,candidate_pending_substantive_screen,explicit_case_title_review,"Discovered from a documented publisher archive/sitemap and the URL title contains a high-specificity case term (Marikana/Farlam/Nkaneng/Wonderkop/Bapo). This is a review trigger only; substantive corpus eligibility still requires acquired-text case-centrality, text-quality and duplicate review.",SEARCH-MEDIA-ARCHIVE-PRESCREEN,strict_documented
DISC-MEDIA-0690,media,Zuma Set To Release Marikana Report On Thursday,2015,Engineering News,https://www.engineeringnews.co.za/article/zuma-set-to-release-marikana-report-on-thursday-2015-06-25,candidate_pending_substantive_screen,explicit_case_title_review,"Discovered from a documented publisher archive/sitemap and the URL title contains a high-specificity case term (Marikana/Farlam/Nkaneng/Wonderkop/Bapo). This is a review trigger only; substantive corpus eligibility still requires acquired-text case-centrality, text-quality and duplicate review.",SEARCH-MEDIA-ARCHIVE-PRESCREEN,strict_documented
