candidate_id,title,year,publisher,url,final_url,original_text_sha256,targeted_fetch_status,targeted_fetch_error,publication_date_from_url,retrieved_text_words,retrieved_text_sha256,retrieved_lonmin_mentions,case_terms,case_mentions_total,event_terms,event_mentions_total,event_distinct_terms,social_terms,social_mentions_total,social_distinct_terms,corporate_terms,corporate_mentions_total,corporate_distinct_terms,early_aug_oct_2012_window,title_has_routine_corporate_signal,evidence_class,evidence_note,final_decision,final_reason_code,final_evidence_note
DISC-MEDIA-0001,Lonmins Killing Fields,2012,Daily Maverick,https://www.dailymaverick.co.za/article/2012-08-14-lonmins-killing-fields/,https://www.dailymaverick.co.za/article/2012-08-14-lonmins-killing-fields/,9254404f7b89655f987b7c3b57629c411ea0bf8d5f77463cd1d480f252c34e5f,retrieved_extracted,,2012-08-14,1239,9254404f7b89655f987b7c3b57629c411ea0bf8d5f77463cd1d480f252c34e5f,11,,0,strike;worker_miner;police;shooting_death;wage;union;protest_unrest,89,7,housing,1,1,share_price;exploration_project,2,2,true,false,strong_early_2012_event_context,Contemporaneous Lonmin coverage has multiple independent strike/worker/police/death/wage/union signals.,,,
DISC-MEDIA-0261,Lonmin Investors Back Sibanye Deal To Create Platinum Giant,2019,Daily Maverick,https://www.dailymaverick.co.za/article/2019-05-28-lonmin-investors-back-sibanye-deal-to-create-platinum-giant/,https://www.dailymaverick.co.za/article/2019-05-28-lonmin-investors-back-sibanye-deal-to-create-platinum-giant/,2971841d626cc57a4d014ddecc9f2ccff582e4fe6d1aeda0263b092be9cc5abc,retrieved_extracted,,2019-05-28,294,2971841d626cc57a4d014ddecc9f2ccff582e4fe6d1aeda0263b092be9cc5abc,10,,0,union,1,1,,0,0,share_price;earnings_results;funding_debt;transaction;commodity_market,9,5,false,false,likely_routine_corporate_signal,Multiple corporate/financial signals with weak case-event/community evidence.,,,
DISC-MEDIA-0362,46 Year Old Man Dies In Accident At Lonmin Mine,2018,Engineering News,https://www.engineeringnews.co.za/article/46-year-old-man-dies-in-accident-at-lonmin-mine-2018-10-02,https://www.engineeringnews.co.za/article/46-year-old-man-dies-in-accident-at-lonmin-mine-2018-10-02,a66526c1e8fa9bca1faeeb8fb46146d565b5ccbaee6fc7083922236e06a75566,retrieved_extracted,,2018-10-02,413,a66526c1e8fa9bca1faeeb8fb46146d565b5ccbaee6fc7083922236e06a75566,4,,0,worker_miner,1,1,,0,0,earnings_results;exploration_project,3,2,false,false,ambiguous_low_signal,Signals are insufficient for a defensible decision.,,,
DISC-MEDIA-0366,Amcu Lonmin Find Strike Averting Meeting Point Deputy President,2013,Engineering News,https://www.engineeringnews.co.za/article/amcu-lonmin-find-strike-averting-meeting-point-deputy-president-2013-06-21,https://www.engineeringnews.co.za/article/amcu-lonmin-find-strike-averting-meeting-point-deputy-president-2013-06-21,25a355b8a61344e281e8d3b5221bbc4f595f13807addceff30997eb6ed86e979,retrieved_extracted,,2013-06-21,1132,25a355b8a61344e281e8d3b5221bbc4f595f13807addceff30997eb6ed86e979,7,,0,strike;worker_miner;wage;union;protest_unrest,47,5,,0,0,earnings_results,2,1,false,false,possible_substantive_case_context,Multiple labour/event or social/governance signals require direct substantive review.,,,
DISC-MEDIA-0367,Amcu Lonmin Talks Reach Deadlock Formal Arbitration To Start,2013,Engineering News,https://www.engineeringnews.co.za/article/amcu-lonmin-talks-reach-deadlock-formal-arbitration-to-start-2013-05-23,https://www.engineeringnews.co.za/article/amcu-lonmin-talks-reach-deadlock-formal-arbitration-to-start-2013-05-23,2cfd9f9de83584d3bcaacc0dc3f30c4291e8538c7c334e371787497e0491c107,retrieved_extracted,,2013-05-23,538,2cfd9f9de83584d3bcaacc0dc3f30c4291e8538c7c334e371787497e0491c107,4,,0,worker_miner;union,11,2,commission_inquiry,1,1,earnings_results,2,1,false,false,ambiguous_low_signal,Signals are insufficient for a defensible decision.,,,
DISC-MEDIA-0368,Amcu Moves To Overturn Sibanyes Lonmin Deal,2018,Engineering News,https://www.engineeringnews.co.za/article/amcu-moves-to-overturn-sibanyes-lonmin-deal-2018-12-20,https://www.engineeringnews.co.za/article/amcu-moves-to-overturn-sibanyes-lonmin-deal-2018-12-20,7cc11257f3a14830bc1b8fd0512852051ed06cbfbe118b18ca479a16acbeac1d,retrieved_extracted,,2018-12-20,447,7cc11257f3a14830bc1b8fd0512852051ed06cbfbe118b18ca479a16acbeac1d,6,,0,worker_miner;union,9,2,,0,0,share_price;earnings_results;transaction,6,3,false,false,ambiguous_low_signal,Signals are insufficient for a defensible decision.,,,
DISC-MEDIA-0369,Amcu Slams Lonmin Sibanye Merger Over Magnitude Of Job Losses At Appeal Court,2019,Engineering News,https://www.engineeringnews.co.za/article/amcu-slams-lonmin-sibanye-merger-over-magnitude-of-job-losses-at-appeal-court-2019-04-08,https://www.engineeringnews.co.za/article/amcu-slams-lonmin-sibanye-merger-over-magnitude-of-job-losses-at-appeal-court-2019-04-08,054193fc12556c9b57f1ef04f34321828f76523b287ddcf5e9b1f98418bcdd62,retrieved_extracted,,2019-04-08,900,054193fc12556c9b57f1ef04f34321828f76523b287ddcf5e9b1f98418bcdd62,8,,0,worker_miner;union,12,2,community;commission_inquiry,4,2,earnings_results;transaction;commodity_market,22,3,false,true,possible_substantive_case_context,Multiple labour/event or social/governance signals require direct substantive review.,,,
DISC-MEDIA-0370,Amcu Stands Firm On R12 500 Demand Lonmin Calls On Union To Reconsider 9,2014,Engineering News,https://www.engineeringnews.co.za/article/amcu-stands-firm-on-r12-500-demand-lonmin-calls-on-union-to-reconsider-9-2014-04-03,https://www.engineeringnews.co.za/article/amcu-stands-firm-on-r12-500-demand-lonmin-calls-on-union-to-reconsider-9-2014-04-03,040191d4838fb1777e4c09bf3b6553008fa940f303d62c3ea45a45d3654639b0,retrieved_extracted,,2014-04-03,812,040191d4838fb1777e4c09bf3b6553008fa940f303d62c3ea45a45d3654639b0,7,,0,strike;worker_miner;wage;union,32,4,community;commission_inquiry,3,2,earnings_results;exploration_project,7,2,false,false,possible_substantive_case_context,Multiple labour/event or social/governance signals require direct substantive review.,,,
DISC-MEDIA-0371,Amcu Threatens To Strike At Lonmin Operations,2013,Engineering News,https://www.engineeringnews.co.za/article/amcu-threatens-to-strike-at-lonmin-operations-2013-06-06,https://www.engineeringnews.co.za/article/amcu-threatens-to-strike-at-lonmin-operations-2013-06-06,1f53422de2bba37da8d1e9bb59183e6f09c208f328f4f5ac6e95e441ea3e5af1,retrieved_extracted,,2013-06-06,604,1f53422de2bba37da8d1e9bb59183e6f09c208f328f4f5ac6e95e441ea3e5af1,7,,0,strike;worker_miner;union,22,3,commission_inquiry,1,1,earnings_results,2,1,false,false,possible_substantive_case_context,Multiple labour/event or social/governance signals require direct substantive review.,,,
DISC-MEDIA-0373,Amcu To Serve Strike Notice On Lonmin Implats,2014,Engineering News,https://www.engineeringnews.co.za/article/amcu-to-serve-strike-notice-on-lonmin-implats-2014-01-17,https://www.engineeringnews.co.za/article/amcu-to-serve-strike-notice-on-lonmin-implats-2014-01-17,7fab7385435a0c56a76e860aba6cc0d4e50e1b849df7fd7daaa262667a095d9b,retrieved_extracted,,2014-01-17,516,7fab7385435a0c56a76e860aba6cc0d4e50e1b849df7fd7daaa262667a095d9b,5,,0,strike;worker_miner;wage;union,22,4,commission_inquiry,1,1,earnings_results,2,1,false,false,possible_substantive_case_context,Multiple labour/event or social/governance signals require direct substantive review.,,,
DISC-MEDIA-0375,Amplats Lonmin Workers To Strike In Support Of Sibanyes Gold Employees,2019,Engineering News,https://www.engineeringnews.co.za/article/amplats-lonmin-workers-to-strike-in-support-of-sibanyes-gold-employees-2019-02-21,https://www.engineeringnews.co.za/article/amplats-lonmin-workers-to-strike-in-support-of-sibanyes-gold-employees-2019-02-21,2ce9ff4e49c23e55043275b4afffd036c45453205f41275677598605dda65fda,retrieved_extracted,,2019-02-21,710,2ce9ff4e49c23e55043275b4afffd036c45453205f41275677598605dda65fda,4,,0,strike;worker_miner;wage;union,27,4,,0,0,share_price;earnings_results;production_output;transaction,8,4,false,false,possible_substantive_case_context,Multiple labour/event or social/governance signals require direct substantive review.,,,
DISC-MEDIA-0377,Bank Says Lonmin Investors Should Reject Sibanye Offer,2019,Engineering News,https://www.engineeringnews.co.za/article/bank-says-lonmin-investors-should-reject-sibanye-offer-2019-05-24,https://www.engineeringnews.co.za/article/bank-says-lonmin-investors-should-reject-sibanye-offer-2019-05-24,cf9d193bc7b2e59fbdd77c1f79fd53a6c6681de82baa93d176a07e46f2dad50e,retrieved_extracted,,2019-05-24,636,cf9d193bc7b2e59fbdd77c1f79fd53a6c6681de82baa93d176a07e46f2dad50e,11,,0,worker_miner,2,1,,0,0,share_price;earnings_results;transaction;exploration_project;commodity_market,17,5,false,false,likely_routine_corporate_signal,Multiple corporate/financial signals with weak case-event/community evidence.,,,
DISC-MEDIA-0379,Battle To Keep Lonmin Platinum Deal Alive Hinges On The Rand,2018,Engineering News,https://www.engineeringnews.co.za/article/battle-to-keep-lonmin-platinum-deal-alive-hinges-on-the-rand-2018-03-09,https://www.engineeringnews.co.za/article/battle-to-keep-lonmin-platinum-deal-alive-hinges-on-the-rand-2018-03-09,a29b0d085b711d4ed677e8829f8590a783421a6079f9ee8c6b350f24a4c06bad,retrieved_extracted,,2018-03-09,914,a29b0d085b711d4ed677e8829f8590a783421a6079f9ee8c6b350f24a4c06bad,13,,0,worker_miner,1,1,,0,0,share_price;earnings_results;production_output;funding_debt;transaction;commodity_market,16,6,false,false,likely_routine_corporate_signal,Multiple corporate/financial signals with weak case-event/community evidence.,,,
DISC-MEDIA-0380,Beamish Appointment As Lonmin Chair Made Permanent,2014,Engineering News,https://www.engineeringnews.co.za/article/beamish-appointment-as-lonmin-chair-made-permanent-2014-07-22,https://www.engineeringnews.co.za/article/beamish-appointment-as-lonmin-chair-made-permanent-2014-07-22,182dc5c513e3082662d8589b0d1b29e990ba1f3813352983b69b4d39bcc6a439,retrieved_extracted,,2014-07-22,424,182dc5c513e3082662d8589b0d1b29e990ba1f3813352983b69b4d39bcc6a439,5,,0,strike;worker_miner,2,2,,0,0,earnings_results;production_output,3,2,false,false,ambiguous_low_signal,Signals are insufficient for a defensible decision.,,,
DISC-MEDIA-0382,Bright Interims Better Output Lift Lonmin Share Price,2016,Engineering News,https://www.engineeringnews.co.za/article/bright-interims-better-output-lift-lonmin-share-price-2016-05-16,https://www.engineeringnews.co.za/article/bright-interims-better-output-lift-lonmin-share-price-2016-05-16,375662abfc4005274490dacd252f89adf0e657955f464af19d35d81239f62166,retrieved_extracted,,2016-05-16,723,375662abfc4005274490dacd252f89adf0e657955f464af19d35d81239f62166,7,,0,worker_miner;shooting_death;wage,4,3,,0,0,share_price;earnings_results;production_output;funding_debt;transaction;exploration_project;commodity_market,18,7,false,true,possible_substantive_case_context,Multiple labour/event or social/governance signals require direct substantive review.,,,
DISC-MEDIA-0383,Britains Competition Watchdog To Look Into Sibanye Lonmin Deal,2018,Engineering News,https://www.engineeringnews.co.za/article/britains-competition-watchdog-to-look-into-sibanye-lonmin-deal-2018-05-15,https://www.engineeringnews.co.za/article/britains-competition-watchdog-to-look-into-sibanye-lonmin-deal-2018-05-15,1c005a672cfe3b74193d4a09f700981372df164ce5f57c576c1ecb61950c0e64,retrieved_extracted,,2018-05-15,770,1c005a672cfe3b74193d4a09f700981372df164ce5f57c576c1ecb61950c0e64,16,,0,worker_miner;wage;union,6,3,commission_inquiry,1,1,share_price;earnings_results;production_output;funding_debt;transaction,16,5,false,false,possible_substantive_case_context,Multiple labour/event or social/governance signals require direct substantive review.,,,
DISC-MEDIA-0384,Cohesive Solutions Needed To Overcome Turbulent Period Lonmin,2016,Engineering News,https://www.engineeringnews.co.za/article/cohesive-solutions-needed-to-overcome-turbulent-period-lonmin-2016-02-18,https://www.engineeringnews.co.za/article/cohesive-solutions-needed-to-overcome-turbulent-period-lonmin-2016-02-18,f5ccfaa2689036a691a4a93aac7e20bd7ea93f28308ec35883b43aebfc1f0a1a,retrieved_extracted,,2016-02-18,548,f5ccfaa2689036a691a4a93aac7e20bd7ea93f28308ec35883b43aebfc1f0a1a,2,,0,worker_miner;wage,3,2,,0,0,earnings_results;production_output;commodity_market,4,3,false,false,ambiguous_low_signal,Signals are insufficient for a defensible decision.,,,
DISC-MEDIA-0390,Competition Appeal Court To Hold Sibanye Lonmin Merger Hearing On April 2,2019,Engineering News,https://www.engineeringnews.co.za/article/competition-appeal-court-to-hold-sibanye-lonmin-merger-hearing-on-april-2-2019-01-25,https://www.engineeringnews.co.za/article/competition-appeal-court-to-hold-sibanye-lonmin-merger-hearing-on-april-2-2019-01-25,fe0f6cd7cdf12f9d58c67d1afed889a0bda49285c5d386f7fb3c488c0e8028e9,retrieved_extracted,,2019-01-25,427,fe0f6cd7cdf12f9d58c67d1afed889a0bda49285c5d386f7fb3c488c0e8028e9,5,,0,worker_miner;union,5,2,,0,0,share_price;earnings_results;transaction,6,3,false,true,ambiguous_low_signal,Signals are insufficient for a defensible decision.,,,
DISC-MEDIA-0392,Consolidation Needed To Save Jobs Lonmin,2018,Engineering News,https://www.engineeringnews.co.za/article/consolidation-needed-to-save-jobs-lonmin-2018-05-25,https://www.engineeringnews.co.za/article/consolidation-needed-to-save-jobs-lonmin-2018-05-25,6ec8b457873c1da1a64e1e146c3744f0e9b759140d1eadddffec8c66f6bf6a99,retrieved_extracted,,2018-05-25,1149,6ec8b457873c1da1a64e1e146c3744f0e9b759140d1eadddffec8c66f6bf6a99,17,,0,,0,0,,0,0,earnings_results;production_output;funding_debt;exploration_project,15,4,false,false,likely_routine_corporate_signal,Multiple corporate/financial signals with weak case-event/community evidence.,,,
DISC-MEDIA-0396,Employees Demand Solidaritys Recognition As Trade Union At Lonmin,2017,Engineering News,https://www.engineeringnews.co.za/article/employees-demand-solidaritys-recognition-as-trade-union-at-lonmin-2017-11-10,https://www.engineeringnews.co.za/article/employees-demand-solidaritys-recognition-as-trade-union-at-lonmin-2017-11-10,3cb4cf70d3334d309ee028463e9edcc94b2508bf844b2d5e6e15b6d42d526537,retrieved_extracted,,2017-11-10,536,3cb4cf70d3334d309ee028463e9edcc94b2508bf844b2d5e6e15b6d42d526537,9,,0,worker_miner;union,11,2,,0,0,earnings_results,2,1,false,false,ambiguous_low_signal,Signals are insufficient for a defensible decision.,,,
DISC-MEDIA-0402,Full Ownership Of Pandora Jv Set To Unlock Significant Potential For Lonmin,2018,Engineering News,https://www.engineeringnews.co.za/article/full-ownership-of-pandora-jv-set-to-unlock-significant-potential-for-lonmin-2018-01-19,https://www.engineeringnews.co.za/article/full-ownership-of-pandora-jv-set-to-unlock-significant-potential-for-lonmin-2018-01-19,fb225216f881f4b73cd58febf7830f5f3b4fa74e39be79d9290157eab194a9b1,retrieved_extracted,,2018-01-19,264,fb225216f881f4b73cd58febf7830f5f3b4fa74e39be79d9290157eab194a9b1,0,,0,,0,0,,0,0,earnings_results,2,1,false,false,ambiguous_low_signal,Signals are insufficient for a defensible decision.,,,
DISC-MEDIA-0403,Glencore To Divest Its Lonmin Stake,2015,Engineering News,https://www.engineeringnews.co.za/article/glencore-to-divest-its-lonmin-stake-2015-02-11,https://www.engineeringnews.co.za/article/glencore-to-divest-its-lonmin-stake-2015-02-11,db51b375abe313a4b27a986aab2ef90d80e29744b16ff8e01bb20860bdbe8ca1,retrieved_extracted,,2015-02-11,546,db51b375abe313a4b27a986aab2ef90d80e29744b16ff8e01bb20860bdbe8ca1,8,,0,,0,0,,0,0,share_price;earnings_results;production_output;transaction;commodity_market,18,5,false,true,strong_routine_corporate_signal,Routine corporate/financial/production title and text with minimal labour/community evidence and no case term.,,,
DISC-MEDIA-0409,Illegal Strike Erupts At Lonmin,2013,Engineering News,https://www.engineeringnews.co.za/article/illegal-strike-erupts-at-lonmin-2013-03-05,https://www.engineeringnews.co.za/article/illegal-strike-erupts-at-lonmin-2013-03-05,a8a4612f9b8c4555712a8f3100703a049fb9a11e19da37e3258f53d912d31da6,retrieved_extracted,,2013-03-05,951,a8a4612f9b8c4555712a8f3100703a049fb9a11e19da37e3258f53d912d31da6,16,,0,strike;worker_miner;union,22,3,,0,0,earnings_results;production_output;exploration_project,10,3,false,false,possible_substantive_case_context,Multiple labour/event or social/governance signals require direct substantive review.,,,
DISC-MEDIA-0418,Lonmin Aims For May 14 Restart In Challenge To Platinum Strike,2014,Engineering News,https://www.engineeringnews.co.za/article/lonmin-aims-for-may-14-restart-in-challenge-to-platinum-strike-2014-05-09,https://www.engineeringnews.co.za/article/lonmin-aims-for-may-14-restart-in-challenge-to-platinum-strike-2014-05-09,021d81f4b5a6ae8e5f26d4a078d9849d64a23f55ca5eefaa7e089ebda5e9592b,retrieved_extracted,,2014-05-09,812,021d81f4b5a6ae8e5f26d4a078d9849d64a23f55ca5eefaa7e089ebda5e9592b,4,,0,strike;worker_miner;wage;union;protest_unrest,24,5,housing,1,1,earnings_results,2,1,false,false,possible_substantive_case_context,Multiple labour/event or social/governance signals require direct substantive review.,,,
DISC-MEDIA-0420,Lonmin Amcu Fail To Reach Agreement On Union Recognition,2013,Engineering News,https://www.engineeringnews.co.za/article/lonmin-amcu-fail-to-reach-agreement-on-union-recognition-2013-05-22,https://www.engineeringnews.co.za/article/lonmin-amcu-fail-to-reach-agreement-on-union-recognition-2013-05-22,f624711301a02c99bb8ca9d9d25195a415277fe8e2dca035b1b94abf2f997e67,retrieved_extracted,,2013-05-22,569,f624711301a02c99bb8ca9d9d25195a415277fe8e2dca035b1b94abf2f997e67,7,,0,worker_miner;wage;union,16,3,community;commission_inquiry,2,2,earnings_results,2,1,false,false,possible_substantive_case_context,Multiple labour/event or social/governance signals require direct substantive review.,,,
DISC-MEDIA-0421,Lonmin Appoints Coo To Board,2015,Engineering News,https://www.engineeringnews.co.za/article/lonmin-appoints-coo-to-board-2015-06-25,https://www.engineeringnews.co.za/article/lonmin-appoints-coo-to-board-2015-06-25,f2ffbb021f8d900a3b3c5fa0bfcd042ddecd350c4c253fe8e923293c04abac40,retrieved_extracted,,2015-06-25,446,f2ffbb021f8d900a3b3c5fa0bfcd042ddecd350c4c253fe8e923293c04abac40,5,,0,worker_miner,1,1,,0,0,earnings_results;production_output,3,2,false,false,ambiguous_low_signal,Signals are insufficient for a defensible decision.,,,
DISC-MEDIA-0422,Lonmin Appoints New Cfo,2016,Engineering News,https://www.engineeringnews.co.za/article/lonmin-appoints-new-cfo-2016-04-19,https://www.engineeringnews.co.za/article/lonmin-appoints-new-cfo-2016-04-19,d1520cb8b1eec39f606bdb67a9241c448d3f268d9f8171731d23fb5d21062b3b,retrieved_extracted,,2016-04-19,493,d1520cb8b1eec39f606bdb67a9241c448d3f268d9f8171731d23fb5d21062b3b,6,,0,worker_miner,1,1,,0,0,share_price;earnings_results,4,2,false,false,ambiguous_low_signal,Signals are insufficient for a defensible decision.,,,
DISC-MEDIA-0426,Lonmin Brings Number One Furnace Back Online,2015,Engineering News,https://www.engineeringnews.co.za/article/lonmin-brings-number-one-furnace-back-online-2015-03-10,https://www.engineeringnews.co.za/article/lonmin-brings-number-one-furnace-back-online-2015-03-10,949be0bef48b5da4f16e15b48dce03c63dbd2c3a5734ddb74ba0f8375462a718,retrieved_extracted,,2015-03-10,405,949be0bef48b5da4f16e15b48dce03c63dbd2c3a5734ddb74ba0f8375462a718,3,,0,worker_miner,2,1,,0,0,earnings_results;exploration_project,8,2,false,true,strong_routine_corporate_signal,Routine corporate/financial/production title and text with minimal labour/community evidence and no case term.,,,
DISC-MEDIA-0427,Lonmin Buys Amplats Pandora Platinum Stake Lets Out Concentrator,2016,Engineering News,https://www.engineeringnews.co.za/article/lonmin-buys-amplats-pandora-platinum-stake-lets-out-concentrator-2016-11-11,https://www.engineeringnews.co.za/article/lonmin-buys-amplats-pandora-platinum-stake-lets-out-concentrator-2016-11-11,f888cf4ea6935f893d96dc55979fd9b35ab1561d4ba8c9dc23cbeaf2499056ca,retrieved_extracted,,2016-11-11,642,f888cf4ea6935f893d96dc55979fd9b35ab1561d4ba8c9dc23cbeaf2499056ca,10,,0,wage,1,1,,0,0,earnings_results;production_output;transaction,6,3,false,true,strong_routine_corporate_signal,Routine corporate/financial/production title and text with minimal labour/community evidence and no case term.,,,
DISC-MEDIA-0430,Lonmin Ceo Confident In New Chairperson As Phillimore Set To Exit,2014,Engineering News,https://www.engineeringnews.co.za/article/lonmin-ceo-confident-in-new-chairperson-as-phillimore-set-to-exit-2014-03-31,https://www.engineeringnews.co.za/article/lonmin-ceo-confident-in-new-chairperson-as-phillimore-set-to-exit-2014-03-31,929d7d26f41d29afbaa57f995dc87006588c0862a3c255de5df12da604e8280c,retrieved_extracted,,2014-03-31,470,929d7d26f41d29afbaa57f995dc87006588c0862a3c255de5df12da604e8280c,5,,0,,0,0,,0,0,earnings_results,2,1,false,false,ambiguous_low_signal,Signals are insufficient for a defensible decision.,,,
DISC-MEDIA-0431,Lonmin Ceo Pleads For Consolidation Approval To Save 20 000 Jobs,2018,Engineering News,https://www.engineeringnews.co.za/article/lonmin-ceo-pleads-for-consolidation-approval-to-save-20-000-jobs-2018-05-14,https://www.engineeringnews.co.za/article/lonmin-ceo-pleads-for-consolidation-approval-to-save-20-000-jobs-2018-05-14,c0270dc79ea34e7592ebdb414e8a247ca7c80e17cd63a243719e29a4d5d4ccbb,retrieved_extracted,,2018-05-14,1170,c0270dc79ea34e7592ebdb414e8a247ca7c80e17cd63a243719e29a4d5d4ccbb,17,,0,,0,0,commission_inquiry,1,1,earnings_results;production_output;funding_debt;exploration_project,16,4,false,false,ambiguous_low_signal,Signals are insufficient for a defensible decision.,,,
DISC-MEDIA-0439,Lonmin Completes Pandora Buyout,2017,Engineering News,https://www.engineeringnews.co.za/article/lonmin-completes-pandora-buyout-2017-12-13,https://www.engineeringnews.co.za/article/lonmin-completes-pandora-buyout-2017-12-13,dc30d51a810d1a471491f6462f4391840ea7d8488801f568b4b16bd555336fff,retrieved_extracted,,2017-12-13,442,dc30d51a810d1a471491f6462f4391840ea7d8488801f568b4b16bd555336fff,8,,0,worker_miner,2,1,,0,0,earnings_results;transaction;exploration_project,6,3,false,false,likely_routine_corporate_signal,Multiple corporate/financial signals with weak case-event/community evidence.,,,
DISC-MEDIA-0440,Lonmin Confirms Work Stoppage Across Shafts,2013,Engineering News,https://www.engineeringnews.co.za/article/lonmin-confirms-work-stoppage-across-shafts-2013-05-14,https://www.engineeringnews.co.za/article/lonmin-confirms-work-stoppage-across-shafts-2013-05-14,5e9fa54401f2ac41a5046b1c32a021c7441685de64342985fc28be33b6fd5abb,retrieved_extracted,,2013-05-14,570,5e9fa54401f2ac41a5046b1c32a021c7441685de64342985fc28be33b6fd5abb,5,,0,strike;worker_miner;shooting_death;union;protest_unrest,27,5,,0,0,share_price;earnings_results;production_output,4,3,false,false,possible_substantive_case_context,Multiple labour/event or social/governance signals require direct substantive review.,,,
DISC-MEDIA-0441,Lonmin Consults Unions,2013,Engineering News,https://www.engineeringnews.co.za/article/lonmin-consults-unions-2013-03-01,https://www.engineeringnews.co.za/article/lonmin-consults-unions-2013-03-01,14f008abcffa16b7daed58495db3ccf9fb537b4e131059169f5bc2d210967fe9,retrieved_extracted,,2013-03-01,439,14f008abcffa16b7daed58495db3ccf9fb537b4e131059169f5bc2d210967fe9,3,,0,union,3,1,,0,0,earnings_results;commodity_market,3,2,false,false,ambiguous_low_signal,Signals are insufficient for a defensible decision.,,,
DISC-MEDIA-0442,Lonmin Coo Resigns,2015,Engineering News,https://www.engineeringnews.co.za/article/lonmin-coo-resigns-2015-02-24,https://www.engineeringnews.co.za/article/lonmin-coo-resigns-2015-02-24,90ad260cc8307146aa2fb449248a446ad95196909cb36167f5a91293dbf7d6c1,retrieved_extracted,,2015-02-24,403,90ad260cc8307146aa2fb449248a446ad95196909cb36167f5a91293dbf7d6c1,7,,0,worker_miner,2,1,,0,0,earnings_results,2,1,false,false,ambiguous_low_signal,Signals are insufficient for a defensible decision.,,,
DISC-MEDIA-0443,Lonmin Coo Steps Down,2017,Engineering News,https://www.engineeringnews.co.za/article/lonmin-coo-steps-down-2017-03-06,https://www.engineeringnews.co.za/article/lonmin-coo-steps-down-2017-03-06,8f223d90b50277705922f9854c217c88e7691e270b9caca487151f7d4e9ef7db,retrieved_extracted,,2017-03-06,341,8f223d90b50277705922f9854c217c88e7691e270b9caca487151f7d4e9ef7db,3,,0,worker_miner,1,1,,0,0,earnings_results,2,1,false,false,ambiguous_low_signal,Signals are insufficient for a defensible decision.,,,
DISC-MEDIA-0446,Lonmin Dec Output Ahead Of Ramp Up Target,2013,Engineering News,https://www.engineeringnews.co.za/article/lonmin-dec-output-ahead-of-ramp-up-target-2013-01-31,https://www.engineeringnews.co.za/article/lonmin-dec-output-ahead-of-ramp-up-target-2013-01-31,383dff38ec186ed7eb249c1b77a3b0c401e77b43d39881c48acdc134ca1b8aee,retrieved_extracted,,2013-01-31,578,383dff38ec186ed7eb249c1b77a3b0c401e77b43d39881c48acdc134ca1b8aee,4,,0,strike;worker_miner;protest_unrest,4,3,,0,0,earnings_results;production_output,12,2,false,true,possible_substantive_case_context,Multiple labour/event or social/governance signals require direct substantive review.,,,
DISC-MEDIA-0447,Lonmin Denies Allegations Of Tax Evasion,2014,Engineering News,https://www.engineeringnews.co.za/article/lonmin-denies-allegations-of-tax-evasion-2014-09-23,https://www.engineeringnews.co.za/article/lonmin-denies-allegations-of-tax-evasion-2014-09-23,ce75783b3d98db6feae876ac1175320d5b4b34adf26a63e7634fc9502f99136c,retrieved_extracted,,2014-09-23,666,ce75783b3d98db6feae876ac1175320d5b4b34adf26a63e7634fc9502f99136c,13,,0,worker_miner;wage,2,2,commission_inquiry,1,1,earnings_results;funding_debt;transaction,6,3,false,false,ambiguous_low_signal,Signals are insufficient for a defensible decision.,,,
DISC-MEDIA-0449,Lonmin Discussing Cost Reductions For Sake Of Company Employees,2015,Engineering News,https://www.engineeringnews.co.za/article/lonmin-discussing-cost-reductions-for-sake-of-company-employees-2015-05-07,https://www.engineeringnews.co.za/article/lonmin-discussing-cost-reductions-for-sake-of-company-employees-2015-05-07,06b8393f687ac7e9fddd849649b4821c3c223cc0900e7e4dcb085fe4e22572b9,retrieved_extracted,,2015-05-07,575,06b8393f687ac7e9fddd849649b4821c3c223cc0900e7e4dcb085fe4e22572b9,3,,0,worker_miner;union,2,2,,0,0,earnings_results,2,1,false,false,ambiguous_low_signal,Signals are insufficient for a defensible decision.,,,
DISC-MEDIA-0451,Lonmin Drops Vp Positions Introduces Coo In Board Shake Up,2014,Engineering News,https://www.engineeringnews.co.za/article/lonmin-drops-vp-positions-introduces-coo-in-board-shake-up-2014-08-04,https://www.engineeringnews.co.za/article/lonmin-drops-vp-positions-introduces-coo-in-board-shake-up-2014-08-04,6b35d135fd429805f790b57fe9f32cf775b2d31c463e1926a66a53ebb794556d,retrieved_extracted,,2014-08-04,713,6b35d135fd429805f790b57fe9f32cf775b2d31c463e1926a66a53ebb794556d,4,,0,strike;worker_miner,2,2,,0,0,earnings_results;production_output,4,2,false,false,ambiguous_low_signal,Signals are insufficient for a defensible decision.,,,
DISC-MEDIA-0454,Lonmin Employee Killed In Mudslide,2015,Engineering News,https://www.engineeringnews.co.za/article/lonmin-employee-killed-in-mudslide-2015-10-27,https://www.engineeringnews.co.za/article/lonmin-employee-killed-in-mudslide-2015-10-27,46f310e9d9b30f119ae1fb81e4da9b8ef6abd77fd0b7313d713471af6da74c08,retrieved_extracted,,2015-10-27,316,46f310e9d9b30f119ae1fb81e4da9b8ef6abd77fd0b7313d713471af6da74c08,2,,0,worker_miner;shooting_death,3,2,,0,0,earnings_results;exploration_project,3,2,false,false,ambiguous_low_signal,Signals are insufficient for a defensible decision.,,,
DISC-MEDIA-0455,Lonmin Going All Out To Find Partners To Help It Address Pressing Accommodation Challenge,2017,Engineering News,https://www.engineeringnews.co.za/article/lonmin-going-all-out-to-find-partners-to-help-it-address-pressing-accommodation-challenge-2017-04-07,https://www.engineeringnews.co.za/article/lonmin-going-all-out-to-find-partners-to-help-it-address-pressing-accommodation-challenge-2017-04-07,fb225216f881f4b73cd58febf7830f5f3b4fa74e39be79d9290157eab194a9b1,retrieved_extracted,,2017-04-07,264,fb225216f881f4b73cd58febf7830f5f3b4fa74e39be79d9290157eab194a9b1,0,,0,,0,0,,0,0,earnings_results,2,1,false,false,ambiguous_low_signal,Signals are insufficient for a defensible decision.,,,
DISC-MEDIA-0461,Lonmin Investors Back Sibanye Deal To Create A Platinum Giant,2019,Engineering News,https://www.engineeringnews.co.za/article/lonmin-investors-back-sibanye-deal-to-create-a-platinum-giant-2019-05-28,https://www.engineeringnews.co.za/article/lonmin-investors-back-sibanye-deal-to-create-a-platinum-giant-2019-05-28,be7e9f553883182644afe3566b0e70821a35ea79125886cb5554bbccff2f8688,retrieved_extracted,,2019-05-28,560,be7e9f553883182644afe3566b0e70821a35ea79125886cb5554bbccff2f8688,8,,0,union,1,1,,0,0,share_price;earnings_results;funding_debt;transaction,9,4,false,false,likely_routine_corporate_signal,Multiple corporate/financial signals with weak case-event/community evidence.,,,
DISC-MEDIA-0462,Lonmin Launches 407M Rights Issue Records Heavy Fy Financial Losses,2015,Engineering News,https://www.engineeringnews.co.za/article/lonmin-launches-407m-rights-issue-records-heavy-fy-financial-losses-2015-11-20,https://www.engineeringnews.co.za/article/lonmin-launches-407m-rights-issue-records-heavy-fy-financial-losses-2015-11-20,fb225216f881f4b73cd58febf7830f5f3b4fa74e39be79d9290157eab194a9b1,retrieved_extracted,,2015-11-20,264,fb225216f881f4b73cd58febf7830f5f3b4fa74e39be79d9290157eab194a9b1,0,,0,,0,0,,0,0,earnings_results,2,1,false,true,ambiguous_low_signal,Signals are insufficient for a defensible decision.,,,
DISC-MEDIA-0463,Lonmin Launches Community Grievance System,2018,Engineering News,https://www.engineeringnews.co.za/article/lonmin-launches-community-grievance-system-2018-04-25,https://www.engineeringnews.co.za/article/lonmin-launches-community-grievance-system-2018-04-25,013e593ed68fde48f6b804af8ac5abdebc536aae635e1ad5d9d6bc79e44d5f3d,retrieved_extracted,,2018-04-25,601,013e593ed68fde48f6b804af8ac5abdebc536aae635e1ad5d9d6bc79e44d5f3d,10,,0,,0,0,community,8,1,earnings_results;exploration_project,3,2,false,false,ambiguous_low_signal,Signals are insufficient for a defensible decision.,,,
DISC-MEDIA-0467,Lonmin Looks To Shareholder For 400M Parachute Maintains 6 000 Job Cut Plans,2015,Engineering News,https://www.engineeringnews.co.za/article/lonmin-looks-to-shareholder-for-400m-parachute-maintains-6-000-job-cut-plans-2015-10-21,https://www.engineeringnews.co.za/article/lonmin-looks-to-shareholder-for-400m-parachute-maintains-6-000-job-cut-plans-2015-10-21,257676031ec411e16fb91f55b21b378bda562a13aa9568516f1a778a788b2736,retrieved_extracted,,2015-10-21,1180,257676031ec411e16fb91f55b21b378bda562a13aa9568516f1a778a788b2736,11,,0,worker_miner;wage;union,7,3,,0,0,share_price;earnings_results;production_output;funding_debt;dividend_rights;exploration_project;commodity_market,26,7,false,false,possible_substantive_case_context,Multiple labour/event or social/governance signals require direct substantive review.,,,
DISC-MEDIA-0468,Lonmin Looks To Shareholder For 400M Parachute Maintains Job Cut Plans,2015,Engineering News,https://www.engineeringnews.co.za/article/lonmin-looks-to-shareholder-for-400m-parachute-maintains-job-cut-plans-2015-10-30,https://www.engineeringnews.co.za/article/lonmin-looks-to-shareholder-for-400m-parachute-maintains-job-cut-plans-2015-10-30,fb225216f881f4b73cd58febf7830f5f3b4fa74e39be79d9290157eab194a9b1,retrieved_extracted,,2015-10-30,264,fb225216f881f4b73cd58febf7830f5f3b4fa74e39be79d9290157eab194a9b1,0,,0,,0,0,,0,0,earnings_results,2,1,false,false,ambiguous_low_signal,Signals are insufficient for a defensible decision.,,,
DISC-MEDIA-0472,Lonmin Operations Successfully Ramp Up To Full Production,2014,Engineering News,https://www.engineeringnews.co.za/article/lonmin-operations-successfully-ramp-up-to-full-production-2014-10-08,https://www.engineeringnews.co.za/article/lonmin-operations-successfully-ramp-up-to-full-production-2014-10-08,87065130490ff956392d5de6a6cbff51e7104524a11f084f2c0235fac207873e,retrieved_extracted,,2014-10-08,461,87065130490ff956392d5de6a6cbff51e7104524a11f084f2c0235fac207873e,5,,0,worker_miner,1,1,,0,0,earnings_results;production_output,11,2,false,true,strong_routine_corporate_signal,Routine corporate/financial/production title and text with minimal labour/community evidence and no case term.,,,
DISC-MEDIA-0474,Lonmin Paid 1678M In Taxes Royalties During 2018 Financial Year,2019,Engineering News,https://www.engineeringnews.co.za/article/lonmin-paid-1678m-in-taxes-royalties-during-2018-financial-year-2019-04-01,https://www.engineeringnews.co.za/article/lonmin-paid-1678m-in-taxes-royalties-during-2018-financial-year-2019-04-01,3c79cd7fd288bf5ff97605e3bacb99e4b4eac84392cc4494813ee33bcaed24f5,retrieved_extracted,,2019-04-01,415,3c79cd7fd288bf5ff97605e3bacb99e4b4eac84392cc4494813ee33bcaed24f5,2,,0,,0,0,,0,0,earnings_results;exploration_project,3,2,false,false,ambiguous_low_signal,Signals are insufficient for a defensible decision.,,,
DISC-MEDIA-0475,Lonmin Paid 1678M In Taxes Royalties During 2018 Financial Year,2019,Engineering News,https://www.engineeringnews.co.za/article/lonmin-paid-1678m-in-taxes-royalties-during-2018-financial-year-2019-04-12,https://www.engineeringnews.co.za/article/lonmin-paid-1678m-in-taxes-royalties-during-2018-financial-year-2019-04-12,f10c0c672437d7d755772948d85372db62075d4ed72e23749e6576aa79f96049,retrieved_extracted,,2019-04-12,414,f10c0c672437d7d755772948d85372db62075d4ed72e23749e6576aa79f96049,2,,0,,0,0,,0,0,earnings_results;exploration_project,3,2,false,false,ambiguous_low_signal,Signals are insufficient for a defensible decision.,,,
DISC-MEDIA-0476,Lonmin Plans To Cut 4 100 Workers As It Closes Platinum Mines,2019,Engineering News,https://www.engineeringnews.co.za/article/lonmin-plans-to-cut-4-100-workers-as-it-closes-platinum-mines-2019-05-21,https://www.engineeringnews.co.za/article/lonmin-plans-to-cut-4-100-workers-as-it-closes-platinum-mines-2019-05-21,b20bca1c5499de3c81299641ae0c11e11562ea958b64cb65efecc947291eebc2,retrieved_extracted,,2019-05-21,425,b20bca1c5499de3c81299641ae0c11e11562ea958b64cb65efecc947291eebc2,3,,0,worker_miner,3,1,,0,0,earnings_results;funding_debt;transaction,4,3,false,false,likely_routine_corporate_signal,Multiple corporate/financial signals with weak case-event/community evidence.,,,
DISC-MEDIA-0477,Lonmin Plans To Cut 4 100 Workers As It Closes Platinum Mines,2019,Engineering News,https://www.engineeringnews.co.za/article/lonmin-plans-to-cut-4-100-workers-as-it-closes-platinum-mines-2019-05-31,https://www.engineeringnews.co.za/article/lonmin-plans-to-cut-4-100-workers-as-it-closes-platinum-mines-2019-05-31,fb225216f881f4b73cd58febf7830f5f3b4fa74e39be79d9290157eab194a9b1,retrieved_extracted,,2019-05-31,264,fb225216f881f4b73cd58febf7830f5f3b4fa74e39be79d9290157eab194a9b1,0,,0,,0,0,,0,0,earnings_results,2,1,false,false,ambiguous_low_signal,Signals are insufficient for a defensible decision.,,,
DISC-MEDIA-0478,Lonmin Positive Of Improvements After Rationalisation,2016,Engineering News,https://www.engineeringnews.co.za/article/lonmin-positive-of-improvements-after-rationalisation-2016-08-01,https://www.engineeringnews.co.za/article/lonmin-positive-of-improvements-after-rationalisation-2016-08-01,ea23fdb7d4b40b26d286843b257075e8769d0ea2a3f99443d73e3b35a8792b93,retrieved_extracted,,2016-08-01,736,ea23fdb7d4b40b26d286843b257075e8769d0ea2a3f99443d73e3b35a8792b93,5,,0,wage,1,1,,0,0,earnings_results;production_output,11,2,false,false,ambiguous_low_signal,Signals are insufficient for a defensible decision.,,,
DISC-MEDIA-0479,Lonmin Profile,2017,Engineering News,https://www.engineeringnews.co.za/article/lonmin-profile-2017-03-14,https://www.engineeringnews.co.za/article/lonmin-profile-2017-03-14,149b8dfa1c2690fae3c501d607639420f49951d9981b2d7c24662c9f0b1ce4eb,retrieved_extracted,,2017-03-14,292,6c1bdb39f06fd663acc15148e43c20fd924d2cbcae49d1ba99c86b56cfa3e15c,0,,0,,0,0,,0,0,earnings_results,2,1,false,false,ambiguous_low_signal,Signals are insufficient for a defensible decision.,,,
DISC-MEDIA-0482,Lonmin Receives Bank Support For Pandora Jv Acquisition,2017,Engineering News,https://www.engineeringnews.co.za/article/lonmin-receives-bank-support-for-pandora-jv-acquisition-2017-10-06,https://www.engineeringnews.co.za/article/lonmin-receives-bank-support-for-pandora-jv-acquisition-2017-10-06,a92f0ae1d60a0458b64ebbe86019ad395ce2a298a1257bb04f53c2805bfd9343,retrieved_extracted,,2017-10-06,512,a92f0ae1d60a0458b64ebbe86019ad395ce2a298a1257bb04f53c2805bfd9343,6,,0,,0,0,,0,0,earnings_results;funding_debt;transaction;exploration_project,10,4,false,true,strong_routine_corporate_signal,Routine corporate/financial/production title and text with minimal labour/community evidence and no case term.,,,
DISC-MEDIA-0483,Lonmin Reports Fatality After E1 Shaft Tramming Accident,2016,Engineering News,https://www.engineeringnews.co.za/article/lonmin-reports-fatality-after-e1-shaft-tramming-accident-2016-11-11,https://www.engineeringnews.co.za/article/lonmin-reports-fatality-after-e1-shaft-tramming-accident-2016-11-11,6822c1fb675dd31f209426c98d61090a366c6f1a7ca8a4a28b00dc8428db1787,retrieved_extracted,,2016-11-11,331,6822c1fb675dd31f209426c98d61090a366c6f1a7ca8a4a28b00dc8428db1787,3,,0,,0,0,,0,0,earnings_results;production_output;exploration_project,4,3,false,false,likely_routine_corporate_signal,Multiple corporate/financial signals with weak case-event/community evidence.,,,
DISC-MEDIA-0484,Lonmin Reports Fatality At Hossy Shaft,2015,Engineering News,https://www.engineeringnews.co.za/article/lonmin-reports-fatality-at-hossy-shaft-2015-05-20,https://www.engineeringnews.co.za/article/lonmin-reports-fatality-at-hossy-shaft-2015-05-20,121fd81fca21170615ba990c18d793b83772d6d8693b12207ba70f5e3d8d972e,retrieved_extracted,,2015-05-20,403,121fd81fca21170615ba990c18d793b83772d6d8693b12207ba70f5e3d8d972e,3,,0,worker_miner;union,2,2,,0,0,share_price;earnings_results;exploration_project,6,3,false,false,ambiguous_low_signal,Signals are insufficient for a defensible decision.,,,
DISC-MEDIA-0485,Lonmin Reports Fatality At Jv Pandora E3 Shaft,2015,Engineering News,https://www.engineeringnews.co.za/article/lonmin-reports-fatality-at-jv-pandora-e3-shaft-2015-08-03,https://www.engineeringnews.co.za/article/lonmin-reports-fatality-at-jv-pandora-e3-shaft-2015-08-03,8ee29de54a5782ee7eccaa97bbc118533d6918ff01c184ee84cbb70a54083a04,retrieved_extracted,,2015-08-03,349,8ee29de54a5782ee7eccaa97bbc118533d6918ff01c184ee84cbb70a54083a04,2,,0,worker_miner,1,1,,0,0,earnings_results;exploration_project,4,2,false,false,ambiguous_low_signal,Signals are insufficient for a defensible decision.,,,
DISC-MEDIA-0486,Lonmin Reports Fatality At Rowland Shaft,2016,Engineering News,https://www.engineeringnews.co.za/article/lonmin-reports-fatality-at-rowland-shaft-2016-05-09,https://www.engineeringnews.co.za/article/lonmin-reports-fatality-at-rowland-shaft-2016-05-09,0706b56abae8d61e9b522d0afadbff7d3f35b48d47c9e442a7b04c66d4cb0914,retrieved_extracted,,2016-05-09,322,0706b56abae8d61e9b522d0afadbff7d3f35b48d47c9e442a7b04c66d4cb0914,2,,0,worker_miner;shooting_death,2,2,,0,0,earnings_results;exploration_project,4,2,false,false,ambiguous_low_signal,Signals are insufficient for a defensible decision.,,,
DISC-MEDIA-0487,Lonmin Reports Good Progress In Rightsizing The Business,2016,Engineering News,https://www.engineeringnews.co.za/article/lonmin-reports-good-progress-in-rightsizing-the-business-2016-01-28,https://www.engineeringnews.co.za/article/lonmin-reports-good-progress-in-rightsizing-the-business-2016-01-28,014a0e0bef02f019321adbdf425458994481cb68bef9c6da7da57729ca2b4600,retrieved_extracted,,2016-01-28,701,014a0e0bef02f019321adbdf425458994481cb68bef9c6da7da57729ca2b4600,7,,0,worker_miner;wage,4,2,,0,0,share_price;earnings_results;production_output;exploration_project,10,4,false,false,ambiguous_low_signal,Signals are insufficient for a defensible decision.,,,
DISC-MEDIA-0488,Lonmin Reports Increased Q3 Pgm Sales Despite Lower Production,2018,Engineering News,https://www.engineeringnews.co.za/article/lonmin-reports-increased-q3-pgm-sales-despite-lower-production-2018-07-27,https://www.engineeringnews.co.za/article/lonmin-reports-increased-q3-pgm-sales-despite-lower-production-2018-07-27,01bae8f5d844d18849d49fa1045b2ab3789d938c86eb4ef1f64f6da1364caa7d,retrieved_extracted,,2018-07-27,569,01bae8f5d844d18849d49fa1045b2ab3789d938c86eb4ef1f64f6da1364caa7d,7,,0,worker_miner,2,1,,0,0,share_price;earnings_results;production_output;transaction;exploration_project,13,5,false,true,strong_routine_corporate_signal,Routine corporate/financial/production title and text with minimal labour/community evidence and no case term.,,,
DISC-MEDIA-0489,Lonmin Returns To Profitability Ahead Of Sibanye Stillwater Merger,2018,Engineering News,https://www.engineeringnews.co.za/article/lonmin-returns-to-profitability-ahead-of-sibanye-stillwater-merger-2018-11-29,https://www.engineeringnews.co.za/article/lonmin-returns-to-profitability-ahead-of-sibanye-stillwater-merger-2018-11-29,2f9ff3e76730c2fb28119ad5f672f7c3f80e94627d7393ba5add54a5df9a6ba3,retrieved_extracted,,2018-11-29,990,2f9ff3e76730c2fb28119ad5f672f7c3f80e94627d7393ba5add54a5df9a6ba3,18,,0,worker_miner,1,1,,0,0,share_price;earnings_results;production_output;funding_debt;transaction;exploration_project;commodity_market,31,7,false,true,strong_routine_corporate_signal,Routine corporate/financial/production title and text with minimal labour/community evidence and no case term.,,,
DISC-MEDIA-0490,Lonmin Returns To Profitability Ahead Of Sibanye Stillwater Merger,2018,Engineering News,https://www.engineeringnews.co.za/article/lonmin-returns-to-profitability-ahead-of-sibanye-stillwater-merger-2018-12-07,https://www.engineeringnews.co.za/article/lonmin-returns-to-profitability-ahead-of-sibanye-stillwater-merger-2018-12-07,fb225216f881f4b73cd58febf7830f5f3b4fa74e39be79d9290157eab194a9b1,retrieved_extracted,,2018-12-07,264,fb225216f881f4b73cd58febf7830f5f3b4fa74e39be79d9290157eab194a9b1,0,,0,,0,0,,0,0,earnings_results,2,1,false,true,ambiguous_low_signal,Signals are insufficient for a defensible decision.,,,
DISC-MEDIA-0491,Lonmin Returns To Profitability But Lowers 2017 Sales Guidance,2016,Engineering News,https://www.engineeringnews.co.za/article/lonmin-returns-to-profitability-but-lowers-2017-sales-guidance-2016-11-14,https://www.engineeringnews.co.za/article/lonmin-returns-to-profitability-but-lowers-2017-sales-guidance-2016-11-14,2a6a9c63268796b28c4723b86cfea9718078d38e00db9f063450d8da4c181740,retrieved_extracted,,2016-11-14,852,2a6a9c63268796b28c4723b86cfea9718078d38e00db9f063450d8da4c181740,7,,0,worker_miner,3,1,,0,0,earnings_results;production_output;transaction;exploration_project;commodity_market,23,5,false,true,strong_routine_corporate_signal,Routine corporate/financial/production title and text with minimal labour/community evidence and no case term.,,,
DISC-MEDIA-0492,Lonmin Returns To Profitability But Lowers 2017 Sales Guidance,2016,Engineering News,https://www.engineeringnews.co.za/article/lonmin-returns-to-profitability-but-lowers-2017-sales-guidance-2016-11-25,https://www.engineeringnews.co.za/article/lonmin-returns-to-profitability-but-lowers-2017-sales-guidance-2016-11-25,f278d13c87b1adf7b32af0727f508ad5c949b5c1d4c787ac4097b10ef498697c,retrieved_extracted,,2016-11-25,848,f278d13c87b1adf7b32af0727f508ad5c949b5c1d4c787ac4097b10ef498697c,7,,0,worker_miner,3,1,,0,0,earnings_results;production_output;transaction;exploration_project;commodity_market,24,5,false,true,strong_routine_corporate_signal,Routine corporate/financial/production title and text with minimal labour/community evidence and no case term.,,,
DISC-MEDIA-0495,Lonmin Says Amcu Arbitration Postponed Until July,2013,Engineering News,https://www.engineeringnews.co.za/article/lonmin-says-amcu-arbitration-postponed-until-july-2013-06-26,https://www.engineeringnews.co.za/article/lonmin-says-amcu-arbitration-postponed-until-july-2013-06-26,3fc617ddd47d70e9f56edc542af10bd40eea1e6eccc0ea9ba2648dbcafa79c74,retrieved_extracted,,2013-06-26,463,3fc617ddd47d70e9f56edc542af10bd40eea1e6eccc0ea9ba2648dbcafa79c74,4,,0,strike;worker_miner;union,12,3,commission_inquiry,1,1,earnings_results,2,1,false,false,possible_substantive_case_context,Multiple labour/event or social/governance signals require direct substantive review.,,,
DISC-MEDIA-0496,Lonmin Says Court Sanctions Scheme Of Arrangement,2019,Engineering News,https://www.engineeringnews.co.za/article/lonmin-says-court-sanctions-scheme-of-arrangement-2019-06-07,https://www.engineeringnews.co.za/article/lonmin-says-court-sanctions-scheme-of-arrangement-2019-06-07,4ca839dbe5c87f2c65bf6b92a15ae997afc2aa77d718f0230a3567a64cfb49ac,retrieved_extracted,,2019-06-07,374,4ca839dbe5c87f2c65bf6b92a15ae997afc2aa77d718f0230a3567a64cfb49ac,4,,0,worker_miner,1,1,,0,0,share_price;earnings_results,4,2,false,false,ambiguous_low_signal,Signals are insufficient for a defensible decision.,,,
DISC-MEDIA-0499,Lonmin Secures 50M Funding For Tailings Project,2016,Engineering News,https://www.engineeringnews.co.za/article/lonmin-secures-50m-funding-for-tailings-project-2016-08-18,https://www.engineeringnews.co.za/article/lonmin-secures-50m-funding-for-tailings-project-2016-08-18,cc5e1d8ccf56ff32b838e5a4be9206ba82ca802e25e61bc23bc86ccf93710829,retrieved_extracted,,2016-08-18,458,cc5e1d8ccf56ff32b838e5a4be9206ba82ca802e25e61bc23bc86ccf93710829,6,,0,worker_miner,1,1,,0,0,earnings_results;production_output;funding_debt;exploration_project,22,4,false,true,strong_routine_corporate_signal,Routine corporate/financial/production title and text with minimal labour/community evidence and no case term.,,,
DISC-MEDIA-0500,Lonmin Sells Petrozim Stake,2018,Engineering News,https://www.engineeringnews.co.za/article/lonmin-sells-petrozim-stake-2018-06-29,https://www.engineeringnews.co.za/article/lonmin-sells-petrozim-stake-2018-06-29,f61691b43d2522b8b1a22ec39aa8c866a3baf291925e7bb6db4f2241a23d1d70,retrieved_extracted,,2018-06-29,358,f61691b43d2522b8b1a22ec39aa8c866a3baf291925e7bb6db4f2241a23d1d70,2,,0,worker_miner,1,1,,0,0,earnings_results;transaction,6,2,false,true,strong_routine_corporate_signal,Routine corporate/financial/production title and text with minimal labour/community evidence and no case term.,,,
DISC-MEDIA-0501,Lonmin Sells Stake In Canadian Junior Wallbridge To Eric Sprott,2018,Engineering News,https://www.engineeringnews.co.za/article/lonmin-sells-stake-in-canadian-junior-wallbridge-to-eric-sprott-2018-10-02,https://www.engineeringnews.co.za/article/lonmin-sells-stake-in-canadian-junior-wallbridge-to-eric-sprott-2018-10-02,4afd728348627c07a04df88b2912fe817312fbd051ddd7f97deccd18bd4407ef,retrieved_extracted,,2018-10-02,488,4afd728348627c07a04df88b2912fe817312fbd051ddd7f97deccd18bd4407ef,3,,0,worker_miner,1,1,,0,0,share_price;earnings_results;production_output;transaction;exploration_project,15,5,false,true,strong_routine_corporate_signal,Routine corporate/financial/production title and text with minimal labour/community evidence and no case term.,,,
DISC-MEDIA-0502,Lonmin Shanduka Black Umbrellas Partnership Contributes Positively To Small Business Development,2015,Engineering News,https://www.engineeringnews.co.za/article/lonmin-shanduka-black-umbrellas-partnership-contributes-positively-to-small-business-development-2015-10-09,https://www.engineeringnews.co.za/article/lonmin-shanduka-black-umbrellas-partnership-contributes-positively-to-small-business-development-2015-10-09,a3bf96bb8fece34ee55fa07b9408092d8d2c7e3623d56999ab4ca4a2ed241314,retrieved_extracted,,2015-10-09,803,a3bf96bb8fece34ee55fa07b9408092d8d2c7e3623d56999ab4ca4a2ed241314,8,,0,,0,0,community,9,1,earnings_results;funding_debt;exploration_project;commodity_market,6,4,false,false,ambiguous_low_signal,Signals are insufficient for a defensible decision.,,,
DISC-MEDIA-0505,Lonmin Shares Rise As Workers Help Prevent Shaft Closure,2014,Engineering News,https://www.engineeringnews.co.za/article/lonmin-shares-rise-as-workers-help-prevent-shaft-closure-2014-11-13,https://www.engineeringnews.co.za/article/lonmin-shares-rise-as-workers-help-prevent-shaft-closure-2014-11-13,477d7030f76ca53fc020920ef48f550f60f2da9a6c7c8960b3da59fae18d56b3,retrieved_extracted,,2014-11-13,321,477d7030f76ca53fc020920ef48f550f60f2da9a6c7c8960b3da59fae18d56b3,2,,0,worker_miner,1,1,,0,0,share_price;earnings_results;exploration_project,4,3,false,false,likely_routine_corporate_signal,Multiple corporate/financial signals with weak case-event/community evidence.,,,
DISC-MEDIA-0506,Lonmin Shares Rise On R2Bn Cost Cut Plan With Worker Help Preventing Shaft Shut,2014,Engineering News,https://www.engineeringnews.co.za/article/lonmin-shares-rise-on-r2bn-cost-cut-plan-with-worker-help-preventing-shaft-shut-2014-11-10,https://www.engineeringnews.co.za/article/lonmin-shares-rise-on-r2bn-cost-cut-plan-with-worker-help-preventing-shaft-shut-2014-11-10,08dfe647702c0f2e888f2a1b3161e2618b9d0d21fc77ef7467a3e651d465318c,retrieved_extracted,,2014-11-10,1157,08dfe647702c0f2e888f2a1b3161e2618b9d0d21fc77ef7467a3e651d465318c,6,,0,strike;worker_miner;union,9,3,,0,0,share_price;earnings_results;production_output;funding_debt;exploration_project,32,5,false,false,possible_substantive_case_context,Multiple labour/event or social/governance signals require direct substantive review.,,,
DISC-MEDIA-0507,Lonmin Shares Rise On R2Bn Cost Cut Plan With Worker Help Preventing Shaft Shut,2014,Engineering News,https://www.engineeringnews.co.za/article/lonmin-shares-rise-on-r2bn-cost-cut-plan-with-worker-help-preventing-shaft-shut-2014-11-21,https://www.engineeringnews.co.za/article/lonmin-shares-rise-on-r2bn-cost-cut-plan-with-worker-help-preventing-shaft-shut-2014-11-21,93195fb7ccbf503850fcc2130b69599aeb366f4f5b369c32d8f9c89daea918c4,retrieved_extracted,,2014-11-21,1152,93195fb7ccbf503850fcc2130b69599aeb366f4f5b369c32d8f9c89daea918c4,6,,0,strike;worker_miner;union,7,3,,0,0,share_price;earnings_results;production_output;funding_debt;exploration_project,32,5,false,false,possible_substantive_case_context,Multiple labour/event or social/governance signals require direct substantive review.,,,
DISC-MEDIA-0511,Lonmin Suspends Saffy Production Activities After Fatality,2013,Engineering News,https://www.engineeringnews.co.za/article/lonmin-suspends-saffy-production-activities-after-fatality-2013-08-15,https://www.engineeringnews.co.za/article/lonmin-suspends-saffy-production-activities-after-fatality-2013-08-15,0dddeb508deb69b3e4fbd53280333b0bf246a15cb4e27f8674b0280f02a77feb,retrieved_extracted,,2013-08-15,353,0dddeb508deb69b3e4fbd53280333b0bf246a15cb4e27f8674b0280f02a77feb,2,,0,worker_miner,2,1,,0,0,earnings_results;production_output;exploration_project,5,3,false,true,strong_routine_corporate_signal,Routine corporate/financial/production title and text with minimal labour/community evidence and no case term.,,,
DISC-MEDIA-0512,Lonmin Takes Stock Highlights Focus On Improving Living Conditions,2014,Engineering News,https://www.engineeringnews.co.za/article/lonmin-takes-stock-highlights-focus-on-improving-living-conditions-2014-02-04,https://www.engineeringnews.co.za/article/lonmin-takes-stock-highlights-focus-on-improving-living-conditions-2014-02-04,0efd738f336ed4f296c1444bfad43eda44b7c07671402b56c683cdb0232a3e0d,retrieved_extracted,,2014-02-04,787,0efd738f336ed4f296c1444bfad43eda44b7c07671402b56c683cdb0232a3e0d,7,,0,strike;worker_miner;wage;protest_unrest,7,4,housing;community,5,2,share_price;earnings_results;production_output;funding_debt;commodity_market,13,5,false,false,possible_substantive_case_context,Multiple labour/event or social/governance signals require direct substantive review.,,,
DISC-MEDIA-0513,Lonmin To Bring Forward Planned Hearth Rebuild Of Number One Furnace After Leak,2014,Engineering News,https://www.engineeringnews.co.za/article/lonmin-to-bring-forward-planned-hearth-rebuild-of-number-one-furnace-after-leak-2014-12-08,https://www.engineeringnews.co.za/article/lonmin-to-bring-forward-planned-hearth-rebuild-of-number-one-furnace-after-leak-2014-12-08,018b0b2f87e237783f00b10cc105928c5da3ec3366cdd01635ad1d0ac0987a5c,retrieved_extracted,,2014-12-08,595,018b0b2f87e237783f00b10cc105928c5da3ec3366cdd01635ad1d0ac0987a5c,5,,0,strike;worker_miner,2,2,commission_inquiry,1,1,earnings_results;production_output;exploration_project,14,3,false,true,ambiguous_low_signal,Signals are insufficient for a defensible decision.,,,
DISC-MEDIA-0515,Lonmin To Lose 3 100 Ozd Implats 2 800 Ozd In Production Owing To Amcu Strike,2014,Engineering News,https://www.engineeringnews.co.za/article/lonmin-to-lose-3-100-ozd-implats-2-800-ozd-in-production-owing-to-amcu-strike-2014-01-23,https://www.engineeringnews.co.za/article/lonmin-to-lose-3-100-ozd-implats-2-800-ozd-in-production-owing-to-amcu-strike-2014-01-23,29c41c74e9fdd41e778855ffb78bb73b92395f245dfb2b9158fe256dac7b83cf,retrieved_extracted,,2014-01-23,606,29c41c74e9fdd41e778855ffb78bb73b92395f245dfb2b9158fe256dac7b83cf,4,,0,strike;worker_miner;wage;union,20,4,,0,0,earnings_results;production_output,4,2,false,true,possible_substantive_case_context,Multiple labour/event or social/governance signals require direct substantive review.,,,
DISC-MEDIA-0516,Lonmin To Maintain 2013 Guidance June Quarter Production Lower,2013,Engineering News,https://www.engineeringnews.co.za/article/lonmin-to-maintain-2013-guidance-june-quarter-production-lower-2013-07-25,https://www.engineeringnews.co.za/article/lonmin-to-maintain-2013-guidance-june-quarter-production-lower-2013-07-25,cbb6ca84b9ac09df85e6d90f24dac956c470c2a30e49df0f641ee6b15f1ab133,retrieved_extracted,,2013-07-25,707,cbb6ca84b9ac09df85e6d90f24dac956c470c2a30e49df0f641ee6b15f1ab133,4,,0,strike,1,1,,0,0,earnings_results;production_output;transaction;exploration_project,18,4,false,true,strong_routine_corporate_signal,Routine corporate/financial/production title and text with minimal labour/community evidence and no case term.,,,
DISC-MEDIA-0518,Lonmin To Oppose Amcu Labour Court Interdict,2014,Engineering News,https://www.engineeringnews.co.za/article/lonmin-to-oppose-amcu-labour-court-interdict-2014-05-19,https://www.engineeringnews.co.za/article/lonmin-to-oppose-amcu-labour-court-interdict-2014-05-19,30e604dc30786ca181e956911ca6123214789a87ef6dc6b648343f5e06c0f2ac,retrieved_extracted,,2014-05-19,791,30e604dc30786ca181e956911ca6123214789a87ef6dc6b648343f5e06c0f2ac,10,,0,strike;worker_miner;wage;union,26,4,community,1,1,earnings_results;production_output,3,2,false,false,possible_substantive_case_context,Multiple labour/event or social/governance signals require direct substantive review.,,,
DISC-MEDIA-0519,Lonmin To Sell Excess Processing Capacity Implement Other Measures To Ensure Sustainability,2017,Engineering News,https://www.engineeringnews.co.za/article/lonmin-to-sell-excess-processing-capacity-implement-other-measures-to-ensure-sustainability-2017-08-07,https://www.engineeringnews.co.za/article/lonmin-to-sell-excess-processing-capacity-implement-other-measures-to-ensure-sustainability-2017-08-07,5150204a7fbaf8ba5e2d7b85a1c43b7adfd6823843e7f496590ff7514b596463,retrieved_extracted,,2017-08-07,812,5150204a7fbaf8ba5e2d7b85a1c43b7adfd6823843e7f496590ff7514b596463,16,,0,,0,0,,0,0,earnings_results;production_output;funding_debt;transaction;exploration_project,13,5,false,true,strong_routine_corporate_signal,Routine corporate/financial/production title and text with minimal labour/community evidence and no case term.,,,
DISC-MEDIA-0520,Lonmin To Sell Excess Processing Capacity Implement Other Measures To Ensure Sustainability,2017,Engineering News,https://www.engineeringnews.co.za/article/lonmin-to-sell-excess-processing-capacity-implement-other-measures-to-ensure-sustainability-2017-08-18,https://www.engineeringnews.co.za/article/lonmin-to-sell-excess-processing-capacity-implement-other-measures-to-ensure-sustainability-2017-08-18,24c3f0263eb1a984133fcd23612c81acd80d9ee0043641eb57193b21a3deb683,retrieved_extracted,,2017-08-18,802,24c3f0263eb1a984133fcd23612c81acd80d9ee0043641eb57193b21a3deb683,15,,0,,0,0,,0,0,earnings_results;production_output;funding_debt;transaction;exploration_project,14,5,false,true,strong_routine_corporate_signal,Routine corporate/financial/production title and text with minimal labour/community evidence and no case term.,,,
DISC-MEDIA-0521,Lonmin To Shut Idle High Cost Operations,2015,Engineering News,https://www.engineeringnews.co.za/article/lonmin-to-shut-idle-high-cost-operations-2015-07-24,https://www.engineeringnews.co.za/article/lonmin-to-shut-idle-high-cost-operations-2015-07-24,16e157e2b503c93cc45c621442a022cc9dc557fce42c6ad2595158013c71fd0e,retrieved_extracted,,2015-07-24,869,16e157e2b503c93cc45c621442a022cc9dc557fce42c6ad2595158013c71fd0e,10,,0,worker_miner;union,2,2,,0,0,share_price;earnings_results;production_output;transaction;exploration_project;commodity_market,16,6,false,false,ambiguous_low_signal,Signals are insufficient for a defensible decision.,,,
DISC-MEDIA-0522,Lonmin To Shut Idle High Cost Operations,2015,Engineering News,https://www.engineeringnews.co.za/article/lonmin-to-shut-idle-high-cost-operations-2015-08-07,https://www.engineeringnews.co.za/article/lonmin-to-shut-idle-high-cost-operations-2015-08-07,95222750a8a9336182f2ed31aeecb7c6f70926e8b326eeb005496d6e4620acdb,retrieved_extracted,,2015-08-07,858,95222750a8a9336182f2ed31aeecb7c6f70926e8b326eeb005496d6e4620acdb,9,,0,worker_miner;union,2,2,,0,0,earnings_results;production_output;transaction;commodity_market,15,4,false,false,ambiguous_low_signal,Signals are insufficient for a defensible decision.,,,
DISC-MEDIA-0523,Lonmin Transaction Filed With South Africas Competition Authority,2018,Engineering News,https://www.engineeringnews.co.za/article/lonmin-transaction-filed-with-south-africas-competition-authority-2018-03-16,https://www.engineeringnews.co.za/article/lonmin-transaction-filed-with-south-africas-competition-authority-2018-03-16,8d94dbf4d9071193e2c19b6f349539871024a044503feb186189ea55e748ba42,retrieved_extracted,,2018-03-16,472,8d94dbf4d9071193e2c19b6f349539871024a044503feb186189ea55e748ba42,2,,0,worker_miner;union,6,2,community,1,1,earnings_results;transaction;commodity_market,4,3,false,false,ambiguous_low_signal,Signals are insufficient for a defensible decision.,,,
DISC-MEDIA-0524,Lonmin Transaction Filed With South Africas Competition Body,2018,Engineering News,https://www.engineeringnews.co.za/article/lonmin-transaction-filed-with-south-africas-competition-body-2018-03-30,https://www.engineeringnews.co.za/article/lonmin-transaction-filed-with-south-africas-competition-body-2018-03-30,10452e2ceaf61ca07457392bc02492cb741ec4b6116c53439d6d23c0d66f2e85,retrieved_extracted,,2018-03-30,461,10452e2ceaf61ca07457392bc02492cb741ec4b6116c53439d6d23c0d66f2e85,1,,0,worker_miner;union,6,2,community;commission_inquiry,2,2,earnings_results;transaction;commodity_market,5,3,false,false,possible_substantive_case_context,Multiple labour/event or social/governance signals require direct substantive review.,,,
DISC-MEDIA-0529,Lonmin Warns On Liquidity And Persistent Challenges,2019,Engineering News,https://www.engineeringnews.co.za/article/lonmin-warns-on-liquidity-and-persistent-challenges-2019-03-25,https://www.engineeringnews.co.za/article/lonmin-warns-on-liquidity-and-persistent-challenges-2019-03-25,d4df56006e17046bec078ccc2e47ca017ed46eb089b629e2bdc7501a99d2b181,retrieved_extracted,,2019-03-25,444,d4df56006e17046bec078ccc2e47ca017ed46eb089b629e2bdc7501a99d2b181,6,,0,worker_miner,1,1,,0,0,share_price;earnings_results;transaction;exploration_project,5,4,false,false,likely_routine_corporate_signal,Multiple corporate/financial signals with weak case-event/community evidence.,,,
DISC-MEDIA-0530,Lonmin Welcomes Amcus Referral Of Union Negotiations To Ccma,2013,Engineering News,https://www.engineeringnews.co.za/article/lonmin-welcomes-amcus-referral-of-union-negotiations-to-ccma-2013-05-09,https://www.engineeringnews.co.za/article/lonmin-welcomes-amcus-referral-of-union-negotiations-to-ccma-2013-05-09,d910ba2dfb3c73d6f4c8d6780abba664e0abe052eb4a0abc1732d34d8e0b7c5a,retrieved_extracted,,2013-05-09,498,d910ba2dfb3c73d6f4c8d6780abba664e0abe052eb4a0abc1732d34d8e0b7c5a,6,,0,worker_miner;union,15,2,commission_inquiry,1,1,earnings_results,2,1,false,false,ambiguous_low_signal,Signals are insufficient for a defensible decision.,,,
DISC-MEDIA-0532,Lonmin Woes Make Its Stock The Top Sell Call In Johannesburg,2017,Engineering News,https://www.engineeringnews.co.za/article/lonmin-woes-make-its-stock-the-top-sell-call-in-johannesburg-2017-09-12,https://www.engineeringnews.co.za/article/lonmin-woes-make-its-stock-the-top-sell-call-in-johannesburg-2017-09-12,39de831ebdb6ff785a05797e3088e46194a162a7e1aeefa60cba0c53e3ceea66,retrieved_extracted,,2017-09-12,641,39de831ebdb6ff785a05797e3088e46194a162a7e1aeefa60cba0c53e3ceea66,6,,0,worker_miner,1,1,,0,0,share_price;earnings_results;production_output;transaction;dividend_rights;commodity_market,18,6,false,true,strong_routine_corporate_signal,Routine corporate/financial/production title and text with minimal labour/community evidence and no case term.,,,
DISC-MEDIA-0533,Lonmins Biggest Union Wants Sibanye Deal Stopped Over Job Cuts,2018,Engineering News,https://www.engineeringnews.co.za/article/lonmins-biggest-union-wants-sibanye-deal-stopped-over-job-cuts-2018-11-13,https://www.engineeringnews.co.za/article/lonmins-biggest-union-wants-sibanye-deal-stopped-over-job-cuts-2018-11-13,9ecaa6c40c604c1e33be60760d76ee58daaf422b5b4f3bb5fe774122b4ffe06f,retrieved_extracted,,2018-11-13,622,9ecaa6c40c604c1e33be60760d76ee58daaf422b5b4f3bb5fe774122b4ffe06f,10,,0,worker_miner;union,9,2,commission_inquiry,1,1,earnings_results;production_output;funding_debt;transaction;commodity_market,9,5,false,false,ambiguous_low_signal,Signals are insufficient for a defensible decision.,,,
DISC-MEDIA-0534,Lonmins Cfo To Exit,2016,Engineering News,https://www.engineeringnews.co.za/article/lonmins-cfo-to-exit-2016-04-12,https://www.engineeringnews.co.za/article/lonmins-cfo-to-exit-2016-04-12,2950a046ad87bdb1be58060169cec15d20cddd2a3c2cc9545d799bd8506b1ff0,retrieved_extracted,,2016-04-12,448,2950a046ad87bdb1be58060169cec15d20cddd2a3c2cc9545d799bd8506b1ff0,4,,0,,0,0,,0,0,earnings_results;commodity_market,5,2,false,false,ambiguous_low_signal,Signals are insufficient for a defensible decision.,,,
DISC-MEDIA-0535,Lonmins Cfo To Exit,2016,Engineering News,https://www.engineeringnews.co.za/article/lonmins-cfo-to-exit-2016-04-22,https://www.engineeringnews.co.za/article/lonmins-cfo-to-exit-2016-04-22,1ca5bfab1aebf7c97b7e60c71272d2e6d65c425e9970e7dac85de019804229e3,retrieved_extracted,,2016-04-22,449,1ca5bfab1aebf7c97b7e60c71272d2e6d65c425e9970e7dac85de019804229e3,4,,0,,0,0,,0,0,earnings_results;commodity_market,5,2,false,false,ambiguous_low_signal,Signals are insufficient for a defensible decision.,,,
DISC-MEDIA-0536,Lonmins New Ceo Shoulders Output Push As Costs Soar,2013,Engineering News,https://www.engineeringnews.co.za/article/lonmins-new-ceo-shoulders-output-push-as-costs-soar-2013-04-04,https://www.engineeringnews.co.za/article/lonmins-new-ceo-shoulders-output-push-as-costs-soar-2013-04-04,fb225216f881f4b73cd58febf7830f5f3b4fa74e39be79d9290157eab194a9b1,retrieved_extracted,,2013-04-04,264,fb225216f881f4b73cd58febf7830f5f3b4fa74e39be79d9290157eab194a9b1,0,,0,,0,0,,0,0,earnings_results,2,1,false,true,ambiguous_low_signal,Signals are insufficient for a defensible decision.,,,
DISC-MEDIA-0537,Lonmins Q1 Results Show Improved Liquidity Despite Relatively Poor Performance,2019,Engineering News,https://www.engineeringnews.co.za/article/lonmins-q1-results-show-improved-liquidity-despite-relatively-poor-performance-2019-02-08,https://www.engineeringnews.co.za/article/lonmins-q1-results-show-improved-liquidity-despite-relatively-poor-performance-2019-02-08,3e29c19d2e6e55da6a734814d5526e8932715a519bf7773dac943c64540998f0,retrieved_extracted,,2019-02-08,1021,3e29c19d2e6e55da6a734814d5526e8932715a519bf7773dac943c64540998f0,10,,0,worker_miner;wage,2,2,,0,0,earnings_results;production_output;funding_debt;transaction;exploration_project;commodity_market,28,6,false,true,ambiguous_low_signal,Signals are insufficient for a defensible decision.,,,
DISC-MEDIA-0540,Lonmins Strike Ends Amplats Braced For Trouble,2013,Engineering News,https://www.engineeringnews.co.za/article/lonmins-strike-ends-amplats-braced-for-trouble-2013-05-16,https://www.engineeringnews.co.za/article/lonmins-strike-ends-amplats-braced-for-trouble-2013-05-16,dc8b4180da6fb4f2654eb93ff72e3544e31de0fa6950f13218fa8651fd7614dd,retrieved_extracted,,2013-05-16,585,dc8b4180da6fb4f2654eb93ff72e3544e31de0fa6950f13218fa8651fd7614dd,3,,0,strike;worker_miner;police;shooting_death;union;protest_unrest,24,6,,0,0,share_price;earnings_results,3,2,false,false,possible_substantive_case_context,Multiple labour/event or social/governance signals require direct substantive review.,,,
DISC-MEDIA-0542,Lonminsibanye Merger Judgement Set For Handing Down Friday,2019,Engineering News,https://www.engineeringnews.co.za/article/lonminsibanye-merger-judgement-set-for-handing-down-friday-2019-05-10,https://www.engineeringnews.co.za/article/lonminsibanye-merger-judgement-set-for-handing-down-friday-2019-05-10,23901bca24160c099927e86ae719de7d5c71ec2ba86cbda6c5e042300511831e,retrieved_extracted,,2019-05-10,1221,23901bca24160c099927e86ae719de7d5c71ec2ba86cbda6c5e042300511831e,19,,0,worker_miner;union,6,2,,0,0,share_price;earnings_results;production_output;funding_debt;transaction;exploration_project,33,6,false,true,ambiguous_low_signal,Signals are insufficient for a defensible decision.,,,
DISC-MEDIA-0543,Lonminsibanye Merger Judgment Set For Friday,2019,Engineering News,https://www.engineeringnews.co.za/article/lonminsibanye-merger-judgment-set-for-friday-2019-05-24,https://www.engineeringnews.co.za/article/lonminsibanye-merger-judgment-set-for-friday-2019-05-24,fb225216f881f4b73cd58febf7830f5f3b4fa74e39be79d9290157eab194a9b1,retrieved_extracted,,2019-05-24,264,fb225216f881f4b73cd58febf7830f5f3b4fa74e39be79d9290157eab194a9b1,0,,0,,0,0,,0,0,earnings_results,2,1,false,true,ambiguous_low_signal,Signals are insufficient for a defensible decision.,,,
DISC-MEDIA-0544,Low Morale Management Turnover Lowers Lonmin Production,2019,Engineering News,https://www.engineeringnews.co.za/article/low-morale-management-turnover-lowers-lonmin-production-2019-05-10,https://www.engineeringnews.co.za/article/low-morale-management-turnover-lowers-lonmin-production-2019-05-10,94eb4389d232786c6247dfc2a60f7ffc73737b8f0640b22cafa1bbe47ec8f3f5,retrieved_extracted,,2019-05-10,816,94eb4389d232786c6247dfc2a60f7ffc73737b8f0640b22cafa1bbe47ec8f3f5,5,,0,,0,0,,0,0,share_price;earnings_results;production_output;funding_debt;exploration_project,26,5,false,true,strong_routine_corporate_signal,Routine corporate/financial/production title and text with minimal labour/community evidence and no case term.,,,
DISC-MEDIA-0546,Lrc Holding Saps And Lonmin Responsible For Deaths And Injuries Of Mineworkers,2014,Engineering News,https://www.engineeringnews.co.za/article/lrc-holding-saps-and-lonmin-responsible-for-deaths-and-injuries-of-mineworkers-2014-11-14,https://www.engineeringnews.co.za/article/lrc-holding-saps-and-lonmin-responsible-for-deaths-and-injuries-of-mineworkers-2014-11-14,fb225216f881f4b73cd58febf7830f5f3b4fa74e39be79d9290157eab194a9b1,retrieved_extracted,,2014-11-14,264,fb225216f881f4b73cd58febf7830f5f3b4fa74e39be79d9290157eab194a9b1,0,,0,,0,0,,0,0,earnings_results,2,1,false,false,ambiguous_low_signal,Signals are insufficient for a defensible decision.,,,
DISC-MEDIA-0547,Magara Seizes Dual Role At Lonmin,2017,Engineering News,https://www.engineeringnews.co.za/article/magara-seizes-dual-role-at-lonmin-2017-03-16,https://www.engineeringnews.co.za/article/magara-seizes-dual-role-at-lonmin-2017-03-16,e38aa5525fb5b35e7398d758e48428fa2a65796097c5316719012219904e93f7,retrieved_extracted,,2017-03-16,328,e38aa5525fb5b35e7398d758e48428fa2a65796097c5316719012219904e93f7,2,,0,,0,0,,0,0,earnings_results,2,1,false,false,ambiguous_low_signal,Signals are insufficient for a defensible decision.,,,
DISC-MEDIA-0549,Magara Takes The Reins At Lonmin Furnace Restarted,2013,Engineering News,https://www.engineeringnews.co.za/article/magara-takes-the-reins-at-lonmin-furnace-restarted-2013-07-01,https://www.engineeringnews.co.za/article/magara-takes-the-reins-at-lonmin-furnace-restarted-2013-07-01,17b4a6ea9bedaca24a1545e92d0d0cf825585652607c490f4ad7823341ff8970,retrieved_extracted,,2013-07-01,592,17b4a6ea9bedaca24a1545e92d0d0cf825585652607c490f4ad7823341ff8970,7,,0,worker_miner;police;shooting_death;wage;union;protest_unrest,7,6,,0,0,earnings_results;exploration_project,6,2,false,true,possible_substantive_case_context,Multiple labour/event or social/governance signals require direct substantive review.,,,
DISC-MEDIA-0550,Magara Takes The Reins At Lonmin Furnace Restarted,2013,Engineering News,https://www.engineeringnews.co.za/article/magara-takes-the-reins-at-lonmin-furnace-restarted-2013-07-12,https://www.engineeringnews.co.za/article/magara-takes-the-reins-at-lonmin-furnace-restarted-2013-07-12,97bb08dfd619fd92322a2f415ac81806e2ab69495f8935082aeb2d518bef1f34,retrieved_extracted,,2013-07-12,589,97bb08dfd619fd92322a2f415ac81806e2ab69495f8935082aeb2d518bef1f34,7,,0,worker_miner;police;shooting_death;wage;union;protest_unrest,7,6,,0,0,earnings_results;exploration_project,6,2,false,true,possible_substantive_case_context,Multiple labour/event or social/governance signals require direct substantive review.,,,
DISC-MEDIA-0551,Magna Closes Lonmin Canada Acquisition,2022,Engineering News,https://www.engineeringnews.co.za/article/magna-closes-lonmin-canada-acquisition-2022-11-08,https://www.engineeringnews.co.za/article/magna-closes-lonmin-canada-acquisition-2022-11-08,704bdd82b8157d23817d7e72f8babc28c1935b2ad9866e1557db3eed14915f7e,retrieved_extracted,,2022-11-08,447,704bdd82b8157d23817d7e72f8babc28c1935b2ad9866e1557db3eed14915f7e,2,,0,,0,0,,0,0,earnings_results;production_output;transaction;exploration_project,11,4,false,true,strong_routine_corporate_signal,Routine corporate/financial/production title and text with minimal labour/community evidence and no case term.,,,
DISC-MEDIA-0552,Magna Mining Buys Lonmin Canada,2022,Engineering News,https://www.engineeringnews.co.za/article/magna-mining-buys-lonmin-canada-2022-08-17,https://www.engineeringnews.co.za/article/magna-mining-buys-lonmin-canada-2022-08-17,d66daccbd145857384d415a8ede219d7088003f821ba4619968c5df88068cb93,retrieved_extracted,,2022-08-17,488,d66daccbd145857384d415a8ede219d7088003f821ba4619968c5df88068cb93,2,,0,,0,0,,0,0,earnings_results;production_output;transaction;exploration_project,15,4,false,false,likely_routine_corporate_signal,Multiple corporate/financial signals with weak case-event/community evidence.,,,
DISC-MEDIA-0580,Miner Dies At Lonmins Jv Pandora Following Fall Of Ground Accident,2016,Engineering News,https://www.engineeringnews.co.za/article/miner-dies-at-lonmins-jv-pandora-following-fall-of-ground-accident-2016-04-07,https://www.engineeringnews.co.za/article/miner-dies-at-lonmins-jv-pandora-following-fall-of-ground-accident-2016-04-07,0044842e4e60e5583391a8d439107faebd1f10a16687e63fa1509cfa4b47b88e,retrieved_extracted,,2016-04-07,370,0044842e4e60e5583391a8d439107faebd1f10a16687e63fa1509cfa4b47b88e,3,,0,worker_miner;union,4,2,,0,0,earnings_results;exploration_project,4,2,false,false,ambiguous_low_signal,Signals are insufficient for a defensible decision.,,,
DISC-MEDIA-0581,Miner Lonmin Narrows First Half Loss Cuts Annual Spending Target,2018,Engineering News,https://www.engineeringnews.co.za/article/miner-lonmin-narrows-first-half-loss-cuts-annual-spending-target-2018-05-14,https://www.engineeringnews.co.za/article/miner-lonmin-narrows-first-half-loss-cuts-annual-spending-target-2018-05-14,4aa1de9bcd08650f00d411ae6df1a2602da538c2f5d679313c9b0d7463f9bda4,retrieved_extracted,,2018-05-14,380,4aa1de9bcd08650f00d411ae6df1a2602da538c2f5d679313c9b0d7463f9bda4,2,,0,worker_miner,3,1,,0,0,earnings_results;transaction,7,2,false,false,ambiguous_low_signal,Signals are insufficient for a defensible decision.,,,
DISC-MEDIA-0582,Miners Regress On Arv Treatment Lonmin,2014,Engineering News,https://www.engineeringnews.co.za/article/miners-regress-on-arv-treatment-lonmin-2014-04-14,https://www.engineeringnews.co.za/article/miners-regress-on-arv-treatment-lonmin-2014-04-14,32dff3710011ff2a46ffbbff828f71baf03bf4288a32ce55691254150f772aee,retrieved_extracted,,2014-04-14,624,32dff3710011ff2a46ffbbff828f71baf03bf4288a32ce55691254150f772aee,3,,0,strike;worker_miner;wage;union,20,4,housing;commission_inquiry,2,2,earnings_results,2,1,false,false,possible_substantive_case_context,Multiple labour/event or social/governance signals require direct substantive review.,,,
DISC-MEDIA-0586,Moolman Appointed Lonmin Coo,2015,Engineering News,https://www.engineeringnews.co.za/article/moolman-appointed-lonmin-coo-2015-03-17,https://www.engineeringnews.co.za/article/moolman-appointed-lonmin-coo-2015-03-17,fad57e8a46ae9d8054d387b574e35bb090366bae18a7d69c5afa2d7c74593b37,retrieved_extracted,,2015-03-17,464,fad57e8a46ae9d8054d387b574e35bb090366bae18a7d69c5afa2d7c74593b37,5,,0,worker_miner,1,1,,0,0,earnings_results,2,1,false,false,ambiguous_low_signal,Signals are insufficient for a defensible decision.,,,
DISC-MEDIA-0587,Moratorium Aside Zwane Approves Lonmins Bid To Acquire Anglos Pandora Stake,2017,Engineering News,https://www.engineeringnews.co.za/article/moratorium-aside-zwane-approves-lonmins-bid-to-acquire-anglos-pandora-stake-2017-07-26,https://www.engineeringnews.co.za/article/moratorium-aside-zwane-approves-lonmins-bid-to-acquire-anglos-pandora-stake-2017-07-26,874f611cdd4665a4edcfae4578b3cb006c5cd2712020f8454638dfba1b06634f,retrieved_extracted,,2017-07-26,711,874f611cdd4665a4edcfae4578b3cb006c5cd2712020f8454638dfba1b06634f,8,,0,,0,0,,0,0,earnings_results;transaction,12,2,false,true,strong_routine_corporate_signal,Routine corporate/financial/production title and text with minimal labour/community evidence and no case term.,,,
DISC-MEDIA-0591,Num Has Until July To Regain Majority At Lonmin,2013,Engineering News,https://www.engineeringnews.co.za/article/num-has-until-july-to-regain-majority-at-lonmin-2013-05-29,https://www.engineeringnews.co.za/article/num-has-until-july-to-regain-majority-at-lonmin-2013-05-29,a37c4909e77b4d0e21a0e4ce128842e3a389305bfd6100c3637dbf68f097b7c4,retrieved_extracted,,2013-05-29,600,a37c4909e77b4d0e21a0e4ce128842e3a389305bfd6100c3637dbf68f097b7c4,8,,0,worker_miner;union,19,2,commission_inquiry,1,1,earnings_results,2,1,false,false,ambiguous_low_signal,Signals are insufficient for a defensible decision.,,,
DISC-MEDIA-0595,Num To Fight Lonmin Job Losses,2015,Engineering News,https://www.engineeringnews.co.za/article/num-to-fight-lonmin-job-losses-2015-05-08,https://www.engineeringnews.co.za/article/num-to-fight-lonmin-job-losses-2015-05-08,b06916a7cf5f299761b8b9cf783b7e1a4faad0bdf0285b37635b4a40383cfe6b,retrieved_extracted,,2015-05-08,609,b06916a7cf5f299761b8b9cf783b7e1a4faad0bdf0285b37635b4a40383cfe6b,5,,0,worker_miner;union,11,2,,0,0,earnings_results,2,1,false,false,ambiguous_low_signal,Signals are insufficient for a defensible decision.,,,
DISC-MEDIA-0597,Old Mutual Decreases Lonmin Voting Rights,2014,Engineering News,https://www.engineeringnews.co.za/article/old-mutual-decreases-lonmin-voting-rights-2014-10-02,https://www.engineeringnews.co.za/article/old-mutual-decreases-lonmin-voting-rights-2014-10-02,e48a3dbfb15b0650d51239d09ddf0e33562fd4d68b79b22a864bf2ee536836a4,retrieved_extracted,,2014-10-02,348,e48a3dbfb15b0650d51239d09ddf0e33562fd4d68b79b22a864bf2ee536836a4,3,,0,worker_miner,2,1,,0,0,share_price;earnings_results,3,2,false,false,ambiguous_low_signal,Signals are insufficient for a defensible decision.,,,
DISC-MEDIA-0601,Pic Faces Dilemma Over Backing Lonmin Deal,2019,Engineering News,https://www.engineeringnews.co.za/article/pic-faces-dilemma-over-backing-lonmin-deal-2019-05-23,https://www.engineeringnews.co.za/article/pic-faces-dilemma-over-backing-lonmin-deal-2019-05-23,f5b0a76cbbfb752d76a44a192c01bb8b3f03ecb2a46960538ffa4a03b0560568,retrieved_extracted,,2019-05-23,770,f5b0a76cbbfb752d76a44a192c01bb8b3f03ecb2a46960538ffa4a03b0560568,13,,0,strike;worker_miner,3,2,commission_inquiry,1,1,share_price;earnings_results;transaction;commodity_market,14,4,false,false,ambiguous_low_signal,Signals are insufficient for a defensible decision.,,,
DISC-MEDIA-0602,Pic Snaps Up Unsold Shares In Lonmin To Secure 2999 Stake,2015,Engineering News,https://www.engineeringnews.co.za/article/pic-snaps-up-unsold-shares-in-lonmin-to-secure-2999-stake-2015-12-14,https://www.engineeringnews.co.za/article/pic-snaps-up-unsold-shares-in-lonmin-to-secure-2999-stake-2015-12-14,1912d6879188832f069140162d3204c6f080dd1ee8675f1064f1ba9b0810336b,retrieved_extracted,,2015-12-14,451,1912d6879188832f069140162d3204c6f080dd1ee8675f1064f1ba9b0810336b,5,,0,worker_miner,2,1,,0,0,share_price;earnings_results;transaction;dividend_rights;commodity_market,12,5,false,true,strong_routine_corporate_signal,Routine corporate/financial/production title and text with minimal labour/community evidence and no case term.,,,
DISC-MEDIA-0603,Platinum Miner Lonmins Lenders Relax Loan Agreements Again,2018,Engineering News,https://www.engineeringnews.co.za/article/platinum-miner-lonmins-lenders-relax-loan-agreements-again-2018-01-18,https://www.engineeringnews.co.za/article/platinum-miner-lonmins-lenders-relax-loan-agreements-again-2018-01-18,a62759b1953f46d1ad4f49ac6fe872b141fdf3efaabe2eb97963205293498820,retrieved_extracted,,2018-01-18,448,a62759b1953f46d1ad4f49ac6fe872b141fdf3efaabe2eb97963205293498820,5,,0,worker_miner,3,1,,0,0,earnings_results;production_output;funding_debt,8,3,false,false,likely_routine_corporate_signal,Multiple corporate/financial signals with weak case-event/community evidence.,,,
DISC-MEDIA-0605,Platinum Price Upturn Needed To Sustain Industry Lonmin,2017,Engineering News,https://www.engineeringnews.co.za/article/platinum-price-upturn-needed-to-sustain-industry-lonmin-2017-02-03,https://www.engineeringnews.co.za/article/platinum-price-upturn-needed-to-sustain-industry-lonmin-2017-02-03,fb225216f881f4b73cd58febf7830f5f3b4fa74e39be79d9290157eab194a9b1,retrieved_extracted,,2017-02-03,264,fb225216f881f4b73cd58febf7830f5f3b4fa74e39be79d9290157eab194a9b1,0,,0,,0,0,,0,0,earnings_results,2,1,false,true,ambiguous_low_signal,Signals are insufficient for a defensible decision.,,,
DISC-MEDIA-0611,Ramaphosa To Step Down From Lonmin Mondi Boards,2013,Engineering News,https://www.engineeringnews.co.za/article/ramaphosa-to-step-down-from-lonmin-mondi-boards-2013-01-23,https://www.engineeringnews.co.za/article/ramaphosa-to-step-down-from-lonmin-mondi-boards-2013-01-23,7f600af792947488913192b249994f88b7913203077f58a45a0e7fff9382d923,retrieved_extracted,,2013-01-23,658,7f600af792947488913192b249994f88b7913203077f58a45a0e7fff9382d923,4,,0,worker_miner,1,1,,0,0,earnings_results,2,1,false,false,ambiguous_low_signal,Signals are insufficient for a defensible decision.,,,
DISC-MEDIA-0614,Reserve Bank Approves Sibanyes Buyout Of Lonmin,2018,Engineering News,https://www.engineeringnews.co.za/article/reserve-bank-approves-sibanyes-buyout-of-lonmin-2018-05-15,https://www.engineeringnews.co.za/article/reserve-bank-approves-sibanyes-buyout-of-lonmin-2018-05-15,f4a5a5898d9205af007a8513614c350494b9e634a67d916f3b44a7028781356c,retrieved_extracted,,2018-05-15,613,f4a5a5898d9205af007a8513614c350494b9e634a67d916f3b44a7028781356c,11,,0,union,1,1,,0,0,share_price;earnings_results;transaction;commodity_market,8,4,false,false,likely_routine_corporate_signal,Multiple corporate/financial signals with weak case-event/community evidence.,,,
DISC-MEDIA-0615,Resilient Lonmin Beats Guidance Ups Cash,2017,Engineering News,https://www.engineeringnews.co.za/article/resilient-lonmin-beats-guidance-ups-cash-2017-11-03,https://www.engineeringnews.co.za/article/resilient-lonmin-beats-guidance-ups-cash-2017-11-03,67db72a5645e9ed3679c8760ea24fef51058365933ee3dd26a62017f9851fb99,retrieved_extracted,,2017-11-03,938,67db72a5645e9ed3679c8760ea24fef51058365933ee3dd26a62017f9851fb99,8,,0,,0,0,,0,0,earnings_results;production_output;funding_debt;transaction;exploration_project;commodity_market,23,6,false,true,strong_routine_corporate_signal,Routine corporate/financial/production title and text with minimal labour/community evidence and no case term.,,,
DISC-MEDIA-0616,Resilient Lonmin Beats Guidance Ups Cash,2017,Engineering News,https://www.engineeringnews.co.za/article/resilient-lonmin-beats-guidance-ups-cash-2017-11-17,https://www.engineeringnews.co.za/article/resilient-lonmin-beats-guidance-ups-cash-2017-11-17,3c56f201c727bddfb6f29392048bd54360f02178a8dc03842991e4302cf6e936,retrieved_extracted,,2017-11-17,935,3c56f201c727bddfb6f29392048bd54360f02178a8dc03842991e4302cf6e936,8,,0,,0,0,,0,0,earnings_results;production_output;funding_debt;transaction;exploration_project;commodity_market,23,6,false,true,strong_routine_corporate_signal,Routine corporate/financial/production title and text with minimal labour/community evidence and no case term.,,,
DISC-MEDIA-0619,Retention Of Jobs Critical Following Sibanye Lonmin Deal Zwane,2017,Engineering News,https://www.engineeringnews.co.za/article/retention-of-jobs-critical-following-sibanye-lonmin-deal-zwane-2017-12-15,https://www.engineeringnews.co.za/article/retention-of-jobs-critical-following-sibanye-lonmin-deal-zwane-2017-12-15,868fca813c92dde03d67552cb2eeaa47ae7bd5b708c61e035d650af6d3c093c5,retrieved_extracted,,2017-12-15,350,868fca813c92dde03d67552cb2eeaa47ae7bd5b708c61e035d650af6d3c093c5,2,,0,,0,0,,0,0,earnings_results;transaction,3,2,false,false,ambiguous_low_signal,Signals are insufficient for a defensible decision.,,,
DISC-MEDIA-0622,Rock Drill Operator Dies At Lonmins K3 Shaft,2017,Engineering News,https://www.engineeringnews.co.za/article/rock-drill-operator-dies-at-lonmins-k3-shaft-2017-02-21,https://www.engineeringnews.co.za/article/rock-drill-operator-dies-at-lonmins-k3-shaft-2017-02-21,f6fdf30bd865d1bc09a8cbe3195512ac77f34d8f122b8e9db7bdfec1680625db,retrieved_extracted,,2017-02-21,385,f6fdf30bd865d1bc09a8cbe3195512ac77f34d8f122b8e9db7bdfec1680625db,4,,0,worker_miner;union,5,2,,0,0,earnings_results;exploration_project,4,2,false,false,ambiguous_low_signal,Signals are insufficient for a defensible decision.,,,
DISC-MEDIA-0623,Rosatom Partners To Trial Small Hydropower Plant At Lonmin,2016,Engineering News,https://www.engineeringnews.co.za/article/rosatom-partners-to-trial-small-hydropower-plant-at-lonmin-2016-07-22,https://www.engineeringnews.co.za/article/rosatom-partners-to-trial-small-hydropower-plant-at-lonmin-2016-07-22,fb225216f881f4b73cd58febf7830f5f3b4fa74e39be79d9290157eab194a9b1,retrieved_extracted,,2016-07-22,264,fb225216f881f4b73cd58febf7830f5f3b4fa74e39be79d9290157eab194a9b1,0,,0,,0,0,,0,0,earnings_results,2,1,false,false,ambiguous_low_signal,Signals are insufficient for a defensible decision.,,,
DISC-MEDIA-0632,Shaft Sinkers Secures 114M Contract At Lonmin,2013,Engineering News,https://www.engineeringnews.co.za/article/shaft-sinkers-secures-114m-contract-at-lonmin-2013-11-27,https://www.engineeringnews.co.za/article/shaft-sinkers-secures-114m-contract-at-lonmin-2013-11-27,90562d17ae5131bdc9f0f22ba5f52b3f75f9eec7202151bbb6e365743c4e3c0d,retrieved_extracted,,2013-11-27,441,90562d17ae5131bdc9f0f22ba5f52b3f75f9eec7202151bbb6e365743c4e3c0d,3,,0,worker_miner,1,1,,0,0,earnings_results;production_output;exploration_project,11,3,false,false,likely_routine_corporate_signal,Multiple corporate/financial signals with weak case-event/community evidence.,,,
DISC-MEDIA-0634,Sibanye Ceo Confident Of Lonmin Takeover Despite Cash Burn,2018,Engineering News,https://www.engineeringnews.co.za/article/sibanye-ceo-confident-of-lonmin-takeover-despite-cash-burn-2018-05-18,https://www.engineeringnews.co.za/article/sibanye-ceo-confident-of-lonmin-takeover-despite-cash-burn-2018-05-18,9320bcdc87dec25ed993551d219b14a8ec230c1c344c2ee729b2dd57777f42c5,retrieved_extracted,,2018-05-18,756,9320bcdc87dec25ed993551d219b14a8ec230c1c344c2ee729b2dd57777f42c5,9,,0,strike;worker_miner;wage,5,3,commission_inquiry,2,1,share_price;earnings_results;production_output;funding_debt;transaction;exploration_project,15,6,false,true,possible_substantive_case_context,Multiple labour/event or social/governance signals require direct substantive review.,,,
DISC-MEDIA-0636,Sibanye Expects Lonmin Competition Finality October,2018,Engineering News,https://www.engineeringnews.co.za/article/sibanye-expects-lonmin-competition-finality-october-2018-08-27,https://www.engineeringnews.co.za/article/sibanye-expects-lonmin-competition-finality-october-2018-08-27,1b2a66d9c54e25d635e71eabc3e8a18978d7094ebe7679f1501048e65a04b19f,retrieved_extracted,,2018-08-27,939,1b2a66d9c54e25d635e71eabc3e8a18978d7094ebe7679f1501048e65a04b19f,12,,0,,0,0,community;commission_inquiry,13,2,share_price;earnings_results;transaction;exploration_project;commodity_market,17,5,false,false,possible_substantive_case_context,Multiple labour/event or social/governance signals require direct substantive review.,,,
DISC-MEDIA-0638,Sibanye Highlights Lonmin Drdgold Deal Attractions At Denver,2018,Engineering News,https://www.engineeringnews.co.za/article/sibanye-highlights-lonmin-drdgold-deal-attractions-at-denver-2018-09-26,https://www.engineeringnews.co.za/article/sibanye-highlights-lonmin-drdgold-deal-attractions-at-denver-2018-09-26,d816885c542818371ab4064013ad258713dad3688a820ad924ce86013bdfbccc,retrieved_extracted,,2018-09-26,879,d816885c542818371ab4064013ad258713dad3688a820ad924ce86013bdfbccc,6,,0,,0,0,,0,0,earnings_results;production_output;funding_debt;transaction;exploration_project;commodity_market,22,6,false,false,likely_routine_corporate_signal,Multiple corporate/financial signals with weak case-event/community evidence.,,,
DISC-MEDIA-0639,Sibanye Highlights Lonmin Drdgold Deal Attractions At Denver,2018,Engineering News,https://www.engineeringnews.co.za/article/sibanye-highlights-lonmin-drdgold-deal-attractions-at-denver-2018-10-05,https://www.engineeringnews.co.za/article/sibanye-highlights-lonmin-drdgold-deal-attractions-at-denver-2018-10-05,67229446c6cf56c28e6c58ae54701711bedb3303d4ebcdbc94ece28a0c6cc4d2,retrieved_extracted,,2018-10-05,875,67229446c6cf56c28e6c58ae54701711bedb3303d4ebcdbc94ece28a0c6cc4d2,6,,0,,0,0,,0,0,earnings_results;production_output;funding_debt;transaction;exploration_project;commodity_market,22,6,false,false,likely_routine_corporate_signal,Multiple corporate/financial signals with weak case-event/community evidence.,,,
DISC-MEDIA-0641,Sibanye Increases Lonmin Offer,2019,Engineering News,https://www.engineeringnews.co.za/article/sibanye-increases-lonmin-offer-2019-04-25,https://www.engineeringnews.co.za/article/sibanye-increases-lonmin-offer-2019-04-25,55ebb6f1b55d00e76ce2d6af991836e22e4efbfb06e2e33b4dd773ee4f390cfc,retrieved_extracted,,2019-04-25,447,55ebb6f1b55d00e76ce2d6af991836e22e4efbfb06e2e33b4dd773ee4f390cfc,7,,0,worker_miner,1,1,,0,0,share_price;earnings_results,8,2,false,false,ambiguous_low_signal,Signals are insufficient for a defensible decision.,,,
DISC-MEDIA-0642,Sibanye Keeps Option To Increase Lonmin Offer Against Rival Bid,2019,Engineering News,https://www.engineeringnews.co.za/article/sibanye-keeps-option-to-increase-lonmin-offer-against-rival-bid-2019-05-20,https://www.engineeringnews.co.za/article/sibanye-keeps-option-to-increase-lonmin-offer-against-rival-bid-2019-05-20,a0823525045b55d10ded9ae3855f018e39c86705d663a46411cc1bafe9dbbd57,retrieved_extracted,,2019-05-20,648,a0823525045b55d10ded9ae3855f018e39c86705d663a46411cc1bafe9dbbd57,9,,0,worker_miner,1,1,,0,0,share_price;earnings_results;transaction;commodity_market,10,4,false,false,likely_routine_corporate_signal,Multiple corporate/financial signals with weak case-event/community evidence.,,,
DISC-MEDIA-0643,Sibanye Lonmin Extend Merger Longstop Date To June,2019,Engineering News,https://www.engineeringnews.co.za/article/sibanye-lonmin-extend-merger-longstop-date-to-june-2019-01-15,https://www.engineeringnews.co.za/article/sibanye-lonmin-extend-merger-longstop-date-to-june-2019-01-15,ab87135557e0dfa6efc07d97fc4292a4584fdaed79125334e4b2a5878ff2dd9a,retrieved_extracted,,2019-01-15,417,ab87135557e0dfa6efc07d97fc4292a4584fdaed79125334e4b2a5878ff2dd9a,5,,0,worker_miner;union,6,2,,0,0,share_price;earnings_results;transaction,6,3,false,true,ambiguous_low_signal,Signals are insufficient for a defensible decision.,,,
DISC-MEDIA-0644,Sibanye Lonmin Merger Enters Final Stretch As Amcu Appeal Is Dismissed,2019,Engineering News,https://www.engineeringnews.co.za/article/sibanye-lonmin-merger-enters-final-stretch-as-amcu-appeal-is-dismissed-2019-05-17,https://www.engineeringnews.co.za/article/sibanye-lonmin-merger-enters-final-stretch-as-amcu-appeal-is-dismissed-2019-05-17,c94122a498152a45f32f39b92e46070b1952569252c6da5a7e7ea715869e20d9,retrieved_extracted,,2019-05-17,764,c94122a498152a45f32f39b92e46070b1952569252c6da5a7e7ea715869e20d9,14,,0,strike;worker_miner;union,5,3,community,1,1,share_price;earnings_results;funding_debt;transaction,14,4,false,true,possible_substantive_case_context,Multiple labour/event or social/governance signals require direct substantive review.,,,
DISC-MEDIA-0645,Sibanye Lonmin Merger Hearing Postponed To November,2018,Engineering News,https://www.engineeringnews.co.za/article/sibanye-lonmin-merger-hearing-postponed-to-november-2018-10-17,https://www.engineeringnews.co.za/article/sibanye-lonmin-merger-hearing-postponed-to-november-2018-10-17,7472cdb9cf6f01088f106d6be997bd344dded583c6f83fe33fbc70fa11a927e3,retrieved_extracted,,2018-10-17,456,7472cdb9cf6f01088f106d6be997bd344dded583c6f83fe33fbc70fa11a927e3,6,,0,worker_miner,2,1,commission_inquiry,1,1,share_price;earnings_results;transaction;commodity_market,10,4,false,true,ambiguous_low_signal,Signals are insufficient for a defensible decision.,,,
DISC-MEDIA-0647,Sibanye Shareholders Vote In Favour Of Lonmin Takeover,2019,Engineering News,https://www.engineeringnews.co.za/article/sibanye-shareholders-vote-in-favour-of-lonmin-takeover-2019-05-28,https://www.engineeringnews.co.za/article/sibanye-shareholders-vote-in-favour-of-lonmin-takeover-2019-05-28,71e8d6a1de9f9d7c77e3f46356b40cb47175f9d5656ad29e515f412556ca2904,retrieved_extracted,,2019-05-28,472,71e8d6a1de9f9d7c77e3f46356b40cb47175f9d5656ad29e515f412556ca2904,10,,0,worker_miner,2,1,,0,0,share_price;earnings_results;transaction,9,3,false,true,strong_routine_corporate_signal,Routine corporate/financial/production title and text with minimal labour/community evidence and no case term.,,,
DISC-MEDIA-0648,Sibanye Stillwater Expects Lonmin Competition Finality In October,2018,Engineering News,https://www.engineeringnews.co.za/article/sibanye-stillwater-expects-lonmin-competition-finality-in-october-2018-08-27,https://www.engineeringnews.co.za/article/sibanye-stillwater-expects-lonmin-competition-finality-in-october-2018-08-27,258c973a6c5678ee886027110194d4cc7a3a29b949514848fb4e14d611eb2bb9,retrieved_extracted,,2018-08-27,940,258c973a6c5678ee886027110194d4cc7a3a29b949514848fb4e14d611eb2bb9,12,,0,,0,0,community;commission_inquiry,12,2,share_price;earnings_results;transaction;exploration_project;commodity_market,16,5,false,false,possible_substantive_case_context,Multiple labour/event or social/governance signals require direct substantive review.,,,
DISC-MEDIA-0650,Sibanye Stillwater To Acquire Embattled Lonmin In All Share Offer,2017,Engineering News,https://www.engineeringnews.co.za/article/sibanye-stillwater-to-acquire-embattled-lonmin-in-all-share-offer-2017-12-14,https://www.engineeringnews.co.za/article/sibanye-stillwater-to-acquire-embattled-lonmin-in-all-share-offer-2017-12-14,b9892834f1cbe860c528349fc2ba8afeb493eabf13b4937863f076cd452c1196,retrieved_extracted,,2017-12-14,1607,b9892834f1cbe860c528349fc2ba8afeb493eabf13b4937863f076cd452c1196,28,,0,,0,0,commission_inquiry,2,1,share_price;earnings_results;funding_debt;transaction;exploration_project;commodity_market,25,6,false,true,ambiguous_low_signal,Signals are insufficient for a defensible decision.,,,
DISC-MEDIA-0651,Sibanye Stillwater To Lonmins Rescue,2017,Engineering News,https://www.engineeringnews.co.za/article/sibanye-stillwater-to-lonmins-rescue-2017-12-19,https://www.engineeringnews.co.za/article/sibanye-stillwater-to-lonmins-rescue-2017-12-19,d0a5c7efd645add45569ad8a085a88a79b79e6ce051f7a07442b6438b5a339cb,retrieved_extracted,,2017-12-19,505,d0a5c7efd645add45569ad8a085a88a79b79e6ce051f7a07442b6438b5a339cb,5,,0,union,2,1,,0,0,earnings_results;transaction,6,2,false,false,ambiguous_low_signal,Signals are insufficient for a defensible decision.,,,
DISC-MEDIA-0653,Sibanye Wins Final Go Ahead For Lonmin Deal,2019,Engineering News,https://www.engineeringnews.co.za/article/sibanye-wins-final-go-ahead-for-lonmin-deal-2019-05-17,https://www.engineeringnews.co.za/article/sibanye-wins-final-go-ahead-for-lonmin-deal-2019-05-17,8f16504d10acd18a1ca8fc013f79b0b4657ef3ae8865defc3c448fda85c5c6ee,retrieved_extracted,,2019-05-17,351,8f16504d10acd18a1ca8fc013f79b0b4657ef3ae8865defc3c448fda85c5c6ee,3,,0,worker_miner;union,3,2,,0,0,earnings_results;transaction,3,2,false,false,ambiguous_low_signal,Signals are insufficient for a defensible decision.,,,
DISC-MEDIA-0657,Solidarity Concerned Over Loss Of Recognition At Lonmin,2017,Engineering News,https://www.engineeringnews.co.za/article/solidarity-concerned-over-loss-of-recognition-at-lonmin-2017-08-07,https://www.engineeringnews.co.za/article/solidarity-concerned-over-loss-of-recognition-at-lonmin-2017-08-07,8682a966236a234826ff9e6f1e1995b3bd1d63c25fa009576e74ca019e0a9278,retrieved_extracted,,2017-08-07,532,8682a966236a234826ff9e6f1e1995b3bd1d63c25fa009576e74ca019e0a9278,9,,0,worker_miner;union,19,2,,0,0,earnings_results,3,1,false,false,ambiguous_low_signal,Signals are insufficient for a defensible decision.,,,
DISC-MEDIA-0658,Solidarity Gears Up For Lonmin Strike,2013,Engineering News,https://www.engineeringnews.co.za/article/solidarity-gears-up-for-lonmin-strike-2013-08-19,https://www.engineeringnews.co.za/article/solidarity-gears-up-for-lonmin-strike-2013-08-19,1b88cc2f5e445540a24832008eb395a200480a3317463ff354f83dcd0786ca9b,retrieved_extracted,,2013-08-19,603,1b88cc2f5e445540a24832008eb395a200480a3317463ff354f83dcd0786ca9b,8,,0,strike;worker_miner;wage;union;protest_unrest,32,5,commission_inquiry,1,1,earnings_results;production_output,3,2,false,false,possible_substantive_case_context,Multiple labour/event or social/governance signals require direct substantive review.,,,
DISC-MEDIA-0660,Solidarity Requests Labour Court To Review Lonmins Withdrawal Of Solidaritys Rights Recognition,2017,Engineering News,https://www.engineeringnews.co.za/article/solidarity-requests-labour-court-to-review-lonmins-withdrawal-of-solidaritys-rights-recognition-2017-10-24,https://www.engineeringnews.co.za/article/solidarity-requests-labour-court-to-review-lonmins-withdrawal-of-solidaritys-rights-recognition-2017-10-24,3069faa67b1b6becdb54cd56052fcea8b2412abc05c84976d600dcd27b50c149,retrieved_extracted,,2017-10-24,706,3069faa67b1b6becdb54cd56052fcea8b2412abc05c84976d600dcd27b50c149,14,,0,strike;worker_miner;union,12,3,commission_inquiry,1,1,earnings_results,2,1,false,false,possible_substantive_case_context,Multiple labour/event or social/governance signals require direct substantive review.,,,
DISC-MEDIA-0664,Streaming To Lower Debt Lonmin On A Knife Edge Zambian Mining Cries Out,2015,Engineering News,https://www.engineeringnews.co.za/article/streaming-to-lower-debt-lonmin-on-a-knife-edge-zambian-mining-cries-out-2015-11-13,https://www.engineeringnews.co.za/article/streaming-to-lower-debt-lonmin-on-a-knife-edge-zambian-mining-cries-out-2015-11-13,a3f6cdf1cf405b9477d229bab5ed3afcfdf3e220682ba17d71887fc924a19856,retrieved_extracted,,2015-11-13,853,a3f6cdf1cf405b9477d229bab5ed3afcfdf3e220682ba17d71887fc924a19856,3,,0,worker_miner,1,1,,0,0,share_price;earnings_results;production_output;funding_debt;transaction;exploration_project,11,6,false,false,likely_routine_corporate_signal,Multiple corporate/financial signals with weak case-event/community evidence.,,,
DISC-MEDIA-0668,Thakadu To Build 14M Nickel Beneficiation Plant At Lonmin Refinery,2016,Engineering News,https://www.engineeringnews.co.za/article/thakadu-to-build-14m-nickel-beneficiation-plant-at-lonmin-refinery-2016-11-16,https://www.engineeringnews.co.za/article/thakadu-to-build-14m-nickel-beneficiation-plant-at-lonmin-refinery-2016-11-16,656b18354ccff198786705a6fb24b5ff13ad0b440b11bde71cda80aa55f95686,retrieved_extracted,,2016-11-16,861,656b18354ccff198786705a6fb24b5ff13ad0b440b11bde71cda80aa55f95686,9,,0,,0,0,,0,0,earnings_results;production_output;funding_debt;transaction;exploration_project;commodity_market,21,6,false,false,likely_routine_corporate_signal,Multiple corporate/financial signals with weak case-event/community evidence.,,,
DISC-MEDIA-0669,Thakadu To Build 14M Nickel Beneficiation Plant At Lonmin Refinery,2016,Engineering News,https://www.engineeringnews.co.za/article/thakadu-to-build-14m-nickel-beneficiation-plant-at-lonmin-refinery-2016-11-25,https://www.engineeringnews.co.za/article/thakadu-to-build-14m-nickel-beneficiation-plant-at-lonmin-refinery-2016-11-25,3e0aca1add64ed2fcc1c83ae8ecd5d1b357e4278d68ca395dafa69ddafe46709,retrieved_extracted,,2016-11-25,808,3e0aca1add64ed2fcc1c83ae8ecd5d1b357e4278d68ca395dafa69ddafe46709,9,,0,,0,0,,0,0,earnings_results;production_output;funding_debt;transaction;exploration_project;commodity_market,21,6,false,false,likely_routine_corporate_signal,Multiple corporate/financial signals with weak case-event/community evidence.,,,
DISC-MEDIA-0670,Tharisa Lonmin In Pgm Rich Metal Alloys Accord,2017,Engineering News,https://www.engineeringnews.co.za/article/tharisa-lonmin-in-pgm-rich-metal-alloys-accord-2017-08-31,https://www.engineeringnews.co.za/article/tharisa-lonmin-in-pgm-rich-metal-alloys-accord-2017-08-31,f71f1a0ec9be2bbe42cd30ef1e858a5a410eae4702e16d5e55075d77e89db73c,retrieved_extracted,,2017-08-31,565,f71f1a0ec9be2bbe42cd30ef1e858a5a410eae4702e16d5e55075d77e89db73c,6,,0,,0,0,commission_inquiry,1,1,share_price;earnings_results;production_output;exploration_project,7,4,false,false,ambiguous_low_signal,Signals are insufficient for a defensible decision.,,,
DISC-MEDIA-0671,Top Sibanye Holders Are Said To Show Support For Lonmin Deal,2018,Engineering News,https://www.engineeringnews.co.za/article/top-sibanye-holders-are-said-to-show-support-for-lonmin-deal-2018-09-03,https://www.engineeringnews.co.za/article/top-sibanye-holders-are-said-to-show-support-for-lonmin-deal-2018-09-03,7b7c19f190dae028874115c2b08bcef17930e58bb7a7d60b6a01757fc5e3611d,retrieved_extracted,,2018-09-03,799,7b7c19f190dae028874115c2b08bcef17930e58bb7a7d60b6a01757fc5e3611d,9,,0,worker_miner,2,1,,0,0,share_price;earnings_results;funding_debt;transaction,12,4,false,false,likely_routine_corporate_signal,Multiple corporate/financial signals with weak case-event/community evidence.,,,
DISC-MEDIA-0673,Tremendous Prospects For Pgms Thanks To Green Tech Lonmin Ceo,2016,Engineering News,https://www.engineeringnews.co.za/article/tremendous-prospects-for-pgms-thanks-to-green-tech-lonmin-ceo-2016-02-24,https://www.engineeringnews.co.za/article/tremendous-prospects-for-pgms-thanks-to-green-tech-lonmin-ceo-2016-02-24,b54f61e4dd338da39f190a5aa525caedbb3e07b66b468f14dfabaf2c2cce74c7,retrieved_extracted,,2016-02-24,796,b54f61e4dd338da39f190a5aa525caedbb3e07b66b468f14dfabaf2c2cce74c7,2,,0,,0,0,community,1,1,earnings_results;transaction,3,2,false,false,ambiguous_low_signal,Signals are insufficient for a defensible decision.,,,
DISC-MEDIA-0674,Tribunal Approves Sibanye Lonmin Merger Imposes 6 Month Moratorium On Retrenchments,2018,Engineering News,https://www.engineeringnews.co.za/article/tribunal-approves-sibanye-lonmin-merger-imposes-6-month-moratorium-on-retrenchments-2018-11-21,https://www.engineeringnews.co.za/article/tribunal-approves-sibanye-lonmin-merger-imposes-6-month-moratorium-on-retrenchments-2018-11-21,bd469379229593a9cc3e5c58797db128797998c4ad643dda47ed2ae4c856fb90,retrieved_extracted,,2018-11-21,614,bd469379229593a9cc3e5c58797db128797998c4ad643dda47ed2ae4c856fb90,8,,0,,0,0,commission_inquiry,1,1,earnings_results;transaction;commodity_market,5,3,false,true,ambiguous_low_signal,Signals are insufficient for a defensible decision.,,,
DISC-MEDIA-0675,Tribunal Approves Sibanye Lonmin Merger Imposes 6 Month Moratorium On Retrenchments,2018,Engineering News,https://www.engineeringnews.co.za/article/tribunal-approves-sibanye-lonmin-merger-imposes-6-month-moratorium-on-retrenchments-2018-11-30,https://www.engineeringnews.co.za/article/tribunal-approves-sibanye-lonmin-merger-imposes-6-month-moratorium-on-retrenchments-2018-11-30,b406120e356cb5dab6400531abf70630b6104339cf5e9aa55feaf33e1cb0a678,retrieved_extracted,,2018-11-30,588,b406120e356cb5dab6400531abf70630b6104339cf5e9aa55feaf33e1cb0a678,8,,0,,0,0,commission_inquiry,1,1,earnings_results;transaction;commodity_market,5,3,false,true,ambiguous_low_signal,Signals are insufficient for a defensible decision.,,,
DISC-MEDIA-0676,Tribunal To Consider Sibanye Lonmin Merger At Oct 18 Hearing,2018,Engineering News,https://www.engineeringnews.co.za/article/tribunal-to-consider-sibanye-lonmin-merger-at-oct-18-hearing-2018-10-09,https://www.engineeringnews.co.za/article/tribunal-to-consider-sibanye-lonmin-merger-at-oct-18-hearing-2018-10-09,33b9d6211fe13deebf014bd9ecaa3299b834e9df128cdffe9d197afd3f580320,retrieved_extracted,,2018-10-09,475,33b9d6211fe13deebf014bd9ecaa3299b834e9df128cdffe9d197afd3f580320,8,,0,worker_miner,1,1,commission_inquiry,1,1,share_price;earnings_results;transaction;commodity_market,11,4,false,true,ambiguous_low_signal,Signals are insufficient for a defensible decision.,,,
DISC-MEDIA-0678,Uk Regulatory Body Approves Sibanyes Acquisition Of Lonmin,2018,Engineering News,https://www.engineeringnews.co.za/article/uk-regulatory-body-approves-sibanyes-acquisition-of-lonmin-2018-06-28,https://www.engineeringnews.co.za/article/uk-regulatory-body-approves-sibanyes-acquisition-of-lonmin-2018-06-28,b0de2eeb946d6b7ca282f9c428e00ed9267c84a1645b8e6f38fddf088f391baa,retrieved_extracted,,2018-06-28,514,b0de2eeb946d6b7ca282f9c428e00ed9267c84a1645b8e6f38fddf088f391baa,6,,0,worker_miner,1,1,,0,0,share_price;earnings_results;transaction;commodity_market,11,4,false,true,strong_routine_corporate_signal,Routine corporate/financial/production title and text with minimal labour/community evidence and no case term.,,,
DISC-MEDIA-0682,Walkabout Buys Lonmins Northern Ireland Exploration Portfolio,2017,Engineering News,https://www.engineeringnews.co.za/article/walkabout-buys-lonmins-northern-ireland-exploration-portfolio-2017-11-15,https://www.engineeringnews.co.za/article/walkabout-buys-lonmins-northern-ireland-exploration-portfolio-2017-11-15,3d5335e536aff69b94d404d81f81b1d80200fc907a35af2a5032750b8079df53,retrieved_extracted,,2017-11-15,587,3d5335e536aff69b94d404d81f81b1d80200fc907a35af2a5032750b8079df53,5,,0,worker_miner,1,1,,0,0,earnings_results;production_output;transaction;exploration_project,21,4,false,false,likely_routine_corporate_signal,Multiple corporate/financial signals with weak case-event/community evidence.,,,
DISC-MEDIA-0685,Wesizwe Has Not Ruled Out Purchase Of Amplats Lonmin Implants Mines,2014,Engineering News,https://www.engineeringnews.co.za/article/wesizwe-has-not-ruled-out-purchase-of-amplats-lonmin-implants-mines-2014-05-30,https://www.engineeringnews.co.za/article/wesizwe-has-not-ruled-out-purchase-of-amplats-lonmin-implants-mines-2014-05-30,6278f1643b26bfd57b57b1707e2601286fb8d330e2efcb01503da428d6a684da,retrieved_extracted,,2014-05-30,1075,6278f1643b26bfd57b57b1707e2601286fb8d330e2efcb01503da428d6a684da,2,,0,worker_miner,1,1,,0,0,earnings_results;production_output;funding_debt;transaction;exploration_project;commodity_market,31,6,false,false,likely_routine_corporate_signal,Multiple corporate/financial signals with weak case-event/community evidence.,,,
DISC-MEDIA-0687,Workers At Lonmin Operations On Wildcat Strike,2013,Engineering News,https://www.engineeringnews.co.za/article/workers-at-lonmin-operations-on-wildcat-strike-2013-05-14,https://www.engineeringnews.co.za/article/workers-at-lonmin-operations-on-wildcat-strike-2013-05-14,da8c045c7bae325702d6ec5bd4b58726feda2634060c2101ee484352925b6b09,retrieved_extracted,,2013-05-14,347,da8c045c7bae325702d6ec5bd4b58726feda2634060c2101ee484352925b6b09,3,,0,strike;worker_miner;shooting_death;union,11,4,,0,0,earnings_results,2,1,false,false,possible_substantive_case_context,Multiple labour/event or social/governance signals require direct substantive review.,,,
