candidate_id,title,year,publication_date_from_url,publisher,url,prescreen_bucket,triage_status,acquisition_status,text_words,text_sha256,lonmin_mentions,case_terms,case_mentions_total,event_terms,event_mentions_total,event_distinct_terms,social_terms,social_mentions_total,social_distinct_terms,corporate_terms,corporate_mentions_total,corporate_distinct_terms,early_aug_oct_2012_window,title_has_routine_corporate_signal,title_has_case_process_signal,evidence_class,evidence_note,final_decision,final_reason_code,final_evidence_note
DISC-MEDIA-0001,Lonmins Killing Fields,2012,2012-08-14,Daily Maverick,https://www.dailymaverick.co.za/article/2012-08-14-lonmins-killing-fields/,lonmin_only_title_review,manual_review_lonmin_only_low_case_signal,acquired_extracted,1239,9254404f7b89655f987b7c3b57629c411ea0bf8d5f77463cd1d480f252c34e5f,11,,0,strike;worker_miner;police;shooting_death;wage;union;protest_unrest,89,7,housing,1,1,share_price;exploration_project,2,2,true,false,true,strong_early_2012_event_context,Contemporaneous Aug-Oct 2012 Lonmin coverage has multiple independent strike/worker/police/death/wage/union signals; the absence of the literal word Marikana is not treated as exclusion evidence.,,,
DISC-MEDIA-0002,Lonmin Mining Crisis Precarious Balance No Solution In Sight,2012,2012-08-15,Daily Maverick,https://www.dailymaverick.co.za/article/2012-08-15-lonmin-mining-crisis-precarious-balance-no-solution-in-sight/,lonmin_only_title_review,priority_manual_review_case_signal,acquired_extracted,960,fd6770776d9a301c37233ce5c2c349bd7c7d375334fa4780848a7e5b010fa719,14,marikana;wonderkop,4,strike;worker_miner;police;shooting_death;wage;union;protest_unrest,79,7,,0,0,share_price;earnings_results;production_output,4,3,true,false,false,strong_early_2012_event_context,Contemporaneous Aug-Oct 2012 Lonmin coverage has multiple independent strike/worker/police/death/wage/union signals; the absence of the literal word Marikana is not treated as exclusion evidence.,,,
DISC-MEDIA-0003,Beyond The Chaos At Marikana The Search For The Real Issues,2012,2012-08-17,Daily Maverick,https://www.dailymaverick.co.za/article/2012-08-17-beyond-the-chaos-at-marikana-the-search-for-the-real-issues/,explicit_case_title_review,priority_manual_review_case_signal,acquired_extracted,1623,9606e472faff2db47547a29decba97cd945d05887c7922965fc736f52626da3d,10,marikana;wonderkop,6,strike;worker_miner;police;shooting_death;wage;union;protest_unrest,66,7,,0,0,share_price;production_output;commodity_market,3,3,true,false,false,strong_early_2012_event_context,Contemporaneous Aug-Oct 2012 Lonmin coverage has multiple independent strike/worker/police/death/wage/union signals; the absence of the literal word Marikana is not treated as exclusion evidence.,,,
DISC-MEDIA-0004,Reporters Notebook Wonderkop Marikana Friday 17Th,2012,2012-08-17,Daily Maverick,https://www.dailymaverick.co.za/article/2012-08-17-reporters-notebook-wonderkop-marikana-friday-17th/,explicit_case_title_review,priority_manual_review_case_signal,acquired_extracted,914,54c0a23e29d4264abdabcd5ac8f525423ba45570f3cdadf78de8b47aff850d06,5,marikana;wonderkop,7,strike;worker_miner;police;shooting_death;wage;union,76,6,,0,0,,0,0,true,false,false,strong_early_2012_event_context,Contemporaneous Aug-Oct 2012 Lonmin coverage has multiple independent strike/worker/police/death/wage/union signals; the absence of the literal word Marikana is not treated as exclusion evidence.,,,
DISC-MEDIA-0005,Lonmin The Unacceptable Face Of Capitalism,2012,2012-08-20,Daily Maverick,https://www.dailymaverick.co.za/article/2012-08-20-lonmin-the-unacceptable-face-of-capitalism/,lonmin_only_title_review,priority_manual_review_case_signal,acquired_extracted,1180,31d82a7e6d3fc16ec83af98c5cc3fdfd62023e2d0ac3d14a18fa48c2b9c9d2b7,13,marikana,7,strike;worker_miner;police;shooting_death;wage;union,40,6,commission_inquiry,2,1,share_price;production_output;transaction;exploration_project,8,4,true,false,false,strong_early_2012_event_context,Contemporaneous Aug-Oct 2012 Lonmin coverage has multiple independent strike/worker/police/death/wage/union signals; the absence of the literal word Marikana is not treated as exclusion evidence.,,,
DISC-MEDIA-0006,Marikana Massacre Global Medias Focus On Tripartite Failures And The Growing Class Divide,2012,2012-08-20,Daily Maverick,https://www.dailymaverick.co.za/article/2012-08-20-marikana-massacre-global-medias-focus-on-tripartite-failures-and-the-growing-class-divide/,explicit_case_title_review,priority_manual_review_case_signal,acquired_extracted,974,651ece5c16401e6186e6a251fc7957be39dfc4389ff4a59fd403e05228513d6a,13,marikana,7,strike;worker_miner;police;shooting_death;wage;union;protest_unrest,63,7,justice_accountability,1,1,share_price;exploration_project,2,2,true,false,true,strong_early_2012_event_context,Contemporaneous Aug-Oct 2012 Lonmin coverage has multiple independent strike/worker/police/death/wage/union signals; the absence of the literal word Marikana is not treated as exclusion evidence.,,,
DISC-MEDIA-0007,Outrage At Marikana Massacre Grows Around The World,2012,2012-08-20,Daily Maverick,https://www.dailymaverick.co.za/article/2012-08-20-outrage-at-marikana-massacre-grows-around-the-world/,explicit_case_title_review,priority_manual_review_case_signal,acquired_extracted,971,8b8405a4d57b83102cbadf632384c2cff33f26569202853bd096b2bf37c07e54,4,marikana,1,strike;worker_miner;police;shooting_death;union;protest_unrest,42,6,housing;justice_accountability;commission_inquiry,4,3,earnings_results,1,1,true,false,true,strong_early_2012_event_context,Contemporaneous Aug-Oct 2012 Lonmin coverage has multiple independent strike/worker/police/death/wage/union signals; the absence of the literal word Marikana is not treated as exclusion evidence.,,,
DISC-MEDIA-0008,Analysis A Tough Future For Both Lonmin And Its Metal,2012,2012-08-21,Daily Maverick,https://www.dailymaverick.co.za/article/2012-08-21-analysis-a-tough-future-for-both-lonmin-and-its-metal/,lonmin_only_title_review,priority_manual_review_case_signal,acquired_extracted,1604,4e17d1334c46e89e432ae6f968932182d6a292b59bc31fa0ec45f46e1f9c32af,14,marikana,9,strike;worker_miner;police;shooting_death;wage;union;protest_unrest,59,7,community,2,1,share_price;production_output;funding_debt;exploration_project;commodity_market,19,5,true,false,false,strong_early_2012_event_context,Contemporaneous Aug-Oct 2012 Lonmin coverage has multiple independent strike/worker/police/death/wage/union signals; the absence of the literal word Marikana is not treated as exclusion evidence.,,,
DISC-MEDIA-0009,Marikana Where Is The Anc,2012,2012-08-21,Daily Maverick,https://www.dailymaverick.co.za/article/2012-08-21-marikana-where-is-the-anc/,explicit_case_title_review,priority_manual_review_case_signal,acquired_extracted,1424,16747d6b32df9387f8b74c85cd9af45e5ee230f955656356d3caa2979ab958ad,5,marikana;wonderkop,14,strike;worker_miner;police;shooting_death;union;protest_unrest,56,6,housing;community,5,2,share_price;transaction,2,2,true,false,false,strong_early_2012_event_context,Contemporaneous Aug-Oct 2012 Lonmin coverage has multiple independent strike/worker/police/death/wage/union signals; the absence of the literal word Marikana is not treated as exclusion evidence.,,,
DISC-MEDIA-0010,A World Away From Its Reality Marikana Dissected Used Abused,2012,2012-08-22,Daily Maverick,https://www.dailymaverick.co.za/article/2012-08-22-a-world-away-from-its-reality-marikana-dissected-used-abused/,explicit_case_title_review,priority_manual_review_case_signal,acquired_extracted,1515,10b8eba07b240e7cb7180992965b1e8805bab63d5fbabf17b8bbdc553503b014,5,marikana;wonderkop,12,strike;worker_miner;police;shooting_death;wage;union;protest_unrest,70,7,housing;community;justice_accountability;commission_inquiry,11,4,,0,0,true,false,false,strong_early_2012_event_context,Contemporaneous Aug-Oct 2012 Lonmin coverage has multiple independent strike/worker/police/death/wage/union signals; the absence of the literal word Marikana is not treated as exclusion evidence.,,,
DISC-MEDIA-0011,Marikana Cabinet Ministers Feel Full Force Of Striking Miners Fury,2012,2012-08-22,Daily Maverick,https://www.dailymaverick.co.za/article/2012-08-22-marikana-cabinet-ministers-feel-full-force-of-striking-miners-fury/,explicit_case_title_review,priority_manual_review_case_signal,acquired_extracted,1344,b7b3cecc06d1c30df1055cde48f5d828e04cb627a676cc729d6cd46e4a582c04,8,marikana;wonderkop,14,strike;worker_miner;police;shooting_death;wage;koppie,56,6,community;justice_accountability;commission_inquiry,5,3,transaction,1,1,true,false,true,strong_early_2012_event_context,Contemporaneous Aug-Oct 2012 Lonmin coverage has multiple independent strike/worker/police/death/wage/union signals; the absence of the literal word Marikana is not treated as exclusion evidence.,,,
DISC-MEDIA-0012,Marikana What Really Happened We May Never Know,2012,2012-08-23,Daily Maverick,https://www.dailymaverick.co.za/article/2012-08-23-marikana-what-really-happened-we-may-never-know/,explicit_case_title_review,priority_manual_review_case_signal,acquired_extracted,2523,7264233078cfd8892c258e65e2c3a5d0ad01803b939e9b97f6914107f71f7e4d,1,marikana;wonderkop,13,strike;worker_miner;police;shooting_death;wage;union;protest_unrest;koppie,126,8,community;commission_inquiry,9,2,,0,0,true,false,false,strong_case_context_supported,"A Marikana/Farlam/Wonderkop/Nkaneng/Bapo term is supported by event, labour, justice, community or governance context; the case term is not being treated as sufficient on its own.",,,
DISC-MEDIA-0013,Marikana Zuma Reclaims His Soul And His Presidency,2012,2012-08-23,Daily Maverick,https://www.dailymaverick.co.za/article/2012-08-23-marikana-zuma-reclaims-his-soul-and-his-presidency/,explicit_case_title_review,priority_manual_review_case_signal,acquired_extracted,1510,cf85b0a1ade474b32bfa7ca515c279705506c1a419ad492a5a789e76359f93a3,2,marikana,12,strike;worker_miner;police;shooting_death;wage;union;protest_unrest,45,7,housing;community;commission_inquiry,17,3,share_price;earnings_results,3,2,true,false,false,strong_case_context_supported,"A Marikana/Farlam/Wonderkop/Nkaneng/Bapo term is supported by event, labour, justice, community or governance context; the case term is not being treated as sufficient on its own.",,,
DISC-MEDIA-0014,Marxism Socialism And The Ghosts Of Marikana,2012,2012-08-23,Daily Maverick,https://www.dailymaverick.co.za/article/2012-08-23-marxism-socialism-and-the-ghosts-of-marikana/,explicit_case_title_review,priority_manual_review_case_signal,acquired_extracted,1706,f300c3268395275d54beeee691795c586de815fda9daa30017b9871ebdd8cbdf,4,marikana;wonderkop,11,worker_miner;police;shooting_death;wage;union,44,5,justice_accountability,2,1,transaction,1,1,true,false,false,strong_early_2012_event_context,Contemporaneous Aug-Oct 2012 Lonmin coverage has multiple independent strike/worker/police/death/wage/union signals; the absence of the literal word Marikana is not treated as exclusion evidence.,,,
DISC-MEDIA-0015,Reporters Notebook Num Drowned Out At Uj Meeting On Marikana,2012,2012-08-23,Daily Maverick,https://www.dailymaverick.co.za/article/2012-08-23-reporters-notebook-num-drowned-out-at-uj-meeting-on-marikana/,explicit_case_title_review,priority_manual_review_case_signal,acquired_extracted,1007,db3b80c9b63b8e1f23e31162fb3c424bcbd5e702d03d76ad502a68d7966b34a9,5,marikana;wonderkop,13,strike;worker_miner;police;shooting_death;wage;union;protest_unrest,39,7,commission_inquiry,1,1,exploration_project,1,1,true,false,true,strong_early_2012_event_context,Contemporaneous Aug-Oct 2012 Lonmin coverage has multiple independent strike/worker/police/death/wage/union signals; the absence of the literal word Marikana is not treated as exclusion evidence.,,,
DISC-MEDIA-0016,Royal Bafokeng Faces Miners Strike As Lonmin Fallout Spreads,2012,2012-08-23,Daily Maverick,https://www.dailymaverick.co.za/article/2012-08-23-royal-bafokeng-faces-miners-strike-as-lonmin-fallout-spreads/,lonmin_only_title_review,priority_manual_review_case_signal,acquired_extracted,1155,067b97306e1d60b4bb5027dce1686294d082649173aab0030f43d48e70333a9e,4,marikana;wonderkop,5,strike;worker_miner;police;shooting_death;wage;union;protest_unrest,44,7,,0,0,earnings_results;production_output;exploration_project;commodity_market,15,4,true,false,true,strong_early_2012_event_context,Contemporaneous Aug-Oct 2012 Lonmin coverage has multiple independent strike/worker/police/death/wage/union signals; the absence of the literal word Marikana is not treated as exclusion evidence.,,,
DISC-MEDIA-0017,Marikana One Week On Sas War With Itself For All To See,2012,2012-08-24,Daily Maverick,https://www.dailymaverick.co.za/article/2012-08-24-marikana-one-week-on-sas-war-with-itself-for-all-to-see/,explicit_case_title_review,priority_manual_review_case_signal,acquired_extracted,1607,d84ce1eb3a7af9e8ec4cdeb5fd5cbdcdf83ce0cd226261e01e240c928ba89a0a,4,marikana;farlam,13,strike;worker_miner;police;shooting_death;wage;union;protest_unrest,61,7,community;justice_accountability;commission_inquiry,15,3,production_output;exploration_project,3,2,true,false,false,strong_early_2012_event_context,Contemporaneous Aug-Oct 2012 Lonmin coverage has multiple independent strike/worker/police/death/wage/union signals; the absence of the literal word Marikana is not treated as exclusion evidence.,,,
DISC-MEDIA-0018,Marikana The Matter Of Embedded Journalism,2012,2012-08-24,Daily Maverick,https://www.dailymaverick.co.za/article/2012-08-24-marikana-the-matter-of-embedded-journalism/,explicit_case_title_review,priority_manual_review_case_signal,acquired_extracted,1702,cf889d8af1d409114a919105f3bfcdf200d1169281a7fc2daedae5c9d53e9cce,4,marikana,14,strike;worker_miner;police;shooting_death;union;protest_unrest,63,6,,0,0,earnings_results,1,1,true,false,false,strong_early_2012_event_context,Contemporaneous Aug-Oct 2012 Lonmin coverage has multiple independent strike/worker/police/death/wage/union signals; the absence of the literal word Marikana is not treated as exclusion evidence.,,,
DISC-MEDIA-0019,Num Takes Aim At Malema At Jhb Memorial Service For Marikana Victims,2012,2012-08-24,Daily Maverick,https://www.dailymaverick.co.za/article/2012-08-24-num-takes-aim-at-malema-at-jhb-memorial-service-for-marikana-victims/,explicit_case_title_review,priority_manual_review_case_signal,acquired_extracted,920,6ce9cbd8a7c8db6655b2eebaacdc8f87f90dba4cd066c0dffae3b0c75c628da8,4,marikana,17,strike;worker_miner;police;shooting_death;wage;union;protest_unrest,50,7,commission_inquiry,2,1,share_price;earnings_results;exploration_project,3,3,true,false,true,strong_early_2012_event_context,Contemporaneous Aug-Oct 2012 Lonmin coverage has multiple independent strike/worker/police/death/wage/union signals; the absence of the literal word Marikana is not treated as exclusion evidence.,,,
DISC-MEDIA-0020,Marikana Selebi And The Murder Of Sas Specialist Policing Skills,2012,2012-08-27,Daily Maverick,https://www.dailymaverick.co.za/article/2012-08-27-marikana-selebi-and-the-murder-of-sas-specialist-policing-skills/,explicit_case_title_review,priority_manual_review_case_signal,acquired_extracted,1731,3313f5c604227473b6536bf900afa7521cad537038088d6741faf9e7bfb90a8b,0,marikana,12,strike;worker_miner;police;shooting_death;protest_unrest,55,5,,0,0,earnings_results,1,1,true,false,false,strong_case_context_supported,"A Marikana/Farlam/Wonderkop/Nkaneng/Bapo term is supported by event, labour, justice, community or governance context; the case term is not being treated as sufficient on its own.",,,
DISC-MEDIA-0021,Marikana What Price Will Zuma Pay,2012,2012-08-27,Daily Maverick,https://www.dailymaverick.co.za/article/2012-08-27-marikana-what-price-will-zuma-pay/,explicit_case_title_review,priority_manual_review_case_signal,acquired_extracted,1436,282a27c40e95fbcf85b3ba4291b67c57a0bea4162602443ae50747777c71238f,4,marikana;farlam,13,strike;worker_miner;police;shooting_death;union;protest_unrest,46,6,commission_inquiry,7,1,,0,0,true,false,false,strong_early_2012_event_context,Contemporaneous Aug-Oct 2012 Lonmin coverage has multiple independent strike/worker/police/death/wage/union signals; the absence of the literal word Marikana is not treated as exclusion evidence.,,,
DISC-MEDIA-0022,Marikana Strike Continues New Tensions Evident,2012,2012-08-28,Daily Maverick,https://www.dailymaverick.co.za/article/2012-08-28-marikana-strike-continues-new-tensions-evident/,explicit_case_title_review,priority_manual_review_case_signal,acquired_extracted,901,2b3715ae2de2316045465e5b5387cb48a16bdd716bb3c9e234d76d10a033fe75,3,marikana;wonderkop,3,strike;worker_miner;police;shooting_death;wage;union;protest_unrest,38,7,justice_accountability,1,1,,0,0,true,false,true,strong_early_2012_event_context,Contemporaneous Aug-Oct 2012 Lonmin coverage has multiple independent strike/worker/police/death/wage/union signals; the absence of the literal word Marikana is not treated as exclusion evidence.,,,
DISC-MEDIA-0023,Marikana Survivors May Be Charged With Murdering Own Comrades,2012,2012-08-30,Daily Maverick,https://www.dailymaverick.co.za/article/2012-08-30-marikana-survivors-may-be-charged-with-murdering-own-comrades/,explicit_case_title_review,priority_manual_review_case_signal,acquired_extracted,978,b733a9ede0682e60f97d966d28f0a17273cab500ac48ea54ecb43f4cb4cf4a1a,1,marikana;wonderkop,9,worker_miner;police;shooting_death;protest_unrest,37,4,,0,0,,0,0,true,false,false,strong_case_context_supported,"A Marikana/Farlam/Wonderkop/Nkaneng/Bapo term is supported by event, labour, justice, community or governance context; the case term is not being treated as sufficient on its own.",,,
DISC-MEDIA-0024,Apartheid And The Marikana Murder Charges A Common Purpose Indeed,2012,2012-08-31,Daily Maverick,https://www.dailymaverick.co.za/article/2012-08-31-apartheid-and-the-marikana-murder-charges-a-common-purpose-indeed/,explicit_case_title_review,priority_manual_review_case_signal,acquired_extracted,1658,86d150c245dde26ed3cf090c2ebc31ba3c6035ad84a259018feed339fe0bcdbc,1,marikana,11,strike;worker_miner;police;shooting_death;protest_unrest,49,5,housing;justice_accountability,2,2,,0,0,true,false,false,strong_case_context_supported,"A Marikana/Farlam/Wonderkop/Nkaneng/Bapo term is supported by event, labour, justice, community or governance context; the case term is not being treated as sufficient on its own.",,,
DISC-MEDIA-0025,Far Away From Murder Fields Of Marikana A Funeral,2012,2012-09-03,Daily Maverick,https://www.dailymaverick.co.za/article/2012-09-03-far-away-from-murder-fields-of-marikana-a-funeral/,explicit_case_title_review,priority_manual_review_case_signal,acquired_extracted,941,8a36cd05468f054433e78dfcc21f0a681b21fa91ceb743c8e5de4702d144f034,2,marikana,3,strike;worker_miner;police;shooting_death;wage;union;koppie,36,7,housing,6,1,,0,0,true,false,false,strong_case_context_supported,"A Marikana/Farlam/Wonderkop/Nkaneng/Bapo term is supported by event, labour, justice, community or governance context; the case term is not being treated as sufficient on its own.",,,
DISC-MEDIA-0026,Marikana And Mangaung Where Tragedy And Political Theatre Meet,2012,2012-09-03,Daily Maverick,https://www.dailymaverick.co.za/article/2012-09-03-marikana-and-mangaung-where-tragedy-and-political-theatre-meet/,explicit_case_title_review,priority_manual_review_case_signal,acquired_extracted,1219,716c791799bc59f72176dbbdac50f98ffe3e133828b8108d98ab44daa51dc3de,4,marikana;farlam,11,strike;worker_miner;police;shooting_death;wage;union,34,6,housing;community;justice_accountability;commission_inquiry,20,4,,0,0,true,false,false,strong_early_2012_event_context,Contemporaneous Aug-Oct 2012 Lonmin coverage has multiple independent strike/worker/police/death/wage/union signals; the absence of the literal word Marikana is not treated as exclusion evidence.,,,
DISC-MEDIA-0027,Marikana Civil Society Demands Justice And Truth,2012,2012-09-03,Daily Maverick,https://www.dailymaverick.co.za/article/2012-09-03-marikana-civil-society-demands-justice-and-truth/,explicit_case_title_review,priority_manual_review_case_signal,acquired_extracted,1161,f2f3c22681293e4e6c1551642c2be4acb1aa89df314dc8ed9046678a9ca8b670,1,marikana;farlam,8,strike;worker_miner;police;shooting_death;wage;union;protest_unrest,44,7,community;justice_accountability;commission_inquiry,15,3,,0,0,true,false,true,strong_case_context_supported,"A Marikana/Farlam/Wonderkop/Nkaneng/Bapo term is supported by event, labour, justice, community or governance context; the case term is not being treated as sufficient on its own.",,,
DISC-MEDIA-0028,Marikana A Common Purpose For 162 Miners Freedom,2012,2012-09-04,Daily Maverick,https://www.dailymaverick.co.za/article/2012-09-04-marikana-a-common-purpose-for-162-miners-freedom/,explicit_case_title_review,priority_manual_review_case_signal,acquired_extracted,1971,e7a250809bfb2ab30950a3bea47b411f13159d192064d32615d1f91057f1a144,1,marikana,7,worker_miner;police;shooting_death;protest_unrest,52,4,justice_accountability;commission_inquiry,3,2,,0,0,true,false,true,strong_case_context_supported,"A Marikana/Farlam/Wonderkop/Nkaneng/Bapo term is supported by event, labour, justice, community or governance context; the case term is not being treated as sufficient on its own.",,,
DISC-MEDIA-0029,Marikana Freed Miners Speak Of Torture In Police Cells,2012,2012-09-04,Daily Maverick,https://www.dailymaverick.co.za/article/2012-09-04-marikana-freed-miners-speak-of-torture-in-police-cells/,explicit_case_title_review,priority_manual_review_case_signal,acquired_extracted,1054,606e92ddb00425988a4e40d2d2c9d91a62ea96272ae2aeaf978fc6283cb90727,1,marikana,3,strike;worker_miner;police;shooting_death;protest_unrest,41,5,justice_accountability,2,1,,0,0,true,false,true,strong_case_context_supported,"A Marikana/Farlam/Wonderkop/Nkaneng/Bapo term is supported by event, labour, justice, community or governance context; the case term is not being treated as sufficient on its own.",,,
DISC-MEDIA-0030,Lonmin Marikanas Near Total Stay Away,2012,2012-09-05,Daily Maverick,https://www.dailymaverick.co.za/article/2012-09-05-lonmin-marikanas-near-total-stay-away/,explicit_case_title_review,priority_manual_review_case_signal,acquired_extracted,712,7fd8b03c7abcadc109b61ff51d159fe84ada6c4c5427a72110be2e77615d0187,8,marikana;wonderkop,6,strike;worker_miner;police;shooting_death;wage,21,5,,0,0,earnings_results;production_output;funding_debt,7,3,true,false,false,strong_early_2012_event_context,Contemporaneous Aug-Oct 2012 Lonmin coverage has multiple independent strike/worker/police/death/wage/union signals; the absence of the literal word Marikana is not treated as exclusion evidence.,,,
DISC-MEDIA-0031,Marikana Tide Is Turning Against Police As Miners Lay Charge Of Torture,2012,2012-09-05,Daily Maverick,https://www.dailymaverick.co.za/article/2012-09-05-marikana-tide-is-turning-against-police-as-miners-lay-charge-of-torture/,explicit_case_title_review,priority_manual_review_case_signal,acquired_extracted,499,cfd08c12dac7e6f867a07efd03e16fb6e725202bd80f5deccc6a1fe4982823c5,0,marikana,3,worker_miner;police;shooting_death;protest_unrest,14,4,justice_accountability,2,1,,0,0,true,false,true,strong_case_context_supported,"A Marikana/Farlam/Wonderkop/Nkaneng/Bapo term is supported by event, labour, justice, community or governance context; the case term is not being treated as sufficient on its own.",,,
DISC-MEDIA-0032,Farlam Commission Finding Truths In The Marikana Labyrinth,2012,2012-09-06,Daily Maverick,https://www.dailymaverick.co.za/article/2012-09-06-farlam-commission-finding-truths-in-the-marikana-labyrinth/,explicit_case_title_review,priority_manual_review_case_signal,acquired_extracted,1362,64181a66bcf0f5624a0558a56a730d26b6b98670eec5b6c1f623218b51ddb818,3,marikana;farlam,8,worker_miner;police;shooting_death;union;protest_unrest,34,5,community;justice_accountability;commission_inquiry,35,3,earnings_results,1,1,true,false,true,strong_early_2012_event_context,Contemporaneous Aug-Oct 2012 Lonmin coverage has multiple independent strike/worker/police/death/wage/union signals; the absence of the literal word Marikana is not treated as exclusion evidence.,,,
DISC-MEDIA-0033,Marikana A Mining Town On Edge,2012,2012-09-06,Daily Maverick,https://www.dailymaverick.co.za/article/2012-09-06-marikana-a-mining-town-on-edge/,explicit_case_title_review,priority_manual_review_case_signal,acquired_extracted,1043,686e75f7c8a51d47ecc4c11186ba770538e5d49b4e9bcf7d39ee7f4a98fc4881,10,marikana;bapo,14,strike;worker_miner;police;wage,34,4,housing,1,1,production_output;funding_debt;transaction;exploration_project,5,4,true,false,false,strong_early_2012_event_context,Contemporaneous Aug-Oct 2012 Lonmin coverage has multiple independent strike/worker/police/death/wage/union signals; the absence of the literal word Marikana is not treated as exclusion evidence.,,,
DISC-MEDIA-0034,Marikana How Much Will It Cost South Africa,2012,2012-09-06,Daily Maverick,https://www.dailymaverick.co.za/article/2012-09-06-marikana-how-much-will-it-cost-south-africa/,explicit_case_title_review,priority_manual_review_case_signal,acquired_extracted,1232,fd6df1c9a6e99d3c00e987c791f5d8211460c24a743b3e45e9fed30b2b17fe3a,1,marikana,11,strike;worker_miner;shooting_death;union,19,4,housing;community;justice_accountability,3,3,share_price;earnings_results;production_output;funding_debt;transaction;commodity_market,8,6,true,false,false,strong_case_context_supported,"A Marikana/Farlam/Wonderkop/Nkaneng/Bapo term is supported by event, labour, justice, community or governance context; the case term is not being treated as sufficient on its own.",,,
DISC-MEDIA-0035,Marikana Strikers Send Down Tools Or Else Message To Remaining Lonmin Employees,2012,2012-09-06,Daily Maverick,https://www.dailymaverick.co.za/article/2012-09-06-marikana-strikers-send-down-tools-or-else-message-to-remaining-lonmin-employees/,explicit_case_title_review,priority_manual_review_case_signal,acquired_extracted,958,a4e8c259bd097703d7ec9091ea7d635406e9ca10f70f524b9405feacf9948c62,8,marikana;wonderkop,10,strike;worker_miner;police;shooting_death;wage;koppie,40,6,,0,0,earnings_results;production_output;funding_debt,4,3,true,false,false,strong_early_2012_event_context,Contemporaneous Aug-Oct 2012 Lonmin coverage has multiple independent strike/worker/police/death/wage/union signals; the absence of the literal word Marikana is not treated as exclusion evidence.,,,
DISC-MEDIA-0036,Marikana The Investigations Integrity Compromised As Small Koppies Crime Scene Defaced,2012,2012-09-07,Daily Maverick,https://www.dailymaverick.co.za/article/2012-09-07-marikana-the-investigations-integrity-compromised-as-small-koppies-crime-scene-defaced/,explicit_case_title_review,priority_manual_review_case_signal,acquired_extracted,1344,36a2eb106f4c112dc4eea0b77ec225183c965f36c05c1dd1ea9c2026c5bd2cf0,0,marikana;wonderkop,5,police;shooting_death;koppie,27,3,justice_accountability,1,1,,0,0,true,false,false,strong_case_context_supported,"A Marikana/Farlam/Wonderkop/Nkaneng/Bapo term is supported by event, labour, justice, community or governance context; the case term is not being treated as sufficient on its own.",,,
DISC-MEDIA-0037,Analysis The Worthless Marikana Peace Accord,2012,2012-09-10,Daily Maverick,https://www.dailymaverick.co.za/article/2012-09-10-analysis-the-worthless-marikana-peace-accord/,explicit_case_title_review,priority_manual_review_case_signal,acquired_extracted,1151,0d72b132c265764956bbef0285d861a8b13c08c5131c36b585875d22689c7e4b,13,marikana,6,strike;worker_miner;police;shooting_death;wage;union;protest_unrest,73,7,housing;commission_inquiry,2,2,production_output;exploration_project,3,2,true,false,false,strong_early_2012_event_context,Contemporaneous Aug-Oct 2012 Lonmin coverage has multiple independent strike/worker/police/death/wage/union signals; the absence of the literal word Marikana is not treated as exclusion evidence.,,,
DISC-MEDIA-0038,Marikana Gift Of The Givers Brings Food To Striking Miners,2012,2012-09-10,Daily Maverick,https://www.dailymaverick.co.za/article/2012-09-10-marikana-gift-of-the-givers-brings-food-to-striking-miners/,explicit_case_title_review,priority_manual_review_case_signal,acquired_extracted,1320,5ca037778e23f027fa9ccfe940a7e0fa1ba522db214b508b85bc8b36505c8de6,13,marikana,10,strike;worker_miner;police;shooting_death;wage;union;protest_unrest,30,7,housing;community;justice_accountability,5,3,funding_debt,5,1,true,false,true,strong_early_2012_event_context,Contemporaneous Aug-Oct 2012 Lonmin coverage has multiple independent strike/worker/police/death/wage/union signals; the absence of the literal word Marikana is not treated as exclusion evidence.,,,
DISC-MEDIA-0039,Plotting Sas Post Marikana Scenarios Grim Pictures Dominate,2012,2012-09-11,Daily Maverick,https://www.dailymaverick.co.za/article/2012-09-11-plotting-sas-post-marikana-scenarios-grim-pictures-dominate/,explicit_case_title_review,priority_manual_review_case_signal,acquired_extracted,1284,e68605f158399db06d1b457f3a8cb631139bebeb427c0a5b381eb471aca380c3,5,marikana,11,strike;worker_miner;police;shooting_death;wage;union;protest_unrest,27,7,housing;community,2,2,,0,0,true,false,false,strong_early_2012_event_context,Contemporaneous Aug-Oct 2012 Lonmin coverage has multiple independent strike/worker/police/death/wage/union signals; the absence of the literal word Marikana is not treated as exclusion evidence.,,,
DISC-MEDIA-0040,Reporters Notebook A Day In Marikanas Theatre Of The Absurd,2012,2012-09-11,Daily Maverick,https://www.dailymaverick.co.za/article/2012-09-11-reporters-notebook-a-day-in-marikanas-theatre-of-the-absurd/,explicit_case_title_review,priority_manual_review_case_signal,acquired_extracted,867,f01388feb01c7e607ed7da1e93c2a3011d550ce1774d6460d31824054b8d79ec,5,marikana;wonderkop,3,strike;worker_miner;police;union;protest_unrest,26,5,community;commission_inquiry,2,2,transaction,1,1,true,false,false,strong_early_2012_event_context,Contemporaneous Aug-Oct 2012 Lonmin coverage has multiple independent strike/worker/police/death/wage/union signals; the absence of the literal word Marikana is not treated as exclusion evidence.,,,
DISC-MEDIA-0041,A Possible Way Out Of The Marikana Stand Off,2012,2012-09-13,Daily Maverick,https://www.dailymaverick.co.za/article/2012-09-13-a-possible-way-out-of-the-marikana-stand-off/,explicit_case_title_review,priority_manual_review_case_signal,acquired_extracted,677,e5229dbf623d5d5a1ab043e66b514f3ace8bde3f2ebef5138059a503ea132cda,3,marikana,3,strike;worker_miner;police;wage;union;protest_unrest,31,6,,0,0,,0,0,true,false,false,strong_early_2012_event_context,Contemporaneous Aug-Oct 2012 Lonmin coverage has multiple independent strike/worker/police/death/wage/union signals; the absence of the literal word Marikana is not treated as exclusion evidence.,,,
DISC-MEDIA-0042,Reporters Marikana Notebook The Governments Clenched Fist,2012,2012-09-14,Daily Maverick,https://www.dailymaverick.co.za/article/2012-09-14-reporters-marikana-notebook-the-governments-clenched-fist/,explicit_case_title_review,priority_manual_review_case_signal,acquired_extracted,897,10bcedf6267f828fb1b315dee17c62743ec586c5bf587bed023552745b531a14,1,marikana,6,strike;worker_miner;police;shooting_death;wage;protest_unrest,27,6,justice_accountability;commission_inquiry,3,2,,0,0,true,false,false,strong_case_context_supported,"A Marikana/Farlam/Wonderkop/Nkaneng/Bapo term is supported by event, labour, justice, community or governance context; the case term is not being treated as sufficient on its own.",,,
DISC-MEDIA-0043,How Sam The Banana Man Zemurray Explains Capitalism And Marikana,2012,2012-09-17,Daily Maverick,https://www.dailymaverick.co.za/article/2012-09-17-how-sam-the-banana-man-zemurray-explains-capitalism-and-marikana/,explicit_case_title_review,priority_manual_review_case_signal,acquired_extracted,1383,604590fbf4f4dfef510ff47e1bae7544fd7d278ac4f30c534aff50120585fb9f,0,marikana,1,shooting_death;wage;union,6,3,housing,2,1,share_price;funding_debt;transaction;commodity_market,10,4,true,false,false,strong_case_context_supported,"A Marikana/Farlam/Wonderkop/Nkaneng/Bapo term is supported by event, labour, justice, community or governance context; the case term is not being treated as sufficient on its own.",,,
DISC-MEDIA-0044,In Embracing Marikana The Sacc Revitalises Itself,2012,2012-09-17,Daily Maverick,https://www.dailymaverick.co.za/article/2012-09-17-in-embracing-marikana-the-sacc-revitalises-itself/,explicit_case_title_review,priority_manual_review_case_signal,acquired_extracted,1208,21247439bebf350ad7c3f7ef13f357cbe7610bae034c12fcb5d2eab08bd99fea,6,marikana;nkaneng,18,strike;worker_miner;police;shooting_death;union;protest_unrest,32,6,housing,1,1,funding_debt;exploration_project,2,2,true,false,false,strong_early_2012_event_context,Contemporaneous Aug-Oct 2012 Lonmin coverage has multiple independent strike/worker/police/death/wage/union signals; the absence of the literal word Marikana is not treated as exclusion evidence.,,,
DISC-MEDIA-0045,In The Wake Of Marikana Anc Pushing A Self Destruct Button,2012,2012-09-17,Daily Maverick,https://www.dailymaverick.co.za/article/2012-09-17-in-the-wake-of-marikana-anc-pushing-a-self-destruct-button/,explicit_case_title_review,priority_manual_review_case_signal,acquired_extracted,1063,ebb27ac0959db46c2a7260a68938565802a935b07ddc2a2749d7d5f515a466ff,2,marikana;nkaneng,8,strike;worker_miner;police;shooting_death;union;protest_unrest,29,6,housing;community;justice_accountability;commission_inquiry,9,4,,0,0,true,false,false,strong_case_context_supported,"A Marikana/Farlam/Wonderkop/Nkaneng/Bapo term is supported by event, labour, justice, community or governance context; the case term is not being treated as sufficient on its own.",,,
DISC-MEDIA-0046,Marikana Notebook A Thin Line Between Fear And Hate,2012,2012-09-17,Daily Maverick,https://www.dailymaverick.co.za/article/2012-09-17-marikana-notebook-a-thin-line-between-fear-and-hate/,explicit_case_title_review,priority_manual_review_case_signal,acquired_extracted,1408,426241a4e004f28406d7b1d453406e7416ec16f2090e87eaa82325ef2727720c,1,marikana;wonderkop;nkaneng,8,strike;worker_miner;police;shooting_death;protest_unrest;koppie,38,6,housing;community,7,2,,0,0,true,false,false,strong_case_context_supported,"A Marikana/Farlam/Wonderkop/Nkaneng/Bapo term is supported by event, labour, justice, community or governance context; the case term is not being treated as sufficient on its own.",,,
DISC-MEDIA-0047,Preview Cosatu Congress Haunted By The Pall Of Marikana,2012,2012-09-17,Daily Maverick,https://www.dailymaverick.co.za/article/2012-09-17-preview-cosatu-congress-haunted-by-the-pall-of-marikana/,explicit_case_title_review,priority_manual_review_case_signal,acquired_extracted,1212,354363be82e87d3aac9ef45f653b393f316adc4c05b711f58ff9d47faddd5ed0,2,marikana,4,strike;worker_miner;shooting_death;wage;union;protest_unrest,36,6,justice_accountability,1,1,transaction,1,1,true,false,false,strong_case_context_supported,"A Marikana/Farlam/Wonderkop/Nkaneng/Bapo term is supported by event, labour, justice, community or governance context; the case term is not being treated as sufficient on its own.",,,
DISC-MEDIA-0048,Reporters Marikana Notebook Police Intimidation 1 Abandoned Community 0,2012,2012-09-17,Daily Maverick,https://www.dailymaverick.co.za/article/2012-09-17-reporters-marikana-notebook-police-intimidation-1-abandoned-community-0/,explicit_case_title_review,priority_manual_review_case_signal,acquired_extracted,1073,6771d1e5f8c50c0e07699ed40bb2b6fca7ca263bd19c8727dae6c097cd4b8ac6,1,marikana;nkaneng,9,strike;worker_miner;police;shooting_death;protest_unrest;koppie,25,6,housing;justice_accountability,3,2,,0,0,true,false,true,strong_case_context_supported,"A Marikana/Farlam/Wonderkop/Nkaneng/Bapo term is supported by event, labour, justice, community or governance context; the case term is not being treated as sufficient on its own.",,,
DISC-MEDIA-0049,Cosatu Congress Allies Talk About Marikana And The Enemies Of The Struggle,2012,2012-09-18,Daily Maverick,https://www.dailymaverick.co.za/article/2012-09-18-cosatu-congress-allies-talk-about-marikana-and-the-enemies-of-the-struggle/,explicit_case_title_review,priority_manual_review_case_signal,acquired_extracted,1049,d1aaa6a568ead7103d91899c70a1e6304f662b6f7cd1a0d84ecef0e4bec9f0bc,3,marikana;nkaneng,16,strike;worker_miner;police;shooting_death;union;protest_unrest,40,6,housing;community,2,2,funding_debt,1,1,true,false,false,strong_early_2012_event_context,Contemporaneous Aug-Oct 2012 Lonmin coverage has multiple independent strike/worker/police/death/wage/union signals; the absence of the literal word Marikana is not treated as exclusion evidence.,,,
DISC-MEDIA-0050,Cosatu On Marikana 10 It Was Brute Force Cosatu On Marikana 20 It Was Not Brute Force,2012,2012-09-18,Daily Maverick,https://www.dailymaverick.co.za/article/2012-09-18-cosatu-on-marikana-10-it-was-brute-force-cosatu-on-marikana-20-it-was-not-brute-force/,explicit_case_title_review,priority_manual_review_case_signal,acquired_extracted,1369,6940f7c557b0cc91ff99e1d2f65b594d9d44b3df72f01e225f8288fb2337d750,2,marikana,14,strike;worker_miner;police;shooting_death;union;protest_unrest,59,6,community;commission_inquiry,7,2,transaction,1,1,true,false,false,strong_case_context_supported,"A Marikana/Farlam/Wonderkop/Nkaneng/Bapo term is supported by event, labour, justice, community or governance context; the case term is not being treated as sufficient on its own.",,,
DISC-MEDIA-0051,Marikana Malemas Police Sponsored Exit,2012,2012-09-18,Daily Maverick,https://www.dailymaverick.co.za/article/2012-09-18-marikana-malemas-police-sponsored-exit/,explicit_case_title_review,priority_manual_review_case_signal,acquired_extracted,980,e17e8b27d7038d71a551b50017ef581712dd4bcc276c58836ae23ea7c6150e40,2,marikana;wonderkop;nkaneng,11,strike;worker_miner;police;shooting_death;wage;protest_unrest;koppie,47,7,community;commission_inquiry,2,2,,0,0,true,false,true,strong_case_context_supported,"A Marikana/Farlam/Wonderkop/Nkaneng/Bapo term is supported by event, labour, justice, community or governance context; the case term is not being treated as sufficient on its own.",,,
DISC-MEDIA-0052,Marikana Social Scientists Seek Understanding And Demand Justice,2012,2012-09-18,Daily Maverick,https://www.dailymaverick.co.za/article/2012-09-18-marikana-social-scientists-seek-understanding-and-demand-justice/,explicit_case_title_review,priority_manual_review_case_signal,acquired_extracted,859,c3a7bc242715e03acbd3af48a19d32ba51df815f86cf9d2470c6960cc3cd02a1,1,marikana,10,strike;worker_miner;police;shooting_death;protest_unrest;koppie,17,6,community;justice_accountability,2,2,,0,0,true,false,true,strong_case_context_supported,"A Marikana/Farlam/Wonderkop/Nkaneng/Bapo term is supported by event, labour, justice, community or governance context; the case term is not being treated as sufficient on its own.",,,
DISC-MEDIA-0053,Marikana The Strike Ends Now What,2012,2012-09-19,Daily Maverick,https://www.dailymaverick.co.za/article/2012-09-19-marikana-the-strike-ends-now-what/,explicit_case_title_review,priority_manual_review_case_signal,acquired_extracted,1190,58a7c234ec625fbb478fc66d220a302b41054e908b444e986b09ee26920fa515,8,marikana,10,strike;worker_miner;police;wage;union;protest_unrest,60,6,,0,0,earnings_results;production_output,2,2,true,false,true,strong_early_2012_event_context,Contemporaneous Aug-Oct 2012 Lonmin coverage has multiple independent strike/worker/police/death/wage/union signals; the absence of the literal word Marikana is not treated as exclusion evidence.,,,
DISC-MEDIA-0054,Marikana The Strike Might Be Over But The Struggle Continues,2012,2012-09-19,Daily Maverick,https://www.dailymaverick.co.za/article/2012-09-19-marikana-the-strike-might-be-over-but-the-struggle-continues/,explicit_case_title_review,priority_manual_review_case_signal,acquired_extracted,1095,8ee7c9684780754573194451d844564ff34a01aef8d390a4a0f74c29ee08574e,7,marikana;wonderkop,25,strike;worker_miner;police;shooting_death;wage;union,41,6,community;justice_accountability;commission_inquiry,12,3,commodity_market,1,1,true,false,true,strong_early_2012_event_context,Contemporaneous Aug-Oct 2012 Lonmin coverage has multiple independent strike/worker/police/death/wage/union signals; the absence of the literal word Marikana is not treated as exclusion evidence.,,,
DISC-MEDIA-0055,Cosatu Congress Battling The Rupture Of Mangaung And The Curse Of Marikana,2012,2012-09-20,Daily Maverick,https://www.dailymaverick.co.za/article/2012-09-20-cosatu-congress-battling-the-rupture-of-mangaung-and-the-curse-of-marikana/,explicit_case_title_review,priority_manual_review_case_signal,acquired_extracted,1310,6e52dad8d762afd68f5890ca3beafc6c03b3c904a45d3eb3b37e271a46ec24dc,3,marikana,5,strike;worker_miner;wage;union,38,4,,0,0,,0,0,true,false,false,strong_early_2012_event_context,Contemporaneous Aug-Oct 2012 Lonmin coverage has multiple independent strike/worker/police/death/wage/union signals; the absence of the literal word Marikana is not treated as exclusion evidence.,,,
DISC-MEDIA-0056,Marikana The Next Goal For The Workers Split From Num,2012,2012-09-20,Daily Maverick,https://www.dailymaverick.co.za/article/2012-09-20-marikana-the-next-goal-for-the-workers-split-from-num/,explicit_case_title_review,priority_manual_review_case_signal,acquired_extracted,1071,df40de08ca0c30afd66863c5c7411b170451d178f90a0324c2bcfc6f061b2ebb,13,marikana;wonderkop,12,strike;worker_miner;shooting_death;wage;union;protest_unrest,68,6,,0,0,exploration_project,1,1,true,false,true,strong_early_2012_event_context,Contemporaneous Aug-Oct 2012 Lonmin coverage has multiple independent strike/worker/police/death/wage/union signals; the absence of the literal word Marikana is not treated as exclusion evidence.,,,
DISC-MEDIA-0057,Marikanas Theatre Of The Absurd Claims Another Life,2012,2012-09-20,Daily Maverick,https://www.dailymaverick.co.za/article/2012-09-20-marikanas-theatre-of-the-absurd-claims-another-life/,explicit_case_title_review,priority_manual_review_case_signal,acquired_extracted,1474,11f9e3a6861eecbeb557858a34e42fc4b6fb6832abb77624105b2af1b3415e4f,6,marikana;wonderkop;nkaneng,30,strike;worker_miner;police;shooting_death;union;protest_unrest,53,6,housing;community;justice_accountability,8,3,,0,0,true,false,false,strong_early_2012_event_context,Contemporaneous Aug-Oct 2012 Lonmin coverage has multiple independent strike/worker/police/death/wage/union signals; the absence of the literal word Marikana is not treated as exclusion evidence.,,,
DISC-MEDIA-0058,Bring On The Sanctions Bishop Paul Verryn On Marikana And Poverty,2012,2012-09-21,Daily Maverick,https://www.dailymaverick.co.za/article/2012-09-21-bring-on-the-sanctions-bishop-paul-verryn-on-marikana-and-poverty/,explicit_case_title_review,priority_manual_review_case_signal,acquired_extracted,856,da99edd1fa5922d423c733efeb1e03fb31a7c44ec691f199488679bc318e3b37,0,marikana;wonderkop;nkaneng,16,worker_miner;police;shooting_death;protest_unrest,15,4,community;justice_accountability,4,2,earnings_results,1,1,true,false,false,strong_case_context_supported,"A Marikana/Farlam/Wonderkop/Nkaneng/Bapo term is supported by event, labour, justice, community or governance context; the case term is not being treated as sufficient on its own.",,,
DISC-MEDIA-0059,The Marikana Effect A Sharp Drop For The Anc In Septembers By Elections,2012,2012-09-21,Daily Maverick,https://www.dailymaverick.co.za/article/2012-09-21-the-marikana-effect-a-sharp-drop-for-the-anc-in-septembers-by-elections/,explicit_case_title_review,manual_review_title_text_mismatch,acquired_extracted,839,609700f7d8c1536c58ee99792f228cb4a4c692b845cfd57096985c62042a8cb4,0,,0,shooting_death;protest_unrest,2,2,,0,0,share_price;earnings_results;commodity_market,12,3,true,false,false,ambiguous_low_signal,Automated evidence signals are insufficient for a defensible inclusion/exclusion decision.,,,
DISC-MEDIA-0060,Marikana Putting Words To Tragedy,2012,2012-09-24,Daily Maverick,https://www.dailymaverick.co.za/article/2012-09-24-marikana-putting-words-to-tragedy/,explicit_case_title_review,priority_manual_review_case_signal,acquired_extracted,2172,504685368132852992ee9bea843b8e3d1fc405964c1cbc26a40f4c55e75a5794,1,marikana,18,strike;worker_miner;police;shooting_death;wage;union;protest_unrest,43,7,justice_accountability,1,1,share_price;funding_debt;transaction;exploration_project,6,4,true,false,false,strong_case_context_supported,"A Marikana/Farlam/Wonderkop/Nkaneng/Bapo term is supported by event, labour, justice, community or governance context; the case term is not being treated as sufficient on its own.",,,
DISC-MEDIA-0061,Marikana Shaky Start For The Farlam Commission,2012,2012-10-02,Daily Maverick,https://www.dailymaverick.co.za/article/2012-10-02-marikana-shaky-start-for-the-farlam-commission/,explicit_case_title_review,priority_manual_review_case_signal,acquired_extracted,1070,23b675326f399b8b81790b9b3d9380c6b2d2a5de3e015cb4a0b3ea8d00b89a1f,2,marikana;farlam,15,strike;worker_miner;police;shooting_death;union;protest_unrest,17,6,commission_inquiry,26,1,earnings_results,1,1,true,false,true,strong_case_context_supported,"A Marikana/Farlam/Wonderkop/Nkaneng/Bapo term is supported by event, labour, justice, community or governance context; the case term is not being treated as sufficient on its own.",,,
DISC-MEDIA-0062,Nigerias Marikana Moment Yet Another One,2012,2012-10-04,Daily Maverick,https://www.dailymaverick.co.za/article/2012-10-04-nigerias-marikana-moment-yet-another-one/,explicit_case_title_review,priority_manual_review_case_signal,acquired_extracted,1043,0e4f10e15b7b891281a10e24cb2697873d4d697d95d7620a962744ad61c03367,0,marikana,3,strike;worker_miner;police;shooting_death;union;protest_unrest,25,6,commission_inquiry,2,1,share_price;commodity_market,2,2,true,false,false,strong_case_context_supported,"A Marikana/Farlam/Wonderkop/Nkaneng/Bapo term is supported by event, labour, justice, community or governance context; the case term is not being treated as sufficient on its own.",,,
DISC-MEDIA-0063,Police To People Of Makause March And Therell Be Another Marikana,2012,2012-10-05,Daily Maverick,https://www.dailymaverick.co.za/article/2012-10-05-police-to-people-of-makause-march-and-therell-be-another-marikana/,explicit_case_title_review,priority_manual_review_case_signal,acquired_extracted,1263,73dfa1ba890869da32e6e046acc07ab1d4ca3f36c5b37373d1ddeb179692c8a4,0,marikana;wonderkop;nkaneng,7,strike;worker_miner;police;shooting_death;wage;protest_unrest,43,6,housing;community;justice_accountability,22,3,,0,0,true,false,true,strong_case_context_supported,"A Marikana/Farlam/Wonderkop/Nkaneng/Bapo term is supported by event, labour, justice, community or governance context; the case term is not being treated as sufficient on its own.",,,
DISC-MEDIA-0064,Marikana Tragedy Marches Towards Platinum Rebellion,2012,2012-10-15,Daily Maverick,https://www.dailymaverick.co.za/article/2012-10-15-marikana-tragedy-marches-towards-platinum-rebellion/,explicit_case_title_review,priority_manual_review_case_signal,acquired_extracted,1910,c7c8b3a939f20fb2e55b382c0e522c7560e83cc8256f6cf34024dce3b417c25c,0,marikana;nkaneng,7,strike;worker_miner;police;shooting_death;wage;union;protest_unrest,87,7,housing;community,2,2,earnings_results;production_output;exploration_project,9,3,true,false,false,strong_case_context_supported,"A Marikana/Farlam/Wonderkop/Nkaneng/Bapo term is supported by event, labour, justice, community or governance context; the case term is not being treated as sufficient on its own.",,,
DISC-MEDIA-0065,Marikana After Wave Of Arrests Miners To Return To Strike,2012,2012-10-18,Daily Maverick,https://www.dailymaverick.co.za/article/2012-10-18-marikana-after-wave-of-arrests-miners-to-return-to-strike/,explicit_case_title_review,priority_manual_review_case_signal,acquired_extracted,1119,0aaced3c598af7182e8ea0b2b6ac2c3ec5af713e84ee0542caa3af6577e56424,14,marikana;farlam;wonderkop;nkaneng,8,strike;worker_miner;police;shooting_death;union;koppie,52,6,housing;commission_inquiry,2,2,exploration_project,2,1,true,false,true,strong_early_2012_event_context,Contemporaneous Aug-Oct 2012 Lonmin coverage has multiple independent strike/worker/police/death/wage/union signals; the absence of the literal word Marikana is not treated as exclusion evidence.,,,
DISC-MEDIA-0066,Death Threats Blazing Guns Police Intimidation Spikes Alongside The Marikana Commission,2012,2012-10-23,Daily Maverick,https://www.dailymaverick.co.za/article/2012-10-23-death-threats-blazing-guns-police-intimidation-spikes-alongside-the-marikana-commission/,explicit_case_title_review,priority_manual_review_case_signal,acquired_extracted,726,83a25a9594ee973326868cf4b1150d6ccbc4df54cd4dc48cb10ffaf1b23a9277,2,marikana;farlam;wonderkop,11,strike;worker_miner;police;shooting_death;union;protest_unrest,27,6,housing;community;justice_accountability;commission_inquiry,11,4,,0,0,true,false,true,strong_case_context_supported,"A Marikana/Farlam/Wonderkop/Nkaneng/Bapo term is supported by event, labour, justice, community or governance context; the case term is not being treated as sufficient on its own.",,,
DISC-MEDIA-0067,Marikana Commission Lawyers Draw Up Battle Lines,2012,2012-10-23,Daily Maverick,https://www.dailymaverick.co.za/article/2012-10-23-marikana-commission-lawyers-draw-up-battle-lines/,explicit_case_title_review,priority_manual_review_case_signal,acquired_extracted,850,678a5245685937c7a0c922562a17b42095ab29472147874d0ab446a471bb5e20,3,marikana;farlam;wonderkop,6,strike;worker_miner;police;shooting_death;union;protest_unrest;koppie,63,7,commission_inquiry,9,1,earnings_results,1,1,true,false,true,strong_early_2012_event_context,Contemporaneous Aug-Oct 2012 Lonmin coverage has multiple independent strike/worker/police/death/wage/union signals; the absence of the literal word Marikana is not treated as exclusion evidence.,,,
DISC-MEDIA-0068,Marikana Commission More Sides Pitch In More Mud Flung In Ramaphosas Face,2012,2012-10-24,Daily Maverick,https://www.dailymaverick.co.za/article/2012-10-24-marikana-commission-more-sides-pitch-in-more-mud-flung-in-ramaphosas-face/,explicit_case_title_review,priority_manual_review_case_signal,acquired_extracted,1001,c5ab285a300e78589bc875790f91ef04c3df9c93b3f988f1e3815e425ee2537b,6,marikana;bapo,2,worker_miner;police;shooting_death;wage;union;protest_unrest;koppie,35,7,justice_accountability;commission_inquiry,5,2,,0,0,true,false,true,strong_early_2012_event_context,Contemporaneous Aug-Oct 2012 Lonmin coverage has multiple independent strike/worker/police/death/wage/union signals; the absence of the literal word Marikana is not treated as exclusion evidence.,,,
DISC-MEDIA-0069,Marikana Commission Check Book Justice As Dead Miners Families Must Pay Their Own Way,2012,2012-10-29,Daily Maverick,https://www.dailymaverick.co.za/article/2012-10-29-marikana-commission-check-book-justice-as-dead-miners-families-must-pay-their-own-way/,explicit_case_title_review,priority_manual_review_case_signal,acquired_extracted,1054,63776124c807c838e27b16610dbd19508f519bb1d7fb8664217eb3deae655e12,1,marikana;farlam,6,worker_miner;police;shooting_death;wage,9,4,justice_accountability;commission_inquiry,29,2,funding_debt,4,1,true,false,true,strong_case_context_supported,"A Marikana/Farlam/Wonderkop/Nkaneng/Bapo term is supported by event, labour, justice, community or governance context; the case term is not being treated as sufficient on its own.",,,
DISC-MEDIA-0070,Marikana Commission Travel Pains For The Families,2012,2012-10-30,Daily Maverick,https://www.dailymaverick.co.za/article/2012-10-30-marikana-commission-travel-pains-for-the-families/,explicit_case_title_review,priority_manual_review_case_signal,acquired_extracted,1118,5ea4bd00cd07c73581bc4e6e9f71101793026e55013e294b1691be750cdd614f,3,marikana;farlam,6,strike;worker_miner;police;shooting_death;union,17,5,justice_accountability;commission_inquiry,27,2,earnings_results,1,1,true,false,true,strong_early_2012_event_context,Contemporaneous Aug-Oct 2012 Lonmin coverage has multiple independent strike/worker/police/death/wage/union signals; the absence of the literal word Marikana is not treated as exclusion evidence.,,,
DISC-MEDIA-0071,Marikana Commission Colonel Johannes Bothas Tough Day At The Office,2012,2012-10-31,Daily Maverick,https://www.dailymaverick.co.za/article/2012-10-31-marikana-commission-colonel-johannes-bothas-tough-day-at-the-office/,explicit_case_title_review,priority_manual_review_case_signal,acquired_extracted,1073,3c38ff6b30686f94c9bdc1d3db5d75906ab6b76b1ccc91a4d704789b659fdf1f,3,marikana;farlam,3,worker_miner;police;shooting_death;protest_unrest;koppie,25,5,housing;commission_inquiry,6,2,,0,0,true,false,true,strong_early_2012_event_context,Contemporaneous Aug-Oct 2012 Lonmin coverage has multiple independent strike/worker/police/death/wage/union signals; the absence of the literal word Marikana is not treated as exclusion evidence.,,,
DISC-MEDIA-0072,Marikana Commission Dali Mpofu Drops New Torture Bombshell,2012,2012-10-31,Daily Maverick,https://www.dailymaverick.co.za/article/2012-10-31-marikana-commission-dali-mpofu-drops-new-torture-bombshell/,explicit_case_title_review,priority_manual_review_case_signal,acquired_extracted,528,199954560c64fd3f1cf1ca85535dfe8706a26da5b3e67e45cd03fefc02598f8c,0,marikana;farlam,3,strike;worker_miner;police;shooting_death;union,19,5,commission_inquiry,6,1,,0,0,true,false,true,strong_case_context_supported,"A Marikana/Farlam/Wonderkop/Nkaneng/Bapo term is supported by event, labour, justice, community or governance context; the case term is not being treated as sufficient on its own.",,,
DISC-MEDIA-0073,Marikana Commission The Forensic Expert Who Saw Little Heard Nothing Couldnt Say Much,2012,2012-11-01,Daily Maverick,https://www.dailymaverick.co.za/article/2012-11-01-marikana-commission-the-forensic-expert-who-saw-little-heard-nothing-couldnt-say-much/,explicit_case_title_review,priority_manual_review_case_signal,acquired_extracted,1091,44b0bba16d1bfb1f96b433bc20523a131f3f4a4ae400231929cf56fa63a82f13,0,marikana;farlam,5,strike;worker_miner;police;shooting_death;union,34,5,commission_inquiry,3,1,,0,0,false,false,true,strong_case_context_supported,"A Marikana/Farlam/Wonderkop/Nkaneng/Bapo term is supported by event, labour, justice, community or governance context; the case term is not being treated as sufficient on its own.",,,
DISC-MEDIA-0074,Marikana Commission Prima Facie Case For Tampering With Evidence,2012,2012-11-06,Daily Maverick,https://www.dailymaverick.co.za/article/2012-11-06-marikana-commission-prima-facie-case-for-tampering-with-evidence/,explicit_case_title_review,priority_manual_review_case_signal,acquired_extracted,980,bbef4a84a2131ba0737a81af5d98acae60eecbb86fd43ae099484593e891bd54,1,marikana,2,strike;worker_miner;police;shooting_death;union;koppie,32,6,justice_accountability;commission_inquiry,9,2,,0,0,false,false,true,strong_case_context_supported,"A Marikana/Farlam/Wonderkop/Nkaneng/Bapo term is supported by event, labour, justice, community or governance context; the case term is not being treated as sufficient on its own.",,,
DISC-MEDIA-0075,Marikana Commission Police Play Their Case,2012,2012-11-12,Daily Maverick,https://www.dailymaverick.co.za/article/2012-11-12-marikana-commission-police-play-their-case/,explicit_case_title_review,priority_manual_review_case_signal,acquired_extracted,1016,aa95923b3a66dfdcf8ef6f37e9949317412b8c24091cd32f8e10b49c4be2af37,2,marikana,1,strike;worker_miner;police;shooting_death;wage;union;protest_unrest;koppie,77,8,commission_inquiry,3,1,earnings_results,1,1,false,false,true,strong_case_context_supported,"A Marikana/Farlam/Wonderkop/Nkaneng/Bapo term is supported by event, labour, justice, community or governance context; the case term is not being treated as sufficient on its own.",,,
DISC-MEDIA-0076,Painting Marikanas Tragedy,2012,2012-11-13,Daily Maverick,https://www.dailymaverick.co.za/article/2012-11-13-painting-marikanas-tragedy/,explicit_case_title_review,priority_manual_review_case_signal,acquired_extracted,1563,1cf67cd7de830830b0b7c0ffdd626162dab9ce368ff42078f2b7a653be65eb58,0,marikana,9,worker_miner;shooting_death;wage;union;protest_unrest,12,5,community;justice_accountability,4,2,share_price;earnings_results,3,2,false,false,false,strong_case_context_supported,"A Marikana/Farlam/Wonderkop/Nkaneng/Bapo term is supported by event, labour, justice, community or governance context; the case term is not being treated as sufficient on its own.",,,
DISC-MEDIA-0077,Marikana Commission Bishop Seoka Blames Police Unions And Lonmin,2012,2012-11-15,Daily Maverick,https://www.dailymaverick.co.za/article/2012-11-15-marikana-commission-bishop-seoka-blames-police-unions-and-lonmin/,explicit_case_title_review,priority_manual_review_case_signal,acquired_extracted,914,911ca0d83fc95f90f626e4e3b33e36f7c104f764ae93b1d65612d4700c2afa9d,12,marikana,5,strike;worker_miner;police;shooting_death;wage;union;protest_unrest;koppie,58,8,commission_inquiry,4,1,,0,0,false,false,true,strong_case_context_supported,"A Marikana/Farlam/Wonderkop/Nkaneng/Bapo term is supported by event, labour, justice, community or governance context; the case term is not being treated as sufficient on its own.",,,
DISC-MEDIA-0078,Marikana Commission Spotty Police Evidence Continues,2012,2012-11-16,Daily Maverick,https://www.dailymaverick.co.za/article/2012-11-16-marikana-commission-spotty-police-evidence-continues/,explicit_case_title_review,priority_manual_review_case_signal,acquired_extracted,1032,6211098f545531f2df95b68fb161a59d86ccafa618f0ba35b43b06d280718493,2,marikana;farlam,7,strike;worker_miner;police;shooting_death;koppie,44,5,commission_inquiry,9,1,,0,0,false,false,true,strong_case_context_supported,"A Marikana/Farlam/Wonderkop/Nkaneng/Bapo term is supported by event, labour, justice, community or governance context; the case term is not being treated as sufficient on its own.",,,
DISC-MEDIA-0079,Marikana Commission Did The Police Throw Away Their Own Rulebook,2012,2012-11-20,Daily Maverick,https://www.dailymaverick.co.za/article/2012-11-20-marikana-commission-did-the-police-throw-away-their-own-rulebook/,explicit_case_title_review,priority_manual_review_case_signal,acquired_extracted,876,e449acab0fb826e1710bdbb51b4f9f9bb78360371f4ff70c596066cc03c941e9,1,marikana;farlam;wonderkop,4,strike;worker_miner;police;shooting_death;protest_unrest,35,5,justice_accountability;commission_inquiry,7,2,,0,0,false,false,true,strong_case_context_supported,"A Marikana/Farlam/Wonderkop/Nkaneng/Bapo term is supported by event, labour, justice, community or governance context; the case term is not being treated as sufficient on its own.",,,
DISC-MEDIA-0080,Marikana Commission What Happened Before 16 August Lonmin And Police Videos Failed To Capture Crucial Evidence,2012,2012-11-21,Daily Maverick,https://www.dailymaverick.co.za/article/2012-11-21-marikana-commission-what-happened-before-16-august-lonmin-and-police-videos-failed-to-capture-crucial-evidence/,explicit_case_title_review,priority_manual_review_case_signal,acquired_extracted,528,baf33ea323b4d943a6f408d462249bd12d9d5c975071ec633ffe44d00ea68ce7,4,marikana;wonderkop,6,strike;worker_miner;police;shooting_death;union;koppie,44,6,commission_inquiry,4,1,,0,0,false,false,true,strong_case_context_supported,"A Marikana/Farlam/Wonderkop/Nkaneng/Bapo term is supported by event, labour, justice, community or governance context; the case term is not being treated as sufficient on its own.",,,
DISC-MEDIA-0081,Marikana Commission Better Videos Of 16 August But Still Not Much To See,2012,2012-11-22,Daily Maverick,https://www.dailymaverick.co.za/article/2012-11-22-marikana-commission-better-videos-of-16-august-but-still-not-much-to-see/,explicit_case_title_review,priority_manual_review_case_signal,acquired_extracted,729,cee85f8b491655b42e00b7bed8e66a81d2e75b88c87686a24ce8b22475a61dd3,1,marikana,2,strike;worker_miner;police;shooting_death;union;koppie,52,6,commission_inquiry,4,1,,0,0,false,false,true,strong_case_context_supported,"A Marikana/Farlam/Wonderkop/Nkaneng/Bapo term is supported by event, labour, justice, community or governance context; the case term is not being treated as sufficient on its own.",,,
DISC-MEDIA-0082,Marikana Commission Cops Lonmin Hit Back At Bishop Seoka,2012,2012-11-23,Daily Maverick,https://www.dailymaverick.co.za/article/2012-11-23-marikana-commission-cops-lonmin-hit-back-at-bishop-seoka/,explicit_case_title_review,priority_manual_review_case_signal,acquired_extracted,1176,5400d6989be7d073c8a040df7d0e63403e506b724609fca18f2c060e14d32931,12,marikana,1,strike;worker_miner;police;shooting_death;wage;union;protest_unrest,47,7,community;commission_inquiry,6,2,,0,0,false,false,true,strong_case_context_supported,"A Marikana/Farlam/Wonderkop/Nkaneng/Bapo term is supported by event, labour, justice, community or governance context; the case term is not being treated as sufficient on its own.",,,
DISC-MEDIA-0083,Marikana Commission Weapons That Kill And A Row Over Subpoenas,2012,2012-11-27,Daily Maverick,https://www.dailymaverick.co.za/article/2012-11-27-marikana-commission-weapons-that-kill-and-a-row-over-subpoenas/,explicit_case_title_review,priority_manual_review_case_signal,acquired_extracted,742,659bf022094e5b654955ec52947f817c1c967c6772e4f11115eaf38fddc7964f,0,marikana;farlam,4,worker_miner;police;shooting_death;union;protest_unrest,37,5,commission_inquiry,7,1,,0,0,false,false,true,strong_case_context_supported,"A Marikana/Farlam/Wonderkop/Nkaneng/Bapo term is supported by event, labour, justice, community or governance context; the case term is not being treated as sufficient on its own.",,,
DISC-MEDIA-0084,Marikana Commission Amcu President Flays Num,2012,2012-11-28,Daily Maverick,https://www.dailymaverick.co.za/article/2012-11-28-marikana-commission-amcu-president-flays-num/,explicit_case_title_review,priority_manual_review_case_signal,acquired_extracted,847,1b43694bb48046834274be2ee204d268b4f6104d5f5a8ad4f347dec829227968,8,marikana;wonderkop,2,worker_miner;police;shooting_death;union;protest_unrest,60,5,commission_inquiry,7,1,,0,0,false,false,true,strong_case_context_supported,"A Marikana/Farlam/Wonderkop/Nkaneng/Bapo term is supported by event, labour, justice, community or governance context; the case term is not being treated as sufficient on its own.",,,
DISC-MEDIA-0085,Marikana Commission Joseph Mathunjwa Locks Horns With Police,2012,2012-11-30,Daily Maverick,https://www.dailymaverick.co.za/article/2012-11-30-marikana-commission-joseph-mathunjwa-locks-horns-with-police/,explicit_case_title_review,priority_manual_review_case_signal,acquired_extracted,679,2169437eb0002fc51909bb19776581a2c8d5aaf0c3acca7d7b705e2761be4db0,0,marikana,3,strike;worker_miner;police;shooting_death;union;protest_unrest;koppie,41,7,commission_inquiry,6,1,,0,0,false,false,true,strong_case_context_supported,"A Marikana/Farlam/Wonderkop/Nkaneng/Bapo term is supported by event, labour, justice, community or governance context; the case term is not being treated as sufficient on its own.",,,
DISC-MEDIA-0086,Marikana Who Shot First,2012,2012-11-30,Daily Maverick,https://www.dailymaverick.co.za/article/2012-11-30-marikana-who-shot-first/,explicit_case_title_review,priority_manual_review_case_signal,acquired_extracted,1038,983aa0979aee4c3297df7c84879a1137858946c0ccfa2a5757b9b0b998e79d3e,4,marikana,8,strike;worker_miner;police;shooting_death;union;protest_unrest,69,6,housing;commission_inquiry,7,2,,0,0,false,false,false,strong_case_context_supported,"A Marikana/Farlam/Wonderkop/Nkaneng/Bapo term is supported by event, labour, justice, community or governance context; the case term is not being treated as sufficient on its own.",,,
DISC-MEDIA-0087,Union Poster Feel It Western Cape Marikana Is Here,2012,2012-11-30,Daily Maverick,https://www.dailymaverick.co.za/article/2012-11-30-union-poster-feel-it-western-cape-marikana-is-here/,explicit_case_title_review,priority_manual_review_case_signal,acquired_extracted,1327,da886546285c03cfd0377c79645b372a7393f4bd35c7088a484e7c7cd74da730,0,marikana,10,strike;worker_miner;police;union;protest_unrest,23,5,,0,0,production_output,2,1,false,false,false,strong_case_context_supported,"A Marikana/Farlam/Wonderkop/Nkaneng/Bapo term is supported by event, labour, justice, community or governance context; the case term is not being treated as sufficient on its own.",,,
DISC-MEDIA-0088,Marikana Commission Joseph Mathunjwa Still Stands His Ground,2012,2012-12-04,Daily Maverick,https://www.dailymaverick.co.za/article/2012-12-04-marikana-commission-joseph-mathunjwa-still-stands-his-ground/,explicit_case_title_review,priority_manual_review_case_signal,acquired_extracted,669,b714f5c56e462ebf7cbe11917701edfdd08e50d71f477eb61c4f6eb31318358d,8,marikana,3,strike;worker_miner;police;shooting_death;wage;union;koppie,46,7,commission_inquiry,6,1,,0,0,false,false,true,strong_case_context_supported,"A Marikana/Farlam/Wonderkop/Nkaneng/Bapo term is supported by event, labour, justice, community or governance context; the case term is not being treated as sufficient on its own.",,,
DISC-MEDIA-0089,Marikana Commission Cornered Mathunjwa Let Out By Dumisa Ntsebeza,2012,2012-12-05,Daily Maverick,https://www.dailymaverick.co.za/article/2012-12-05-marikana-commission-cornered-mathunjwa-let-out-by-dumisa-ntsebeza/,explicit_case_title_review,priority_manual_review_case_signal,acquired_extracted,820,234bca0681b02848d737eeb16858f2b8d05fe45658939cee2d320755b1897ed6,4,marikana;wonderkop,4,strike;worker_miner;police;shooting_death;union;protest_unrest,63,6,commission_inquiry,5,1,earnings_results,1,1,false,false,true,strong_case_context_supported,"A Marikana/Farlam/Wonderkop/Nkaneng/Bapo term is supported by event, labour, justice, community or governance context; the case term is not being treated as sufficient on its own.",,,
DISC-MEDIA-0090,Zuma Marikana Exposed Organisational Challenges,2012,2012-12-16,Daily Maverick,https://www.dailymaverick.co.za/article/2012-12-16-zuma-marikana-exposed-organisational-challenges/,explicit_case_title_review,priority_manual_review_case_signal,acquired_extracted,380,7c9c1bbe7b642f3fbcf5b53c2e61c8192073b647fb6d43d2bd34770b3a9d7f04,2,marikana,4,strike;worker_miner;shooting_death;wage;union;protest_unrest,29,6,community,1,1,,0,0,false,false,false,strong_case_context_supported,"A Marikana/Farlam/Wonderkop/Nkaneng/Bapo term is supported by event, labour, justice, community or governance context; the case term is not being treated as sufficient on its own.",,,
DISC-MEDIA-0091,2013 The Lingering Spectre Of Marikana,2013,2013-01-11,Daily Maverick,https://www.dailymaverick.co.za/article/2013-01-11-2013-the-lingering-spectre-of-marikana/,explicit_case_title_review,priority_manual_review_case_signal,acquired_extracted,916,164fc4ee547a573f5a170cf00b7abc969787d63e08a201f276808de9ad1162d9,5,marikana;farlam;bapo,11,strike;worker_miner;police;shooting_death;wage,21,5,community;justice_accountability;commission_inquiry,17,3,,0,0,false,false,false,strong_case_context_supported,"A Marikana/Farlam/Wonderkop/Nkaneng/Bapo term is supported by event, labour, justice, community or governance context; the case term is not being treated as sufficient on its own.",,,
DISC-MEDIA-0092,Marikana Commission Num Takes The Stand,2013,2013-01-25,Daily Maverick,https://www.dailymaverick.co.za/article/2013-01-25-marikana-commission-num-takes-the-stand/,explicit_case_title_review,priority_manual_review_case_signal,acquired_extracted,858,f3565d2740ad0cf20b22a3730fd9d395fc6814d47ef5527ba2a4a937b8b0080d,14,marikana,6,strike;worker_miner;police;shooting_death;wage;union;protest_unrest,61,7,commission_inquiry,6,1,,0,0,false,false,true,strong_case_context_supported,"A Marikana/Farlam/Wonderkop/Nkaneng/Bapo term is supported by event, labour, justice, community or governance context; the case term is not being treated as sufficient on its own.",,,
DISC-MEDIA-0093,Heartfelt Hard Painful Songs Of Marikana,2013,2013-01-28,Daily Maverick,https://www.dailymaverick.co.za/article/2013-01-28-heartfelt-hard-painful-songs-of-marikana/,explicit_case_title_review,priority_manual_review_case_signal,acquired_extracted,1002,8a82b5c9f12c0858899c47c7d4768431d0c27d2f5291ac1b73562b3bc1f04a33,3,marikana,11,strike;worker_miner;police;shooting_death;union;protest_unrest;koppie,29,7,community;justice_accountability,3,2,,0,0,false,false,false,strong_case_context_supported,"A Marikana/Farlam/Wonderkop/Nkaneng/Bapo term is supported by event, labour, justice, community or governance context; the case term is not being treated as sufficient on its own.",,,
DISC-MEDIA-0094,Truth Lies The Saga Of The Marikana Massacre Continues,2013,2013-01-29,Daily Maverick,https://www.dailymaverick.co.za/article/2013-01-29-truth-lies-the-saga-of-the-marikana-massacre-continues/,explicit_case_title_review,priority_manual_review_case_signal,acquired_extracted,2016,12c15a2b0526fac2d895163c038ada0c086af6670a549a7e9a619f88bd1f9807,1,marikana;farlam,6,strike;worker_miner;police;shooting_death;koppie,103,5,justice_accountability;commission_inquiry,13,2,,0,0,false,false,true,strong_case_context_supported,"A Marikana/Farlam/Wonderkop/Nkaneng/Bapo term is supported by event, labour, justice, community or governance context; the case term is not being treated as sufficient on its own.",,,
DISC-MEDIA-0095,Marikana Commission Num In A Deep Hole Over The Fight That Started It All,2013,2013-02-01,Daily Maverick,https://www.dailymaverick.co.za/article/2013-02-01-marikana-commission-num-in-a-deep-hole-over-the-fight-that-started-it-all/,explicit_case_title_review,priority_manual_review_case_signal,acquired_extracted,1015,e2c6d4dcfbb51550ff95f7afd4dd2c87b4b567c0fa442a2593c99e56eaf0a833,4,marikana;wonderkop,6,strike;worker_miner;police;shooting_death;union;protest_unrest,60,6,commission_inquiry,4,1,,0,0,false,false,true,strong_case_context_supported,"A Marikana/Farlam/Wonderkop/Nkaneng/Bapo term is supported by event, labour, justice, community or governance context; the case term is not being treated as sufficient on its own.",,,
DISC-MEDIA-0096,Black Valentine 2013 Love In The Time Of Marikana Nkandla Anene Booysens,2013,2013-02-14,Daily Maverick,https://www.dailymaverick.co.za/article/2013-02-14-black-valentine-2013-love-in-the-time-of-marikana-nkandla-anene-booysens/,explicit_case_title_review,priority_manual_review_case_signal,acquired_extracted,1669,8c8a3c5492be8e5514a82d64b2decddf4551a45ab01333fe96e1ad3a9caab19b,0,marikana;farlam,3,strike;worker_miner;police;shooting_death;protest_unrest,12,5,community;justice_accountability;commission_inquiry,6,3,share_price,1,1,false,false,false,strong_case_context_supported,"A Marikana/Farlam/Wonderkop/Nkaneng/Bapo term is supported by event, labour, justice, community or governance context; the case term is not being treated as sufficient on its own.",,,
DISC-MEDIA-0097,Marikana Aftermath As The Commission Plays On Theres Still No Equality Before The Law,2013,2013-03-04,Daily Maverick,https://www.dailymaverick.co.za/article/2013-03-04-marikana-aftermath-as-the-commission-plays-on-theres-still-no-equality-before-the-law/,explicit_case_title_review,priority_manual_review_case_signal,acquired_extracted,2205,074b17cfd2eeb934733ea6b137f68f0b74b36595db380e7d15ebedce21a7908e,0,marikana;farlam;wonderkop,10,strike;worker_miner;police;shooting_death;union;protest_unrest,95,6,community;justice_accountability;commission_inquiry,19,3,share_price,1,1,false,false,true,strong_case_context_supported,"A Marikana/Farlam/Wonderkop/Nkaneng/Bapo term is supported by event, labour, justice, community or governance context; the case term is not being treated as sufficient on its own.",,,
DISC-MEDIA-0098,Marikana Commission Why Did Non Employees Join The Strike,2013,2013-03-14,Daily Maverick,https://www.dailymaverick.co.za/article/2013-03-14-marikana-commission-why-did-non-employees-join-the-strike/,explicit_case_title_review,priority_manual_review_case_signal,acquired_extracted,922,9d8c80d0358e8504916dbbeba4955d7951d485eb1f101e75c3091a8fac55aa5d,3,marikana;farlam;wonderkop,6,strike;worker_miner;police;shooting_death;wage;union;protest_unrest;koppie,40,8,commission_inquiry,6,1,,0,0,false,false,true,strong_case_context_supported,"A Marikana/Farlam/Wonderkop/Nkaneng/Bapo term is supported by event, labour, justice, community or governance context; the case term is not being treated as sufficient on its own.",,,
DISC-MEDIA-0099,Marikana How Much And When Did Zuma Know,2013,2013-03-18,Daily Maverick,https://www.dailymaverick.co.za/article/2013-03-18-marikana-how-much-and-when-did-zuma-know/,explicit_case_title_review,priority_manual_review_case_signal,acquired_extracted,1121,5306795322844ddf270a28e58741e2887c7673b6e82e9bba6a96cb7c96078067,4,marikana,11,strike;worker_miner;police;shooting_death;union,44,5,commission_inquiry,10,1,,0,0,false,false,false,strong_case_context_supported,"A Marikana/Farlam/Wonderkop/Nkaneng/Bapo term is supported by event, labour, justice, community or governance context; the case term is not being treated as sufficient on its own.",,,
DISC-MEDIA-0100,Farlams Site Visit Brings Community Closer To Commission,2013,2013-03-22,Daily Maverick,https://www.dailymaverick.co.za/article/2013-03-22-farlams-site-visit-brings-community-closer-to-commission/,explicit_case_title_review,priority_manual_review_case_signal,acquired_extracted,819,b5b1907cf75bef7b7ac3bfdf362a09cd11eccdd6a6b5939c0f92d9333059750c,2,marikana;farlam,9,strike;worker_miner;police;shooting_death,24,4,community;justice_accountability;commission_inquiry,22,3,exploration_project,1,1,false,false,true,strong_case_context_supported,"A Marikana/Farlam/Wonderkop/Nkaneng/Bapo term is supported by event, labour, justice, community or governance context; the case term is not being treated as sufficient on its own.",,,
DISC-MEDIA-0101,Analysis The Future Of South Africas Labour Market Post Marikana,2013,2013-03-25,Daily Maverick,https://www.dailymaverick.co.za/article/2013-03-25-analysis-the-future-of-south-africas-labour-market-post-marikana/,explicit_case_title_review,priority_manual_review_case_signal,acquired_extracted,1080,bf587e523b9b73e6e0a6ec81b39a09032555fd13c8bd239cabe92f719dd68e00,1,marikana;wonderkop,5,strike;worker_miner;wage;union;protest_unrest,38,5,,0,0,funding_debt;transaction;commodity_market,3,3,false,false,false,strong_case_context_supported,"A Marikana/Farlam/Wonderkop/Nkaneng/Bapo term is supported by event, labour, justice, community or governance context; the case term is not being treated as sufficient on its own.",,,
DISC-MEDIA-0102,Born In Post Marikana Anger Workers Socialist Party Enters Sa Politics,2013,2013-03-25,Daily Maverick,https://www.dailymaverick.co.za/article/2013-03-25-born-in-post-marikana-anger-workers-socialist-party-enters-sa-politics/,explicit_case_title_review,priority_manual_review_case_signal,acquired_extracted,1787,131f7f3e7e2cd1246854c28119dd6d20b8b462f34a6000a8f985fb03ba151298,2,marikana;wonderkop,9,strike;worker_miner;shooting_death;wage;union;protest_unrest,40,6,housing;community;commission_inquiry,11,3,earnings_results;commodity_market,2,2,false,false,true,strong_case_context_supported,"A Marikana/Farlam/Wonderkop/Nkaneng/Bapo term is supported by event, labour, justice, community or governance context; the case term is not being treated as sufficient on its own.",,,
DISC-MEDIA-0103,Marikana Commission Phiyega Continues To Play Dumb,2013,2013-03-27,Daily Maverick,https://www.dailymaverick.co.za/article/2013-03-27-marikana-commission-phiyega-continues-to-play-dumb/,explicit_case_title_review,priority_manual_review_case_signal,acquired_extracted,841,6d47e53a36cb92f79db6e34c651351444d270f9206e712131548569681947526,0,marikana;farlam,8,worker_miner;police;shooting_death;union;protest_unrest,25,5,community;commission_inquiry,10,2,,0,0,false,false,true,strong_case_context_supported,"A Marikana/Farlam/Wonderkop/Nkaneng/Bapo term is supported by event, labour, justice, community or governance context; the case term is not being treated as sufficient on its own.",,,
DISC-MEDIA-0104,Marikana Commission Why Did Apartheid Lessons Not Inform Police Action On 16 August,2013,2013-03-28,Daily Maverick,https://www.dailymaverick.co.za/article/2013-03-28-marikana-commission-why-did-apartheid-lessons-not-inform-police-action-on-16-august/,explicit_case_title_review,priority_manual_review_case_signal,acquired_extracted,1035,e00b43061362a4bd23ea6a7333fe2d56982c5de6f4a7e1a0e3cf885b5ab004a7,0,marikana,9,worker_miner;police;shooting_death;protest_unrest,49,4,commission_inquiry,3,1,,0,0,false,false,true,strong_case_context_supported,"A Marikana/Farlam/Wonderkop/Nkaneng/Bapo term is supported by event, labour, justice, community or governance context; the case term is not being treated as sufficient on its own.",,,
DISC-MEDIA-0105,Marikana Commission As Bizos Cross Exam Ends Phiyega Is Still Not Forthcoming,2013,2013-04-03,Daily Maverick,https://www.dailymaverick.co.za/article/2013-04-03-marikana-commission-as-bizos-cross-exam-ends-phiyega-is-still-not-forthcoming/,explicit_case_title_review,priority_manual_review_case_signal,acquired_extracted,984,086217a8c80fe573cf255d0ad7cf4265604163a47823d9cd68e329f722c6cd9b,1,marikana;farlam,4,strike;worker_miner;police;shooting_death;union;protest_unrest,39,6,justice_accountability;commission_inquiry,14,2,,0,0,false,false,true,strong_case_context_supported,"A Marikana/Farlam/Wonderkop/Nkaneng/Bapo term is supported by event, labour, justice, community or governance context; the case term is not being treated as sufficient on its own.",,,
DISC-MEDIA-0106,Marikana Commission Move To Pretoria Halts As Phiyega Grilling Continues,2013,2013-04-04,Daily Maverick,https://www.dailymaverick.co.za/article/2013-04-04-marikana-commission-move-to-pretoria-halts-as-phiyega-grilling-continues/,explicit_case_title_review,priority_manual_review_case_signal,acquired_extracted,883,da2bd0bdda039df3c5f218f19426bf38939632ac81457b20c7017388b4ecd60f,4,marikana;farlam;wonderkop;bapo,13,worker_miner;police;shooting_death;protest_unrest,17,4,community;justice_accountability;commission_inquiry,17,3,earnings_results;funding_debt,2,2,false,false,true,strong_case_context_supported,"A Marikana/Farlam/Wonderkop/Nkaneng/Bapo term is supported by event, labour, justice, community or governance context; the case term is not being treated as sufficient on its own.",,,
DISC-MEDIA-0107,Marikana Commission Zooms In On Phiyegas Changed Affidavit,2013,2013-04-05,Daily Maverick,https://www.dailymaverick.co.za/article/2013-04-05-marikana-commission-zooms-in-on-phiyegas-changed-affidavit/,explicit_case_title_review,priority_manual_review_case_signal,acquired_extracted,861,b76316f09873c684f325a696365f32b4f1eb505d9ed4a9c0a60afd7e478ed0ff,2,marikana,4,worker_miner;police;shooting_death;protest_unrest,17,4,commission_inquiry,5,1,,0,0,false,false,true,strong_case_context_supported,"A Marikana/Farlam/Wonderkop/Nkaneng/Bapo term is supported by event, labour, justice, community or governance context; the case term is not being treated as sufficient on its own.",,,
DISC-MEDIA-0108,In Pictures The Children Of Marikana,2013,2013-04-12,Daily Maverick,https://www.dailymaverick.co.za/article/2013-04-12-in-pictures-the-children-of-marikana/,explicit_case_title_review,priority_manual_review_case_signal,acquired_extracted,396,94637360e9ce42fc5d8d3825197e96105a9c3f02c768bfb141e27fcff668182e,2,marikana;wonderkop,8,strike;worker_miner;shooting_death,8,3,community,2,1,earnings_results;transaction;exploration_project,7,3,false,false,false,strong_case_context_supported,"A Marikana/Farlam/Wonderkop/Nkaneng/Bapo term is supported by event, labour, justice, community or governance context; the case term is not being treated as sufficient on its own.",,,
DISC-MEDIA-0109,Marikana Commission Continues As Does The Grilling Of Riah Phiyega,2013,2013-04-17,Daily Maverick,https://www.dailymaverick.co.za/article/2013-04-17-marikana-commission-continues-as-does-the-grilling-of-riah-phiyega/,explicit_case_title_review,priority_manual_review_case_signal,acquired_extracted,831,f4ad6cbb6237eff66e376b53bb5c90615da3bf8f03304759e3cd67facda06826,4,marikana;bapo,3,strike;worker_miner;police;shooting_death;union;protest_unrest,32,6,community;commission_inquiry,12,2,,0,0,false,false,true,strong_case_context_supported,"A Marikana/Farlam/Wonderkop/Nkaneng/Bapo term is supported by event, labour, justice, community or governance context; the case term is not being treated as sufficient on its own.",,,
DISC-MEDIA-0110,Marikana Commission Phiyega Not Sure Who Killed The Miners,2013,2013-04-18,Daily Maverick,https://www.dailymaverick.co.za/article/2013-04-18-marikana-commission-phiyega-not-sure-who-killed-the-miners/,explicit_case_title_review,priority_manual_review_case_signal,acquired_extracted,812,56a86f7ad9fc0cfec707bb11d351bf135110d893cbe4a4ca0bc467802e95d529,0,marikana;farlam,5,strike;worker_miner;police;shooting_death;protest_unrest,43,5,justice_accountability;commission_inquiry,6,2,earnings_results;transaction,2,2,false,false,true,strong_case_context_supported,"A Marikana/Farlam/Wonderkop/Nkaneng/Bapo term is supported by event, labour, justice, community or governance context; the case term is not being treated as sufficient on its own.",,,
DISC-MEDIA-0111,Marikana Commission Another I Dont Know Marathon From Riah Phiyega,2013,2013-04-19,Daily Maverick,https://www.dailymaverick.co.za/article/2013-04-19-marikana-commission-another-i-dont-know-marathon-from-riah-phiyega/,explicit_case_title_review,priority_manual_review_case_signal,acquired_extracted,937,a3b383fb40d55066309b13b283bc8a316ecf4f51db23b5a1044d553685ec166d,0,marikana;farlam,4,strike;worker_miner;police;shooting_death;union,30,5,commission_inquiry,7,1,,0,0,false,false,true,strong_case_context_supported,"A Marikana/Farlam/Wonderkop/Nkaneng/Bapo term is supported by event, labour, justice, community or governance context; the case term is not being treated as sufficient on its own.",,,
DISC-MEDIA-0112,Police Boss Before Marikana Operation There Will Be Bloodshed,2013,2013-04-30,Daily Maverick,https://www.dailymaverick.co.za/article/2013-04-30-police-boss-before-marikana-operation-there-will-be-bloodshed/,explicit_case_title_review,priority_manual_review_case_signal,acquired_extracted,1212,b1e14801db9e4daed451897db206b996efceb98e54eaefaa7f68c0cb93d2567b,3,marikana,4,strike;worker_miner;police;shooting_death;union;protest_unrest;koppie,66,7,commission_inquiry,5,1,earnings_results,1,1,false,false,true,strong_case_context_supported,"A Marikana/Farlam/Wonderkop/Nkaneng/Bapo term is supported by event, labour, justice, community or governance context; the case term is not being treated as sufficient on its own.",,,
DISC-MEDIA-0113,Marikana Unfreedom Day Land Occupation Ends In Violent Workers Day Eviction,2013,2013-05-02,Daily Maverick,https://www.dailymaverick.co.za/article/2013-05-02-marikana-unfreedom-day-land-occupation-ends-in-violent-workers-day-eviction/,explicit_case_title_review,priority_manual_review_case_signal,acquired_extracted,1696,156325d137a903cb171b4dd1844e7399c7927f7698a020ddef577027201bc232,0,marikana,8,worker_miner;police;shooting_death;wage;protest_unrest,32,5,housing;community,9,2,share_price,2,1,false,false,true,strong_case_context_supported,"A Marikana/Farlam/Wonderkop/Nkaneng/Bapo term is supported by event, labour, justice, community or governance context; the case term is not being treated as sufficient on its own.",,,
DISC-MEDIA-0114,Marikana Commission Annandale In The Hot Seat,2013,2013-05-03,Daily Maverick,https://www.dailymaverick.co.za/article/2013-05-03-marikana-commission-annandale-in-the-hot-seat/,explicit_case_title_review,priority_manual_review_case_signal,acquired_extracted,745,98f495f16ab7ed5f96794329d0e09b4fdc72454693ea1384a45c5cd6ec18fc39,0,marikana,2,worker_miner;police;wage;protest_unrest;koppie,35,5,commission_inquiry,5,1,,0,0,false,false,true,strong_case_context_supported,"A Marikana/Farlam/Wonderkop/Nkaneng/Bapo term is supported by event, labour, justice, community or governance context; the case term is not being treated as sufficient on its own.",,,
DISC-MEDIA-0115,Marikana Commission Mpembe Threatened By Cops For Marikana Deaths,2013,2013-05-07,Daily Maverick,https://www.dailymaverick.co.za/article/2013-05-07-marikana-commission-mpembe-threatened-by-cops-for-marikana-deaths/,explicit_case_title_review,priority_manual_review_case_signal,acquired_extracted,711,6be880cabbe16b6da98ac12d8c0d2500c9d25f3320e2e412e076081dc0d043bf,2,marikana;wonderkop,8,strike;worker_miner;police;shooting_death;protest_unrest;koppie,42,6,commission_inquiry,6,1,,0,0,false,false,true,strong_case_context_supported,"A Marikana/Farlam/Wonderkop/Nkaneng/Bapo term is supported by event, labour, justice, community or governance context; the case term is not being treated as sufficient on its own.",,,
DISC-MEDIA-0116,Marikana Commission The Death Toll Mounts,2013,2013-05-08,Daily Maverick,https://www.dailymaverick.co.za/article/2013-05-08-marikana-commission-the-death-toll-mounts/,explicit_case_title_review,priority_manual_review_case_signal,acquired_extracted,822,0b30bd562128042cda954efc8fef9bae64853a171cf5f3e7f04c86df20f6ff8a,1,marikana;farlam;nkaneng,12,worker_miner;police;shooting_death;union;protest_unrest,27,5,commission_inquiry,8,1,,0,0,false,false,true,strong_case_context_supported,"A Marikana/Farlam/Wonderkop/Nkaneng/Bapo term is supported by event, labour, justice, community or governance context; the case term is not being treated as sufficient on its own.",,,
DISC-MEDIA-0117,Marikana Fear And Terror At The Unions Battlefield,2013,2013-05-14,Daily Maverick,https://www.dailymaverick.co.za/article/2013-05-14-marikana-fear-and-terror-at-the-unions-battlefield/,explicit_case_title_review,priority_manual_review_case_signal,acquired_extracted,2474,72eb84e60bcdc69f2a36e832f7cee4a793c62e00cea189c2ea1c74f01c7e6222,16,marikana;farlam;wonderkop;nkaneng,17,strike;worker_miner;police;shooting_death;union;protest_unrest;koppie,91,7,housing;commission_inquiry,4,2,transaction,2,1,false,false,false,strong_case_context_supported,"A Marikana/Farlam/Wonderkop/Nkaneng/Bapo term is supported by event, labour, justice, community or governance context; the case term is not being treated as sufficient on its own.",,,
DISC-MEDIA-0118,Marikana Philippi East The Invisible Protest,2013,2013-05-28,Daily Maverick,https://www.dailymaverick.co.za/article/2013-05-28-marikana-philippi-east-the-invisible-protest/,explicit_case_title_review,priority_manual_review_case_signal,acquired_extracted,583,d1d093f16ddc9d4440c2cc8839d760d9166b11e045668b0b2a3a867bd379d4cd,0,marikana,3,police;protest_unrest,7,2,housing,1,1,,0,0,false,false,false,strong_case_context_supported,"A Marikana/Farlam/Wonderkop/Nkaneng/Bapo term is supported by event, labour, justice, community or governance context; the case term is not being treated as sufficient on its own.",,,
DISC-MEDIA-0119,Num Amcu Marikana Tis The Season To Be Bloody,2013,2013-06-04,Daily Maverick,https://www.dailymaverick.co.za/article/2013-06-04-num-amcu-marikana-tis-the-season-to-be-bloody/,explicit_case_title_review,priority_manual_review_case_signal,acquired_extracted,1785,786cfae03dc136e65453a81104e7adc845bb226eb839a3a10abf83e03a719f29,17,marikana;farlam;wonderkop;nkaneng,11,strike;worker_miner;police;shooting_death;wage;union;protest_unrest,131,7,housing;justice_accountability;commission_inquiry,5,3,share_price;earnings_results;transaction,4,3,false,false,true,strong_case_context_supported,"A Marikana/Farlam/Wonderkop/Nkaneng/Bapo term is supported by event, labour, justice, community or governance context; the case term is not being treated as sufficient on its own.",,,
DISC-MEDIA-0120,Back To Square One Another Lonmin Strike Looms,2013,2013-06-07,Daily Maverick,https://www.dailymaverick.co.za/article/2013-06-07-back-to-square-one-another-lonmin-strike-looms/,lonmin_only_title_review,priority_manual_review_case_signal,acquired_extracted,1137,194f1209643d98da05f6762e6b14d9f3334039eeebf4422514b8d4814b59879a,25,marikana;wonderkop,8,strike;worker_miner;police;shooting_death;union,89,5,commission_inquiry,1,1,exploration_project,1,1,false,false,true,strong_case_context_supported,"A Marikana/Farlam/Wonderkop/Nkaneng/Bapo term is supported by event, labour, justice, community or governance context; the case term is not being treated as sufficient on its own.",,,
DISC-MEDIA-0121,The Other Marikana,2013,2013-06-21,Daily Maverick,https://www.dailymaverick.co.za/article/2013-06-21-the-other-marikana/,explicit_case_title_review,priority_manual_review_case_signal,acquired_extracted,769,0777692ef9df892c4a980e76404db72683cb2f6658eac53b608a984c5ea7b313,0,marikana,4,police;shooting_death,6,2,housing;community,2,2,,0,0,false,false,false,strong_case_context_supported,"A Marikana/Farlam/Wonderkop/Nkaneng/Bapo term is supported by event, labour, justice, community or governance context; the case term is not being treated as sufficient on its own.",,,
DISC-MEDIA-0122,As Farlam Returns The Truth About The Massacre Remains A Distant Perhaps Impossible Goal,2013,2013-07-12,Daily Maverick,https://www.dailymaverick.co.za/article/2013-07-12-as-farlam-returns-the-truth-about-the-massacre-remains-a-distant-perhaps-impossible-goal/,explicit_case_title_review,priority_manual_review_case_signal,acquired_extracted,2169,31c67ed8a880e341120e060f82f33bd17d299e965427be10663d2fe4624f8d89,3,marikana;farlam,8,strike;worker_miner;police;shooting_death;wage;koppie,36,6,housing;justice_accountability;commission_inquiry,45,3,funding_debt;transaction,11,2,false,false,true,strong_case_context_supported,"A Marikana/Farlam/Wonderkop/Nkaneng/Bapo term is supported by event, labour, justice, community or governance context; the case term is not being treated as sufficient on its own.",,,
DISC-MEDIA-0123,The Truth Endangered Miners Representatives Withdraw From Farlam Commission,2013,2013-07-18,Daily Maverick,https://www.dailymaverick.co.za/article/2013-07-18-the-truth-endangered-miners-representatives-withdraw-from-farlam-commission/,explicit_case_title_review,priority_manual_review_case_signal,acquired_extracted,997,7b9348cba07ceb70efe4f49e891c9078a747b03636f0236b9930bce1d05e108a,1,marikana;farlam,7,strike;worker_miner;police;shooting_death;union,17,5,justice_accountability;commission_inquiry,20,2,funding_debt,2,1,false,false,true,strong_case_context_supported,"A Marikana/Farlam/Wonderkop/Nkaneng/Bapo term is supported by event, labour, justice, community or governance context; the case term is not being treated as sufficient on its own.",,,
DISC-MEDIA-0124,The Issue Of Marikana Commission Funding Could Go To Constitutional Court,2013,2013-07-19,Daily Maverick,https://www.dailymaverick.co.za/article/2013-07-19-the-issue-of-marikana-commission-funding-could-go-to-constitutional-court/,explicit_case_title_review,priority_manual_review_case_signal,acquired_extracted,490,fc56f447cba2c5a9169421eb32b173f9110da32d90067871c84de5ae408cd031,0,marikana;farlam,4,strike;worker_miner;police;shooting_death;wage;protest_unrest,14,6,justice_accountability;commission_inquiry,13,2,,0,0,false,true,true,strong_case_context_supported,"A Marikana/Farlam/Wonderkop/Nkaneng/Bapo term is supported by event, labour, justice, community or governance context; the case term is not being treated as sufficient on its own.",,,
DISC-MEDIA-0125,Another Week Another Murder In Marikana,2013,2013-08-13,Daily Maverick,https://www.dailymaverick.co.za/article/2013-08-13-another-week-another-murder-in-marikana/,explicit_case_title_review,priority_manual_review_case_signal,acquired_extracted,512,5023a43df81d6354503c3a1047e06cb9d17d2860955937893d852b5d78786e42,3,marikana;wonderkop,9,worker_miner;police;shooting_death;union;protest_unrest,38,5,community,2,1,exploration_project,1,1,false,false,false,strong_case_context_supported,"A Marikana/Farlam/Wonderkop/Nkaneng/Bapo term is supported by event, labour, justice, community or governance context; the case term is not being treated as sufficient on its own.",,,
DISC-MEDIA-0126,Marikana Prepares To Honour The Fallen,2013,2013-08-14,Daily Maverick,https://www.dailymaverick.co.za/article/2013-08-14-marikana-prepares-to-honour-the-fallen/,explicit_case_title_review,priority_manual_review_case_signal,acquired_extracted,1058,372ccf8c57ad7c0f6cce18776b04d470428fab8cb3ff9f382084790a829f4970,3,marikana,9,strike;worker_miner;police;shooting_death;wage;union;protest_unrest;koppie,66,8,housing;justice_accountability;commission_inquiry,5,3,share_price,1,1,false,false,false,strong_case_context_supported,"A Marikana/Farlam/Wonderkop/Nkaneng/Bapo term is supported by event, labour, justice, community or governance context; the case term is not being treated as sufficient on its own.",,,
DISC-MEDIA-0127,Images Of Marikana August 16 2013,2013,2013-08-16,Daily Maverick,https://www.dailymaverick.co.za/article/2013-08-16-images-of-marikana-august-16-2013/,explicit_case_title_review,priority_manual_review_case_signal,acquired_extracted,424,3ae894ca4b995addcfd94748fb82bc97b48b939411282c651be158af1e1663d4,5,marikana,5,strike;worker_miner;police;shooting_death;wage;union;protest_unrest;koppie,38,8,justice_accountability;commission_inquiry,3,2,earnings_results;funding_debt,2,2,false,false,false,strong_case_context_supported,"A Marikana/Farlam/Wonderkop/Nkaneng/Bapo term is supported by event, labour, justice, community or governance context; the case term is not being treated as sufficient on its own.",,,
DISC-MEDIA-0128,Marikana The Lives Of Others,2013,2013-08-16,Daily Maverick,https://www.dailymaverick.co.za/article/2013-08-16-marikana-the-lives-of-others/,explicit_case_title_review,priority_manual_review_case_signal,acquired_extracted,1170,a493fbdc4ced0353c508d7939c8ef30cf17b5d6aff6aa3e6bfdc7da9c3029b5d,5,marikana;wonderkop;nkaneng,20,strike;worker_miner;police;shooting_death;wage;union;koppie,37,7,community,5,1,production_output;funding_debt;transaction,5,3,false,false,false,strong_case_context_supported,"A Marikana/Farlam/Wonderkop/Nkaneng/Bapo term is supported by event, labour, justice, community or governance context; the case term is not being treated as sufficient on its own.",,,
DISC-MEDIA-0129,Marikana To Anc We Dont Want You Anyway,2013,2013-08-16,Daily Maverick,https://www.dailymaverick.co.za/article/2013-08-16-marikana-to-anc-we-dont-want-you-anyway/,explicit_case_title_review,priority_manual_review_case_signal,acquired_extracted,826,7347729eff71745f0566345a8c999f646e92ede191eab063580fed4f21aff184,5,marikana,11,worker_miner;police;shooting_death;union;koppie,41,5,,0,0,share_price,1,1,false,false,false,strong_case_context_supported,"A Marikana/Farlam/Wonderkop/Nkaneng/Bapo term is supported by event, labour, justice, community or governance context; the case term is not being treated as sufficient on its own.",,,
DISC-MEDIA-0130,Marikana Healing Sans Government The Anc Or Num,2013,2013-08-19,Daily Maverick,https://www.dailymaverick.co.za/article/2013-08-19-marikana-healing-sans-government-the-anc-or-num/,explicit_case_title_review,priority_manual_review_case_signal,acquired_extracted,1073,32676e75bb73541cd6a068442d438db9f5f06651567c3ded740df496e6ca3ab1,6,marikana;wonderkop;nkaneng,23,strike;worker_miner;police;shooting_death;union;protest_unrest,40,6,community;commission_inquiry,3,2,,0,0,false,false,true,strong_case_context_supported,"A Marikana/Farlam/Wonderkop/Nkaneng/Bapo term is supported by event, labour, justice, community or governance context; the case term is not being treated as sufficient on its own.",,,
DISC-MEDIA-0131,When Theatre Met The Marikana Massacre,2013,2013-08-21,Daily Maverick,https://www.dailymaverick.co.za/article/2013-08-21-when-theatre-met-the-marikana-massacre/,explicit_case_title_review,priority_manual_review_case_signal,acquired_extracted,978,1b985c2afc4ca49e07f9fadf0f8504833e8c5be20fd7078c9b6eaec88bd662fe,3,marikana;wonderkop;nkaneng,15,strike;worker_miner;police;shooting_death;koppie,31,5,community,1,1,share_price;exploration_project;commodity_market,3,3,false,false,true,strong_case_context_supported,"A Marikana/Farlam/Wonderkop/Nkaneng/Bapo term is supported by event, labour, justice, community or governance context; the case term is not being treated as sufficient on its own.",,,
DISC-MEDIA-0132,Citizens4Marikana Crowdfunding For Miners Legal Fees,2013,2013-08-28,Daily Maverick,https://www.dailymaverick.co.za/article/2013-08-28-citizens4marikana-crowdfunding-for-miners-legal-fees/,explicit_case_title_review,priority_manual_review_case_signal,acquired_extracted,1525,ee3bea1564a299f174f65178246823af320605cfaca34f343b210b1ee623b4ed,6,marikana;farlam,21,strike;worker_miner;police;shooting_death;wage;union,47,6,housing;justice_accountability;commission_inquiry,21,3,funding_debt,7,1,false,false,true,strong_case_context_supported,"A Marikana/Farlam/Wonderkop/Nkaneng/Bapo term is supported by event, labour, justice, community or governance context; the case term is not being treated as sufficient on its own.",,,
DISC-MEDIA-0133,Marikana Injured Step Up Their Fight For Legal Help And Ultimately Farlam Commissions Relevance,2013,2013-09-06,Daily Maverick,https://www.dailymaverick.co.za/article/2013-09-06-marikana-injured-step-up-their-fight-for-legal-help-and-ultimately-farlam-commissions-relevance/,explicit_case_title_review,priority_manual_review_case_signal,acquired_extracted,953,9c4b81224d0f91d58f2924e3da4a3a82ad295beaf57ed606982c52be79555a24,0,marikana;farlam,14,worker_miner;police;shooting_death;wage;union,27,5,justice_accountability;commission_inquiry,11,2,funding_debt,6,1,false,false,true,strong_case_context_supported,"A Marikana/Farlam/Wonderkop/Nkaneng/Bapo term is supported by event, labour, justice, community or governance context; the case term is not being treated as sufficient on its own.",,,
DISC-MEDIA-0134,Cyril Remember Marikana,2013,2013-09-11,Daily Maverick,https://www.dailymaverick.co.za/article/2013-09-11-cyril-remember-marikana/,explicit_case_title_review,priority_manual_review_case_signal,acquired_extracted,785,0bb80610354af460550f154a67ecf9f6d809ab426321bad6a1f4abb7bd301c21,1,marikana,10,strike;worker_miner;police;shooting_death;wage;union,13,6,community;commission_inquiry,7,2,funding_debt,1,1,false,false,false,strong_case_context_supported,"A Marikana/Farlam/Wonderkop/Nkaneng/Bapo term is supported by event, labour, justice, community or governance context; the case term is not being treated as sufficient on its own.",,,
DISC-MEDIA-0135,Marikana Police Lied Faked Farlam Commission Evidence,2013,2013-09-20,Daily Maverick,https://www.dailymaverick.co.za/article/2013-09-20-marikana-police-lied-faked-farlam-commission-evidence/,explicit_case_title_review,priority_manual_review_case_signal,acquired_extracted,698,e3291ac0efaa70bbf14b7c6ebed6639479b533a587273ceb9e8606fa45a9a8c4,0,marikana;farlam,5,strike;worker_miner;police;shooting_death,20,4,commission_inquiry,19,1,,0,0,false,false,true,strong_case_context_supported,"A Marikana/Farlam/Wonderkop/Nkaneng/Bapo term is supported by event, labour, justice, community or governance context; the case term is not being treated as sufficient on its own.",,,
DISC-MEDIA-0136,Marikana Malemas 2014 Battle Begins,2013,2013-10-14,Daily Maverick,https://www.dailymaverick.co.za/article/2013-10-14-marikana-malemas-2014-battle-begins/,explicit_case_title_review,priority_manual_review_case_signal,acquired_extracted,822,e5cda4cd12c54981ec7205df709af47b5768cb083ec66f1a4cf5e7b55708d75c,0,marikana,5,worker_miner;police;shooting_death;wage;protest_unrest;koppie,22,6,community;justice_accountability;commission_inquiry,3,3,,0,0,false,false,false,strong_case_context_supported,"A Marikana/Farlam/Wonderkop/Nkaneng/Bapo term is supported by event, labour, justice, community or governance context; the case term is not being treated as sufficient on its own.",,,
DISC-MEDIA-0137,Marikana Commission Chronicle Of Death Foretold And Planned For By Saps,2013,2013-10-15,Daily Maverick,https://www.dailymaverick.co.za/article/2013-10-15-marikana-commission-chronicle-of-death-foretold-and-planned-for-by-saps/,explicit_case_title_review,priority_manual_review_case_signal,acquired_extracted,872,9ab852d6e35e054744d276ab2d848bc2d2c9871637651f3317367afc2722dcac,2,marikana;nkaneng,8,strike;worker_miner;police;shooting_death;union;koppie,48,6,commission_inquiry,5,1,,0,0,false,false,true,strong_case_context_supported,"A Marikana/Farlam/Wonderkop/Nkaneng/Bapo term is supported by event, labour, justice, community or governance context; the case term is not being treated as sufficient on its own.",,,
DISC-MEDIA-0138,The State Vs The People Vs The Police Finally Court Victory For Marikana Survivors,2013,2013-10-15,Daily Maverick,https://www.dailymaverick.co.za/article/2013-10-15-the-state-vs-the-people-vs-the-police-finally-court-victory-for-marikana-survivors/,explicit_case_title_review,priority_manual_review_case_signal,acquired_extracted,1718,a2b87073ea200f4340a3aaceb81b1feb64fab87e42b2e1dd0969f1e5b6cce3f6,2,marikana;farlam,14,worker_miner;police;shooting_death;union,48,4,community;justice_accountability;commission_inquiry,27,3,funding_debt;transaction,8,2,false,false,true,strong_case_context_supported,"A Marikana/Farlam/Wonderkop/Nkaneng/Bapo term is supported by event, labour, justice, community or governance context; the case term is not being treated as sufficient on its own.",,,
DISC-MEDIA-0139,Marikana Massacre 55 Seconds Later Cease Fire What Cease Fire,2013,2013-11-06,Daily Maverick,https://www.dailymaverick.co.za/article/2013-11-06-marikana-massacre-55-seconds-later-cease-fire-what-cease-fire/,explicit_case_title_review,priority_manual_review_case_signal,acquired_extracted,1166,302428d3127e2f0d69bd4b9ca0e61bf214084e6465c457f162214d701c51df1f,0,marikana,7,worker_miner;police;shooting_death;wage;protest_unrest;koppie,23,6,justice_accountability;commission_inquiry,15,2,funding_debt,7,1,false,false,true,strong_case_context_supported,"A Marikana/Farlam/Wonderkop/Nkaneng/Bapo term is supported by event, labour, justice, community or governance context; the case term is not being treated as sufficient on its own.",,,
DISC-MEDIA-0140,Seris Fight For Justice And Reconciliation From The Trc To Farlam,2013,2013-11-28,Daily Maverick,https://www.dailymaverick.co.za/article/2013-11-28-seris-fight-for-justice-and-reconciliation-from-the-trc-to-farlam/,explicit_case_title_review,priority_manual_review_case_signal,acquired_extracted,1387,a1e8da294f85a51b51de2886e68312cde75e5d39702a091069513671d868cf4c,5,marikana;farlam,12,strike;worker_miner;police;shooting_death;wage;protest_unrest,24,6,community;justice_accountability;commission_inquiry,14,3,earnings_results,1,1,false,false,true,strong_case_context_supported,"A Marikana/Farlam/Wonderkop/Nkaneng/Bapo term is supported by event, labour, justice, community or governance context; the case term is not being treated as sufficient on its own.",,,
DISC-MEDIA-0141,Marikana Settlement Cape Town A Demolition Battle With No Solution In Sight,2014,2014-01-16,Daily Maverick,https://www.dailymaverick.co.za/article/2014-01-16-marikana-settlement-cape-town-a-demolition-battle-with-no-solution-in-sight/,explicit_case_title_review,priority_manual_review_case_signal,acquired_extracted,720,33ea0f319e2d8616b0475236096ebf5c83e81f6cca3b98dc71679372407139ac,0,marikana,3,worker_miner,1,1,housing,5,1,funding_debt,1,1,false,false,false,strong_case_context_supported,"A Marikana/Farlam/Wonderkop/Nkaneng/Bapo term is supported by event, labour, justice, community or governance context; the case term is not being treated as sufficient on its own.",,,
DISC-MEDIA-0142,Amcu At Marikana Malibelinye Linye Asiye In One Voice We Are Not Going,2014,2014-01-24,Daily Maverick,https://www.dailymaverick.co.za/article/2014-01-24-amcu-at-marikana-malibelinye-linye-asiye-in-one-voice-we-are-not-going/,explicit_case_title_review,priority_manual_review_case_signal,acquired_extracted,350,19e50ccf4b412c0af9ca89faebbf0db8f6fb1449c0b39e61a36d4f11313b7cdf,1,marikana;wonderkop,2,strike;worker_miner;wage;union;protest_unrest,30,5,,0,0,,0,0,false,false,true,strong_case_context_supported,"A Marikana/Farlam/Wonderkop/Nkaneng/Bapo term is supported by event, labour, justice, community or governance context; the case term is not being treated as sufficient on its own.",,,
DISC-MEDIA-0143,Higher Stocks Give Lonmin Breathing Space During Strike,2014,2014-02-05,Daily Maverick,https://www.dailymaverick.co.za/article/2014-02-05-higher-stocks-give-lonmin-breathing-space-during-strike/,lonmin_only_title_review,manual_review_possible_case_signal,acquired_extracted,633,03dc2dd4580f14665ed9b9a6debae9880227b6ab39ff241d28a36ff64dad5069,2,marikana,1,strike;worker_miner;shooting_death;wage;union;protest_unrest,29,6,,0,0,production_output;transaction,7,2,false,false,true,strong_case_context_supported,"A Marikana/Farlam/Wonderkop/Nkaneng/Bapo term is supported by event, labour, justice, community or governance context; the case term is not being treated as sufficient on its own.",,,
DISC-MEDIA-0144,Marikana Commission The Long Game Reveals Itself,2014,2014-02-25,Daily Maverick,https://www.dailymaverick.co.za/article/2014-02-25-marikana-commission-the-long-game-reveals-itself/,explicit_case_title_review,priority_manual_review_case_signal,acquired_extracted,1480,34338f2ddb3e0b41cd28b404f5d6d027889b0c6b338ddf951befd4feac09f770,1,marikana;farlam;wonderkop,9,strike;worker_miner;police;shooting_death;protest_unrest;koppie,44,6,commission_inquiry,9,1,earnings_results,1,1,false,false,true,strong_case_context_supported,"A Marikana/Farlam/Wonderkop/Nkaneng/Bapo term is supported by event, labour, justice, community or governance context; the case term is not being treated as sufficient on its own.",,,
DISC-MEDIA-0145,Marikana Commission A Cop Who Stands For Truth And Accountability,2014,2014-03-27,Daily Maverick,https://www.dailymaverick.co.za/article/2014-03-27-marikana-commission-a-cop-who-stands-for-truth-and-accountability/,explicit_case_title_review,priority_manual_review_case_signal,acquired_extracted,1781,693dd9bbead752a9bb9a5f06b648c521d45957ebb9ae302499660d3e781bfe3f,3,marikana;farlam,18,strike;worker_miner;police;shooting_death;union;protest_unrest;koppie,89,7,housing;justice_accountability;commission_inquiry,23,3,,0,0,false,false,true,strong_case_context_supported,"A Marikana/Farlam/Wonderkop/Nkaneng/Bapo term is supported by event, labour, justice, community or governance context; the case term is not being treated as sufficient on its own.",,,
DISC-MEDIA-0146,Marikana Commission Phase Two The Big Picture,2014,2014-03-31,Daily Maverick,https://www.dailymaverick.co.za/article/2014-03-31-marikana-commission-phase-two-the-big-picture/,explicit_case_title_review,priority_manual_review_case_signal,acquired_extracted,961,eaa5cdc5d12138908340d973c135e094ce0b4f7a6e76dd8783e4fac58d871f17,1,marikana;farlam;nkaneng,10,strike;worker_miner;police;shooting_death;wage;union;protest_unrest,58,7,housing;commission_inquiry,10,2,transaction,1,1,false,false,true,strong_case_context_supported,"A Marikana/Farlam/Wonderkop/Nkaneng/Bapo term is supported by event, labour, justice, community or governance context; the case term is not being treated as sufficient on its own.",,,
DISC-MEDIA-0147,Marikana Commission Phase Two Migrancy,2014,2014-04-10,Daily Maverick,https://www.dailymaverick.co.za/article/2014-04-10-marikana-commission-phase-two-migrancy/,explicit_case_title_review,priority_manual_review_case_signal,acquired_extracted,1044,d79a28efb7db3b3dc29478d363e7c374a560133de0e8b59c140f18d8043cc61c,4,marikana;wonderkop,11,strike;worker_miner;police;shooting_death;wage;union;protest_unrest,31,7,housing;commission_inquiry,8,2,share_price;earnings_results;transaction;exploration_project,6,4,false,false,true,strong_case_context_supported,"A Marikana/Farlam/Wonderkop/Nkaneng/Bapo term is supported by event, labour, justice, community or governance context; the case term is not being treated as sufficient on its own.",,,
DISC-MEDIA-0148,Will Marikanas Mr X Be A Game Changer,2014,2014-04-15,Daily Maverick,https://www.dailymaverick.co.za/article/2014-04-15-will-marikanas-mr-x-be-a-game-changer/,explicit_case_title_review,priority_manual_review_case_signal,acquired_extracted,2369,a6d1a448c7d9ee053bcf3afd775513a0e4a22b93f83b815bf200c79c78c0fe85,6,marikana;farlam,29,strike;worker_miner;police;shooting_death;union;protest_unrest,82,6,community;justice_accountability;commission_inquiry,43,3,share_price,1,1,false,false,false,strong_case_context_supported,"A Marikana/Farlam/Wonderkop/Nkaneng/Bapo term is supported by event, labour, justice, community or governance context; the case term is not being treated as sufficient on its own.",,,
DISC-MEDIA-0149,A Luta Continua Amcu Decides In Zuma Free Marikana,2014,2014-04-30,Daily Maverick,https://www.dailymaverick.co.za/article/2014-04-30-a-luta-continua-amcu-decides-in-zuma-free-marikana/,explicit_case_title_review,priority_manual_review_case_signal,acquired_extracted,1017,a17d34bfaaf47f824eb5a308182d08a7ade93324f742fa947e79c02e2b1ab221,6,marikana;wonderkop;nkaneng,13,strike;worker_miner;police;shooting_death;wage;union;protest_unrest;koppie,47,8,community,1,1,transaction,2,1,false,false,true,strong_case_context_supported,"A Marikana/Farlam/Wonderkop/Nkaneng/Bapo term is supported by event, labour, justice, community or governance context; the case term is not being treated as sufficient on its own.",,,
DISC-MEDIA-0150,Khayelitsha May Day Rally Silence On Zuma Nkandla And Marikana Not So On Enemies Of The Revolution,2014,2014-05-02,Daily Maverick,https://www.dailymaverick.co.za/article/2014-05-02-khayelitsha-may-day-rally-silence-on-zuma-nkandla-and-marikana-not-so-on-enemies-of-the-revolution/,explicit_case_title_review,manual_review_title_text_mismatch,acquired_extracted,1593,8958ace61c2f16524219beba46cadee4d31ae52d5cf904b804283aca98e37d0c,0,marikana,1,worker_miner;police;shooting_death;union,17,4,,0,0,transaction,2,1,false,false,false,strong_case_context_supported,"A Marikana/Farlam/Wonderkop/Nkaneng/Bapo term is supported by event, labour, justice, community or governance context; the case term is not being treated as sufficient on its own.",,,
DISC-MEDIA-0151,Elections In Marikana The Mining Belt Makes Its Mark In Pictures,2014,2014-05-07,Daily Maverick,https://www.dailymaverick.co.za/article/2014-05-07-elections-in-marikana-the-mining-belt-makes-its-mark-in-pictures/,explicit_case_title_review,manual_review_title_text_mismatch,acquired_extracted,122,24f0b9f71b0c108635d91bb84ad46eeb9e4a88d43dcd8425c9c65533191587a2,0,,0,,0,0,,0,0,,0,0,false,false,false,ambiguous_low_signal,Automated evidence signals are insufficient for a defensible inclusion/exclusion decision.,,,
DISC-MEDIA-0152,Marikana Commission Man And His Truth A Story Of The Policemen Who Was Not Afraid,2014,2014-05-15,Daily Maverick,https://www.dailymaverick.co.za/article/2014-05-15-marikana-commission-man-and-his-truth-a-story-of-the-policemen-who-was-not-afraid/,explicit_case_title_review,priority_manual_review_case_signal,acquired_extracted,3660,dae8d1517500879e8b092418bd714ab21bc5121428997e959726247768323e92,0,marikana,12,strike;worker_miner;police;shooting_death;wage;protest_unrest;koppie,136,7,community;justice_accountability;commission_inquiry,24,3,share_price;earnings_results,2,2,false,false,true,strong_case_context_supported,"A Marikana/Farlam/Wonderkop/Nkaneng/Bapo term is supported by event, labour, justice, community or governance context; the case term is not being treated as sufficient on its own.",,,
DISC-MEDIA-0153,Platinum Strikes The Marikana Standoff Continues,2014,2014-05-15,Daily Maverick,https://www.dailymaverick.co.za/article/2014-05-15-platinum-strikes-the-marikana-standoff-continues/,explicit_case_title_review,priority_manual_review_case_signal,acquired_extracted,1164,809069439d7132a418e75837ecdbc3cd351c1dff6080a4ecd13ad60bc3fab93a,7,marikana;wonderkop,16,strike;worker_miner;police;shooting_death;wage;union;protest_unrest;koppie,79,8,community,1,1,share_price,1,1,false,false,false,strong_case_context_supported,"A Marikana/Farlam/Wonderkop/Nkaneng/Bapo term is supported by event, labour, justice, community or governance context; the case term is not being treated as sufficient on its own.",,,
DISC-MEDIA-0154,Marikana Commission All For Nought,2014,2014-05-19,Daily Maverick,https://www.dailymaverick.co.za/article/2014-05-19-marikana-commission-all-for-nought/,explicit_case_title_review,priority_manual_review_case_signal,acquired_extracted,753,38a0e6d7350fec8c9cbcd9aecc3b866b474a485ed0b1eeef79a26e8fde025f03,2,marikana;farlam;wonderkop,4,strike;worker_miner;police;shooting_death;protest_unrest;koppie,45,6,commission_inquiry,7,1,,0,0,false,false,true,strong_case_context_supported,"A Marikana/Farlam/Wonderkop/Nkaneng/Bapo term is supported by event, labour, justice, community or governance context; the case term is not being treated as sufficient on its own.",,,
DISC-MEDIA-0155,A Roadshow Like No Other Striking Marikana Miners Looking To Win Hearts And Minds,2014,2014-05-26,Daily Maverick,https://www.dailymaverick.co.za/article/2014-05-26-a-roadshow-like-no-other-striking-marikana-miners-looking-to-win-hearts-and-minds/,explicit_case_title_review,priority_manual_review_case_signal,acquired_extracted,1264,ece16f57f253a86469e322fbe3ba6d1ddadc8e6fa0513984f28a96d11023a6e4,2,marikana,5,strike;worker_miner;police;shooting_death;wage;union,62,6,housing;community,2,2,share_price;funding_debt,3,2,false,false,true,strong_case_context_supported,"A Marikana/Farlam/Wonderkop/Nkaneng/Bapo term is supported by event, labour, justice, community or governance context; the case term is not being treated as sufficient on its own.",,,
DISC-MEDIA-0156,Marikana Commission When Warning Shots Kill And Wound,2014,2014-06-17,Daily Maverick,https://www.dailymaverick.co.za/article/2014-06-17-marikana-commission-when-warning-shots-kill-and-wound/,explicit_case_title_review,priority_manual_review_case_signal,acquired_extracted,3081,8930fc0d5e9beae79db687d6f637f77ee193db0f1916b610385b26f804ba3e91,1,marikana;farlam,3,strike;worker_miner;police;shooting_death;protest_unrest;koppie,139,6,commission_inquiry,5,1,,0,0,false,false,true,strong_case_context_supported,"A Marikana/Farlam/Wonderkop/Nkaneng/Bapo term is supported by event, labour, justice, community or governance context; the case term is not being treated as sufficient on its own.",,,
DISC-MEDIA-0157,Marikana Commission Mr X Mr White,2014,2014-06-26,Daily Maverick,https://www.dailymaverick.co.za/article/2014-06-26-marikana-commission-mr-x-mr-white/,explicit_case_title_review,priority_manual_review_case_signal,acquired_extracted,1373,ad36361cb9edf2f6f3bb18037db93225f26af131d249753abcad84c4ddd5a77f,1,marikana;wonderkop,5,strike;worker_miner;police;shooting_death;wage;union;protest_unrest;koppie,81,8,justice_accountability;commission_inquiry,9,2,,0,0,false,false,true,strong_case_context_supported,"A Marikana/Farlam/Wonderkop/Nkaneng/Bapo term is supported by event, labour, justice, community or governance context; the case term is not being treated as sufficient on its own.",,,
DISC-MEDIA-0158,Marikana Commission Mr Xs Testimony Collapses Under Cross Examination,2014,2014-07-04,Daily Maverick,https://www.dailymaverick.co.za/article/2014-07-04-marikana-commission-mr-xs-testimony-collapses-under-cross-examination/,explicit_case_title_review,priority_manual_review_case_signal,acquired_extracted,1489,8571d55889a79fe9ea299747b4c358d5704daa3a143576fdd24b714bbc042ba7,5,marikana;farlam;wonderkop,8,strike;worker_miner;police;shooting_death;wage;union;protest_unrest;koppie,72,8,commission_inquiry,8,1,,0,0,false,false,true,strong_case_context_supported,"A Marikana/Farlam/Wonderkop/Nkaneng/Bapo term is supported by event, labour, justice, community or governance context; the case term is not being treated as sufficient on its own.",,,
DISC-MEDIA-0159,Daily Vox The Forgotten People Of Marikana,2014,2014-07-10,Daily Maverick,https://www.dailymaverick.co.za/article/2014-07-10-daily-vox-the-forgotten-people-of-marikana/,explicit_case_title_review,priority_manual_review_case_signal,acquired_extracted,542,f5b53a85f0c2475802159e29f4d35a5ebebb685540b13c5a5885161ac5152b85,1,marikana;wonderkop,2,strike;worker_miner,5,2,housing;community,6,2,transaction;exploration_project,2,2,false,false,false,strong_case_context_supported,"A Marikana/Farlam/Wonderkop/Nkaneng/Bapo term is supported by event, labour, justice, community or governance context; the case term is not being treated as sufficient on its own.",,,
DISC-MEDIA-0160,Marikana Commission Mthethwa Chooses Middle Road,2014,2014-07-15,Daily Maverick,https://www.dailymaverick.co.za/article/2014-07-15-marikana-commission-mthethwa-chooses-middle-road/,explicit_case_title_review,priority_manual_review_case_signal,acquired_extracted,1374,1500596334d85adca7f3f4aa6e9d2a39995394f5fadad8613ac4ec5633ca5a4a,3,marikana;farlam,5,worker_miner;police;shooting_death;union;protest_unrest;koppie,44,6,justice_accountability;commission_inquiry,11,2,transaction,1,1,false,false,true,strong_case_context_supported,"A Marikana/Farlam/Wonderkop/Nkaneng/Bapo term is supported by event, labour, justice, community or governance context; the case term is not being treated as sufficient on its own.",,,
DISC-MEDIA-0161,The Buffalo Prince And The Marikana Commission,2014,2014-08-11,Daily Maverick,https://www.dailymaverick.co.za/article/2014-08-11-the-buffalo-prince-and-the-marikana-commission/,explicit_case_title_review,priority_manual_review_case_signal,acquired_extracted,1816,7c09bfb821bf9547f8fe1b045d18a3238ebb9e32cd1ee107295d14057031c303,17,marikana;farlam,5,strike;worker_miner;police;shooting_death;wage;union;protest_unrest,76,7,housing;commission_inquiry,13,2,earnings_results;transaction,3,2,false,false,true,strong_case_context_supported,"A Marikana/Farlam/Wonderkop/Nkaneng/Bapo term is supported by event, labour, justice, community or governance context; the case term is not being treated as sufficient on its own.",,,
DISC-MEDIA-0162,Marikana Commission Families Speak,2014,2014-08-14,Daily Maverick,https://www.dailymaverick.co.za/article/2014-08-14-marikana-commission-families-speak/,explicit_case_title_review,priority_manual_review_case_signal,acquired_extracted,989,d54048b98058340c700b40a116c4610325c354686a7204d82b1e041ed00a6956,3,marikana;wonderkop;nkaneng,7,strike;worker_miner;police;shooting_death;wage;union;koppie,29,7,housing;justice_accountability;commission_inquiry,8,3,earnings_results;transaction,2,2,false,false,true,strong_case_context_supported,"A Marikana/Farlam/Wonderkop/Nkaneng/Bapo term is supported by event, labour, justice, community or governance context; the case term is not being treated as sufficient on its own.",,,
DISC-MEDIA-0163,Marikana Two Years On Cape Towns Protest Artists Remember The Dead,2014,2014-08-15,Daily Maverick,https://www.dailymaverick.co.za/article/2014-08-15-marikana-two-years-on-cape-towns-protest-artists-remember-the-dead/,explicit_case_title_review,priority_manual_review_case_signal,acquired_extracted,1115,2e76a4fd36136eab9f8224c16897c731b8e5b85449628f73151af0dfa24b04d3,2,marikana;farlam,19,worker_miner;police;shooting_death;wage;protest_unrest,21,5,commission_inquiry,1,1,transaction,2,1,false,false,false,strong_case_context_supported,"A Marikana/Farlam/Wonderkop/Nkaneng/Bapo term is supported by event, labour, justice, community or governance context; the case term is not being treated as sufficient on its own.",,,
DISC-MEDIA-0164,Editorial Never Forget Marikana,2014,2014-08-17,Daily Maverick,https://www.dailymaverick.co.za/article/2014-08-17-editorial-never-forget-marikana/,explicit_case_title_review,priority_manual_review_case_signal,acquired_extracted,1642,93bbf3f169e859c64e60cdd4359607c49de3e9d4ca5ceaf229c6324783405914,3,marikana,16,strike;worker_miner;police;shooting_death;union;protest_unrest;koppie,46,7,community;justice_accountability;commission_inquiry,24,3,,0,0,false,false,false,strong_case_context_supported,"A Marikana/Farlam/Wonderkop/Nkaneng/Bapo term is supported by event, labour, justice, community or governance context; the case term is not being treated as sufficient on its own.",,,
DISC-MEDIA-0165,Marikana Where Art Thou,2014,2014-08-19,Daily Maverick,https://www.dailymaverick.co.za/article/2014-08-19-marikana-where-art-thou/,explicit_case_title_review,priority_manual_review_case_signal,acquired_extracted,1148,bf0443fddaaa0c44b92aed2b22f19591cb4f50211ee03ce7a597feb204360f40,3,marikana,16,strike;worker_miner;police;shooting_death;union;protest_unrest;koppie,35,7,housing,1,1,funding_debt,1,1,false,false,false,strong_case_context_supported,"A Marikana/Farlam/Wonderkop/Nkaneng/Bapo term is supported by event, labour, justice, community or governance context; the case term is not being treated as sufficient on its own.",,,
DISC-MEDIA-0166,Marikana Commission Minister Shabangu Cant Act,2014,2014-08-26,Daily Maverick,https://www.dailymaverick.co.za/article/2014-08-26-marikana-commission-minister-shabangu-cant-act/,explicit_case_title_review,priority_manual_review_case_signal,acquired_extracted,1195,a9d175489997146b25429537ed86a5a544daef0967ddb3585234adbd7d923637,8,marikana;farlam,7,strike;worker_miner;police;shooting_death;wage;union;protest_unrest,69,7,justice_accountability;commission_inquiry,8,2,,0,0,false,false,true,strong_case_context_supported,"A Marikana/Farlam/Wonderkop/Nkaneng/Bapo term is supported by event, labour, justice, community or governance context; the case term is not being treated as sufficient on its own.",,,
DISC-MEDIA-0167,Marikana When Comrades Clash It Is The Truth That Suffers,2014,2014-09-01,Daily Maverick,https://www.dailymaverick.co.za/article/2014-09-01-marikana-when-comrades-clash-it-is-the-truth-that-suffers/,explicit_case_title_review,priority_manual_review_case_signal,acquired_extracted,2293,cabe161d2194ff62e9a8b17dccd19cbe8bc06d299f937bf94d46edca7fb22d6e,19,marikana,3,strike;worker_miner;police;shooting_death;wage;union;protest_unrest,69,7,housing;community;justice_accountability;commission_inquiry,16,4,earnings_results;transaction,2,2,false,false,false,strong_case_context_supported,"A Marikana/Farlam/Wonderkop/Nkaneng/Bapo term is supported by event, labour, justice, community or governance context; the case term is not being treated as sufficient on its own.",,,
DISC-MEDIA-0168,Marikana Commission Lonmin Under A Scorching Spotlight,2014,2014-09-15,Daily Maverick,https://www.dailymaverick.co.za/article/2014-09-15-marikana-commission-lonmin-under-a-scorching-spotlight/,explicit_case_title_review,priority_manual_review_case_signal,acquired_extracted,1793,3ba5c6ff4438257dbd34e4d6c364fa30666258088ab8848c6625e4af7e4ddd2f,26,marikana;farlam;wonderkop,5,strike;worker_miner;shooting_death;wage,18,4,housing;community;commission_inquiry,22,3,share_price;earnings_results;production_output;funding_debt;transaction;exploration_project,22,6,false,false,true,strong_case_context_supported,"A Marikana/Farlam/Wonderkop/Nkaneng/Bapo term is supported by event, labour, justice, community or governance context; the case term is not being treated as sufficient on its own.",,,
DISC-MEDIA-0169,Marikana Commission Questions Unanswered,2014,2014-09-17,Daily Maverick,https://www.dailymaverick.co.za/article/2014-09-17-marikana-commission-questions-unanswered/,explicit_case_title_review,priority_manual_review_case_signal,acquired_extracted,1109,d2f51da9cc10408bdd33c48df876ad84ffe129183a0b1ea2c1d920ea6668a9c2,3,marikana;farlam,3,strike;worker_miner;police;shooting_death;protest_unrest;koppie,52,6,commission_inquiry,4,1,,0,0,false,false,true,strong_case_context_supported,"A Marikana/Farlam/Wonderkop/Nkaneng/Bapo term is supported by event, labour, justice, community or governance context; the case term is not being treated as sufficient on its own.",,,
DISC-MEDIA-0170,Marikana Sceptical Miners Await An End To The Farlam Commission,2014,2014-09-25,Daily Maverick,https://www.dailymaverick.co.za/article/2014-09-25-marikana-sceptical-miners-await-an-end-to-the-farlam-commission/,explicit_case_title_review,priority_manual_review_case_signal,acquired_extracted,1022,6ad08e8ba2d4ae05239f703af7b79b49bdeb6495cf204c103d7b595e55a88854,2,marikana;farlam,15,strike;worker_miner;police;shooting_death;wage;protest_unrest,34,6,housing;community;justice_accountability;commission_inquiry,15,4,production_output,1,1,false,false,true,strong_case_context_supported,"A Marikana/Farlam/Wonderkop/Nkaneng/Bapo term is supported by event, labour, justice, community or governance context; the case term is not being treated as sufficient on its own.",,,
DISC-MEDIA-0171,Marikana The Musical A Tale Of Democracys Pitfalls,2014,2014-10-09,Daily Maverick,https://www.dailymaverick.co.za/article/2014-10-09-marikana-the-musical-a-tale-of-democracys-pitfalls/,explicit_case_title_review,priority_manual_review_case_signal,acquired_extracted,805,40763495c8965dea56e976b98131aa978a159ccd3c3eb6d3ccc097df51089436,1,marikana,12,strike;worker_miner;police;shooting_death;union,14,5,commission_inquiry,1,1,,0,0,false,false,false,strong_case_context_supported,"A Marikana/Farlam/Wonderkop/Nkaneng/Bapo term is supported by event, labour, justice, community or governance context; the case term is not being treated as sufficient on its own.",,,
DISC-MEDIA-0172,Marikana Dont Touch Lonmin On Its Bermuda,2014,2014-10-12,Daily Maverick,https://www.dailymaverick.co.za/article/2014-10-12-marikana-dont-touch-lonmin-on-its-bermuda/,explicit_case_title_review,priority_manual_review_case_signal,acquired_extracted,1369,46fd007fe9460d87cf3c5dc86f4e81211fdb6da9d1668311e36660fb8d46e1ff,32,marikana;farlam;nkaneng,9,worker_miner;police;wage;protest_unrest,5,4,housing;commission_inquiry,36,2,share_price;earnings_results;transaction,4,3,false,false,false,strong_case_context_supported,"A Marikana/Farlam/Wonderkop/Nkaneng/Bapo term is supported by event, labour, justice, community or governance context; the case term is not being treated as sufficient on its own.",,,
DISC-MEDIA-0173,Marikana The List Of Accused,2014,2014-10-31,Daily Maverick,https://www.dailymaverick.co.za/article/2014-10-31-marikana-the-list-of-accused/,explicit_case_title_review,priority_manual_review_case_signal,acquired_extracted,1534,359892a1ca58a73db02b2dc70e32cf5bfd3a84dffed5aaf1f4c962ed801fdfd2,3,marikana,2,strike;worker_miner;police;shooting_death;wage;protest_unrest;koppie,65,7,justice_accountability;commission_inquiry,20,2,earnings_results,3,1,false,false,false,strong_case_context_supported,"A Marikana/Farlam/Wonderkop/Nkaneng/Bapo term is supported by event, labour, justice, community or governance context; the case term is not being treated as sufficient on its own.",,,
DISC-MEDIA-0174,Marikana How The Police Constructed Their Story,2014,2014-11-05,Daily Maverick,https://www.dailymaverick.co.za/article/2014-11-05-marikana-how-the-police-constructed-their-story/,explicit_case_title_review,priority_manual_review_case_signal,acquired_extracted,723,e95daeeba86266aeb060e274084412d4f08d300f6bb616b5caa142a66de5b36f,2,marikana;farlam,6,strike;worker_miner;police;shooting_death;protest_unrest;koppie,36,6,commission_inquiry,7,1,,0,0,false,false,true,strong_case_context_supported,"A Marikana/Farlam/Wonderkop/Nkaneng/Bapo term is supported by event, labour, justice, community or governance context; the case term is not being treated as sufficient on its own.",,,
DISC-MEDIA-0175,Marikana Lonmins Broken Promises,2014,2014-11-05,Daily Maverick,https://www.dailymaverick.co.za/article/2014-11-05-marikana-lonmins-broken-promises/,explicit_case_title_review,priority_manual_review_case_signal,acquired_extracted,597,a4be05779666c1e57b87b5cfc768597db9663785c6c918398e4ee6944786fe76,11,marikana;farlam;wonderkop;nkaneng,6,strike;worker_miner;shooting_death,8,3,housing,17,1,share_price;earnings_results,2,2,false,false,false,strong_case_context_supported,"A Marikana/Farlam/Wonderkop/Nkaneng/Bapo term is supported by event, labour, justice, community or governance context; the case term is not being treated as sufficient on its own.",,,
DISC-MEDIA-0176,Marikana Phiyega Not Fit For Office,2014,2014-11-05,Daily Maverick,https://www.dailymaverick.co.za/article/2014-11-05-marikana-phiyega-not-fit-for-office/,explicit_case_title_review,priority_manual_review_case_signal,acquired_extracted,764,7f2a1b46445a8efa1ac515a01684474b1ede5238fd587b7369fabbf8b18cb1ad,5,marikana;farlam,2,strike;worker_miner;police;shooting_death;union,36,5,justice_accountability;commission_inquiry,8,2,funding_debt;exploration_project,4,2,false,false,false,strong_case_context_supported,"A Marikana/Farlam/Wonderkop/Nkaneng/Bapo term is supported by event, labour, justice, community or governance context; the case term is not being treated as sufficient on its own.",,,
DISC-MEDIA-0177,Marikana Time To Meet The Commissioners,2014,2014-11-07,Daily Maverick,https://www.dailymaverick.co.za/article/2014-11-07-marikana-time-to-meet-the-commissioners/,explicit_case_title_review,priority_manual_review_case_signal,acquired_extracted,1358,0cc636534549086049863dfedda417d976644993577a0df3232e7d8aeebdf56c,2,marikana;farlam,15,worker_miner;police;shooting_death;union,39,4,justice_accountability;commission_inquiry,27,2,,0,0,false,false,false,strong_case_context_supported,"A Marikana/Farlam/Wonderkop/Nkaneng/Bapo term is supported by event, labour, justice, community or governance context; the case term is not being treated as sufficient on its own.",,,
DISC-MEDIA-0178,Marikana Commission Ramaphosa Mpofus Number One,2014,2014-11-13,Daily Maverick,https://www.dailymaverick.co.za/article/2014-11-13-marikana-commission-ramaphosa-mpofus-number-one/,explicit_case_title_review,priority_manual_review_case_signal,acquired_extracted,1324,a1de6ec7a006813c80cbe185a8a5d858d1bbfb2781361cff57fa2a9f7a43264a,7,marikana;farlam,9,strike;worker_miner;police;shooting_death;wage;union;protest_unrest,67,7,commission_inquiry,10,1,earnings_results,1,1,false,false,true,strong_case_context_supported,"A Marikana/Farlam/Wonderkop/Nkaneng/Bapo term is supported by event, labour, justice, community or governance context; the case term is not being treated as sufficient on its own.",,,
DISC-MEDIA-0179,Marikana Commission Compensate The Relatives,2014,2014-11-14,Daily Maverick,https://www.dailymaverick.co.za/article/2014-11-14-marikana-commission-compensate-the-relatives/,explicit_case_title_review,priority_manual_review_case_signal,acquired_extracted,1329,1aadd9b6c8ed1f15934cd12f4b07646b66a7ae22011b8e03436a2a9b2851ec6a,11,marikana;farlam,8,strike;worker_miner;police;shooting_death;wage;union,43,6,community;justice_accountability;commission_inquiry,33,3,earnings_results;production_output;transaction,5,3,false,false,true,strong_case_context_supported,"A Marikana/Farlam/Wonderkop/Nkaneng/Bapo term is supported by event, labour, justice, community or governance context; the case term is not being treated as sufficient on its own.",,,
DISC-MEDIA-0180,The Closing Of The Marikana Commission The Thin Blue Lie,2014,2014-11-18,Daily Maverick,https://www.dailymaverick.co.za/article/2014-11-18-the-closing-of-the-marikana-commission-the-thin-blue-lie/,explicit_case_title_review,priority_manual_review_case_signal,acquired_extracted,1609,1c98b326e2c74d1977d3f8bd49caad6ece7b9a6af61ebfdca366c4b07bd71ca1,7,marikana;farlam,5,strike;worker_miner;police;shooting_death;union;protest_unrest,79,6,justice_accountability;commission_inquiry,13,2,share_price,1,1,false,false,true,strong_case_context_supported,"A Marikana/Farlam/Wonderkop/Nkaneng/Bapo term is supported by event, labour, justice, community or governance context; the case term is not being treated as sufficient on its own.",,,
DISC-MEDIA-0181,Op Ed After Marikana Commission What Now,2014,2014-11-26,Daily Maverick,https://www.dailymaverick.co.za/article/2014-11-26-op-ed-after-marikana-commission-what-now/,explicit_case_title_review,priority_manual_review_case_signal,acquired_extracted,1931,0d10ad3d623a78e3384f1e18747cb2069b1ef6691ef19f1654ea1e77dd17a256,13,marikana;nkaneng,14,strike;worker_miner;police;shooting_death;wage;union;protest_unrest,71,7,housing;justice_accountability;commission_inquiry,11,3,exploration_project,2,1,false,false,true,strong_case_context_supported,"A Marikana/Farlam/Wonderkop/Nkaneng/Bapo term is supported by event, labour, justice, community or governance context; the case term is not being treated as sufficient on its own.",,,
DISC-MEDIA-0182,Marikana Report Time For Justice But Will Phiyega Be Fired,2015,2015-03-31,Daily Maverick,https://www.dailymaverick.co.za/article/2015-03-31-marikana-report-time-for-justice-but-will-phiyega-be-fired/,explicit_case_title_review,priority_manual_review_case_signal,acquired_extracted,2028,76a4a510bbc1160930865307b5d8f3dcb8d5eaa682e6fa9a59ce9378baf7235e,11,marikana;farlam,6,strike;worker_miner;police;shooting_death;wage;union;protest_unrest;koppie,125,8,justice_accountability;commission_inquiry,23,2,,0,0,false,false,true,strong_case_context_supported,"A Marikana/Farlam/Wonderkop/Nkaneng/Bapo term is supported by event, labour, justice, community or governance context; the case term is not being treated as sufficient on its own.",,,
DISC-MEDIA-0183,Open Letter To President Zuma From The Marikana Support Campaign,2015,2015-05-06,Daily Maverick,https://www.dailymaverick.co.za/article/2015-05-06-open-letter-to-president-zuma-from-the-marikana-support-campaign/,explicit_case_title_review,priority_manual_review_case_signal,acquired_extracted,825,e164839deaec843030d6d843899564e6c8abd8357317ae94a8a1cebac85dc3b1,1,marikana;farlam,8,strike;worker_miner;police;shooting_death,12,4,justice_accountability;commission_inquiry,13,2,earnings_results;funding_debt;transaction,4,3,false,false,false,strong_case_context_supported,"A Marikana/Farlam/Wonderkop/Nkaneng/Bapo term is supported by event, labour, justice, community or governance context; the case term is not being treated as sufficient on its own.",,,
DISC-MEDIA-0184,Marikana Massacre Pressure Continues While The President Considers Report,2015,2015-05-12,Daily Maverick,https://www.dailymaverick.co.za/article/2015-05-12-marikana-massacre-pressure-continues-while-the-president-considers-report/,explicit_case_title_review,priority_manual_review_case_signal,acquired_extracted,1154,5b993427de9c047ebae92ae218b1360fac86908438506649f9bedb3da11488f8,8,marikana;farlam;wonderkop,10,strike;worker_miner;police;shooting_death;wage;union;protest_unrest,43,7,community;justice_accountability;commission_inquiry,8,3,share_price;earnings_results;production_output;transaction,7,4,false,false,true,strong_case_context_supported,"A Marikana/Farlam/Wonderkop/Nkaneng/Bapo term is supported by event, labour, justice, community or governance context; the case term is not being treated as sufficient on its own.",,,
DISC-MEDIA-0185,Another Perfect Storm Will Marikana Be Zumas New Nkandla,2015,2015-05-15,Daily Maverick,https://www.dailymaverick.co.za/article/2015-05-15-another-perfect-storm-will-marikana-be-zumas-new-nkandla/,explicit_case_title_review,priority_manual_review_case_signal,acquired_extracted,1407,82dacceb3890497c15c9a06c8fddccde3068f8042c6f8ed7bbaf4f342b309557,1,marikana;farlam,16,strike;worker_miner;police;shooting_death;wage,26,5,justice_accountability;commission_inquiry,21,2,funding_debt,2,1,false,false,false,strong_case_context_supported,"A Marikana/Farlam/Wonderkop/Nkaneng/Bapo term is supported by event, labour, justice, community or governance context; the case term is not being treated as sufficient on its own.",,,
DISC-MEDIA-0186,Marikana Report In The Hands Of God And Zuma,2015,2015-05-25,Daily Maverick,https://www.dailymaverick.co.za/article/2015-05-25-marikana-report-in-the-hands-of-god-and-zuma/,explicit_case_title_review,priority_manual_review_case_signal,acquired_extracted,1175,ba8fb5c388bf0e5732f1dd8e79b3f094754181366c4af9ed9883d805a4dc8907,2,marikana;farlam,15,strike;worker_miner;police;shooting_death;union;koppie,42,6,justice_accountability;commission_inquiry,22,2,,0,0,false,false,false,strong_case_context_supported,"A Marikana/Farlam/Wonderkop/Nkaneng/Bapo term is supported by event, labour, justice, community or governance context; the case term is not being treated as sufficient on its own.",,,
DISC-MEDIA-0187,Marikana Report Coming To Court,2015,2015-05-26,Daily Maverick,https://www.dailymaverick.co.za/article/2015-05-26-marikana-report-coming-to-court/,explicit_case_title_review,priority_manual_review_case_signal,acquired_extracted,872,4c41f5b8998e25bdd491547d3f285afa41817d7f7158d0335432c37ffc509118,1,marikana;farlam,10,worker_miner;police;shooting_death;union,18,4,justice_accountability;commission_inquiry,12,2,transaction,1,1,false,false,false,strong_case_context_supported,"A Marikana/Farlam/Wonderkop/Nkaneng/Bapo term is supported by event, labour, justice, community or governance context; the case term is not being treated as sufficient on its own.",,,
DISC-MEDIA-0188,Parliament Diary Placards A Date For The Marikana Report And An F Bomb,2015,2015-05-26,Daily Maverick,https://www.dailymaverick.co.za/article/2015-05-26-parliament-diary-placards-a-date-for-the-marikana-report-and-an-f-bomb/,explicit_case_title_review,priority_manual_review_case_signal,acquired_extracted,1229,4ac4d83f60949a5b3a98adf67e41edb259d0b0820c59a932416dca1751b31b16,0,marikana,5,worker_miner;police;wage;union,5,4,housing;community;commission_inquiry,4,3,earnings_results;transaction,2,2,false,false,false,strong_case_context_supported,"A Marikana/Farlam/Wonderkop/Nkaneng/Bapo term is supported by event, labour, justice, community or governance context; the case term is not being treated as sufficient on its own.",,,
DISC-MEDIA-0189,Marikana Report Court Papers Filed,2015,2015-06-03,Daily Maverick,https://www.dailymaverick.co.za/article/2015-06-03-marikana-report-court-papers-filed/,explicit_case_title_review,priority_manual_review_case_signal,acquired_extracted,853,0a3f6e95a27398ec05d75e29b755f827d30225acbb3126a07cb51ad790401caa,1,marikana;farlam,9,worker_miner;police;shooting_death;union,26,4,housing;justice_accountability;commission_inquiry,10,3,transaction,1,1,false,false,false,strong_case_context_supported,"A Marikana/Farlam/Wonderkop/Nkaneng/Bapo term is supported by event, labour, justice, community or governance context; the case term is not being treated as sufficient on its own.",,,
DISC-MEDIA-0190,Marikana Report The Pain While President Zuma Applies His Mind,2015,2015-06-08,Daily Maverick,https://www.dailymaverick.co.za/article/2015-06-08-marikana-report-the-pain-while-president-zuma-applies-his-mind/,explicit_case_title_review,priority_manual_review_case_signal,acquired_extracted,907,fb65b0c96d8732840be57791938761272db84f3a3bbfef8cf2248a3414ac34a9,4,marikana;farlam;wonderkop,7,strike;worker_miner;police;shooting_death,19,4,commission_inquiry,6,1,,0,0,false,false,false,strong_case_context_supported,"A Marikana/Farlam/Wonderkop/Nkaneng/Bapo term is supported by event, labour, justice, community or governance context; the case term is not being treated as sufficient on its own.",,,
DISC-MEDIA-0191,Marikana The Day President Zuma Added Insult To Injury,2015,2015-06-25,Daily Maverick,https://www.dailymaverick.co.za/article/2015-06-25-marikana-the-day-president-zuma-added-insult-to-injury/,explicit_case_title_review,priority_manual_review_case_signal,acquired_extracted,960,c657a8b7d6212ce79b53e90fc2ed8383dcab20a2267b1d3f7f8bdddd316f6abb,1,marikana;wonderkop,18,strike;worker_miner;police;shooting_death;protest_unrest,55,5,justice_accountability;commission_inquiry,9,2,transaction,1,1,false,false,false,strong_case_context_supported,"A Marikana/Farlam/Wonderkop/Nkaneng/Bapo term is supported by event, labour, justice, community or governance context; the case term is not being treated as sufficient on its own.",,,
DISC-MEDIA-0192,Marikana Report The Continuing Injustice For The People Of A Lesser God,2015,2015-06-26,Daily Maverick,https://www.dailymaverick.co.za/article/2015-06-26-marikana-report-the-continuing-injustice-for-the-people-of-a-lesser-god/,explicit_case_title_review,priority_manual_review_case_signal,acquired_extracted,1700,476af87ba4142a20749d5fb0bde49d0e554f81a4dd6b3686164b988e4bc2fb05,8,marikana;farlam,16,strike;worker_miner;police;shooting_death;wage;union;protest_unrest,56,7,housing;justice_accountability;commission_inquiry,36,3,funding_debt,1,1,false,false,false,strong_case_context_supported,"A Marikana/Farlam/Wonderkop/Nkaneng/Bapo term is supported by event, labour, justice, community or governance context; the case term is not being treated as sufficient on its own.",,,
DISC-MEDIA-0193,Marikana Report Aftermath This Is Too Painful,2015,2015-06-29,Daily Maverick,https://www.dailymaverick.co.za/article/2015-06-29-marikana-report-aftermath-this-is-too-painful/,explicit_case_title_review,priority_manual_review_case_signal,acquired_extracted,874,3297da503497a644c82c2acfec1173863e2384872c804b667b7a763ce22b81f3,5,marikana;farlam;wonderkop,11,strike;worker_miner;police;shooting_death,30,4,justice_accountability;commission_inquiry,11,2,earnings_results,1,1,false,false,false,strong_case_context_supported,"A Marikana/Farlam/Wonderkop/Nkaneng/Bapo term is supported by event, labour, justice, community or governance context; the case term is not being treated as sufficient on its own.",,,
DISC-MEDIA-0194,Op Ed In The Shadow Of Marikana A Lost Opportunity For Justice,2015,2015-06-29,Daily Maverick,https://www.dailymaverick.co.za/article/2015-06-29-op-ed-in-the-shadow-of-marikana-a-lost-opportunity-for-justice/,explicit_case_title_review,priority_manual_review_case_signal,acquired_extracted,1914,0b7226e959ccee486c5fe542f8f96042a26a9a257439a257fbbf43bb5532e789,8,marikana;farlam;nkaneng,10,strike;worker_miner;police;shooting_death;wage;union;protest_unrest;koppie,74,8,housing;community;justice_accountability;commission_inquiry,26,4,share_price;transaction,2,2,false,false,true,strong_case_context_supported,"A Marikana/Farlam/Wonderkop/Nkaneng/Bapo term is supported by event, labour, justice, community or governance context; the case term is not being treated as sufficient on its own.",,,
DISC-MEDIA-0195,After Marikana Report The Widows Talk About Life Of Hardship And Pain,2015,2015-06-30,Daily Maverick,https://www.dailymaverick.co.za/article/2015-06-30-after-marikana-report-the-widows-talk-about-life-of-hardship-and-pain/,explicit_case_title_review,priority_manual_review_case_signal,acquired_extracted,1080,4660cc83c1699e58aad065977087369dd10b95016a2b284b386610b8f975b450,5,marikana;farlam,10,strike;worker_miner;police;shooting_death;union,27,5,housing;justice_accountability;commission_inquiry,17,3,,0,0,false,false,true,strong_case_context_supported,"A Marikana/Farlam/Wonderkop/Nkaneng/Bapo term is supported by event, labour, justice, community or governance context; the case term is not being treated as sufficient on its own.",,,
DISC-MEDIA-0196,The Curious Case Of The Ancs Post Marikana Silence,2015,2015-06-30,Daily Maverick,https://www.dailymaverick.co.za/article/2015-06-30-the-curious-case-of-the-ancs-post-marikana-silence/,explicit_case_title_review,priority_manual_review_case_signal,acquired_extracted,1058,f9f399c2fb1f8d03b663ecdc2421b878ba96de366f18d9bba270c4796804e4c9,1,marikana,9,strike;worker_miner;police;shooting_death;union,21,5,housing;justice_accountability,4,2,share_price,1,1,false,false,false,strong_case_context_supported,"A Marikana/Farlam/Wonderkop/Nkaneng/Bapo term is supported by event, labour, justice, community or governance context; the case term is not being treated as sufficient on its own.",,,
DISC-MEDIA-0197,Women Of Marikana Lodge World Bank Complaint Against Lonmin,2015,2015-06-30,Daily Maverick,https://www.dailymaverick.co.za/article/2015-06-30-women-of-marikana-lodge-world-bank-complaint-against-lonmin/,explicit_case_title_review,priority_manual_review_case_signal,acquired_extracted,908,45d9e1f414278958684c33a41591f6e913505068e8e73cdd93e1cfb032355964,14,marikana;farlam;nkaneng,18,strike;worker_miner;police;shooting_death;union;protest_unrest,10,6,housing;community;slp;justice_accountability,14,4,funding_debt,1,1,false,false,false,strong_case_context_supported,"A Marikana/Farlam/Wonderkop/Nkaneng/Bapo term is supported by event, labour, justice, community or governance context; the case term is not being treated as sufficient on its own.",,,
DISC-MEDIA-0198,Podcast Marikana The Fallout,2015,2015-07-01,Daily Maverick,https://www.dailymaverick.co.za/article/2015-07-01-podcast-marikana-the-fallout/,explicit_case_title_review,priority_manual_review_case_signal,acquired_extracted,99,e7b7ba3aade255bb6e857d0e4cac27d1985d3b96868ed8b1ef8f05285088b9c1,0,marikana,2,strike;worker_miner;shooting_death,6,3,,0,0,,0,0,false,false,false,strong_case_context_supported,"A Marikana/Farlam/Wonderkop/Nkaneng/Bapo term is supported by event, labour, justice, community or governance context; the case term is not being treated as sufficient on its own.",,,
DISC-MEDIA-0199,Baggage Or Collateral Damage Marikana And Ramaphosas Path To The Presidency,2015,2015-07-07,Daily Maverick,https://www.dailymaverick.co.za/article/2015-07-07-baggage-or-collateral-damage-marikana-and-ramaphosas-path-to-the-presidency/,explicit_case_title_review,priority_manual_review_case_signal,acquired_extracted,1400,89162961d4bbbd90a744541abe66c021ca4eafc3edf4b6a4a8e7563e99461395,3,marikana;farlam,12,strike;worker_miner;police;shooting_death;protest_unrest,20,5,justice_accountability;commission_inquiry,6,2,transaction,1,1,false,false,false,strong_case_context_supported,"A Marikana/Farlam/Wonderkop/Nkaneng/Bapo term is supported by event, labour, justice, community or governance context; the case term is not being treated as sufficient on its own.",,,
DISC-MEDIA-0200,Marikana Will Saps Do The Right Thing,2015,2015-07-08,Daily Maverick,https://www.dailymaverick.co.za/article/2015-07-08-marikana-will-saps-do-the-right-thing/,explicit_case_title_review,priority_manual_review_case_signal,acquired_extracted,1129,44867acc360b3b27f5ee524d84cdc0ecd79c113a32d94aaac98448ae5dc1bab8,4,marikana;farlam,19,strike;worker_miner;police;shooting_death;union;protest_unrest,48,6,justice_accountability;commission_inquiry,13,2,,0,0,false,false,true,strong_case_context_supported,"A Marikana/Farlam/Wonderkop/Nkaneng/Bapo term is supported by event, labour, justice, community or governance context; the case term is not being treated as sufficient on its own.",,,
DISC-MEDIA-0201,Marikanas Deep Throat Charge Brigadier Malahlela Unravel Police Lies And Deceit,2015,2015-07-20,Daily Maverick,https://www.dailymaverick.co.za/article/2015-07-20-marikanas-deep-throat-charge-brigadier-malahlela-unravel-police-lies-and-deceit/,explicit_case_title_review,priority_manual_review_case_signal,acquired_extracted,1529,1f72050a582be5e1aaa060e24d1cb79683d183b2b10474420971f683c3d1202a,1,marikana,6,strike;worker_miner;police;shooting_death,32,4,commission_inquiry,11,1,earnings_results,1,1,false,false,true,strong_case_context_supported,"A Marikana/Farlam/Wonderkop/Nkaneng/Bapo term is supported by event, labour, justice, community or governance context; the case term is not being treated as sufficient on its own.",,,
DISC-MEDIA-0202,Op Ed Marikana Justice Delayed Is Justice Denied,2015,2015-07-30,Daily Maverick,https://www.dailymaverick.co.za/article/2015-07-30-op-ed-marikana-justice-delayed-is-justice-denied/,explicit_case_title_review,priority_manual_review_case_signal,acquired_extracted,552,9b07a3593c44ed05bfc1c2ad3c1b19310e56ffc9c9a675e0f5f783eb2066c204,1,marikana;farlam;wonderkop,9,strike;worker_miner;police;shooting_death;protest_unrest,27,5,justice_accountability;commission_inquiry,9,2,,0,0,false,false,true,strong_case_context_supported,"A Marikana/Farlam/Wonderkop/Nkaneng/Bapo term is supported by event, labour, justice, community or governance context; the case term is not being treated as sufficient on its own.",,,
DISC-MEDIA-0203,Marikana Families To Nhleko Payusthemoney,2015,2015-08-14,Daily Maverick,https://www.dailymaverick.co.za/article/2015-08-14-marikana-families-to-nhleko-payusthemoney/,explicit_case_title_review,priority_manual_review_case_signal,acquired_extracted,1144,270e073fbe23aa6cf781f62b194cf88b9ec054d4741e466bf2850267c4e52c9a,4,marikana,10,strike;worker_miner;police;shooting_death;wage;union;protest_unrest,45,7,justice_accountability;commission_inquiry,22,2,earnings_results,1,1,false,false,true,strong_case_context_supported,"A Marikana/Farlam/Wonderkop/Nkaneng/Bapo term is supported by event, labour, justice, community or governance context; the case term is not being treated as sufficient on its own.",,,
DISC-MEDIA-0204,Marikana Three Years On Political Posturing Vs The Quest For Truth And Closure,2015,2015-08-14,Daily Maverick,https://www.dailymaverick.co.za/article/2015-08-14-marikana-three-years-on-political-posturing-vs-the-quest-for-truth-and-closure/,explicit_case_title_review,priority_manual_review_case_signal,acquired_extracted,1261,12373658fc10f7d2e60bfba95aefb786ddd5099755cf01d1f16b6da257808f72,2,marikana;farlam,19,strike;worker_miner;police;shooting_death;wage;union;protest_unrest;koppie,65,8,housing;community;justice_accountability;commission_inquiry,28,4,earnings_results,1,1,false,false,false,strong_case_context_supported,"A Marikana/Farlam/Wonderkop/Nkaneng/Bapo term is supported by event, labour, justice, community or governance context; the case term is not being treated as sufficient on its own.",,,
DISC-MEDIA-0205,Marikana Three Years On Workers Call For Justice But Justice Doesnt Come,2015,2015-08-17,Daily Maverick,https://www.dailymaverick.co.za/article/2015-08-17-marikana-three-years-on-workers-call-for-justice-but-justice-doesnt-come/,explicit_case_title_review,priority_manual_review_case_signal,acquired_extracted,835,89b61496e4fc6d81b761b10a092fb3efe653e05c8a6cd63f5e73b6912b28229e,5,marikana;farlam,8,strike;worker_miner;police;shooting_death;wage;union;protest_unrest;koppie,40,8,housing;justice_accountability;commission_inquiry,10,3,earnings_results;commodity_market,3,2,false,false,true,strong_case_context_supported,"A Marikana/Farlam/Wonderkop/Nkaneng/Bapo term is supported by event, labour, justice, community or governance context; the case term is not being treated as sufficient on its own.",,,
DISC-MEDIA-0206,Marikana I Dont See Any Difference In Living Conditions,2015,2015-08-18,Daily Maverick,https://www.dailymaverick.co.za/article/2015-08-18-marikana-i-dont-see-any-difference-in-living-conditions/,explicit_case_title_review,priority_manual_review_case_signal,acquired_extracted,1157,076a11c5bcd7d45bc9f78b78552d41b71779b8b1e959fe498576bef95a79f708,12,marikana;wonderkop;nkaneng,16,strike;worker_miner;shooting_death;protest_unrest,19,4,housing;community;commission_inquiry,26,3,earnings_results;funding_debt;exploration_project;commodity_market,4,4,false,false,false,strong_case_context_supported,"A Marikana/Farlam/Wonderkop/Nkaneng/Bapo term is supported by event, labour, justice, community or governance context; the case term is not being treated as sufficient on its own.",,,
DISC-MEDIA-0207,Analysis Marikana And Roodepoort Reflect South Africas Policing Crisis,2015,2015-08-20,Daily Maverick,https://www.dailymaverick.co.za/article/2015-08-20-analysis-marikana-and-roodepoort-reflect-south-africas-policing-crisis/,explicit_case_title_review,priority_manual_review_case_signal,acquired_extracted,1290,f3feaf25fb5c20211d4995c4ab4c9a572f8a3c270ee57f7b3481559c8d576660,0,marikana;farlam,12,police;shooting_death;protest_unrest,27,3,community;commission_inquiry,8,2,earnings_results;funding_debt,3,2,false,false,false,strong_case_context_supported,"A Marikana/Farlam/Wonderkop/Nkaneng/Bapo term is supported by event, labour, justice, community or governance context; the case term is not being treated as sufficient on its own.",,,
DISC-MEDIA-0208,Parliament Nhleko Is Impressive But Marikana Victims Are Still Waiting,2015,2015-09-03,Daily Maverick,https://www.dailymaverick.co.za/article/2015-09-03-parliament-nhleko-is-impressive-but-marikana-victims-are-still-waiting/,explicit_case_title_review,priority_manual_review_case_signal,acquired_extracted,969,284ae99ec530f2b0b2a9e9a17f179544874c2ef28dff214e64f4e434f4c1866e,0,marikana;farlam,8,worker_miner;police;shooting_death,17,3,community;justice_accountability;commission_inquiry,8,3,,0,0,false,false,true,strong_case_context_supported,"A Marikana/Farlam/Wonderkop/Nkaneng/Bapo term is supported by event, labour, justice, community or governance context; the case term is not being treated as sufficient on its own.",,,
DISC-MEDIA-0209,Marikana Another Delay And A Hint Of Compensation,2015,2015-09-15,Daily Maverick,https://www.dailymaverick.co.za/article/2015-09-15-marikana-another-delay-and-a-hint-of-compensation/,explicit_case_title_review,priority_manual_review_case_signal,acquired_extracted,781,9ee154c1f130deaf7944ff4007409d55429646f416dfeca8e2411a934469dd59,0,marikana,10,worker_miner;police;shooting_death,20,3,justice_accountability;commission_inquiry,11,2,earnings_results,2,1,false,false,true,strong_case_context_supported,"A Marikana/Farlam/Wonderkop/Nkaneng/Bapo term is supported by event, labour, justice, community or governance context; the case term is not being treated as sufficient on its own.",,,
DISC-MEDIA-0210,Marikana Zuma Opens Compensation Discussions,2015,2015-09-29,Daily Maverick,https://www.dailymaverick.co.za/article/2015-09-29-marikana-zuma-opens-compensation-discussions/,explicit_case_title_review,priority_manual_review_case_signal,acquired_extracted,1061,5b8ce6f66e5d0cdc50ce07873a090fc511905f4a7a4ee36f280f1a678d5c790b,1,marikana,13,strike;worker_miner;police;shooting_death,30,4,justice_accountability;commission_inquiry,22,2,,0,0,false,false,true,strong_case_context_supported,"A Marikana/Farlam/Wonderkop/Nkaneng/Bapo term is supported by event, labour, justice, community or governance context; the case term is not being treated as sufficient on its own.",,,
DISC-MEDIA-0211,Op Ed Piketty Misses The Mark On Marikana,2015,2015-10-06,Daily Maverick,https://www.dailymaverick.co.za/article/2015-10-06-op-ed-piketty-misses-the-mark-on-marikana/,explicit_case_title_review,priority_manual_review_case_signal,acquired_extracted,1951,7cf07a234eb1b5655610ea304fa8dd29bfdccc748b7f201182dda46b3d7b167d,10,marikana;wonderkop,20,strike;worker_miner;police;shooting_death;wage;union;protest_unrest,63,7,housing;justice_accountability,2,2,earnings_results;production_output;commodity_market,16,3,false,false,false,strong_case_context_supported,"A Marikana/Farlam/Wonderkop/Nkaneng/Bapo term is supported by event, labour, justice, community or governance context; the case term is not being treated as sufficient on its own.",,,
DISC-MEDIA-0212,Parliament Diary Marikana Still Dogs Ramaphosa,2015,2015-11-12,Daily Maverick,https://www.dailymaverick.co.za/article/2015-11-12-parliament-diary-marikana-still-dogs-ramaphosa/,explicit_case_title_review,priority_manual_review_case_signal,acquired_extracted,1011,548d642220bc000593058d3ccf28cc0194e8bb624487a8d6398bfcc380fd6bbc,0,marikana;farlam,5,strike;worker_miner;police;shooting_death;union;protest_unrest,27,6,justice_accountability;commission_inquiry,3,2,,0,0,false,false,false,strong_case_context_supported,"A Marikana/Farlam/Wonderkop/Nkaneng/Bapo term is supported by event, labour, justice, community or governance context; the case term is not being treated as sufficient on its own.",,,
DISC-MEDIA-0213,Marikana Cyril Cited Compensation Slated,2015,2015-11-13,Daily Maverick,https://www.dailymaverick.co.za/article/2015-11-13-marikana-cyril-cited-compensation-slated/,explicit_case_title_review,priority_manual_review_case_signal,acquired_extracted,860,df8c85a1d732a6893491632f1034b47f8f5276b665313f3ea2ebe9f50d14f13a,2,marikana;farlam,11,strike;worker_miner;police;shooting_death;wage,23,5,housing;justice_accountability;commission_inquiry,18,3,earnings_results,2,1,false,false,true,strong_case_context_supported,"A Marikana/Farlam/Wonderkop/Nkaneng/Bapo term is supported by event, labour, justice, community or governance context; the case term is not being treated as sufficient on its own.",,,
DISC-MEDIA-0214,Marikana What Compensation Discussions,2015,2015-12-07,Daily Maverick,https://www.dailymaverick.co.za/article/2015-12-07-marikana-what-compensation-discussions/,explicit_case_title_review,priority_manual_review_case_signal,acquired_extracted,969,dcd0e4e07e684d0f4d0d545b94087180d26838419ed2f83765e125ffafc1a871,1,marikana;nkaneng,12,worker_miner;police;shooting_death,18,3,justice_accountability;commission_inquiry,12,2,earnings_results,4,1,false,false,true,strong_case_context_supported,"A Marikana/Farlam/Wonderkop/Nkaneng/Bapo term is supported by event, labour, justice, community or governance context; the case term is not being treated as sufficient on its own.",,,
DISC-MEDIA-0215,Presidency Marikana Compensation Talks To Begin In January,2015,2015-12-08,Daily Maverick,https://www.dailymaverick.co.za/article/2015-12-08-presidency-marikana-compensation-talks-to-begin-in-january/,explicit_case_title_review,priority_manual_review_case_signal,acquired_extracted,795,af57ae12946c332904a4c153c05cbcdb70b713cd104a602baf8b3dcc4f829307,2,marikana,9,worker_miner;police;shooting_death;protest_unrest,17,4,community;justice_accountability;commission_inquiry,10,3,earnings_results,2,1,false,false,true,strong_case_context_supported,"A Marikana/Farlam/Wonderkop/Nkaneng/Bapo term is supported by event, labour, justice, community or governance context; the case term is not being treated as sufficient on its own.",,,
DISC-MEDIA-0216,Marikana Phiyegas Inquiry Begins As Compensation Is Still Elusive,2016,2016-05-05,Daily Maverick,https://www.dailymaverick.co.za/article/2016-05-05-marikana-phiyegas-inquiry-begins-as-compensation-is-still-elusive/,explicit_case_title_review,priority_manual_review_case_signal,acquired_extracted,979,02cacdda6ebef85a08dad1a598b198a63df7f6b2fb0ee3b477c059699b45fee2,0,marikana;farlam;wonderkop,18,strike;worker_miner;police;shooting_death,23,4,justice_accountability;commission_inquiry,26,2,earnings_results,3,1,false,false,true,strong_case_context_supported,"A Marikana/Farlam/Wonderkop/Nkaneng/Bapo term is supported by event, labour, justice, community or governance context; the case term is not being treated as sufficient on its own.",,,
DISC-MEDIA-0217,Shadow Play State Security Marikana And A Bogus Union,2016,2016-06-02,Daily Maverick,https://www.dailymaverick.co.za/article/2016-06-02-shadow-play-state-security-marikana-and-a-bogus-union/,explicit_case_title_review,priority_manual_review_case_signal,acquired_extracted,1982,94e1af997097ff3ebdb0154328879ce0bcf1fa75bb103ed7aeb0013ebe9ac9c2,10,marikana;farlam;wonderkop,8,strike;worker_miner;police;shooting_death;union,35,5,justice_accountability;commission_inquiry,5,2,earnings_results;funding_debt;exploration_project,6,3,false,false,false,strong_case_context_supported,"A Marikana/Farlam/Wonderkop/Nkaneng/Bapo term is supported by event, labour, justice, community or governance context; the case term is not being treated as sufficient on its own.",,,
DISC-MEDIA-0218,Op Ed From Soweto To Marikana Police Action And Inaction Then And Now,2016,2016-06-16,Daily Maverick,https://www.dailymaverick.co.za/article/2016-06-16-op-ed-from-soweto-to-marikana-police-action-and-inaction-then-and-now/,explicit_case_title_review,priority_manual_review_case_signal,acquired_extracted,1451,65da3e83c175cce6b320420c4890d38f002584749dc38f9e309d6d59b3b0b844,0,marikana,2,strike;worker_miner;police;shooting_death;wage;protest_unrest,70,6,community;commission_inquiry,4,2,commodity_market,1,1,false,false,true,strong_case_context_supported,"A Marikana/Farlam/Wonderkop/Nkaneng/Bapo term is supported by event, labour, justice, community or governance context; the case term is not being treated as sufficient on its own.",,,
DISC-MEDIA-0219,Review Noma The Bleak Journey To The Other Marikana,2016,2016-06-17,Daily Maverick,https://www.dailymaverick.co.za/article/2016-06-17-review-noma-the-bleak-journey-to-the-other-marikana/,explicit_case_title_review,priority_manual_review_case_signal,acquired_extracted,1139,617ee0bcfd2160735640150fc3596739be805385b1ebd6be05500500f2326d75,0,marikana,6,shooting_death;protest_unrest,3,2,housing,7,1,share_price;earnings_results;transaction,3,3,false,false,false,strong_case_context_supported,"A Marikana/Farlam/Wonderkop/Nkaneng/Bapo term is supported by event, labour, justice, community or governance context; the case term is not being treated as sufficient on its own.",,,
DISC-MEDIA-0220,Marikana The Missing Consequences Of A Massacre,2016,2016-08-11,Daily Maverick,https://www.dailymaverick.co.za/article/2016-08-11-marikana-the-missing-consequences-of-a-massacre/,explicit_case_title_review,priority_manual_review_case_signal,acquired_extracted,997,bfc25c84cc777d6f2b9bb395d402228d5fb378d2e3a17e0bf91f9b8912d4dc15,7,marikana;wonderkop,8,strike;worker_miner;police;shooting_death;union,73,5,housing;justice_accountability;commission_inquiry,11,3,exploration_project,3,1,false,false,true,strong_case_context_supported,"A Marikana/Farlam/Wonderkop/Nkaneng/Bapo term is supported by event, labour, justice, community or governance context; the case term is not being treated as sufficient on its own.",,,
DISC-MEDIA-0221,Marikana And The Feesmustfall Generation Behind The Drama Lies Sas Challenge,2016,2016-08-16,Daily Maverick,https://www.dailymaverick.co.za/article/2016-08-16-marikana-and-the-feesmustfall-generation-behind-the-drama-lies-sas-challenge/,explicit_case_title_review,priority_manual_review_case_signal,acquired_extracted,1033,83ff228ec46e3039459bcecc524a4207a4e0b79c8cf0a6667214ef1ec407ed2f,9,marikana,10,strike;worker_miner;police;shooting_death;wage;union;protest_unrest,42,7,housing;justice_accountability;commission_inquiry,5,3,funding_debt;transaction,2,2,false,false,false,strong_case_context_supported,"A Marikana/Farlam/Wonderkop/Nkaneng/Bapo term is supported by event, labour, justice, community or governance context; the case term is not being treated as sufficient on its own.",,,
DISC-MEDIA-0222,Marikana On Edge Occupiers Ready To Defend In Housing Showdown,2016,2016-09-18,Daily Maverick,https://www.dailymaverick.co.za/article/2016-09-18-marikana-on-edge-occupiers-ready-to-defend-in-housing-showdown/,explicit_case_title_review,priority_manual_review_case_signal,acquired_extracted,1116,0ebf8625117551f4216316b36cf5f20dcc4dc4fda044ea721423ee7ce4938265,11,marikana;nkaneng,8,strike;worker_miner;police;shooting_death;wage;protest_unrest;koppie,31,7,housing;community;commission_inquiry,36,3,exploration_project,1,1,false,false,true,strong_case_context_supported,"A Marikana/Farlam/Wonderkop/Nkaneng/Bapo term is supported by event, labour, justice, community or governance context; the case term is not being treated as sufficient on its own.",,,
DISC-MEDIA-0223,Marikana Sikhale Sonke Withdraws From Lonmin Mediations,2016,2016-12-06,Daily Maverick,https://www.dailymaverick.co.za/article/2016-12-06-marikana-sikhale-sonke-withdraws-from-lonmin-mediations/,explicit_case_title_review,priority_manual_review_case_signal,acquired_extracted,1032,9a906f3e29ec989319e81d4064aa100e0502124f0aa70cd1d0a4667197dceb3f,22,marikana;farlam;nkaneng,15,strike;worker_miner;police;shooting_death;koppie,16,5,housing;community;slp;justice_accountability;commission_inquiry,21,5,funding_debt;exploration_project,6,2,false,false,false,strong_case_context_supported,"A Marikana/Farlam/Wonderkop/Nkaneng/Bapo term is supported by event, labour, justice, community or governance context; the case term is not being treated as sufficient on its own.",,,
DISC-MEDIA-0224,Marikana More Than Four Years After The Massacre That Shocked The World Charges Against Police Finally Laid,2016,2016-12-12,Daily Maverick,https://www.dailymaverick.co.za/article/2016-12-12-marikana-more-than-four-years-after-the-massacre-that-shocked-the-world-charges-against-police-finally-laid/,explicit_case_title_review,priority_manual_review_case_signal,acquired_extracted,1617,826e2bd48abe3afb2d13c1d1badb2e2dcd937dfcf50f7b60553aabb461213aee,9,marikana;wonderkop,19,strike;worker_miner;police;shooting_death;wage;koppie,55,6,housing;slp;justice_accountability;commission_inquiry,39,4,earnings_results,7,1,false,false,true,strong_case_context_supported,"A Marikana/Farlam/Wonderkop/Nkaneng/Bapo term is supported by event, labour, justice, community or governance context; the case term is not being treated as sufficient on its own.",,,
DISC-MEDIA-0225,Marikana Lonmin Defends Housing Plan,2016,2016-12-13,Daily Maverick,https://www.dailymaverick.co.za/article/2016-12-13-marikana-lonmin-defends-housing-plan/,explicit_case_title_review,priority_manual_review_case_signal,acquired_extracted,1009,7c6b33dfe723573edd723f17f46b29ebaa7b40a035ef4ba3ca4beaa3b9beebaf,20,marikana;nkaneng,8,strike;worker_miner;shooting_death;wage;union,10,5,housing;community;slp;justice_accountability;commission_inquiry,32,5,earnings_results;funding_debt,4,2,false,false,true,strong_case_context_supported,"A Marikana/Farlam/Wonderkop/Nkaneng/Bapo term is supported by event, labour, justice, community or governance context; the case term is not being treated as sufficient on its own.",,,
DISC-MEDIA-0226,Whats Mine Is Mine Lonmin And The Dangerous Art Of Intimidation,2016,2016-12-14,Daily Maverick,https://www.dailymaverick.co.za/article/2016-12-14-whats-mine-is-mine-lonmin-and-the-dangerous-art-of-intimidation/,lonmin_only_title_review,priority_manual_review_case_signal,acquired_extracted,2273,e9643af576114ae7e9e9c8d2eccdd8d016ddd4e9ce9e900e835daadde7cd26db,28,marikana;bapo,9,worker_miner;police;shooting_death;wage,4,4,community,9,1,share_price;earnings_results;funding_debt;transaction;exploration_project,19,5,false,false,false,strong_case_context_supported,"A Marikana/Farlam/Wonderkop/Nkaneng/Bapo term is supported by event, labour, justice, community or governance context; the case term is not being treated as sufficient on its own.",,,
DISC-MEDIA-0227,Eff Activists Marikana Murder Charges Politically Motivated Say Supporters,2017,2017-01-09,Daily Maverick,https://www.dailymaverick.co.za/article/2017-01-09-eff-activists-marikana-murder-charges-politically-motivated-say-supporters/,explicit_case_title_review,priority_manual_review_case_signal,acquired_extracted,837,4faae1115419ac0e75d627570511d19b26aa259b679f6ee65b9d10b95ccfd8cc,0,marikana,8,worker_miner;police;shooting_death;union;protest_unrest,30,5,housing;community;justice_accountability;commission_inquiry,17,4,,0,0,false,false,false,strong_case_context_supported,"A Marikana/Farlam/Wonderkop/Nkaneng/Bapo term is supported by event, labour, justice, community or governance context; the case term is not being treated as sufficient on its own.",,,
DISC-MEDIA-0228,Groundup Landmark Marikana Settlement Case Begins 60000 Peoples Homes At Stake,2017,2017-02-08,Daily Maverick,https://www.dailymaverick.co.za/article/2017-02-08-groundup-landmark-marikana-settlement-case-begins-60000-peoples-homes-at-stake/,explicit_case_title_review,priority_manual_review_case_signal,acquired_extracted,737,060beb6841e3b1a9d075127992a828e3a34e6555c5dbd9af311e6e34588f0a7c,0,marikana,6,wage;protest_unrest,2,2,justice_accountability,1,1,funding_debt;transaction,4,2,false,true,false,strong_case_context_supported,"A Marikana/Farlam/Wonderkop/Nkaneng/Bapo term is supported by event, labour, justice, community or governance context; the case term is not being treated as sufficient on its own.",,,
DISC-MEDIA-0229,Groundup Marikana Case Homeowner In Informal Settlement Asks City To Buy Her Property,2017,2017-02-10,Daily Maverick,https://www.dailymaverick.co.za/article/2017-02-10-groundup-marikana-case-homeowner-in-informal-settlement-asks-city-to-buy-her-property/,explicit_case_title_review,priority_manual_review_case_signal,acquired_extracted,692,364a4b2838f5b5f20ecc665fedf72d3ec63269201da041b95be309081c3fcffb,0,marikana,4,police,1,1,housing,2,1,transaction,3,1,false,false,false,strong_case_context_supported,"A Marikana/Farlam/Wonderkop/Nkaneng/Bapo term is supported by event, labour, justice, community or governance context; the case term is not being treated as sufficient on its own.",,,
DISC-MEDIA-0230,Groundup Marikana Cape Town Lawyer Calls For State To Expropriate Land,2017,2017-02-13,Daily Maverick,https://www.dailymaverick.co.za/article/2017-02-13-groundup-marikana-cape-town-lawyer-calls-for-state-to-expropriate-land/,explicit_case_title_review,priority_manual_review_case_signal,acquired_extracted,497,5ea6960c0b75b862e9f1ce92043c968015781f929b618cad87d7c251a28f9cb4,0,marikana;farlam,8,worker_miner;police,9,2,housing;justice_accountability,4,2,commodity_market,1,1,false,false,false,strong_case_context_supported,"A Marikana/Farlam/Wonderkop/Nkaneng/Bapo term is supported by event, labour, justice, community or governance context; the case term is not being treated as sufficient on its own.",,,
DISC-MEDIA-0231,Groundup Marikana Settlement Judge Must Rule Whether To Compel State To Buy Compensate Or Evict,2017,2017-02-16,Daily Maverick,https://www.dailymaverick.co.za/article/2017-02-16-groundup-marikana-settlement-judge-must-rule-whether-to-compel-state-to-buy-compensate-or-evict/,explicit_case_title_review,priority_manual_review_case_signal,acquired_extracted,1010,acfb2e8ae184a2cfaf5a0f468860df3cc0f9b7a9993ae34b96d243f9567164c4,0,marikana,2,wage;protest_unrest,2,2,housing;community;justice_accountability,6,3,share_price;earnings_results;funding_debt;transaction;commodity_market,10,5,false,false,true,strong_case_context_supported,"A Marikana/Farlam/Wonderkop/Nkaneng/Bapo term is supported by event, labour, justice, community or governance context; the case term is not being treated as sufficient on its own.",,,
DISC-MEDIA-0232,Succession Chronicles Marikana Ramaphosas Cross,2017,2017-05-08,Daily Maverick,https://www.dailymaverick.co.za/article/2017-05-08-succession-chronicles-marikana-ramaphosas-cross/,explicit_case_title_review,priority_manual_review_case_signal,acquired_extracted,1543,8239c5a9385d99ad166290e5c5d80cce6da7f37b10ca9669029bd152f4352609,5,marikana,22,strike;worker_miner;police;shooting_death;wage;union,52,6,housing;justice_accountability;commission_inquiry,11,3,earnings_results;funding_debt,4,2,false,false,false,strong_case_context_supported,"A Marikana/Farlam/Wonderkop/Nkaneng/Bapo term is supported by event, labour, justice, community or governance context; the case term is not being treated as sufficient on its own.",,,
DISC-MEDIA-0233,Ww We Reject Ramaphosas Marikana Apology Azapo,2017,2017-05-08,Daily Maverick,https://www.dailymaverick.co.za/article/2017-05-08-ww-we-reject-ramaphosas-marikana-apology-azapo/,explicit_case_title_review,priority_manual_review_case_signal,acquired_extracted,336,656f40fc449f1cb8d3c5173ba7d96d1e9e82d2e93c043c00af6650ddab29ac02,2,marikana,3,strike;worker_miner;shooting_death,14,3,,0,0,production_output,1,1,false,false,false,strong_case_context_supported,"A Marikana/Farlam/Wonderkop/Nkaneng/Bapo term is supported by event, labour, justice, community or governance context; the case term is not being treated as sufficient on its own.",,,
DISC-MEDIA-0234,Never Forget Marikana Interview With The Allan Paton Award Winner Greg Marinovich,2017,2017-06-26,Daily Maverick,https://www.dailymaverick.co.za/article/2017-06-26-never-forget-marikana-interview-with-the-allan-paton-award-winner-greg-marinovich/,explicit_case_title_review,priority_manual_review_case_signal,acquired_extracted,1047,75166c24fcd701341ce23574a89efaf58a6a44fbb9cb34602b5f8c41f32ae7a8,2,marikana,13,strike;worker_miner;police;shooting_death;union;protest_unrest;koppie,44,7,community;justice_accountability;commission_inquiry,9,3,,0,0,false,false,false,strong_case_context_supported,"A Marikana/Farlam/Wonderkop/Nkaneng/Bapo term is supported by event, labour, justice, community or governance context; the case term is not being treated as sufficient on its own.",,,
DISC-MEDIA-0235,Whats Mine Is Mine Lonmin And The Secret Claim On Marikana Land,2017,2017-07-27,Daily Maverick,https://www.dailymaverick.co.za/article/2017-07-27-whats-mine-is-mine-lonmin-and-the-secret-claim-on-marikana-land/,explicit_case_title_review,priority_manual_review_case_signal,acquired_extracted,1593,9f1695b7adabe83542eb13a175d00bb096f23e7f9f7f878ced3d51f4a42e733c,18,marikana;wonderkop;bapo,25,worker_miner;police;shooting_death,5,3,community,13,1,share_price;earnings_results;transaction,4,3,false,false,false,strong_case_context_supported,"A Marikana/Farlam/Wonderkop/Nkaneng/Bapo term is supported by event, labour, justice, community or governance context; the case term is not being treated as sufficient on its own.",,,
DISC-MEDIA-0236,Five Years Later We Havent Learnt Anything From Marikana,2017,2017-08-15,Daily Maverick,https://www.dailymaverick.co.za/article/2017-08-15-five-years-later-we-havent-learnt-anything-from-marikana/,explicit_case_title_review,priority_manual_review_case_signal,acquired_extracted,1155,df10f93e26c8a6a88982a3d22879ebe339abb7e56af86871b26ea50313602dc5,6,marikana,15,strike;worker_miner;police;shooting_death;wage;union;protest_unrest;koppie,71,8,housing;justice_accountability;commission_inquiry,13,3,,0,0,false,false,false,strong_case_context_supported,"A Marikana/Farlam/Wonderkop/Nkaneng/Bapo term is supported by event, labour, justice, community or governance context; the case term is not being treated as sufficient on its own.",,,
DISC-MEDIA-0237,Op Ed Marikana Five Years Of Injustice,2017,2017-08-15,Daily Maverick,https://www.dailymaverick.co.za/article/2017-08-15-op-ed-marikana-five-years-of-injustice/,explicit_case_title_review,priority_manual_review_case_signal,acquired_extracted,1198,65d5a6b4d13282120d47a9bdfa46c10165235bab7be4fd624271351d76479b77,3,marikana;farlam,12,strike;worker_miner;police;shooting_death;wage,32,5,justice_accountability;commission_inquiry,10,2,earnings_results;funding_debt,3,2,false,false,false,strong_case_context_supported,"A Marikana/Farlam/Wonderkop/Nkaneng/Bapo term is supported by event, labour, justice, community or governance context; the case term is not being treated as sufficient on its own.",,,
DISC-MEDIA-0238,Iss Today Marikana Demands Truth Justice And Accountability,2017,2017-08-16,Daily Maverick,https://www.dailymaverick.co.za/article/2017-08-16-iss-today-marikana-demands-truth-justice-and-accountability/,explicit_case_title_review,priority_manual_review_case_signal,acquired_extracted,967,4cd293f436b308ca763c11588d8462e40677cbc30e800ee6843d899d5f77a16c,3,marikana;farlam,13,strike;worker_miner;police;shooting_death;wage;protest_unrest;koppie,68,7,justice_accountability;commission_inquiry,15,2,earnings_results,1,1,false,false,true,strong_case_context_supported,"A Marikana/Farlam/Wonderkop/Nkaneng/Bapo term is supported by event, labour, justice, community or governance context; the case term is not being treated as sufficient on its own.",,,
DISC-MEDIA-0239,Marikana Five Years Later Thousands Gather On The Koppie To Pay Tribute To The 34 Miners,2017,2017-08-17,Daily Maverick,https://www.dailymaverick.co.za/article/2017-08-17-marikana-five-years-later-thousands-gather-on-the-koppie-to-pay-tribute-to-the-34-miners/,explicit_case_title_review,priority_manual_review_case_signal,acquired_extracted,456,5df482b0e8bd5fb9ba47a11dcba6ac593ff4eb5d5d82cb312bdb883a0e4b24bc,1,marikana,7,strike;worker_miner;police;shooting_death;union;protest_unrest;koppie,52,7,,0,0,,0,0,false,false,true,strong_case_context_supported,"A Marikana/Farlam/Wonderkop/Nkaneng/Bapo term is supported by event, labour, justice, community or governance context; the case term is not being treated as sufficient on its own.",,,
DISC-MEDIA-0240,Groundup Lonmin Link To Casac Questioned,2017,2017-08-22,Daily Maverick,https://www.dailymaverick.co.za/article/2017-08-22-groundup-lonmin-link-to-casac-questioned/,lonmin_only_title_review,priority_manual_review_case_signal,acquired_extracted,1276,b7cb8409f6545fdee2382b00328dd1ffd9a331247dc6f39d2e94bda69f5064bc,7,marikana,7,police;shooting_death,8,2,community;justice_accountability;commission_inquiry,10,3,,0,0,false,false,false,strong_case_context_supported,"A Marikana/Farlam/Wonderkop/Nkaneng/Bapo term is supported by event, labour, justice, community or governance context; the case term is not being treated as sufficient on its own.",,,
DISC-MEDIA-0241,Anc Leadership Race Dlamini Zumas Incredible Marikana Misstep,2017,2017-08-24,Daily Maverick,https://www.dailymaverick.co.za/article/2017-08-24-anc-leadership-race-dlamini-zumas-incredible-marikana-misstep/,explicit_case_title_review,priority_manual_review_case_signal,acquired_extracted,1170,27d402d1b56c1537e44b531d99d508d83d58c8ad5b4ca77e0f0819b44acb8d56,1,marikana,6,worker_miner;police;shooting_death;wage,9,4,community,2,1,,0,0,false,false,false,strong_case_context_supported,"A Marikana/Farlam/Wonderkop/Nkaneng/Bapo term is supported by event, labour, justice, community or governance context; the case term is not being treated as sufficient on its own.",,,
DISC-MEDIA-0242,Groundup Marikana Lonmins Dodgy Housing Record,2017,2017-09-04,Daily Maverick,https://www.dailymaverick.co.za/article/2017-09-04-groundup-marikana-lonmins-dodgy-housing-record/,explicit_case_title_review,priority_manual_review_case_signal,acquired_extracted,1618,94878456f2bace499bb087b7bf5aed6cc162328106a2d4a02a25a16f738951cc,30,marikana;farlam,7,worker_miner;shooting_death;wage;union,18,4,housing;slp;commission_inquiry,40,3,share_price;production_output;funding_debt;transaction,6,4,false,false,true,strong_case_context_supported,"A Marikana/Farlam/Wonderkop/Nkaneng/Bapo term is supported by event, labour, justice, community or governance context; the case term is not being treated as sufficient on its own.",,,
DISC-MEDIA-0243,Groundup Facts And Myths About The Judgment On The Marikana Informal Settlement In Philippi,2017,2017-09-06,Daily Maverick,https://www.dailymaverick.co.za/article/2017-09-06-groundup-facts-and-myths-about-the-judgment-on-the-marikana-informal-settlement-in-philippi/,explicit_case_title_review,priority_manual_review_case_signal,acquired_extracted,1514,ffe9df447a1edba84c527bdb8f72f71a1bfde321c961906c7226e80b91fbaa00,0,marikana,17,wage,1,1,housing;community;justice_accountability,28,3,earnings_results;transaction,10,2,false,false,false,strong_case_context_supported,"A Marikana/Farlam/Wonderkop/Nkaneng/Bapo term is supported by event, labour, justice, community or governance context; the case term is not being treated as sufficient on its own.",,,
DISC-MEDIA-0244,Analysis Saps Fails To Transform Into Public Service Post Marikana,2017,2017-09-08,Daily Maverick,https://www.dailymaverick.co.za/article/2017-09-08-analysis-saps-fails-to-transform-into-public-service-post-marikana/,explicit_case_title_review,priority_manual_review_case_signal,acquired_extracted,1477,a09f3c268d704fc759b9ea59f9294f1860448b355a4b32c3043f3ace039340bc,0,marikana;wonderkop,10,strike;worker_miner;police;shooting_death;protest_unrest,55,5,housing;community;justice_accountability;commission_inquiry,14,4,,0,0,false,false,true,strong_case_context_supported,"A Marikana/Farlam/Wonderkop/Nkaneng/Bapo term is supported by event, labour, justice, community or governance context; the case term is not being treated as sufficient on its own.",,,
DISC-MEDIA-0245,Letter To The Editor Helen Zilles Facts Are Wrong On Marikana Housing Issue,2017,2017-09-14,Daily Maverick,https://www.dailymaverick.co.za/article/2017-09-14-letter-to-the-editor-helen-zilles-facts-are-wrong-on-marikana-housing-issue/,explicit_case_title_review,priority_manual_review_case_signal,acquired_extracted,1155,90fb4cadf156738de5658893cd16be00b26034a1ddbacaf83b9a54c4e9993448,0,marikana,17,police,3,1,housing,10,1,earnings_results;transaction,4,2,false,false,true,strong_case_context_supported,"A Marikana/Farlam/Wonderkop/Nkaneng/Bapo term is supported by event, labour, justice, community or governance context; the case term is not being treated as sufficient on its own.",,,
DISC-MEDIA-0246,Four Arrests Made After Marikana Shooting,2017,2017-10-02,Daily Maverick,https://www.dailymaverick.co.za/article/2017-10-02-four-arrests-made-after-marikana-shooting/,explicit_case_title_review,manual_review_title_text_mismatch,acquired_extracted,141,46532b8c70c21bf604b49c9ceecb3786848e1b1073a8cf353b1ebf0a0c445ebe,0,,0,police,2,1,commission_inquiry,1,1,,0,0,false,false,true,ambiguous_low_signal,Automated evidence signals are insufficient for a defensible inclusion/exclusion decision.,,,
DISC-MEDIA-0247,Groundup Marikana Residents Say Theyve Lost Faith In The Police,2017,2017-10-02,Daily Maverick,https://www.dailymaverick.co.za/article/2017-10-02-groundup-marikana-residents-say-theyve-lost-faith-in-the-police/,explicit_case_title_review,priority_manual_review_case_signal,acquired_extracted,640,6430a896ee1e5a5375dabc4c4d8593926b586077b99ce377b1374143783765b9,0,marikana,4,police;shooting_death,43,2,community,7,1,,0,0,false,false,true,strong_case_context_supported,"A Marikana/Farlam/Wonderkop/Nkaneng/Bapo term is supported by event, labour, justice, community or governance context; the case term is not being treated as sufficient on its own.",,,
DISC-MEDIA-0248,Groundup Police Dont Listen To Us Marikana Residents Tell Fikile Mbalula,2017,2017-10-04,Daily Maverick,https://www.dailymaverick.co.za/article/2017-10-04-groundup-police-dont-listen-to-us-marikana-residents-tell-fikile-mbalula/,explicit_case_title_review,priority_manual_review_case_signal,acquired_extracted,847,ac0120aac26ec67a83e2e843d5d022d23136d8236dce8445508e4b3d54b75bfb,0,marikana,8,police;shooting_death,40,2,community;justice_accountability,2,2,,0,0,false,false,true,strong_case_context_supported,"A Marikana/Farlam/Wonderkop/Nkaneng/Bapo term is supported by event, labour, justice, community or governance context; the case term is not being treated as sufficient on its own.",,,
DISC-MEDIA-0249,Groundup An Open Letter To The Authorities About Marikana Informal Settlement,2017,2017-10-05,Daily Maverick,https://www.dailymaverick.co.za/article/2017-10-05-groundup-an-open-letter-to-the-authorities-about-marikana-informal-settlement/,explicit_case_title_review,priority_manual_review_case_signal,acquired_extracted,825,bc1afadf1851810c713261a275595982d7fd684e195cbb306c37b2e554ce7447,0,marikana,13,police;shooting_death;protest_unrest,37,3,housing;community;justice_accountability;commission_inquiry,16,4,transaction,1,1,false,false,false,strong_case_context_supported,"A Marikana/Farlam/Wonderkop/Nkaneng/Bapo term is supported by event, labour, justice, community or governance context; the case term is not being treated as sufficient on its own.",,,
DISC-MEDIA-0250,Cape Town Paying The Price To Live In Marikana,2017,2017-10-06,Daily Maverick,https://www.dailymaverick.co.za/article/2017-10-06-cape-town-paying-the-price-to-live-in-marikana/,explicit_case_title_review,priority_manual_review_case_signal,acquired_extracted,868,550cce805a8284d4e2cbead59ba297aa9e7781f35ef25a00e6f2a51ecebf4b04,0,marikana,14,police;shooting_death;wage;protest_unrest,31,4,housing;community;justice_accountability,10,3,transaction,2,1,false,false,false,strong_case_context_supported,"A Marikana/Farlam/Wonderkop/Nkaneng/Bapo term is supported by event, labour, justice, community or governance context; the case term is not being treated as sufficient on its own.",,,
DISC-MEDIA-0251,Marikana Survivors Of The Massacre Are Still Hounded And Assassinated Amid Rumoured Hit List,2017,2017-10-20,Daily Maverick,https://www.dailymaverick.co.za/article/2017-10-20-marikana-survivors-of-the-massacre-are-still-hounded-and-assassinated-amid-rumoured-hit-list/,explicit_case_title_review,priority_manual_review_case_signal,acquired_extracted,1565,9a939169ef7186c99126b1ce7e05846bf6fa3c3177b1ae52121810ac9e056e4a,5,marikana;wonderkop,16,strike;worker_miner;police;shooting_death;union;protest_unrest;koppie,111,7,housing;community;justice_accountability;commission_inquiry,6,4,earnings_results;exploration_project,2,2,false,false,true,strong_case_context_supported,"A Marikana/Farlam/Wonderkop/Nkaneng/Bapo term is supported by event, labour, justice, community or governance context; the case term is not being treated as sufficient on its own.",,,
DISC-MEDIA-0252,Op Ed Global Developmental Financial Institution Needs To Be Accountable On Lonmin And Sassa,2017,2017-11-01,Daily Maverick,https://www.dailymaverick.co.za/article/2017-11-01-op-ed-global-developmental-financial-institution-needs-to-be-accountable-on-lonmin-and-sassa/,lonmin_only_title_review,priority_manual_review_case_signal,acquired_extracted,1599,ae5305f5eef44e96eb3444048d0d229bfbd3c08f80c1cc6955e936acdc0541a1,9,marikana,2,shooting_death,1,1,housing;community;justice_accountability,27,3,funding_debt;exploration_project,10,2,false,false,true,strong_case_context_supported,"A Marikana/Farlam/Wonderkop/Nkaneng/Bapo term is supported by event, labour, justice, community or governance context; the case term is not being treated as sufficient on its own.",,,
DISC-MEDIA-0253,Open Letter To Cyril Ramaphosa Use Your Power To Make Reparation Over Marikana,2018,2018-02-15,Daily Maverick,https://www.dailymaverick.co.za/article/2018-02-15-open-letter-to-cyril-ramaphosa-use-your-power-to-make-reparation-over-marikana/,explicit_case_title_review,priority_manual_review_case_signal,acquired_extracted,548,63282253a89e126119c8321b057cf02c7a9d4245b191bd78128c5a2622e19a0a,1,marikana,1,worker_miner;shooting_death;union,5,3,,0,0,transaction,1,1,false,false,false,strong_case_context_supported,"A Marikana/Farlam/Wonderkop/Nkaneng/Bapo term is supported by event, labour, justice, community or governance context; the case term is not being treated as sufficient on its own.",,,
DISC-MEDIA-0254,9 Senior Police Officials To Appear For Marikana Murders,2018,2018-03-15,Daily Maverick,https://www.dailymaverick.co.za/article/2018-03-15-9-senior-police-officials-to-appear-for-marikana-murders/,explicit_case_title_review,priority_manual_review_case_signal,acquired_extracted,247,7db193fc786795d88d07e536030197103b123069332a9334783605224ebc9dbd,0,marikana,2,strike;worker_miner;police;shooting_death;wage,24,5,housing;justice_accountability,2,2,,0,0,false,false,true,strong_case_context_supported,"A Marikana/Farlam/Wonderkop/Nkaneng/Bapo term is supported by event, labour, justice, community or governance context; the case term is not being treated as sufficient on its own.",,,
DISC-MEDIA-0255,Groundup Marikana Workers Live In Dire Conditions Three Years After Farlam Report,2018,2018-03-20,Daily Maverick,https://www.dailymaverick.co.za/article/2018-03-20-groundup-marikana-workers-live-in-dire-conditions-three-years-after-farlam-report/,explicit_case_title_review,priority_manual_review_case_signal,acquired_extracted,693,220d04b71c153f948cf029f80ea832eebb46b666638863bf875796fed1646900,14,marikana;farlam;wonderkop;nkaneng,18,shooting_death;protest_unrest,6,2,housing;community;slp;commission_inquiry,20,4,transaction,1,1,false,false,true,strong_case_context_supported,"A Marikana/Farlam/Wonderkop/Nkaneng/Bapo term is supported by event, labour, justice, community or governance context; the case term is not being treated as sufficient on its own.",,,
DISC-MEDIA-0256,Found Not Guilty By Court Marikana Activist Warns Of Cops Pursuing Political Agendas,2018,2018-05-22,Daily Maverick,https://www.dailymaverick.co.za/article/2018-05-22-found-not-guilty-by-court-marikana-activist-warns-of-cops-pursuing-political-agendas/,explicit_case_title_review,priority_manual_review_case_signal,acquired_extracted,878,6ad229c0a6f06930c1f72ef458cd6189d66ff8fbbf770500a30e1638066d529c,1,marikana,8,police;shooting_death;protest_unrest,15,3,housing;community;justice_accountability,13,3,,0,0,false,false,false,strong_case_context_supported,"A Marikana/Farlam/Wonderkop/Nkaneng/Bapo term is supported by event, labour, justice, community or governance context; the case term is not being treated as sufficient on its own.",,,
DISC-MEDIA-0257,Lonmin Says It Is A Victim Of Vexatious Litigation,2018,2018-10-29,Daily Maverick,https://www.dailymaverick.co.za/article/2018-10-29-lonmin-says-it-is-a-victim-of-vexatious-litigation/,lonmin_only_title_review,manual_review_possible_case_signal,acquired_extracted,761,09e51c3866b30e0920b6caf1a96f4810a3b31f7c7a4635fad67c0e800ee528c0,18,marikana,1,strike;worker_miner;shooting_death,5,3,community;slp;justice_accountability,21,3,earnings_results;production_output;transaction,5,3,false,false,true,strong_case_context_supported,"A Marikana/Farlam/Wonderkop/Nkaneng/Bapo term is supported by event, labour, justice, community or governance context; the case term is not being treated as sufficient on its own.",,,
DISC-MEDIA-0258,Lonmin Case Shows How Hard It Is To Hold Mines To Account,2019,2019-04-26,Daily Maverick,https://www.dailymaverick.co.za/article/2019-04-26-lonmin-case-shows-how-hard-it-is-to-hold-mines-to-account/,lonmin_only_title_review,priority_manual_review_case_signal,acquired_extracted,1070,3197abdc87c50c9e4ec7ffbe82317899dc0ace6f31153bc36314f55797397a72,22,marikana;bapo,9,strike;shooting_death,2,2,housing;community;slp;commission_inquiry,52,4,,0,0,false,false,false,strong_case_context_supported,"A Marikana/Farlam/Wonderkop/Nkaneng/Bapo term is supported by event, labour, justice, community or governance context; the case term is not being treated as sufficient on its own.",,,
DISC-MEDIA-0259,Sibanye Stillwater Ceo Explains Why He Has Drawn A Line In The Sand On Lonmin Deal,2019,2019-05-22,Daily Maverick,https://www.dailymaverick.co.za/article/2019-05-22-sibanye-stillwater-ceo-explains-why-he-has-drawn-a-line-in-the-sand-on-lonmin-deal/,lonmin_only_title_review,manual_review_possible_case_signal,acquired_extracted,788,f516f7381620b5b4c3c49995cd5c4ebe72f6021e3c7b634068cbba5ac7110066,14,marikana,1,strike;worker_miner;shooting_death;union,4,4,,0,0,share_price;transaction;commodity_market,10,3,false,false,false,strong_case_context_supported,"A Marikana/Farlam/Wonderkop/Nkaneng/Bapo term is supported by event, labour, justice, community or governance context; the case term is not being treated as sufficient on its own.",,,
DISC-MEDIA-0260,After Gobbling Up Lonmin The Sibanye Juggernaut Rolls On,2019,2019-05-28,Daily Maverick,https://www.dailymaverick.co.za/article/2019-05-28-after-gobbling-up-lonmin-the-sibanye-juggernaut-rolls-on/,lonmin_only_title_review,priority_manual_review_case_signal,acquired_extracted,784,ef4c37bf43d3b24648f1360ae7aee8ebacd5df9d14cbdb9bbcdc597ef9f1f9fc,8,marikana,2,strike;worker_miner;police;shooting_death;wage;union;protest_unrest,23,7,community,1,1,share_price;earnings_results;transaction;commodity_market,10,4,false,false,false,strong_case_context_supported,"A Marikana/Farlam/Wonderkop/Nkaneng/Bapo term is supported by event, labour, justice, community or governance context; the case term is not being treated as sufficient on its own.",,,
DISC-MEDIA-0261,Lonmin Investors Back Sibanye Deal To Create Platinum Giant,2019,2019-05-28,Daily Maverick,https://www.dailymaverick.co.za/article/2019-05-28-lonmin-investors-back-sibanye-deal-to-create-platinum-giant/,lonmin_only_title_review,manual_review_lonmin_only_low_case_signal,acquired_extracted,294,2971841d626cc57a4d014ddecc9f2ccff582e4fe6d1aeda0263b092be9cc5abc,10,,0,union,1,1,,0,0,share_price;earnings_results;funding_debt;transaction;commodity_market,9,5,false,false,false,likely_routine_corporate_signal,Extracted text has multiple routine corporate/financial signals with weak case-event/community evidence; manual confirmation remains required.,,,
DISC-MEDIA-0262,Obituary After The Marikana Massacre The Writing Was On The Wall For Lonmin,2019,2019-06-12,Daily Maverick,https://www.dailymaverick.co.za/article/2019-06-12-obituary-after-the-marikana-massacre-the-writing-was-on-the-wall-for-lonmin/,explicit_case_title_review,priority_manual_review_case_signal,acquired_extracted,1225,cb47c5efa5ba66a3ec1a360df1cbbbf22db20241ee2bef1199d68cab728446f7,23,marikana,4,strike;worker_miner;police;shooting_death;union,26,5,housing;community;commission_inquiry,4,3,share_price;earnings_results;funding_debt;transaction;dividend_rights,12,5,false,false,true,strong_case_context_supported,"A Marikana/Farlam/Wonderkop/Nkaneng/Bapo term is supported by event, labour, justice, community or governance context; the case term is not being treated as sufficient on its own.",,,
DISC-MEDIA-0263,Its A Done Deal Sibanye Tells Mining Communities Challenging R5Bn Lonmin Merger,2019,2019-08-05,Daily Maverick,https://www.dailymaverick.co.za/article/2019-08-05-its-a-done-deal-sibanye-tells-mining-communities-challenging-r5bn-lonmin-merger/,lonmin_only_title_review,priority_manual_review_case_signal,acquired_extracted,910,e3861b22bea526ca537fec6b6c42c82d47814a72babc373805722a13e1f23c80,27,marikana;nkaneng;bapo,3,worker_miner;union,3,2,community;slp;commission_inquiry,27,3,share_price;transaction,18,2,false,true,false,strong_case_context_supported,"A Marikana/Farlam/Wonderkop/Nkaneng/Bapo term is supported by event, labour, justice, community or governance context; the case term is not being treated as sufficient on its own.",,,
DISC-MEDIA-0264,Marikana Fighting Crime Shouldnt Trump Sas Public Order Policing,2019,2019-08-16,Daily Maverick,https://www.dailymaverick.co.za/article/2019-08-16-marikana-fighting-crime-shouldnt-trump-sas-public-order-policing/,explicit_case_title_review,priority_manual_review_case_signal,acquired_extracted,996,d3cd08443f6df33a0cc207b5530ac3f85c30e4a96959db2fd7deaa2c9f8330e3,1,marikana,2,strike;police;shooting_death;protest_unrest,42,4,community;justice_accountability,4,2,,0,0,false,false,false,strong_case_context_supported,"A Marikana/Farlam/Wonderkop/Nkaneng/Bapo term is supported by event, labour, justice, community or governance context; the case term is not being treated as sufficient on its own.",,,
DISC-MEDIA-0265,Marikana The Seven Year Struggle,2019,2019-08-17,Daily Maverick,https://www.dailymaverick.co.za/article/2019-08-17-marikana-the-seven-year-struggle/,explicit_case_title_review,priority_manual_review_case_signal,acquired_extracted,95,5ffbbc3b75774c50a5d3fd12822b7310e233b6b92b625d9647c3980e21e9ac7d,1,marikana;wonderkop,3,strike;worker_miner;police;wage,6,4,,0,0,,0,0,false,false,false,strong_case_context_supported,"A Marikana/Farlam/Wonderkop/Nkaneng/Bapo term is supported by event, labour, justice, community or governance context; the case term is not being treated as sufficient on its own.",,,
DISC-MEDIA-0266,5270 Jobs On Chopping Block As Sibanye Restructures Marikana,2019,2019-09-26,Daily Maverick,https://www.dailymaverick.co.za/article/2019-09-26-5270-jobs-on-chopping-block-as-sibanye-restructures-marikana/,explicit_case_title_review,priority_manual_review_case_signal,acquired_extracted,459,c74a6111adf804f033f98e0420076fa3eba74a551b96c949996bb822ff07b38f,5,marikana,3,strike;worker_miner;police;shooting_death;wage;union,17,6,,0,0,share_price;transaction;commodity_market,6,3,false,false,false,strong_case_context_supported,"A Marikana/Farlam/Wonderkop/Nkaneng/Bapo term is supported by event, labour, justice, community or governance context; the case term is not being treated as sufficient on its own.",,,
DISC-MEDIA-0267,Num Member Shot Dead In Marikana As Platinum Belt Tensions Heat Up,2019,2019-11-01,Daily Maverick,https://www.dailymaverick.co.za/article/2019-11-01-num-member-shot-dead-in-marikana-as-platinum-belt-tensions-heat-up/,explicit_case_title_review,priority_manual_review_case_signal,acquired_extracted,382,e1c09d70f02139a13e4cdd9c4a71df6e1269fb5e7c0fd6d344ec4302451676a1,0,marikana,4,strike;police;shooting_death;wage;union,26,5,,0,0,transaction;exploration_project,2,2,false,false,true,strong_case_context_supported,"A Marikana/Farlam/Wonderkop/Nkaneng/Bapo term is supported by event, labour, justice, community or governance context; the case term is not being treated as sufficient on its own.",,,
DISC-MEDIA-0268,Num Holds Its Marikana Rally Vows To Regain Lost Platinum Belt Ground,2019,2019-11-18,Daily Maverick,https://www.dailymaverick.co.za/article/2019-11-18-num-holds-its-marikana-rally-vows-to-regain-lost-platinum-belt-ground/,explicit_case_title_review,priority_manual_review_case_signal,acquired_extracted,774,6a0ef07941689544bec4728a3175b6324da35de0ebe2b9fdf1c33038c1f21eb0,2,marikana;wonderkop,10,strike;worker_miner;police;shooting_death;wage;union;protest_unrest,53,7,community,3,1,,0,0,false,false,true,strong_case_context_supported,"A Marikana/Farlam/Wonderkop/Nkaneng/Bapo term is supported by event, labour, justice, community or governance context; the case term is not being treated as sufficient on its own.",,,
DISC-MEDIA-0269,Two Unions Vie For Power In Marikana And The Result Can Be Murder,2019,2019-11-21,Daily Maverick,https://www.dailymaverick.co.za/article/2019-11-21-two-unions-vie-for-power-in-marikana-and-the-result-can-be-murder/,explicit_case_title_review,priority_manual_review_case_signal,acquired_extracted,1064,54b817abba99a18892ec4eb5d9cc50eddb1f251bce8a7b52fc3b8569d7057a1c,1,marikana;wonderkop;nkaneng,13,strike;worker_miner;police;shooting_death;wage;union;protest_unrest;koppie,82,8,community,1,1,transaction,1,1,false,false,false,strong_case_context_supported,"A Marikana/Farlam/Wonderkop/Nkaneng/Bapo term is supported by event, labour, justice, community or governance context; the case term is not being treated as sufficient on its own.",,,
DISC-MEDIA-0270,Marikana In A Starring Role As Sibanye Stillwater Swings Back To Profit,2020,2020-02-19,Daily Maverick,https://www.dailymaverick.co.za/article/2020-02-19-marikana-in-a-starring-role-as-sibanye-stillwater-swings-back-to-profit/,explicit_case_title_review,priority_manual_review_case_signal,acquired_extracted,635,c9717972170587ab9e34f0902ebcdfd18c5e9b7ac1ff7343e16e534fbdd4d538,3,marikana,8,strike;worker_miner;police;shooting_death;wage;union,17,6,,0,0,share_price;earnings_results;production_output;funding_debt;transaction;dividend_rights,25,6,false,false,false,strong_case_context_supported,"A Marikana/Farlam/Wonderkop/Nkaneng/Bapo term is supported by event, labour, justice, community or governance context; the case term is not being treated as sufficient on its own.",,,
DISC-MEDIA-0271,Marikana Occupiers Reach Landmark Agreement With Property Owners,2020,2020-03-08,Daily Maverick,https://www.dailymaverick.co.za/article/2020-03-08-marikana-occupiers-reach-landmark-agreement-with-property-owners/,explicit_case_title_review,priority_manual_review_case_signal,acquired_extracted,844,b0121f9dbccd6800f93056de31593dfc46cddf99e5bb8870edbce42786d9413e,0,marikana,7,,0,0,housing;justice_accountability,6,2,share_price;earnings_results;transaction,5,3,false,false,false,strong_case_context_supported,"A Marikana/Farlam/Wonderkop/Nkaneng/Bapo term is supported by event, labour, justice, community or governance context; the case term is not being treated as sufficient on its own.",,,
DISC-MEDIA-0272,Call For Saps To Apply Marikana Recommendations When Dealing With Civil Unrest,2020,2020-07-28,Daily Maverick,https://www.dailymaverick.co.za/article/2020-07-28-call-for-saps-to-apply-marikana-recommendations-when-dealing-with-civil-unrest/,explicit_case_title_review,priority_manual_review_case_signal,acquired_extracted,1061,f81ab6869320b0319a644b5b91df8722688b431190556da40ec852a46cd98f0a,0,marikana;farlam,3,police;shooting_death;protest_unrest,63,3,housing;community;commission_inquiry,10,3,,0,0,false,false,true,strong_case_context_supported,"A Marikana/Farlam/Wonderkop/Nkaneng/Bapo term is supported by event, labour, justice, community or governance context; the case term is not being treated as sufficient on its own.",,,
DISC-MEDIA-0273,Marikana Massacre Political Will Is Urgently Needed To Deliver Overdue Justice,2020,2020-08-14,Daily Maverick,https://www.dailymaverick.co.za/article/2020-08-14-marikana-massacre-political-will-is-urgently-needed-to-deliver-overdue-justice/,explicit_case_title_review,priority_manual_review_case_signal,acquired_extracted,1503,15230c8695e768ac9f4f5aef25895f5e2e780cd11f6448c392844b7018bb4b99,9,marikana;farlam,11,strike;worker_miner;police;shooting_death;wage;union;protest_unrest;koppie,97,8,housing;justice_accountability;commission_inquiry,24,3,earnings_results;funding_debt;transaction,4,3,false,false,true,strong_case_context_supported,"A Marikana/Farlam/Wonderkop/Nkaneng/Bapo term is supported by event, labour, justice, community or governance context; the case term is not being treated as sufficient on its own.",,,
DISC-MEDIA-0274,Remembering And Renewal Thoughts On Building A Positive Future For The Marikana Region,2020,2020-08-14,Daily Maverick,https://www.dailymaverick.co.za/article/2020-08-14-remembering-and-renewal-thoughts-on-building-a-positive-future-for-the-marikana-region/,explicit_case_title_review,priority_manual_review_case_signal,acquired_extracted,1196,384366368c8f8886be33530d632ad8d10dc051ffb3bc22b945ff45c377e780f1,0,marikana,10,shooting_death;union,3,2,housing;community;justice_accountability,14,3,,0,0,false,false,false,strong_case_context_supported,"A Marikana/Farlam/Wonderkop/Nkaneng/Bapo term is supported by event, labour, justice, community or governance context; the case term is not being treated as sufficient on its own.",,,
DISC-MEDIA-0275,Remembering Marikana Dali Mpofu Demands An Apology And Compensation By 31 August,2020,2020-08-17,Daily Maverick,https://www.dailymaverick.co.za/article/2020-08-17-remembering-marikana-dali-mpofu-demands-an-apology-and-compensation-by-31-august/,explicit_case_title_review,priority_manual_review_case_signal,acquired_extracted,939,263ad72777f61fb9e3eff5f349a271052eca7f1f9f318346abb6a7c38ef18a59,4,marikana;farlam,9,strike;worker_miner;police;shooting_death;wage;union;protest_unrest,59,7,justice_accountability;commission_inquiry,11,2,earnings_results;transaction,2,2,false,false,true,strong_case_context_supported,"A Marikana/Farlam/Wonderkop/Nkaneng/Bapo term is supported by event, labour, justice, community or governance context; the case term is not being treated as sufficient on its own.",,,
DISC-MEDIA-0276,Marikana Experts Report Points The Way To Better Policing,2020,2020-08-18,Daily Maverick,https://www.dailymaverick.co.za/article/2020-08-18-marikana-experts-report-points-the-way-to-better-policing/,explicit_case_title_review,priority_manual_review_case_signal,acquired_extracted,963,e1463cbce034ac9d96acac538c95aaa2de8e7972dfdfc91a3b5833c7d9bad535,0,marikana,10,strike;worker_miner;police;shooting_death;union,60,5,justice_accountability;commission_inquiry,13,2,,0,0,false,false,false,strong_case_context_supported,"A Marikana/Farlam/Wonderkop/Nkaneng/Bapo term is supported by event, labour, justice, community or governance context; the case term is not being treated as sufficient on its own.",,,
DISC-MEDIA-0277,Judge Farlam Someone Could Come Forward To Solve Marikana Mystery,2020,2020-08-19,Daily Maverick,https://www.dailymaverick.co.za/article/2020-08-19-judge-farlam-someone-could-come-forward-to-solve-marikana-mystery/,explicit_case_title_review,priority_manual_review_case_signal,acquired_extracted,1071,92e3b215a24469c93d80a4595645002762f4f3bfde5fe7c0079a0bf58e362947,1,marikana;farlam,22,strike;worker_miner;police;shooting_death;union;protest_unrest;koppie,48,7,justice_accountability;commission_inquiry,11,2,,0,0,false,false,true,strong_case_context_supported,"A Marikana/Farlam/Wonderkop/Nkaneng/Bapo term is supported by event, labour, justice, community or governance context; the case term is not being treated as sufficient on its own.",,,
DISC-MEDIA-0278,The Missing R617 Million Can The Bapo Ba Mogale Retrieve Their Stolen Funds,2020,2020-08-21,Daily Maverick,https://www.dailymaverick.co.za/article/2020-08-21-the-missing-r617-million-can-the-bapo-ba-mogale-retrieve-their-stolen-funds/,explicit_case_title_review,priority_manual_review_case_signal,acquired_extracted,1899,57fe369d0931d26a8d261cd533c1ae80f2a84198866dc1835ad76c3e310a41fa,3,marikana;bapo,14,shooting_death;protest_unrest,4,2,community;justice_accountability;commission_inquiry,21,3,share_price;earnings_results;funding_debt;transaction,7,4,false,false,false,strong_case_context_supported,"A Marikana/Farlam/Wonderkop/Nkaneng/Bapo term is supported by event, labour, justice, community or governance context; the case term is not being treated as sufficient on its own.",,,
DISC-MEDIA-0279,Sibanye Stillwater Ceo Says Marikana Wont Be Swept Under The Carpet,2020,2020-09-10,Daily Maverick,https://www.dailymaverick.co.za/article/2020-09-10-sibanye-stillwater-ceo-says-marikana-wont-be-swept-under-the-carpet/,explicit_case_title_review,priority_manual_review_case_signal,acquired_extracted,426,aba99ca1afe6ee30b5deff9672cd5afafa7d05ec49878cc191c239493069893b,5,marikana,8,strike;worker_miner;police;shooting_death;protest_unrest,9,5,housing,1,1,transaction,3,1,false,false,false,strong_case_context_supported,"A Marikana/Farlam/Wonderkop/Nkaneng/Bapo term is supported by event, labour, justice, community or governance context; the case term is not being treated as sufficient on its own.",,,
DISC-MEDIA-0280,Saps Cherry Picks From 136 Recommendations On Democratic Policing By Expert Panel On Marikana Massacre,2021,2021-03-29,Daily Maverick,https://www.dailymaverick.co.za/article/2021-03-29-saps-cherry-picks-from-136-recommendations-on-democratic-policing-by-expert-panel-on-marikana-massacre/,explicit_case_title_review,priority_manual_review_case_signal,acquired_extracted,1455,a765abe1b27826535b2813aab1ae5ab3152696b8c3998b486f9f241ad9ec7cbc,0,marikana,4,strike;police;shooting_death,44,3,community;justice_accountability;commission_inquiry,7,3,,0,0,false,false,true,strong_case_context_supported,"A Marikana/Farlam/Wonderkop/Nkaneng/Bapo term is supported by event, labour, justice, community or governance context; the case term is not being treated as sufficient on its own.",,,
DISC-MEDIA-0281,Residents Left To Pick Up The Pieces Following Devastating Fire In Cato Manors Marikana,2021,2021-04-30,Daily Maverick,https://www.dailymaverick.co.za/article/2021-04-30-residents-left-to-pick-up-the-pieces-following-devastating-fire-in-cato-manors-marikana/,explicit_case_title_review,priority_manual_review_case_signal,acquired_extracted,546,8d0181463c4b46769a09412be4b759430317dd5a07dd1ebdcfe221e95cfa5694,0,marikana,5,worker_miner,1,1,housing;community,2,2,,0,0,false,false,false,strong_case_context_supported,"A Marikana/Farlam/Wonderkop/Nkaneng/Bapo term is supported by event, labour, justice, community or governance context; the case term is not being treated as sufficient on its own.",,,
DISC-MEDIA-0282,The Only Way To Honour Massacred Miners Of Marikana Is For Miners To Own 51 Of Mines Xolani Dube,2021,2021-08-11,Daily Maverick,https://www.dailymaverick.co.za/article/2021-08-11-the-only-way-to-honour-massacred-miners-of-marikana-is-for-miners-to-own-51-of-mines-xolani-dube/,explicit_case_title_review,priority_manual_review_case_signal,acquired_extracted,524,1321eb5cb93fce1ffac356289f927b763923c411eb3ef98641b17bd421bc45b5,0,marikana,6,worker_miner;shooting_death;wage;union,25,4,justice_accountability,4,1,earnings_results,1,1,false,false,true,strong_case_context_supported,"A Marikana/Farlam/Wonderkop/Nkaneng/Bapo term is supported by event, labour, justice, community or governance context; the case term is not being treated as sufficient on its own.",,,
DISC-MEDIA-0283,Marikana Massacre South Africa May Be Grappling With Whose Pain Is More Worthy Of Nationwide Recognition,2021,2021-08-14,Daily Maverick,https://www.dailymaverick.co.za/article/2021-08-14-marikana-massacre-south-africa-may-be-grappling-with-whose-pain-is-more-worthy-of-nationwide-recognition/,explicit_case_title_review,priority_manual_review_case_signal,acquired_extracted,850,fb6b083e994094866a4b4ccbeab67eb73a578166a637b457b54688534fff90de,0,marikana,3,strike;worker_miner;police;shooting_death;wage,18,5,justice_accountability;commission_inquiry,3,2,earnings_results,3,1,false,false,true,strong_case_context_supported,"A Marikana/Farlam/Wonderkop/Nkaneng/Bapo term is supported by event, labour, justice, community or governance context; the case term is not being treated as sufficient on its own.",,,
DISC-MEDIA-0284,Marikana Residents Struggle For Their Livelihoods And Dignity In The Dust And Degradation,2021,2021-08-16,Daily Maverick,https://www.dailymaverick.co.za/article/2021-08-16-marikana-residents-struggle-for-their-livelihoods-and-dignity-in-the-dust-and-degradation/,explicit_case_title_review,priority_manual_review_case_signal,acquired_extracted,2247,07307f875e6ea7b937c2dc39de3ffeb3603368ffca346e44627b9493485b920d,1,marikana,12,strike;worker_miner;police;shooting_death;wage,19,5,housing;community;slp;justice_accountability,34,4,share_price;transaction,8,2,false,false,false,strong_case_context_supported,"A Marikana/Farlam/Wonderkop/Nkaneng/Bapo term is supported by event, labour, justice, community or governance context; the case term is not being treated as sufficient on its own.",,,
DISC-MEDIA-0285,This Week Nine Years After 34 Miners Were Killed At Marikana South Africa Continues To Mourn,2021,2021-08-16,Daily Maverick,https://www.dailymaverick.co.za/article/2021-08-16-this-week-nine-years-after-34-miners-were-killed-at-marikana-south-africa-continues-to-mourn/,explicit_case_title_review,priority_manual_review_case_signal,acquired_extracted,538,d1eb51f0029a864e64244d484de086adbce23978a7e04148313285fc56b43ed9,0,marikana,1,strike;worker_miner;police;shooting_death;wage;protest_unrest,9,6,community;justice_accountability,2,2,exploration_project,1,1,false,false,true,strong_case_context_supported,"A Marikana/Farlam/Wonderkop/Nkaneng/Bapo term is supported by event, labour, justice, community or governance context; the case term is not being treated as sufficient on its own.",,,
DISC-MEDIA-0286,Marikana Were Tired Of Memorialising,2021,2021-08-17,Daily Maverick,https://www.dailymaverick.co.za/article/2021-08-17-marikana-were-tired-of-memorialising/,explicit_case_title_review,manual_review_acquisition_exception,acquired_no_text,0,,0,,0,,0,0,,0,0,,0,0,false,false,false,acquisition_exception,Usable extracted text is unavailable; no substantive decision should be made from title alone.,,,
DISC-MEDIA-0287,Returning To Marikana Seeing That Koppie Where The Bodies Once Lay Was Tough,2021,2021-08-17,Daily Maverick,https://www.dailymaverick.co.za/article/2021-08-17-returning-to-marikana-seeing-that-koppie-where-the-bodies-once-lay-was-tough/,explicit_case_title_review,priority_manual_review_case_signal,acquired_extracted,419,cfcf4566966308ee79580e373b46a8313cd04707a955c831442b6737edd28bb9,0,marikana,2,strike;worker_miner;police;shooting_death;protest_unrest;koppie,15,6,,0,0,,0,0,false,false,false,strong_case_context_supported,"A Marikana/Farlam/Wonderkop/Nkaneng/Bapo term is supported by event, labour, justice, community or governance context; the case term is not being treated as sufficient on its own.",,,
DISC-MEDIA-0288,Marikana A Peoples History An Analysis Of Scene Two Of The Massacre,2022,2022-04-18,Daily Maverick,https://www.dailymaverick.co.za/article/2022-04-18-marikana-a-peoples-history-an-analysis-of-scene-two-of-the-massacre/,explicit_case_title_review,priority_manual_review_case_signal,acquired_extracted,1516,28848d738de6737684ff9bc8785d0595916677afc9e3e8fd7df488c6f2340520,0,marikana,3,strike;worker_miner;police;shooting_death;protest_unrest;koppie,78,6,,0,0,,0,0,false,false,true,strong_case_context_supported,"A Marikana/Farlam/Wonderkop/Nkaneng/Bapo term is supported by event, labour, justice, community or governance context; the case term is not being treated as sufficient on its own.",,,
DISC-MEDIA-0289,Academics In Depth Account Of Marikana Massacre Marred By Curious Omissions,2022,2022-05-18,Daily Maverick,https://www.dailymaverick.co.za/article/2022-05-18-academics-in-depth-account-of-marikana-massacre-marred-by-curious-omissions/,explicit_case_title_review,priority_manual_review_case_signal,acquired_extracted,1602,15f23d3e8e6fb5ec293a735656a4ef05becac6a48c398f97b98bc8611dbdb163,8,marikana;farlam,7,strike;worker_miner;police;shooting_death;union;protest_unrest,85,6,housing;justice_accountability;commission_inquiry,12,3,earnings_results,1,1,false,false,true,strong_case_context_supported,"A Marikana/Farlam/Wonderkop/Nkaneng/Bapo term is supported by event, labour, justice, community or governance context; the case term is not being treated as sufficient on its own.",,,
DISC-MEDIA-0290,Marikana Informal Settlement Families Still In Land Limbo Five Years After Landmark Ruling,2022,2022-06-23,Daily Maverick,https://www.dailymaverick.co.za/article/2022-06-23-marikana-informal-settlement-families-still-in-land-limbo-five-years-after-landmark-ruling/,explicit_case_title_review,priority_manual_review_case_signal,acquired_extracted,782,a6f0b91ecfc3df569aa726ea2c60f7f50c533823e7dfe637f88111a4722a27ad,0,marikana,8,shooting_death;wage,2,2,housing;community,4,2,earnings_results;transaction,4,2,false,false,true,strong_case_context_supported,"A Marikana/Farlam/Wonderkop/Nkaneng/Bapo term is supported by event, labour, justice, community or governance context; the case term is not being treated as sufficient on its own.",,,
DISC-MEDIA-0291,Justice For Marikana Community Suffers A Blow After Activist Gunned Down At Her Front Door,2022,2022-06-28,Daily Maverick,https://www.dailymaverick.co.za/article/2022-06-28-justice-for-marikana-community-suffers-a-blow-after-activist-gunned-down-at-her-front-door/,explicit_case_title_review,priority_manual_review_case_signal,acquired_extracted,1045,1eb15f7db3a2175f3a7825fd213b061b153372fa650acbb4110573d66e779212,2,marikana;wonderkop;nkaneng,13,strike;worker_miner;police;shooting_death;wage;union;protest_unrest;koppie,39,8,housing;community;justice_accountability,12,3,earnings_results;exploration_project,2,2,false,false,true,strong_case_context_supported,"A Marikana/Farlam/Wonderkop/Nkaneng/Bapo term is supported by event, labour, justice, community or governance context; the case term is not being treated as sufficient on its own.",,,
DISC-MEDIA-0292,All Marikana Reparations Must Be Settled By End Of August Solicitor General,2022,2022-08-10,Daily Maverick,https://www.dailymaverick.co.za/article/2022-08-10-all-marikana-reparations-must-be-settled-by-end-of-august-solicitor-general/,explicit_case_title_review,priority_manual_review_case_signal,acquired_extracted,696,23971000c7b42e58ab6f495736dca956e0b0a7f4f70d879564b24a5c439ebc36,1,marikana,4,strike;worker_miner;police;shooting_death;wage,10,5,justice_accountability,11,1,earnings_results,3,1,false,false,false,strong_case_context_supported,"A Marikana/Farlam/Wonderkop/Nkaneng/Bapo term is supported by event, labour, justice, community or governance context; the case term is not being treated as sufficient on its own.",,,
DISC-MEDIA-0293,The Legacy Of The Marikana Massacre Ten Years Later,2022,2022-08-11,Daily Maverick,https://www.dailymaverick.co.za/article/2022-08-11-the-legacy-of-the-marikana-massacre-ten-years-later/,explicit_case_title_review,priority_manual_review_case_signal,acquired_extracted,1237,9c79903cd182816b127f478e597d45f61d97fa12d557409dd0bf93af13f73aa3,1,marikana;farlam,14,strike;worker_miner;police;shooting_death;union;protest_unrest,58,6,community;justice_accountability;commission_inquiry,9,3,funding_debt,2,1,false,false,true,strong_case_context_supported,"A Marikana/Farlam/Wonderkop/Nkaneng/Bapo term is supported by event, labour, justice, community or governance context; the case term is not being treated as sufficient on its own.",,,
DISC-MEDIA-0294,A Decade Since The Marikana Massacre A Century Since The Rand Revolt,2022,2022-08-14,Daily Maverick,https://www.dailymaverick.co.za/article/2022-08-14-a-decade-since-the-marikana-massacre-a-century-since-the-rand-revolt/,explicit_case_title_review,priority_manual_review_case_signal,acquired_extracted,1143,58a7a33da452ab405a3f50c18fbee863ea3dbd6d1f15998114ea67a221e479db,0,marikana,7,strike;worker_miner;police;shooting_death;union;koppie,35,6,housing,1,1,,0,0,false,false,true,strong_case_context_supported,"A Marikana/Farlam/Wonderkop/Nkaneng/Bapo term is supported by event, labour, justice, community or governance context; the case term is not being treated as sufficient on its own.",,,
DISC-MEDIA-0295,Marikana Massacre 10 Years Later,2022,2022-08-15,Daily Maverick,https://www.dailymaverick.co.za/article/2022-08-15-marikana-massacre-10-years-later/,explicit_case_title_review,priority_manual_review_case_signal,acquired_extracted,103,2224608861628ec96cae56a142da21446d9b34bf1d7ea5041b1610604d4a5fa9,1,nkaneng,1,worker_miner;police;wage;protest_unrest,7,4,,0,0,,0,0,false,false,true,strong_case_context_supported,"A Marikana/Farlam/Wonderkop/Nkaneng/Bapo term is supported by event, labour, justice, community or governance context; the case term is not being treated as sufficient on its own.",,,
DISC-MEDIA-0296,This Week Remembering The Marikana Massacre World Humanitarian Day And Land Conference,2022,2022-08-15,Daily Maverick,https://www.dailymaverick.co.za/article/2022-08-15-this-week-remembering-the-marikana-massacre-world-humanitarian-day-and-land-conference/,explicit_case_title_review,priority_manual_review_case_signal,acquired_extracted,1554,b74d5bd7f0bf4326a36552d02ed03be7955bdf2f1a7fdda8bff0ae12b8570375,0,marikana,9,strike;worker_miner;police;shooting_death;protest_unrest,12,5,housing;community;justice_accountability;commission_inquiry,13,4,exploration_project;commodity_market,4,2,false,false,true,strong_case_context_supported,"A Marikana/Farlam/Wonderkop/Nkaneng/Bapo term is supported by event, labour, justice, community or governance context; the case term is not being treated as sufficient on its own.",,,
DISC-MEDIA-0297,The Great Crime Of Marikana And The Deadly Mistakes Made By Police,2022,2022-08-16,Daily Maverick,https://www.dailymaverick.co.za/article/2022-08-16-the-great-crime-of-marikana-and-the-deadly-mistakes-made-by-police/,explicit_case_title_review,priority_manual_review_case_signal,acquired_extracted,930,934ae3dee3f79e959c29e0479fd8da509582bc8468529508c7d5829d295cb0e0,0,marikana,8,strike;worker_miner;police;shooting_death;protest_unrest,49,5,justice_accountability;commission_inquiry,11,2,earnings_results,1,1,false,false,true,strong_case_context_supported,"A Marikana/Farlam/Wonderkop/Nkaneng/Bapo term is supported by event, labour, justice, community or governance context; the case term is not being treated as sufficient on its own.",,,
DISC-MEDIA-0298,People Gather On Marikanas Koppie Of Death To Reflect On 10 Years Of Lingering Pain And Hanging Promises,2022,2022-08-17,Daily Maverick,https://www.dailymaverick.co.za/article/2022-08-17-people-gather-on-marikanas-koppie-of-death-to-reflect-on-10-years-of-lingering-pain-and-hanging-promises/,explicit_case_title_review,priority_manual_review_case_signal,acquired_extracted,194,ef10fe6ec6cd99afbd37a274119d4474649012abdb0c057fd582746a44839c91,0,marikana,1,strike;worker_miner;police;shooting_death;koppie,9,5,justice_accountability;commission_inquiry,3,2,,0,0,false,false,false,strong_case_context_supported,"A Marikana/Farlam/Wonderkop/Nkaneng/Bapo term is supported by event, labour, justice, community or governance context; the case term is not being treated as sufficient on its own.",,,
DISC-MEDIA-0299,Marikana Massacre Mapped Why Operational Commander Brigadier Adrian Calitz Must Face Justice,2022,2022-09-06,Daily Maverick,https://www.dailymaverick.co.za/article/2022-09-06-marikana-massacre-mapped-why-operational-commander-brigadier-adrian-calitz-must-face-justice/,explicit_case_title_review,priority_manual_review_case_signal,acquired_extracted,2908,077fcfa65eb3c49ecf0ae82f0634d0a59e04d8dfb1249793287b3a7dc1daaed1,1,marikana;wonderkop;nkaneng,18,strike;worker_miner;police;shooting_death;union;koppie,79,6,justice_accountability;commission_inquiry,13,2,,0,0,false,false,true,strong_case_context_supported,"A Marikana/Farlam/Wonderkop/Nkaneng/Bapo term is supported by event, labour, justice, community or governance context; the case term is not being treated as sufficient on its own.",,,
DISC-MEDIA-0300,Wits To Name Amic Deck Landmark After Mining Firm Students Demand It Be Named After Marikana,2022,2022-09-23,Daily Maverick,https://www.dailymaverick.co.za/article/2022-09-23-wits-to-name-amic-deck-landmark-after-mining-firm-students-demand-it-be-named-after-marikana/,explicit_case_title_review,priority_manual_review_case_signal,acquired_extracted,422,67a80913a130acd7a543e0ac9a7c09813e91b0c73bbac44b421140bd51148ac1,1,marikana,4,worker_miner;shooting_death;union,5,3,community;justice_accountability,3,2,funding_debt;transaction,2,2,false,false,false,strong_case_context_supported,"A Marikana/Farlam/Wonderkop/Nkaneng/Bapo term is supported by event, labour, justice, community or governance context; the case term is not being treated as sufficient on its own.",,,
DISC-MEDIA-0301,From A Mega Project To An Upgrade Marikana Soutpan Families Are Still Waiting,2022,2022-11-02,Daily Maverick,https://www.dailymaverick.co.za/article/2022-11-02-from-a-mega-project-to-an-upgrade-marikana-soutpan-families-are-still-waiting/,explicit_case_title_review,priority_manual_review_case_signal,acquired_extracted,794,cf1a5f2664b9d43f47a056d57a157f4bce1ea3cc034c593825348a6e656ed82c,0,marikana,3,,0,0,housing;community;justice_accountability,6,3,exploration_project,10,1,false,true,true,strong_case_context_supported,"A Marikana/Farlam/Wonderkop/Nkaneng/Bapo term is supported by event, labour, justice, community or governance context; the case term is not being treated as sufficient on its own.",,,
DISC-MEDIA-0302,Marikana Rights Defender Christinah Mdau Leads Fight Against Mine,2023,2023-08-04,Daily Maverick,https://www.dailymaverick.co.za/article/2023-08-04-marikana-rights-defender-christinah-mdau-leads-fight-against-mine/,explicit_case_title_review,priority_manual_review_case_signal,acquired_extracted,688,8065ccd62b754473de33cb122f1bacb3fd351555c152f75a186cd1876b3701ba,0,marikana,1,police,1,1,housing;community,10,2,,0,0,false,false,false,strong_case_context_supported,"A Marikana/Farlam/Wonderkop/Nkaneng/Bapo term is supported by event, labour, justice, community or governance context; the case term is not being treated as sufficient on its own.",,,
DISC-MEDIA-0303,Stop Feeding Those Miners Imtiaz Sooliman Recounts Chilling Phone Calls During 2012 Marikana Strike,2023,2023-08-14,Daily Maverick,https://www.dailymaverick.co.za/article/2023-08-14-stop-feeding-those-miners-imtiaz-sooliman-recounts-chilling-phone-calls-during-2012-marikana-strike/,explicit_case_title_review,priority_manual_review_case_signal,acquired_extracted,1133,ec689fae9a6e2cdc005c81199e8ed695fdc05d82292ed4ecd271cd0fed350da9,3,marikana,9,strike;worker_miner;police;shooting_death;wage;union;protest_unrest,36,7,housing,1,1,transaction,1,1,false,false,true,strong_case_context_supported,"A Marikana/Farlam/Wonderkop/Nkaneng/Bapo term is supported by event, labour, justice, community or governance context; the case term is not being treated as sufficient on its own.",,,
DISC-MEDIA-0304,This Week Sa Marks 11 Years Since The Marikana Massacre And The Udf Celebrates 40Th Anniversary,2023,2023-08-14,Daily Maverick,https://www.dailymaverick.co.za/article/2023-08-14-this-week-sa-marks-11-years-since-the-marikana-massacre-and-the-udf-celebrates-40th-anniversary/,explicit_case_title_review,priority_manual_review_case_signal,acquired_extracted,1252,1a7fb25a897441a59b4034aeb94036d12d634ccc69c70016161e58566f763aa6,0,marikana,2,strike;worker_miner;police;shooting_death;protest_unrest,16,5,community;justice_accountability;commission_inquiry,18,3,,0,0,false,false,true,strong_case_context_supported,"A Marikana/Farlam/Wonderkop/Nkaneng/Bapo term is supported by event, labour, justice, community or governance context; the case term is not being treated as sufficient on its own.",,,
DISC-MEDIA-0305,Justice Delayed Is Justice Denied 11 Years Since The Marikana Massacre And Still No Closure,2023,2023-08-15,Daily Maverick,https://www.dailymaverick.co.za/article/2023-08-15-justice-delayed-is-justice-denied-11-years-since-the-marikana-massacre-and-still-no-closure/,explicit_case_title_review,priority_manual_review_case_signal,acquired_extracted,936,5f0e43c254ef27725ec0fcb612b49b6596afc92467beda13d4d29eb513d8b47e,7,marikana;farlam,5,strike;worker_miner;police;shooting_death;wage;protest_unrest,50,6,housing;slp;justice_accountability;commission_inquiry,23,4,earnings_results,5,1,false,false,true,strong_case_context_supported,"A Marikana/Farlam/Wonderkop/Nkaneng/Bapo term is supported by event, labour, justice, community or governance context; the case term is not being treated as sufficient on its own.",,,
DISC-MEDIA-0306,Witnessing The Shooting Of People At Marikana Left A Massive Scar Felix Dlangamandla Re Examines His Images From That Bloody Day,2023,2023-08-15,Daily Maverick,https://www.dailymaverick.co.za/article/2023-08-15-witnessing-the-shooting-of-people-at-marikana-left-a-massive-scar-felix-dlangamandla-re-examines-his-images-from-that-bloody-day/,explicit_case_title_review,priority_manual_review_case_signal,acquired_extracted,3801,916e4d7a49e60eb3e624cf7c73b63e7651477ab0c0b914a8e68b76680a5462fe,0,marikana,12,strike;worker_miner;police;shooting_death;wage;protest_unrest;koppie,91,7,housing,2,1,,0,0,false,false,true,strong_case_context_supported,"A Marikana/Farlam/Wonderkop/Nkaneng/Bapo term is supported by event, labour, justice, community or governance context; the case term is not being treated as sufficient on its own.",,,
DISC-MEDIA-0307,Remember Marikana Also Mourn Victims Of Sa Everyday Violence,2023,2023-08-16,Daily Maverick,https://www.dailymaverick.co.za/article/2023-08-16-remember-marikana-also-mourn-victims-of-sa-everyday-violence/,explicit_case_title_review,priority_manual_review_case_signal,acquired_extracted,1641,442ebc44eff6dbf3781a376c0628fe8f723810888b9a08ed1c80d9a944f3df76,1,marikana,19,strike;worker_miner;police;shooting_death;protest_unrest,81,5,justice_accountability,3,1,earnings_results,2,1,false,false,true,strong_case_context_supported,"A Marikana/Farlam/Wonderkop/Nkaneng/Bapo term is supported by event, labour, justice, community or governance context; the case term is not being treated as sufficient on its own.",,,
DISC-MEDIA-0308,Marikana Massacre Victims Families Receive R330 Million From Government 11 Years Later Claims Still Pending,2023,2023-08-18,Daily Maverick,https://www.dailymaverick.co.za/article/2023-08-18-marikana-massacre-victims-families-receive-r330-million-from-government-11-years-later-claims-still-pending/,explicit_case_title_review,priority_manual_review_case_signal,acquired_extracted,614,2b18c65da97144778521b110e42f41046e938ce9e8d4baff74dabc5b4aa356e6,0,marikana,5,worker_miner;police;shooting_death,5,3,justice_accountability,10,1,earnings_results,1,1,false,false,true,strong_case_context_supported,"A Marikana/Farlam/Wonderkop/Nkaneng/Bapo term is supported by event, labour, justice, community or governance context; the case term is not being treated as sufficient on its own.",,,
DISC-MEDIA-0309,Marikana Lonmins Disquiet And The Fight For Manhood,2012,2012-08-20,Daily Maverick,https://www.dailymaverick.co.za/opinionista/2012-08-20-marikana-lonmins-disquiet-and-the-fight-for-manhood/,explicit_case_title_review,priority_manual_review_case_signal,acquired_extracted,1348,7ab0ccdd48fdd6d85d2198a324f58288743a5e5f09fca93070ac8ce1df196546,6,marikana,7,strike;worker_miner;police;shooting_death;wage;union;protest_unrest;koppie,39,8,,0,0,transaction,2,1,true,false,false,strong_early_2012_event_context,Contemporaneous Aug-Oct 2012 Lonmin coverage has multiple independent strike/worker/police/death/wage/union signals; the absence of the literal word Marikana is not treated as exclusion evidence.,,,
DISC-MEDIA-0310,The Lonmin Shootings Could Knobble Cosatu Be Afraid,2012,2012-08-20,Daily Maverick,https://www.dailymaverick.co.za/opinionista/2012-08-20-the-lonmin-shootings-could-knobble-cosatu-be-afraid/,lonmin_only_title_review,priority_manual_review_case_signal,acquired_extracted,1404,5125609790eae08499fc7741977f30970505edace72dda7cbd05b5be8d44cdd9,13,marikana,4,strike;worker_miner;police;shooting_death;wage;union;protest_unrest;koppie,80,8,,0,0,earnings_results;exploration_project;commodity_market,3,3,true,false,true,strong_early_2012_event_context,Contemporaneous Aug-Oct 2012 Lonmin coverage has multiple independent strike/worker/police/death/wage/union signals; the absence of the literal word Marikana is not treated as exclusion evidence.,,,
DISC-MEDIA-0311,Marikana Avoidable Unconstitutional And Entirely Predictable,2012,2012-08-23,Daily Maverick,https://www.dailymaverick.co.za/opinionista/2012-08-23-marikana-avoidable-unconstitutional-and-entirely-predictable/,explicit_case_title_review,priority_manual_review_case_signal,acquired_extracted,1416,195e1932141b3c967130082efea9a446296cd47d52b1221aecb24290815c8e4b,0,marikana,4,strike;worker_miner;police;shooting_death;union;protest_unrest,104,6,community;justice_accountability;commission_inquiry,3,3,earnings_results,1,1,true,false,false,strong_case_context_supported,"A Marikana/Farlam/Wonderkop/Nkaneng/Bapo term is supported by event, labour, justice, community or governance context; the case term is not being treated as sufficient on its own.",,,
DISC-MEDIA-0312,Lonmin Inquiry Not Bad Not Bad At All,2012,2012-08-24,Daily Maverick,https://www.dailymaverick.co.za/opinionista/2012-08-24-lonmin-inquiry-not-bad-not-bad-at-all/,lonmin_only_title_review,priority_manual_review_case_signal,acquired_extracted,1245,6dcbeae070d2af62c0408db861ff6be46157e3ab75d106ad4f0f37e2fc08e0b8,1,marikana;farlam,7,police;shooting_death;union;protest_unrest,22,4,justice_accountability;commission_inquiry,40,2,transaction,1,1,true,false,false,strong_case_context_supported,"A Marikana/Farlam/Wonderkop/Nkaneng/Bapo term is supported by event, labour, justice, community or governance context; the case term is not being treated as sufficient on its own.",,,
DISC-MEDIA-0313,Lonmin Strike Why The R4000 Figure Is No Trivial Matter,2012,2012-08-27,Daily Maverick,https://www.dailymaverick.co.za/opinionista/2012-08-27-lonmin-strike-why-the-r4000-figure-is-no-trivial-matter/,lonmin_only_title_review,priority_manual_review_case_signal,acquired_extracted,823,9f536a0fc98770f50c7a274b875ba9f421654102dedfab44610481a9b7a7db1b,9,marikana,2,strike;worker_miner;police;shooting_death;wage;union,33,6,housing;community;justice_accountability;commission_inquiry,6,4,earnings_results,2,1,true,false,true,strong_early_2012_event_context,Contemporaneous Aug-Oct 2012 Lonmin coverage has multiple independent strike/worker/police/death/wage/union signals; the absence of the literal word Marikana is not treated as exclusion evidence.,,,
DISC-MEDIA-0314,The Irony Of Lonmin An Award Winning Sustainable Investment,2012,2012-08-27,Daily Maverick,https://www.dailymaverick.co.za/opinionista/2012-08-27-the-irony-of-lonmin-an-award-winning-sustainable-investment/,lonmin_only_title_review,priority_manual_review_case_signal,acquired_extracted,1024,d16af548264fb0dade7399b18e0929be6618b868016007e4bada04428d8598e2,9,marikana;bapo,6,strike;union;protest_unrest,4,3,community,5,1,share_price;earnings_results;commodity_market,6,3,true,false,false,strong_early_2012_event_context,Contemporaneous Aug-Oct 2012 Lonmin coverage has multiple independent strike/worker/police/death/wage/union signals; the absence of the literal word Marikana is not treated as exclusion evidence.,,,
DISC-MEDIA-0315,Marikana We Should Be Incandescent With Rage,2012,2012-08-28,Daily Maverick,https://www.dailymaverick.co.za/opinionista/2012-08-28-marikana-we-should-be-incandescent-with-rage/,explicit_case_title_review,priority_manual_review_case_signal,acquired_extracted,1539,cabdbc1b828102723dd1178077897b3555f4093de6a43907029355d87c46f31d,2,marikana,11,strike;worker_miner;police;shooting_death;protest_unrest,66,5,,0,0,share_price,1,1,true,false,false,strong_case_context_supported,"A Marikana/Farlam/Wonderkop/Nkaneng/Bapo term is supported by event, labour, justice, community or governance context; the case term is not being treated as sufficient on its own.",,,
DISC-MEDIA-0316,Democracy For All Marikana Signals Our Second Chance,2012,2012-08-31,Daily Maverick,https://www.dailymaverick.co.za/opinionista/2012-08-31-democracy-for-all-marikana-signals-our-second-chance/,explicit_case_title_review,priority_manual_review_case_signal,acquired_extracted,1789,75d1bb3f5b9cee08b5decc4cb3e4d6af8dcaba04b7df30fbc03792a005401217,1,marikana,3,strike;police;shooting_death;wage;union;protest_unrest,10,6,community;justice_accountability,3,2,earnings_results;funding_debt;transaction;dividend_rights;commodity_market,7,5,true,false,false,strong_case_context_supported,"A Marikana/Farlam/Wonderkop/Nkaneng/Bapo term is supported by event, labour, justice, community or governance context; the case term is not being treated as sufficient on its own.",,,
DISC-MEDIA-0317,Marikana Murder Charge Withdrawal The First Glimmer Of Sanity,2012,2012-09-03,Daily Maverick,https://www.dailymaverick.co.za/opinionista/2012-09-03-marikana-murder-charge-withdrawal-the-first-glimmer-of-sanity/,explicit_case_title_review,priority_manual_review_case_signal,acquired_extracted,1830,68bdd6a43db392ecd13a78421bb2c4daffe8f37d69beadb9e945ac66e963fe39,0,marikana,2,strike;worker_miner;police;shooting_death;protest_unrest,107,5,justice_accountability,2,1,share_price,1,1,true,false,false,strong_case_context_supported,"A Marikana/Farlam/Wonderkop/Nkaneng/Bapo term is supported by event, labour, justice, community or governance context; the case term is not being treated as sufficient on its own.",,,
DISC-MEDIA-0318,The Marikana Miners Have Rights Too,2012,2012-09-03,Daily Maverick,https://www.dailymaverick.co.za/opinionista/2012-09-03-the-marikana-miners-have-rights-too/,explicit_case_title_review,priority_manual_review_case_signal,acquired_extracted,887,73a5391043a2e8b7ec82a9725984542436aae5af61010da11ad3afe923f83be1,0,marikana,1,strike;worker_miner;police;shooting_death,25,4,justice_accountability;commission_inquiry,4,2,,0,0,true,false,true,strong_case_context_supported,"A Marikana/Farlam/Wonderkop/Nkaneng/Bapo term is supported by event, labour, justice, community or governance context; the case term is not being treated as sufficient on its own.",,,
DISC-MEDIA-0319,World Banks Kim Goes To Joburg But Will He Miss Marikana And Medupi,2012,2012-09-06,Daily Maverick,https://www.dailymaverick.co.za/opinionista/2012-09-06-world-banks-kim-goes-to-joburg-but-will-he-miss-marikana-and-medupi/,explicit_case_title_review,priority_manual_review_case_signal,acquired_extracted,852,6da96da513e7a9b4674fff85919ed44609d46d69562c71745bf8ffc4fd05b9d8,2,marikana,3,worker_miner;shooting_death;wage;protest_unrest,7,4,housing;community,3,2,share_price;funding_debt;transaction;exploration_project,12,4,true,false,false,strong_case_context_supported,"A Marikana/Farlam/Wonderkop/Nkaneng/Bapo term is supported by event, labour, justice, community or governance context; the case term is not being treated as sufficient on its own.",,,
DISC-MEDIA-0320,Stuck In The Mud In Marikana,2012,2012-09-07,Daily Maverick,https://www.dailymaverick.co.za/opinionista/2012-09-07-stuck-in-the-mud-in-marikana/,explicit_case_title_review,priority_manual_review_case_signal,acquired_extracted,743,141124df18be456e072d18bc5cfd631406bed871ac5442f4f256c7cbbb098f4a,10,marikana;wonderkop,11,strike;worker_miner;shooting_death;wage;union;protest_unrest,24,6,,0,0,share_price,1,1,true,false,false,strong_early_2012_event_context,Contemporaneous Aug-Oct 2012 Lonmin coverage has multiple independent strike/worker/police/death/wage/union signals; the absence of the literal word Marikana is not treated as exclusion evidence.,,,
DISC-MEDIA-0321,Marikana Persists Remember The Rule Of Law,2012,2012-09-12,Daily Maverick,https://www.dailymaverick.co.za/opinionista/2012-09-12-marikana-persists-remember-the-rule-of-law/,explicit_case_title_review,priority_manual_review_case_signal,acquired_extracted,1204,aeca6955f273aaed17e2db24e47797674a2b40aea7285dcacb435bf5a2d4a4bd,0,marikana,8,worker_miner;police;union;protest_unrest,7,4,community;justice_accountability,3,2,commodity_market,1,1,true,false,false,strong_case_context_supported,"A Marikana/Farlam/Wonderkop/Nkaneng/Bapo term is supported by event, labour, justice, community or governance context; the case term is not being treated as sufficient on its own.",,,
DISC-MEDIA-0322,Water Fail Farlam Commission Bows To Industry Secrecy,2012,2012-10-10,Daily Maverick,https://www.dailymaverick.co.za/opinionista/2012-10-10-water-fail-farlam-commission-bows-to-industry-secrecy/,explicit_case_title_review,priority_manual_review_case_signal,acquired_extracted,925,a04c7dcf531cfa0c881e0f3113f8e87065b15593a89c06ebc55bca883305135d,4,marikana;farlam,4,strike;shooting_death;protest_unrest,9,3,community;justice_accountability;commission_inquiry,11,3,earnings_results;exploration_project,2,2,true,false,true,strong_early_2012_event_context,Contemporaneous Aug-Oct 2012 Lonmin coverage has multiple independent strike/worker/police/death/wage/union signals; the absence of the literal word Marikana is not treated as exclusion evidence.,,,
DISC-MEDIA-0323,Marikana Prequel Num And The Murders That Started It All,2012,2012-10-12,Daily Maverick,https://www.dailymaverick.co.za/opinionista/2012-10-12-marikana-prequel-num-and-the-murders-that-started-it-all/,explicit_case_title_review,priority_manual_review_case_signal,acquired_extracted,2899,d75e2933d5e76ffeec65e1f4e6d4c1caf7962a5dae2a5e931350d19ad941a8ba,31,marikana;farlam;wonderkop;nkaneng,29,strike;worker_miner;police;shooting_death;wage;union;protest_unrest;koppie,212,8,housing;community;justice_accountability;commission_inquiry,10,4,earnings_results;funding_debt;exploration_project,5,3,true,false,true,strong_early_2012_event_context,Contemporaneous Aug-Oct 2012 Lonmin coverage has multiple independent strike/worker/police/death/wage/union signals; the absence of the literal word Marikana is not treated as exclusion evidence.,,,
DISC-MEDIA-0324,In The Thick Of Marikana The Lessons No Journalism School Can Teach You,2012,2012-10-22,Daily Maverick,https://www.dailymaverick.co.za/opinionista/2012-10-22-in-the-thick-of-marikana-the-lessons-no-journalism-school-can-teach-you/,explicit_case_title_review,priority_manual_review_case_signal,acquired_extracted,1419,0825673988160ba7d2f9e885d64cc11a271ce5703cb72e574e6209b9b2008ad3,3,marikana,8,worker_miner;police;shooting_death;union;protest_unrest,38,5,housing;community,4,2,,0,0,true,false,false,strong_early_2012_event_context,Contemporaneous Aug-Oct 2012 Lonmin coverage has multiple independent strike/worker/police/death/wage/union signals; the absence of the literal word Marikana is not treated as exclusion evidence.,,,
DISC-MEDIA-0325,Marikana Who Murdered Num Branch Secretary Daluvuyo Bongo,2012,2012-11-02,Daily Maverick,https://www.dailymaverick.co.za/opinionista/2012-11-02-marikana-who-murdered-num-branch-secretary-daluvuyo-bongo/,explicit_case_title_review,priority_manual_review_case_signal,acquired_extracted,2318,fabba38fe614977ccdbbe7b79a3e7f5cd92c410809ab955b8f72b67287a546d1,1,marikana,10,strike;worker_miner;police;shooting_death;union;protest_unrest,69,6,justice_accountability,4,1,,0,0,false,false,true,strong_case_context_supported,"A Marikana/Farlam/Wonderkop/Nkaneng/Bapo term is supported by event, labour, justice, community or governance context; the case term is not being treated as sufficient on its own.",,,
DISC-MEDIA-0326,Marikana A Cover Up For All To See,2012,2012-11-06,Daily Maverick,https://www.dailymaverick.co.za/opinionista/2012-11-06-marikana-a-cover-up-for-all-to-see/,explicit_case_title_review,priority_manual_review_case_signal,acquired_extracted,837,df0127efbd67d5fafde438dfc1077b460d0a4cfc4113abf4c963482fea3c7195,0,marikana;farlam,4,strike;worker_miner;police;shooting_death;koppie,34,5,justice_accountability;commission_inquiry,9,2,,0,0,false,false,false,strong_case_context_supported,"A Marikana/Farlam/Wonderkop/Nkaneng/Bapo term is supported by event, labour, justice, community or governance context; the case term is not being treated as sufficient on its own.",,,
DISC-MEDIA-0327,Boston Exposes Saps Shortfall After Marikana,2013,2013-04-22,Daily Maverick,https://www.dailymaverick.co.za/opinionista/2013-04-22-boston-exposes-saps-shortfall-after-marikana/,explicit_case_title_review,priority_manual_review_case_signal,acquired_extracted,1508,44dee77f457998d31d929c80c1203747000072bc71cdc7f2d885f0165063d068,0,marikana,9,strike;worker_miner;police;shooting_death;protest_unrest;koppie,52,6,justice_accountability;commission_inquiry,8,2,transaction,1,1,false,false,true,strong_case_context_supported,"A Marikana/Farlam/Wonderkop/Nkaneng/Bapo term is supported by event, labour, justice, community or governance context; the case term is not being treated as sufficient on its own.",,,
DISC-MEDIA-0328,Marikana A Downward Spiral,2013,2013-05-14,Daily Maverick,https://www.dailymaverick.co.za/opinionista/2013-05-14-marikana-a-downward-spiral/,explicit_case_title_review,priority_manual_review_case_signal,acquired_extracted,1214,e101b57b9fb86e8c7e2e371059488768ad2288cc4a8aff099dcd22b38363a6ab,8,marikana,4,strike;worker_miner;police;shooting_death;wage;union;protest_unrest,85,7,housing;community;commission_inquiry,8,3,earnings_results;funding_debt;exploration_project,4,3,false,false,false,strong_case_context_supported,"A Marikana/Farlam/Wonderkop/Nkaneng/Bapo term is supported by event, labour, justice, community or governance context; the case term is not being treated as sufficient on its own.",,,
DISC-MEDIA-0329,Welcome To Marikana Cape Town,2013,2013-05-22,Daily Maverick,https://www.dailymaverick.co.za/opinionista/2013-05-22-welcome-to-marikana-cape-town/,explicit_case_title_review,priority_manual_review_case_signal,acquired_extracted,1224,2c2f0aa839a7ccda08b70c77e84ffb50b2716d8520f3e9a840acc1abdcef1e03,0,marikana,10,police;union,5,2,housing;community,19,2,transaction,2,1,false,false,false,strong_case_context_supported,"A Marikana/Farlam/Wonderkop/Nkaneng/Bapo term is supported by event, labour, justice, community or governance context; the case term is not being treated as sufficient on its own.",,,
DISC-MEDIA-0330,Marikana Commission More Questions Than Answers,2013,2013-08-01,Daily Maverick,https://www.dailymaverick.co.za/opinionista/2013-08-01-marikana-commission-more-questions-than-answers/,explicit_case_title_review,priority_manual_review_case_signal,acquired_extracted,1136,8d33003ea71506852ff959dab056cfaea93fa1b0b509e8756b5111b86cc96c90,0,marikana,2,worker_miner;police;shooting_death;wage;union,19,5,justice_accountability;commission_inquiry,15,2,funding_debt;transaction,3,2,false,false,true,strong_case_context_supported,"A Marikana/Farlam/Wonderkop/Nkaneng/Bapo term is supported by event, labour, justice, community or governance context; the case term is not being treated as sufficient on its own.",,,
DISC-MEDIA-0331,2014 The Marikana Vote,2013,2013-08-15,Daily Maverick,https://www.dailymaverick.co.za/opinionista/2013-08-15-2014-the-marikana-vote/,explicit_case_title_review,priority_manual_review_case_signal,acquired_extracted,1045,77664bf8b1b520179f48f7ef644378303c042d5eba030bdd369002210521de19,3,marikana,8,strike;worker_miner;police;shooting_death;wage;union;protest_unrest,58,7,community;justice_accountability;commission_inquiry,9,3,earnings_results;transaction,2,2,false,false,false,strong_case_context_supported,"A Marikana/Farlam/Wonderkop/Nkaneng/Bapo term is supported by event, labour, justice, community or governance context; the case term is not being treated as sufficient on its own.",,,
DISC-MEDIA-0332,Is There Hope For The Marikana Commission,2013,2013-08-23,Daily Maverick,https://www.dailymaverick.co.za/opinionista/2013-08-23-is-there-hope-for-the-marikana-commission/,explicit_case_title_review,priority_manual_review_case_signal,acquired_extracted,1257,43641831bd9d310d53e37c986022f2bdd6231a9989866be65ea6cb3329931f69,3,marikana,6,worker_miner;police;shooting_death;wage,19,4,justice_accountability;commission_inquiry,16,2,earnings_results;funding_debt;transaction,5,3,false,false,true,strong_case_context_supported,"A Marikana/Farlam/Wonderkop/Nkaneng/Bapo term is supported by event, labour, justice, community or governance context; the case term is not being treated as sufficient on its own.",,,
DISC-MEDIA-0333,The Marikana Commission Funding Farce An Injustice To Citizens,2013,2013-08-30,Daily Maverick,https://www.dailymaverick.co.za/opinionista/2013-08-30-the-marikana-commission-funding-farce-an-injustice-to-citizens/,explicit_case_title_review,priority_manual_review_case_signal,acquired_extracted,769,2c38e2bb9d3641a871cd0a391706ff511ea0cb2796af8e47e7cc1cd204bcdcbe,0,marikana,3,worker_miner;police;shooting_death,3,3,justice_accountability;commission_inquiry,7,2,earnings_results;funding_debt,3,2,false,true,true,strong_case_context_supported,"A Marikana/Farlam/Wonderkop/Nkaneng/Bapo term is supported by event, labour, justice, community or governance context; the case term is not being treated as sufficient on its own.",,,
DISC-MEDIA-0334,When The New Repeats The Old Marikana Haunts New Zuma Cabinet,2014,2014-05-29,Daily Maverick,https://www.dailymaverick.co.za/opinionista/2014-05-29-when-the-new-repeats-the-old-marikana-haunts-new-zuma-cabinet/,explicit_case_title_review,priority_manual_review_case_signal,acquired_extracted,982,bc65066a67a11ec2b033e0a50ceabf95bbf6b310df91d3a6b18e3aed9eb3f810,2,marikana;farlam,9,strike;worker_miner;police;shooting_death;wage;union;protest_unrest,21,7,community;justice_accountability;commission_inquiry,11,3,transaction,2,1,false,false,false,strong_case_context_supported,"A Marikana/Farlam/Wonderkop/Nkaneng/Bapo term is supported by event, labour, justice, community or governance context; the case term is not being treated as sufficient on its own.",,,
DISC-MEDIA-0335,Marikana Not The Place For Political Grandstanding,2014,2014-08-25,Daily Maverick,https://www.dailymaverick.co.za/opinionista/2014-08-25-marikana-not-the-place-for-political-grandstanding/,explicit_case_title_review,priority_manual_review_case_signal,acquired_extracted,806,6491f305cb678a5fdeddadfe91148a12a08e11013bb80578cf944842ca12f09c,1,marikana,4,worker_miner;police;shooting_death;wage;koppie,20,5,commission_inquiry,5,1,,0,0,false,false,false,strong_case_context_supported,"A Marikana/Farlam/Wonderkop/Nkaneng/Bapo term is supported by event, labour, justice, community or governance context; the case term is not being treated as sufficient on its own.",,,
DISC-MEDIA-0336,Without A Trace Lonmins Bermuda Connection,2014,2014-09-19,Daily Maverick,https://www.dailymaverick.co.za/opinionista/2014-09-19-without-a-trace-lonmins-bermuda-connection/,lonmin_only_title_review,priority_manual_review_case_signal,acquired_extracted,1231,4de5baa6d58b8029da8ff5149d95a3589c43c8c38397cf58f2e22c9eecf56842,21,marikana,2,strike;worker_miner;wage,9,3,community;slp;commission_inquiry,8,3,share_price;earnings_results;funding_debt;transaction;exploration_project,5,5,false,false,false,strong_case_context_supported,"A Marikana/Farlam/Wonderkop/Nkaneng/Bapo term is supported by event, labour, justice, community or governance context; the case term is not being treated as sufficient on its own.",,,
DISC-MEDIA-0337,Before Marikana There Was The Deadly Sasol Strike,2014,2014-10-22,Daily Maverick,https://www.dailymaverick.co.za/opinionista/2014-10-22-before-marikana-there-was-the-deadly-sasol-strike/,explicit_case_title_review,manual_review_title_text_mismatch,acquired_extracted,877,8fe4af7b85df736ea3c8ce9de9b5697f7853b0c7fadaa4de44f0b61a26d7f7ae,0,,0,strike;worker_miner;police;shooting_death;wage;union;protest_unrest,45,7,housing;justice_accountability,7,2,earnings_results;transaction,2,2,false,false,true,possible_substantive_case_context,Extracted text contains multiple labour/event or community/governance signals but lacks a high-specificity case term; direct substantive review is required.,,,
DISC-MEDIA-0338,Post Marikana Sa Birthing The New Student Politics,2015,2015-04-07,Daily Maverick,https://www.dailymaverick.co.za/opinionista/2015-04-07-post-marikana-sa-birthing-the-new-student-politics/,explicit_case_title_review,priority_manual_review_case_signal,acquired_extracted,1270,e9be4a49b2a9079e0de591fe992f4ab42673315bf2e1e0748254c0bb08a1948b,0,marikana;nkaneng,11,strike;worker_miner;shooting_death;union;protest_unrest,8,5,community;justice_accountability,2,2,,0,0,false,false,false,strong_case_context_supported,"A Marikana/Farlam/Wonderkop/Nkaneng/Bapo term is supported by event, labour, justice, community or governance context; the case term is not being treated as sufficient on its own.",,,
DISC-MEDIA-0339,Rhodeshasfallen But Dont Forget Marikana Xenophobia Poverty,2015,2015-04-09,Daily Maverick,https://www.dailymaverick.co.za/opinionista/2015-04-09-rhodeshasfallen-but-dont-forget-marikana-xenophobia-poverty/,explicit_case_title_review,priority_manual_review_case_signal,acquired_extracted,918,2d67ccefc5551436df6eb982b39bfe917fca64042d3ba5ef7beeafa592e85034,0,marikana;farlam,4,worker_miner;shooting_death;protest_unrest,9,3,justice_accountability;commission_inquiry,4,2,,0,0,false,false,false,strong_case_context_supported,"A Marikana/Farlam/Wonderkop/Nkaneng/Bapo term is supported by event, labour, justice, community or governance context; the case term is not being treated as sufficient on its own.",,,
DISC-MEDIA-0340,Marikana The Breakdown In More Ways Than One,2015,2015-06-02,Daily Maverick,https://www.dailymaverick.co.za/opinionista/2015-06-02-marikana-the-breakdown-in-more-ways-than-one/,explicit_case_title_review,priority_manual_review_case_signal,acquired_extracted,1557,9534f976cc0c7e454cc820f072b4fdb2d640c95bdc0ce1221e0898fc8c422cee,1,marikana,10,strike;worker_miner;police;shooting_death;wage;protest_unrest,49,6,housing;community;justice_accountability;commission_inquiry,12,4,,0,0,false,false,false,strong_case_context_supported,"A Marikana/Farlam/Wonderkop/Nkaneng/Bapo term is supported by event, labour, justice, community or governance context; the case term is not being treated as sufficient on its own.",,,
DISC-MEDIA-0341,Judge Farlams Accidental Massacre,2015,2015-06-26,Daily Maverick,https://www.dailymaverick.co.za/opinionista/2015-06-26-judge-farlams-accidental-massacre/,explicit_case_title_review,priority_manual_review_case_signal,acquired_extracted,1167,4c05dab586fe8a1300aaf2ba75b3d291ef8878dc46709dd39f5fe648783c192b,4,marikana;farlam,4,strike;worker_miner;police;shooting_death;union,46,5,housing;community;commission_inquiry,12,3,,0,0,false,false,true,strong_case_context_supported,"A Marikana/Farlam/Wonderkop/Nkaneng/Bapo term is supported by event, labour, justice, community or governance context; the case term is not being treated as sufficient on its own.",,,
DISC-MEDIA-0342,South Africa Post Marikana Report Still Waiting For Leadership,2015,2015-06-29,Daily Maverick,https://www.dailymaverick.co.za/opinionista/2015-06-29-south-africa-post-marikana-report-still-waiting-for-leadership/,explicit_case_title_review,priority_manual_review_case_signal,acquired_extracted,1096,bec5438c672312bd64780f68acdfb724e5ca298c8cab9a092d4a3d59535271f0,0,marikana,4,worker_miner;police;union,5,3,housing;justice_accountability,2,2,,0,0,false,false,false,strong_case_context_supported,"A Marikana/Farlam/Wonderkop/Nkaneng/Bapo term is supported by event, labour, justice, community or governance context; the case term is not being treated as sufficient on its own.",,,
DISC-MEDIA-0343,Marikana Reflects The Accountability Deficit Of Zumas Administration,2015,2015-07-06,Daily Maverick,https://www.dailymaverick.co.za/opinionista/2015-07-06-marikana-reflects-the-accountability-deficit-of-zumas-administration/,explicit_case_title_review,priority_manual_review_case_signal,acquired_extracted,726,7ed5eb2011b30767c1f79d4bb6c88d4654c0e897e4953c85b0cf58067d8e628e,1,marikana;farlam,12,strike;worker_miner;police;shooting_death;wage;union;protest_unrest,23,7,justice_accountability,6,1,share_price;earnings_results,2,2,false,false,true,strong_case_context_supported,"A Marikana/Farlam/Wonderkop/Nkaneng/Bapo term is supported by event, labour, justice, community or governance context; the case term is not being treated as sufficient on its own.",,,
DISC-MEDIA-0344,Marikana A Lesson In The Vulnerability Of The Black Body,2015,2015-08-12,Daily Maverick,https://www.dailymaverick.co.za/opinionista/2015-08-12-marikana-a-lesson-in-the-vulnerability-of-the-black-body/,explicit_case_title_review,priority_manual_review_case_signal,acquired_extracted,1297,30b7a3d0db6a05f5c2ede4cf43769340ad4fc893bec172f145ad7d2cf2797464,0,marikana;farlam,8,worker_miner;police;shooting_death;union;protest_unrest;koppie,45,6,housing;commission_inquiry,2,2,,0,0,false,false,false,strong_case_context_supported,"A Marikana/Farlam/Wonderkop/Nkaneng/Bapo term is supported by event, labour, justice, community or governance context; the case term is not being treated as sufficient on its own.",,,
DISC-MEDIA-0345,A Burning Bus Are We Headed For Marikana Mk Ii,2016,2016-10-13,Daily Maverick,https://www.dailymaverick.co.za/opinionista/2016-10-13-a-burning-bus-are-we-headed-for-marikana-mk-ii/,explicit_case_title_review,priority_manual_review_case_signal,acquired_extracted,1442,4b0bd5ec7d034270051f71b34f8a8098e3dd09e641219513ff2aca02d2b24c6d,0,marikana,4,worker_miner;police;shooting_death;wage;union;protest_unrest;koppie,60,7,justice_accountability,3,1,share_price;funding_debt,2,2,false,false,false,strong_case_context_supported,"A Marikana/Farlam/Wonderkop/Nkaneng/Bapo term is supported by event, labour, justice, community or governance context; the case term is not being treated as sufficient on its own.",,,
DISC-MEDIA-0346,Marikana Unmasking Ramaphosas Rhetoric Narrow Apology And Lies,2017,2017-06-13,Daily Maverick,https://www.dailymaverick.co.za/opinionista/2017-06-13-marikana-unmasking-ramaphosas-rhetoric-narrow-apology-and-lies/,explicit_case_title_review,priority_manual_review_case_signal,acquired_extracted,1450,cf4f7562e9451cddaa76fc000bb788ef4f272d491701770be44f87869b73656f,9,marikana;wonderkop;nkaneng,13,strike;worker_miner;police;shooting_death;wage;union;protest_unrest,24,7,housing;community;justice_accountability,15,3,funding_debt;transaction;exploration_project;commodity_market,5,4,false,false,false,strong_case_context_supported,"A Marikana/Farlam/Wonderkop/Nkaneng/Bapo term is supported by event, labour, justice, community or governance context; the case term is not being treated as sufficient on its own.",,,
DISC-MEDIA-0347,From The Inside The Other Marikana And Its Implications,2017,2017-09-10,Daily Maverick,https://www.dailymaverick.co.za/opinionista/2017-09-10-from-the-inside-the-other-marikana-and-its-implications/,explicit_case_title_review,priority_manual_review_case_signal,acquired_extracted,1189,2bc03d1414d11be1a309a12e9cb2cfa3878ea014aee65beb399768740a3cb188,0,marikana,5,police;shooting_death;wage;protest_unrest,11,4,housing;community;justice_accountability,11,3,earnings_results;transaction;commodity_market,5,3,false,false,false,strong_case_context_supported,"A Marikana/Farlam/Wonderkop/Nkaneng/Bapo term is supported by event, labour, justice, community or governance context; the case term is not being treated as sufficient on its own.",,,
DISC-MEDIA-0348,Marikana The Axe Forgets But The Tree Remembers,2018,2018-11-07,Daily Maverick,https://www.dailymaverick.co.za/opinionista/2018-11-07-marikana-the-axe-forgets-but-the-tree-remembers/,explicit_case_title_review,priority_manual_review_case_signal,acquired_extracted,1044,0d130a2537aa7e245ed7b82fa320e915e0dfac7a4ed7c59371bd4c77f4b6c650,0,marikana,3,police,16,1,community;justice_accountability;commission_inquiry,13,3,,0,0,false,false,false,strong_case_context_supported,"A Marikana/Farlam/Wonderkop/Nkaneng/Bapo term is supported by event, labour, justice, community or governance context; the case term is not being treated as sufficient on its own.",,,
DISC-MEDIA-0349,Da Appropriation Of Marikana And Life Esidimeni Names Is Crude Partly Political Electioneering,2019,2019-01-18,Daily Maverick,https://www.dailymaverick.co.za/opinionista/2019-01-18-da-appropriation-of-marikana-and-life-esidimeni-names-is-crude-partly-political-electioneering/,explicit_case_title_review,priority_manual_review_case_signal,acquired_extracted,1063,f47a5adf9d854a3da7cd5fba1d46fe96129951ad98880f5de910e20a7c1dca03,0,marikana,2,worker_miner;shooting_death;wage,12,3,housing;justice_accountability,2,2,share_price;earnings_results;funding_debt,4,3,false,false,false,strong_case_context_supported,"A Marikana/Farlam/Wonderkop/Nkaneng/Bapo term is supported by event, labour, justice, community or governance context; the case term is not being treated as sufficient on its own.",,,
DISC-MEDIA-0350,As We Commemorate Marikana Reconciliation Should Be Our Priority,2019,2019-08-15,Daily Maverick,https://www.dailymaverick.co.za/opinionista/2019-08-15-as-we-commemorate-marikana-reconciliation-should-be-our-priority/,explicit_case_title_review,priority_manual_review_case_signal,acquired_extracted,467,fc9b902c42c99f787a304a40eeb6a93a3d7a0537be9880f4e46767e0530c5346,1,marikana,4,worker_miner;police;shooting_death;wage;union;protest_unrest,16,6,community;justice_accountability,7,2,,0,0,false,false,false,strong_case_context_supported,"A Marikana/Farlam/Wonderkop/Nkaneng/Bapo term is supported by event, labour, justice, community or governance context; the case term is not being treated as sufficient on its own.",,,
DISC-MEDIA-0351,Marikana Memories A Place Of Hard Hearts Cold Courage And Brutal Vengeance,2019,2019-08-18,Daily Maverick,https://www.dailymaverick.co.za/opinionista/2019-08-18-marikana-memories-a-place-of-hard-hearts-cold-courage-and-brutal-vengeance/,explicit_case_title_review,priority_manual_review_case_signal,acquired_extracted,2518,6bfa5450734bf8b7d1471e7a00d161c4585152144aa5b919b7251c4ae56823f5,1,marikana,25,worker_miner;police;shooting_death;wage;union;protest_unrest,37,6,housing;community;justice_accountability,23,3,share_price;transaction,2,2,false,false,false,strong_case_context_supported,"A Marikana/Farlam/Wonderkop/Nkaneng/Bapo term is supported by event, labour, justice, community or governance context; the case term is not being treated as sufficient on its own.",,,
DISC-MEDIA-0352,Peace Process In Jeopardy As Another Marikana Num Member Is Murdered,2019,2019-11-06,Daily Maverick,https://www.dailymaverick.co.za/opinionista/2019-11-06-peace-process-in-jeopardy-as-another-marikana-num-member-is-murdered/,explicit_case_title_review,priority_manual_review_case_signal,acquired_extracted,509,eed99747ff3a741a35f0c54525578283dc0d2e7a4fb2d9c0a50019f12b48d8a7,1,marikana,3,strike;worker_miner;police;shooting_death;wage;union;protest_unrest,38,7,,0,0,earnings_results;exploration_project,3,2,false,false,true,strong_case_context_supported,"A Marikana/Farlam/Wonderkop/Nkaneng/Bapo term is supported by event, labour, justice, community or governance context; the case term is not being treated as sufficient on its own.",,,
DISC-MEDIA-0353,Dear President Ramaphosa Rein In The Security Forces Before We Have Another Marikana,2020,2020-04-14,Daily Maverick,https://www.dailymaverick.co.za/opinionista/2020-04-14-dear-president-ramaphosa-rein-in-the-security-forces-before-we-have-another-marikana/,explicit_case_title_review,priority_manual_review_case_signal,acquired_extracted,786,e07e4edf9391474978a17be1ff5a7cb0ba9809c313a16424aba80f3cc52a1fc6,0,marikana,1,police;shooting_death;protest_unrest,7,3,community;commission_inquiry,2,2,,0,0,false,false,false,strong_case_context_supported,"A Marikana/Farlam/Wonderkop/Nkaneng/Bapo term is supported by event, labour, justice, community or governance context; the case term is not being treated as sufficient on its own.",,,
DISC-MEDIA-0354,Marikana The Long Wait For Truth Justice And Compensation,2020,2020-08-14,Daily Maverick,https://www.dailymaverick.co.za/opinionista/2020-08-14-marikana-the-long-wait-for-truth-justice-and-compensation/,explicit_case_title_review,priority_manual_review_case_signal,acquired_extracted,619,7002b548e698f6370f26e61bd0378313a8f2b43da44d44f9ceed3d53ba04b302,2,marikana,5,strike;worker_miner;police;koppie,15,4,justice_accountability;commission_inquiry,11,2,earnings_results;transaction,2,2,false,false,true,strong_case_context_supported,"A Marikana/Farlam/Wonderkop/Nkaneng/Bapo term is supported by event, labour, justice, community or governance context; the case term is not being treated as sufficient on its own.",,,
DISC-MEDIA-0355,Mauritius To Marikana Lessons For Zondo From Past Commissions,2020,2020-10-05,Daily Maverick,https://www.dailymaverick.co.za/opinionista/2020-10-05-mauritius-to-marikana-lessons-for-zondo-from-past-commissions/,explicit_case_title_review,priority_manual_review_case_signal,acquired_extracted,2387,7b8cf490d14a6eb5709b69893a0e0bb02ed4cc3a5245e2c584d9f710ad68270c,0,marikana;farlam,6,worker_miner;police;shooting_death;protest_unrest,26,4,justice_accountability;commission_inquiry,65,2,earnings_results;funding_debt,3,2,false,false,false,strong_case_context_supported,"A Marikana/Farlam/Wonderkop/Nkaneng/Bapo term is supported by event, labour, justice, community or governance context; the case term is not being treated as sufficient on its own.",,,
DISC-MEDIA-0356,The Marikana Memorial Lecture Lessons We Learnt From That Fateful Day,2021,2021-08-17,Daily Maverick,https://www.dailymaverick.co.za/opinionista/2021-08-17-the-marikana-memorial-lecture-lessons-we-learnt-from-that-fateful-day/,explicit_case_title_review,priority_manual_review_case_signal,acquired_extracted,933,a6d5ccb85f9af7ab1bd486abac6ada76e061557086ebb5830eb649249e0df599,0,marikana,1,shooting_death,2,1,community,2,1,share_price,2,1,false,false,true,strong_case_context_supported,"A Marikana/Farlam/Wonderkop/Nkaneng/Bapo term is supported by event, labour, justice, community or governance context; the case term is not being treated as sufficient on its own.",,,
DISC-MEDIA-0357,I Heard The Machine Gun Fire Sound Of Police Shooting Down The Mineworkers In Marikana How Did We Come To This,2021,2021-08-18,Daily Maverick,https://www.dailymaverick.co.za/opinionista/2021-08-18-i-heard-the-machine-gun-fire-sound-of-police-shooting-down-the-mineworkers-in-marikana-how-did-we-come-to-this/,explicit_case_title_review,priority_manual_review_case_signal,acquired_extracted,938,3a3f40f7cc6453e6f76ea9f85da08e1b5bfe3539fe40523dd78c38faee97afc1,0,marikana,2,worker_miner;shooting_death;wage;koppie,7,4,community;justice_accountability,2,2,,0,0,false,false,true,strong_case_context_supported,"A Marikana/Farlam/Wonderkop/Nkaneng/Bapo term is supported by event, labour, justice, community or governance context; the case term is not being treated as sufficient on its own.",,,
DISC-MEDIA-0358,We Remember Marikana Will The Government And President Ramaphosa Also Remember The Massacre 10 Years Later,2022,2022-02-22,Daily Maverick,https://www.dailymaverick.co.za/opinionista/2022-02-22-we-remember-marikana-will-the-government-and-president-ramaphosa-also-remember-the-massacre-10-years-later/,explicit_case_title_review,priority_manual_review_case_signal,acquired_extracted,655,8ae050fa0689e37b5fb5e5db3a1851be97e9c6824e54bdd4b1b4273ad3c998f3,1,marikana,14,strike;worker_miner;police;shooting_death;wage,13,5,,0,0,production_output,1,1,false,false,true,strong_case_context_supported,"A Marikana/Farlam/Wonderkop/Nkaneng/Bapo term is supported by event, labour, justice, community or governance context; the case term is not being treated as sufficient on its own.",,,
DISC-MEDIA-0359,Minister Thulas Nxesi Beware Another Marikana Brewing While You Sleep,2022,2022-05-08,Daily Maverick,https://www.dailymaverick.co.za/opinionista/2022-05-08-minister-thulas-nxesi-beware-another-marikana-brewing-while-you-sleep/,explicit_case_title_review,priority_manual_review_case_signal,acquired_extracted,784,167be39d58fc9dcc683feb9c2082f1431c04df740ee31ea096dc20c4f09a95e7,1,marikana,8,strike;worker_miner;police;shooting_death;wage;union;protest_unrest;koppie,39,8,,0,0,,0,0,false,false,false,strong_case_context_supported,"A Marikana/Farlam/Wonderkop/Nkaneng/Bapo term is supported by event, labour, justice, community or governance context; the case term is not being treated as sufficient on its own.",,,
DISC-MEDIA-0360,Lets Never Forget The Marikana Massacre And Start The Daunting Task Of Building A Social Pact,2022,2022-08-18,Daily Maverick,https://www.dailymaverick.co.za/opinionista/2022-08-18-lets-never-forget-the-marikana-massacre-and-start-the-daunting-task-of-building-a-social-pact/,explicit_case_title_review,priority_manual_review_case_signal,acquired_extracted,1201,74777ea08233fe763a13945e1d5f2c88fc5977b0dafc6d3f37370599e03b2ebd,0,marikana,7,worker_miner;police;shooting_death;union;protest_unrest,17,5,housing;community,11,2,,0,0,false,false,true,strong_case_context_supported,"A Marikana/Farlam/Wonderkop/Nkaneng/Bapo term is supported by event, labour, justice, community or governance context; the case term is not being treated as sufficient on its own.",,,
DISC-MEDIA-0361,Marikana 11 Years On Where Little Has Changed And Justice Still Evades Us,2023,2023-08-15,Daily Maverick,https://www.dailymaverick.co.za/opinionista/2023-08-15-marikana-11-years-on-where-little-has-changed-and-justice-still-evades-us/,explicit_case_title_review,priority_manual_review_case_signal,acquired_extracted,847,97007ddc20fef514e4e1d8a8d20f4c0c63bb0c4364b67eeb9b4282050a3f819d,1,marikana,10,police;shooting_death;union,20,3,justice_accountability;commission_inquiry,17,2,share_price;transaction,4,2,false,false,true,strong_case_context_supported,"A Marikana/Farlam/Wonderkop/Nkaneng/Bapo term is supported by event, labour, justice, community or governance context; the case term is not being treated as sufficient on its own.",,,
DISC-MEDIA-0362,46 Year Old Man Dies In Accident At Lonmin Mine,2018,2018-10-02,Engineering News,https://www.engineeringnews.co.za/article/46-year-old-man-dies-in-accident-at-lonmin-mine-2018-10-02,lonmin_only_title_review,manual_review_lonmin_only_low_case_signal,acquired_extracted,415,57e6eeeee3dccd6072346ed921975e3ecab2357c44c001f5ceabc5dd3ff0ce72,4,,0,worker_miner,1,1,,0,0,earnings_results;exploration_project,3,2,false,false,false,ambiguous_low_signal,Automated evidence signals are insufficient for a defensible inclusion/exclusion decision.,,,
DISC-MEDIA-0363,Amcu Blasts Zuma Over Marikana Plan,2016,2016-12-13,Engineering News,https://www.engineeringnews.co.za/article/amcu-blasts-zuma-over-marikana-plan-2016-12-13-1,explicit_case_title_review,priority_manual_review_case_signal,acquired_extracted,964,db7a089da40b9cdb10f44718857b82c2ca286059869fb400da614fed899ba4a4,12,marikana;farlam,12,strike;worker_miner;police;shooting_death;wage;union;protest_unrest,34,7,justice_accountability;commission_inquiry,10,2,earnings_results,2,1,false,false,true,strong_case_context_supported,"A Marikana/Farlam/Wonderkop/Nkaneng/Bapo term is supported by event, labour, justice, community or governance context; the case term is not being treated as sufficient on its own.",,,
DISC-MEDIA-0364,Amcu Calls For Inquest Into South African Mining Fatalities Another Person Dies At Marikana,2021,2021-11-23,Engineering News,https://www.engineeringnews.co.za/article/amcu-calls-for-inquest-into-south-african-mining-fatalities-another-person-dies-at-marikana-2021-11-23,explicit_case_title_review,priority_manual_review_case_signal,acquired_extracted,638,3d07ab3f54e0866251c178d3ccb8a05dcaff1308236f922fb9e1e73ef4955356,0,marikana,4,worker_miner;shooting_death;union,15,3,housing,1,1,earnings_results;exploration_project,3,2,false,false,true,strong_case_context_supported,"A Marikana/Farlam/Wonderkop/Nkaneng/Bapo term is supported by event, labour, justice, community or governance context; the case term is not being treated as sufficient on its own.",,,
DISC-MEDIA-0365,Amcu Laments Lack Of Consultation Over Sibanye Stillwaters Acquisition Of Lonmin,2017,2017-12-15,Engineering News,https://www.engineeringnews.co.za/article/amcu-laments-lack-of-consultation-over-sibanye-stillwaters-acquisition-of-lonmin-2017-12-15,lonmin_only_title_review,manual_review_possible_case_signal,acquired_extracted,655,1ef79200164e7c2ff78cc019d8a7c7b9193bc690bc833034d541c7d4267ea6cd,9,marikana,1,worker_miner;shooting_death;union,22,3,,0,0,share_price;earnings_results;transaction,6,3,false,true,true,strong_case_context_supported,"A Marikana/Farlam/Wonderkop/Nkaneng/Bapo term is supported by event, labour, justice, community or governance context; the case term is not being treated as sufficient on its own.",,,
DISC-MEDIA-0366,Amcu Lonmin Find Strike Averting Meeting Point Deputy President,2013,2013-06-21,Engineering News,https://www.engineeringnews.co.za/article/amcu-lonmin-find-strike-averting-meeting-point-deputy-president-2013-06-21,lonmin_only_title_review,manual_review_lonmin_only_low_case_signal,acquired_extracted,1134,fc217934476c4a8a7270cc410af34a74d2af51f6c33364861415f1d49b5d18d7,7,,0,strike;worker_miner;wage;union;protest_unrest,47,5,,0,0,earnings_results,2,1,false,false,true,possible_substantive_case_context,Extracted text contains multiple labour/event or community/governance signals but lacks a high-specificity case term; direct substantive review is required.,,,
DISC-MEDIA-0367,Amcu Lonmin Talks Reach Deadlock Formal Arbitration To Start,2013,2013-05-23,Engineering News,https://www.engineeringnews.co.za/article/amcu-lonmin-talks-reach-deadlock-formal-arbitration-to-start-2013-05-23,lonmin_only_title_review,manual_review_lonmin_only_low_case_signal,acquired_extracted,540,21f08622c1d677fade9452eaef495c867ab194d1448009134a3e719b398d1cc3,4,,0,worker_miner;union,11,2,commission_inquiry,1,1,earnings_results,2,1,false,false,true,ambiguous_low_signal,Automated evidence signals are insufficient for a defensible inclusion/exclusion decision.,,,
DISC-MEDIA-0368,Amcu Moves To Overturn Sibanyes Lonmin Deal,2018,2018-12-20,Engineering News,https://www.engineeringnews.co.za/article/amcu-moves-to-overturn-sibanyes-lonmin-deal-2018-12-20,lonmin_only_title_review,manual_review_lonmin_only_low_case_signal,acquired_extracted,449,7fa720b88814af995c77e3796b839a0c31ff06851fb58ceb24c7221db25e7cb7,6,,0,worker_miner;union,9,2,,0,0,share_price;earnings_results;transaction,6,3,false,false,true,ambiguous_low_signal,Automated evidence signals are insufficient for a defensible inclusion/exclusion decision.,,,
DISC-MEDIA-0369,Amcu Slams Lonmin Sibanye Merger Over Magnitude Of Job Losses At Appeal Court,2019,2019-04-08,Engineering News,https://www.engineeringnews.co.za/article/amcu-slams-lonmin-sibanye-merger-over-magnitude-of-job-losses-at-appeal-court-2019-04-08,lonmin_only_title_review,manual_review_lonmin_only_low_case_signal,acquired_extracted,902,2538c1c5dc61242157aca6a23ad1023e671cd66fcaeee158ee90bb61e3056e65,8,,0,worker_miner;union,12,2,community;commission_inquiry,4,2,earnings_results;transaction;commodity_market,22,3,false,true,true,possible_substantive_case_context,Extracted text contains multiple labour/event or community/governance signals but lacks a high-specificity case term; direct substantive review is required.,,,
DISC-MEDIA-0370,Amcu Stands Firm On R12 500 Demand Lonmin Calls On Union To Reconsider 9,2014,2014-04-03,Engineering News,https://www.engineeringnews.co.za/article/amcu-stands-firm-on-r12-500-demand-lonmin-calls-on-union-to-reconsider-9-2014-04-03,lonmin_only_title_review,manual_review_lonmin_only_low_case_signal,acquired_extracted,814,94e3ad1f6b6588ff3cb8ed3b8602b93ff58845987c9b84a4819123536f32a898,7,,0,strike;worker_miner;wage;union,32,4,community;commission_inquiry,3,2,earnings_results;exploration_project,7,2,false,false,true,possible_substantive_case_context,Extracted text contains multiple labour/event or community/governance signals but lacks a high-specificity case term; direct substantive review is required.,,,
DISC-MEDIA-0371,Amcu Threatens To Strike At Lonmin Operations,2013,2013-06-06,Engineering News,https://www.engineeringnews.co.za/article/amcu-threatens-to-strike-at-lonmin-operations-2013-06-06,lonmin_only_title_review,manual_review_lonmin_only_low_case_signal,acquired_extracted,606,6540c8919e9c9d44252e8d1cff396b9ad4584fe55ff11d4ee19c7b42aff9d79a,7,,0,strike;worker_miner;union,22,3,commission_inquiry,1,1,earnings_results,2,1,false,false,true,possible_substantive_case_context,Extracted text contains multiple labour/event or community/governance signals but lacks a high-specificity case term; direct substantive review is required.,,,
DISC-MEDIA-0372,Amcu To Commemorate Marikana Celebrate Womens Month With Upcoming Events,2021,2021-08-11,Engineering News,https://www.engineeringnews.co.za/article/amcu-to-commemorate-marikana-celebrate-womens-month-with-upcoming-events-2021-08-11,explicit_case_title_review,priority_manual_review_case_signal,acquired_extracted,663,61e8d461038849eff53f08d4fb9d2f3e2ec219e2120bdeef3e063e3a9aabffe6,2,marikana,4,strike;worker_miner;shooting_death;wage;union;protest_unrest,17,6,community,1,1,earnings_results,2,1,false,false,true,strong_case_context_supported,"A Marikana/Farlam/Wonderkop/Nkaneng/Bapo term is supported by event, labour, justice, community or governance context; the case term is not being treated as sufficient on its own.",,,
DISC-MEDIA-0373,Amcu To Serve Strike Notice On Lonmin Implats,2014,2014-01-17,Engineering News,https://www.engineeringnews.co.za/article/amcu-to-serve-strike-notice-on-lonmin-implats-2014-01-17,lonmin_only_title_review,manual_review_lonmin_only_low_case_signal,acquired_extracted,518,23d15f99a1759973e003e10e03d154b7d91bb5679526fac3511970f798f7eda0,5,,0,strike;worker_miner;wage;union,22,4,commission_inquiry,1,1,earnings_results,2,1,false,false,true,possible_substantive_case_context,Extracted text contains multiple labour/event or community/governance signals but lacks a high-specificity case term; direct substantive review is required.,,,
DISC-MEDIA-0374,Amnesty Condemns Lonmin Housing As Miner Sees More Spending Cuts,2016,2016-08-15,Engineering News,https://www.engineeringnews.co.za/article/amnesty-condemns-lonmin-housing-as-miner-sees-more-spending-cuts-2016-08-15,lonmin_only_title_review,priority_manual_review_case_signal,acquired_extracted,694,1432e815daf17ba9cbe7ceb0977b004608a8a1d9186aae2862af42c21d5f4fc2,7,marikana;farlam,2,worker_miner;police;shooting_death;protest_unrest,8,4,housing;slp;commission_inquiry,9,3,earnings_results;funding_debt;dividend_rights;commodity_market,6,4,false,false,true,strong_case_context_supported,"A Marikana/Farlam/Wonderkop/Nkaneng/Bapo term is supported by event, labour, justice, community or governance context; the case term is not being treated as sufficient on its own.",,,
DISC-MEDIA-0375,Amplats Lonmin Workers To Strike In Support Of Sibanyes Gold Employees,2019,2019-02-21,Engineering News,https://www.engineeringnews.co.za/article/amplats-lonmin-workers-to-strike-in-support-of-sibanyes-gold-employees-2019-02-21,lonmin_only_title_review,manual_review_lonmin_only_low_case_signal,acquired_extracted,712,83472b56dc1ce25f3669202f69b021dfb51a93637c14f2f1079aac626b4e5050,4,,0,strike;worker_miner;wage;union,27,4,,0,0,share_price;earnings_results;production_output;transaction,8,4,false,false,true,possible_substantive_case_context,Extracted text contains multiple labour/event or community/governance signals but lacks a high-specificity case term; direct substantive review is required.,,,
DISC-MEDIA-0376,Announcement On Farlam Inquiry Soon Nhleko,2016,2016-04-22,Engineering News,https://www.engineeringnews.co.za/article/announcement-on-farlam-inquiry-soon-nhleko-2016-04-22,explicit_case_title_review,priority_manual_review_case_signal,acquired_extracted,580,d318ddb61002df66995f27c55cf0a5d708c4094afd1aabff60004ffd1c181060,1,marikana;farlam,5,strike;police;shooting_death;protest_unrest,15,4,community;commission_inquiry,8,2,earnings_results,2,1,false,false,true,strong_case_context_supported,"A Marikana/Farlam/Wonderkop/Nkaneng/Bapo term is supported by event, labour, justice, community or governance context; the case term is not being treated as sufficient on its own.",,,
DISC-MEDIA-0377,Bank Says Lonmin Investors Should Reject Sibanye Offer,2019,2019-05-24,Engineering News,https://www.engineeringnews.co.za/article/bank-says-lonmin-investors-should-reject-sibanye-offer-2019-05-24,lonmin_only_title_review,manual_review_lonmin_only_low_case_signal,acquired_extracted,638,69a88b653e6b383904dd404519bb3f7b7b271a064d156b431b4db58777425e14,11,,0,worker_miner,2,1,,0,0,share_price;earnings_results;transaction;exploration_project;commodity_market,17,5,false,false,false,likely_routine_corporate_signal,Extracted text has multiple routine corporate/financial signals with weak case-event/community evidence; manual confirmation remains required.,,,
DISC-MEDIA-0378,Bapo Cancel Protest March Against Lonmin After Reaching New Employment Deal,2015,2015-06-17,Engineering News,https://www.engineeringnews.co.za/article/bapo-cancel-protest-march-against-lonmin-after-reaching-new-employment-deal-2015-06-17,explicit_case_title_review,priority_manual_review_case_signal,acquired_extracted,687,15f62bdf86d15345069aafcb00393024b2e42e5da092672c5478b1572b817a99,9,marikana;bapo,6,worker_miner;protest_unrest,6,2,community,3,1,earnings_results,2,1,false,false,false,strong_case_context_supported,"A Marikana/Farlam/Wonderkop/Nkaneng/Bapo term is supported by event, labour, justice, community or governance context; the case term is not being treated as sufficient on its own.",,,
DISC-MEDIA-0379,Battle To Keep Lonmin Platinum Deal Alive Hinges On The Rand,2018,2018-03-09,Engineering News,https://www.engineeringnews.co.za/article/battle-to-keep-lonmin-platinum-deal-alive-hinges-on-the-rand-2018-03-09,lonmin_only_title_review,manual_review_lonmin_only_low_case_signal,acquired_extracted,916,2ef26d19df83aaa2d2699afc2f55b976d30d9a9795f7345993a716c56983298a,13,,0,worker_miner,1,1,,0,0,share_price;earnings_results;production_output;funding_debt;transaction;commodity_market,16,6,false,false,false,likely_routine_corporate_signal,Extracted text has multiple routine corporate/financial signals with weak case-event/community evidence; manual confirmation remains required.,,,
DISC-MEDIA-0380,Beamish Appointment As Lonmin Chair Made Permanent,2014,2014-07-22,Engineering News,https://www.engineeringnews.co.za/article/beamish-appointment-as-lonmin-chair-made-permanent-2014-07-22,lonmin_only_title_review,manual_review_lonmin_only_low_case_signal,acquired_extracted,426,1216918a54cc34499135431f6a9f9bcdc76cd37d7ceb45795c65d5566a1d85ad,5,,0,strike;worker_miner,2,2,,0,0,earnings_results;production_output,3,2,false,false,false,ambiguous_low_signal,Automated evidence signals are insufficient for a defensible inclusion/exclusion decision.,,,
DISC-MEDIA-0381,Bid To Have Lonmins Mining Licence Suspended Heads To Court,2018,2018-10-25,Engineering News,https://www.engineeringnews.co.za/article/bid-to-have-lonmins-mining-licence-suspended-heads-to-court-2018-10-25,lonmin_only_title_review,priority_manual_review_case_signal,acquired_extracted,1304,4aef59c6136a53951a1247036b78c0d5536f0578966efad9c37067ee3d228682,28,marikana;bapo,3,worker_miner;shooting_death,4,2,housing;community;slp;justice_accountability,23,4,earnings_results;transaction,4,2,false,false,false,strong_case_context_supported,"A Marikana/Farlam/Wonderkop/Nkaneng/Bapo term is supported by event, labour, justice, community or governance context; the case term is not being treated as sufficient on its own.",,,
DISC-MEDIA-0382,Bright Interims Better Output Lift Lonmin Share Price,2016,2016-05-16,Engineering News,https://www.engineeringnews.co.za/article/bright-interims-better-output-lift-lonmin-share-price-2016-05-16,lonmin_only_title_review,manual_review_lonmin_only_low_case_signal,acquired_extracted,725,ea08948d8bbe38080216bf78ee4f715d7cc38c595c835c7c4a30a48624547095,7,,0,worker_miner;shooting_death;wage,4,3,,0,0,share_price;earnings_results;production_output;funding_debt;transaction;exploration_project;commodity_market,18,7,false,true,false,possible_substantive_case_context,Extracted text contains multiple labour/event or community/governance signals but lacks a high-specificity case term; direct substantive review is required.,,,
DISC-MEDIA-0383,Britains Competition Watchdog To Look Into Sibanye Lonmin Deal,2018,2018-05-15,Engineering News,https://www.engineeringnews.co.za/article/britains-competition-watchdog-to-look-into-sibanye-lonmin-deal-2018-05-15,lonmin_only_title_review,manual_review_lonmin_only_low_case_signal,acquired_extracted,772,57d1ed054dd2c5fc65fd22dd2a054a5ed9044dfc9a9bcd7d000ccd88b2768f36,16,,0,worker_miner;wage;union,6,3,commission_inquiry,1,1,share_price;earnings_results;production_output;funding_debt;transaction,16,5,false,false,false,possible_substantive_case_context,Extracted text contains multiple labour/event or community/governance signals but lacks a high-specificity case term; direct substantive review is required.,,,
DISC-MEDIA-0384,Cohesive Solutions Needed To Overcome Turbulent Period Lonmin,2016,2016-02-18,Engineering News,https://www.engineeringnews.co.za/article/cohesive-solutions-needed-to-overcome-turbulent-period-lonmin-2016-02-18,lonmin_only_title_review,manual_review_lonmin_only_low_case_signal,acquired_extracted,550,b1b68b87536bd555cb65f010331117c89508fa638e0f6587d68fb58a9af46e40,2,,0,worker_miner;wage,3,2,,0,0,earnings_results;production_output;commodity_market,4,3,false,false,false,ambiguous_low_signal,Automated evidence signals are insufficient for a defensible inclusion/exclusion decision.,,,
DISC-MEDIA-0385,Commission Of Inquiry Into The Marikana Massacre Outcomes,2015,2015-06-26,Engineering News,https://www.engineeringnews.co.za/article/commission-of-inquiry-into-the-marikana-massacre-outcomes-2015-06-26,explicit_case_title_review,priority_manual_review_case_signal,acquired_extracted,317,58a7e22b686e519f3744cbbbc0e0fa2ceb2332a9347e4e97b33c0e6a27692459,0,marikana;farlam,3,shooting_death,2,1,commission_inquiry,4,1,earnings_results,2,1,false,false,true,strong_case_context_supported,"A Marikana/Farlam/Wonderkop/Nkaneng/Bapo term is supported by event, labour, justice, community or governance context; the case term is not being treated as sufficient on its own.",,,
DISC-MEDIA-0386,Community Lonmin To Pursue Equity Trust For Development,2014,2014-05-02,Engineering News,https://www.engineeringnews.co.za/article/community-lonmin-to-pursue-equity-trust-for-development-2014-05-02,lonmin_only_title_review,priority_manual_review_case_signal,acquired_extracted,389,86a7be5104cb28b05b8a3bbcaecaaefd02619773ebcf55ac9aeaa3e740ac45e4,3,bapo,2,,0,0,community,7,1,earnings_results,2,1,false,false,true,strong_case_context_supported,"A Marikana/Farlam/Wonderkop/Nkaneng/Bapo term is supported by event, labour, justice, community or governance context; the case term is not being treated as sufficient on its own.",,,
DISC-MEDIA-0387,Community Members Accelerate Bid Against Key R564M Lonmin Bee Deal,2015,2015-06-11,Engineering News,https://www.engineeringnews.co.za/article/community-members-accelerate-bid-against-key-r564m-lonmin-bee-deal-2015-06-11,lonmin_only_title_review,priority_manual_review_case_signal,acquired_extracted,1305,302bcb71ca31fcb630d9644e6b4cf38524859df43c4bf96c520770dd9dbaabba,10,bapo,10,worker_miner,4,1,community,31,1,share_price;earnings_results;transaction;dividend_rights,9,4,false,false,true,strong_case_context_supported,"A Marikana/Farlam/Wonderkop/Nkaneng/Bapo term is supported by event, labour, justice, community or governance context; the case term is not being treated as sufficient on its own.",,,
DISC-MEDIA-0388,Community Members Accelerate Bid Against R564M Lonmin Bee Deal,2015,2015-06-19,Engineering News,https://www.engineeringnews.co.za/article/community-members-accelerate-bid-against-r564m-lonmin-bee-deal-2015-06-19,lonmin_only_title_review,priority_manual_review_case_signal,acquired_extracted,1302,3e8c8ae42a374ca53d27ef97b4149c64b44de36192efe0e0ed6c5365734f755d,10,bapo,10,worker_miner,4,1,community,31,1,share_price;earnings_results;transaction;dividend_rights,9,4,false,false,true,strong_case_context_supported,"A Marikana/Farlam/Wonderkop/Nkaneng/Bapo term is supported by event, labour, justice, community or governance context; the case term is not being treated as sufficient on its own.",,,
DISC-MEDIA-0389,Community Members Challenge Legality Of R564M Lonmin Bee Deal,2015,2015-03-17,Engineering News,https://www.engineeringnews.co.za/article/community-members-challenge-legality-of-r564m-lonmin-bee-deal-2015-03-17,lonmin_only_title_review,priority_manual_review_case_signal,acquired_extracted,1025,897a06a3499f3256f384b1657fca10e733576242ec3113600b893f199956042f,9,bapo,16,worker_miner,3,1,community;commission_inquiry,19,2,share_price;earnings_results;transaction;dividend_rights,6,4,false,false,true,strong_case_context_supported,"A Marikana/Farlam/Wonderkop/Nkaneng/Bapo term is supported by event, labour, justice, community or governance context; the case term is not being treated as sufficient on its own.",,,
DISC-MEDIA-0390,Competition Appeal Court To Hold Sibanye Lonmin Merger Hearing On April 2,2019,2019-01-25,Engineering News,https://www.engineeringnews.co.za/article/competition-appeal-court-to-hold-sibanye-lonmin-merger-hearing-on-april-2-2019-01-25,lonmin_only_title_review,manual_review_lonmin_only_low_case_signal,acquired_extracted,429,7f66f55983cd95c5aec4bb7b5a42fd3cced61ba465c7bdfb42451345187adbfc,5,,0,worker_miner;union,5,2,,0,0,share_price;earnings_results;transaction,6,3,false,true,false,ambiguous_low_signal,Automated evidence signals are insufficient for a defensible inclusion/exclusion decision.,,,
DISC-MEDIA-0391,Competition Watchdog Imposes Conditions On Sibanye Lonmin Deal,2018,2018-09-18,Engineering News,https://www.engineeringnews.co.za/article/competition-watchdog-imposes-conditions-on-sibanye-lonmin-deal-2018-09-18,lonmin_only_title_review,manual_review_possible_case_signal,acquired_extracted,563,debf98530fb0b4901692a82b8e3bfc438a13e4e4e8147a2c09fbd4b515a744d4,6,bapo,1,worker_miner,1,1,community;commission_inquiry,6,2,share_price;earnings_results;transaction,6,3,false,false,false,strong_case_context_supported,"A Marikana/Farlam/Wonderkop/Nkaneng/Bapo term is supported by event, labour, justice, community or governance context; the case term is not being treated as sufficient on its own.",,,
DISC-MEDIA-0392,Consolidation Needed To Save Jobs Lonmin,2018,2018-05-25,Engineering News,https://www.engineeringnews.co.za/article/consolidation-needed-to-save-jobs-lonmin-2018-05-25,lonmin_only_title_review,manual_review_lonmin_only_low_case_signal,acquired_extracted,1151,3b3803806af3d1b012daaee30e4cb21284e438deaaf4d12dea4940fe5081fb7f,17,,0,,0,0,,0,0,earnings_results;production_output;funding_debt;exploration_project,15,4,false,false,false,likely_routine_corporate_signal,Extracted text has multiple routine corporate/financial signals with weak case-event/community evidence; manual confirmation remains required.,,,
DISC-MEDIA-0393,Court To Hear Urgent Marikana Application,2015,2015-06-08,Engineering News,https://www.engineeringnews.co.za/article/court-to-hear-urgent-marikana-application-2015-06-08,explicit_case_title_review,priority_manual_review_case_signal,acquired_extracted,807,bfa6b1aafa58113d0072ba330a33aa43f09317d7794848124516eb369c8d1f3a,0,marikana;farlam,4,strike;worker_miner;police;shooting_death;wage;union,21,6,commission_inquiry,1,1,earnings_results,2,1,false,false,false,strong_case_context_supported,"A Marikana/Farlam/Wonderkop/Nkaneng/Bapo term is supported by event, labour, justice, community or governance context; the case term is not being treated as sufficient on its own.",,,
DISC-MEDIA-0394,Defence Blasts Ipid For Shoddy Investigation After Marikana Shooting In 2012,2019,2019-06-14,Engineering News,https://www.engineeringnews.co.za/article/defence-blasts-ipid-for-shoddy-investigation-after-marikana-shooting-in-2012-2019-06-14,explicit_case_title_review,priority_manual_review_case_signal,acquired_extracted,937,61fc6ae83fd29c3f7d1678e66fa7f518902aec730d53d801b40c638dd1fcf765,1,marikana,5,worker_miner;police;shooting_death;koppie,33,4,justice_accountability,1,1,earnings_results,2,1,false,false,true,strong_case_context_supported,"A Marikana/Farlam/Wonderkop/Nkaneng/Bapo term is supported by event, labour, justice, community or governance context; the case term is not being treated as sufficient on its own.",,,
DISC-MEDIA-0395,Despite Disappointing Q1 Production Figures Lonmin Maintains Fy17 Guidance,2017,2017-01-26,Engineering News,https://www.engineeringnews.co.za/article/despite-disappointing-q1-production-figures-lonmin-maintains-fy17-guidance-2017-01-26,lonmin_only_title_review,manual_review_possible_case_signal,acquired_extracted,1221,112c504ea5a65708fff5f6b2963da0940a33f867409645cde8c725ac41bcc79d,10,marikana,1,worker_miner;union,5,2,,0,0,earnings_results;production_output;transaction;exploration_project,37,4,false,true,false,strong_case_context_supported,"A Marikana/Farlam/Wonderkop/Nkaneng/Bapo term is supported by event, labour, justice, community or governance context; the case term is not being treated as sufficient on its own.",,,
DISC-MEDIA-0396,Employees Demand Solidaritys Recognition As Trade Union At Lonmin,2017,2017-11-10,Engineering News,https://www.engineeringnews.co.za/article/employees-demand-solidaritys-recognition-as-trade-union-at-lonmin-2017-11-10,lonmin_only_title_review,manual_review_lonmin_only_low_case_signal,acquired_extracted,538,eabe52c5948333d9128d511fdaa2dfc3f7520a2954aab955708dc0453586e2b1,9,,0,worker_miner;union,11,2,,0,0,earnings_results,2,1,false,false,false,ambiguous_low_signal,Automated evidence signals are insufficient for a defensible inclusion/exclusion decision.,,,
DISC-MEDIA-0397,Families Of Slain Marikana Miners Call On Ramaphosa To Turn His Promises Into Action,2018,2018-02-22,Engineering News,https://www.engineeringnews.co.za/article/families-of-slain-marikana-miners-call-on-ramaphosa-to-turn-his-promises-into-action-2018-02-22,explicit_case_title_review,priority_manual_review_case_signal,acquired_extracted,862,719d74a19b14e204261a7ed875f066e5bf436526d1e5104b523e186cee5a569c,1,marikana,7,strike;worker_miner;police;shooting_death;wage,32,5,housing;justice_accountability,11,2,earnings_results,4,1,false,false,true,strong_case_context_supported,"A Marikana/Farlam/Wonderkop/Nkaneng/Bapo term is supported by event, labour, justice, community or governance context; the case term is not being treated as sufficient on its own.",,,
DISC-MEDIA-0398,Farlam Report Raises Issues About Mining Stability As A Whole,2015,2015-06-29,Engineering News,https://www.engineeringnews.co.za/article/farlam-report-raises-issues-about-mining-stability-as-a-whole-2015-06-29,explicit_case_title_review,priority_manual_review_case_signal,acquired_extracted,1444,17fdfd47f358bc23062adc2d94228eda048edadfbf86ff4cec5668ca0ac0da24,16,marikana;farlam,10,strike;worker_miner;police;shooting_death;wage;union;protest_unrest,33,7,housing;justice_accountability;commission_inquiry,13,3,earnings_results,2,1,false,false,true,strong_case_context_supported,"A Marikana/Farlam/Wonderkop/Nkaneng/Bapo term is supported by event, labour, justice, community or governance context; the case term is not being treated as sufficient on its own.",,,
DISC-MEDIA-0399,Farlam Unhappy With Snail Pace In Implementation Of His Marikana Recommendations,2018,2018-08-16,Engineering News,https://www.engineeringnews.co.za/article/farlam-unhappy-with-snail-pace-in-implementation-of-his-marikana-recommendations-2018-08-16,explicit_case_title_review,priority_manual_review_case_signal,acquired_extracted,795,edaba5a29f8f04686a1baca1595ce092036456bca5bc70a754ed2041b082d533,2,marikana;farlam;nkaneng,16,strike;worker_miner;police;shooting_death;wage;protest_unrest,30,6,justice_accountability;commission_inquiry,3,2,earnings_results,2,1,false,false,true,strong_case_context_supported,"A Marikana/Farlam/Wonderkop/Nkaneng/Bapo term is supported by event, labour, justice, community or governance context; the case term is not being treated as sufficient on its own.",,,
DISC-MEDIA-0400,Farlam Wants Workers Housed Mining Charter Goes To Court Coal Firms Transform For Eskom,2015,2015-06-26,Engineering News,https://www.engineeringnews.co.za/article/farlam-wants-workers-housed-mining-charter-goes-to-court-coal-firms-transform-for-eskom-2015-06-26,explicit_case_title_review,priority_manual_review_case_signal,acquired_extracted,856,b92b1db90083c42daf69b69d0a02bc85bbc8582006aebb6faef2bf3678d59487,2,marikana;farlam,3,worker_miner;police;shooting_death;union,8,4,housing;slp;commission_inquiry,8,3,share_price;earnings_results,4,2,false,false,true,strong_case_context_supported,"A Marikana/Farlam/Wonderkop/Nkaneng/Bapo term is supported by event, labour, justice, community or governance context; the case term is not being treated as sufficient on its own.",,,
DISC-MEDIA-0401,Former Top Cop Back In The Dock Over Shooting Of 30 Mine Workers At Marikana,2019,2019-10-29,Engineering News,https://www.engineeringnews.co.za/article/former-top-cop-back-in-the-dock-over-shooting-of-30-mine-workers-at-marikana-2019-10-29,explicit_case_title_review,priority_manual_review_case_signal,acquired_extracted,585,2e04afd3f8f2295d7801b9506d737984aa6b5900416691f979777ba30090bf4a,0,marikana,5,worker_miner;police;shooting_death;koppie,24,4,justice_accountability,1,1,earnings_results,2,1,false,false,true,strong_case_context_supported,"A Marikana/Farlam/Wonderkop/Nkaneng/Bapo term is supported by event, labour, justice, community or governance context; the case term is not being treated as sufficient on its own.",,,
DISC-MEDIA-0402,Full Ownership Of Pandora Jv Set To Unlock Significant Potential For Lonmin,2018,2018-01-19,Engineering News,https://www.engineeringnews.co.za/article/full-ownership-of-pandora-jv-set-to-unlock-significant-potential-for-lonmin-2018-01-19,lonmin_only_title_review,manual_review_lonmin_only_low_case_signal,acquired_extracted,266,c720aba17fa78b1ef7a4987b341682d4d662d137b980f591e44c2966b3dcd7ca,0,,0,,0,0,,0,0,earnings_results,2,1,false,false,false,ambiguous_low_signal,Automated evidence signals are insufficient for a defensible inclusion/exclusion decision.,,,
DISC-MEDIA-0403,Glencore To Divest Its Lonmin Stake,2015,2015-02-11,Engineering News,https://www.engineeringnews.co.za/article/glencore-to-divest-its-lonmin-stake-2015-02-11,lonmin_only_title_review,manual_review_lonmin_only_low_case_signal,acquired_extracted,548,8cbf05a0c67a3f80d5c53217143b3f03ba50040e5ba01bb91553726e8469fac5,8,,0,,0,0,,0,0,share_price;earnings_results;production_output;transaction;commodity_market,18,5,false,true,false,strong_routine_corporate_signal,Title and extracted text are dominated by routine corporate/financial/production signals with no high-specificity case term and minimal labour/community event signal.,,,
DISC-MEDIA-0404,Government Confirms Lawsuits From Marikana Victims Total Close To R12Bn,2017,2017-03-15,Engineering News,https://www.engineeringnews.co.za/article/government-confirms-lawsuits-from-marikana-victims-total-close-to-r12bn-2017-03-15,explicit_case_title_review,priority_manual_review_case_signal,acquired_extracted,756,cdeacf1e7326cd29ef17a93d722e058e6ca51d4d445abf08b88273dfc4793158,0,marikana;farlam,7,worker_miner;police;shooting_death;wage,16,4,justice_accountability;commission_inquiry,6,2,earnings_results,6,1,false,false,true,strong_case_context_supported,"A Marikana/Farlam/Wonderkop/Nkaneng/Bapo term is supported by event, labour, justice, community or governance context; the case term is not being treated as sufficient on its own.",,,
DISC-MEDIA-0405,Government Ready To Compensate Marikana Victims Zuma,2016,2016-12-12,Engineering News,https://www.engineeringnews.co.za/article/government-ready-to-compensate-marikana-victims-zuma-2016-12-12,explicit_case_title_review,priority_manual_review_case_signal,acquired_extracted,687,202d480e9f5e371fa2c24bc9934f72a949a89512d83e59a74c302ef392aa56ee,3,marikana;farlam,6,strike;worker_miner;police;shooting_death,14,4,community;justice_accountability;commission_inquiry,10,3,earnings_results,3,1,false,false,true,strong_case_context_supported,"A Marikana/Farlam/Wonderkop/Nkaneng/Bapo term is supported by event, labour, justice, community or governance context; the case term is not being treated as sufficient on its own.",,,
DISC-MEDIA-0406,Govt Has Paid Over R330M In Taxpayer Money In Marikana Litigation,2023,2023-08-17,Engineering News,https://www.engineeringnews.co.za/article/govt-has-paid-over-r330m-in-taxpayer-money-in-marikana-litigation-2023-08-17,explicit_case_title_review,priority_manual_review_case_signal,acquired_extracted,660,7f1c16b0b2c25c08d1dcbc129927007ff82f2c8ad8bb8c712eddf8260919daa0,1,marikana,3,strike;worker_miner;police;shooting_death,16,4,justice_accountability,2,1,earnings_results,3,1,false,false,false,strong_case_context_supported,"A Marikana/Farlam/Wonderkop/Nkaneng/Bapo term is supported by event, labour, justice, community or governance context; the case term is not being treated as sufficient on its own.",,,
DISC-MEDIA-0407,Govt Observes Anniversary Of Marikana Tragedy,2019,2019-08-16,Engineering News,https://www.engineeringnews.co.za/article/govt-observes-anniversary-of-marikana-tragedy-2019-08-16,explicit_case_title_review,priority_manual_review_case_signal,acquired_extracted,613,957fb5eb1eb0a62f3516ae236c5ab50b811d787d67d9826a3773b8435200599c,0,marikana,7,worker_miner;police;union,6,3,housing;community;justice_accountability;commission_inquiry,11,4,earnings_results;exploration_project,3,2,false,false,true,strong_case_context_supported,"A Marikana/Farlam/Wonderkop/Nkaneng/Bapo term is supported by event, labour, justice, community or governance context; the case term is not being treated as sufficient on its own.",,,
DISC-MEDIA-0408,Govt To Expedite Processing Of Marikana Civil Claims,2015,2015-10-14,Engineering News,https://www.engineeringnews.co.za/article/govt-to-expedite-processing-of-marikana-civil-claims-2015-10-14,explicit_case_title_review,priority_manual_review_case_signal,acquired_extracted,451,5d553d517e0900e3d11595eae3636de558f356667e1c5b422c8e3aa2533016ab,0,marikana,5,worker_miner;police;shooting_death;wage,7,4,justice_accountability,1,1,earnings_results,2,1,false,false,false,strong_case_context_supported,"A Marikana/Farlam/Wonderkop/Nkaneng/Bapo term is supported by event, labour, justice, community or governance context; the case term is not being treated as sufficient on its own.",,,
DISC-MEDIA-0409,Illegal Strike Erupts At Lonmin,2013,2013-03-05,Engineering News,https://www.engineeringnews.co.za/article/illegal-strike-erupts-at-lonmin-2013-03-05,lonmin_only_title_review,manual_review_lonmin_only_low_case_signal,acquired_extracted,953,b763bae40df748d570ece64fca07138d9be28acad35ec80381f814d7f1deb773,16,,0,strike;worker_miner;union,22,3,,0,0,earnings_results;production_output;exploration_project,10,3,false,false,true,possible_substantive_case_context,Extracted text contains multiple labour/event or community/governance signals but lacks a high-specificity case term; direct substantive review is required.,,,
DISC-MEDIA-0410,Improving Miners Lives Best Way Of Honouring Marikana Victims Zuma,2017,2017-10-09,Engineering News,https://www.engineeringnews.co.za/article/improving-miners-lives-best-way-of-honouring-marikana-victims-zuma-2017-10-09-1,explicit_case_title_review,priority_manual_review_case_signal,acquired_extracted,544,5c550216c4a05cd0dbf2135c4c4aade603bb1d23ee4461091ad9014b5cad6706,1,marikana;farlam,8,worker_miner;police;shooting_death;union;protest_unrest,13,5,housing;community;commission_inquiry,10,3,earnings_results,2,1,false,false,true,strong_case_context_supported,"A Marikana/Farlam/Wonderkop/Nkaneng/Bapo term is supported by event, labour, justice, community or governance context; the case term is not being treated as sufficient on its own.",,,
DISC-MEDIA-0411,Independent Panel Of Experts To Help Implement Farlam Commission Findings,2016,2016-01-25,Engineering News,https://www.engineeringnews.co.za/article/independent-panel-of-experts-to-help-implement-farlam-commission-findings-2016-01-25,explicit_case_title_review,priority_manual_review_case_signal,acquired_extracted,517,e08afb0547e7fbc610ca8a27a17d6056759f25a35a974e8812e076282142d7c1,1,marikana;farlam,4,strike;police;shooting_death;protest_unrest,8,4,commission_inquiry,4,1,earnings_results,2,1,false,false,true,strong_case_context_supported,"A Marikana/Farlam/Wonderkop/Nkaneng/Bapo term is supported by event, labour, justice, community or governance context; the case term is not being treated as sufficient on its own.",,,
DISC-MEDIA-0412,Its Business Unusual At Improving Lonmin Munroe,2013,2013-03-05,Engineering News,https://www.engineeringnews.co.za/article/its-business-unusual-at-improving-lonmin-munroe-2013-03-05,lonmin_only_title_review,priority_manual_review_case_signal,acquired_extracted,1654,507beaad5df4b883707f028b386b653773cab6b1de5a624b164d9142fbb20cbb,20,marikana;bapo,4,strike;worker_miner;shooting_death;wage;union,21,5,housing;community,9,2,share_price;earnings_results;production_output;exploration_project;commodity_market,16,5,false,false,false,strong_case_context_supported,"A Marikana/Farlam/Wonderkop/Nkaneng/Bapo term is supported by event, labour, justice, community or governance context; the case term is not being treated as sufficient on its own.",,,
DISC-MEDIA-0413,Its Business Unusual At Improving Lonmin Munroe,2013,2013-03-15,Engineering News,https://www.engineeringnews.co.za/article/its-business-unusual-at-improving-lonmin-munroe-2013-03-15,lonmin_only_title_review,priority_manual_review_case_signal,acquired_extracted,1646,5e52197946b9863dbcd8ef595692499096a4eb828914ea7c5cda853e92e93366,20,marikana;bapo,4,strike;worker_miner;shooting_death;wage;union,21,5,housing;community,8,2,share_price;earnings_results;production_output;exploration_project;commodity_market,16,5,false,false,false,strong_case_context_supported,"A Marikana/Farlam/Wonderkop/Nkaneng/Bapo term is supported by event, labour, justice, community or governance context; the case term is not being treated as sufficient on its own.",,,
DISC-MEDIA-0414,Judge To Take Time To Consider Judgment On Marikana Report,2015,2015-06-09,Engineering News,https://www.engineeringnews.co.za/article/judge-to-take-time-to-consider-judgment-on-marikana-report-2015-06-09,explicit_case_title_review,priority_manual_review_case_signal,acquired_extracted,794,4c5243fa5240fbe5e83693d2c472236ab91be6257e95c5e476c145464ae9ed22,1,marikana;farlam,4,strike;worker_miner;shooting_death;union,14,4,commission_inquiry,3,1,earnings_results,2,1,false,false,false,strong_case_context_supported,"A Marikana/Farlam/Wonderkop/Nkaneng/Bapo term is supported by event, labour, justice, community or governance context; the case term is not being treated as sufficient on its own.",,,
DISC-MEDIA-0415,Legal Action Looming Over Marikana Report,2015,2015-06-03,Engineering News,https://www.engineeringnews.co.za/article/legal-action-looming-over-marikana-report-2015-06-03,explicit_case_title_review,priority_manual_review_case_signal,acquired_extracted,528,ce17a3a4898c2ca20714dbd657ced46af4ba431e28598de04068205dcdda7d4f,4,marikana;farlam,6,strike;worker_miner;shooting_death;wage;protest_unrest,13,5,commission_inquiry,4,1,earnings_results,3,1,false,false,false,strong_case_context_supported,"A Marikana/Farlam/Wonderkop/Nkaneng/Bapo term is supported by event, labour, justice, community or governance context; the case term is not being treated as sufficient on its own.",,,
DISC-MEDIA-0416,Lonmin Accelerates Union Recognition Process To Ease Marikana Tensions,2013,2013-05-17,Engineering News,https://www.engineeringnews.co.za/article/lonmin-accelerates-union-recognition-process-to-ease-marikana-tensions-2013-05-17,explicit_case_title_review,priority_manual_review_case_signal,acquired_extracted,587,61f50753486dabdbcc023537304b381b492b0bec72b8a22bf746d16b3c61c268,7,marikana,3,strike;worker_miner;union;protest_unrest,21,4,commission_inquiry,1,1,earnings_results;production_output,3,2,false,false,false,strong_case_context_supported,"A Marikana/Farlam/Wonderkop/Nkaneng/Bapo term is supported by event, labour, justice, community or governance context; the case term is not being treated as sufficient on its own.",,,
DISC-MEDIA-0417,Lonmin Accused Of Prolonging Platinum Strike By Hiding Revenue,2014,2014-10-24,Engineering News,https://www.engineeringnews.co.za/article/lonmin-accused-of-prolonging-platinum-strike-by-hiding-revenue-2014-10-24,lonmin_only_title_review,priority_manual_review_case_signal,acquired_extracted,759,7bedcb812bbcb82c96a7085fe05d20c972d2f6c3bd27d7983a2b9b36f6f8b85a,8,marikana,2,strike;worker_miner;police;shooting_death;wage;union,18,6,community;commission_inquiry,3,2,earnings_results;exploration_project,9,2,false,false,true,strong_case_context_supported,"A Marikana/Farlam/Wonderkop/Nkaneng/Bapo term is supported by event, labour, justice, community or governance context; the case term is not being treated as sufficient on its own.",,,
DISC-MEDIA-0418,Lonmin Aims For May 14 Restart In Challenge To Platinum Strike,2014,2014-05-09,Engineering News,https://www.engineeringnews.co.za/article/lonmin-aims-for-may-14-restart-in-challenge-to-platinum-strike-2014-05-09,lonmin_only_title_review,manual_review_lonmin_only_low_case_signal,acquired_extracted,814,2265effd1f8b2000b74785a86b89dded7b686f9810b1368f132e0eecde0d1462,4,,0,strike;worker_miner;wage;union;protest_unrest,24,5,housing,1,1,earnings_results,2,1,false,false,true,possible_substantive_case_context,Extracted text contains multiple labour/event or community/governance signals but lacks a high-specificity case term; direct substantive review is required.,,,
DISC-MEDIA-0419,Lonmin Amcu Celebrate Finalisation Of Landmark Bee Equity Deal,2014,2014-12-12,Engineering News,https://www.engineeringnews.co.za/article/lonmin-amcu-celebrate-finalisation-of-landmark-bee-equity-deal-2014-12-12,lonmin_only_title_review,priority_manual_review_case_signal,acquired_extracted,964,3233217edb1b12bfcf6bfce122c706190f38a66b8dea0db8cdc3b81a7c01302b,13,marikana;bapo,8,worker_miner;union,8,2,housing;community,14,2,share_price;earnings_results;transaction,8,3,false,false,true,strong_case_context_supported,"A Marikana/Farlam/Wonderkop/Nkaneng/Bapo term is supported by event, labour, justice, community or governance context; the case term is not being treated as sufficient on its own.",,,
DISC-MEDIA-0420,Lonmin Amcu Fail To Reach Agreement On Union Recognition,2013,2013-05-22,Engineering News,https://www.engineeringnews.co.za/article/lonmin-amcu-fail-to-reach-agreement-on-union-recognition-2013-05-22,lonmin_only_title_review,manual_review_lonmin_only_low_case_signal,acquired_extracted,571,2792c06d5594de18ab7673c2de99884ddd999f7cc27f584514d94b0202f3da67,7,,0,worker_miner;wage;union,16,3,community;commission_inquiry,2,2,earnings_results,2,1,false,false,true,possible_substantive_case_context,Extracted text contains multiple labour/event or community/governance signals but lacks a high-specificity case term; direct substantive review is required.,,,
DISC-MEDIA-0421,Lonmin Appoints Coo To Board,2015,2015-06-25,Engineering News,https://www.engineeringnews.co.za/article/lonmin-appoints-coo-to-board-2015-06-25,lonmin_only_title_review,manual_review_lonmin_only_low_case_signal,acquired_extracted,448,ee0eab91cd333ce4aec9258377d8fe2cf6eb229e03f25427f8ad0076d843e136,5,,0,worker_miner,1,1,,0,0,earnings_results;production_output,3,2,false,false,false,ambiguous_low_signal,Automated evidence signals are insufficient for a defensible inclusion/exclusion decision.,,,
DISC-MEDIA-0422,Lonmin Appoints New Cfo,2016,2016-04-19,Engineering News,https://www.engineeringnews.co.za/article/lonmin-appoints-new-cfo-2016-04-19,lonmin_only_title_review,manual_review_lonmin_only_low_case_signal,acquired_extracted,495,6584a1a11d8eab10492b8099aa74ca8ef8a3629e0ba0562b12bb75c17ad8b0c8,6,,0,worker_miner,1,1,,0,0,share_price;earnings_results,4,2,false,false,false,ambiguous_low_signal,Automated evidence signals are insufficient for a defensible inclusion/exclusion decision.,,,
DISC-MEDIA-0423,Lonmin Artisan College Forging Ahead Despite 2012 Setbacks,2013,2013-03-05,Engineering News,https://www.engineeringnews.co.za/article/lonmin-artisan-college-forging-ahead-despite-2012-setbacks-2013-03-05,lonmin_only_title_review,priority_manual_review_case_signal,acquired_extracted,754,a4e4f613f2bfe871abf154fafe0c20eeba1893e499d8001801e31078e70c1c59,7,marikana,2,strike;protest_unrest,2,2,housing;community,4,2,earnings_results,2,1,false,false,false,strong_case_context_supported,"A Marikana/Farlam/Wonderkop/Nkaneng/Bapo term is supported by event, labour, justice, community or governance context; the case term is not being treated as sufficient on its own.",,,
DISC-MEDIA-0424,Lonmin Boosts Turnaround On Upped Output Suffers Fatalities,2017,2017-07-28,Engineering News,https://www.engineeringnews.co.za/article/lonmin-boosts-turnaround-on-upped-output-suffers-fatalities-2017-07-28,lonmin_only_title_review,manual_review_possible_case_signal,acquired_extracted,866,de5ae58ac0736213c30cf9331409e3227eba34a9890d2c73b3ad606f442f8b85,3,marikana,1,worker_miner;shooting_death;union,3,3,,0,0,earnings_results;production_output;exploration_project;commodity_market,19,4,false,true,false,strong_case_context_supported,"A Marikana/Farlam/Wonderkop/Nkaneng/Bapo term is supported by event, labour, justice, community or governance context; the case term is not being treated as sufficient on its own.",,,
DISC-MEDIA-0425,Lonmin Boosts Turnaround On Upped Production But Suffers Fatalities,2017,2017-07-17,Engineering News,https://www.engineeringnews.co.za/article/lonmin-boosts-turnaround-on-upped-production-but-suffers-fatalities-2017-07-17,lonmin_only_title_review,manual_review_possible_case_signal,acquired_extracted,885,9e29c0fe2dd80a465c13407cddce7efad11bfc8e129037801326e47c2f8b8d07,4,marikana,1,worker_miner;shooting_death;union,3,3,,0,0,earnings_results;production_output;exploration_project;commodity_market,19,4,false,true,false,strong_case_context_supported,"A Marikana/Farlam/Wonderkop/Nkaneng/Bapo term is supported by event, labour, justice, community or governance context; the case term is not being treated as sufficient on its own.",,,
DISC-MEDIA-0426,Lonmin Brings Number One Furnace Back Online,2015,2015-03-10,Engineering News,https://www.engineeringnews.co.za/article/lonmin-brings-number-one-furnace-back-online-2015-03-10,lonmin_only_title_review,manual_review_lonmin_only_low_case_signal,acquired_extracted,407,be5115c6f570f868e6bfa55ac3133f9f96eee03ffdf933e11ac95dfa85035d11,3,,0,worker_miner,2,1,,0,0,earnings_results;exploration_project,8,2,false,true,false,strong_routine_corporate_signal,Title and extracted text are dominated by routine corporate/financial/production signals with no high-specificity case term and minimal labour/community event signal.,,,
DISC-MEDIA-0427,Lonmin Buys Amplats Pandora Platinum Stake Lets Out Concentrator,2016,2016-11-11,Engineering News,https://www.engineeringnews.co.za/article/lonmin-buys-amplats-pandora-platinum-stake-lets-out-concentrator-2016-11-11,lonmin_only_title_review,manual_review_lonmin_only_low_case_signal,acquired_extracted,644,e4ce334bdfa3221119a43699b8e32e0c132f48daf9585df358fe4ca32c798539,10,,0,wage,1,1,,0,0,earnings_results;production_output;transaction,6,3,false,true,false,strong_routine_corporate_signal,Title and extracted text are dominated by routine corporate/financial/production signals with no high-specificity case term and minimal labour/community event signal.,,,
DISC-MEDIA-0428,Lonmin Buys Remaining Pandora Stake,2017,2017-05-15,Engineering News,https://www.engineeringnews.co.za/article/lonmin-buys-remaining-pandora-stake-2017-05-15,lonmin_only_title_review,manual_review_possible_case_signal,acquired_extracted,1127,6ed0d2c55677f8cb157a79a6c55a3ece2b64070dca25818a0a3f3d826b1615fa,10,marikana,1,union,2,1,,0,0,earnings_results;production_output;transaction;exploration_project;commodity_market,41,5,false,true,false,case_name_only_routine_project_or_corporate_signal,"The text/title contains a Marikana-related name but is dominated by project/production/corporate context without substantive event, labour, justice, community or governance evidence. This guards against place/mine/project-name false positives.",,,
DISC-MEDIA-0429,Lonmin Buys Remaining Pandora Stake,2017,2017-05-26,Engineering News,https://www.engineeringnews.co.za/article/lonmin-buys-remaining-pandora-stake-2017-05-26,lonmin_only_title_review,manual_review_possible_case_signal,acquired_extracted,1126,8bf69eef64d20a1071b04aa462e4f2c49d9a4eced2a1e23fb3c38430b2b2cf5a,10,marikana,1,union,2,1,,0,0,earnings_results;production_output;transaction;exploration_project;commodity_market,41,5,false,true,false,case_name_only_routine_project_or_corporate_signal,"The text/title contains a Marikana-related name but is dominated by project/production/corporate context without substantive event, labour, justice, community or governance evidence. This guards against place/mine/project-name false positives.",,,
DISC-MEDIA-0430,Lonmin Ceo Confident In New Chairperson As Phillimore Set To Exit,2014,2014-03-31,Engineering News,https://www.engineeringnews.co.za/article/lonmin-ceo-confident-in-new-chairperson-as-phillimore-set-to-exit-2014-03-31,lonmin_only_title_review,manual_review_lonmin_only_low_case_signal,acquired_extracted,472,508edf655e4b671e515d08099da250c90f212db465d74bc7e65be0e2991871e9,5,,0,,0,0,,0,0,earnings_results,2,1,false,false,false,ambiguous_low_signal,Automated evidence signals are insufficient for a defensible inclusion/exclusion decision.,,,
DISC-MEDIA-0431,Lonmin Ceo Pleads For Consolidation Approval To Save 20 000 Jobs,2018,2018-05-14,Engineering News,https://www.engineeringnews.co.za/article/lonmin-ceo-pleads-for-consolidation-approval-to-save-20-000-jobs-2018-05-14,lonmin_only_title_review,manual_review_lonmin_only_low_case_signal,acquired_extracted,1172,3ad3204a081f2b6ab3c213d47c77a1e4fc90ae78825f7f8ddb2c15367a9a7b2f,17,,0,,0,0,commission_inquiry,1,1,earnings_results;production_output;funding_debt;exploration_project,16,4,false,false,false,ambiguous_low_signal,Automated evidence signals are insufficient for a defensible inclusion/exclusion decision.,,,
DISC-MEDIA-0432,Lonmin Chairperson To Retire In 2014,2013,2013-11-07,Engineering News,https://www.engineeringnews.co.za/article/lonmin-chairperson-to-retire-in-2014-2013-11-07,lonmin_only_title_review,manual_review_possible_case_signal,acquired_extracted,420,280a69efa92fb4ba05eabe56ee2c72a912a9d0777f9061a0e8eb6c9e3a83e7fa,5,marikana,1,,0,0,,0,0,earnings_results;production_output,3,2,false,false,false,case_term_low_context_review,"A high-specificity place/case term occurs, but contextual evidence is too weak to distinguish substantive Marikana-case treatment from a place/project name or incidental historical reference.",,,
DISC-MEDIA-0433,Lonmin Closes Bee Equity Gap,2014,2014-12-05,Engineering News,https://www.engineeringnews.co.za/article/lonmin-closes-bee-equity-gap-2014-12-05,lonmin_only_title_review,priority_manual_review_case_signal,acquired_extracted,574,ee489d18bd7cc7783e23669b76ea14bc493d4ffa85aee732ba3e85c3789f8bdc,8,marikana;bapo,6,,0,0,community,8,1,share_price;earnings_results;transaction;commodity_market,11,4,false,false,false,strong_case_context_supported,"A Marikana/Farlam/Wonderkop/Nkaneng/Bapo term is supported by event, labour, justice, community or governance context; the case term is not being treated as sufficient on its own.",,,
DISC-MEDIA-0434,Lonmin Commits To Revising Housing Plan,2016,2016-12-12,Engineering News,https://www.engineeringnews.co.za/article/lonmin-commits-to-revising-housing-plan-2016-12-12,lonmin_only_title_review,manual_review_possible_case_signal,acquired_extracted,486,293a44ab53c70983b2c9ff38a6fb46322eba60eef3fc0add2c9886cad5c0e35e,6,farlam,1,worker_miner,1,1,housing;commission_inquiry,10,2,earnings_results,2,1,false,false,true,strong_case_context_supported,"A Marikana/Farlam/Wonderkop/Nkaneng/Bapo term is supported by event, labour, justice, community or governance context; the case term is not being treated as sufficient on its own.",,,
DISC-MEDIA-0435,Lonmin Committed To R500M Expenditure On Employee Apartments,2017,2017-04-07,Engineering News,https://www.engineeringnews.co.za/article/lonmin-committed-to-r500m-expenditure-on-employee-apartments-2017-04-07,lonmin_only_title_review,priority_manual_review_case_signal,acquired_extracted,1278,a1fbe8e186da7777a527e45d3bebfff23dfae30a4acadfc5966fbb64ae221783,18,marikana,7,worker_miner;union,4,2,housing;community,12,2,earnings_results;funding_debt;transaction;exploration_project;commodity_market,13,5,false,false,false,strong_case_context_supported,"A Marikana/Farlam/Wonderkop/Nkaneng/Bapo term is supported by event, labour, justice, community or governance context; the case term is not being treated as sufficient on its own.",,,
DISC-MEDIA-0436,Lonmin Communities Celebrate Conclusion Of Bee Deals,2014,2014-12-04,Engineering News,https://www.engineeringnews.co.za/article/lonmin-communities-celebrate-conclusion-of-bee-deals-2014-12-04,lonmin_only_title_review,priority_manual_review_case_signal,acquired_extracted,977,b6bf745f0debb3d128666a9759b4da3c397549ee1808716af24ee817bf08b137,14,marikana;bapo,8,worker_miner;union,8,2,community,13,1,share_price;earnings_results;transaction,8,3,false,false,false,strong_case_context_supported,"A Marikana/Farlam/Wonderkop/Nkaneng/Bapo term is supported by event, labour, justice, community or governance context; the case term is not being treated as sufficient on its own.",,,
DISC-MEDIA-0437,Lonmin Community Builds Leader A Palace With Funds Probe Finds,2016,2016-08-01,Engineering News,https://www.engineeringnews.co.za/article/lonmin-community-builds-leader-a-palace-with-funds-probe-finds-2016-08-01,lonmin_only_title_review,priority_manual_review_case_signal,acquired_extracted,551,87ac8a9c3cb42425f7f67549384680291c6e43c97a92f96aeca6f39e4d10d8e8,5,bapo,3,worker_miner,1,1,community,7,1,earnings_results,2,1,false,false,true,strong_case_context_supported,"A Marikana/Farlam/Wonderkop/Nkaneng/Bapo term is supported by event, labour, justice, community or governance context; the case term is not being treated as sufficient on its own.",,,
DISC-MEDIA-0438,Lonmin Community Wants Operations Suspended On Social Failings,2017,2017-10-25,Engineering News,https://www.engineeringnews.co.za/article/lonmin-community-wants-operations-suspended-on-social-failings-2017-10-25,lonmin_only_title_review,priority_manual_review_case_signal,acquired_extracted,618,d64fdcae967a6750b2124c255f10177e569f91c1741ee82e34e7eec87ac5bd68,6,bapo,3,worker_miner;shooting_death;protest_unrest,3,3,community;slp,6,2,earnings_results,2,1,false,false,true,strong_case_context_supported,"A Marikana/Farlam/Wonderkop/Nkaneng/Bapo term is supported by event, labour, justice, community or governance context; the case term is not being treated as sufficient on its own.",,,
DISC-MEDIA-0439,Lonmin Completes Pandora Buyout,2017,2017-12-13,Engineering News,https://www.engineeringnews.co.za/article/lonmin-completes-pandora-buyout-2017-12-13,lonmin_only_title_review,manual_review_lonmin_only_low_case_signal,acquired_extracted,444,c418cb2789f36e76c792b2ef3417cc75c013d523126f27a2c633ca46cae5219a,8,,0,worker_miner,2,1,,0,0,earnings_results;transaction;exploration_project,6,3,false,false,false,likely_routine_corporate_signal,Extracted text has multiple routine corporate/financial signals with weak case-event/community evidence; manual confirmation remains required.,,,
DISC-MEDIA-0440,Lonmin Confirms Work Stoppage Across Shafts,2013,2013-05-14,Engineering News,https://www.engineeringnews.co.za/article/lonmin-confirms-work-stoppage-across-shafts-2013-05-14,lonmin_only_title_review,manual_review_lonmin_only_low_case_signal,acquired_extracted,572,df08c6f12578837cbd87a411b789e1505a8dd33498fd2f50850c260e8516098c,5,,0,strike;worker_miner;shooting_death;union;protest_unrest,27,5,,0,0,share_price;earnings_results;production_output,4,3,false,false,false,possible_substantive_case_context,Extracted text contains multiple labour/event or community/governance signals but lacks a high-specificity case term; direct substantive review is required.,,,
DISC-MEDIA-0441,Lonmin Consults Unions,2013,2013-03-01,Engineering News,https://www.engineeringnews.co.za/article/lonmin-consults-unions-2013-03-01,lonmin_only_title_review,manual_review_lonmin_only_low_case_signal,acquired_extracted,441,52a88ae2ac06c3330cece96921ebaa573865360c180f03de4a742a9d6d709272,3,,0,union,3,1,,0,0,earnings_results;commodity_market,3,2,false,false,false,ambiguous_low_signal,Automated evidence signals are insufficient for a defensible inclusion/exclusion decision.,,,
DISC-MEDIA-0442,Lonmin Coo Resigns,2015,2015-02-24,Engineering News,https://www.engineeringnews.co.za/article/lonmin-coo-resigns-2015-02-24,lonmin_only_title_review,manual_review_lonmin_only_low_case_signal,acquired_extracted,405,af611ff07eaf0f84bd9e8238a4e91c9ef3f735e5f2662f1c9844003d0b2e6a7b,7,,0,worker_miner,2,1,,0,0,earnings_results,2,1,false,false,false,ambiguous_low_signal,Automated evidence signals are insufficient for a defensible inclusion/exclusion decision.,,,
DISC-MEDIA-0443,Lonmin Coo Steps Down,2017,2017-03-06,Engineering News,https://www.engineeringnews.co.za/article/lonmin-coo-steps-down-2017-03-06,lonmin_only_title_review,manual_review_lonmin_only_low_case_signal,acquired_extracted,343,2debdff60ec6f0c6aa062e3659984080a0a0d03a2374f0fdb7acbbcc3251f3fc,3,,0,worker_miner,1,1,,0,0,earnings_results,2,1,false,false,false,ambiguous_low_signal,Automated evidence signals are insufficient for a defensible inclusion/exclusion decision.,,,
DISC-MEDIA-0444,Lonmin Cuts Spending Plan On Feeble Platinum Price Outlook,2015,2015-05-14,Engineering News,https://www.engineeringnews.co.za/article/lonmin-cuts-spending-plan-on-feeble-platinum-price-outlook-2015-05-14,lonmin_only_title_review,manual_review_possible_case_signal,acquired_extracted,640,4a3b334ee836a3bdfb4e9cd4460de4c2a8c49fdd4698938c210a3585f7181b8e,8,marikana,1,strike;wage,4,2,,0,0,share_price;earnings_results;production_output;commodity_market,13,4,false,true,false,strong_case_context_supported,"A Marikana/Farlam/Wonderkop/Nkaneng/Bapo term is supported by event, labour, justice, community or governance context; the case term is not being treated as sufficient on its own.",,,
DISC-MEDIA-0445,Lonmin Cuts Workforce Shrinks Capex Lowers Unit Costs,2015,2015-11-13,Engineering News,https://www.engineeringnews.co.za/article/lonmin-cuts-workforce-shrinks-capex-lowers-unit-costs-2015-11-13,lonmin_only_title_review,manual_review_possible_case_signal,acquired_extracted,868,ccd486835abc9e2861b9e6afe74c3615a67ba703abe0f9257cdf6dc83f59f45c,5,marikana,1,strike;worker_miner,2,2,,0,0,share_price;earnings_results;production_output;exploration_project,31,4,false,true,false,strong_case_context_supported,"A Marikana/Farlam/Wonderkop/Nkaneng/Bapo term is supported by event, labour, justice, community or governance context; the case term is not being treated as sufficient on its own.",,,
DISC-MEDIA-0446,Lonmin Dec Output Ahead Of Ramp Up Target,2013,2013-01-31,Engineering News,https://www.engineeringnews.co.za/article/lonmin-dec-output-ahead-of-ramp-up-target-2013-01-31,lonmin_only_title_review,manual_review_lonmin_only_low_case_signal,acquired_extracted,580,445bd9c6de4fd169e3d05c5a63af075fce1f7b6bbda3ebbe095288f9deb1b2ce,4,,0,strike;worker_miner;protest_unrest,4,3,,0,0,earnings_results;production_output,12,2,false,true,false,possible_substantive_case_context,Extracted text contains multiple labour/event or community/governance signals but lacks a high-specificity case term; direct substantive review is required.,,,
DISC-MEDIA-0447,Lonmin Denies Allegations Of Tax Evasion,2014,2014-09-23,Engineering News,https://www.engineeringnews.co.za/article/lonmin-denies-allegations-of-tax-evasion-2014-09-23,lonmin_only_title_review,manual_review_lonmin_only_low_case_signal,acquired_extracted,668,c2084044d82371e4b1a46d621515e5d262d9d50d3db79760544ed2828536a6f6,13,,0,worker_miner;wage,2,2,commission_inquiry,1,1,earnings_results;funding_debt;transaction,6,3,false,false,false,ambiguous_low_signal,Automated evidence signals are insufficient for a defensible inclusion/exclusion decision.,,,
DISC-MEDIA-0448,Lonmin Denies Media Claims Of Rebuff By Marikana Community Over Equity,2014,2014-02-28,Engineering News,https://www.engineeringnews.co.za/article/lonmin-denies-media-claims-of-rebuff-by-marikana-community-over-equity-2014-02-28,explicit_case_title_review,priority_manual_review_case_signal,acquired_extracted,495,94b63b4d57fe56820952e38c6022decfbb6a59e4b0de81d59517c864f0becef4,7,marikana;bapo,5,worker_miner,2,1,community,5,1,earnings_results,2,1,false,false,true,strong_case_context_supported,"A Marikana/Farlam/Wonderkop/Nkaneng/Bapo term is supported by event, labour, justice, community or governance context; the case term is not being treated as sufficient on its own.",,,
DISC-MEDIA-0449,Lonmin Discussing Cost Reductions For Sake Of Company Employees,2015,2015-05-07,Engineering News,https://www.engineeringnews.co.za/article/lonmin-discussing-cost-reductions-for-sake-of-company-employees-2015-05-07,lonmin_only_title_review,manual_review_lonmin_only_low_case_signal,acquired_extracted,577,6968467a7ebfc68612a5a8b1199e5b4eca46be7c85837939fa2573124618db6b,3,,0,worker_miner;union,2,2,,0,0,earnings_results,2,1,false,false,false,ambiguous_low_signal,Automated evidence signals are insufficient for a defensible inclusion/exclusion decision.,,,
DISC-MEDIA-0450,Lonmin Donates 50 Ha Of Land For Residential Development,2013,2013-11-08,Engineering News,https://www.engineeringnews.co.za/article/lonmin-donates-50-ha-of-land-for-residential-development-2013-11-08,lonmin_only_title_review,priority_manual_review_case_signal,acquired_extracted,602,95627968fb9fc0bd1c509158813c8400986b78e002dd90c69f73deaff8c71a12,7,marikana,3,strike;worker_miner;police;shooting_death;union;protest_unrest,10,6,housing;community,5,2,earnings_results,2,1,false,false,false,strong_case_context_supported,"A Marikana/Farlam/Wonderkop/Nkaneng/Bapo term is supported by event, labour, justice, community or governance context; the case term is not being treated as sufficient on its own.",,,
DISC-MEDIA-0451,Lonmin Drops Vp Positions Introduces Coo In Board Shake Up,2014,2014-08-04,Engineering News,https://www.engineeringnews.co.za/article/lonmin-drops-vp-positions-introduces-coo-in-board-shake-up-2014-08-04,lonmin_only_title_review,manual_review_lonmin_only_low_case_signal,acquired_extracted,715,10f9c85ec9bd9b681c5d913cb44712e8432a9eec636733958347f308d55881fd,4,,0,strike;worker_miner,2,2,,0,0,earnings_results;production_output,4,2,false,false,false,ambiguous_low_signal,Automated evidence signals are insufficient for a defensible inclusion/exclusion decision.,,,
DISC-MEDIA-0452,Lonmin Employee Cut Half Done Capex Shrunk Unit Costs Lower,2015,2015-11-02,Engineering News,https://www.engineeringnews.co.za/article/lonmin-employee-cut-half-done-capex-shrunk-unit-costs-lower-2015-11-02,lonmin_only_title_review,manual_review_possible_case_signal,acquired_extracted,869,7659ff6212e339371c09162ded0e14c940b8c28bc782f6bbe9274a7d8a03b23e,5,marikana,1,strike;worker_miner,2,2,,0,0,share_price;earnings_results;production_output;exploration_project,32,4,false,true,false,strong_case_context_supported,"A Marikana/Farlam/Wonderkop/Nkaneng/Bapo term is supported by event, labour, justice, community or governance context; the case term is not being treated as sufficient on its own.",,,
DISC-MEDIA-0453,Lonmin Employee Dies After Fall Of Ground,2016,2016-07-04,Engineering News,https://www.engineeringnews.co.za/article/lonmin-employee-dies-after-fall-of-ground-2016-07-04,lonmin_only_title_review,manual_review_possible_case_signal,acquired_extracted,377,2f75359f038ce9a5b4b9e8bb5be6cd05f32812a802895f54e907c0786e876192,2,bapo,1,worker_miner;union,2,2,community,1,1,earnings_results;exploration_project,3,2,false,false,false,strong_case_context_supported,"A Marikana/Farlam/Wonderkop/Nkaneng/Bapo term is supported by event, labour, justice, community or governance context; the case term is not being treated as sufficient on its own.",,,
DISC-MEDIA-0454,Lonmin Employee Killed In Mudslide,2015,2015-10-27,Engineering News,https://www.engineeringnews.co.za/article/lonmin-employee-killed-in-mudslide-2015-10-27,lonmin_only_title_review,manual_review_lonmin_only_low_case_signal,acquired_extracted,318,2b2e090a91b79a45bcdd7445418315d2f98aed566bf8ab0d6c1e334857a7709b,2,,0,worker_miner;shooting_death,3,2,,0,0,earnings_results;exploration_project,3,2,false,false,true,ambiguous_low_signal,Automated evidence signals are insufficient for a defensible inclusion/exclusion decision.,,,
DISC-MEDIA-0455,Lonmin Going All Out To Find Partners To Help It Address Pressing Accommodation Challenge,2017,2017-04-07,Engineering News,https://www.engineeringnews.co.za/article/lonmin-going-all-out-to-find-partners-to-help-it-address-pressing-accommodation-challenge-2017-04-07,lonmin_only_title_review,manual_review_lonmin_only_low_case_signal,acquired_extracted,266,c720aba17fa78b1ef7a4987b341682d4d662d137b980f591e44c2966b3dcd7ca,0,,0,,0,0,,0,0,earnings_results,2,1,false,false,false,ambiguous_low_signal,Automated evidence signals are insufficient for a defensible inclusion/exclusion decision.,,,
DISC-MEDIA-0456,Lonmin Hands Over New Marikana Primary School To Basic Education Dept,2018,2018-03-23,Engineering News,https://www.engineeringnews.co.za/article/lonmin-hands-over-new-marikana-primary-school-to-basic-education-dept-2018-03-23,explicit_case_title_review,priority_manual_review_case_signal,acquired_extracted,662,f321f374ad036fd1977e43404531ea072aec7376d445590f45c64efa1e9476b0,6,marikana,6,worker_miner,1,1,community;slp,7,2,earnings_results,2,1,false,false,false,strong_case_context_supported,"A Marikana/Farlam/Wonderkop/Nkaneng/Bapo term is supported by event, labour, justice, community or governance context; the case term is not being treated as sufficient on its own.",,,
DISC-MEDIA-0457,Lonmin Hands Over New Marikana Primary School To Basic Education Dept,2018,2018-04-06,Engineering News,https://www.engineeringnews.co.za/article/lonmin-hands-over-new-marikana-primary-school-to-basic-education-dept-2018-04-06,explicit_case_title_review,priority_manual_review_case_signal,acquired_extracted,651,ec4ea81cdff97dc914417cc74f1a80d2a9640bc3bba3441fe2ba118c9130d4ff,6,marikana,5,worker_miner,1,1,community;slp,7,2,earnings_results,2,1,false,false,false,strong_case_context_supported,"A Marikana/Farlam/Wonderkop/Nkaneng/Bapo term is supported by event, labour, justice, community or governance context; the case term is not being treated as sufficient on its own.",,,
DISC-MEDIA-0458,Lonmin Hit Hardest By Strike Third Capital Raising Expected,2014,2014-05-22,Engineering News,https://www.engineeringnews.co.za/article/lonmin-hit-hardest-by-strike-third-capital-raising-expected-2014-05-22,lonmin_only_title_review,manual_review_possible_case_signal,acquired_extracted,624,0ef96d230189acb9b1ac83b83353921d1c2657c78c2f3e5dba56a4c96ee0b0c0,5,marikana,1,strike;worker_miner;wage;union,18,4,,0,0,earnings_results;dividend_rights;commodity_market,7,3,false,false,true,strong_case_context_supported,"A Marikana/Farlam/Wonderkop/Nkaneng/Bapo term is supported by event, labour, justice, community or governance context; the case term is not being treated as sufficient on its own.",,,
DISC-MEDIA-0459,Lonmin Inks Landmark Bee Deals With Traditional Community,2014,2014-07-30,Engineering News,https://www.engineeringnews.co.za/article/lonmin-inks-landmark-bee-deals-with-traditional-community-2014-07-30,lonmin_only_title_review,priority_manual_review_case_signal,acquired_extracted,1142,398fdbc3d30e17949e584a1c9ca01e3da5cbdeb8944d8bb683886574be20eb22,19,marikana;bapo,23,worker_miner;wage,2,2,community,13,1,share_price;earnings_results;funding_debt;transaction;exploration_project,21,5,false,false,true,strong_case_context_supported,"A Marikana/Farlam/Wonderkop/Nkaneng/Bapo term is supported by event, labour, justice, community or governance context; the case term is not being treated as sufficient on its own.",,,
DISC-MEDIA-0460,Lonmin Inks Landmark Bee Deals With Traditional Community,2014,2014-08-08,Engineering News,https://www.engineeringnews.co.za/article/lonmin-inks-landmark-bee-deals-with-traditional-community-2014-08-08,lonmin_only_title_review,priority_manual_review_case_signal,acquired_extracted,1140,e86dcbba9c0ae34420ffc01f399edf2b6106e613c9622eba4aac31ba4bf7f4e8,19,marikana;bapo,23,worker_miner;wage,2,2,community,13,1,share_price;earnings_results;funding_debt;transaction;exploration_project,21,5,false,false,true,strong_case_context_supported,"A Marikana/Farlam/Wonderkop/Nkaneng/Bapo term is supported by event, labour, justice, community or governance context; the case term is not being treated as sufficient on its own.",,,
DISC-MEDIA-0461,Lonmin Investors Back Sibanye Deal To Create A Platinum Giant,2019,2019-05-28,Engineering News,https://www.engineeringnews.co.za/article/lonmin-investors-back-sibanye-deal-to-create-a-platinum-giant-2019-05-28,lonmin_only_title_review,manual_review_lonmin_only_low_case_signal,acquired_extracted,562,56c2240f83082c6af8f1097e7cce0fc22d37fa6da55398e5cca21de922eeee0e,8,,0,union,1,1,,0,0,share_price;earnings_results;funding_debt;transaction,9,4,false,false,false,likely_routine_corporate_signal,Extracted text has multiple routine corporate/financial signals with weak case-event/community evidence; manual confirmation remains required.,,,
DISC-MEDIA-0462,Lonmin Launches 407M Rights Issue Records Heavy Fy Financial Losses,2015,2015-11-20,Engineering News,https://www.engineeringnews.co.za/article/lonmin-launches-407m-rights-issue-records-heavy-fy-financial-losses-2015-11-20,lonmin_only_title_review,manual_review_lonmin_only_low_case_signal,acquired_extracted,266,c720aba17fa78b1ef7a4987b341682d4d662d137b980f591e44c2966b3dcd7ca,0,,0,,0,0,,0,0,earnings_results,2,1,false,true,false,ambiguous_low_signal,Automated evidence signals are insufficient for a defensible inclusion/exclusion decision.,,,
DISC-MEDIA-0463,Lonmin Launches Community Grievance System,2018,2018-04-25,Engineering News,https://www.engineeringnews.co.za/article/lonmin-launches-community-grievance-system-2018-04-25,lonmin_only_title_review,manual_review_lonmin_only_low_case_signal,acquired_extracted,603,fe2dca66a504809bd0400fda83a19fd23ed09efd637f533273ad6ddd76956a2c,10,,0,,0,0,community,8,1,earnings_results;exploration_project,3,2,false,false,true,ambiguous_low_signal,Automated evidence signals are insufficient for a defensible inclusion/exclusion decision.,,,
DISC-MEDIA-0464,Lonmin Launches Prospectus For 407 Million Rights Issues,2015,2015-11-09,Engineering News,https://www.engineeringnews.co.za/article/lonmin-launches-prospectus-for-407-million-rights-issues-2015-11-09,lonmin_only_title_review,manual_review_possible_case_signal,acquired_extracted,1636,6a6cc6fd7b4bb97dc71e4d507f3a8a95e7bcc68d921fbde120094e9dffde80cc,20,marikana,1,worker_miner,1,1,,0,0,share_price;earnings_results;production_output;funding_debt;dividend_rights;exploration_project;commodity_market,47,7,false,false,false,case_term_low_context_review,"A high-specificity place/case term occurs, but contextual evidence is too weak to distinguish substantive Marikana-case treatment from a place/project name or incidental historical reference.",,,
DISC-MEDIA-0465,Lonmin Launches Youth Training Programme,2015,2015-06-19,Engineering News,https://www.engineeringnews.co.za/article/lonmin-launches-youth-training-programme-2015-06-19,lonmin_only_title_review,priority_manual_review_case_signal,acquired_extracted,414,fe980bd39805a6b7770e25c3bd4b9f33c55e610ccd62f0b2e76aebb44da3cb0b,3,marikana;bapo,5,worker_miner,1,1,community,3,1,earnings_results;transaction,3,2,false,false,false,strong_case_context_supported,"A Marikana/Farlam/Wonderkop/Nkaneng/Bapo term is supported by event, labour, justice, community or governance context; the case term is not being treated as sufficient on its own.",,,
DISC-MEDIA-0466,Lonmin Likely To Cut Fewer Jobs Due To Revenue Boost Ceo,2019,2019-05-15,Engineering News,https://www.engineeringnews.co.za/article/lonmin-likely-to-cut-fewer-jobs-due-to-revenue-boost-ceo-2019-05-15,lonmin_only_title_review,manual_review_possible_case_signal,acquired_extracted,747,fb0755ea2e11e6c02dfad37e23511e18922186b5fd546d115c5f9ed434dc5e79,12,marikana,1,worker_miner;union,3,2,,0,0,earnings_results;production_output;transaction;exploration_project;commodity_market,15,5,false,false,false,strong_case_context_supported,"A Marikana/Farlam/Wonderkop/Nkaneng/Bapo term is supported by event, labour, justice, community or governance context; the case term is not being treated as sufficient on its own.",,,
DISC-MEDIA-0467,Lonmin Looks To Shareholder For 400M Parachute Maintains 6 000 Job Cut Plans,2015,2015-10-21,Engineering News,https://www.engineeringnews.co.za/article/lonmin-looks-to-shareholder-for-400m-parachute-maintains-6-000-job-cut-plans-2015-10-21,lonmin_only_title_review,manual_review_lonmin_only_low_case_signal,acquired_extracted,1182,00b6a7765daea56b34e279c54c2ade64a079588ce236520da13468bbef8f6283,11,,0,worker_miner;wage;union,7,3,,0,0,share_price;earnings_results;production_output;funding_debt;dividend_rights;exploration_project;commodity_market,26,7,false,false,false,possible_substantive_case_context,Extracted text contains multiple labour/event or community/governance signals but lacks a high-specificity case term; direct substantive review is required.,,,
DISC-MEDIA-0468,Lonmin Looks To Shareholder For 400M Parachute Maintains Job Cut Plans,2015,2015-10-30,Engineering News,https://www.engineeringnews.co.za/article/lonmin-looks-to-shareholder-for-400m-parachute-maintains-job-cut-plans-2015-10-30,lonmin_only_title_review,manual_review_lonmin_only_low_case_signal,acquired_extracted,266,c720aba17fa78b1ef7a4987b341682d4d662d137b980f591e44c2966b3dcd7ca,0,,0,,0,0,,0,0,earnings_results,2,1,false,false,false,ambiguous_low_signal,Automated evidence signals are insufficient for a defensible inclusion/exclusion decision.,,,
DISC-MEDIA-0469,Lonmin Maintains Fy17 Guidance Despite Weaker Than Expected Production Numbers,2017,2017-02-03,Engineering News,https://www.engineeringnews.co.za/article/lonmin-maintains-fy17-guidance-despite-weaker-than-expected-production-numbers-2017-02-03,lonmin_only_title_review,priority_manual_review_case_signal,acquired_extracted,1144,a264eba31ee92693f5c155964032097ace25127f2b380187f3f2757c78b3ad01,9,marikana,3,worker_miner;union,4,2,,0,0,earnings_results;production_output;transaction;exploration_project,38,4,false,true,false,strong_case_context_supported,"A Marikana/Farlam/Wonderkop/Nkaneng/Bapo term is supported by event, labour, justice, community or governance context; the case term is not being treated as sufficient on its own.",,,
DISC-MEDIA-0470,Lonmin Must Improve Housing Plan Or Face Losing Its Mining Rights,2016,2016-12-12,Engineering News,https://www.engineeringnews.co.za/article/lonmin-must-improve-housing-plan-or-face-losing-its-mining-rights-2016-12-12,lonmin_only_title_review,priority_manual_review_case_signal,acquired_extracted,669,7f80026b7c1b6f787003dff9cede987534113e416f5a5d2fcbfd84885d95d79a,9,farlam,2,strike;worker_miner;police;shooting_death,10,4,housing;slp;commission_inquiry,15,3,earnings_results,2,1,false,false,true,strong_case_context_supported,"A Marikana/Farlam/Wonderkop/Nkaneng/Bapo term is supported by event, labour, justice, community or governance context; the case term is not being treated as sufficient on its own.",,,
DISC-MEDIA-0471,Lonmin Nominated Worst Company Of The Year By Npos,2013,2013-02-01,Engineering News,https://www.engineeringnews.co.za/article/lonmin-nominated-worst-company-of-the-year-by-npos-2013-02-01,lonmin_only_title_review,priority_manual_review_case_signal,acquired_extracted,898,2ffe2f67ecdaa5963ee4315673b902f5abff0f2cd9041fc356a008a5941933cb,11,marikana;farlam,7,strike;worker_miner;police;shooting_death;union;protest_unrest,12,6,housing;community;commission_inquiry,7,3,earnings_results,2,1,false,false,false,strong_case_context_supported,"A Marikana/Farlam/Wonderkop/Nkaneng/Bapo term is supported by event, labour, justice, community or governance context; the case term is not being treated as sufficient on its own.",,,
DISC-MEDIA-0472,Lonmin Operations Successfully Ramp Up To Full Production,2014,2014-10-08,Engineering News,https://www.engineeringnews.co.za/article/lonmin-operations-successfully-ramp-up-to-full-production-2014-10-08,lonmin_only_title_review,manual_review_lonmin_only_low_case_signal,acquired_extracted,463,75468c4ece4bc7a4fa67e5e5500c19c8c422585cb2df85efb08676138e95c4f1,5,,0,worker_miner,1,1,,0,0,earnings_results;production_output,11,2,false,true,false,strong_routine_corporate_signal,Title and extracted text are dominated by routine corporate/financial/production signals with no high-specificity case term and minimal labour/community event signal.,,,
DISC-MEDIA-0473,Lonmin Ops Ramping Up Normal Levels Expected By Q1 2015,2014,2014-07-25,Engineering News,https://www.engineeringnews.co.za/article/lonmin-ops-ramping-up-normal-levels-expected-by-q1-2015-2014-07-25,lonmin_only_title_review,priority_manual_review_case_signal,acquired_extracted,1198,cc2ec1006aff7203dde7101093cffe20f78605fac7cc80c63fec839928f2e7da,22,marikana;bapo,2,strike;worker_miner;wage;union,12,4,community,3,1,share_price;earnings_results;production_output;funding_debt;transaction;dividend_rights;exploration_project;commodity_market,30,8,false,false,false,strong_case_context_supported,"A Marikana/Farlam/Wonderkop/Nkaneng/Bapo term is supported by event, labour, justice, community or governance context; the case term is not being treated as sufficient on its own.",,,
DISC-MEDIA-0474,Lonmin Paid 1678M In Taxes Royalties During 2018 Financial Year,2019,2019-04-01,Engineering News,https://www.engineeringnews.co.za/article/lonmin-paid-1678m-in-taxes-royalties-during-2018-financial-year-2019-04-01,lonmin_only_title_review,manual_review_lonmin_only_low_case_signal,acquired_extracted,417,0d9938172dfe01a66b5660de795018ad45b8aedf8dc703b6905b848b1c5fbb68,2,,0,,0,0,,0,0,earnings_results;exploration_project,3,2,false,false,false,ambiguous_low_signal,Automated evidence signals are insufficient for a defensible inclusion/exclusion decision.,,,
DISC-MEDIA-0475,Lonmin Paid 1678M In Taxes Royalties During 2018 Financial Year,2019,2019-04-12,Engineering News,https://www.engineeringnews.co.za/article/lonmin-paid-1678m-in-taxes-royalties-during-2018-financial-year-2019-04-12,lonmin_only_title_review,manual_review_lonmin_only_low_case_signal,acquired_extracted,416,40242dd72a2234da433e011be1197681f67a599e67ac6fbb8366592aef35922e,2,,0,,0,0,,0,0,earnings_results;exploration_project,3,2,false,false,false,ambiguous_low_signal,Automated evidence signals are insufficient for a defensible inclusion/exclusion decision.,,,
DISC-MEDIA-0476,Lonmin Plans To Cut 4 100 Workers As It Closes Platinum Mines,2019,2019-05-21,Engineering News,https://www.engineeringnews.co.za/article/lonmin-plans-to-cut-4-100-workers-as-it-closes-platinum-mines-2019-05-21,lonmin_only_title_review,manual_review_lonmin_only_low_case_signal,acquired_extracted,427,a10b6d466951054bd493c0b1a3979f093cffec301b063610b3a2e538f63cadc2,3,,0,worker_miner,3,1,,0,0,earnings_results;funding_debt;transaction,4,3,false,false,true,likely_routine_corporate_signal,Extracted text has multiple routine corporate/financial signals with weak case-event/community evidence; manual confirmation remains required.,,,
DISC-MEDIA-0477,Lonmin Plans To Cut 4 100 Workers As It Closes Platinum Mines,2019,2019-05-31,Engineering News,https://www.engineeringnews.co.za/article/lonmin-plans-to-cut-4-100-workers-as-it-closes-platinum-mines-2019-05-31,lonmin_only_title_review,manual_review_lonmin_only_low_case_signal,acquired_extracted,266,c720aba17fa78b1ef7a4987b341682d4d662d137b980f591e44c2966b3dcd7ca,0,,0,,0,0,,0,0,earnings_results,2,1,false,false,true,ambiguous_low_signal,Automated evidence signals are insufficient for a defensible inclusion/exclusion decision.,,,
DISC-MEDIA-0478,Lonmin Positive Of Improvements After Rationalisation,2016,2016-08-01,Engineering News,https://www.engineeringnews.co.za/article/lonmin-positive-of-improvements-after-rationalisation-2016-08-01,lonmin_only_title_review,manual_review_lonmin_only_low_case_signal,acquired_extracted,738,092fe0e946636390a4bf31b8d597d78f0e1b1e34839b21eb7295578933895f9e,5,,0,wage,1,1,,0,0,earnings_results;production_output,11,2,false,false,false,ambiguous_low_signal,Automated evidence signals are insufficient for a defensible inclusion/exclusion decision.,,,
DISC-MEDIA-0479,Lonmin Profile,2017,2017-03-14,Engineering News,https://www.engineeringnews.co.za/article/lonmin-profile-2017-03-14,lonmin_only_title_review,manual_review_lonmin_only_low_case_signal,acquired_extracted,440,3135f6f37c94e94b09f784e1e69153c2f5bd41cb2f2ac5e23c8a90a23b429403,7,,0,,0,0,,0,0,earnings_results,2,1,false,false,false,ambiguous_low_signal,Automated evidence signals are insufficient for a defensible inclusion/exclusion decision.,,,
DISC-MEDIA-0480,Lonmin Q1 2014 Mining Production Down 10 Will Revise Full Year Guidance As Result Of Strikes,2014,2014-01-30,Engineering News,https://www.engineeringnews.co.za/article/lonmin-q1-2014-mining-production-down-10-will-revise-full-year-guidance-as-result-of-strikes-2014-01-30,lonmin_only_title_review,priority_manual_review_case_signal,acquired_extracted,824,2ae5087caf26742d63f762d5a98eca770d88255e640e9b20528f817a31faace3,7,marikana,3,strike;worker_miner;wage;union,7,4,,0,0,earnings_results;production_output;transaction;exploration_project,26,4,false,true,false,strong_case_context_supported,"A Marikana/Farlam/Wonderkop/Nkaneng/Bapo term is supported by event, labour, justice, community or governance context; the case term is not being treated as sufficient on its own.",,,
DISC-MEDIA-0481,Lonmin Raises Full Year Output Guidance To 700 000 Oz,2013,2013-05-13,Engineering News,https://www.engineeringnews.co.za/article/lonmin-raises-full-year-output-guidance-to-700-000-oz-2013-05-13,lonmin_only_title_review,manual_review_possible_case_signal,acquired_extracted,1270,e68636175e4126fb6520b7d302d172306af5675e972aaa146446221f72cc75de,13,marikana,1,worker_miner;wage;union;protest_unrest,19,4,commission_inquiry,1,1,earnings_results;production_output;funding_debt;transaction;dividend_rights;commodity_market,16,6,false,true,false,strong_case_context_supported,"A Marikana/Farlam/Wonderkop/Nkaneng/Bapo term is supported by event, labour, justice, community or governance context; the case term is not being treated as sufficient on its own.",,,
DISC-MEDIA-0482,Lonmin Receives Bank Support For Pandora Jv Acquisition,2017,2017-10-06,Engineering News,https://www.engineeringnews.co.za/article/lonmin-receives-bank-support-for-pandora-jv-acquisition-2017-10-06,lonmin_only_title_review,manual_review_lonmin_only_low_case_signal,acquired_extracted,514,329d02e003ca6791dff0033e81b1e0a3cdf630a06eb81786df42566bad00b890,6,,0,,0,0,,0,0,earnings_results;funding_debt;transaction;exploration_project,10,4,false,true,false,strong_routine_corporate_signal,Title and extracted text are dominated by routine corporate/financial/production signals with no high-specificity case term and minimal labour/community event signal.,,,
DISC-MEDIA-0483,Lonmin Reports Fatality After E1 Shaft Tramming Accident,2016,2016-11-11,Engineering News,https://www.engineeringnews.co.za/article/lonmin-reports-fatality-after-e1-shaft-tramming-accident-2016-11-11,lonmin_only_title_review,manual_review_lonmin_only_low_case_signal,acquired_extracted,333,bdb6f44111d0c1c6aa03e8ed3ab5b664e32bb1db6ef9515e9b29c10d7f3b95de,3,,0,,0,0,,0,0,earnings_results;production_output;exploration_project,4,3,false,false,false,likely_routine_corporate_signal,Extracted text has multiple routine corporate/financial signals with weak case-event/community evidence; manual confirmation remains required.,,,
DISC-MEDIA-0484,Lonmin Reports Fatality At Hossy Shaft,2015,2015-05-20,Engineering News,https://www.engineeringnews.co.za/article/lonmin-reports-fatality-at-hossy-shaft-2015-05-20,lonmin_only_title_review,manual_review_lonmin_only_low_case_signal,acquired_extracted,405,4a3c4432c4622bd5fb35ebdff830277e4eceb593871233a86fb6ae9a082c065d,3,,0,worker_miner;union,2,2,,0,0,share_price;earnings_results;exploration_project,6,3,false,false,false,ambiguous_low_signal,Automated evidence signals are insufficient for a defensible inclusion/exclusion decision.,,,
DISC-MEDIA-0485,Lonmin Reports Fatality At Jv Pandora E3 Shaft,2015,2015-08-03,Engineering News,https://www.engineeringnews.co.za/article/lonmin-reports-fatality-at-jv-pandora-e3-shaft-2015-08-03,lonmin_only_title_review,manual_review_lonmin_only_low_case_signal,acquired_extracted,351,8d3d1b2a313bad05bc8434eeb6ea137792768e75a664b8dc16c3415f6f0aac4d,2,,0,worker_miner,1,1,,0,0,earnings_results;exploration_project,4,2,false,false,false,ambiguous_low_signal,Automated evidence signals are insufficient for a defensible inclusion/exclusion decision.,,,
DISC-MEDIA-0486,Lonmin Reports Fatality At Rowland Shaft,2016,2016-05-09,Engineering News,https://www.engineeringnews.co.za/article/lonmin-reports-fatality-at-rowland-shaft-2016-05-09,lonmin_only_title_review,manual_review_lonmin_only_low_case_signal,acquired_extracted,324,8c2fc63c2c130135641346ee541e1988c4dc8fb13f469543cf58c39b27edc366,2,,0,worker_miner;shooting_death,2,2,,0,0,earnings_results;exploration_project,4,2,false,false,false,ambiguous_low_signal,Automated evidence signals are insufficient for a defensible inclusion/exclusion decision.,,,
DISC-MEDIA-0487,Lonmin Reports Good Progress In Rightsizing The Business,2016,2016-01-28,Engineering News,https://www.engineeringnews.co.za/article/lonmin-reports-good-progress-in-rightsizing-the-business-2016-01-28,lonmin_only_title_review,manual_review_lonmin_only_low_case_signal,acquired_extracted,703,7da27fb32d9b859a3f43498bb123d77f7dbe4f802832c8234fdb703ec2e0e84f,7,,0,worker_miner;wage,4,2,,0,0,share_price;earnings_results;production_output;exploration_project,10,4,false,false,false,ambiguous_low_signal,Automated evidence signals are insufficient for a defensible inclusion/exclusion decision.,,,
DISC-MEDIA-0488,Lonmin Reports Increased Q3 Pgm Sales Despite Lower Production,2018,2018-07-27,Engineering News,https://www.engineeringnews.co.za/article/lonmin-reports-increased-q3-pgm-sales-despite-lower-production-2018-07-27,lonmin_only_title_review,manual_review_lonmin_only_low_case_signal,acquired_extracted,571,006db59b1481133314027d7d8b4335d30bdeac6d9a937f9bfeb98d5e27cb46b1,7,,0,worker_miner,2,1,,0,0,share_price;earnings_results;production_output;transaction;exploration_project,13,5,false,true,false,strong_routine_corporate_signal,Title and extracted text are dominated by routine corporate/financial/production signals with no high-specificity case term and minimal labour/community event signal.,,,
DISC-MEDIA-0489,Lonmin Returns To Profitability Ahead Of Sibanye Stillwater Merger,2018,2018-11-29,Engineering News,https://www.engineeringnews.co.za/article/lonmin-returns-to-profitability-ahead-of-sibanye-stillwater-merger-2018-11-29,lonmin_only_title_review,manual_review_lonmin_only_low_case_signal,acquired_extracted,992,788ce3342b8767fc72f5d5c217541e653b74d0ea14e8f62f01120e41ce85ba4b,18,,0,worker_miner,1,1,,0,0,share_price;earnings_results;production_output;funding_debt;transaction;exploration_project;commodity_market,31,7,false,true,false,strong_routine_corporate_signal,Title and extracted text are dominated by routine corporate/financial/production signals with no high-specificity case term and minimal labour/community event signal.,,,
DISC-MEDIA-0490,Lonmin Returns To Profitability Ahead Of Sibanye Stillwater Merger,2018,2018-12-07,Engineering News,https://www.engineeringnews.co.za/article/lonmin-returns-to-profitability-ahead-of-sibanye-stillwater-merger-2018-12-07,lonmin_only_title_review,manual_review_lonmin_only_low_case_signal,acquired_extracted,266,c720aba17fa78b1ef7a4987b341682d4d662d137b980f591e44c2966b3dcd7ca,0,,0,,0,0,,0,0,earnings_results,2,1,false,true,false,ambiguous_low_signal,Automated evidence signals are insufficient for a defensible inclusion/exclusion decision.,,,
DISC-MEDIA-0491,Lonmin Returns To Profitability But Lowers 2017 Sales Guidance,2016,2016-11-14,Engineering News,https://www.engineeringnews.co.za/article/lonmin-returns-to-profitability-but-lowers-2017-sales-guidance-2016-11-14,lonmin_only_title_review,manual_review_lonmin_only_low_case_signal,acquired_extracted,854,a2e1118fb7afb82b0347724553f8a6cce9c0016a6b297eb38080881300b7b0e4,7,,0,worker_miner,3,1,,0,0,earnings_results;production_output;transaction;exploration_project;commodity_market,23,5,false,true,false,strong_routine_corporate_signal,Title and extracted text are dominated by routine corporate/financial/production signals with no high-specificity case term and minimal labour/community event signal.,,,
DISC-MEDIA-0492,Lonmin Returns To Profitability But Lowers 2017 Sales Guidance,2016,2016-11-25,Engineering News,https://www.engineeringnews.co.za/article/lonmin-returns-to-profitability-but-lowers-2017-sales-guidance-2016-11-25,lonmin_only_title_review,manual_review_lonmin_only_low_case_signal,acquired_extracted,850,18cb25e3cfe2e1619830b3ebb3448d74a1368b26b11a0002f177b30dd3c2db49,7,,0,worker_miner,3,1,,0,0,earnings_results;production_output;transaction;exploration_project;commodity_market,24,5,false,true,false,strong_routine_corporate_signal,Title and extracted text are dominated by routine corporate/financial/production signals with no high-specificity case term and minimal labour/community event signal.,,,
DISC-MEDIA-0493,Lonmin Rights Issue Undersubscribed,2015,2015-12-11,Engineering News,https://www.engineeringnews.co.za/article/lonmin-rights-issue-undersubscribed-2015-12-11,lonmin_only_title_review,manual_review_possible_case_signal,acquired_extracted,581,59911c8ff456231d6be2f201a4bdec71ee4b9f04540bb9ea7a3391809413da65,4,bapo,1,worker_miner,1,1,community,1,1,share_price;earnings_results;dividend_rights,19,3,false,true,false,strong_case_context_supported,"A Marikana/Farlam/Wonderkop/Nkaneng/Bapo term is supported by event, labour, justice, community or governance context; the case term is not being treated as sufficient on its own.",,,
DISC-MEDIA-0494,Lonmin Saves R15M A Year By Reducing Compressed Air Consumption,2018,2018-11-26,Engineering News,https://www.engineeringnews.co.za/article/lonmin-saves-r15m-a-year-by-reducing-compressed-air-consumption-2018-11-26,lonmin_only_title_review,priority_manual_review_case_signal,acquired_extracted,771,993ae287bbb38884de46ac3d57fc0437df82e265ac1ad8fdf8da13ff5e5c521b,11,marikana,5,worker_miner,1,1,,0,0,earnings_results;production_output;exploration_project,6,3,false,false,false,case_term_low_context_review,"A high-specificity place/case term occurs, but contextual evidence is too weak to distinguish substantive Marikana-case treatment from a place/project name or incidental historical reference.",,,
DISC-MEDIA-0495,Lonmin Says Amcu Arbitration Postponed Until July,2013,2013-06-26,Engineering News,https://www.engineeringnews.co.za/article/lonmin-says-amcu-arbitration-postponed-until-july-2013-06-26,lonmin_only_title_review,manual_review_lonmin_only_low_case_signal,acquired_extracted,465,fca0a2f25f40e51f39da587e9664a90b2ff82aef4bbe91e782fe72b5ee9dd63b,4,,0,strike;worker_miner;union,12,3,commission_inquiry,1,1,earnings_results,2,1,false,false,true,possible_substantive_case_context,Extracted text contains multiple labour/event or community/governance signals but lacks a high-specificity case term; direct substantive review is required.,,,
DISC-MEDIA-0496,Lonmin Says Court Sanctions Scheme Of Arrangement,2019,2019-06-07,Engineering News,https://www.engineeringnews.co.za/article/lonmin-says-court-sanctions-scheme-of-arrangement-2019-06-07,lonmin_only_title_review,manual_review_lonmin_only_low_case_signal,acquired_extracted,376,ee0ab8ed2aa42cb0ebc0322ba0d01811230ddbc2b9e34a2dfb8a5328eaee4a97,4,,0,worker_miner,1,1,,0,0,share_price;earnings_results,4,2,false,false,false,ambiguous_low_signal,Automated evidence signals are insufficient for a defensible inclusion/exclusion decision.,,,
DISC-MEDIA-0497,Lonmin Says Num Brings Court Application Date Set For July 10,2013,2013-07-08,Engineering News,https://www.engineeringnews.co.za/article/lonmin-says-num-brings-court-application-date-set-for-july-10-2013-07-08,lonmin_only_title_review,priority_manual_review_case_signal,acquired_extracted,711,2565bcb81b306529ca8d5be76c0f4be37b8b02cd9bb7995bcbf1e2ad2d54515b,9,marikana,2,worker_miner;union;protest_unrest,34,3,commission_inquiry,1,1,earnings_results,3,1,false,false,true,strong_case_context_supported,"A Marikana/Farlam/Wonderkop/Nkaneng/Bapo term is supported by event, labour, justice, community or governance context; the case term is not being treated as sufficient on its own.",,,
DISC-MEDIA-0498,Lonmin Says Significant Safety Records Achieved At Marikana,2013,2013-01-24,Engineering News,https://www.engineeringnews.co.za/article/lonmin-says-significant-safety-records-achieved-at-marikana-2013-01-24,explicit_case_title_review,priority_manual_review_case_signal,acquired_extracted,465,cced0238ea60dc7a3310902894f0296495191e40e79060c0811107975d7e3b58,3,marikana,2,,0,0,,0,0,earnings_results;exploration_project,3,2,false,false,false,case_term_low_context_review,"A high-specificity place/case term occurs, but contextual evidence is too weak to distinguish substantive Marikana-case treatment from a place/project name or incidental historical reference.",,,
DISC-MEDIA-0499,Lonmin Secures 50M Funding For Tailings Project,2016,2016-08-18,Engineering News,https://www.engineeringnews.co.za/article/lonmin-secures-50m-funding-for-tailings-project-2016-08-18,lonmin_only_title_review,manual_review_lonmin_only_low_case_signal,acquired_extracted,460,c258e56ad546d3042a5bb57506bd76c53b7a2df73527ae8a8c593259765b0583,6,,0,worker_miner,1,1,,0,0,earnings_results;production_output;funding_debt;exploration_project,22,4,false,true,false,strong_routine_corporate_signal,Title and extracted text are dominated by routine corporate/financial/production signals with no high-specificity case term and minimal labour/community event signal.,,,
DISC-MEDIA-0500,Lonmin Sells Petrozim Stake,2018,2018-06-29,Engineering News,https://www.engineeringnews.co.za/article/lonmin-sells-petrozim-stake-2018-06-29,lonmin_only_title_review,manual_review_lonmin_only_low_case_signal,acquired_extracted,360,4a0479807021614bf27759d11d28475068adf8b696953270e5978c5a27330003,2,,0,worker_miner,1,1,,0,0,earnings_results;transaction,6,2,false,true,false,strong_routine_corporate_signal,Title and extracted text are dominated by routine corporate/financial/production signals with no high-specificity case term and minimal labour/community event signal.,,,
DISC-MEDIA-0501,Lonmin Sells Stake In Canadian Junior Wallbridge To Eric Sprott,2018,2018-10-02,Engineering News,https://www.engineeringnews.co.za/article/lonmin-sells-stake-in-canadian-junior-wallbridge-to-eric-sprott-2018-10-02,lonmin_only_title_review,manual_review_lonmin_only_low_case_signal,acquired_extracted,490,0f0497cc362c32b9da7573b1bbcd9cd78a2acf1ddc8cd7bdfccff0589f3dcd82,3,,0,worker_miner,1,1,,0,0,share_price;earnings_results;production_output;transaction;exploration_project,15,5,false,true,false,strong_routine_corporate_signal,Title and extracted text are dominated by routine corporate/financial/production signals with no high-specificity case term and minimal labour/community event signal.,,,
DISC-MEDIA-0502,Lonmin Shanduka Black Umbrellas Partnership Contributes Positively To Small Business Development,2015,2015-10-09,Engineering News,https://www.engineeringnews.co.za/article/lonmin-shanduka-black-umbrellas-partnership-contributes-positively-to-small-business-development-2015-10-09,lonmin_only_title_review,manual_review_lonmin_only_low_case_signal,acquired_extracted,805,26ce6ec54d497ffe635b52bc97a0ddd6ab2bea63e268bf8eeb9c870ffb76e2f7,8,,0,,0,0,community,9,1,earnings_results;funding_debt;exploration_project;commodity_market,6,4,false,false,false,ambiguous_low_signal,Automated evidence signals are insufficient for a defensible inclusion/exclusion decision.,,,
DISC-MEDIA-0503,Lonmin Share Price Rises As Company Reports Higher Fy Production Earnings,2013,2013-11-11,Engineering News,https://www.engineeringnews.co.za/article/lonmin-share-price-rises-as-company-reports-higher-fy-production-earnings-2013-11-11,lonmin_only_title_review,manual_review_possible_case_signal,acquired_extracted,847,79a2a2c6c99e7f757730c749cf6413e9745d1b0340b19f15115c0c7e69a006a3,8,marikana,1,strike;worker_miner;shooting_death;wage;protest_unrest,8,5,housing;community,6,2,share_price;earnings_results;production_output;dividend_rights,22,4,false,true,false,strong_case_context_supported,"A Marikana/Farlam/Wonderkop/Nkaneng/Bapo term is supported by event, labour, justice, community or governance context; the case term is not being treated as sufficient on its own.",,,
DISC-MEDIA-0504,Lonmin Share Price Rises As Company Reports Higher Fy Production Earnings,2013,2013-11-22,Engineering News,https://www.engineeringnews.co.za/article/lonmin-share-price-rises-as-company-reports-higher-fy-production-earnings-2013-11-22,lonmin_only_title_review,manual_review_possible_case_signal,acquired_extracted,837,e5acd87e40af9998b6c2b797e1f7ab5d4b1ae0e90166d7a226cf93f617c44937,7,marikana,1,strike;worker_miner;shooting_death;wage;protest_unrest,8,5,housing;community,6,2,share_price;earnings_results;production_output;dividend_rights,23,4,false,true,false,strong_case_context_supported,"A Marikana/Farlam/Wonderkop/Nkaneng/Bapo term is supported by event, labour, justice, community or governance context; the case term is not being treated as sufficient on its own.",,,
DISC-MEDIA-0505,Lonmin Shares Rise As Workers Help Prevent Shaft Closure,2014,2014-11-13,Engineering News,https://www.engineeringnews.co.za/article/lonmin-shares-rise-as-workers-help-prevent-shaft-closure-2014-11-13,lonmin_only_title_review,manual_review_lonmin_only_low_case_signal,acquired_extracted,323,26353094eb0d7b003f12343c1e2e7bcdc949af87685acaa0b9c17390c129bf0d,2,,0,worker_miner,1,1,,0,0,share_price;earnings_results;exploration_project,4,3,false,false,true,likely_routine_corporate_signal,Extracted text has multiple routine corporate/financial signals with weak case-event/community evidence; manual confirmation remains required.,,,
DISC-MEDIA-0506,Lonmin Shares Rise On R2Bn Cost Cut Plan With Worker Help Preventing Shaft Shut,2014,2014-11-10,Engineering News,https://www.engineeringnews.co.za/article/lonmin-shares-rise-on-r2bn-cost-cut-plan-with-worker-help-preventing-shaft-shut-2014-11-10,lonmin_only_title_review,manual_review_lonmin_only_low_case_signal,acquired_extracted,1159,6c2b694c3e5be405474e5e96c18cac879c3d0301d5f9707a7cd583ac6962f9fa,6,,0,strike;worker_miner;union,9,3,,0,0,share_price;earnings_results;production_output;funding_debt;exploration_project,32,5,false,false,true,possible_substantive_case_context,Extracted text contains multiple labour/event or community/governance signals but lacks a high-specificity case term; direct substantive review is required.,,,
DISC-MEDIA-0507,Lonmin Shares Rise On R2Bn Cost Cut Plan With Worker Help Preventing Shaft Shut,2014,2014-11-21,Engineering News,https://www.engineeringnews.co.za/article/lonmin-shares-rise-on-r2bn-cost-cut-plan-with-worker-help-preventing-shaft-shut-2014-11-21,lonmin_only_title_review,manual_review_lonmin_only_low_case_signal,acquired_extracted,1154,8f4371d597d005abf36b212ea850fefb98dfb9b3c6f5de82b32dc85ac18a56f6,6,,0,strike;worker_miner;union,7,3,,0,0,share_price;earnings_results;production_output;funding_debt;exploration_project,32,5,false,false,true,possible_substantive_case_context,Extracted text contains multiple labour/event or community/governance signals but lacks a high-specificity case term; direct substantive review is required.,,,
DISC-MEDIA-0508,Lonmin Sheds 1 400 Jobs As Cost Cutting Programme Gets Under Way,2015,2015-08-27,Engineering News,https://www.engineeringnews.co.za/article/lonmin-sheds-1-400-jobs-as-cost-cutting-programme-gets-under-way-2015-08-27,lonmin_only_title_review,manual_review_possible_case_signal,acquired_extracted,632,ceafd8b4d6458559d4d5a144768d4e9d86a800c875b390b6626897e834f4d49d,5,marikana,1,,0,0,,0,0,earnings_results;production_output;exploration_project,7,3,false,false,false,case_term_low_context_review,"A high-specificity place/case term occurs, but contextual evidence is too weak to distinguish substantive Marikana-case treatment from a place/project name or incidental historical reference.",,,
DISC-MEDIA-0509,Lonmin Sheds 1 400 Jobs As Cost Cutting Programme Gets Under Way,2015,2015-09-04,Engineering News,https://www.engineeringnews.co.za/article/lonmin-sheds-1-400-jobs-as-cost-cutting-programme-gets-under-way-2015-09-04,lonmin_only_title_review,manual_review_possible_case_signal,acquired_extracted,632,113317519d8bcf0a00b70bb93affd85f00b96890849daca76023b105c4f056f3,5,marikana,1,,0,0,,0,0,earnings_results;production_output;exploration_project,7,3,false,false,false,case_term_low_context_review,"A high-specificity place/case term occurs, but contextual evidence is too weak to distinguish substantive Marikana-case treatment from a place/project name or incidental historical reference.",,,
DISC-MEDIA-0510,Lonmin Shuts Down Two Furnaces,2013,2013-04-30,Engineering News,https://www.engineeringnews.co.za/article/lonmin-shuts-down-two-furnaces-2013-04-30,lonmin_only_title_review,manual_review_possible_case_signal,acquired_extracted,456,45eb2fd24ed1383dededc8eb1ef6f3dac3589bc28ae89a8acd2b6fa2b04f555a,3,marikana,1,,0,0,,0,0,earnings_results;exploration_project,9,2,false,false,false,case_term_low_context_review,"A high-specificity place/case term occurs, but contextual evidence is too weak to distinguish substantive Marikana-case treatment from a place/project name or incidental historical reference.",,,
DISC-MEDIA-0511,Lonmin Suspends Saffy Production Activities After Fatality,2013,2013-08-15,Engineering News,https://www.engineeringnews.co.za/article/lonmin-suspends-saffy-production-activities-after-fatality-2013-08-15,lonmin_only_title_review,manual_review_lonmin_only_low_case_signal,acquired_extracted,355,4279ec65e312a3fdfe1c2f50c91f5c96b7060f547def8620e1540a36fe29829d,2,,0,worker_miner,2,1,,0,0,earnings_results;production_output;exploration_project,5,3,false,true,false,strong_routine_corporate_signal,Title and extracted text are dominated by routine corporate/financial/production signals with no high-specificity case term and minimal labour/community event signal.,,,
DISC-MEDIA-0512,Lonmin Takes Stock Highlights Focus On Improving Living Conditions,2014,2014-02-04,Engineering News,https://www.engineeringnews.co.za/article/lonmin-takes-stock-highlights-focus-on-improving-living-conditions-2014-02-04,lonmin_only_title_review,manual_review_lonmin_only_low_case_signal,acquired_extracted,789,8636f074360475d9a996ceace791270972cb616e794bd7415fd3ea7a32b237a7,7,,0,strike;worker_miner;wage;protest_unrest,7,4,housing;community,5,2,share_price;earnings_results;production_output;funding_debt;commodity_market,13,5,false,false,false,possible_substantive_case_context,Extracted text contains multiple labour/event or community/governance signals but lacks a high-specificity case term; direct substantive review is required.,,,
DISC-MEDIA-0513,Lonmin To Bring Forward Planned Hearth Rebuild Of Number One Furnace After Leak,2014,2014-12-08,Engineering News,https://www.engineeringnews.co.za/article/lonmin-to-bring-forward-planned-hearth-rebuild-of-number-one-furnace-after-leak-2014-12-08,lonmin_only_title_review,manual_review_lonmin_only_low_case_signal,acquired_extracted,597,bcd5b539a6786885ab7da5d08b2add58ade074b03e212dd52abb45535488164f,5,,0,strike;worker_miner,2,2,commission_inquiry,1,1,earnings_results;production_output;exploration_project,14,3,false,true,false,ambiguous_low_signal,Automated evidence signals are insufficient for a defensible inclusion/exclusion decision.,,,
DISC-MEDIA-0514,Lonmin To Derecognise Smaller Unions In Favour Of Amcu,2013,2013-08-14,Engineering News,https://www.engineeringnews.co.za/article/lonmin-to-derecognise-smaller-unions-in-favour-of-amcu-2013-08-14,lonmin_only_title_review,priority_manual_review_case_signal,acquired_extracted,734,c91dfc4735adff081f404bf0a1dda58d1a02ec889ec763fdd84e554ff6aef816,9,marikana,2,worker_miner;police;wage;union;protest_unrest,25,5,,0,0,earnings_results,2,1,false,false,true,strong_case_context_supported,"A Marikana/Farlam/Wonderkop/Nkaneng/Bapo term is supported by event, labour, justice, community or governance context; the case term is not being treated as sufficient on its own.",,,
DISC-MEDIA-0515,Lonmin To Lose 3 100 Ozd Implats 2 800 Ozd In Production Owing To Amcu Strike,2014,2014-01-23,Engineering News,https://www.engineeringnews.co.za/article/lonmin-to-lose-3-100-ozd-implats-2-800-ozd-in-production-owing-to-amcu-strike-2014-01-23,lonmin_only_title_review,manual_review_lonmin_only_low_case_signal,acquired_extracted,608,1a5de03b25f2ba8b720e595bc1057a5d5d610653c3125f4a1f3d93c22768f2cc,4,,0,strike;worker_miner;wage;union,20,4,,0,0,earnings_results;production_output,4,2,false,true,true,possible_substantive_case_context,Extracted text contains multiple labour/event or community/governance signals but lacks a high-specificity case term; direct substantive review is required.,,,
DISC-MEDIA-0516,Lonmin To Maintain 2013 Guidance June Quarter Production Lower,2013,2013-07-25,Engineering News,https://www.engineeringnews.co.za/article/lonmin-to-maintain-2013-guidance-june-quarter-production-lower-2013-07-25,lonmin_only_title_review,manual_review_lonmin_only_low_case_signal,acquired_extracted,709,f5eb3b95088513add0f3fe65cb35d193e59e8a17fb376c3d16c0dc44bc3b88b8,4,,0,strike,1,1,,0,0,earnings_results;production_output;transaction;exploration_project,18,4,false,true,false,strong_routine_corporate_signal,Title and extracted text are dominated by routine corporate/financial/production signals with no high-specificity case term and minimal labour/community event signal.,,,
DISC-MEDIA-0517,Lonmin To Maintain Fy Sales Guidance Cut Capex While Job Cuts Loom,2015,2015-05-11,Engineering News,https://www.engineeringnews.co.za/article/lonmin-to-maintain-fy-sales-guidance-cut-capex-while-job-cuts-loom-2015-05-11,lonmin_only_title_review,manual_review_possible_case_signal,acquired_extracted,1022,9fc30981e3a1ac51b6f25df0784165b45d57a1baa3dbbcc26a4c368c7c4247d4,11,marikana,1,worker_miner;union,8,2,,0,0,earnings_results;production_output;funding_debt;exploration_project,23,4,false,true,false,strong_case_context_supported,"A Marikana/Farlam/Wonderkop/Nkaneng/Bapo term is supported by event, labour, justice, community or governance context; the case term is not being treated as sufficient on its own.",,,
DISC-MEDIA-0518,Lonmin To Oppose Amcu Labour Court Interdict,2014,2014-05-19,Engineering News,https://www.engineeringnews.co.za/article/lonmin-to-oppose-amcu-labour-court-interdict-2014-05-19,lonmin_only_title_review,manual_review_lonmin_only_low_case_signal,acquired_extracted,793,88b253863551150c3dbe88a77f00a95e52638694411e4498220bf15011fd505e,10,,0,strike;worker_miner;wage;union,26,4,community,1,1,earnings_results;production_output,3,2,false,false,true,possible_substantive_case_context,Extracted text contains multiple labour/event or community/governance signals but lacks a high-specificity case term; direct substantive review is required.,,,
DISC-MEDIA-0519,Lonmin To Sell Excess Processing Capacity Implement Other Measures To Ensure Sustainability,2017,2017-08-07,Engineering News,https://www.engineeringnews.co.za/article/lonmin-to-sell-excess-processing-capacity-implement-other-measures-to-ensure-sustainability-2017-08-07,lonmin_only_title_review,manual_review_lonmin_only_low_case_signal,acquired_extracted,814,11865f8d0c3eac6c46939ca9799e4f6f2f84fde795e55630849e8fbe3f64b5be,16,,0,,0,0,,0,0,earnings_results;production_output;funding_debt;transaction;exploration_project,13,5,false,true,false,strong_routine_corporate_signal,Title and extracted text are dominated by routine corporate/financial/production signals with no high-specificity case term and minimal labour/community event signal.,,,
DISC-MEDIA-0520,Lonmin To Sell Excess Processing Capacity Implement Other Measures To Ensure Sustainability,2017,2017-08-18,Engineering News,https://www.engineeringnews.co.za/article/lonmin-to-sell-excess-processing-capacity-implement-other-measures-to-ensure-sustainability-2017-08-18,lonmin_only_title_review,manual_review_lonmin_only_low_case_signal,acquired_extracted,804,72c4dcb069dff56c1363c46a7f4bf784d35995db447a2384d487717050278fd5,15,,0,,0,0,,0,0,earnings_results;production_output;funding_debt;transaction;exploration_project,14,5,false,true,false,strong_routine_corporate_signal,Title and extracted text are dominated by routine corporate/financial/production signals with no high-specificity case term and minimal labour/community event signal.,,,
DISC-MEDIA-0521,Lonmin To Shut Idle High Cost Operations,2015,2015-07-24,Engineering News,https://www.engineeringnews.co.za/article/lonmin-to-shut-idle-high-cost-operations-2015-07-24,lonmin_only_title_review,manual_review_lonmin_only_low_case_signal,acquired_extracted,871,19bc5f92dce52312b8c5a2dcfc653391b62ec2073dc895e64ab555a9e7e3929a,10,,0,worker_miner;union,2,2,,0,0,share_price;earnings_results;production_output;transaction;exploration_project;commodity_market,16,6,false,false,false,ambiguous_low_signal,Automated evidence signals are insufficient for a defensible inclusion/exclusion decision.,,,
DISC-MEDIA-0522,Lonmin To Shut Idle High Cost Operations,2015,2015-08-07,Engineering News,https://www.engineeringnews.co.za/article/lonmin-to-shut-idle-high-cost-operations-2015-08-07,lonmin_only_title_review,manual_review_lonmin_only_low_case_signal,acquired_extracted,860,8ace4ea3016d0496a20f735d37e3459cca960907859102b92d36604242e5b93e,9,,0,worker_miner;union,2,2,,0,0,earnings_results;production_output;transaction;commodity_market,15,4,false,false,false,ambiguous_low_signal,Automated evidence signals are insufficient for a defensible inclusion/exclusion decision.,,,
DISC-MEDIA-0523,Lonmin Transaction Filed With South Africas Competition Authority,2018,2018-03-16,Engineering News,https://www.engineeringnews.co.za/article/lonmin-transaction-filed-with-south-africas-competition-authority-2018-03-16,lonmin_only_title_review,manual_review_lonmin_only_low_case_signal,acquired_extracted,474,9e934ae0e060e2dd0f03c745b6ba92551fcc06488076c087798af29b027a49d9,2,,0,worker_miner;union,6,2,community,1,1,earnings_results;transaction;commodity_market,4,3,false,false,false,ambiguous_low_signal,Automated evidence signals are insufficient for a defensible inclusion/exclusion decision.,,,
DISC-MEDIA-0524,Lonmin Transaction Filed With South Africas Competition Body,2018,2018-03-30,Engineering News,https://www.engineeringnews.co.za/article/lonmin-transaction-filed-with-south-africas-competition-body-2018-03-30,lonmin_only_title_review,manual_review_lonmin_only_low_case_signal,acquired_extracted,463,ae9c60867b5842e43e8a10fc3258be0a8c95ff6a53dc9ee81ebdb933fe619157,1,,0,worker_miner;union,6,2,community;commission_inquiry,2,2,earnings_results;transaction;commodity_market,5,3,false,false,false,possible_substantive_case_context,Extracted text contains multiple labour/event or community/governance signals but lacks a high-specificity case term; direct substantive review is required.,,,
DISC-MEDIA-0525,Lonmin Undertakes Refinancing Delivers On Results Promise,2018,2018-10-22,Engineering News,https://www.engineeringnews.co.za/article/lonmin-undertakes-refinancing-delivers-on-results-promise-2018-10-22,lonmin_only_title_review,manual_review_possible_case_signal,acquired_extracted,1362,ae235576b42db012554ea774e72ccd7766e1758daf46d01e9fb58532abd34f40,18,marikana,1,worker_miner,6,1,community;commission_inquiry,2,2,earnings_results;production_output;funding_debt;transaction;exploration_project,43,5,false,true,false,strong_case_context_supported,"A Marikana/Farlam/Wonderkop/Nkaneng/Bapo term is supported by event, labour, justice, community or governance context; the case term is not being treated as sufficient on its own.",,,
DISC-MEDIA-0526,Lonmin Undertakes Refinancing Delivers On Results Promise,2018,2018-11-02,Engineering News,https://www.engineeringnews.co.za/article/lonmin-undertakes-refinancing-delivers-on-results-promise-2018-11-02,lonmin_only_title_review,manual_review_possible_case_signal,acquired_extracted,1269,4c8e0102e9dded10c136f0f9e6a3d0ba2222fa5842827b593c714d2581e1fb2d,17,marikana,1,worker_miner,6,1,community;commission_inquiry,2,2,earnings_results;production_output;funding_debt;transaction;exploration_project,39,5,false,true,false,strong_case_context_supported,"A Marikana/Farlam/Wonderkop/Nkaneng/Bapo term is supported by event, labour, justice, community or governance context; the case term is not being treated as sufficient on its own.",,,
DISC-MEDIA-0527,Lonmin Unveils Design Proposal For Marikana Memorial Park Showcases New Apartments,2017,2017-08-15,Engineering News,https://www.engineeringnews.co.za/article/lonmin-unveils-design-proposal-for-marikana-memorial-park-showcases-new-apartments-2017-08-15,explicit_case_title_review,priority_manual_review_case_signal,acquired_extracted,909,da373ba2081666be4d0becae88df4728057bc7a58a96a9498f4427fde771a997,11,marikana;wonderkop;nkaneng;bapo,10,strike;worker_miner;police;shooting_death;protest_unrest,6,5,housing,1,1,earnings_results;exploration_project,5,2,false,false,true,strong_case_context_supported,"A Marikana/Farlam/Wonderkop/Nkaneng/Bapo term is supported by event, labour, justice, community or governance context; the case term is not being treated as sufficient on its own.",,,
DISC-MEDIA-0528,Lonmin Unveils Design Proposal For Marikana Memorial Park Showcases New Apartments,2017,2017-08-25,Engineering News,https://www.engineeringnews.co.za/article/lonmin-unveils-design-proposal-for-marikana-memorial-park-showcases-new-apartments-2017-08-25,explicit_case_title_review,priority_manual_review_case_signal,acquired_extracted,911,8e0cbf0694989746dfad5df99e2c61f7e323a240f9f85b2f6b4045eb43b0e0f9,11,marikana;wonderkop;nkaneng;bapo,10,strike;worker_miner;police;shooting_death;protest_unrest,7,5,housing,1,1,earnings_results;exploration_project,5,2,false,false,true,strong_case_context_supported,"A Marikana/Farlam/Wonderkop/Nkaneng/Bapo term is supported by event, labour, justice, community or governance context; the case term is not being treated as sufficient on its own.",,,
DISC-MEDIA-0529,Lonmin Warns On Liquidity And Persistent Challenges,2019,2019-03-25,Engineering News,https://www.engineeringnews.co.za/article/lonmin-warns-on-liquidity-and-persistent-challenges-2019-03-25,lonmin_only_title_review,manual_review_lonmin_only_low_case_signal,acquired_extracted,446,56f3eb45a76186e70e1589ebb326a0ebd6c2c7321bd350a69985ac8868dc7ce4,6,,0,worker_miner,1,1,,0,0,share_price;earnings_results;transaction;exploration_project,5,4,false,false,false,likely_routine_corporate_signal,Extracted text has multiple routine corporate/financial signals with weak case-event/community evidence; manual confirmation remains required.,,,
DISC-MEDIA-0530,Lonmin Welcomes Amcus Referral Of Union Negotiations To Ccma,2013,2013-05-09,Engineering News,https://www.engineeringnews.co.za/article/lonmin-welcomes-amcus-referral-of-union-negotiations-to-ccma-2013-05-09,lonmin_only_title_review,manual_review_lonmin_only_low_case_signal,acquired_extracted,500,c4e6fffbe7ae5c2aa35007b8385b708caa074e7a39a0f97cc88ba450afea6004,6,,0,worker_miner;union,15,2,commission_inquiry,1,1,earnings_results,2,1,false,false,false,ambiguous_low_signal,Automated evidence signals are insufficient for a defensible inclusion/exclusion decision.,,,
DISC-MEDIA-0531,Lonmin Will Dismiss 1 139 Employees By December Claims Solidarity,2017,2017-10-23,Engineering News,https://www.engineeringnews.co.za/article/lonmin-will-dismiss-1-139-employees-by-december-claims-solidarity-2017-10-23,lonmin_only_title_review,manual_review_possible_case_signal,acquired_extracted,553,e200154eb8f3c8e68f2a2d7772af7bd9983d395a1cebf39461459a128c98a98b,6,marikana,1,strike;worker_miner;union,11,3,community,1,1,earnings_results,2,1,false,false,false,strong_case_context_supported,"A Marikana/Farlam/Wonderkop/Nkaneng/Bapo term is supported by event, labour, justice, community or governance context; the case term is not being treated as sufficient on its own.",,,
DISC-MEDIA-0532,Lonmin Woes Make Its Stock The Top Sell Call In Johannesburg,2017,2017-09-12,Engineering News,https://www.engineeringnews.co.za/article/lonmin-woes-make-its-stock-the-top-sell-call-in-johannesburg-2017-09-12,lonmin_only_title_review,manual_review_lonmin_only_low_case_signal,acquired_extracted,643,c22bc9aea0817953e1ae2229edc3c68e1dafa0a65e22c4dac8e22e0df8e6ea9f,6,,0,worker_miner,1,1,,0,0,share_price;earnings_results;production_output;transaction;dividend_rights;commodity_market,18,6,false,true,false,strong_routine_corporate_signal,Title and extracted text are dominated by routine corporate/financial/production signals with no high-specificity case term and minimal labour/community event signal.,,,
DISC-MEDIA-0533,Lonmins Biggest Union Wants Sibanye Deal Stopped Over Job Cuts,2018,2018-11-13,Engineering News,https://www.engineeringnews.co.za/article/lonmins-biggest-union-wants-sibanye-deal-stopped-over-job-cuts-2018-11-13,lonmin_only_title_review,manual_review_lonmin_only_low_case_signal,acquired_extracted,624,9fde2f3eecfa24584f4691f9be6cb5520b4925afc22410c5dc51bb4a874dec8e,10,,0,worker_miner;union,9,2,commission_inquiry,1,1,earnings_results;production_output;funding_debt;transaction;commodity_market,9,5,false,false,false,ambiguous_low_signal,Automated evidence signals are insufficient for a defensible inclusion/exclusion decision.,,,
DISC-MEDIA-0534,Lonmins Cfo To Exit,2016,2016-04-12,Engineering News,https://www.engineeringnews.co.za/article/lonmins-cfo-to-exit-2016-04-12,lonmin_only_title_review,manual_review_lonmin_only_low_case_signal,acquired_extracted,450,6617ce2c46198938e0a390c2749de0da63012d5ebb5b5dc8a82f8cd82393b19c,4,,0,,0,0,,0,0,earnings_results;commodity_market,5,2,false,false,false,ambiguous_low_signal,Automated evidence signals are insufficient for a defensible inclusion/exclusion decision.,,,
DISC-MEDIA-0535,Lonmins Cfo To Exit,2016,2016-04-22,Engineering News,https://www.engineeringnews.co.za/article/lonmins-cfo-to-exit-2016-04-22,lonmin_only_title_review,manual_review_lonmin_only_low_case_signal,acquired_extracted,451,6ddbb590c1ebb02496d3d3416444064c5bb00120a17da0e43bf91226fd747cda,4,,0,,0,0,,0,0,earnings_results;commodity_market,5,2,false,false,false,ambiguous_low_signal,Automated evidence signals are insufficient for a defensible inclusion/exclusion decision.,,,
DISC-MEDIA-0536,Lonmins New Ceo Shoulders Output Push As Costs Soar,2013,2013-04-04,Engineering News,https://www.engineeringnews.co.za/article/lonmins-new-ceo-shoulders-output-push-as-costs-soar-2013-04-04,lonmin_only_title_review,manual_review_lonmin_only_low_case_signal,acquired_extracted,266,c720aba17fa78b1ef7a4987b341682d4d662d137b980f591e44c2966b3dcd7ca,0,,0,,0,0,,0,0,earnings_results,2,1,false,true,false,ambiguous_low_signal,Automated evidence signals are insufficient for a defensible inclusion/exclusion decision.,,,
DISC-MEDIA-0537,Lonmins Q1 Results Show Improved Liquidity Despite Relatively Poor Performance,2019,2019-02-08,Engineering News,https://www.engineeringnews.co.za/article/lonmins-q1-results-show-improved-liquidity-despite-relatively-poor-performance-2019-02-08,lonmin_only_title_review,manual_review_lonmin_only_low_case_signal,acquired_extracted,1023,a010f362e57da8f37c4af6b77a25e6b4876fafd1852f01d20a92854f7a01eca5,10,,0,worker_miner;wage,2,2,,0,0,earnings_results;production_output;funding_debt;transaction;exploration_project;commodity_market,28,6,false,true,false,ambiguous_low_signal,Automated evidence signals are insufficient for a defensible inclusion/exclusion decision.,,,
DISC-MEDIA-0538,Lonmins Refined Platinum Output Plummets On Smelter Shutdowns,2015,2015-01-29,Engineering News,https://www.engineeringnews.co.za/article/lonmins-refined-platinum-output-plummets-on-smelter-shutdowns-2015-01-29,lonmin_only_title_review,manual_review_possible_case_signal,acquired_extracted,805,9ec372fdbd969b50e11ec27977dc8377dbb20bdb64db4f09fd33a2dd00ecc66e,5,marikana,1,,0,0,,0,0,earnings_results;production_output;exploration_project,26,3,false,true,false,case_name_only_routine_project_or_corporate_signal,"The text/title contains a Marikana-related name but is dominated by project/production/corporate context without substantive event, labour, justice, community or governance evidence. This guards against place/mine/project-name false positives.",,,
DISC-MEDIA-0539,Lonmins Refined Platinum Output Plummets On Smelter Shutdowns,2015,2015-02-06,Engineering News,https://www.engineeringnews.co.za/article/lonmins-refined-platinum-output-plummets-on-smelter-shutdowns-2015-02-06,lonmin_only_title_review,manual_review_possible_case_signal,acquired_extracted,807,0c6c00f0e44356ad3ff70dbea40e8c104d12aad78c1701fafec7171c0c4d6146,5,marikana,1,union,1,1,,0,0,earnings_results;production_output;exploration_project,25,3,false,true,false,case_name_only_routine_project_or_corporate_signal,"The text/title contains a Marikana-related name but is dominated by project/production/corporate context without substantive event, labour, justice, community or governance evidence. This guards against place/mine/project-name false positives.",,,
DISC-MEDIA-0540,Lonmins Strike Ends Amplats Braced For Trouble,2013,2013-05-16,Engineering News,https://www.engineeringnews.co.za/article/lonmins-strike-ends-amplats-braced-for-trouble-2013-05-16,lonmin_only_title_review,manual_review_lonmin_only_low_case_signal,acquired_extracted,587,2c8f3d7da0a49f23126b5269ede3e0bdb1cb956c697e8d0e3d144b82b53b8138,3,,0,strike;worker_miner;police;shooting_death;union;protest_unrest,24,6,,0,0,share_price;earnings_results,3,2,false,false,true,possible_substantive_case_context,Extracted text contains multiple labour/event or community/governance signals but lacks a high-specificity case term; direct substantive review is required.,,,
DISC-MEDIA-0541,Lonminshowcases Career Opportunities Beyond Mining To Youth,2017,2017-06-30,Engineering News,https://www.engineeringnews.co.za/article/lonminshowcases-career-opportunities-beyond-mining-to-youth-2017-06-30,lonmin_only_title_review,priority_manual_review_case_signal,acquired_extracted,1038,27ad4e5a5c29e1740ec1cee595e0b81394f08fad3eff4bbd5a4236835b63deb1,21,marikana;bapo,3,shooting_death;protest_unrest,3,2,community;slp,11,2,earnings_results;funding_debt;commodity_market,8,3,false,false,false,strong_case_context_supported,"A Marikana/Farlam/Wonderkop/Nkaneng/Bapo term is supported by event, labour, justice, community or governance context; the case term is not being treated as sufficient on its own.",,,
DISC-MEDIA-0542,Lonminsibanye Merger Judgement Set For Handing Down Friday,2019,2019-05-10,Engineering News,https://www.engineeringnews.co.za/article/lonminsibanye-merger-judgement-set-for-handing-down-friday-2019-05-10,lonmin_only_title_review,manual_review_lonmin_only_low_case_signal,acquired_extracted,1223,26863120f730346dfe833f0f29fd95ac5ccae47cea45ec611a4d58398e792deb,19,,0,worker_miner;union,6,2,,0,0,share_price;earnings_results;production_output;funding_debt;transaction;exploration_project,33,6,false,true,false,ambiguous_low_signal,Automated evidence signals are insufficient for a defensible inclusion/exclusion decision.,,,
DISC-MEDIA-0543,Lonminsibanye Merger Judgment Set For Friday,2019,2019-05-24,Engineering News,https://www.engineeringnews.co.za/article/lonminsibanye-merger-judgment-set-for-friday-2019-05-24,lonmin_only_title_review,manual_review_lonmin_only_low_case_signal,acquired_extracted,266,c720aba17fa78b1ef7a4987b341682d4d662d137b980f591e44c2966b3dcd7ca,0,,0,,0,0,,0,0,earnings_results,2,1,false,true,false,ambiguous_low_signal,Automated evidence signals are insufficient for a defensible inclusion/exclusion decision.,,,
DISC-MEDIA-0544,Low Morale Management Turnover Lowers Lonmin Production,2019,2019-05-10,Engineering News,https://www.engineeringnews.co.za/article/low-morale-management-turnover-lowers-lonmin-production-2019-05-10,lonmin_only_title_review,manual_review_lonmin_only_low_case_signal,acquired_extracted,818,3a2764f7928be99cb527626987690c240fd24cfcf98f65dddc69d7b129b9cc07,5,,0,,0,0,,0,0,share_price;earnings_results;production_output;funding_debt;exploration_project,26,5,false,true,false,strong_routine_corporate_signal,Title and extracted text are dominated by routine corporate/financial/production signals with no high-specificity case term and minimal labour/community event signal.,,,
DISC-MEDIA-0545,Low Platinum Price Places 50 Of All Platinum Producers In The Red Lonmin,2015,2015-11-27,Engineering News,https://www.engineeringnews.co.za/article/low-platinum-price-places-50-of-all-platinum-producers-in-the-red-lonmin-2015-11-27,lonmin_only_title_review,priority_manual_review_case_signal,acquired_extracted,806,38ac7a2e42b3edfd12ef6ab045ff85e47061277359eb450d6900b5ffc72a1e75,3,marikana,2,worker_miner;union,7,2,,0,0,earnings_results;production_output;exploration_project;commodity_market,18,4,false,true,false,strong_case_context_supported,"A Marikana/Farlam/Wonderkop/Nkaneng/Bapo term is supported by event, labour, justice, community or governance context; the case term is not being treated as sufficient on its own.",,,
DISC-MEDIA-0546,Lrc Holding Saps And Lonmin Responsible For Deaths And Injuries Of Mineworkers,2014,2014-11-14,Engineering News,https://www.engineeringnews.co.za/article/lrc-holding-saps-and-lonmin-responsible-for-deaths-and-injuries-of-mineworkers-2014-11-14,lonmin_only_title_review,manual_review_lonmin_only_low_case_signal,acquired_extracted,266,c720aba17fa78b1ef7a4987b341682d4d662d137b980f591e44c2966b3dcd7ca,0,,0,,0,0,,0,0,earnings_results,2,1,false,false,true,ambiguous_low_signal,Automated evidence signals are insufficient for a defensible inclusion/exclusion decision.,,,
DISC-MEDIA-0547,Magara Seizes Dual Role At Lonmin,2017,2017-03-16,Engineering News,https://www.engineeringnews.co.za/article/magara-seizes-dual-role-at-lonmin-2017-03-16,lonmin_only_title_review,manual_review_lonmin_only_low_case_signal,acquired_extracted,330,a800a90a94003a0949bb93f9f170de485324f3d81afce034c92690e2c5f8f616,2,,0,,0,0,,0,0,earnings_results,2,1,false,false,false,ambiguous_low_signal,Automated evidence signals are insufficient for a defensible inclusion/exclusion decision.,,,
DISC-MEDIA-0548,Magara Seizes Lonmin Coo Opportunity As He Grasps Low Price Nettle,2017,2017-03-13,Engineering News,https://www.engineeringnews.co.za/article/magara-seizes-lonmin-coo-opportunity-as-he-grasps-low-price-nettle-2017-03-13,lonmin_only_title_review,manual_review_possible_case_signal,acquired_extracted,1387,7dab35995a541c52d2b09272a93f40b23bed65ca14b95fe62df59ed199b10dfe,14,marikana,1,strike;worker_miner;shooting_death;wage;union,16,5,,0,0,earnings_results;production_output;funding_debt;transaction;exploration_project;commodity_market,20,6,false,false,false,strong_case_context_supported,"A Marikana/Farlam/Wonderkop/Nkaneng/Bapo term is supported by event, labour, justice, community or governance context; the case term is not being treated as sufficient on its own.",,,
DISC-MEDIA-0549,Magara Takes The Reins At Lonmin Furnace Restarted,2013,2013-07-01,Engineering News,https://www.engineeringnews.co.za/article/magara-takes-the-reins-at-lonmin-furnace-restarted-2013-07-01,lonmin_only_title_review,manual_review_lonmin_only_low_case_signal,acquired_extracted,594,844614e5d02afddcb076d78acd8a307a6f16c573cf3228d6c6b4ea37b0c7ed61,7,,0,worker_miner;police;shooting_death;wage;union;protest_unrest,7,6,,0,0,earnings_results;exploration_project,6,2,false,true,false,possible_substantive_case_context,Extracted text contains multiple labour/event or community/governance signals but lacks a high-specificity case term; direct substantive review is required.,,,
DISC-MEDIA-0550,Magara Takes The Reins At Lonmin Furnace Restarted,2013,2013-07-12,Engineering News,https://www.engineeringnews.co.za/article/magara-takes-the-reins-at-lonmin-furnace-restarted-2013-07-12,lonmin_only_title_review,manual_review_lonmin_only_low_case_signal,acquired_extracted,591,c77488d74f52786e718fa5acdd73e980fa65c428b407ebc22c4cfa7a0f327d4c,7,,0,worker_miner;police;shooting_death;wage;union;protest_unrest,7,6,,0,0,earnings_results;exploration_project,6,2,false,true,false,possible_substantive_case_context,Extracted text contains multiple labour/event or community/governance signals but lacks a high-specificity case term; direct substantive review is required.,,,
DISC-MEDIA-0551,Magna Closes Lonmin Canada Acquisition,2022,2022-11-08,Engineering News,https://www.engineeringnews.co.za/article/magna-closes-lonmin-canada-acquisition-2022-11-08,lonmin_only_title_review,manual_review_lonmin_only_low_case_signal,acquired_extracted,449,67773a26996538aac7936763a1f9e22af8abc1769ec80abf77012180a3965b35,2,,0,,0,0,,0,0,earnings_results;production_output;transaction;exploration_project,11,4,false,true,false,strong_routine_corporate_signal,Title and extracted text are dominated by routine corporate/financial/production signals with no high-specificity case term and minimal labour/community event signal.,,,
DISC-MEDIA-0552,Magna Mining Buys Lonmin Canada,2022,2022-08-17,Engineering News,https://www.engineeringnews.co.za/article/magna-mining-buys-lonmin-canada-2022-08-17,lonmin_only_title_review,manual_review_lonmin_only_low_case_signal,acquired_extracted,490,8b8d3e58f8725098ab02e4c4d3586c8b7742b2240e4cc41d5a7e3ad1255e9b84,2,,0,,0,0,,0,0,earnings_results;production_output;transaction;exploration_project,15,4,false,false,false,likely_routine_corporate_signal,Extracted text has multiple routine corporate/financial signals with weak case-event/community evidence; manual confirmation remains required.,,,
DISC-MEDIA-0553,Marikana Application Dismissed,2015,2015-06-15,Engineering News,https://www.engineeringnews.co.za/article/marikana-application-dismissed-2015-06-15,explicit_case_title_review,priority_manual_review_case_signal,acquired_extracted,700,6d9dde5058e0681a35eed8989cc53cfa3ea8acba01b4bf7cfc20402a1840911a,0,marikana;farlam,7,worker_miner;police;shooting_death;union,18,4,justice_accountability;commission_inquiry,4,2,earnings_results,2,1,false,false,false,strong_case_context_supported,"A Marikana/Farlam/Wonderkop/Nkaneng/Bapo term is supported by event, labour, justice, community or governance context; the case term is not being treated as sufficient on its own.",,,
DISC-MEDIA-0554,Marikana Commission Cant Be Blamed For Fact That There Were No Prosecutions Judge Farlam,2019,2019-08-16,Engineering News,https://www.engineeringnews.co.za/article/marikana-commission-cant-be-blamed-for-fact-that-there-were-no-prosecutions-judge-farlam-2019-08-16,explicit_case_title_review,priority_manual_review_case_signal,acquired_extracted,799,7ddcec9bc15bca2c54c2d055f50803c27e4a93f323c56c65bbd087ed1c889f6d,2,marikana;farlam,8,strike;worker_miner;police;shooting_death;protest_unrest,29,5,justice_accountability;commission_inquiry,18,2,earnings_results,2,1,false,false,true,strong_case_context_supported,"A Marikana/Farlam/Wonderkop/Nkaneng/Bapo term is supported by event, labour, justice, community or governance context; the case term is not being treated as sufficient on its own.",,,
DISC-MEDIA-0555,Marikana Commission Findings To Be Implemented Zuma,2015,2015-06-26,Engineering News,https://www.engineeringnews.co.za/article/marikana-commission-findings-to-be-implemented-zuma-2015-06-26,explicit_case_title_review,priority_manual_review_case_signal,acquired_extracted,502,53f2e97211cdaf3d75982ad4a8d78d36516cded48f496d2b2dbe75d9ffbc0894,1,marikana;farlam,4,strike;worker_miner;police;shooting_death;wage;protest_unrest,10,6,commission_inquiry,5,1,earnings_results,3,1,false,false,true,strong_case_context_supported,"A Marikana/Farlam/Wonderkop/Nkaneng/Bapo term is supported by event, labour, justice, community or governance context; the case term is not being treated as sufficient on its own.",,,
DISC-MEDIA-0556,Marikana Events Happened Under Our Watch Anc Admits,2021,2021-08-16,Engineering News,https://www.engineeringnews.co.za/article/marikana-events-happened-under-our-watch-anc-admits-2021-08-16,explicit_case_title_review,priority_manual_review_case_signal,acquired_extracted,488,f56ec2300670c7ac415a1137417eca7fb8c8868947482474b861c085fc9ca890,0,marikana,5,,0,0,,0,0,earnings_results,2,1,false,false,false,case_term_low_context_review,"A high-specificity place/case term occurs, but contextual evidence is too weak to distinguish substantive Marikana-case treatment from a place/project name or incidental historical reference.",,,
DISC-MEDIA-0557,Marikana Families Sue Police For Millions,2013,2013-03-01,Engineering News,https://www.engineeringnews.co.za/article/marikana-families-sue-police-for-millions-2013-03-01,explicit_case_title_review,priority_manual_review_case_signal,acquired_extracted,650,68b5ad7284e5bfd5c168a6daba82c26bd69eb8a8505f4a3101708ff4b1817ac8,2,marikana;farlam,8,strike;worker_miner;police;shooting_death,27,4,justice_accountability;commission_inquiry,8,2,earnings_results,5,1,false,false,true,strong_case_context_supported,"A Marikana/Farlam/Wonderkop/Nkaneng/Bapo term is supported by event, labour, justice, community or governance context; the case term is not being treated as sufficient on its own.",,,
DISC-MEDIA-0558,Marikana Families Sue Police Minister,2015,2015-08-12,Engineering News,https://www.engineeringnews.co.za/article/marikana-families-sue-police-minister-2015-08-12,explicit_case_title_review,priority_manual_review_case_signal,acquired_extracted,608,d0f8314951c03f8beb46b98d8c5f565998b181b5fae229cb6c112b6b60289efe,1,marikana,4,strike;worker_miner;police;shooting_death,21,4,justice_accountability;commission_inquiry,3,2,earnings_results,5,1,false,false,true,strong_case_context_supported,"A Marikana/Farlam/Wonderkop/Nkaneng/Bapo term is supported by event, labour, justice, community or governance context; the case term is not being treated as sufficient on its own.",,,
DISC-MEDIA-0559,Marikana Forced Saps To Correct Where It Went Wrong Bheki Cele,2021,2021-03-29,Engineering News,https://www.engineeringnews.co.za/article/marikana-forced-saps-to-correct-where-it-went-wrong-bheki-cele-2021-03-29,explicit_case_title_review,priority_manual_review_case_signal,acquired_extracted,862,593cd52fda7432add747688c702b8fb8ec502c70112c42f475fee66dfaf2ee98,1,marikana;farlam,8,strike;worker_miner;police;shooting_death;protest_unrest,28,5,community;justice_accountability;commission_inquiry,8,3,earnings_results,2,1,false,false,true,strong_case_context_supported,"A Marikana/Farlam/Wonderkop/Nkaneng/Bapo term is supported by event, labour, justice, community or governance context; the case term is not being treated as sufficient on its own.",,,
DISC-MEDIA-0560,Marikana K4Platinum Group Metals Project South Africa Update,2023,2023-03-03,Engineering News,https://www.engineeringnews.co.za/article/marikana-k4platinum-group-metals-project-south-africa-update-2023-03-03,explicit_case_title_review,priority_manual_review_case_signal,acquired_extracted,623,16f0a5f476feba9020f0d1877f7f42924aa93f320261c3039908bd525cb77136,2,marikana,4,,0,0,,0,0,earnings_results;production_output;exploration_project;commodity_market,24,4,false,true,false,case_name_only_routine_project_or_corporate_signal,"The text/title contains a Marikana-related name but is dominated by project/production/corporate context without substantive event, labour, justice, community or governance evidence. This guards against place/mine/project-name false positives.",,,
DISC-MEDIA-0561,Marikana K4Platinum Group Metals Project South Africa Update,2023,2023-04-07,Engineering News,https://www.engineeringnews.co.za/article/marikana-k4platinum-group-metals-project-south-africa-update-2023-04-07,explicit_case_title_review,priority_manual_review_case_signal,acquired_extracted,675,82a6f1ffb53487f8390621c83af2034a039f436db03ea1779b8bf8b3e30cb43c,2,marikana,4,,0,0,,0,0,earnings_results;production_output;exploration_project;commodity_market,23,4,false,true,false,case_name_only_routine_project_or_corporate_signal,"The text/title contains a Marikana-related name but is dominated by project/production/corporate context without substantive event, labour, justice, community or governance evidence. This guards against place/mine/project-name false positives.",,,
DISC-MEDIA-0562,Marikana K4Platinum Group Metals Project South Africa Update,2023,2023-09-22,Engineering News,https://www.engineeringnews.co.za/article/marikana-k4platinum-group-metals-project-south-africa-update-2023-09-22,explicit_case_title_review,priority_manual_review_case_signal,acquired_extracted,729,e06aa396c49e709b1bc8676d5e9df10e8677fa6454a88872e426c48a80992637,2,marikana,3,,0,0,,0,0,earnings_results;production_output;exploration_project;commodity_market,25,4,false,true,false,case_name_only_routine_project_or_corporate_signal,"The text/title contains a Marikana-related name but is dominated by project/production/corporate context without substantive event, labour, justice, community or governance evidence. This guards against place/mine/project-name false positives.",,,
DISC-MEDIA-0563,Marikana K4Platinum Group Metals Project South Africa Update,2023,2023-11-10,Engineering News,https://www.engineeringnews.co.za/article/marikana-k4platinum-group-metals-project-south-africa-update-2023-11-10,explicit_case_title_review,manual_review_acquisition_exception,failed,0,,0,,0,,0,0,,0,0,,0,0,false,true,false,acquisition_exception,Usable extracted text is unavailable; no substantive decision should be made from title alone.,,,
DISC-MEDIA-0564,Marikana Lawyers Government Mull Compensation,2017,2017-08-01,Engineering News,https://www.engineeringnews.co.za/article/marikana-lawyers-government-mull-compensation-2017-08-01,explicit_case_title_review,priority_manual_review_case_signal,acquired_extracted,462,a4d2a7a40016580ba555d6067dce58c0db1d5cca64a3d249a0612d2a7803fa7f,0,marikana,4,worker_miner;police;shooting_death;wage,6,4,justice_accountability,4,1,earnings_results,2,1,false,false,true,strong_case_context_supported,"A Marikana/Farlam/Wonderkop/Nkaneng/Bapo term is supported by event, labour, justice, community or governance context; the case term is not being treated as sufficient on its own.",,,
DISC-MEDIA-0565,Marikana Legal Aid What We Wanted Organisation,2015,2015-09-25,Engineering News,https://www.engineeringnews.co.za/article/marikana-legal-aid-what-we-wanted-organisation-2015-09-25,explicit_case_title_review,priority_manual_review_case_signal,acquired_extracted,732,5bb9dae9dad3a22c392a352c6839b3a2d6c03de63f350081bf9937a6fb287ae4,0,marikana;farlam,6,strike;worker_miner;shooting_death;protest_unrest,6,4,commission_inquiry,9,1,earnings_results;funding_debt,6,2,false,false,false,strong_case_context_supported,"A Marikana/Farlam/Wonderkop/Nkaneng/Bapo term is supported by event, labour, justice, community or governance context; the case term is not being treated as sufficient on its own.",,,
DISC-MEDIA-0566,Marikana Massacre As Anc Trumpets R170M Paid To Victims Families Calls For Justice Rage On,2023,2023-08-16,Engineering News,https://www.engineeringnews.co.za/article/marikana-massacre-as-anc-trumpets-r170m-paid-to-victims-families-calls-for-justice-rage-on-2023-08-16,explicit_case_title_review,priority_manual_review_case_signal,acquired_extracted,742,10dabc78000c194ff7f39a5da739f7e6890e206156068a11b9dbe750ecdd1c54,2,marikana,4,strike;worker_miner;police;shooting_death;wage,18,5,justice_accountability,4,1,earnings_results,2,1,false,false,true,strong_case_context_supported,"A Marikana/Farlam/Wonderkop/Nkaneng/Bapo term is supported by event, labour, justice, community or governance context; the case term is not being treated as sufficient on its own.",,,
DISC-MEDIA-0567,Marikana Massacre To Be Commemorated At Hillside Where Massacre Occurred,2017,2017-08-16,Engineering News,https://www.engineeringnews.co.za/article/marikana-massacre-to-be-commemorated-at-hillside-where-massacre-occurred-2017-08-16,explicit_case_title_review,priority_manual_review_case_signal,acquired_extracted,580,e15c38b54dc68b48fbcb65c5f0cfd3b21bed725f2cef1e5d8d1ccba803417990,4,marikana;farlam,4,strike;worker_miner;police;shooting_death;wage;union,34,6,commission_inquiry,4,1,earnings_results,2,1,false,false,true,strong_case_context_supported,"A Marikana/Farlam/Wonderkop/Nkaneng/Bapo term is supported by event, labour, justice, community or governance context; the case term is not being treated as sufficient on its own.",,,
DISC-MEDIA-0568,Marikana Memorial Lecture Speakers Issue Call To Rebuild,2023,2023-08-14,Engineering News,https://www.engineeringnews.co.za/article/marikana-memorial-lecture-speakers-issue-call-to-rebuild-2023-08-14,explicit_case_title_review,priority_manual_review_case_signal,acquired_extracted,1518,a61c3d4dc18dd6285666a13919e8e90253870c5ad66557e8f914717b46229e19,1,marikana,8,strike;worker_miner;shooting_death,8,3,community;justice_accountability,5,2,earnings_results;transaction,4,2,false,false,true,strong_case_context_supported,"A Marikana/Farlam/Wonderkop/Nkaneng/Bapo term is supported by event, labour, justice, community or governance context; the case term is not being treated as sufficient on its own.",,,
DISC-MEDIA-0569,Marikana Miners Go To Court To Force Zuma To Release Report,2015,2015-05-25,Engineering News,https://www.engineeringnews.co.za/article/marikana-miners-go-to-court-to-force-zuma-to-release-report-2015-05-25,explicit_case_title_review,priority_manual_review_case_signal,acquired_extracted,761,d386b41ac2c44873f7488b795bc99582cfb2ade98fc3ba7c766bda0bf48e26ac,2,marikana;farlam,7,strike;worker_miner;police;shooting_death;union,19,5,commission_inquiry,6,1,earnings_results,2,1,false,false,true,strong_case_context_supported,"A Marikana/Farlam/Wonderkop/Nkaneng/Bapo term is supported by event, labour, justice, community or governance context; the case term is not being treated as sufficient on its own.",,,
DISC-MEDIA-0570,Marikana Mineworkers Case Postponed Again,2019,2019-05-07,Engineering News,https://www.engineeringnews.co.za/article/marikana-mineworkers-case-postponed-again-2019-05-07,explicit_case_title_review,priority_manual_review_case_signal,acquired_extracted,617,b74c41b67a3d6c8dcf2ae02151f8f318a86f15478a889881c19a80badaf641ec,2,marikana;nkaneng,5,strike;worker_miner;police;shooting_death,13,4,justice_accountability,2,1,earnings_results,2,1,false,false,false,strong_case_context_supported,"A Marikana/Farlam/Wonderkop/Nkaneng/Bapo term is supported by event, labour, justice, community or governance context; the case term is not being treated as sufficient on its own.",,,
DISC-MEDIA-0571,Marikana Mineworkers In Court For 2012 Incidents,2017,2017-02-21,Engineering News,https://www.engineeringnews.co.za/article/marikana-mineworkers-in-court-for-2012-incidents-2017-02-21,explicit_case_title_review,priority_manual_review_case_signal,acquired_extracted,555,5c6f5f5805cdaf05a7162d02e1c2a02f436fc18ded38408854fd55ef4bac9f60,2,marikana,4,strike;worker_miner;police;shooting_death,13,4,justice_accountability,1,1,earnings_results,2,1,false,false,false,strong_case_context_supported,"A Marikana/Farlam/Wonderkop/Nkaneng/Bapo term is supported by event, labour, justice, community or governance context; the case term is not being treated as sufficient on its own.",,,
DISC-MEDIA-0572,Marikana Report Response,2015,2015-07-10,Engineering News,https://www.engineeringnews.co.za/article/marikana-report-response-2015-07-10,explicit_case_title_review,priority_manual_review_case_signal,acquired_extracted,691,49b1541bb784cd2f3bce2891c183291f0189e7f867a63b55d83982cd49e59b18,5,marikana;farlam,7,strike;worker_miner;police;shooting_death;protest_unrest,19,5,community;commission_inquiry,4,2,earnings_results,2,1,false,false,false,strong_case_context_supported,"A Marikana/Farlam/Wonderkop/Nkaneng/Bapo term is supported by event, labour, justice, community or governance context; the case term is not being treated as sufficient on its own.",,,
DISC-MEDIA-0573,Marikana Report To Zuma By Tuesday,2015,2015-03-30,Engineering News,https://www.engineeringnews.co.za/article/marikana-report-to-zuma-by-tuesday-2015-03-30,explicit_case_title_review,priority_manual_review_case_signal,acquired_extracted,497,511cce9d227f9aec592d7e8ffaeff62b2b93ec0a53e32fe63e6608f63cfed199,1,marikana;farlam,4,strike;worker_miner;police;shooting_death;protest_unrest,10,5,commission_inquiry,5,1,earnings_results,2,1,false,false,false,strong_case_context_supported,"A Marikana/Farlam/Wonderkop/Nkaneng/Bapo term is supported by event, labour, justice, community or governance context; the case term is not being treated as sufficient on its own.",,,
DISC-MEDIA-0574,Marikana Students To Qualify With Matric Certificate And Technical Diploma,2013,2013-04-05,Engineering News,https://www.engineeringnews.co.za/article/marikana-students-to-qualify-with-matric-certificate-and-technical-diploma-2013-04-05,explicit_case_title_review,priority_manual_review_case_signal,acquired_extracted,1019,e186322c16d4b06d538a8296305028ba23ce802f2fbec71eead5efb80a4b4c8c,11,marikana,5,worker_miner,2,1,community,7,1,earnings_results;funding_debt;exploration_project,7,3,false,false,false,strong_case_context_supported,"A Marikana/Farlam/Wonderkop/Nkaneng/Bapo term is supported by event, labour, justice, community or governance context; the case term is not being treated as sufficient on its own.",,,
DISC-MEDIA-0575,Marikana Tradgedy Has Changed Industry Forever Consultancy,2013,2013-04-26,Engineering News,https://www.engineeringnews.co.za/article/marikana-tradgedy-has-changed-industry-forever-consultancy-2013-04-26,explicit_case_title_review,priority_manual_review_case_signal,acquired_extracted,1160,a7b518da3bc7ea5b6fe29686fba47fddd05a6ec5cf0a9cc00a3e680ff7572c9a,0,marikana,2,worker_miner;union,10,2,,0,0,share_price;earnings_results;exploration_project;commodity_market,5,4,false,false,false,strong_case_context_supported,"A Marikana/Farlam/Wonderkop/Nkaneng/Bapo term is supported by event, labour, justice, community or governance context; the case term is not being treated as sufficient on its own.",,,
DISC-MEDIA-0576,Marikana Trial Miners May Have Been In Possession Of 60 Rounds Of Ammunition Defence Lawyer,2021,2021-05-25,Engineering News,https://www.engineeringnews.co.za/article/marikana-trial-miners-may-have-been-in-possession-of-60-rounds-of-ammunition---defence-lawyer-2021-05-25,explicit_case_title_review,priority_manual_review_case_signal,acquired_extracted,906,14307af28936830f09617850aafb36b14e44583b842a0e398d08835154c3fdfe,1,marikana,3,strike;worker_miner;police;shooting_death;koppie,23,5,,0,0,earnings_results;exploration_project,5,2,false,false,true,strong_case_context_supported,"A Marikana/Farlam/Wonderkop/Nkaneng/Bapo term is supported by event, labour, justice, community or governance context; the case term is not being treated as sufficient on its own.",,,
DISC-MEDIA-0577,Marikana Trial Provoked Miners Posed No Threat When Tear Gas Stun Grenades Were Fired At Them,2021,2021-05-27,Engineering News,https://www.engineeringnews.co.za/article/marikana-trial-provoked-miners-posed-no-threat-when-tear-gas-stun-grenades-were-fired-at-them-2021-05-27,explicit_case_title_review,priority_manual_review_case_signal,acquired_extracted,1075,42fb24f9312d089985826c00af3d2238df39090a642211530829dc3db4df3c1b,1,marikana,3,strike;worker_miner;police;shooting_death;koppie,36,5,,0,0,earnings_results;exploration_project,3,2,false,false,true,strong_case_context_supported,"A Marikana/Farlam/Wonderkop/Nkaneng/Bapo term is supported by event, labour, justice, community or governance context; the case term is not being treated as sufficient on its own.",,,
DISC-MEDIA-0578,Marikanamassacre Commemorated With Second Yearly Memorial Lecture,2021,2021-08-17,Engineering News,https://www.engineeringnews.co.za/article/marikanamassacre-commemorated-with-second-yearly-memorial-lecture-2021-08-17,explicit_case_title_review,priority_manual_review_case_signal,acquired_extracted,1158,e87ff130d2cd7e9b83c126f52cf1e81304494d36074c59a6b05fee117943ee0d,1,marikana,8,strike;worker_miner;police;shooting_death,10,4,housing;community,5,2,share_price;earnings_results;production_output;transaction;exploration_project,7,5,false,false,true,strong_case_context_supported,"A Marikana/Farlam/Wonderkop/Nkaneng/Bapo term is supported by event, labour, justice, community or governance context; the case term is not being treated as sufficient on its own.",,,
DISC-MEDIA-0579,Militias Defending Jacob Zuma From Arrest Could Lead To Another Marikana Warns Frank Chikane,2021,2021-03-19,Engineering News,https://www.engineeringnews.co.za/article/militias-defending-jacob-zuma-from-arrest-could-lead-to-another-marikana-warns-frank-chikane-2021-03-19,explicit_case_title_review,priority_manual_review_case_signal,acquired_extracted,1078,3ebaae4e45726e41cf7b78425419236e39147abe4d0d6b47af8b976265b14630,0,marikana,2,police,3,1,justice_accountability;commission_inquiry,4,2,earnings_results,2,1,false,false,false,strong_case_context_supported,"A Marikana/Farlam/Wonderkop/Nkaneng/Bapo term is supported by event, labour, justice, community or governance context; the case term is not being treated as sufficient on its own.",,,
DISC-MEDIA-0580,Miner Dies At Lonmins Jv Pandora Following Fall Of Ground Accident,2016,2016-04-07,Engineering News,https://www.engineeringnews.co.za/article/miner-dies-at-lonmins-jv-pandora-following-fall-of-ground-accident-2016-04-07,lonmin_only_title_review,manual_review_lonmin_only_low_case_signal,acquired_extracted,372,94d6cb4a904b4c6bea470853370c13047d92dbc84ef036b9f1214f782438c424,3,,0,worker_miner;union,4,2,,0,0,earnings_results;exploration_project,4,2,false,false,true,ambiguous_low_signal,Automated evidence signals are insufficient for a defensible inclusion/exclusion decision.,,,
DISC-MEDIA-0581,Miner Lonmin Narrows First Half Loss Cuts Annual Spending Target,2018,2018-05-14,Engineering News,https://www.engineeringnews.co.za/article/miner-lonmin-narrows-first-half-loss-cuts-annual-spending-target-2018-05-14,lonmin_only_title_review,manual_review_lonmin_only_low_case_signal,acquired_extracted,382,764de2b568aa253cbfcdd130cec7f48329af44ad4e4f160228126badc764b670,2,,0,worker_miner,3,1,,0,0,earnings_results;transaction,7,2,false,false,true,ambiguous_low_signal,Automated evidence signals are insufficient for a defensible inclusion/exclusion decision.,,,
DISC-MEDIA-0582,Miners Regress On Arv Treatment Lonmin,2014,2014-04-14,Engineering News,https://www.engineeringnews.co.za/article/miners-regress-on-arv-treatment-lonmin-2014-04-14,lonmin_only_title_review,manual_review_lonmin_only_low_case_signal,acquired_extracted,626,7fe9419c523f7bccdfc149fb1e17da4233c16f2f502960fbea6049db60811d9d,3,,0,strike;worker_miner;wage;union,20,4,housing;commission_inquiry,2,2,earnings_results,2,1,false,false,true,possible_substantive_case_context,Extracted text contains multiple labour/event or community/governance signals but lacks a high-specificity case term; direct substantive review is required.,,,
DISC-MEDIA-0583,Minings Biggest Loser Lonmin Is Burning Cash To Stay Alive,2017,2017-03-17,Engineering News,https://www.engineeringnews.co.za/article/minings-biggest-loser-lonmin-is-burning-cash-to-stay-alive-2017-03-17,lonmin_only_title_review,manual_review_possible_case_signal,acquired_extracted,1120,c57131b11b801df820fc2051b14258e894fab7579bd7033b93f598ece1088e7a,14,marikana,1,worker_miner;police;shooting_death;union;protest_unrest,7,5,,0,0,share_price;earnings_results;production_output;funding_debt;transaction;dividend_rights;exploration_project;commodity_market,32,8,false,false,false,strong_case_context_supported,"A Marikana/Farlam/Wonderkop/Nkaneng/Bapo term is supported by event, labour, justice, community or governance context; the case term is not being treated as sufficient on its own.",,,
DISC-MEDIA-0584,Ministers To Visit Marikana,2013,2013-05-16,Engineering News,https://www.engineeringnews.co.za/article/ministers-to-visit-marikana-2013-05-16,explicit_case_title_review,priority_manual_review_case_signal,acquired_extracted,641,b4c9df62b44ba6ae2f378fbf321325317a3d930b30288aedbb10c73f2ae465af,1,marikana,6,strike;worker_miner;police;shooting_death;union;protest_unrest,16,6,commission_inquiry,1,1,earnings_results;commodity_market,3,2,false,false,false,strong_case_context_supported,"A Marikana/Farlam/Wonderkop/Nkaneng/Bapo term is supported by event, labour, justice, community or governance context; the case term is not being treated as sufficient on its own.",,,
DISC-MEDIA-0585,Missing Millions From Lonmin Fund Prompts Community Pay Reform,2016,2016-08-04,Engineering News,https://www.engineeringnews.co.za/article/missing-millions-from-lonmin-fund-prompts-community-pay-reform-2016-08-04,lonmin_only_title_review,priority_manual_review_case_signal,acquired_extracted,739,7b2cc1e43fc04299a0c305d1c9a1e55425622e4c6a44659d22e7bc1cca6dfe61,7,bapo,7,wage;protest_unrest,3,2,community,11,1,earnings_results;funding_debt;transaction,4,3,false,false,true,strong_case_context_supported,"A Marikana/Farlam/Wonderkop/Nkaneng/Bapo term is supported by event, labour, justice, community or governance context; the case term is not being treated as sufficient on its own.",,,
DISC-MEDIA-0586,Moolman Appointed Lonmin Coo,2015,2015-03-17,Engineering News,https://www.engineeringnews.co.za/article/moolman-appointed-lonmin-coo-2015-03-17,lonmin_only_title_review,manual_review_lonmin_only_low_case_signal,acquired_extracted,466,5ad63a239d66a8e56c655f7c1a6720d91e511a342ae77f64311cb4ae059c8b50,5,,0,worker_miner,1,1,,0,0,earnings_results,2,1,false,false,false,ambiguous_low_signal,Automated evidence signals are insufficient for a defensible inclusion/exclusion decision.,,,
DISC-MEDIA-0587,Moratorium Aside Zwane Approves Lonmins Bid To Acquire Anglos Pandora Stake,2017,2017-07-26,Engineering News,https://www.engineeringnews.co.za/article/moratorium-aside-zwane-approves-lonmins-bid-to-acquire-anglos-pandora-stake-2017-07-26,lonmin_only_title_review,manual_review_lonmin_only_low_case_signal,acquired_extracted,713,34ec3a35efd45bb0529c5e0a70ad2ad53c1765386de6da2e8c046e2ae6ca9cd2,8,,0,,0,0,,0,0,earnings_results;transaction,12,2,false,true,false,strong_routine_corporate_signal,Title and extracted text are dominated by routine corporate/financial/production signals with no high-specificity case term and minimal labour/community event signal.,,,
DISC-MEDIA-0588,Never Again Can We Allow Such A Tragedy To Befall Our Nation Ramaphosa On Marikana Massacre,2019,2019-08-16,Engineering News,https://www.engineeringnews.co.za/article/never-again-can-we-allow-such-a-tragedy-to-befall-our-nation-ramaphosa-on-marikana-massacre-2019-08-16,explicit_case_title_review,priority_manual_review_case_signal,acquired_extracted,801,e14561085da9e8c2e11ed5bd8420e0ede034ac8811edd6f201c11758dc9d7096,3,marikana;farlam,9,strike;worker_miner;police;shooting_death;wage;union,22,6,justice_accountability;commission_inquiry,4,2,earnings_results,2,1,false,false,true,strong_case_context_supported,"A Marikana/Farlam/Wonderkop/Nkaneng/Bapo term is supported by event, labour, justice, community or governance context; the case term is not being treated as sufficient on its own.",,,
DISC-MEDIA-0589,Nothing Off Table As Lonmin Pursues Value In Low Platinum Price Environment,2017,2017-04-07,Engineering News,https://www.engineeringnews.co.za/article/nothing-off-table-as-lonmin-pursues-value-in-low-platinum-price-environment-2017-04-07,lonmin_only_title_review,priority_manual_review_case_signal,acquired_extracted,2196,0bf394eecacfd21af3c597357caff073b1b33b34c872bc23b96f65c7cd6334b5,26,marikana,3,strike;worker_miner;police;shooting_death;wage;union,16,6,housing;slp,9,2,earnings_results;production_output;funding_debt;transaction;exploration_project;commodity_market,44,6,false,true,false,strong_case_context_supported,"A Marikana/Farlam/Wonderkop/Nkaneng/Bapo term is supported by event, labour, justice, community or governance context; the case term is not being treated as sufficient on its own.",,,
DISC-MEDIA-0590,Nothing Off Table As Lonmin Pursues Value In Low Platinum Price Environment,2017,2017-04-07,Engineering News,https://www.engineeringnews.co.za/article/nothing-off-table-as-lonmin-pursues-value-in-low-platinum-price-environment-2017-04-07-1,lonmin_only_title_review,priority_manual_review_case_signal,acquired_extracted,2114,fd1dedb924e2806b36b6eedaa9bed127504595166d7e3d60e73cd5bbfb899fdc,22,marikana,3,strike;worker_miner;police;shooting_death;wage;union,15,6,housing;slp,9,2,earnings_results;production_output;funding_debt;transaction;exploration_project;commodity_market,40,6,false,true,false,strong_case_context_supported,"A Marikana/Farlam/Wonderkop/Nkaneng/Bapo term is supported by event, labour, justice, community or governance context; the case term is not being treated as sufficient on its own.",,,
DISC-MEDIA-0591,Num Has Until July To Regain Majority At Lonmin,2013,2013-05-29,Engineering News,https://www.engineeringnews.co.za/article/num-has-until-july-to-regain-majority-at-lonmin-2013-05-29,lonmin_only_title_review,manual_review_lonmin_only_low_case_signal,acquired_extracted,602,d2c9f8c57f7718a543c75db78aa2cc07d421906d0099cfb886fe15a115e6f3cd,8,,0,worker_miner;union,19,2,commission_inquiry,1,1,earnings_results,2,1,false,false,true,ambiguous_low_signal,Automated evidence signals are insufficient for a defensible inclusion/exclusion decision.,,,
DISC-MEDIA-0592,Num Member Gunned Down At Lonmin Hostel,2013,2013-06-03,Engineering News,https://www.engineeringnews.co.za/article/num-member-gunned-down-at-lonmin-hostel-2013-06-03,lonmin_only_title_review,priority_manual_review_case_signal,acquired_extracted,618,51cbe56ff22f5e3b0b3e2aef29ed5a498d690ef3022e26b10af2a216582c372f,6,marikana;wonderkop,2,worker_miner;police;shooting_death;union;protest_unrest,28,5,housing;community,4,2,share_price;earnings_results,3,2,false,false,true,strong_case_context_supported,"A Marikana/Farlam/Wonderkop/Nkaneng/Bapo term is supported by event, labour, justice, community or governance context; the case term is not being treated as sufficient on its own.",,,
DISC-MEDIA-0593,Num Says Branch Leader At Lonmin Unit Shot Dead,2018,2018-01-19,Engineering News,https://www.engineeringnews.co.za/article/num-says-branch-leader-at-lonmin-unit-shot-dead-2018-01-19,lonmin_only_title_review,manual_review_possible_case_signal,acquired_extracted,532,9dd9a76c49eb5193355d3db45a28a0dd2d987eb88db779080a02ef7dcee3a60d,4,marikana,1,strike;worker_miner;police;shooting_death;union;protest_unrest,31,6,housing,1,1,earnings_results,2,1,false,false,true,strong_case_context_supported,"A Marikana/Farlam/Wonderkop/Nkaneng/Bapo term is supported by event, labour, justice, community or governance context; the case term is not being treated as sufficient on its own.",,,
DISC-MEDIA-0594,Num Shocked By Lonmin Cutting Thousands Of Jobs,2015,2015-07-24,Engineering News,https://www.engineeringnews.co.za/article/num-shocked-by-lonmin-cutting-thousands-of-jobs-2015-07-24,lonmin_only_title_review,manual_review_possible_case_signal,acquired_extracted,750,14ac47767ad1555247819add19aad97bf23a1c7ed5e7fb2a3e95442c49a52fee,12,marikana,1,strike;worker_miner;police;shooting_death;union;protest_unrest,25,6,,0,0,share_price;earnings_results;production_output;exploration_project;commodity_market,9,5,false,false,true,strong_case_context_supported,"A Marikana/Farlam/Wonderkop/Nkaneng/Bapo term is supported by event, labour, justice, community or governance context; the case term is not being treated as sufficient on its own.",,,
DISC-MEDIA-0595,Num To Fight Lonmin Job Losses,2015,2015-05-08,Engineering News,https://www.engineeringnews.co.za/article/num-to-fight-lonmin-job-losses-2015-05-08,lonmin_only_title_review,manual_review_lonmin_only_low_case_signal,acquired_extracted,611,f2e189fd1219e106ebdde0bb714aabbb4d906f04b5ddc908bd69d4bc79c37dc3,5,,0,worker_miner;union,11,2,,0,0,earnings_results,2,1,false,false,true,ambiguous_low_signal,Automated evidence signals are insufficient for a defensible inclusion/exclusion decision.,,,
DISC-MEDIA-0596,Num Wants Members At Lonmin Back,2013,2013-07-11,Engineering News,https://www.engineeringnews.co.za/article/num-wants-members-at-lonmin-back-2013-07-11,lonmin_only_title_review,manual_review_possible_case_signal,acquired_extracted,503,842da6df9a802193103c4ba60e9cd107231db88b36236aeafaab9c14d983fc77,5,marikana,1,worker_miner;shooting_death;union;protest_unrest,20,4,,0,0,earnings_results,2,1,false,false,true,strong_case_context_supported,"A Marikana/Farlam/Wonderkop/Nkaneng/Bapo term is supported by event, labour, justice, community or governance context; the case term is not being treated as sufficient on its own.",,,
DISC-MEDIA-0597,Old Mutual Decreases Lonmin Voting Rights,2014,2014-10-02,Engineering News,https://www.engineeringnews.co.za/article/old-mutual-decreases-lonmin-voting-rights-2014-10-02,lonmin_only_title_review,manual_review_lonmin_only_low_case_signal,acquired_extracted,350,587a481f11480b2d58003efc1026f78a6f5106b5a90da58e99266cb7727efbe2,3,,0,worker_miner,2,1,,0,0,share_price;earnings_results,3,2,false,false,false,ambiguous_low_signal,Automated evidence signals are insufficient for a defensible inclusion/exclusion decision.,,,
DISC-MEDIA-0598,Opposition Parties Condemn Zumas Defence On Marikana Cops,2015,2015-06-24,Engineering News,https://www.engineeringnews.co.za/article/opposition-parties-condemn-zumas-defence-on-marikana-cops-2015-06-24,explicit_case_title_review,priority_manual_review_case_signal,acquired_extracted,834,ef8ad349d657a0d7e7bbb2c8c15781b588d072935d955ae50055b9293ff5af1a,0,marikana;farlam,11,worker_miner;police;shooting_death;protest_unrest,22,4,,0,0,earnings_results,2,1,false,false,false,strong_case_context_supported,"A Marikana/Farlam/Wonderkop/Nkaneng/Bapo term is supported by event, labour, justice, community or governance context; the case term is not being treated as sufficient on its own.",,,
DISC-MEDIA-0599,Outstanding Marikana Matters Set For Completion By Month End,2022,2022-08-10,Engineering News,https://www.engineeringnews.co.za/article/outstanding-marikana-matters-set-for-completion-by-month-end-2022-08-10,explicit_case_title_review,priority_manual_review_case_signal,acquired_extracted,1029,6e49ec0ec02fa093eb8415a6e9daa2999170acabf069f4f8076d7a0008137021,1,marikana,5,strike;worker_miner;police;shooting_death,6,4,justice_accountability,2,1,earnings_results,3,1,false,false,false,strong_case_context_supported,"A Marikana/Farlam/Wonderkop/Nkaneng/Bapo term is supported by event, labour, justice, community or governance context; the case term is not being treated as sufficient on its own.",,,
DISC-MEDIA-0600,Pgms Project Will Ensure Marikanas Sustainability For 50 Years Plus Sibanye,2021,2021-03-02,Engineering News,https://www.engineeringnews.co.za/article/pgms-project-will-ensure-marikanas-sustainability-for-50-years-plus-sibanye-2021-03-02,explicit_case_title_review,priority_manual_review_case_signal,acquired_extracted,691,ff442b589ac007691a912350c7d0f6917f837bf63147a148c4fcb47194b24801,2,marikana,3,,0,0,,0,0,earnings_results;production_output;exploration_project,13,3,false,true,false,case_name_only_routine_project_or_corporate_signal,"The text/title contains a Marikana-related name but is dominated by project/production/corporate context without substantive event, labour, justice, community or governance evidence. This guards against place/mine/project-name false positives.",,,
DISC-MEDIA-0601,Pic Faces Dilemma Over Backing Lonmin Deal,2019,2019-05-23,Engineering News,https://www.engineeringnews.co.za/article/pic-faces-dilemma-over-backing-lonmin-deal-2019-05-23,lonmin_only_title_review,manual_review_lonmin_only_low_case_signal,acquired_extracted,772,0a44fbe55eada8b8ae3fa48b9ab639049264b4706f94b5b9fc6958be4a65e6e0,13,,0,strike;worker_miner,3,2,commission_inquiry,1,1,share_price;earnings_results;transaction;commodity_market,14,4,false,false,false,ambiguous_low_signal,Automated evidence signals are insufficient for a defensible inclusion/exclusion decision.,,,
DISC-MEDIA-0602,Pic Snaps Up Unsold Shares In Lonmin To Secure 2999 Stake,2015,2015-12-14,Engineering News,https://www.engineeringnews.co.za/article/pic-snaps-up-unsold-shares-in-lonmin-to-secure-2999-stake-2015-12-14,lonmin_only_title_review,manual_review_lonmin_only_low_case_signal,acquired_extracted,453,bd9b3cf1c35469af3c0e5368b5d70c2de18598a5feb8007721c9f93f799158e4,5,,0,worker_miner,2,1,,0,0,share_price;earnings_results;transaction;dividend_rights;commodity_market,12,5,false,true,false,strong_routine_corporate_signal,Title and extracted text are dominated by routine corporate/financial/production signals with no high-specificity case term and minimal labour/community event signal.,,,
DISC-MEDIA-0603,Platinum Miner Lonmins Lenders Relax Loan Agreements Again,2018,2018-01-18,Engineering News,https://www.engineeringnews.co.za/article/platinum-miner-lonmins-lenders-relax-loan-agreements-again-2018-01-18,lonmin_only_title_review,manual_review_lonmin_only_low_case_signal,acquired_extracted,450,46563ec4928d68b2d9dbe376c579ad39cb5cdd4a1a7c0fed53a4e9b94d005b7c,5,,0,worker_miner,3,1,,0,0,earnings_results;production_output;funding_debt,8,3,false,false,true,likely_routine_corporate_signal,Extracted text has multiple routine corporate/financial signals with weak case-event/community evidence; manual confirmation remains required.,,,
DISC-MEDIA-0604,Platinum Price Upturn Needed To Sustain Industry Lonmin,2017,2017-01-20,Engineering News,https://www.engineeringnews.co.za/article/platinum-price-upturn-needed-to-sustain-industry-lonmin-2017-01-20,lonmin_only_title_review,manual_review_possible_case_signal,acquired_extracted,864,2bc7bf85d17fe99785dcb92585913cbefe56885c7256a76432d461f6e5b56f13,8,farlam,1,wage;protest_unrest,2,2,housing;commission_inquiry,7,2,earnings_results;production_output;commodity_market,12,3,false,true,false,strong_case_context_supported,"A Marikana/Farlam/Wonderkop/Nkaneng/Bapo term is supported by event, labour, justice, community or governance context; the case term is not being treated as sufficient on its own.",,,
DISC-MEDIA-0605,Platinum Price Upturn Needed To Sustain Industry Lonmin,2017,2017-02-03,Engineering News,https://www.engineeringnews.co.za/article/platinum-price-upturn-needed-to-sustain-industry-lonmin-2017-02-03,lonmin_only_title_review,manual_review_lonmin_only_low_case_signal,acquired_extracted,266,c720aba17fa78b1ef7a4987b341682d4d662d137b980f591e44c2966b3dcd7ca,0,,0,,0,0,,0,0,earnings_results,2,1,false,true,false,ambiguous_low_signal,Automated evidence signals are insufficient for a defensible inclusion/exclusion decision.,,,
DISC-MEDIA-0606,Policemen Mineworkers In Court Ahead Of 7Th Marikana Massacre Commemoration,2019,2019-08-14,Engineering News,https://www.engineeringnews.co.za/article/policemen-mineworkers-in-court-ahead-of-7th-marikana-massacre-commemoration-2019-08-14,explicit_case_title_review,priority_manual_review_case_signal,acquired_extracted,1229,1769b43a5fd2794036956a6802233d938c466f06372c8b2c95b93b36a09f3213,3,marikana;farlam;nkaneng,16,strike;worker_miner;police;shooting_death;wage;union;protest_unrest;koppie,63,8,housing;justice_accountability;commission_inquiry,8,3,earnings_results,2,1,false,false,true,strong_case_context_supported,"A Marikana/Farlam/Wonderkop/Nkaneng/Bapo term is supported by event, labour, justice, community or governance context; the case term is not being treated as sufficient on its own.",,,
DISC-MEDIA-0607,Poverty Led To Marikana Tragedy Says Mahumapelo,2016,2016-12-05,Engineering News,https://www.engineeringnews.co.za/article/poverty-led-to-marikana-tragedy-says-mahumapelo-2016-12-05,explicit_case_title_review,priority_manual_review_case_signal,acquired_extracted,654,26d1a1cd1603050cb78ec73b400b0390db3df37ce18cba6676d154497bffe483,2,marikana;wonderkop;nkaneng,5,strike;worker_miner;police;shooting_death;wage;union;koppie,21,7,community,1,1,earnings_results,2,1,false,false,false,strong_case_context_supported,"A Marikana/Farlam/Wonderkop/Nkaneng/Bapo term is supported by event, labour, justice, community or governance context; the case term is not being treated as sufficient on its own.",,,
DISC-MEDIA-0608,Presidency Rejects Marikana Lawyers Claims,2015,2015-05-25,Engineering News,https://www.engineeringnews.co.za/article/presidency-rejects-marikana-lawyers-claims-2015-05-25,explicit_case_title_review,priority_manual_review_case_signal,acquired_extracted,907,1caaf044fe4b08e28e770b5d368ed7d58744ed0d437dac375c76f799a0fe776a,2,marikana;farlam,8,strike;worker_miner;police;shooting_death;union,22,5,commission_inquiry,6,1,earnings_results,2,1,false,false,false,strong_case_context_supported,"A Marikana/Farlam/Wonderkop/Nkaneng/Bapo term is supported by event, labour, justice, community or governance context; the case term is not being treated as sufficient on its own.",,,
DISC-MEDIA-0609,President Zuma To Release Marikana Report To The Public In Due Course,2015,2015-05-11,Engineering News,https://www.engineeringnews.co.za/article/president-zuma-to-release-marikana-report-to-the-public-in-due-course-2015-05-11,explicit_case_title_review,priority_manual_review_case_signal,acquired_extracted,500,8f5cbc1f6e752b88bba2ad2bea6b61c79b57b24c53a824a871a48a003599784c,0,marikana;farlam,5,shooting_death,1,1,commission_inquiry,5,1,earnings_results,2,1,false,false,false,strong_case_context_supported,"A Marikana/Farlam/Wonderkop/Nkaneng/Bapo term is supported by event, labour, justice, community or governance context; the case term is not being treated as sufficient on its own.",,,
DISC-MEDIA-0610,Ramaphosa Questioned About Marikana Inaction,2014,2014-08-12,Engineering News,https://www.engineeringnews.co.za/article/ramaphosa-questioned-about-marikana-inaction-2014-08-12,explicit_case_title_review,priority_manual_review_case_signal,acquired_extracted,687,194bd5ef0c4fab356f1d5287f4ae8026d01fd34522c2700c87fce67a21b09465,3,marikana;farlam,5,strike;worker_miner;police;shooting_death;wage;union;protest_unrest,23,7,commission_inquiry,4,1,earnings_results,2,1,false,false,false,strong_case_context_supported,"A Marikana/Farlam/Wonderkop/Nkaneng/Bapo term is supported by event, labour, justice, community or governance context; the case term is not being treated as sufficient on its own.",,,
DISC-MEDIA-0611,Ramaphosa To Step Down From Lonmin Mondi Boards,2013,2013-01-23,Engineering News,https://www.engineeringnews.co.za/article/ramaphosa-to-step-down-from-lonmin-mondi-boards-2013-01-23,lonmin_only_title_review,manual_review_lonmin_only_low_case_signal,acquired_extracted,660,289973ebe246386518a005a6151ddece89a2524c44ef8bd7005a0a60cbb811df,4,,0,worker_miner,1,1,,0,0,earnings_results,2,1,false,false,false,ambiguous_low_signal,Automated evidence signals are insufficient for a defensible inclusion/exclusion decision.,,,
DISC-MEDIA-0612,Ramaphosa To Testify At Farlam Commission,2014,2014-08-11,Engineering News,https://www.engineeringnews.co.za/article/ramaphosa-to-testify-at-farlam-commission-2014-08-11,explicit_case_title_review,priority_manual_review_case_signal,acquired_extracted,720,0ed62bd9c14a293e993cd3b17fafe852e75bf1bdd45df4f9015d3b6cf6a23bf4,5,marikana;farlam,6,strike;worker_miner;police;shooting_death;protest_unrest,23,5,commission_inquiry,8,1,earnings_results;transaction,3,2,false,false,true,strong_case_context_supported,"A Marikana/Farlam/Wonderkop/Nkaneng/Bapo term is supported by event, labour, justice, community or governance context; the case term is not being treated as sufficient on its own.",,,
DISC-MEDIA-0613,Ramaphosa Welcomes Court Judgment Says He Was Not The Cause Of Harmful Conduct In Marikana,2022,2022-07-05,Engineering News,https://www.engineeringnews.co.za/article/ramaphosa-welcomes-court-judgment-says-he-was-not-the-cause-of-harmful-conduct-in-marikana-2022-07-05,explicit_case_title_review,priority_manual_review_case_signal,acquired_extracted,631,677c8e6a23b66bcaef2a8ed27bd60e3a6ef02b87aa273391b49e98fb2e340781,1,marikana,3,strike;worker_miner;police;shooting_death;protest_unrest,18,5,,0,0,earnings_results,2,1,false,false,false,strong_case_context_supported,"A Marikana/Farlam/Wonderkop/Nkaneng/Bapo term is supported by event, labour, justice, community or governance context; the case term is not being treated as sufficient on its own.",,,
DISC-MEDIA-0614,Reserve Bank Approves Sibanyes Buyout Of Lonmin,2018,2018-05-15,Engineering News,https://www.engineeringnews.co.za/article/reserve-bank-approves-sibanyes-buyout-of-lonmin-2018-05-15,lonmin_only_title_review,manual_review_lonmin_only_low_case_signal,acquired_extracted,615,2f442cc8fe470bd90680b9594f1f96dd3b9f1fd14c2bd57b5d843e576ddbd54d,11,,0,union,1,1,,0,0,share_price;earnings_results;transaction;commodity_market,8,4,false,false,false,likely_routine_corporate_signal,Extracted text has multiple routine corporate/financial signals with weak case-event/community evidence; manual confirmation remains required.,,,
DISC-MEDIA-0615,Resilient Lonmin Beats Guidance Ups Cash,2017,2017-11-03,Engineering News,https://www.engineeringnews.co.za/article/resilient-lonmin-beats-guidance-ups-cash-2017-11-03,lonmin_only_title_review,manual_review_lonmin_only_low_case_signal,acquired_extracted,940,fd3e2a0e1656d0f29dba71aff1242073cff08887c2836ba0cf17cad57a95f1de,8,,0,,0,0,,0,0,earnings_results;production_output;funding_debt;transaction;exploration_project;commodity_market,23,6,false,true,false,strong_routine_corporate_signal,Title and extracted text are dominated by routine corporate/financial/production signals with no high-specificity case term and minimal labour/community event signal.,,,
DISC-MEDIA-0616,Resilient Lonmin Beats Guidance Ups Cash,2017,2017-11-17,Engineering News,https://www.engineeringnews.co.za/article/resilient-lonmin-beats-guidance-ups-cash-2017-11-17,lonmin_only_title_review,manual_review_lonmin_only_low_case_signal,acquired_extracted,937,ee3b97782682f3e941f65a8044c432e73d4b3b1c2c66955795eb5b2314bbc839,8,,0,,0,0,,0,0,earnings_results;production_output;funding_debt;transaction;exploration_project;commodity_market,23,6,false,true,false,strong_routine_corporate_signal,Title and extracted text are dominated by routine corporate/financial/production signals with no high-specificity case term and minimal labour/community event signal.,,,
DISC-MEDIA-0617,Resilient Lonmin Delivers Sturdy Output Extracts Cash From Tailings,2018,2018-01-22,Engineering News,https://www.engineeringnews.co.za/article/resilient-lonmin-delivers-sturdy-output-extracts-cash-from-tailings-2018-01-22,lonmin_only_title_review,manual_review_possible_case_signal,acquired_extracted,1296,c53cc44754d507a974ce6ae499929a08a4a0034e738822f0797ba66adf6686d5,12,marikana,1,police;protest_unrest,2,2,community,2,1,share_price;earnings_results;production_output;funding_debt;exploration_project;commodity_market,28,6,false,true,false,strong_case_context_supported,"A Marikana/Farlam/Wonderkop/Nkaneng/Bapo term is supported by event, labour, justice, community or governance context; the case term is not being treated as sufficient on its own.",,,
DISC-MEDIA-0618,Resilient Lonmin Delivers Sturdy Output Extracts Cash From Tailings,2018,2018-02-02,Engineering News,https://www.engineeringnews.co.za/article/resilient-lonmin-delivers-sturdy-output-extracts-cash-from-tailings-2018-02-02,lonmin_only_title_review,manual_review_possible_case_signal,acquired_extracted,1289,19a5dc07fa4faed41f9e2653d2a215ba825a8d8e2fd7e0683676f2313ed577e1,12,marikana,1,police;protest_unrest,2,2,community,2,1,share_price;earnings_results;production_output;funding_debt;exploration_project;commodity_market,25,6,false,true,false,strong_case_context_supported,"A Marikana/Farlam/Wonderkop/Nkaneng/Bapo term is supported by event, labour, justice, community or governance context; the case term is not being treated as sufficient on its own.",,,
DISC-MEDIA-0619,Retention Of Jobs Critical Following Sibanye Lonmin Deal Zwane,2017,2017-12-15,Engineering News,https://www.engineeringnews.co.za/article/retention-of-jobs-critical-following-sibanye-lonmin-deal-zwane-2017-12-15,lonmin_only_title_review,manual_review_lonmin_only_low_case_signal,acquired_extracted,352,6ea417fb88ca52b3427c994c0ce9a511c03b96fd60e17d91d6295c604b41db52,2,,0,,0,0,,0,0,earnings_results;transaction,3,2,false,false,false,ambiguous_low_signal,Automated evidence signals are insufficient for a defensible inclusion/exclusion decision.,,,
DISC-MEDIA-0620,Rights Groups Demand Police Accountability For Marikana Massacre,2019,2019-06-11,Engineering News,https://www.engineeringnews.co.za/article/rights-groups-demand-police-accountability-for-marikana-massacre-2019-06-11,explicit_case_title_review,priority_manual_review_case_signal,acquired_extracted,706,1c0bf577f7de591c68cd206729be95c2a11ce01b17c288f2834646f3c30553a1,1,marikana;farlam,6,strike;worker_miner;police;shooting_death;protest_unrest;koppie,24,6,justice_accountability;commission_inquiry,15,2,earnings_results,2,1,false,false,true,strong_case_context_supported,"A Marikana/Farlam/Wonderkop/Nkaneng/Bapo term is supported by event, labour, justice, community or governance context; the case term is not being treated as sufficient on its own.",,,
DISC-MEDIA-0621,Road Deaths In Sa Equivalent To One Marikana Tragedy A Day Analyst,2015,2015-07-10,Engineering News,https://www.engineeringnews.co.za/article/road-deaths-in-sa-equivalent-to-one-marikana-tragedy-a-day-analyst-2015-07-10,explicit_case_title_review,priority_manual_review_case_signal,acquired_extracted,627,f4a1c0d7df9b2b54b8c3447434371c91b531ea2105547b0a733233cc7df3aab8,0,marikana,3,strike;worker_miner;shooting_death,7,3,,0,0,earnings_results;commodity_market,3,2,false,false,false,strong_case_context_supported,"A Marikana/Farlam/Wonderkop/Nkaneng/Bapo term is supported by event, labour, justice, community or governance context; the case term is not being treated as sufficient on its own.",,,
DISC-MEDIA-0622,Rock Drill Operator Dies At Lonmins K3 Shaft,2017,2017-02-21,Engineering News,https://www.engineeringnews.co.za/article/rock-drill-operator-dies-at-lonmins-k3-shaft-2017-02-21,lonmin_only_title_review,manual_review_lonmin_only_low_case_signal,acquired_extracted,387,da46445e93dd4eb15b9d00a35b707ed756abe3559af7f5178f35f35570b22ea2,4,,0,worker_miner;union,5,2,,0,0,earnings_results;exploration_project,4,2,false,false,false,ambiguous_low_signal,Automated evidence signals are insufficient for a defensible inclusion/exclusion decision.,,,
DISC-MEDIA-0623,Rosatom Partners To Trial Small Hydropower Plant At Lonmin,2016,2016-07-22,Engineering News,https://www.engineeringnews.co.za/article/rosatom-partners-to-trial-small-hydropower-plant-at-lonmin-2016-07-22,lonmin_only_title_review,manual_review_lonmin_only_low_case_signal,acquired_extracted,266,c720aba17fa78b1ef7a4987b341682d4d662d137b980f591e44c2966b3dcd7ca,0,,0,,0,0,,0,0,earnings_results,2,1,false,false,false,ambiguous_low_signal,Automated evidence signals are insufficient for a defensible inclusion/exclusion decision.,,,
DISC-MEDIA-0624,Rustenburg Communities Want Concourt To Set Aside Sibanyes Lonmin Takeover,2019,2019-07-19,Engineering News,https://www.engineeringnews.co.za/article/rustenburg-communities-want-concourt-to-set-aside-sibanyes-lonmin-takeover-2019-07-19,lonmin_only_title_review,priority_manual_review_case_signal,acquired_extracted,770,7e1ef1a2b3856b3bca0f225448502f6d2fd9d3f7fbe54915e95806e1b5d78c3f,11,marikana;farlam;nkaneng;bapo,6,worker_miner;shooting_death;union,4,3,community;slp;commission_inquiry,11,3,share_price;earnings_results;transaction,15,3,false,true,false,strong_case_context_supported,"A Marikana/Farlam/Wonderkop/Nkaneng/Bapo term is supported by event, labour, justice, community or governance context; the case term is not being treated as sufficient on its own.",,,
DISC-MEDIA-0625,Sa Mining Challenges About Far More Than Marikana Migrant Labour Manuel,2013,2013-08-30,Engineering News,https://www.engineeringnews.co.za/article/sa-mining-challenges-about-far-more-than-marikana-migrant-labour-manuel-2013-08-30,explicit_case_title_review,priority_manual_review_case_signal,acquired_extracted,1006,98635ecd0937e0ffb8aa6bb519b652b6052cead9996085afa22c390162abeafd,2,marikana,11,worker_miner;police;shooting_death;wage;protest_unrest,22,5,housing;community;commission_inquiry,8,3,earnings_results,2,1,false,false,false,strong_case_context_supported,"A Marikana/Farlam/Wonderkop/Nkaneng/Bapo term is supported by event, labour, justice, community or governance context; the case term is not being treated as sufficient on its own.",,,
DISC-MEDIA-0626,Sa Mining Challenges About Far More Than Marikana Migrant Labour Manuel,2013,2013-09-13,Engineering News,https://www.engineeringnews.co.za/article/sa-mining-challenges-about-far-more-than-marikana-migrant-labour-manuel-2013-09-13,explicit_case_title_review,priority_manual_review_case_signal,acquired_extracted,1005,593bd604ab499a9b0b5e4da07de0aa9574b43edda55718b2ca401f1db56f5865,2,marikana,11,worker_miner;police;shooting_death;wage;protest_unrest,22,5,housing;community;commission_inquiry,8,3,earnings_results,2,1,false,false,false,strong_case_context_supported,"A Marikana/Farlam/Wonderkop/Nkaneng/Bapo term is supported by event, labour, justice, community or governance context; the case term is not being treated as sufficient on its own.",,,
DISC-MEDIA-0627,Sacp Remembers Marikana Tragedy Calls For Unity Against Economic Exploitation,2019,2019-08-16,Engineering News,https://www.engineeringnews.co.za/article/sacp-remembers-marikana-tragedy-calls-for-unity-against-economic-exploitation-2019-08-16,explicit_case_title_review,priority_manual_review_case_signal,acquired_extracted,605,76bf89975d6186f666ce729ebc491284c8627662a76543eca2caeacf1d5ffa88,2,marikana;farlam,4,strike;worker_miner;police;shooting_death;wage;union,18,6,justice_accountability;commission_inquiry,4,2,earnings_results,2,1,false,false,false,strong_case_context_supported,"A Marikana/Farlam/Wonderkop/Nkaneng/Bapo term is supported by event, labour, justice, community or governance context; the case term is not being treated as sufficient on its own.",,,
DISC-MEDIA-0628,Sanco Wants Government To Intervene To Halt Looming Job Cut In Marikana,2019,2019-09-27,Engineering News,https://www.engineeringnews.co.za/article/sanco-wants-government-to-intervene-to-halt-looming-job-cut-in-marikana-2019-09-27,explicit_case_title_review,priority_manual_review_case_signal,acquired_extracted,518,3f5f4a71a846fd371408082397979ea4ebd96cade2439756fb1172904c0e97cb,1,marikana,2,,0,0,community,5,1,earnings_results,2,1,false,false,false,strong_case_context_supported,"A Marikana/Farlam/Wonderkop/Nkaneng/Bapo term is supported by event, labour, justice, community or governance context; the case term is not being treated as sufficient on its own.",,,
DISC-MEDIA-0629,Sandvik Contractor Dies At Lonmins Marikana Mine,2015,2015-07-23,Engineering News,https://www.engineeringnews.co.za/article/sandvik-contractor-dies-at-lonmins-marikana-mine-2015-07-23,explicit_case_title_review,priority_manual_review_case_signal,acquired_extracted,446,27006df1be946208f15f44fd98c688ca37f725b832275ae728ae33000e348a1b,4,marikana,2,worker_miner;union,2,2,,0,0,share_price;earnings_results;exploration_project,5,3,false,false,false,strong_case_context_supported,"A Marikana/Farlam/Wonderkop/Nkaneng/Bapo term is supported by event, labour, justice, community or governance context; the case term is not being treated as sufficient on its own.",,,
DISC-MEDIA-0630,Seven Years Since Marikana Massacre And Still No Justice Says Rights Institute,2019,2019-08-16,Engineering News,https://www.engineeringnews.co.za/article/seven-years-since-marikana-massacre-and-still-no-justice-says-rights-institute-2019-08-16,explicit_case_title_review,priority_manual_review_case_signal,acquired_extracted,670,f2a6d55a0976ba91692d80b1d11bab4c138aa9a680491f5b4917dd35fa826bef,5,marikana;farlam,4,strike;worker_miner;police;shooting_death;wage;union;protest_unrest;koppie,39,8,justice_accountability;commission_inquiry,4,2,earnings_results;transaction,5,2,false,false,true,strong_case_context_supported,"A Marikana/Farlam/Wonderkop/Nkaneng/Bapo term is supported by event, labour, justice, community or governance context; the case term is not being treated as sufficient on its own.",,,
DISC-MEDIA-0631,Several Labour Lessons Learnt From Marikana Tragedy Mpofu,2013,2013-09-04,Engineering News,https://www.engineeringnews.co.za/article/several-labour-lessons-learnt-from-marikana-tragedy-mpofu-2013-09-04,explicit_case_title_review,priority_manual_review_case_signal,acquired_extracted,777,447dfe11f47d8e121a04104f0d35af5ee6c746ac8b84805fdb89f53ce810e805,5,marikana;farlam,7,worker_miner;police;wage;union,27,4,commission_inquiry,3,1,earnings_results,2,1,false,false,false,strong_case_context_supported,"A Marikana/Farlam/Wonderkop/Nkaneng/Bapo term is supported by event, labour, justice, community or governance context; the case term is not being treated as sufficient on its own.",,,
DISC-MEDIA-0632,Shaft Sinkers Secures 114M Contract At Lonmin,2013,2013-11-27,Engineering News,https://www.engineeringnews.co.za/article/shaft-sinkers-secures-114m-contract-at-lonmin-2013-11-27,lonmin_only_title_review,manual_review_lonmin_only_low_case_signal,acquired_extracted,443,733955e6aa64800962be7da1450e46e4fe0ede8d331adc3fc2aa8b02ca197e79,3,,0,worker_miner,1,1,,0,0,earnings_results;production_output;exploration_project,11,3,false,false,false,likely_routine_corporate_signal,Extracted text has multiple routine corporate/financial signals with weak case-event/community evidence; manual confirmation remains required.,,,
DISC-MEDIA-0633,Shorts Pile Into Cash Strapped Lonmin As Platinum Flounders,2017,2017-06-27,Engineering News,https://www.engineeringnews.co.za/article/shorts-pile-into-cash-strapped-lonmin-as-platinum-flounders-2017-06-27,lonmin_only_title_review,manual_review_possible_case_signal,acquired_extracted,776,d797b20d1a05ecc69f8a55b778921ddeb262358244ce1cac0e3dd44283fbc56a,8,marikana,1,worker_miner;protest_unrest,4,2,,0,0,share_price;earnings_results;production_output;funding_debt;transaction;dividend_rights;exploration_project,28,7,false,false,false,strong_case_context_supported,"A Marikana/Farlam/Wonderkop/Nkaneng/Bapo term is supported by event, labour, justice, community or governance context; the case term is not being treated as sufficient on its own.",,,
DISC-MEDIA-0634,Sibanye Ceo Confident Of Lonmin Takeover Despite Cash Burn,2018,2018-05-18,Engineering News,https://www.engineeringnews.co.za/article/sibanye-ceo-confident-of-lonmin-takeover-despite-cash-burn-2018-05-18,lonmin_only_title_review,manual_review_lonmin_only_low_case_signal,acquired_extracted,758,be5149f28d64ea282aa1eee6963c16cbb6024f818d46aa4ac039941cf0c556a5,9,,0,strike;worker_miner;wage,5,3,commission_inquiry,2,1,share_price;earnings_results;production_output;funding_debt;transaction;exploration_project,15,6,false,true,false,possible_substantive_case_context,Extracted text contains multiple labour/event or community/governance signals but lacks a high-specificity case term; direct substantive review is required.,,,
DISC-MEDIA-0635,Sibanye Continues To Make Reparations At Marikana,2022,2022-07-15,Engineering News,https://www.engineeringnews.co.za/article/sibanye-continues-to-make-reparations-at-marikana-2022-07-15,explicit_case_title_review,priority_manual_review_case_signal,acquired_extracted,1584,caa6af17666af9c26a64dfbe5de223ec5ed64addd7a07c82c93ef45a99382a44,7,marikana;wonderkop;bapo,19,strike;worker_miner;police;shooting_death;wage;union;protest_unrest;koppie,20,8,housing;community;slp;justice_accountability,23,4,share_price;earnings_results;production_output;transaction;exploration_project,11,5,false,false,false,strong_case_context_supported,"A Marikana/Farlam/Wonderkop/Nkaneng/Bapo term is supported by event, labour, justice, community or governance context; the case term is not being treated as sufficient on its own.",,,
DISC-MEDIA-0636,Sibanye Expects Lonmin Competition Finality October,2018,2018-08-27,Engineering News,https://www.engineeringnews.co.za/article/sibanye-expects-lonmin-competition-finality-october-2018-08-27,lonmin_only_title_review,manual_review_lonmin_only_low_case_signal,acquired_extracted,941,c38c32735f11c068265de1469449165df5819470e151d422ad5034233bbeea02,12,,0,,0,0,community;commission_inquiry,13,2,share_price;earnings_results;transaction;exploration_project;commodity_market,17,5,false,false,false,possible_substantive_case_context,Extracted text contains multiple labour/event or community/governance signals but lacks a high-specificity case term; direct substantive review is required.,,,
DISC-MEDIA-0637,Sibanye Files Court Papers To Oppose Application To Halt R52Bn Lonmin Merger,2019,2019-08-02,Engineering News,https://www.engineeringnews.co.za/article/sibanye-files-court-papers-to-oppose-application-to-halt-r52bn-lonmin-merger-2019-08-02,lonmin_only_title_review,priority_manual_review_case_signal,acquired_extracted,877,3aabc970130c07f46eef52e123df5ead5fb25d2c5a858b5d7e356f4158f8932e,9,marikana;nkaneng;bapo,4,worker_miner;union,3,2,community;slp;commission_inquiry,10,3,earnings_results;transaction,14,2,false,true,false,strong_case_context_supported,"A Marikana/Farlam/Wonderkop/Nkaneng/Bapo term is supported by event, labour, justice, community or governance context; the case term is not being treated as sufficient on its own.",,,
DISC-MEDIA-0638,Sibanye Highlights Lonmin Drdgold Deal Attractions At Denver,2018,2018-09-26,Engineering News,https://www.engineeringnews.co.za/article/sibanye-highlights-lonmin-drdgold-deal-attractions-at-denver-2018-09-26,lonmin_only_title_review,manual_review_lonmin_only_low_case_signal,acquired_extracted,881,247ff481e20af0b0d7afef09a08dd3b06629fa9ec323b71d9310012fe5beaebf,6,,0,,0,0,,0,0,earnings_results;production_output;funding_debt;transaction;exploration_project;commodity_market,22,6,false,false,false,likely_routine_corporate_signal,Extracted text has multiple routine corporate/financial signals with weak case-event/community evidence; manual confirmation remains required.,,,
DISC-MEDIA-0639,Sibanye Highlights Lonmin Drdgold Deal Attractions At Denver,2018,2018-10-05,Engineering News,https://www.engineeringnews.co.za/article/sibanye-highlights-lonmin-drdgold-deal-attractions-at-denver-2018-10-05,lonmin_only_title_review,manual_review_lonmin_only_low_case_signal,acquired_extracted,877,291b3160e40473d05e6891922e8b4ad89b16c27f4b11d6a8f774cae7f2c15359,6,,0,,0,0,,0,0,earnings_results;production_output;funding_debt;transaction;exploration_project;commodity_market,22,6,false,false,false,likely_routine_corporate_signal,Extracted text has multiple routine corporate/financial signals with weak case-event/community evidence; manual confirmation remains required.,,,
DISC-MEDIA-0640,Sibanye Hosts Marikana Memorial Lecture,2020,2020-08-14,Engineering News,https://www.engineeringnews.co.za/article/sibanye-hosts-marikana-memorial-lecture-2020-08-14,explicit_case_title_review,priority_manual_review_case_signal,acquired_extracted,1156,d0287e54705dfc9ccf054bdf003e7ab908f14ead8315dae75e2f9dd42d8bea51,8,marikana;farlam;nkaneng,16,strike;worker_miner;police;shooting_death;wage;union;protest_unrest;koppie,37,8,housing;community;commission_inquiry,5,3,earnings_results;transaction,4,2,false,false,true,strong_case_context_supported,"A Marikana/Farlam/Wonderkop/Nkaneng/Bapo term is supported by event, labour, justice, community or governance context; the case term is not being treated as sufficient on its own.",,,
DISC-MEDIA-0641,Sibanye Increases Lonmin Offer,2019,2019-04-25,Engineering News,https://www.engineeringnews.co.za/article/sibanye-increases-lonmin-offer-2019-04-25,lonmin_only_title_review,manual_review_lonmin_only_low_case_signal,acquired_extracted,449,fbaa81a98be97b026039d101fdb60d686941b8842e8dbad7e23310715fde1b05,7,,0,worker_miner,1,1,,0,0,share_price;earnings_results,8,2,false,false,false,ambiguous_low_signal,Automated evidence signals are insufficient for a defensible inclusion/exclusion decision.,,,
DISC-MEDIA-0642,Sibanye Keeps Option To Increase Lonmin Offer Against Rival Bid,2019,2019-05-20,Engineering News,https://www.engineeringnews.co.za/article/sibanye-keeps-option-to-increase-lonmin-offer-against-rival-bid-2019-05-20,lonmin_only_title_review,manual_review_lonmin_only_low_case_signal,acquired_extracted,650,5865a3fd328120886d77a02fd6ae44863da5f0dc1a9ba0af21fdd593d951aa0e,9,,0,worker_miner,1,1,,0,0,share_price;earnings_results;transaction;commodity_market,10,4,false,false,false,likely_routine_corporate_signal,Extracted text has multiple routine corporate/financial signals with weak case-event/community evidence; manual confirmation remains required.,,,
DISC-MEDIA-0643,Sibanye Lonmin Extend Merger Longstop Date To June,2019,2019-01-15,Engineering News,https://www.engineeringnews.co.za/article/sibanye-lonmin-extend-merger-longstop-date-to-june-2019-01-15,lonmin_only_title_review,manual_review_lonmin_only_low_case_signal,acquired_extracted,419,59cf586d2b3a6a6f4a1234c323aec0d4c4e8569ac890e5ef42689e53bd7b3f7e,5,,0,worker_miner;union,6,2,,0,0,share_price;earnings_results;transaction,6,3,false,true,false,ambiguous_low_signal,Automated evidence signals are insufficient for a defensible inclusion/exclusion decision.,,,
DISC-MEDIA-0644,Sibanye Lonmin Merger Enters Final Stretch As Amcu Appeal Is Dismissed,2019,2019-05-17,Engineering News,https://www.engineeringnews.co.za/article/sibanye-lonmin-merger-enters-final-stretch-as-amcu-appeal-is-dismissed-2019-05-17,lonmin_only_title_review,manual_review_lonmin_only_low_case_signal,acquired_extracted,766,231313a3ba196fc717b84fdb5ade922be5b8d9abee5f3873c038d617c522a014,14,,0,strike;worker_miner;union,5,3,community,1,1,share_price;earnings_results;funding_debt;transaction,14,4,false,true,true,possible_substantive_case_context,Extracted text contains multiple labour/event or community/governance signals but lacks a high-specificity case term; direct substantive review is required.,,,
DISC-MEDIA-0645,Sibanye Lonmin Merger Hearing Postponed To November,2018,2018-10-17,Engineering News,https://www.engineeringnews.co.za/article/sibanye-lonmin-merger-hearing-postponed-to-november-2018-10-17,lonmin_only_title_review,manual_review_lonmin_only_low_case_signal,acquired_extracted,458,3ee6c3e92b23ffbf8388353144d268bdfdeaa6c087b82e558b7236a45fe4edf9,6,,0,worker_miner,2,1,commission_inquiry,1,1,share_price;earnings_results;transaction;commodity_market,10,4,false,true,false,ambiguous_low_signal,Automated evidence signals are insufficient for a defensible inclusion/exclusion decision.,,,
DISC-MEDIA-0646,Sibanye Plans To Cut 5 270 Jobs As It Restructures Marikana Operations,2019,2019-10-04,Engineering News,https://www.engineeringnews.co.za/article/sibanye-plans-to-cut-5-270-jobs-as-it-restructures-marikana-operations-2019-10-04,explicit_case_title_review,priority_manual_review_case_signal,acquired_extracted,981,8376efa6e1525514cb11b5be73508be01224963ceb69b6c1ba2494ef28792831,2,marikana,8,strike;worker_miner;shooting_death;wage;union,14,5,commission_inquiry,1,1,earnings_results;transaction;exploration_project,6,3,false,false,false,strong_case_context_supported,"A Marikana/Farlam/Wonderkop/Nkaneng/Bapo term is supported by event, labour, justice, community or governance context; the case term is not being treated as sufficient on its own.",,,
DISC-MEDIA-0647,Sibanye Shareholders Vote In Favour Of Lonmin Takeover,2019,2019-05-28,Engineering News,https://www.engineeringnews.co.za/article/sibanye-shareholders-vote-in-favour-of-lonmin-takeover-2019-05-28,lonmin_only_title_review,manual_review_lonmin_only_low_case_signal,acquired_extracted,474,a0f5ee32d6b4b1af64b32b47a67300593ab272bde7da328f4917f7d7bab924e1,10,,0,worker_miner,2,1,,0,0,share_price;earnings_results;transaction,9,3,false,true,false,strong_routine_corporate_signal,Title and extracted text are dominated by routine corporate/financial/production signals with no high-specificity case term and minimal labour/community event signal.,,,
DISC-MEDIA-0648,Sibanye Stillwater Expects Lonmin Competition Finality In October,2018,2018-08-27,Engineering News,https://www.engineeringnews.co.za/article/sibanye-stillwater-expects-lonmin-competition-finality-in-october-2018-08-27,lonmin_only_title_review,manual_review_lonmin_only_low_case_signal,acquired_extracted,942,8bf73627a572bbd20cc5971fb39c2e6f3c2f0f48eb5293a55693f0c1242fc4a3,12,,0,,0,0,community;commission_inquiry,12,2,share_price;earnings_results;transaction;exploration_project;commodity_market,16,5,false,false,false,possible_substantive_case_context,Extracted text contains multiple labour/event or community/governance signals but lacks a high-specificity case term; direct substantive review is required.,,,
DISC-MEDIA-0649,Sibanye Stillwater Restructures Historical Lonmin Bee Structure,2021,2021-04-14,Engineering News,https://www.engineeringnews.co.za/article/sibanye-stillwater-restructures-historical-lonmin-bee-structure-2021-04-14,lonmin_only_title_review,manual_review_possible_case_signal,acquired_extracted,604,50b5fe2cc2ebabd9b558c43a1c81173c0f4d258f1296facad4af6b3b34ffde18,3,marikana,13,,0,0,,0,0,share_price;earnings_results;funding_debt;transaction;dividend_rights,8,5,false,false,false,case_term_low_context_review,"A high-specificity place/case term occurs, but contextual evidence is too weak to distinguish substantive Marikana-case treatment from a place/project name or incidental historical reference.",,,
DISC-MEDIA-0650,Sibanye Stillwater To Acquire Embattled Lonmin In All Share Offer,2017,2017-12-14,Engineering News,https://www.engineeringnews.co.za/article/sibanye-stillwater-to-acquire-embattled-lonmin-in-all-share-offer-2017-12-14,lonmin_only_title_review,manual_review_lonmin_only_low_case_signal,acquired_extracted,1609,717b9bd41d43f59ef7d48fcbbb6732ead01044031d6b06f2d98eae4c64c5eb5c,28,,0,,0,0,commission_inquiry,2,1,share_price;earnings_results;funding_debt;transaction;exploration_project;commodity_market,25,6,false,true,false,ambiguous_low_signal,Automated evidence signals are insufficient for a defensible inclusion/exclusion decision.,,,
DISC-MEDIA-0651,Sibanye Stillwater To Lonmins Rescue,2017,2017-12-19,Engineering News,https://www.engineeringnews.co.za/article/sibanye-stillwater-to-lonmins-rescue-2017-12-19,lonmin_only_title_review,manual_review_lonmin_only_low_case_signal,acquired_extracted,507,6de34b1f687ce6de77e23c163fcb837c8caf42e11e168fcde5d99e38f93363c3,5,,0,union,2,1,,0,0,earnings_results;transaction,6,2,false,false,false,ambiguous_low_signal,Automated evidence signals are insufficient for a defensible inclusion/exclusion decision.,,,
DISC-MEDIA-0652,Sibanye To Hold Webcast Series To Aid Healing And Renewal In Marikana,2021,2021-08-11,Engineering News,https://www.engineeringnews.co.za/article/sibanye-to-hold-webcast-series-to-aid-healing-and-renewal-in-marikana-2021-08-11,explicit_case_title_review,priority_manual_review_case_signal,acquired_extracted,963,9f5a177148997e97608108c15e4cc5d5ff718b7978d61dd51aae6d9bed3ee55a,0,marikana,14,,0,0,housing;community,8,2,earnings_results,2,1,false,false,false,strong_case_context_supported,"A Marikana/Farlam/Wonderkop/Nkaneng/Bapo term is supported by event, labour, justice, community or governance context; the case term is not being treated as sufficient on its own.",,,
DISC-MEDIA-0653,Sibanye Wins Final Go Ahead For Lonmin Deal,2019,2019-05-17,Engineering News,https://www.engineeringnews.co.za/article/sibanye-wins-final-go-ahead-for-lonmin-deal-2019-05-17,lonmin_only_title_review,manual_review_lonmin_only_low_case_signal,acquired_extracted,353,8dbf76ff5aa6b05bce617f872e14290812f70bfe7ad675a158e0f13afb210011,3,,0,worker_miner;union,3,2,,0,0,earnings_results;transaction,3,2,false,false,false,ambiguous_low_signal,Automated evidence signals are insufficient for a defensible inclusion/exclusion decision.,,,
DISC-MEDIA-0654,Sibanyes Marikana Restructuring Good In The Long Run Say Market Commentators,2019,2019-09-26,Engineering News,https://www.engineeringnews.co.za/article/sibanyes-marikana-restructuring-good-in-the-long-run-say-market-commentators-2019-09-26,explicit_case_title_review,priority_manual_review_case_signal,acquired_extracted,656,3bbeea92b73849d798a80fa44ba93499fc2b19fba95c5e2522d0c4b2716c2f07,6,marikana,4,worker_miner;union,3,2,community,1,1,earnings_results;production_output;funding_debt;commodity_market,8,4,false,false,false,strong_case_context_supported,"A Marikana/Farlam/Wonderkop/Nkaneng/Bapo term is supported by event, labour, justice, community or governance context; the case term is not being treated as sufficient on its own.",,,
DISC-MEDIA-0655,Sixth Death In Lonmin In Three Months,2017,2017-10-19,Engineering News,https://www.engineeringnews.co.za/article/sixth-death-in-lonmin-in-three-months-2017-10-19,lonmin_only_title_review,priority_manual_review_case_signal,acquired_extracted,973,cc1c27f362afb71d68c07dbbdf6b8f97ebfebcd6fee414b55de863105814be98,5,marikana;wonderkop,5,strike;worker_miner;police;shooting_death;wage;union;protest_unrest,48,7,housing;community,2,2,earnings_results,2,1,false,false,false,strong_case_context_supported,"A Marikana/Farlam/Wonderkop/Nkaneng/Bapo term is supported by event, labour, justice, community or governance context; the case term is not being treated as sufficient on its own.",,,
DISC-MEDIA-0656,Slain Marikana Workers To Be Remembered,2013,2013-08-13,Engineering News,https://www.engineeringnews.co.za/article/slain-marikana-workers-to-be-remembered-2013-08-13,explicit_case_title_review,priority_manual_review_case_signal,acquired_extracted,842,173f2b85578dbef9c6d8c3272c38418ae78fe87a01ec60877de5e04f88147c11,4,marikana;farlam,9,worker_miner;police;shooting_death;wage;union;protest_unrest;koppie,45,7,justice_accountability;commission_inquiry,7,2,earnings_results;exploration_project,3,2,false,false,true,strong_case_context_supported,"A Marikana/Farlam/Wonderkop/Nkaneng/Bapo term is supported by event, labour, justice, community or governance context; the case term is not being treated as sufficient on its own.",,,
DISC-MEDIA-0657,Solidarity Concerned Over Loss Of Recognition At Lonmin,2017,2017-08-07,Engineering News,https://www.engineeringnews.co.za/article/solidarity-concerned-over-loss-of-recognition-at-lonmin-2017-08-07,lonmin_only_title_review,manual_review_lonmin_only_low_case_signal,acquired_extracted,534,e2da0a480db62d0edb474823a803435f49e3cfb7ef6a50252603ef4c2f4e5132,9,,0,worker_miner;union,19,2,,0,0,earnings_results,3,1,false,false,false,ambiguous_low_signal,Automated evidence signals are insufficient for a defensible inclusion/exclusion decision.,,,
DISC-MEDIA-0658,Solidarity Gears Up For Lonmin Strike,2013,2013-08-19,Engineering News,https://www.engineeringnews.co.za/article/solidarity-gears-up-for-lonmin-strike-2013-08-19,lonmin_only_title_review,manual_review_lonmin_only_low_case_signal,acquired_extracted,605,938cc080fd5f0ff94637d01f410c63ea00e7941dfba6f935d2ee09925dac035b,8,,0,strike;worker_miner;wage;union;protest_unrest,32,5,commission_inquiry,1,1,earnings_results;production_output,3,2,false,false,true,possible_substantive_case_context,Extracted text contains multiple labour/event or community/governance signals but lacks a high-specificity case term; direct substantive review is required.,,,
DISC-MEDIA-0659,Solidarity Rejects Lonmin Wage Offer,2013,2013-10-31,Engineering News,https://www.engineeringnews.co.za/article/solidarity-rejects-lonmin-wage-offer-2013-10-31,lonmin_only_title_review,manual_review_possible_case_signal,acquired_extracted,738,4329ea5198f6063820b30f22c96026a012ccfcce294cfebf571f29198a76e146,12,marikana,1,worker_miner;wage;union;protest_unrest,21,4,housing;justice_accountability,2,2,share_price;earnings_results;production_output;exploration_project,6,4,false,false,false,strong_case_context_supported,"A Marikana/Farlam/Wonderkop/Nkaneng/Bapo term is supported by event, labour, justice, community or governance context; the case term is not being treated as sufficient on its own.",,,
DISC-MEDIA-0660,Solidarity Requests Labour Court To Review Lonmins Withdrawal Of Solidaritys Rights Recognition,2017,2017-10-24,Engineering News,https://www.engineeringnews.co.za/article/solidarity-requests-labour-court-to-review-lonmins-withdrawal-of-solidaritys-rights-recognition-2017-10-24,lonmin_only_title_review,manual_review_lonmin_only_low_case_signal,acquired_extracted,708,a54f8afa677c6c574ccbfca9bb7c752e2c226cde2e2bc4673012a8de04df6b2b,14,,0,strike;worker_miner;union,12,3,commission_inquiry,1,1,earnings_results,2,1,false,false,false,possible_substantive_case_context,Extracted text contains multiple labour/event or community/governance signals but lacks a high-specificity case term; direct substantive review is required.,,,
DISC-MEDIA-0661,Solidarity Says Courts Ruling Against Amcu Agency Fee At Lonmin Is Victory For Workers,2019,2019-06-25,Engineering News,https://www.engineeringnews.co.za/article/solidarity-says-courts-ruling-against-amcu-agency-fee-at-lonmin-is-victory-for-workers-2019-06-25,lonmin_only_title_review,manual_review_possible_case_signal,acquired_extracted,606,f006782cfefc028a4cb26579796f2a51b5e980dbbbabf69cb4c80aed334af884,4,marikana,1,worker_miner;union,11,2,,0,0,earnings_results;transaction,3,2,false,false,true,strong_case_context_supported,"A Marikana/Farlam/Wonderkop/Nkaneng/Bapo term is supported by event, labour, justice, community or governance context; the case term is not being treated as sufficient on its own.",,,
DISC-MEDIA-0662,South Africa Must Prosecute 2012 Marikana Deaths Amnesty Says,2017,2017-08-15,Engineering News,https://www.engineeringnews.co.za/article/south-africa-must-prosecute-2012-marikana-deaths-amnesty-says-2017-08-15,explicit_case_title_review,priority_manual_review_case_signal,acquired_extracted,567,0517ccc652ca380fc268be9c470694b6aed34c903e573982baf5f2ef4d66f7fc,1,marikana;farlam,6,strike;worker_miner;police;shooting_death;protest_unrest,20,5,justice_accountability;commission_inquiry,8,2,earnings_results,2,1,false,false,true,strong_case_context_supported,"A Marikana/Farlam/Wonderkop/Nkaneng/Bapo term is supported by event, labour, justice, community or governance context; the case term is not being treated as sufficient on its own.",,,
DISC-MEDIA-0663,South Africa Must Prosecute 2012 Marikana Deaths Amnesty Says,2017,2017-08-25,Engineering News,https://www.engineeringnews.co.za/article/south-africa-must-prosecute-2012-marikana-deaths-amnesty-says-2017-08-25,explicit_case_title_review,priority_manual_review_case_signal,acquired_extracted,564,a92efaf5bfb02872212ad9418af467dc010f69b868c466f2a6d7489f1bf4e4a3,1,marikana;farlam,6,strike;worker_miner;police;shooting_death;protest_unrest,20,5,justice_accountability;commission_inquiry,8,2,earnings_results,2,1,false,false,true,strong_case_context_supported,"A Marikana/Farlam/Wonderkop/Nkaneng/Bapo term is supported by event, labour, justice, community or governance context; the case term is not being treated as sufficient on its own.",,,
DISC-MEDIA-0664,Streaming To Lower Debt Lonmin On A Knife Edge Zambian Mining Cries Out,2015,2015-11-13,Engineering News,https://www.engineeringnews.co.za/article/streaming-to-lower-debt-lonmin-on-a-knife-edge-zambian-mining-cries-out-2015-11-13,lonmin_only_title_review,manual_review_lonmin_only_low_case_signal,acquired_extracted,855,3f940c9b2b305b4a9db9009d7bea2bc9feeccd2360cd01bdd7cf00d0a67a6138,3,,0,worker_miner,1,1,,0,0,share_price;earnings_results;production_output;funding_debt;transaction;exploration_project,11,6,false,false,false,likely_routine_corporate_signal,Extracted text has multiple routine corporate/financial signals with weak case-event/community evidence; manual confirmation remains required.,,,
DISC-MEDIA-0665,Strike Hit Mothers Have No Food To Put On The Table Lonmin,2014,2014-04-03,Engineering News,https://www.engineeringnews.co.za/article/strike-hit-mothers-have-no-food-to-put-on-the-table-lonmin-2014-04-03,lonmin_only_title_review,manual_review_possible_case_signal,acquired_extracted,1286,bdde2146058551a3cb378e07c37702ea896f053309cfb27388040e0db5d90f9f,12,marikana,1,strike;worker_miner;police;shooting_death;wage;union;protest_unrest,42,7,community,1,1,earnings_results;production_output,8,2,false,false,true,strong_case_context_supported,"A Marikana/Farlam/Wonderkop/Nkaneng/Bapo term is supported by event, labour, justice, community or governance context; the case term is not being treated as sufficient on its own.",,,
DISC-MEDIA-0666,Strike Hit Mothers Have No Food To Put On The Table Lonmin,2014,2014-04-11,Engineering News,https://www.engineeringnews.co.za/article/strike-hit-mothers-have-no-food-to-put-on-the-table-lonmin-2014-04-11,lonmin_only_title_review,manual_review_possible_case_signal,acquired_extracted,1283,34c18bd062cc3bd3113f1f0145da97016fd9cb04f53ff1406e8ee76e87db89a5,12,marikana,1,strike;worker_miner;police;shooting_death;wage;union;protest_unrest,41,7,community,1,1,earnings_results;production_output,8,2,false,false,true,strong_case_context_supported,"A Marikana/Farlam/Wonderkop/Nkaneng/Bapo term is supported by event, labour, justice, community or governance context; the case term is not being treated as sufficient on its own.",,,
DISC-MEDIA-0667,Surviving On 3Oz Has Lonmin In Race Against Time,2017,2017-11-09,Engineering News,https://www.engineeringnews.co.za/article/surviving-on-3oz-has-lonmin-in-race-against-time-2017-11-09,lonmin_only_title_review,manual_review_possible_case_signal,acquired_extracted,1012,41a6ae4b755e25a371486f8c07291d1cd144bdba5ba32a4ad563eb62f3fa7549,15,marikana,1,strike;worker_miner;police;shooting_death,7,4,community,2,1,share_price;earnings_results;production_output;funding_debt;transaction;dividend_rights;exploration_project,22,7,false,false,false,strong_case_context_supported,"A Marikana/Farlam/Wonderkop/Nkaneng/Bapo term is supported by event, labour, justice, community or governance context; the case term is not being treated as sufficient on its own.",,,
DISC-MEDIA-0668,Thakadu To Build 14M Nickel Beneficiation Plant At Lonmin Refinery,2016,2016-11-16,Engineering News,https://www.engineeringnews.co.za/article/thakadu-to-build-14m-nickel-beneficiation-plant-at-lonmin-refinery-2016-11-16,lonmin_only_title_review,manual_review_lonmin_only_low_case_signal,acquired_extracted,863,d387b571d31ee1c39123a262e0f274aa081ce6b8321ddf8b812f32bcb67a0c1b,9,,0,,0,0,,0,0,earnings_results;production_output;funding_debt;transaction;exploration_project;commodity_market,21,6,false,false,false,likely_routine_corporate_signal,Extracted text has multiple routine corporate/financial signals with weak case-event/community evidence; manual confirmation remains required.,,,
DISC-MEDIA-0669,Thakadu To Build 14M Nickel Beneficiation Plant At Lonmin Refinery,2016,2016-11-25,Engineering News,https://www.engineeringnews.co.za/article/thakadu-to-build-14m-nickel-beneficiation-plant-at-lonmin-refinery-2016-11-25,lonmin_only_title_review,manual_review_lonmin_only_low_case_signal,acquired_extracted,810,ddc8804696e9f8cfa95a0ec2fb998eaa4e83b7dfc2ec7ad558b8bba2d71f4315,9,,0,,0,0,,0,0,earnings_results;production_output;funding_debt;transaction;exploration_project;commodity_market,21,6,false,false,false,likely_routine_corporate_signal,Extracted text has multiple routine corporate/financial signals with weak case-event/community evidence; manual confirmation remains required.,,,
DISC-MEDIA-0670,Tharisa Lonmin In Pgm Rich Metal Alloys Accord,2017,2017-08-31,Engineering News,https://www.engineeringnews.co.za/article/tharisa-lonmin-in-pgm-rich-metal-alloys-accord-2017-08-31,lonmin_only_title_review,manual_review_lonmin_only_low_case_signal,acquired_extracted,567,3571a059a490e98e73d9d0d37c315b48f64b3c905d6607853c9c7907238a310a,6,,0,,0,0,commission_inquiry,1,1,share_price;earnings_results;production_output;exploration_project,7,4,false,true,false,ambiguous_low_signal,Automated evidence signals are insufficient for a defensible inclusion/exclusion decision.,,,
DISC-MEDIA-0671,Top Sibanye Holders Are Said To Show Support For Lonmin Deal,2018,2018-09-03,Engineering News,https://www.engineeringnews.co.za/article/top-sibanye-holders-are-said-to-show-support-for-lonmin-deal-2018-09-03,lonmin_only_title_review,manual_review_lonmin_only_low_case_signal,acquired_extracted,801,fdf600d70f6f65ac22c5592905415e90b58d5603793c75226feed9e7167b3be1,9,,0,worker_miner,2,1,,0,0,share_price;earnings_results;funding_debt;transaction,12,4,false,false,false,likely_routine_corporate_signal,Extracted text has multiple routine corporate/financial signals with weak case-event/community evidence; manual confirmation remains required.,,,
DISC-MEDIA-0672,Transport Smme From Marikana Launches Road Safety Campaign,2023,2023-07-12,Engineering News,https://www.engineeringnews.co.za/article/transport-smme-from-marikana-launches-road-safety-campaign-2023-07-12,explicit_case_title_review,priority_manual_review_case_signal,acquired_extracted,775,ec26a02db97b0f00ab79600778dd570860be41b3f38f4b5d44773e6a31d479e3,0,marikana,2,,0,0,community,1,1,earnings_results;transaction;exploration_project,4,3,false,false,false,strong_case_context_supported,"A Marikana/Farlam/Wonderkop/Nkaneng/Bapo term is supported by event, labour, justice, community or governance context; the case term is not being treated as sufficient on its own.",,,
DISC-MEDIA-0673,Tremendous Prospects For Pgms Thanks To Green Tech Lonmin Ceo,2016,2016-02-24,Engineering News,https://www.engineeringnews.co.za/article/tremendous-prospects-for-pgms-thanks-to-green-tech-lonmin-ceo-2016-02-24,lonmin_only_title_review,manual_review_lonmin_only_low_case_signal,acquired_extracted,798,1e39534649d56caecdfd74fbdbb366284a75f0435ec33aff77263cf790d7457f,2,,0,,0,0,community,1,1,earnings_results;transaction,3,2,false,false,false,ambiguous_low_signal,Automated evidence signals are insufficient for a defensible inclusion/exclusion decision.,,,
DISC-MEDIA-0674,Tribunal Approves Sibanye Lonmin Merger Imposes 6 Month Moratorium On Retrenchments,2018,2018-11-21,Engineering News,https://www.engineeringnews.co.za/article/tribunal-approves-sibanye-lonmin-merger-imposes-6-month-moratorium-on-retrenchments-2018-11-21,lonmin_only_title_review,manual_review_lonmin_only_low_case_signal,acquired_extracted,616,dbaef47439d28cae9efb4d305cf48f3bb07a86db994590832329c689a695688f,8,,0,,0,0,commission_inquiry,1,1,earnings_results;transaction;commodity_market,5,3,false,true,false,ambiguous_low_signal,Automated evidence signals are insufficient for a defensible inclusion/exclusion decision.,,,
DISC-MEDIA-0675,Tribunal Approves Sibanye Lonmin Merger Imposes 6 Month Moratorium On Retrenchments,2018,2018-11-30,Engineering News,https://www.engineeringnews.co.za/article/tribunal-approves-sibanye-lonmin-merger-imposes-6-month-moratorium-on-retrenchments-2018-11-30,lonmin_only_title_review,manual_review_lonmin_only_low_case_signal,acquired_extracted,590,67d796a58364e2da164f7954c6149336e47fa4eba7493d5793957de860c1f9e1,8,,0,,0,0,commission_inquiry,1,1,earnings_results;transaction;commodity_market,5,3,false,true,false,ambiguous_low_signal,Automated evidence signals are insufficient for a defensible inclusion/exclusion decision.,,,
DISC-MEDIA-0676,Tribunal To Consider Sibanye Lonmin Merger At Oct 18 Hearing,2018,2018-10-09,Engineering News,https://www.engineeringnews.co.za/article/tribunal-to-consider-sibanye-lonmin-merger-at-oct-18-hearing-2018-10-09,lonmin_only_title_review,manual_review_lonmin_only_low_case_signal,acquired_extracted,477,beb4bca1828b22d263dae7dd7ea5e747fd2cc222bcd76149464596bf54072066,8,,0,worker_miner,1,1,commission_inquiry,1,1,share_price;earnings_results;transaction;commodity_market,11,4,false,true,false,ambiguous_low_signal,Automated evidence signals are insufficient for a defensible inclusion/exclusion decision.,,,
DISC-MEDIA-0677,Tribunal To Hold Sibanye Lonmin Merger Hearing Next Week,2018,2018-11-09,Engineering News,https://www.engineeringnews.co.za/article/tribunal-to-hold-sibanye-lonmin-merger-hearing-next-week-2018-11-09,lonmin_only_title_review,priority_manual_review_case_signal,acquired_extracted,721,558ebc1e1a59cbdd3ea2ce4874d8186db30837cbe44a1b3bdc0f2410d9cc354e,5,bapo,3,worker_miner;union,6,2,community;slp;commission_inquiry,14,3,earnings_results;transaction,11,2,false,true,false,strong_case_context_supported,"A Marikana/Farlam/Wonderkop/Nkaneng/Bapo term is supported by event, labour, justice, community or governance context; the case term is not being treated as sufficient on its own.",,,
DISC-MEDIA-0678,Uk Regulatory Body Approves Sibanyes Acquisition Of Lonmin,2018,2018-06-28,Engineering News,https://www.engineeringnews.co.za/article/uk-regulatory-body-approves-sibanyes-acquisition-of-lonmin-2018-06-28,lonmin_only_title_review,manual_review_lonmin_only_low_case_signal,acquired_extracted,516,c99bac44e1364177d488c0460d93e602bd5b8037be5ac41ed24db00d3ea6d021,6,,0,worker_miner,1,1,,0,0,share_price;earnings_results;transaction;commodity_market,11,4,false,true,false,strong_routine_corporate_signal,Title and extracted text are dominated by routine corporate/financial/production signals with no high-specificity case term and minimal labour/community event signal.,,,
DISC-MEDIA-0679,Union Puts Chamber On Spot Over Alleged Lonmin Breach,2013,2013-08-26,Engineering News,https://www.engineeringnews.co.za/article/union-puts-chamber-on-spot-over-alleged-lonmin-breach-2013-08-26,lonmin_only_title_review,manual_review_possible_case_signal,acquired_extracted,1381,d225c2977d242fb0c42c2f80c19371b8f70cc187672417d8114efa7b9c48f30d,26,marikana,1,strike;worker_miner;shooting_death;wage;union;protest_unrest,45,6,housing;slp;commission_inquiry,3,3,earnings_results;production_output;transaction,4,3,false,false,false,strong_case_context_supported,"A Marikana/Farlam/Wonderkop/Nkaneng/Bapo term is supported by event, labour, justice, community or governance context; the case term is not being treated as sufficient on its own.",,,
DISC-MEDIA-0680,Uphold Overwhelming Wish Of Workers To Return Pleads Lonmin,2014,2014-05-12,Engineering News,https://www.engineeringnews.co.za/article/uphold-overwhelming-wish-of-workers-to-return-pleads-lonmin-2014-05-12,lonmin_only_title_review,manual_review_possible_case_signal,acquired_extracted,1892,859d244d38e3256815c92143321e9398bf9bc96df08850fe5316813c35040a4a,15,marikana,1,strike;worker_miner;shooting_death;wage;union;protest_unrest,43,6,community;commission_inquiry,2,2,share_price;earnings_results;production_output;funding_debt;transaction;dividend_rights;commodity_market,23,7,false,false,true,strong_case_context_supported,"A Marikana/Farlam/Wonderkop/Nkaneng/Bapo term is supported by event, labour, justice, community or governance context; the case term is not being treated as sufficient on its own.",,,
DISC-MEDIA-0681,Violent Protestors Demand 1 500 New Jobs From Struggling Lonmin,2017,2017-05-11,Engineering News,https://www.engineeringnews.co.za/article/violent-protestors-demand-1-500-new-jobs-from-struggling-lonmin-2017-05-11,lonmin_only_title_review,priority_manual_review_case_signal,acquired_extracted,1163,9c5659618df18f9656e7fde276268faf89722620d155f4f2f9366b5c06c7e273,17,marikana;bapo,12,wage;union;protest_unrest,8,3,community;slp,14,2,share_price;earnings_results;commodity_market,9,3,false,false,false,strong_case_context_supported,"A Marikana/Farlam/Wonderkop/Nkaneng/Bapo term is supported by event, labour, justice, community or governance context; the case term is not being treated as sufficient on its own.",,,
DISC-MEDIA-0682,Walkabout Buys Lonmins Northern Ireland Exploration Portfolio,2017,2017-11-15,Engineering News,https://www.engineeringnews.co.za/article/walkabout-buys-lonmins-northern-ireland-exploration-portfolio-2017-11-15,lonmin_only_title_review,manual_review_lonmin_only_low_case_signal,acquired_extracted,589,4e9e16b7533fb0d482259bdc4d61baa575fdaf7fd8d69cdef4665b33b71a5414,5,,0,worker_miner,1,1,,0,0,earnings_results;production_output;transaction;exploration_project,21,4,false,false,false,likely_routine_corporate_signal,Extracted text has multiple routine corporate/financial signals with weak case-event/community evidence; manual confirmation remains required.,,,
DISC-MEDIA-0683,We Made Significant Progress In Marikana Says Lonmin,2018,2018-08-15,Engineering News,https://www.engineeringnews.co.za/article/we-made-significant-progress-in-marikana-says-lonmin-2018-08-15,explicit_case_title_review,priority_manual_review_case_signal,acquired_extracted,743,0286b2125915133685906c29bc058ea8e3002af6dd69e993d4a4d4395825002e,12,marikana,5,worker_miner;police;shooting_death;wage,11,4,housing;community;slp,13,3,earnings_results;commodity_market,3,2,false,false,false,strong_case_context_supported,"A Marikana/Farlam/Wonderkop/Nkaneng/Bapo term is supported by event, labour, justice, community or governance context; the case term is not being treated as sufficient on its own.",,,
DISC-MEDIA-0684,Weba Chutes Systems Secures Contract To Supply Chutes To Sibanye Stillwaters Marikana Operation,2023,2023-05-31,Engineering News,https://www.engineeringnews.co.za/article/weba-chutes-systems-secures-contract-to-supply-chutes-to-sibanye-stillwaters-marikana-operation-2023-05-31,explicit_case_title_review,priority_manual_review_case_signal,acquired_extracted,866,d3060099b5b1cbbc34b1d73f2a90dbc970fd61d5e75dcd639e340dc7d678df28,0,marikana,3,,0,0,,0,0,earnings_results;production_output;commodity_market,4,3,false,false,false,case_term_low_context_review,"A high-specificity place/case term occurs, but contextual evidence is too weak to distinguish substantive Marikana-case treatment from a place/project name or incidental historical reference.",,,
DISC-MEDIA-0685,Wesizwe Has Not Ruled Out Purchase Of Amplats Lonmin Implants Mines,2014,2014-05-30,Engineering News,https://www.engineeringnews.co.za/article/wesizwe-has-not-ruled-out-purchase-of-amplats-lonmin-implants-mines-2014-05-30,lonmin_only_title_review,manual_review_lonmin_only_low_case_signal,acquired_extracted,1077,9231ba0c61f0647d479307583c7215e31432494950983cfc66c32c2a4fe7a4e9,2,,0,worker_miner,1,1,,0,0,earnings_results;production_output;funding_debt;transaction;exploration_project;commodity_market,31,6,false,false,false,likely_routine_corporate_signal,Extracted text has multiple routine corporate/financial signals with weak case-event/community evidence; manual confirmation remains required.,,,
DISC-MEDIA-0686,Why Have The Police Learned Nothing From Marikana,2013,2013-08-16,Engineering News,https://www.engineeringnews.co.za/article/why-have-the-police-learned-nothing-from-marikana-2013-08-16,explicit_case_title_review,priority_manual_review_case_signal,acquired_extracted,1296,e1559b8ac1022ea50d66373ff76deac60fc4144dcf8f5e02f8244468076bf702,0,marikana,10,strike;worker_miner;police;shooting_death,62,4,justice_accountability;commission_inquiry,10,2,earnings_results,5,1,false,false,true,strong_case_context_supported,"A Marikana/Farlam/Wonderkop/Nkaneng/Bapo term is supported by event, labour, justice, community or governance context; the case term is not being treated as sufficient on its own.",,,
DISC-MEDIA-0687,Workers At Lonmin Operations On Wildcat Strike,2013,2013-05-14,Engineering News,https://www.engineeringnews.co.za/article/workers-at-lonmin-operations-on-wildcat-strike-2013-05-14,lonmin_only_title_review,manual_review_lonmin_only_low_case_signal,acquired_extracted,349,eea0ad6f90993ccbfd9f2147e4d3c3893319df6d23cfb9f6269a8b667c703c3a,3,,0,strike;worker_miner;shooting_death;union,11,4,,0,0,earnings_results,2,1,false,false,true,possible_substantive_case_context,Extracted text contains multiple labour/event or community/governance signals but lacks a high-specificity case term; direct substantive review is required.,,,
DISC-MEDIA-0688,Zuma Fast Tracks Compensation For Marikana Families,2015,2015-09-30,Engineering News,https://www.engineeringnews.co.za/article/zuma-fast-tracks-compensation-for-marikana-families-2015-09-30,explicit_case_title_review,priority_manual_review_case_signal,acquired_extracted,638,01d6b9b2dc137990498b554d889b20ab9971ed65bb39fd05f264211ab2ac76af,0,marikana,6,strike;worker_miner;police;shooting_death,14,4,justice_accountability;commission_inquiry,7,2,earnings_results,4,1,false,false,true,strong_case_context_supported,"A Marikana/Farlam/Wonderkop/Nkaneng/Bapo term is supported by event, labour, justice, community or governance context; the case term is not being treated as sufficient on its own.",,,
DISC-MEDIA-0689,Zuma Promises To Release Marikana Report,2015,2015-05-26,Engineering News,https://www.engineeringnews.co.za/article/zuma-promises-to-release-marikana-report-2015-05-26,explicit_case_title_review,priority_manual_review_case_signal,acquired_extracted,442,6ebe326f69b5dab321606a4dd5a739b049eb37d394b6312a9a47fbe97bef906f,0,marikana;farlam,6,strike;worker_miner;police;shooting_death,6,4,commission_inquiry,4,1,earnings_results,2,1,false,false,false,strong_case_context_supported,"A Marikana/Farlam/Wonderkop/Nkaneng/Bapo term is supported by event, labour, justice, community or governance context; the case term is not being treated as sufficient on its own.",,,
DISC-MEDIA-0690,Zuma Set To Release Marikana Report On Thursday,2015,2015-06-25,Engineering News,https://www.engineeringnews.co.za/article/zuma-set-to-release-marikana-report-on-thursday-2015-06-25,explicit_case_title_review,priority_manual_review_case_signal,acquired_extracted,430,5d4d31fd407be6d6326b7d95ea48caf6e42aad43c011ba77b5d91b5972be8017,0,marikana;farlam,4,strike;shooting_death,2,2,commission_inquiry,6,1,earnings_results,2,1,false,false,false,strong_case_context_supported,"A Marikana/Farlam/Wonderkop/Nkaneng/Bapo term is supported by event, labour, justice, community or governance context; the case term is not being treated as sufficient on its own.",,,
