candidate_id,publisher,url,canonical_url,year,title,prescreen_bucket,final_url,targeted_fetch_status,targeted_fetch_error,publication_date_from_url,retrieved_text_words,retrieved_text_sha256,retrieved_lonmin_mentions,retrieved_sibanye_mentions,case_terms,case_mentions_total,event_terms,event_mentions_total,event_distinct_terms,social_terms,social_mentions_total,social_distinct_terms,corporate_terms,corporate_mentions_total,corporate_distinct_terms,early_aug_oct_2012_window,title_has_routine_corporate_signal,title_has_case_process_signal,evidence_class,evidence_note,final_decision,final_reason_code,final_evidence_note
SEC-MEDIA-0001,Daily Maverick,https://www.dailymaverick.co.za/article/2012-10-15-down-with-amcu-and-malema-cosatu-and-mk-sing-from-the-same-song-sheet/,https://dailymaverick.co.za/article/2012-10-15-down-with-amcu-and-malema-cosatu-and-mk-sing-from-the-same-song-sheet,2012,Down With Amcu And Malema Cosatu And Mk Sing From The Same Song Sheet,secondary_keyword_only_review,https://www.dailymaverick.co.za/article/2012-10-15-down-with-amcu-and-malema-cosatu-and-mk-sing-from-the-same-song-sheet/,retrieved_extracted,,2012-10-15,871,c7cac2e941e12ec09829f61f3676b0bb247bc3d95968f5fb358917ad06f1aada,0,0,marikana,4,strike;worker_miner;police;shooting_death;union,33,5,,0,0,,0,0,true,false,true,strong_case_context_supported,Body contains a high-specificity Marikana case term reinforced by labour/event/social/governance context.,,,
SEC-MEDIA-0002,Daily Maverick,https://www.dailymaverick.co.za/article/2013-01-18-amcu-the-champion-of-nationalisation-sort-of/,https://dailymaverick.co.za/article/2013-01-18-amcu-the-champion-of-nationalisation-sort-of,2013,Amcu The Champion Of Nationalisation Sort Of,secondary_keyword_only_review,https://www.dailymaverick.co.za/article/2013-01-18-amcu-the-champion-of-nationalisation-sort-of/,retrieved_extracted,,2013-01-18,1045,80e18065115f3ec576acda8d3c345d4cf925e32479d9b6419340e6c8dab66af1,0,0,marikana,1,strike;worker_miner;shooting_death;union;protest_unrest,37,5,commission_inquiry,1,1,transaction;exploration_project,3,2,false,false,true,strong_case_context_supported,Body contains a high-specificity Marikana case term reinforced by labour/event/social/governance context.,,,
SEC-MEDIA-0003,Daily Maverick,https://www.dailymaverick.co.za/article/2013-02-20-rustenburg-amcu-and-num-call-a-truce-for-now/,https://dailymaverick.co.za/article/2013-02-20-rustenburg-amcu-and-num-call-a-truce-for-now,2013,Rustenburg Amcu And Num Call A Truce For Now,secondary_keyword_only_review,https://www.dailymaverick.co.za/article/2013-02-20-rustenburg-amcu-and-num-call-a-truce-for-now/,retrieved_extracted,,2013-02-20,1275,9e0f739cb9585507147798b32cc12c4eccaa08f82dbcf1054529539e4452250f,1,0,marikana,4,strike;worker_miner;police;shooting_death;wage;union;protest_unrest,81,7,commission_inquiry,2,1,earnings_results,1,1,false,false,true,strong_case_context_supported,Body contains a high-specificity Marikana case term reinforced by labour/event/social/governance context.,,,
SEC-MEDIA-0004,Daily Maverick,https://www.dailymaverick.co.za/article/2013-04-09-the-numamcu-cold-war-moves-to-bargaining-councils/,https://dailymaverick.co.za/article/2013-04-09-the-numamcu-cold-war-moves-to-bargaining-councils,2013,The Numamcu Cold War Moves To Bargaining Councils,secondary_keyword_only_review,https://www.dailymaverick.co.za/article/2013-04-09-the-numamcu-cold-war-moves-to-bargaining-councils/,retrieved_extracted,,2013-04-09,1109,1ad98502f846ee3bae7aefbf8b33faa6d940336d48be662206ed9143b93045d3,6,0,marikana,5,strike;worker_miner;police;shooting_death;wage;union;protest_unrest,79,7,commission_inquiry,3,1,transaction,1,1,false,false,false,strong_case_context_supported,Body contains a high-specificity Marikana case term reinforced by labour/event/social/governance context.,,,
SEC-MEDIA-0005,Daily Maverick,https://www.dailymaverick.co.za/article/2013-05-14-negotiating-season-amcus-headache-mathunjwas-migraine/,https://dailymaverick.co.za/article/2013-05-14-negotiating-season-amcus-headache-mathunjwas-migraine,2013,Negotiating Season Amcus Headache Mathunjwas Migraine,secondary_keyword_only_review,https://www.dailymaverick.co.za/article/2013-05-14-negotiating-season-amcus-headache-mathunjwas-migraine/,retrieved_extracted,,2013-05-14,1281,0c658ab76a08d742469b0abebee453e87bbe214a0138a26101ac017b06ba4a1a,2,0,marikana,5,strike;worker_miner;police;shooting_death;wage;union;protest_unrest,31,7,justice_accountability,1,1,share_price,1,1,false,false,false,strong_case_context_supported,Body contains a high-specificity Marikana case term reinforced by labour/event/social/governance context.,,,
SEC-MEDIA-0006,Daily Maverick,https://www.dailymaverick.co.za/article/2013-05-17-anglo-platinum-strike-still-looms/,https://dailymaverick.co.za/article/2013-05-17-anglo-platinum-strike-still-looms,2013,Anglo Platinum Strike Still Looms,secondary_keyword_only_review,https://www.dailymaverick.co.za/article/2013-05-17-anglo-platinum-strike-still-looms/,retrieved_extracted,,2013-05-17,1864,162c201230f041b094d3c1b4b92bf5f9654a5881c5c096cc402240530d4f22e2,0,0,marikana,1,strike;worker_miner;wage;union;protest_unrest,53,5,housing;community,10,2,earnings_results;funding_debt;transaction;exploration_project;commodity_market,19,5,false,false,true,strong_case_context_supported,Body contains a high-specificity Marikana case term reinforced by labour/event/social/governance context.,,,
SEC-MEDIA-0007,Daily Maverick,https://www.dailymaverick.co.za/article/2013-07-04-agreement-for-a-sustainable-mining-industry-amcu-needs-more-time/,https://dailymaverick.co.za/article/2013-07-04-agreement-for-a-sustainable-mining-industry-amcu-needs-more-time,2013,Agreement For A Sustainable Mining Industry Amcu Needs More Time,secondary_keyword_only_review,https://www.dailymaverick.co.za/article/2013-07-04-agreement-for-a-sustainable-mining-industry-amcu-needs-more-time/,retrieved_extracted,,2013-07-04,1053,b100cf746a40cddf01af16dc4fa9ea310d0b7fc3e40fe68d8cc7af004dc89faf,3,0,marikana,1,worker_miner;police;wage;union,37,4,housing,1,1,earnings_results,1,1,false,false,true,strong_case_context_supported,Body contains a high-specificity Marikana case term reinforced by labour/event/social/governance context.,,,
SEC-MEDIA-0008,Daily Maverick,https://www.dailymaverick.co.za/article/2013-09-05-all-that-glitters-compromises-in-gold-strike-amcu-claims-conspiracy/,https://dailymaverick.co.za/article/2013-09-05-all-that-glitters-compromises-in-gold-strike-amcu-claims-conspiracy,2013,All That Glitters Compromises In Gold Strike Amcu Claims Conspiracy,secondary_keyword_only_review,https://www.dailymaverick.co.za/article/2013-09-05-all-that-glitters-compromises-in-gold-strike-amcu-claims-conspiracy/,retrieved_extracted,,2013-09-05,1053,00c2d45cfd44aac94504c0b443e65767aa3a7cc31d8d540da43a6629af2033dd,1,1,,0,strike;worker_miner;shooting_death;wage;union;protest_unrest,66,6,housing,2,1,production_output;exploration_project,2,2,false,false,true,possible_lonmin_substantive_context,Lonmin appears with labour/event/social/governance signals; direct substantive review is required.,,,
SEC-MEDIA-0009,Daily Maverick,https://www.dailymaverick.co.za/article/2013-10-01-num-amcu-resist-amplats-dismissals/,https://dailymaverick.co.za/article/2013-10-01-num-amcu-resist-amplats-dismissals,2013,Num Amcu Resist Amplats Dismissals,secondary_keyword_only_review,https://www.dailymaverick.co.za/article/2013-10-01-num-amcu-resist-amplats-dismissals/,retrieved_extracted,,2013-10-01,788,a0c3e8277a2eac23070ce49154e2d8728592176a1a39b45350a52bdf20e92522,0,0,,0,strike;worker_miner;wage;union;protest_unrest,32,5,housing,1,1,share_price;production_output;commodity_market,5,3,false,false,true,no_case_anchor,"Extracted article text contains no Marikana, Lonmin or Sibanye anchor.",,,
SEC-MEDIA-0010,Daily Maverick,https://www.dailymaverick.co.za/article/2014-01-14-platinum-politics-under-pressure-to-deliver-amcu-shifts-to-damage-control/,https://dailymaverick.co.za/article/2014-01-14-platinum-politics-under-pressure-to-deliver-amcu-shifts-to-damage-control,2014,Platinum Politics Under Pressure To Deliver Amcu Shifts To Damage Control,secondary_keyword_only_review,https://www.dailymaverick.co.za/article/2014-01-14-platinum-politics-under-pressure-to-deliver-amcu-shifts-to-damage-control/,retrieved_extracted,,2014-01-14,772,0182ab0f638873707bbc98f6ed9475bac76980b9d803c1a70408a07faae2952d,2,0,marikana,1,strike;worker_miner;shooting_death;wage;union,69,5,community,1,1,production_output,1,1,false,false,true,strong_case_context_supported,Body contains a high-specificity Marikana case term reinforced by labour/event/social/governance context.,,,
SEC-MEDIA-0011,Daily Maverick,https://www.dailymaverick.co.za/article/2014-01-22-platinum-strikes-to-amcu-its-about-more-than-just-the-money/,https://dailymaverick.co.za/article/2014-01-22-platinum-strikes-to-amcu-its-about-more-than-just-the-money,2014,Platinum Strikes To Amcu Its About More Than Just The Money,secondary_keyword_only_review,https://www.dailymaverick.co.za/article/2014-01-22-platinum-strikes-to-amcu-its-about-more-than-just-the-money/,retrieved_extracted,,2014-01-22,1086,74db8acec234148f8599ccc45167f8183b57d98e421d3a39feeb53e016191b7d,1,0,,0,strike;worker_miner;wage;union;protest_unrest,77,5,community,3,1,production_output;funding_debt,2,2,false,false,true,possible_lonmin_substantive_context,Lonmin appears with labour/event/social/governance signals; direct substantive review is required.,,,
SEC-MEDIA-0012,Daily Maverick,https://www.dailymaverick.co.za/article/2014-01-30-amcu-holds-firm-on-platinum-strike/,https://dailymaverick.co.za/article/2014-01-30-amcu-holds-firm-on-platinum-strike,2014,Amcu Holds Firm On Platinum Strike,secondary_keyword_only_review,https://www.dailymaverick.co.za/article/2014-01-30-amcu-holds-firm-on-platinum-strike/,retrieved_extracted,,2014-01-30,879,4c3bd7e93950d8759c08af5c250fd77686546eefa3dde8910e2b469857deb740,2,1,marikana,2,strike;worker_miner;shooting_death;wage;union,59,5,justice_accountability;commission_inquiry,2,2,production_output;exploration_project,2,2,false,false,true,strong_case_context_supported,Body contains a high-specificity Marikana case term reinforced by labour/event/social/governance context.,,,
SEC-MEDIA-0013,Daily Maverick,https://www.dailymaverick.co.za/article/2014-03-06-platinum-strike-the-negotiation-tables-depressing-emptiness/,https://dailymaverick.co.za/article/2014-03-06-platinum-strike-the-negotiation-tables-depressing-emptiness,2014,Platinum Strike The Negotiation Tables Depressing Emptiness,secondary_keyword_only_review,https://www.dailymaverick.co.za/article/2014-03-06-platinum-strike-the-negotiation-tables-depressing-emptiness/,retrieved_extracted,,2014-03-06,786,6413442b9e906351aaf031671410ee85ec44d44dbca04274b911333c143579d4,1,0,marikana,1,strike;worker_miner;police;shooting_death;wage;union;protest_unrest,43,7,housing;justice_accountability;commission_inquiry,3,3,earnings_results;production_output,3,2,false,false,true,strong_case_context_supported,Body contains a high-specificity Marikana case term reinforced by labour/event/social/governance context.,,,
SEC-MEDIA-0014,Daily Maverick,https://www.dailymaverick.co.za/article/2014-03-07-in-pictures-amcu-takes-to-the-union-buildings/,https://dailymaverick.co.za/article/2014-03-07-in-pictures-amcu-takes-to-the-union-buildings,2014,In Pictures Amcu Takes To The Union Buildings,secondary_keyword_only_review,https://www.dailymaverick.co.za/article/2014-03-07-in-pictures-amcu-takes-to-the-union-buildings/,retrieved_extracted,,2014-03-07,285,a324a3704b1d08283ff9c250b2daf2c84f765a024ea0b4c7a61dff0c6e20e5a9,1,0,,0,worker_miner;police;wage;union;protest_unrest,23,5,,0,0,,0,0,false,false,true,possible_lonmin_substantive_context,Lonmin appears with labour/event/social/governance signals; direct substantive review is required.,,,
SEC-MEDIA-0015,Daily Maverick,https://www.dailymaverick.co.za/article/2014-03-11-amcus-mathunjwa-last-six-weeks-of-platinum-strike-was-like-a-warm-up/,https://dailymaverick.co.za/article/2014-03-11-amcus-mathunjwa-last-six-weeks-of-platinum-strike-was-like-a-warm-up,2014,Amcus Mathunjwa Last Six Weeks Of Platinum Strike Was Like A Warm Up,secondary_keyword_only_review,https://www.dailymaverick.co.za/article/2014-03-11-amcus-mathunjwa-last-six-weeks-of-platinum-strike-was-like-a-warm-up/,retrieved_extracted,,2014-03-11,1539,a942119b93d1efc95cee634607f494421a75997cd8e222b1ede2ecd9115afd9a,4,0,marikana,2,strike;worker_miner;police;shooting_death;wage;union;protest_unrest,88,7,housing;community;commission_inquiry,5,3,earnings_results;funding_debt;transaction,5,3,false,false,true,strong_case_context_supported,Body contains a high-specificity Marikana case term reinforced by labour/event/social/governance context.,,,
SEC-MEDIA-0016,Daily Maverick,https://www.dailymaverick.co.za/article/2014-03-19-amcu-takes-platinum-fight-to-heart-of-amplats/,https://dailymaverick.co.za/article/2014-03-19-amcu-takes-platinum-fight-to-heart-of-amplats,2014,Amcu Takes Platinum Fight To Heart Of Amplats,secondary_keyword_only_review,https://www.dailymaverick.co.za/article/2014-03-19-amcu-takes-platinum-fight-to-heart-of-amplats/,retrieved_extracted,,2014-03-19,1545,8f292d81c1edb6457bda48af2aed08992bb5a1b76f2769eb7f44f3229f8f2d75,1,0,marikana;farlam,3,strike;worker_miner;police;shooting_death;wage;union;protest_unrest,63,7,housing,3,1,earnings_results;exploration_project,3,2,false,false,true,strong_case_context_supported,Body contains a high-specificity Marikana case term reinforced by labour/event/social/governance context.,,,
SEC-MEDIA-0017,Daily Maverick,https://www.dailymaverick.co.za/article/2014-03-26-platinum-strikes-two-months-into-starving-negotiations/,https://dailymaverick.co.za/article/2014-03-26-platinum-strikes-two-months-into-starving-negotiations,2014,Platinum Strikes Two Months Into Starving Negotiations,secondary_keyword_only_review,https://www.dailymaverick.co.za/article/2014-03-26-platinum-strikes-two-months-into-starving-negotiations/,retrieved_extracted,,2014-03-26,1089,00b73222887213b0cf10880039f59792437f0acfa385f51935887e0813d08943,3,0,marikana,1,strike;worker_miner;police;wage;union;protest_unrest,34,6,housing,2,1,share_price;earnings_results;production_output,5,3,false,false,false,strong_case_context_supported,Body contains a high-specificity Marikana case term reinforced by labour/event/social/governance context.,,,
SEC-MEDIA-0018,Daily Maverick,https://www.dailymaverick.co.za/article/2014-04-04-platinum-strike-miners-share-their-ordeal/,https://dailymaverick.co.za/article/2014-04-04-platinum-strike-miners-share-their-ordeal,2014,Platinum Strike Miners Share Their Ordeal,secondary_keyword_only_review,https://www.dailymaverick.co.za/article/2014-04-04-platinum-strike-miners-share-their-ordeal/,retrieved_extracted,,2014-04-04,1172,b24ce1e46c4c35f0ae6004a79aecaa0df4d91d90f2dcc9e42176132ace6406a2,4,0,marikana,1,strike;worker_miner;shooting_death;wage;union,39,5,,0,0,share_price;funding_debt,5,2,false,false,true,strong_case_context_supported,Body contains a high-specificity Marikana case term reinforced by labour/event/social/governance context.,,,
SEC-MEDIA-0019,Daily Maverick,https://www.dailymaverick.co.za/article/2014-04-23-platinum-strikes-discussions-to-determine-platinum-belt-amcus-future/,https://dailymaverick.co.za/article/2014-04-23-platinum-strikes-discussions-to-determine-platinum-belt-amcus-future,2014,Platinum Strikes Discussions To Determine Platinum Belt Amcus Future,secondary_keyword_only_review,https://www.dailymaverick.co.za/article/2014-04-23-platinum-strikes-discussions-to-determine-platinum-belt-amcus-future/,retrieved_extracted,,2014-04-23,1111,9991ae6a4b1843461beeecae98fe7760463144318b2c3b43c6fb8787eaa8854a,2,0,,0,strike;worker_miner;police;wage;union;protest_unrest,58,6,community;commission_inquiry,2,2,share_price;earnings_results,2,2,false,false,false,possible_lonmin_substantive_context,Lonmin appears with labour/event/social/governance signals; direct substantive review is required.,,,
SEC-MEDIA-0020,Daily Maverick,https://www.dailymaverick.co.za/article/2014-05-20-platinum-strikes-lets-see-yo-cards-boys/,https://dailymaverick.co.za/article/2014-05-20-platinum-strikes-lets-see-yo-cards-boys,2014,Platinum Strikes Lets See Yo Cards Boys,secondary_keyword_only_review,https://www.dailymaverick.co.za/article/2014-05-20-platinum-strikes-lets-see-yo-cards-boys/,retrieved_extracted,,2014-05-20,1073,90ed97d85e91bb271b2efba527a4dfacad7947eb6d278d3a26b010c2c46af9b1,8,0,marikana,4,strike;worker_miner;police;shooting_death;wage;union;protest_unrest,60,7,community;commission_inquiry,4,2,,0,0,false,false,false,strong_case_context_supported,Body contains a high-specificity Marikana case term reinforced by labour/event/social/governance context.,,,
SEC-MEDIA-0021,Daily Maverick,https://www.dailymaverick.co.za/article/2014-05-27-platinum-strikes-hope-for-the-next-step-but-which-way/,https://dailymaverick.co.za/article/2014-05-27-platinum-strikes-hope-for-the-next-step-but-which-way,2014,Platinum Strikes Hope For The Next Step But Which Way,secondary_keyword_only_review,https://www.dailymaverick.co.za/article/2014-05-27-platinum-strikes-hope-for-the-next-step-but-which-way/,retrieved_extracted,,2014-05-27,1210,4dd818dff759df97c6b042642c6b17446bbff90b6e5cd1846c65a4cc67e8117c,3,0,marikana;wonderkop,5,strike;worker_miner;wage;union;protest_unrest,38,5,housing;community,5,2,earnings_results;exploration_project,3,2,false,false,false,strong_case_context_supported,Body contains a high-specificity Marikana case term reinforced by labour/event/social/governance context.,,,
SEC-MEDIA-0022,Daily Maverick,https://www.dailymaverick.co.za/article/2014-06-02-platinum-strikes-the-battle-intensifies/,https://dailymaverick.co.za/article/2014-06-02-platinum-strikes-the-battle-intensifies,2014,Platinum Strikes The Battle Intensifies,secondary_keyword_only_review,https://www.dailymaverick.co.za/article/2014-06-02-platinum-strikes-the-battle-intensifies/,retrieved_extracted,,2014-06-02,1214,c93b1611df42acccf293707e9537137c57ef8120c4cd8acef5d6cdc345e8f79d,3,0,marikana;farlam,3,strike;worker_miner;shooting_death;wage;union;protest_unrest,27,6,housing;commission_inquiry,2,2,earnings_results;transaction;commodity_market,23,3,false,false,false,strong_case_context_supported,Body contains a high-specificity Marikana case term reinforced by labour/event/social/governance context.,,,
SEC-MEDIA-0023,Daily Maverick,https://www.dailymaverick.co.za/article/2014-06-06-numsa-amcu-and-the-portent-of-strike-stricken-economy/,https://dailymaverick.co.za/article/2014-06-06-numsa-amcu-and-the-portent-of-strike-stricken-economy,2014,Numsa Amcu And The Portent Of Strike Stricken Economy,secondary_keyword_only_review,https://www.dailymaverick.co.za/article/2014-06-06-numsa-amcu-and-the-portent-of-strike-stricken-economy/,retrieved_extracted,,2014-06-06,899,a188c596c25367c227d451f573da17308bda969ebb675adcabaa2184579fd176,0,0,,0,strike;worker_miner;wage;union,49,4,,0,0,funding_debt,1,1,false,false,true,no_case_anchor,"Extracted article text contains no Marikana, Lonmin or Sibanye anchor.",,,
SEC-MEDIA-0024,Daily Maverick,https://www.dailymaverick.co.za/article/2014-06-09-amcu-strike-ramathlodis-platinum-team-fizzles/,https://dailymaverick.co.za/article/2014-06-09-amcu-strike-ramathlodis-platinum-team-fizzles,2014,Amcu Strike Ramathlodis Platinum Team Fizzles,secondary_keyword_only_review,https://www.dailymaverick.co.za/article/2014-06-09-amcu-strike-ramathlodis-platinum-team-fizzles/,retrieved_extracted,,2014-06-09,1439,9974ccb5079938b5cb9601a86494e383b95234dd9d8babefd61797b4a17c7ee1,1,0,marikana,1,strike;worker_miner;shooting_death;wage;union,38,5,community,2,1,share_price;earnings_results;transaction,10,3,false,false,true,strong_case_context_supported,Body contains a high-specificity Marikana case term reinforced by labour/event/social/governance context.,,,
SEC-MEDIA-0025,Daily Maverick,https://www.dailymaverick.co.za/article/2014-06-09-platinum-strike-ramatlhodi-out-no-end-in-sight-whats-next/,https://dailymaverick.co.za/article/2014-06-09-platinum-strike-ramatlhodi-out-no-end-in-sight-whats-next,2014,Platinum Strike Ramatlhodi Out No End In Sight Whats Next,secondary_keyword_only_review,https://www.dailymaverick.co.za/article/2014-06-09-platinum-strike-ramatlhodi-out-no-end-in-sight-whats-next/,retrieved_extracted,,2014-06-09,964,8513ef6c58b431f4fea691ee05dc665a6a3da9ed2a883644301059169e69477c,2,0,marikana,2,strike;worker_miner;wage;union,34,4,housing;community,4,2,,0,0,false,false,true,strong_case_context_supported,Body contains a high-specificity Marikana case term reinforced by labour/event/social/governance context.,,,
SEC-MEDIA-0026,Daily Maverick,https://www.dailymaverick.co.za/article/2014-06-11-platinum-strike-mining-minister-claims-hollow-victory/,https://dailymaverick.co.za/article/2014-06-11-platinum-strike-mining-minister-claims-hollow-victory,2014,Platinum Strike Mining Minister Claims Hollow Victory,secondary_keyword_only_review,https://www.dailymaverick.co.za/article/2014-06-11-platinum-strike-mining-minister-claims-hollow-victory/,retrieved_extracted,,2014-06-11,1173,a86656c10b1076db0d90c3656f3f8eda59e2a447082c4a2ab9da2681af631673,2,0,marikana,1,strike;worker_miner;wage;union;protest_unrest,37,5,housing;community;commission_inquiry,6,3,transaction,1,1,false,false,true,strong_case_context_supported,Body contains a high-specificity Marikana case term reinforced by labour/event/social/governance context.,,,
SEC-MEDIA-0027,Daily Maverick,https://www.dailymaverick.co.za/article/2014-06-11-platinum-strike-wages-politics-and-the-ancs-false-boogeymen/,https://dailymaverick.co.za/article/2014-06-11-platinum-strike-wages-politics-and-the-ancs-false-boogeymen,2014,Platinum Strike Wages Politics And The Ancs False Boogeymen,secondary_keyword_only_review,https://www.dailymaverick.co.za/article/2014-06-11-platinum-strike-wages-politics-and-the-ancs-false-boogeymen/,retrieved_extracted,,2014-06-11,1143,1eb83bd9cfafca80f1d319c7c8b46c347ce2090d4db029f4638ea3dfe48fb03e,1,0,marikana;farlam,4,strike;worker_miner;shooting_death;wage;union;protest_unrest,48,6,commission_inquiry,2,1,,0,0,false,false,true,strong_case_context_supported,Body contains a high-specificity Marikana case term reinforced by labour/event/social/governance context.,,,
SEC-MEDIA-0028,Daily Maverick,https://www.dailymaverick.co.za/article/2014-06-12-platinum-strike-never-ending-story-set-to-end/,https://dailymaverick.co.za/article/2014-06-12-platinum-strike-never-ending-story-set-to-end,2014,Platinum Strike Never Ending Story Set To End,secondary_keyword_only_review,https://www.dailymaverick.co.za/article/2014-06-12-platinum-strike-never-ending-story-set-to-end/,retrieved_extracted,,2014-06-12,888,d586e987bd7a29581e41e7e0c5d1eee4a998aa31197667600364145135cf4e41,1,0,marikana;wonderkop,4,strike;worker_miner;wage;union,31,4,community,1,1,earnings_results;funding_debt,2,2,false,false,true,strong_case_context_supported,Body contains a high-specificity Marikana case term reinforced by labour/event/social/governance context.,,,
SEC-MEDIA-0029,Daily Maverick,https://www.dailymaverick.co.za/article/2014-06-23-platinum-strike-no-more-after-losing-r10-6-billion-in-wages-miners-claim-victory/,https://dailymaverick.co.za/article/2014-06-23-platinum-strike-no-more-after-losing-r10-6-billion-in-wages-miners-claim-victory,2014,Platinum Strike No More After Losing R10 6 Billion In Wages Miners Claim Victory,secondary_keyword_only_review,https://www.dailymaverick.co.za/article/2014-06-23-platinum-strike-no-more-after-losing-r10-6-billion-in-wages-miners-claim-victory/,retrieved_extracted,,2014-06-23,1252,559a2657ffa189e849f5c673567844bf0e4c008c2c94a8c927ce46284e29bc1b,1,1,marikana,1,strike;worker_miner;shooting_death;wage;union,55,5,housing,1,1,earnings_results;transaction,3,2,false,false,true,strong_case_context_supported,Body contains a high-specificity Marikana case term reinforced by labour/event/social/governance context.,,,
SEC-MEDIA-0030,Daily Maverick,https://www.dailymaverick.co.za/article/2014-06-27-groundup-who-won-the-platinum-strike-the-figures-speak./,https://dailymaverick.co.za/article/2014-06-27-groundup-who-won-the-platinum-strike-the-figures-speak.,2014,Groundup Who Won The Platinum Strike The Figures Speak.,secondary_keyword_only_review,https://www.dailymaverick.co.za/article/2014-06-27-groundup-who-won-the-platinum-strike-the-figures-speak./,retrieved_extracted,,2014-06-27,2015,e4d98e7d1816daa26a2066fd5a5d1d44342fabf08e32e3a68d3d8d520594a97d,2,0,,0,strike;worker_miner;wage;union,75,4,,0,0,earnings_results;exploration_project;commodity_market,3,3,false,false,true,possible_lonmin_substantive_context,Lonmin appears with labour/event/social/governance signals; direct substantive review is required.,,,
SEC-MEDIA-0031,Daily Maverick,https://www.dailymaverick.co.za/article/2014-06-29-op-ed-amcu-victory-is-more-than-just-about-the-figures/,https://dailymaverick.co.za/article/2014-06-29-op-ed-amcu-victory-is-more-than-just-about-the-figures,2014,Op Ed Amcu Victory Is More Than Just About The Figures,secondary_keyword_only_review,https://www.dailymaverick.co.za/article/2014-06-29-op-ed-amcu-victory-is-more-than-just-about-the-figures/,retrieved_extracted,,2014-06-29,774,d8ef92c43450f831714215cc84cc1a8fa2e30e342e4ccef51d2d143eeeae84d5,1,0,marikana,2,strike;worker_miner;shooting_death;wage;union,48,5,,0,0,earnings_results;exploration_project,4,2,false,false,true,strong_case_context_supported,Body contains a high-specificity Marikana case term reinforced by labour/event/social/governance context.,,,
SEC-MEDIA-0032,Daily Maverick,https://www.dailymaverick.co.za/article/2015-03-10-sibanye-golds-hlanganani-shaft-going-deep-into-the-heart-of-the-economy/,https://dailymaverick.co.za/article/2015-03-10-sibanye-golds-hlanganani-shaft-going-deep-into-the-heart-of-the-economy,2015,Sibanye Golds Hlanganani Shaft Going Deep Into The Heart Of The Economy,secondary_keyword_only_review,https://www.dailymaverick.co.za/article/2015-03-10-sibanye-golds-hlanganani-shaft-going-deep-into-the-heart-of-the-economy/,retrieved_extracted,,2015-03-10,1506,2c88f1a54654e5d09f7ade90830364474c10eddba2e7c28303619b09f21bca14,0,10,,0,strike;worker_miner;wage;union,13,4,community,5,1,share_price;production_output;dividend_rights;exploration_project,17,4,false,false,false,sibanye_context_without_case_anchor_review,Sibanye appears with labour/social context but no Marikana/Lonmin anchor; review before exclusion.,,,
SEC-MEDIA-0033,Daily Maverick,https://www.dailymaverick.co.za/article/2015-03-16-mining-and-money-sibanyes-struggle-to-avoid-a-repeat-of-history/,https://dailymaverick.co.za/article/2015-03-16-mining-and-money-sibanyes-struggle-to-avoid-a-repeat-of-history,2015,Mining And Money Sibanyes Struggle To Avoid A Repeat Of History,secondary_keyword_only_review,https://www.dailymaverick.co.za/article/2015-03-16-mining-and-money-sibanyes-struggle-to-avoid-a-repeat-of-history/,retrieved_extracted,,2015-03-16,1423,0d27e12347a93221325b338db570d7eb2d06594b88ffc8434a602080394cecbf,2,13,marikana,5,worker_miner;shooting_death;wage;union;protest_unrest,49,5,housing;community;commission_inquiry,10,3,share_price;earnings_results;funding_debt,12,3,false,false,false,strong_case_context_supported,Body contains a high-specificity Marikana case term reinforced by labour/event/social/governance context.,,,
SEC-MEDIA-0034,Daily Maverick,https://www.dailymaverick.co.za/article/2015-09-10-mining-sibanye-goes-platinum-but-can-they-make-it-work/,https://dailymaverick.co.za/article/2015-09-10-mining-sibanye-goes-platinum-but-can-they-make-it-work,2015,Mining Sibanye Goes Platinum But Can They Make It Work,secondary_keyword_only_review,https://www.dailymaverick.co.za/article/2015-09-10-mining-sibanye-goes-platinum-but-can-they-make-it-work/,retrieved_extracted,,2015-09-10,888,97ae8937800f589133ec50481dc2863ae1891d217cc139e130684a4d12b40f79,0,12,,0,worker_miner;wage;union,10,3,community;commission_inquiry,2,2,share_price;earnings_results;production_output;funding_debt;transaction;commodity_market,19,6,false,false,false,sibanye_context_without_case_anchor_review,Sibanye appears with labour/social context but no Marikana/Lonmin anchor; review before exclusion.,,,
SEC-MEDIA-0035,Daily Maverick,https://www.dailymaverick.co.za/article/2018-02-07-trapped-miners-at-gauteng-sibanye-stillwater-gold-mine-confirmed-dead/,https://dailymaverick.co.za/article/2018-02-07-trapped-miners-at-gauteng-sibanye-stillwater-gold-mine-confirmed-dead,2018,Trapped Miners At Gauteng Sibanye Stillwater Gold Mine Confirmed Dead,secondary_keyword_only_review,https://www.dailymaverick.co.za/article/2018-02-07-trapped-miners-at-gauteng-sibanye-stillwater-gold-mine-confirmed-dead/,retrieved_extracted,,2018-02-07,112,d18efcfe78413829504596b339719576c632850899ac85e749d3ffdf0d4464c6,0,2,,0,worker_miner;shooting_death,4,2,,0,0,,0,0,false,false,true,sibanye_context_without_case_anchor_review,Sibanye appears with labour/social context but no Marikana/Lonmin anchor; review before exclusion.,,,
SEC-MEDIA-0036,Daily Maverick,https://www.dailymaverick.co.za/article/2018-04-04-op-ed-amcu-supports-the-need-to-move-rapidly-to-a-low-carbon-economy/,https://dailymaverick.co.za/article/2018-04-04-op-ed-amcu-supports-the-need-to-move-rapidly-to-a-low-carbon-economy,2018,Op Ed Amcu Supports The Need To Move Rapidly To A Low Carbon Economy,secondary_keyword_only_review,https://www.dailymaverick.co.za/article/2018-04-04-op-ed-amcu-supports-the-need-to-move-rapidly-to-a-low-carbon-economy/,retrieved_extracted,,2018-04-04,898,c9a016c378aa2650516b2822c35fe78ed43b2497e5798454f9471abf57ab26fa,0,0,,0,worker_miner;shooting_death;wage;union,17,4,housing;justice_accountability,3,2,earnings_results;production_output;transaction;commodity_market,4,4,false,false,true,no_case_anchor,"Extracted article text contains no Marikana, Lonmin or Sibanye anchor.",,,
SEC-MEDIA-0037,Daily Maverick,https://www.dailymaverick.co.za/article/2018-05-04-4-dead-6-miners-trapped-underground-at-sibanye-mine/,https://dailymaverick.co.za/article/2018-05-04-4-dead-6-miners-trapped-underground-at-sibanye-mine,2018,4 Dead 6 Miners Trapped Underground At Sibanye Mine,secondary_keyword_only_review,https://www.dailymaverick.co.za/article/2018-05-04-4-dead-6-miners-trapped-underground-at-sibanye-mine/,retrieved_extracted,,2018-05-04,154,34f09ba10d4c14bd1d0f250ea1321de270083a27ec71b928ddcedb901b2a68b2,0,2,,0,worker_miner;shooting_death,9,2,,0,0,exploration_project,2,1,false,false,true,sibanye_context_without_case_anchor_review,Sibanye appears with labour/social context but no Marikana/Lonmin anchor; review before exclusion.,,,
SEC-MEDIA-0038,Daily Maverick,https://www.dailymaverick.co.za/article/2018-08-07-amcu-threatens-strike-over-planned-retrenchment-of-13-400-implats-workers/,https://dailymaverick.co.za/article/2018-08-07-amcu-threatens-strike-over-planned-retrenchment-of-13-400-implats-workers,2018,Amcu Threatens Strike Over Planned Retrenchment Of 13 400 Implats Workers,secondary_keyword_only_review,https://www.dailymaverick.co.za/article/2018-08-07-amcu-threatens-strike-over-planned-retrenchment-of-13-400-implats-workers/,retrieved_extracted,,2018-08-07,757,7bfd3513ca45955cb25cff3690eeb7ecbd28732a47dd6d00fff3bee228fc3d4f,1,1,marikana,1,strike;worker_miner;shooting_death;wage;union,26,5,,0,0,earnings_results;transaction;commodity_market,4,3,false,false,true,strong_case_context_supported,Body contains a high-specificity Marikana case term reinforced by labour/event/social/governance context.,,,
SEC-MEDIA-0039,Daily Maverick,https://www.dailymaverick.co.za/article/2018-12-07-joseph-mathunjwa-please-rethink-the-deadly-sibanye-stillwater-strike/,https://dailymaverick.co.za/article/2018-12-07-joseph-mathunjwa-please-rethink-the-deadly-sibanye-stillwater-strike,2018,Joseph Mathunjwa Please Rethink The Deadly Sibanye Stillwater Strike,secondary_keyword_only_review,https://www.dailymaverick.co.za/article/2018-12-07-joseph-mathunjwa-please-rethink-the-deadly-sibanye-stillwater-strike/,retrieved_extracted,,2018-12-07,1401,fcc92b67850050c2201ef407611d6c9cb4269fd6a63c297c810b7a5699064967,1,12,,0,strike;police;shooting_death;wage;union;protest_unrest,79,6,community,2,1,earnings_results,1,1,false,false,true,possible_lonmin_substantive_context,Lonmin appears with labour/event/social/governance signals; direct substantive review is required.,,,
SEC-MEDIA-0040,Daily Maverick,https://www.dailymaverick.co.za/article/2019-04-09-the-balance-in-sas-bloody-strike-at-sibanye-stillwaters-mines-tips-slightly/,https://dailymaverick.co.za/article/2019-04-09-the-balance-in-sas-bloody-strike-at-sibanye-stillwaters-mines-tips-slightly,2019,The Balance In Sas Bloody Strike At Sibanye Stillwaters Mines Tips Slightly,secondary_keyword_only_review,https://www.dailymaverick.co.za/article/2019-04-09-the-balance-in-sas-bloody-strike-at-sibanye-stillwaters-mines-tips-slightly/,retrieved_extracted,,2019-04-09,823,04aca5c0c65f8297330d9fb0641a4d761ff84c0897af4064ec72aa088be3782b,2,6,marikana,1,strike;worker_miner;police;shooting_death;wage;union;protest_unrest,63,7,housing,1,1,transaction,1,1,false,false,true,strong_case_context_supported,Body contains a high-specificity Marikana case term reinforced by labour/event/social/governance context.,,,
SEC-MEDIA-0041,Daily Maverick,https://www.dailymaverick.co.za/article/2019-04-17-five-month-strike-at-sibanye-stillwater-gold-mines-has-ended-after-amcu-decided-to-cut-its-losses/,https://dailymaverick.co.za/article/2019-04-17-five-month-strike-at-sibanye-stillwater-gold-mines-has-ended-after-amcu-decided-to-cut-its-losses,2019,Five Month Strike At Sibanye Stillwater Gold Mines Has Ended After Amcu Decided To Cut Its Losses,secondary_keyword_only_review,https://www.dailymaverick.co.za/article/2019-04-17-five-month-strike-at-sibanye-stillwater-gold-mines-has-ended-after-amcu-decided-to-cut-its-losses/,retrieved_extracted,,2019-04-17,550,d539f624426be7ca3e383752c28b1809da54069d6071d3b3c94a11337da18763,0,4,,0,strike;worker_miner;shooting_death;wage;union,31,5,housing,1,1,production_output;funding_debt,3,2,false,false,true,sibanye_context_without_case_anchor_review,Sibanye appears with labour/social context but no Marikana/Lonmin anchor; review before exclusion.,,,
SEC-MEDIA-0042,Daily Maverick,https://www.dailymaverick.co.za/article/2019-04-25-department-of-labour-threatens-to-cancel-amcus-registration/,https://dailymaverick.co.za/article/2019-04-25-department-of-labour-threatens-to-cancel-amcus-registration,2019,Department Of Labour Threatens To Cancel Amcus Registration,secondary_keyword_only_review,https://www.dailymaverick.co.za/article/2019-04-25-department-of-labour-threatens-to-cancel-amcus-registration/,retrieved_extracted,,2019-04-25,250,82432720c9b426fb8fc261751de65787c5742d089b3ba391dea6cece36a3041f,0,0,,0,strike;worker_miner;wage;union;protest_unrest,24,5,,0,0,,0,0,false,false,false,no_case_anchor,"Extracted article text contains no Marikana, Lonmin or Sibanye anchor.",,,
SEC-MEDIA-0043,Daily Maverick,https://www.dailymaverick.co.za/article/2019-04-26-theyre-attacking-amcu-because-we-are-fighting-for-black-workers-mathunjwa/,https://dailymaverick.co.za/article/2019-04-26-theyre-attacking-amcu-because-we-are-fighting-for-black-workers-mathunjwa,2019,Theyre Attacking Amcu Because We Are Fighting For Black Workers Mathunjwa,secondary_keyword_only_review,https://www.dailymaverick.co.za/article/2019-04-26-theyre-attacking-amcu-because-we-are-fighting-for-black-workers-mathunjwa/,retrieved_extracted,,2019-04-26,651,e3c4db4d58a81d9c32788830dc7fe2f8c1c9145e4a7abb71b5b044a2c100ed82,1,1,marikana,1,strike;worker_miner;shooting_death;wage;union,43,5,,0,0,,0,0,false,false,true,strong_case_context_supported,Body contains a high-specificity Marikana case term reinforced by labour/event/social/governance context.,,,
SEC-MEDIA-0044,Daily Maverick,https://www.dailymaverick.co.za/article/2019-04-29-deregistration-threat-to-amcu-calls-for-active-union-solidarity/,https://dailymaverick.co.za/article/2019-04-29-deregistration-threat-to-amcu-calls-for-active-union-solidarity,2019,Deregistration Threat To Amcu Calls For Active Union Solidarity,secondary_keyword_only_review,https://www.dailymaverick.co.za/article/2019-04-29-deregistration-threat-to-amcu-calls-for-active-union-solidarity/,retrieved_extracted,,2019-04-29,577,e4aeb8348430cc18422d1cf8775ea82ff0d9bf685b604ed223175e7dd0b92410,2,1,marikana,1,strike;worker_miner;police;shooting_death;wage;union;protest_unrest,36,7,,0,0,exploration_project,1,1,false,false,true,strong_case_context_supported,Body contains a high-specificity Marikana case term reinforced by labour/event/social/governance context.,,,
SEC-MEDIA-0045,Daily Maverick,https://www.dailymaverick.co.za/article/2019-04-29-while-probably-at-fault-amcu-is-hardly-alone-in-seeing-a-political-agenda-in-moves-to-disband-it/,https://dailymaverick.co.za/article/2019-04-29-while-probably-at-fault-amcu-is-hardly-alone-in-seeing-a-political-agenda-in-moves-to-disband-it,2019,While Probably At Fault Amcu Is Hardly Alone In Seeing A Political Agenda In Moves To Disband It,secondary_keyword_only_review,https://www.dailymaverick.co.za/article/2019-04-29-while-probably-at-fault-amcu-is-hardly-alone-in-seeing-a-political-agenda-in-moves-to-disband-it/,retrieved_extracted,,2019-04-29,1058,1b1711ae5cd3a167ac46e1be3423bf798ab7089bc282b0cb29f1a71be9fe70a4,1,1,marikana,1,strike;worker_miner;shooting_death;wage;union;protest_unrest,49,6,community,1,1,earnings_results,1,1,false,false,true,strong_case_context_supported,Body contains a high-specificity Marikana case term reinforced by labour/event/social/governance context.,,,
SEC-MEDIA-0046,Daily Maverick,https://www.dailymaverick.co.za/article/2019-06-14-amcu-tables-big-wage-demands-in-platinum-sector/,https://dailymaverick.co.za/article/2019-06-14-amcu-tables-big-wage-demands-in-platinum-sector,2019,Amcu Tables Big Wage Demands In Platinum Sector,secondary_keyword_only_review,https://www.dailymaverick.co.za/article/2019-06-14-amcu-tables-big-wage-demands-in-platinum-sector/,retrieved_extracted,,2019-06-14,372,1bf6d4e25bae3a2ce463617466d8282d985c62f6f7de07635261cbed08159be3,0,1,marikana,1,strike;worker_miner;shooting_death;wage;union,18,5,housing,1,1,,0,0,false,false,true,strong_case_context_supported,Body contains a high-specificity Marikana case term reinforced by labour/event/social/governance context.,,,
SEC-MEDIA-0047,Daily Maverick,https://www.dailymaverick.co.za/article/2019-08-30-gold-strike-lay-off-costs-leave-sibanye-earnings-in-the-red/,https://dailymaverick.co.za/article/2019-08-30-gold-strike-lay-off-costs-leave-sibanye-earnings-in-the-red,2019,Gold Strike Lay Off Costs Leave Sibanye Earnings In The Red,secondary_keyword_only_review,https://www.dailymaverick.co.za/article/2019-08-30-gold-strike-lay-off-costs-leave-sibanye-earnings-in-the-red/,retrieved_extracted,,2019-08-30,431,2bb81072b80be7b93d7085b2e6f9eda01444b900150f475bf9273d3436626a68,1,7,,0,strike;worker_miner;shooting_death;wage;union;protest_unrest,14,6,,0,0,share_price;earnings_results;transaction;dividend_rights;commodity_market,15,5,false,true,true,possible_lonmin_substantive_context,Lonmin appears with labour/event/social/governance signals; direct substantive review is required.,,,
SEC-MEDIA-0048,Daily Maverick,https://www.dailymaverick.co.za/article/2019-09-19-mathunjwa-likely-to-remain-at-helm-as-amcu-holds-elective-conference/,https://dailymaverick.co.za/article/2019-09-19-mathunjwa-likely-to-remain-at-helm-as-amcu-holds-elective-conference,2019,Mathunjwa Likely To Remain At Helm As Amcu Holds Elective Conference,secondary_keyword_only_review,https://www.dailymaverick.co.za/article/2019-09-19-mathunjwa-likely-to-remain-at-helm-as-amcu-holds-elective-conference/,retrieved_extracted,,2019-09-19,545,56cc30d6b95c7f4ce2fa08b1ef4e8e11a6bf1f8d3f9b631f051257d64c8d6ed7,0,2,marikana,1,strike;worker_miner;police;shooting_death;wage;union;protest_unrest,34,7,,0,0,,0,0,false,false,true,strong_case_context_supported,Body contains a high-specificity Marikana case term reinforced by labour/event/social/governance context.,,,
SEC-MEDIA-0049,Daily Maverick,https://www.dailymaverick.co.za/article/2019-09-22-mathunjwa-evoking-god-and-hitler-remains-at-amcu-helm-as-platinum-wage-talks-rumble-on/,https://dailymaverick.co.za/article/2019-09-22-mathunjwa-evoking-god-and-hitler-remains-at-amcu-helm-as-platinum-wage-talks-rumble-on,2019,Mathunjwa Evoking God And Hitler Remains At Amcu Helm As Platinum Wage Talks Rumble On,secondary_keyword_only_review,https://www.dailymaverick.co.za/article/2019-09-22-mathunjwa-evoking-god-and-hitler-remains-at-amcu-helm-as-platinum-wage-talks-rumble-on/,retrieved_extracted,,2019-09-22,753,9ad2e5431f9d394b2beab74f9e2db2b65482227abd2b601e5a7f3a4b10dd2202,2,6,marikana,1,strike;worker_miner;shooting_death;wage;union,40,5,,0,0,earnings_results;transaction,2,2,false,false,true,strong_case_context_supported,Body contains a high-specificity Marikana case term reinforced by labour/event/social/governance context.,,,
SEC-MEDIA-0050,Daily Maverick,https://www.dailymaverick.co.za/article/2019-10-02-amcus-mathunjwa-sees-platinum-wage-deals-on-the-horizon/,https://dailymaverick.co.za/article/2019-10-02-amcus-mathunjwa-sees-platinum-wage-deals-on-the-horizon,2019,Amcus Mathunjwa Sees Platinum Wage Deals On The Horizon,secondary_keyword_only_review,https://www.dailymaverick.co.za/article/2019-10-02-amcus-mathunjwa-sees-platinum-wage-deals-on-the-horizon/,retrieved_extracted,,2019-10-02,480,9efea0d79eb57dcdc51c7f330f550af182a14f6eba017fe64ae6bb24c91746d0,0,1,marikana,1,strike;worker_miner;shooting_death;wage;union,11,5,,0,0,share_price,1,1,false,false,false,strong_case_context_supported,Body contains a high-specificity Marikana case term reinforced by labour/event/social/governance context.,,,
SEC-MEDIA-0051,Daily Maverick,https://www.dailymaverick.co.za/article/2019-11-12-platinum-wage-deals-to-be-signed-on-wednesday-says-amcu/,https://dailymaverick.co.za/article/2019-11-12-platinum-wage-deals-to-be-signed-on-wednesday-says-amcu,2019,Platinum Wage Deals To Be Signed On Wednesday Says Amcu,secondary_keyword_only_review,https://www.dailymaverick.co.za/article/2019-11-12-platinum-wage-deals-to-be-signed-on-wednesday-says-amcu/,retrieved_extracted,,2019-11-12,326,f4482938c162b615c910cf434b50c41c54fe5d19bec1e8c9edf3368f1ff5eaca,0,1,,0,strike;worker_miner;wage;union,14,4,housing,2,1,,0,0,false,false,true,sibanye_context_without_case_anchor_review,Sibanye appears with labour/social context but no Marikana/Lonmin anchor; review before exclusion.,,,
SEC-MEDIA-0052,Daily Maverick,https://www.dailymaverick.co.za/article/2019-11-15-amcu-again-says-that-platinum-wage-deals-will-be-signed/,https://dailymaverick.co.za/article/2019-11-15-amcu-again-says-that-platinum-wage-deals-will-be-signed,2019,Amcu Again Says That Platinum Wage Deals Will Be Signed,secondary_keyword_only_review,https://www.dailymaverick.co.za/article/2019-11-15-amcu-again-says-that-platinum-wage-deals-will-be-signed/,retrieved_extracted,,2019-11-15,409,6651235757c188e6f306eb09b3a73cbec431247800fd00c5cf6f216cdac89f0a,0,1,marikana,2,strike;worker_miner;police;shooting_death;wage;union;protest_unrest,32,7,community,1,1,,0,0,false,false,true,strong_case_context_supported,Body contains a high-specificity Marikana case term reinforced by labour/event/social/governance context.,,,
SEC-MEDIA-0053,Daily Maverick,https://www.dailymaverick.co.za/article/2020-02-04-interview-sibanye-ceo-froneman-plays-down-mponeng-speculation-says-new-gold-assets-should-be-shallow/,https://dailymaverick.co.za/article/2020-02-04-interview-sibanye-ceo-froneman-plays-down-mponeng-speculation-says-new-gold-assets-should-be-shallow,2020,Interview Sibanye Ceo Froneman Plays Down Mponeng Speculation Says New Gold Assets Should Be Shallow,secondary_keyword_only_review,https://www.dailymaverick.co.za/article/2020-02-04-interview-sibanye-ceo-froneman-plays-down-mponeng-speculation-says-new-gold-assets-should-be-shallow/,retrieved_extracted,,2020-02-04,501,d1e06c021072c1eb99a38c62076baacf0ba5129fca6d2d8d28137628ad7e7f15,0,7,,0,,0,0,,0,0,earnings_results;transaction;dividend_rights;commodity_market,5,4,false,false,false,ambiguous_secondary_review,Signals are insufficient for a defensible secondary-queue decision.,,,
SEC-MEDIA-0054,Daily Maverick,https://www.dailymaverick.co.za/article/2020-02-12-cry-of-the-xcluded-saftu-and-amcu-put-differences-aside-to-fight-austerity-and-ignite-the-left/,https://dailymaverick.co.za/article/2020-02-12-cry-of-the-xcluded-saftu-and-amcu-put-differences-aside-to-fight-austerity-and-ignite-the-left,2020,Cry Of The Xcluded Saftu And Amcu Put Differences Aside To Fight Austerity And Ignite The Left,secondary_keyword_only_review,https://www.dailymaverick.co.za/article/2020-02-12-cry-of-the-xcluded-saftu-and-amcu-put-differences-aside-to-fight-austerity-and-ignite-the-left/,retrieved_extracted,,2020-02-12,922,8954ab2bca7b838e749507feb9a73205744bd439b9f86a976e3c5040db8e60e0,0,0,marikana,1,strike;worker_miner;shooting_death;wage;union;protest_unrest,21,6,,0,0,funding_debt,1,1,false,false,true,strong_case_context_supported,Body contains a high-specificity Marikana case term reinforced by labour/event/social/governance context.,,,
SEC-MEDIA-0055,Daily Maverick,https://www.dailymaverick.co.za/article/2020-03-09-amcu-asked-to-explain-salaries-and-services-in-financial-statements/,https://dailymaverick.co.za/article/2020-03-09-amcu-asked-to-explain-salaries-and-services-in-financial-statements,2020,Amcu Asked To Explain Salaries And Services In Financial Statements,secondary_keyword_only_review,https://www.dailymaverick.co.za/article/2020-03-09-amcu-asked-to-explain-salaries-and-services-in-financial-statements/,retrieved_extracted,,2020-03-09,534,befe7ea2fa1211a24b7cbb5e3398595acfbffb3e54fc802e193275870ad5a3d2,0,0,,0,worker_miner;shooting_death;wage;union,23,4,,0,0,,0,0,false,false,true,no_case_anchor,"Extracted article text contains no Marikana, Lonmin or Sibanye anchor.",,,
SEC-MEDIA-0056,Daily Maverick,https://www.dailymaverick.co.za/article/2020-03-10-pgm-game-changer-basf-sibanye-and-implats-unveil-new-tri-metal-gasoline-catalyst/,https://dailymaverick.co.za/article/2020-03-10-pgm-game-changer-basf-sibanye-and-implats-unveil-new-tri-metal-gasoline-catalyst,2020,Pgm Game Changer Basf Sibanye And Implats Unveil New Tri Metal Gasoline Catalyst,secondary_keyword_only_review,https://www.dailymaverick.co.za/article/2020-03-10-pgm-game-changer-basf-sibanye-and-implats-unveil-new-tri-metal-gasoline-catalyst/,retrieved_extracted,,2020-03-10,600,b44f5b61e9c9127cdfe1138a9051ac153c898622f9a47ab67374c2e2f529a585,0,5,,0,shooting_death,1,1,,0,0,production_output;funding_debt;commodity_market,13,3,false,true,false,strong_routine_no_case_anchor,Routine corporate/financial/production article with no Marikana/Lonmin case anchor.,,,
SEC-MEDIA-0057,Daily Maverick,https://www.dailymaverick.co.za/article/2020-05-05-amcus-joseph-mathunjwa-knows-when-to-take-on-capital/,https://dailymaverick.co.za/article/2020-05-05-amcus-joseph-mathunjwa-knows-when-to-take-on-capital,2020,Amcus Joseph Mathunjwa Knows When To Take On Capital,secondary_keyword_only_review,https://www.dailymaverick.co.za/article/2020-05-05-amcus-joseph-mathunjwa-knows-when-to-take-on-capital/,retrieved_extracted,,2020-05-05,1178,e24a863acba0181d5c8cea64a3bbf6545f7659eca590e904207e4ce88f53d5c9,0,1,marikana,1,strike;worker_miner;shooting_death;wage;union;protest_unrest,40,6,justice_accountability,1,1,earnings_results;production_output;funding_debt,8,3,false,false,false,strong_case_context_supported,Body contains a high-specificity Marikana case term reinforced by labour/event/social/governance context.,,,
SEC-MEDIA-0058,Daily Maverick,https://www.dailymaverick.co.za/article/2020-05-14-sibanyes-froneman-says-no-ma-until-debt-cut-and-dividend-revived/,https://dailymaverick.co.za/article/2020-05-14-sibanyes-froneman-says-no-ma-until-debt-cut-and-dividend-revived,2020,Sibanyes Froneman Says No Ma Until Debt Cut And Dividend Revived,secondary_keyword_only_review,https://www.dailymaverick.co.za/article/2020-05-14-sibanyes-froneman-says-no-ma-until-debt-cut-and-dividend-revived/,retrieved_extracted,,2020-05-14,711,8a2c35ed295b7bf63db7d884fba59b3b921dae2876fda309a61c09b5feff5e1a,0,5,,0,,0,0,,0,0,earnings_results;production_output;transaction;dividend_rights,13,4,false,true,false,strong_routine_no_case_anchor,Routine corporate/financial/production article with no Marikana/Lonmin case anchor.,,,
SEC-MEDIA-0059,Daily Maverick,https://www.dailymaverick.co.za/article/2020-05-18-amcu-demands-universal-covid-19-testing-at-mines-but-that-is-not-about-to-happen/,https://dailymaverick.co.za/article/2020-05-18-amcu-demands-universal-covid-19-testing-at-mines-but-that-is-not-about-to-happen,2020,Amcu Demands Universal Covid 19 Testing At Mines But That Is Not About To Happen,secondary_keyword_only_review,https://www.dailymaverick.co.za/article/2020-05-18-amcu-demands-universal-covid-19-testing-at-mines-but-that-is-not-about-to-happen/,retrieved_extracted,,2020-05-18,571,2884f03c87a2825e36f7f1faf87f16e71b7a319b9f9c28a6f9bcb1ed7c75d6dd,0,0,,0,worker_miner;union,22,2,community,1,1,funding_debt,1,1,false,false,true,no_case_anchor,"Extracted article text contains no Marikana, Lonmin or Sibanye anchor.",,,
SEC-MEDIA-0060,Daily Maverick,https://www.dailymaverick.co.za/article/2020-05-26-arch-rivals-num-and-amcu-both-oppose-mantashe-on-mining-sector-restarting/,https://dailymaverick.co.za/article/2020-05-26-arch-rivals-num-and-amcu-both-oppose-mantashe-on-mining-sector-restarting,2020,Arch Rivals Num And Amcu Both Oppose Mantashe On Mining Sector Restarting,secondary_keyword_only_review,https://www.dailymaverick.co.za/article/2020-05-26-arch-rivals-num-and-amcu-both-oppose-mantashe-on-mining-sector-restarting/,retrieved_extracted,,2020-05-26,884,b96dfc1e496f9b06a6d2532653e1751be288c75b25c6b79e6a725262a79af3ea,0,0,,0,worker_miner;union;protest_unrest,29,3,,0,0,earnings_results,2,1,false,false,true,no_case_anchor,"Extracted article text contains no Marikana, Lonmin or Sibanye anchor.",,,
SEC-MEDIA-0061,Daily Maverick,https://www.dailymaverick.co.za/article/2020-08-27-sibanye-stillwater-turns-dividend-tap-back-on-as-h1-earnings-soar/,https://dailymaverick.co.za/article/2020-08-27-sibanye-stillwater-turns-dividend-tap-back-on-as-h1-earnings-soar,2020,Sibanye Stillwater Turns Dividend Tap Back On As H1 Earnings Soar,secondary_keyword_only_review,https://www.dailymaverick.co.za/article/2020-08-27-sibanye-stillwater-turns-dividend-tap-back-on-as-h1-earnings-soar/,retrieved_extracted,,2020-08-27,485,b669bfd69e173ad0d6c850190d9af6136249dcfbf566acd4100220ec9bd1bc8f,1,9,marikana,3,,0,0,community,1,1,share_price;earnings_results;production_output;transaction;dividend_rights;commodity_market,26,6,false,true,false,strong_case_context_supported,Body contains a high-specificity Marikana case term reinforced by labour/event/social/governance context.,,,
SEC-MEDIA-0062,Daily Maverick,https://www.dailymaverick.co.za/article/2020-11-03-mantashe-muddies-the-policy-waters-with-attack-on-sibanyes-bee-record/,https://dailymaverick.co.za/article/2020-11-03-mantashe-muddies-the-policy-waters-with-attack-on-sibanyes-bee-record,2020,Mantashe Muddies The Policy Waters With Attack On Sibanyes Bee Record,secondary_keyword_only_review,https://www.dailymaverick.co.za/article/2020-11-03-mantashe-muddies-the-policy-waters-with-attack-on-sibanyes-bee-record/,retrieved_extracted,,2020-11-03,714,b52a36ebedfbb606cdbd979668ff87fc022a3f5f67f57832498ffcd5780d5d03,0,7,,0,shooting_death;union,2,2,community,2,1,share_price;production_output;funding_debt;transaction;exploration_project,14,5,false,false,false,sibanye_context_without_case_anchor_review,Sibanye appears with labour/social context but no Marikana/Lonmin anchor; review before exclusion.,,,
SEC-MEDIA-0063,Daily Maverick,https://www.dailymaverick.co.za/article/2021-02-18-earnings-surge-for-gold-fields-and-its-offspring-sibanye-which-is-shock-expanding-in-sa/,https://dailymaverick.co.za/article/2021-02-18-earnings-surge-for-gold-fields-and-its-offspring-sibanye-which-is-shock-expanding-in-sa,2021,Earnings Surge For Gold Fields And Its Offspring Sibanye Which Is Shock Expanding In Sa,secondary_keyword_only_review,https://www.dailymaverick.co.za/article/2021-02-18-earnings-surge-for-gold-fields-and-its-offspring-sibanye-which-is-shock-expanding-in-sa/,retrieved_extracted,,2021-02-18,828,1fa4557a48dd60c4b41b39b5152dfd33761f5c3c0134a94a2d7f03939d4261ab,5,8,marikana,3,strike;worker_miner;police;shooting_death;protest_unrest,8,5,housing,1,1,share_price;earnings_results;production_output;transaction;exploration_project;commodity_market,16,6,false,true,false,strong_case_context_supported,Body contains a high-specificity Marikana case term reinforced by labour/event/social/governance context.,,,
SEC-MEDIA-0064,Daily Maverick,https://www.dailymaverick.co.za/article/2021-03-09-sibanye-says-anglogold-gold-fields-fit-acquisition-strategy/,https://dailymaverick.co.za/article/2021-03-09-sibanye-says-anglogold-gold-fields-fit-acquisition-strategy,2021,Sibanye Says Anglogold Gold Fields Fit Acquisition Strategy,secondary_keyword_only_review,https://www.dailymaverick.co.za/article/2021-03-09-sibanye-says-anglogold-gold-fields-fit-acquisition-strategy/,retrieved_extracted,,2021-03-09,406,751e6eb8d3e366339d387973688d24c5bcede41544731d452eb0b5b1a5f37b5b,0,9,,0,,0,0,,0,0,share_price;production_output;funding_debt;transaction;commodity_market,8,5,false,true,false,strong_routine_no_case_anchor,Routine corporate/financial/production article with no Marikana/Lonmin case anchor.,,,
SEC-MEDIA-0065,Daily Maverick,https://www.dailymaverick.co.za/article/2021-03-24-sibanye-stillwaters-froneman-tells-pgm-conference-he-is-going-for-gold/,https://dailymaverick.co.za/article/2021-03-24-sibanye-stillwaters-froneman-tells-pgm-conference-he-is-going-for-gold,2021,Sibanye Stillwaters Froneman Tells Pgm Conference He Is Going For Gold,secondary_keyword_only_review,https://www.dailymaverick.co.za/article/2021-03-24-sibanye-stillwaters-froneman-tells-pgm-conference-he-is-going-for-gold/,retrieved_extracted,,2021-03-24,517,d17fba2308add1565ee913a450e8776a19edb09aace7744d0d84361cc853fe47,1,8,,0,,0,0,,0,0,earnings_results;production_output;transaction;commodity_market,10,4,false,true,false,lonmin_low_context_review,Lonmin occurs in the body but without enough case/labour/social context for a defensible decision.,,,
SEC-MEDIA-0066,Daily Maverick,https://www.dailymaverick.co.za/article/2021-05-06-pgm-bonanza-sibanye-stillwater-posts-record-q1-earnings/,https://dailymaverick.co.za/article/2021-05-06-pgm-bonanza-sibanye-stillwater-posts-record-q1-earnings,2021,Pgm Bonanza Sibanye Stillwater Posts Record Q1 Earnings,secondary_keyword_only_review,https://www.dailymaverick.co.za/article/2021-05-06-pgm-bonanza-sibanye-stillwater-posts-record-q1-earnings/,retrieved_extracted,,2021-05-06,452,fabbaa92cccdafdc9c9672456e4ed672a9a7edfe291b8c999000d0232ff64a7e,2,6,marikana,1,,0,0,,0,0,share_price;earnings_results;production_output;transaction;commodity_market,12,5,false,true,false,case_name_only_routine_project_or_corporate_signal,"A Marikana-related name occurs, but the article is dominated by routine project/production/corporate context.",,,
SEC-MEDIA-0067,Daily Maverick,https://www.dailymaverick.co.za/article/2021-05-16-commodity-price-boom-doesnt-change-sas-shoddy-investment-case-says-sibanyes-froneman/,https://dailymaverick.co.za/article/2021-05-16-commodity-price-boom-doesnt-change-sas-shoddy-investment-case-says-sibanyes-froneman,2021,Commodity Price Boom Doesnt Change Sas Shoddy Investment Case Says Sibanyes Froneman,secondary_keyword_only_review,https://www.dailymaverick.co.za/article/2021-05-16-commodity-price-boom-doesnt-change-sas-shoddy-investment-case-says-sibanyes-froneman/,retrieved_extracted,,2021-05-16,542,b67716d5704c4a29c8a1896583e3d922058f9ebe7a66281fb57aec7d2a0dd43e,0,2,,0,wage,2,1,,0,0,share_price;earnings_results;production_output,7,3,false,false,false,ambiguous_secondary_review,Signals are insufficient for a defensible secondary-queue decision.,,,
SEC-MEDIA-0068,Daily Maverick,https://www.dailymaverick.co.za/article/2021-08-09-anglogold-interim-earnings-dip-its-ghana-mine-woes-mount-and-sibanye-signals-record-results/,https://dailymaverick.co.za/article/2021-08-09-anglogold-interim-earnings-dip-its-ghana-mine-woes-mount-and-sibanye-signals-record-results,2021,Anglogold Interim Earnings Dip Its Ghana Mine Woes Mount And Sibanye Signals Record Results,secondary_keyword_only_review,https://www.dailymaverick.co.za/article/2021-08-09-anglogold-interim-earnings-dip-its-ghana-mine-woes-mount-and-sibanye-signals-record-results/,retrieved_extracted,,2021-08-09,556,a2d467afa19647fa64f52f2c0a1d93eab4e14475cddabc5550dc5e14b6fcd8a6,0,2,,0,worker_miner,2,1,,0,0,share_price;earnings_results;production_output;funding_debt;dividend_rights;exploration_project,18,6,false,true,false,strong_routine_no_case_anchor,Routine corporate/financial/production article with no Marikana/Lonmin case anchor.,,,
SEC-MEDIA-0069,Daily Maverick,https://www.dailymaverick.co.za/article/2021-09-16-sibanye-stillwater-invests-490m-in-us-lithium-joint-venture/,https://dailymaverick.co.za/article/2021-09-16-sibanye-stillwater-invests-490m-in-us-lithium-joint-venture,2021,Sibanye Stillwater Invests 490M In Us Lithium Joint Venture,secondary_keyword_only_review,https://www.dailymaverick.co.za/article/2021-09-16-sibanye-stillwater-invests-490m-in-us-lithium-joint-venture/,retrieved_extracted,,2021-09-16,311,7e2555c6c600d509fb0a417f6c4836025f464285eeb9ae8980f12e6318bd1eff,0,8,,0,,0,0,,0,0,production_output;transaction;exploration_project,5,3,false,false,false,ambiguous_secondary_review,Signals are insufficient for a defensible secondary-queue decision.,,,
SEC-MEDIA-0070,Daily Maverick,https://www.dailymaverick.co.za/article/2021-10-03-unions-once-again-present-united-front-this-time-in-sibanye-wage-talks/,https://dailymaverick.co.za/article/2021-10-03-unions-once-again-present-united-front-this-time-in-sibanye-wage-talks,2021,Unions Once Again Present United Front This Time In Sibanye Wage Talks,secondary_keyword_only_review,https://www.dailymaverick.co.za/article/2021-10-03-unions-once-again-present-united-front-this-time-in-sibanye-wage-talks/,retrieved_extracted,,2021-10-03,1000,5bd3d2efc28a3358e81ad046279cc73beca4c626dd95a20faa74e9c505d1e9e2,0,9,marikana,1,strike;worker_miner;shooting_death;wage;union;protest_unrest,58,6,,0,0,earnings_results;transaction,2,2,false,false,false,strong_case_context_supported,Body contains a high-specificity Marikana case term reinforced by labour/event/social/governance context.,,,
SEC-MEDIA-0071,Daily Maverick,https://www.dailymaverick.co.za/article/2021-10-21-sibanye-raises-gold-wage-offer-to-unions-talks-extended/,https://dailymaverick.co.za/article/2021-10-21-sibanye-raises-gold-wage-offer-to-unions-talks-extended,2021,Sibanye Raises Gold Wage Offer To Unions Talks Extended,secondary_keyword_only_review,https://www.dailymaverick.co.za/article/2021-10-21-sibanye-raises-gold-wage-offer-to-unions-talks-extended/,retrieved_extracted,,2021-10-21,603,92391340c7782f3571148e6640e9d378a6b7e0d1ca03516e4a89523693ee8da1,0,6,,0,strike;worker_miner;wage;union,36,4,,0,0,production_output,1,1,false,false,false,sibanye_context_without_case_anchor_review,Sibanye appears with labour/social context but no Marikana/Lonmin anchor; review before exclusion.,,,
SEC-MEDIA-0072,Daily Maverick,https://www.dailymaverick.co.za/article/2021-10-25-sibanye-stillwater-confirms-talks-to-acquire-nickel-and-copper-mines-in-brazil-that-may-cost-around-1-billion/,https://dailymaverick.co.za/article/2021-10-25-sibanye-stillwater-confirms-talks-to-acquire-nickel-and-copper-mines-in-brazil-that-may-cost-around-1-billion,2021,Sibanye Stillwater Confirms Talks To Acquire Nickel And Copper Mines In Brazil That May Cost Around 1 Billion,secondary_keyword_only_review,https://www.dailymaverick.co.za/article/2021-10-25-sibanye-stillwater-confirms-talks-to-acquire-nickel-and-copper-mines-in-brazil-that-may-cost-around-1-billion/,retrieved_extracted,,2021-10-25,350,180f7086895faf8ae9339f908fa73983d33c746b6e8a70f1478c8b462e71a62d,0,8,,0,worker_miner;wage;union,11,3,,0,0,funding_debt;transaction,5,2,false,true,false,sibanye_context_without_case_anchor_review,Sibanye appears with labour/social context but no Marikana/Lonmin anchor; review before exclusion.,,,
SEC-MEDIA-0073,Daily Maverick,https://www.dailymaverick.co.za/article/2021-10-26-sibanye-stillwater-digs-deep-to-seal-deal-for-brazillian-mining-assets/,https://dailymaverick.co.za/article/2021-10-26-sibanye-stillwater-digs-deep-to-seal-deal-for-brazillian-mining-assets,2021,Sibanye Stillwater Digs Deep To Seal Deal For Brazillian Mining Assets,secondary_keyword_only_review,https://www.dailymaverick.co.za/article/2021-10-26-sibanye-stillwater-digs-deep-to-seal-deal-for-brazillian-mining-assets/,retrieved_extracted,,2021-10-26,589,194b0f3b60f67ae1d72e872e838e9b7429f0d46315dc3dd64467a0779e2242ed,0,15,,0,worker_miner;wage;union;protest_unrest,11,4,community,1,1,earnings_results;production_output;funding_debt;transaction;dividend_rights,6,5,false,false,false,sibanye_context_without_case_anchor_review,Sibanye appears with labour/social context but no Marikana/Lonmin anchor; review before exclusion.,,,
SEC-MEDIA-0074,Daily Maverick,https://www.dailymaverick.co.za/article/2021-11-01-hospital-groups-recover-sibanye-goes-on-a-dealmaking-spree/,https://dailymaverick.co.za/article/2021-11-01-hospital-groups-recover-sibanye-goes-on-a-dealmaking-spree,2021,Hospital Groups Recover Sibanye Goes On A Dealmaking Spree,secondary_keyword_only_review,https://www.dailymaverick.co.za/article/2021-11-01-hospital-groups-recover-sibanye-goes-on-a-dealmaking-spree/,retrieved_extracted,,2021-11-01,828,ffac57680d85ad6de1529e4bc7f609c77261017c2c98607b56c007a1eda48466,0,6,,0,wage,1,1,,0,0,share_price;earnings_results;funding_debt;transaction;exploration_project,13,5,false,false,false,ambiguous_secondary_review,Signals are insufficient for a defensible secondary-queue decision.,,,
SEC-MEDIA-0075,Daily Maverick,https://www.dailymaverick.co.za/article/2021-11-24-deadlock-unions-set-to-apply-to-strike-against-sibanyes-gold-operations/,https://dailymaverick.co.za/article/2021-11-24-deadlock-unions-set-to-apply-to-strike-against-sibanyes-gold-operations,2021,Deadlock Unions Set To Apply To Strike Against Sibanyes Gold Operations,secondary_keyword_only_review,https://www.dailymaverick.co.za/article/2021-11-24-deadlock-unions-set-to-apply-to-strike-against-sibanyes-gold-operations/,retrieved_extracted,,2021-11-24,484,4f01bbdd14a80166275d3d714588c99019c9e901516da95fa1a71e0204c4a4bb,0,5,,0,strike;worker_miner;wage;union,23,4,commission_inquiry,1,1,production_output;exploration_project,2,2,false,false,true,sibanye_context_without_case_anchor_review,Sibanye appears with labour/social context but no Marikana/Lonmin anchor; review before exclusion.,,,
SEC-MEDIA-0076,Daily Maverick,https://www.dailymaverick.co.za/article/2021-11-25-exclusive-joseph-mathunjwas-2019-election-as-amcu-president-set-aside-by-labour-court/,https://dailymaverick.co.za/article/2021-11-25-exclusive-joseph-mathunjwas-2019-election-as-amcu-president-set-aside-by-labour-court,2021,Exclusive Joseph Mathunjwas 2019 Election As Amcu President Set Aside By Labour Court,secondary_keyword_only_review,https://www.dailymaverick.co.za/article/2021-11-25-exclusive-joseph-mathunjwas-2019-election-as-amcu-president-set-aside-by-labour-court/,retrieved_extracted,,2021-11-25,310,65db325be64f00d1d93eab5bf45fb6747aa52f0e21793b9b739dfe065c8de2b8,0,1,marikana,1,strike;worker_miner;shooting_death;union;protest_unrest,15,5,,0,0,,0,0,false,false,true,strong_case_context_supported,Body contains a high-specificity Marikana case term reinforced by labour/event/social/governance context.,,,
SEC-MEDIA-0077,Daily Maverick,https://www.dailymaverick.co.za/article/2021-12-03-exclusive-sibanye-to-bring-in-effective-mandatory-vaccine-policy-from-february-2022/,https://dailymaverick.co.za/article/2021-12-03-exclusive-sibanye-to-bring-in-effective-mandatory-vaccine-policy-from-february-2022,2021,Exclusive Sibanye To Bring In Effective Mandatory Vaccine Policy From February 2022,secondary_keyword_only_review,https://www.dailymaverick.co.za/article/2021-12-03-exclusive-sibanye-to-bring-in-effective-mandatory-vaccine-policy-from-february-2022/,retrieved_extracted,,2021-12-03,439,448302627c8dc2a6d8ca71f7d50d8455040ee7e8a9bd1b083675baa65bdd67ae,0,6,,0,strike;worker_miner;shooting_death;wage;union,17,5,housing;community,2,2,,0,0,false,false,false,sibanye_context_without_case_anchor_review,Sibanye appears with labour/social context but no Marikana/Lonmin anchor; review before exclusion.,,,
SEC-MEDIA-0078,Daily Maverick,https://www.dailymaverick.co.za/article/2022-01-12-free-state-municipality-and-sibanye-stillwater-mine-at-odds-on-accountability-after-wastewater-flows-on-to-farmland/,https://dailymaverick.co.za/article/2022-01-12-free-state-municipality-and-sibanye-stillwater-mine-at-odds-on-accountability-after-wastewater-flows-on-to-farmland,2022,Free State Municipality And Sibanye Stillwater Mine At Odds On Accountability After Wastewater Flows On To Farmland,secondary_keyword_only_review,https://www.dailymaverick.co.za/article/2022-01-12-free-state-municipality-and-sibanye-stillwater-mine-at-odds-on-accountability-after-wastewater-flows-on-to-farmland/,retrieved_extracted,,2022-01-12,547,b5c44f5cf53d4943fa2d071222a13a618319d84a6d08bd4cbce5ee79d47b24a6,0,6,,0,,0,0,justice_accountability,1,1,earnings_results,1,1,false,false,true,sibanye_context_without_case_anchor_review,Sibanye appears with labour/social context but no Marikana/Lonmin anchor; review before exclusion.,,,
SEC-MEDIA-0079,Daily Maverick,https://www.dailymaverick.co.za/article/2022-01-13-ccma-issues-strike-certificate-to-unions-for-sibanye-stillwater-gold-strike/,https://dailymaverick.co.za/article/2022-01-13-ccma-issues-strike-certificate-to-unions-for-sibanye-stillwater-gold-strike,2022,Ccma Issues Strike Certificate To Unions For Sibanye Stillwater Gold Strike,secondary_keyword_only_review,https://www.dailymaverick.co.za/article/2022-01-13-ccma-issues-strike-certificate-to-unions-for-sibanye-stillwater-gold-strike/,retrieved_extracted,,2022-01-13,231,de1ce43b69b51354f7639180e21b7c75208b0d281ca7487ce115018c269dca8d,0,2,,0,strike;worker_miner;wage;union,15,4,,0,0,,0,0,false,false,true,sibanye_context_without_case_anchor_review,Sibanye appears with labour/social context but no Marikana/Lonmin anchor; review before exclusion.,,,
SEC-MEDIA-0080,Daily Maverick,https://www.dailymaverick.co.za/article/2022-01-24-sibanye-stillwater-pulls-the-plug-on-1bn-brazil-deal-after-geotechnical-event/,https://dailymaverick.co.za/article/2022-01-24-sibanye-stillwater-pulls-the-plug-on-1bn-brazil-deal-after-geotechnical-event,2022,Sibanye Stillwater Pulls The Plug On 1Bn Brazil Deal After Geotechnical Event,secondary_keyword_only_review,https://www.dailymaverick.co.za/article/2022-01-24-sibanye-stillwater-pulls-the-plug-on-1bn-brazil-deal-after-geotechnical-event/,retrieved_extracted,,2022-01-24,366,4b276208916ddf32d7345697748bc83dd14794ea215605a5588fa9b0ee2145c1,0,7,,0,,0,0,,0,0,share_price;earnings_results;transaction;dividend_rights,4,4,false,false,false,ambiguous_secondary_review,Signals are insufficient for a defensible secondary-queue decision.,,,
SEC-MEDIA-0081,Daily Maverick,https://www.dailymaverick.co.za/article/2022-01-25-appian-capital-up-in-legal-arms-over-sibanye-stillwater-collapsed-1bn-brazil-deal/,https://dailymaverick.co.za/article/2022-01-25-appian-capital-up-in-legal-arms-over-sibanye-stillwater-collapsed-1bn-brazil-deal,2022,Appian Capital Up In Legal Arms Over Sibanye Stillwater Collapsed 1Bn Brazil Deal,secondary_keyword_only_review,https://www.dailymaverick.co.za/article/2022-01-25-appian-capital-up-in-legal-arms-over-sibanye-stillwater-collapsed-1bn-brazil-deal/,retrieved_extracted,,2022-01-25,386,b5c8f760b57633f18f4c405bfcbda1f60bc2f53ae5b3de9e745f3c2960dc8063,0,7,,0,worker_miner;shooting_death,2,2,,0,0,earnings_results;transaction,3,2,false,false,false,sibanye_context_without_case_anchor_review,Sibanye appears with labour/social context but no Marikana/Lonmin anchor; review before exclusion.,,,
SEC-MEDIA-0082,Daily Maverick,https://www.dailymaverick.co.za/article/2022-03-03-sibanyes-record-earnings-overshadowed-by-safety-setback-looming-gold-mines-strike/,https://dailymaverick.co.za/article/2022-03-03-sibanyes-record-earnings-overshadowed-by-safety-setback-looming-gold-mines-strike,2022,Sibanyes Record Earnings Overshadowed By Safety Setback Looming Gold Mines Strike,secondary_keyword_only_review,https://www.dailymaverick.co.za/article/2022-03-03-sibanyes-record-earnings-overshadowed-by-safety-setback-looming-gold-mines-strike/,retrieved_extracted,,2022-03-03,882,40a967eaa41d5994fea9803d8de8944ddf86057a8a93529b6886d2a60591e58e,0,9,,0,strike;worker_miner;shooting_death;wage;union,14,5,,0,0,earnings_results;production_output;dividend_rights,10,3,false,true,true,sibanye_context_without_case_anchor_review,Sibanye appears with labour/social context but no Marikana/Lonmin anchor; review before exclusion.,,,
SEC-MEDIA-0083,Daily Maverick,https://www.dailymaverick.co.za/article/2022-03-07-failed-state-sibanyes-froneman-paints-bleak-picture-of-sa/,https://dailymaverick.co.za/article/2022-03-07-failed-state-sibanyes-froneman-paints-bleak-picture-of-sa,2022,Failed State Sibanyes Froneman Paints Bleak Picture Of Sa,secondary_keyword_only_review,https://www.dailymaverick.co.za/article/2022-03-07-failed-state-sibanyes-froneman-paints-bleak-picture-of-sa/,retrieved_extracted,,2022-03-07,672,34c0a9f454f6f6b2de3c5e25ff432355701e8812747ee260acd9e8d8315de9a8,0,2,,0,police;wage;protest_unrest,3,3,community;justice_accountability,2,2,earnings_results;exploration_project,6,2,false,false,false,sibanye_context_without_case_anchor_review,Sibanye appears with labour/social context but no Marikana/Lonmin anchor; review before exclusion.,,,
SEC-MEDIA-0084,Daily Maverick,https://www.dailymaverick.co.za/article/2022-03-08-num-amcu-members-to-down-tools-at-sibanyes-gold-ops-on-9-march/,https://dailymaverick.co.za/article/2022-03-08-num-amcu-members-to-down-tools-at-sibanyes-gold-ops-on-9-march,2022,Num Amcu Members To Down Tools At Sibanyes Gold Ops On 9 March,secondary_keyword_only_review,https://www.dailymaverick.co.za/article/2022-03-08-num-amcu-members-to-down-tools-at-sibanyes-gold-ops-on-9-march/,retrieved_extracted,,2022-03-08,1003,a9f9080426541a041f1ad0168aaec97d70510b2381d2af8cac0b1d0cee47a46b,0,16,,0,strike;worker_miner;shooting_death;wage;union,35,5,commission_inquiry,1,1,earnings_results;production_output;funding_debt,5,3,false,false,true,sibanye_context_without_case_anchor_review,Sibanye appears with labour/social context but no Marikana/Lonmin anchor; review before exclusion.,,,
SEC-MEDIA-0085,Daily Maverick,https://www.dailymaverick.co.za/article/2022-04-06-sibanyes-froneman-draws-a-line-in-the-sand-on-above-inflation-wage-increases/,https://dailymaverick.co.za/article/2022-04-06-sibanyes-froneman-draws-a-line-in-the-sand-on-above-inflation-wage-increases,2022,Sibanyes Froneman Draws A Line In The Sand On Above Inflation Wage Increases,secondary_keyword_only_review,https://www.dailymaverick.co.za/article/2022-04-06-sibanyes-froneman-draws-a-line-in-the-sand-on-above-inflation-wage-increases/,retrieved_extracted,,2022-04-06,696,b52684c9b21c3642677f2b6dbdde2da09b5584c5e43a90fb61b0c5d0d0ab488f,0,8,,0,strike;worker_miner;wage;union,37,4,,0,0,share_price;commodity_market,2,2,false,false,false,sibanye_context_without_case_anchor_review,Sibanye appears with labour/social context but no Marikana/Lonmin anchor; review before exclusion.,,,
SEC-MEDIA-0086,Daily Maverick,https://www.dailymaverick.co.za/article/2022-05-15-sibanye-ceo-froneman-explains-r300m-renumeration-package/,https://dailymaverick.co.za/article/2022-05-15-sibanye-ceo-froneman-explains-r300m-renumeration-package,2022,Sibanye Ceo Froneman Explains R300M Renumeration Package,secondary_keyword_only_review,https://www.dailymaverick.co.za/article/2022-05-15-sibanye-ceo-froneman-explains-r300m-renumeration-package/,retrieved_extracted,,2022-05-15,1316,cd027a4ba7aaecd7e834f7343ddb2cc7659aa1009f0991b5a901e68eef0c1b14,4,6,marikana,2,strike;worker_miner;shooting_death;wage;union,44,5,,0,0,share_price;earnings_results;production_output;transaction;commodity_market,12,5,false,false,false,strong_case_context_supported,Body contains a high-specificity Marikana case term reinforced by labour/event/social/governance context.,,,
SEC-MEDIA-0087,Daily Maverick,https://www.dailymaverick.co.za/article/2022-05-29-sibanye-stillwater-in-mediation-with-striking-unions-while-wage-talks-remain-deadlocked/,https://dailymaverick.co.za/article/2022-05-29-sibanye-stillwater-in-mediation-with-striking-unions-while-wage-talks-remain-deadlocked,2022,Sibanye Stillwater In Mediation With Striking Unions While Wage Talks Remain Deadlocked,secondary_keyword_only_review,https://www.dailymaverick.co.za/article/2022-05-29-sibanye-stillwater-in-mediation-with-striking-unions-while-wage-talks-remain-deadlocked/,retrieved_extracted,,2022-05-29,905,f5a1e5b3b112594ba09b1b3feff0e13a6b67592b8cd696913571c6eadd2cf581,0,11,marikana,2,strike;worker_miner;police;shooting_death;wage;union;protest_unrest,58,7,housing;community;commission_inquiry,3,3,share_price;production_output;transaction,3,3,false,false,false,strong_case_context_supported,Body contains a high-specificity Marikana case term reinforced by labour/event/social/governance context.,,,
SEC-MEDIA-0088,Daily Maverick,https://www.dailymaverick.co.za/article/2022-05-31-sibanye-wage-talks-deadlock-again-num-amcu-seek-arbitrator-to-end-strike/,https://dailymaverick.co.za/article/2022-05-31-sibanye-wage-talks-deadlock-again-num-amcu-seek-arbitrator-to-end-strike,2022,Sibanye Wage Talks Deadlock Again Num Amcu Seek Arbitrator To End Strike,secondary_keyword_only_review,https://www.dailymaverick.co.za/article/2022-05-31-sibanye-wage-talks-deadlock-again-num-amcu-seek-arbitrator-to-end-strike/,retrieved_extracted,,2022-05-31,355,e782b25423fd81e2441ed07598f95d7026c5311c7f3d8291d8295f83ef2981a6,0,0,,0,strike;worker_miner;shooting_death;wage;union;protest_unrest,14,6,commission_inquiry,1,1,,0,0,false,false,true,no_case_anchor,"Extracted article text contains no Marikana, Lonmin or Sibanye anchor.",,,
SEC-MEDIA-0089,Daily Maverick,https://www.dailymaverick.co.za/article/2022-06-02-signs-of-imminent-deal-to-end-sibanye-gold-strike-as-union-boss-joseph-mathunjwa-rallies-numco/,https://dailymaverick.co.za/article/2022-06-02-signs-of-imminent-deal-to-end-sibanye-gold-strike-as-union-boss-joseph-mathunjwa-rallies-numco,2022,Signs Of Imminent Deal To End Sibanye Gold Strike As Union Boss Joseph Mathunjwa Rallies Numco,secondary_keyword_only_review,https://www.dailymaverick.co.za/article/2022-06-02-signs-of-imminent-deal-to-end-sibanye-gold-strike-as-union-boss-joseph-mathunjwa-rallies-numco/,retrieved_extracted,,2022-06-02,579,7b74dbdaad43f25492212da085685171b7a0abc707ed597ea92733e6917a9300,0,4,,0,strike;worker_miner;shooting_death;wage;union;protest_unrest,36,6,,0,0,funding_debt,1,1,false,false,true,sibanye_context_without_case_anchor_review,Sibanye appears with labour/social context but no Marikana/Lonmin anchor; review before exclusion.,,,
SEC-MEDIA-0090,Daily Maverick,https://www.dailymaverick.co.za/article/2022-06-05-as-sibanye-gold-strike-ends-focus-shifts-to-pgm-wage-talks-and-numcu-o/,https://dailymaverick.co.za/article/2022-06-05-as-sibanye-gold-strike-ends-focus-shifts-to-pgm-wage-talks-and-numcu-o,2022,As Sibanye Gold Strike Ends Focus Shifts To Pgm Wage Talks And Numcu O,secondary_keyword_only_review,https://www.dailymaverick.co.za/article/2022-06-05-as-sibanye-gold-strike-ends-focus-shifts-to-pgm-wage-talks-and-numcu-o/,retrieved_extracted,,2022-06-05,813,f650698cc49562a5486080edbf4aefe5378820ea191a47d99548fee53a7058d7,0,6,,0,strike;worker_miner;shooting_death;wage;union;protest_unrest,52,6,housing;justice_accountability;commission_inquiry,3,3,share_price;earnings_results,2,2,false,true,true,sibanye_context_without_case_anchor_review,Sibanye appears with labour/social context but no Marikana/Lonmin anchor; review before exclusion.,,,
SEC-MEDIA-0091,Daily Maverick,https://www.dailymaverick.co.za/article/2022-06-07-electrician-killed-in-shootout-involving-150-zamas-at-moth-balled-sibanye-gold-mine-video-included/,https://dailymaverick.co.za/article/2022-06-07-electrician-killed-in-shootout-involving-150-zamas-at-moth-balled-sibanye-gold-mine-video-included,2022,Electrician Killed In Shootout Involving 150 Zamas At Moth Balled Sibanye Gold Mine Video Included,secondary_keyword_only_review,https://www.dailymaverick.co.za/article/2022-06-07-electrician-killed-in-shootout-involving-150-zamas-at-moth-balled-sibanye-gold-mine-video-included/,retrieved_extracted,,2022-06-07,435,daf2122d75ab58e9f9c3ab6bdcabaf1fca21dd8edbf50d30032fde71bde5fc49,0,3,,0,strike;worker_miner;police;shooting_death;union;protest_unrest,18,6,community,1,1,,0,0,false,false,true,sibanye_context_without_case_anchor_review,Sibanye appears with labour/social context but no Marikana/Lonmin anchor; review before exclusion.,,,
SEC-MEDIA-0092,Daily Maverick,https://www.dailymaverick.co.za/article/2022-06-08-sibanye-wage-talks-hit-a-snag-as-haggling-still-persists-after-broad-agreement-to-end-strike/,https://dailymaverick.co.za/article/2022-06-08-sibanye-wage-talks-hit-a-snag-as-haggling-still-persists-after-broad-agreement-to-end-strike,2022,Sibanye Wage Talks Hit A Snag As Haggling Still Persists After Broad Agreement To End Strike,secondary_keyword_only_review,https://www.dailymaverick.co.za/article/2022-06-08-sibanye-wage-talks-hit-a-snag-as-haggling-still-persists-after-broad-agreement-to-end-strike/,retrieved_extracted,,2022-06-08,420,a7c1a5e808ca6087351a77b91ed927f76ed09db0dd7b76f06236af4c8dee928a,0,4,,0,strike;worker_miner;wage;union;protest_unrest,17,5,commission_inquiry,1,1,,0,0,false,false,true,sibanye_context_without_case_anchor_review,Sibanye appears with labour/social context but no Marikana/Lonmin anchor; review before exclusion.,,,
SEC-MEDIA-0093,Daily Maverick,https://www.dailymaverick.co.za/article/2022-06-12-sibanye-gold-strike-finally-ends-eyes-turn-to-pgm-wage-talks/,https://dailymaverick.co.za/article/2022-06-12-sibanye-gold-strike-finally-ends-eyes-turn-to-pgm-wage-talks,2022,Sibanye Gold Strike Finally Ends Eyes Turn To Pgm Wage Talks,secondary_keyword_only_review,https://www.dailymaverick.co.za/article/2022-06-12-sibanye-gold-strike-finally-ends-eyes-turn-to-pgm-wage-talks/,retrieved_extracted,,2022-06-12,766,c5890668ed4fe5970c2e09011ef5fdd08c13852acfe1657922d8dee32406d387,0,10,,0,strike;worker_miner;wage;union;protest_unrest,40,5,housing,2,1,share_price;earnings_results,2,2,false,true,true,sibanye_context_without_case_anchor_review,Sibanye appears with labour/social context but no Marikana/Lonmin anchor; review before exclusion.,,,
SEC-MEDIA-0094,Daily Maverick,https://www.dailymaverick.co.za/article/2022-06-14-sibanye-shuts-down-montana-pgm-operation-in-us-after-floods/,https://dailymaverick.co.za/article/2022-06-14-sibanye-shuts-down-montana-pgm-operation-in-us-after-floods,2022,Sibanye Shuts Down Montana Pgm Operation In Us After Floods,secondary_keyword_only_review,https://www.dailymaverick.co.za/article/2022-06-14-sibanye-shuts-down-montana-pgm-operation-in-us-after-floods/,retrieved_extracted,,2022-06-14,526,2c571738c20199ec940e94beccbaf76855fe6b88d1638e088d3ba856625c191f,0,6,,0,strike;wage;union,6,3,,0,0,share_price;earnings_results;production_output;commodity_market,8,4,false,true,false,sibanye_context_without_case_anchor_review,Sibanye appears with labour/social context but no Marikana/Lonmin anchor; review before exclusion.,,,
SEC-MEDIA-0095,Daily Maverick,https://www.dailymaverick.co.za/article/2022-06-27-implats-secures-five-year-wage-deal-with-amcu-numsa-member-murdered-in-rustenburg/,https://dailymaverick.co.za/article/2022-06-27-implats-secures-five-year-wage-deal-with-amcu-numsa-member-murdered-in-rustenburg,2022,Implats Secures Five Year Wage Deal With Amcu Numsa Member Murdered In Rustenburg,secondary_keyword_only_review,https://www.dailymaverick.co.za/article/2022-06-27-implats-secures-five-year-wage-deal-with-amcu-numsa-member-murdered-in-rustenburg/,retrieved_extracted,,2022-06-27,738,8bc85abdea5a228f1a642f5a966d3dda24e2c641e2978ba3f79d84f37f586751,0,4,,0,strike;worker_miner;wage;union,37,4,,0,0,share_price;earnings_results,2,2,false,false,true,sibanye_context_without_case_anchor_review,Sibanye appears with labour/social context but no Marikana/Lonmin anchor; review before exclusion.,,,
SEC-MEDIA-0096,Daily Maverick,https://www.dailymaverick.co.za/article/2022-06-28-amcus-mathunjwa-has-a-strong-message-for-sibanye-ahead-of-wage-talks/,https://dailymaverick.co.za/article/2022-06-28-amcus-mathunjwa-has-a-strong-message-for-sibanye-ahead-of-wage-talks,2022,Amcus Mathunjwa Has A Strong Message For Sibanye Ahead Of Wage Talks,secondary_keyword_only_review,https://www.dailymaverick.co.za/article/2022-06-28-amcus-mathunjwa-has-a-strong-message-for-sibanye-ahead-of-wage-talks/,retrieved_extracted,,2022-06-28,602,399e6954fbd85036d976792238a2fed85c7f1e5554b49881368d50fb10f9e08c,0,10,marikana,1,strike;worker_miner;wage;union,25,4,,0,0,,0,0,false,false,false,strong_case_context_supported,Body contains a high-specificity Marikana case term reinforced by labour/event/social/governance context.,,,
SEC-MEDIA-0097,Daily Maverick,https://www.dailymaverick.co.za/article/2022-08-25-gold-fields-and-its-offspring-sibanye-interim-earnings-tell-a-tale-of-two-contrasting-mining-operations/,https://dailymaverick.co.za/article/2022-08-25-gold-fields-and-its-offspring-sibanye-interim-earnings-tell-a-tale-of-two-contrasting-mining-operations,2022,Gold Fields And Its Offspring Sibanye Interim Earnings Tell A Tale Of Two Contrasting Mining Operations,secondary_keyword_only_review,https://www.dailymaverick.co.za/article/2022-08-25-gold-fields-and-its-offspring-sibanye-interim-earnings-tell-a-tale-of-two-contrasting-mining-operations/,retrieved_extracted,,2022-08-25,568,e068c01c0e0c97d0a09bc5cc6d44c81bf3ec79e4537ffabfeba93729943ceda7,0,9,,0,strike;worker_miner;union;protest_unrest,14,4,,0,0,share_price;earnings_results;production_output;transaction;dividend_rights,14,5,false,true,false,sibanye_context_without_case_anchor_review,Sibanye appears with labour/social context but no Marikana/Lonmin anchor; review before exclusion.,,,
SEC-MEDIA-0098,Daily Maverick,https://www.dailymaverick.co.za/article/2022-08-28-call-in-army-for-war-on-zama-zamas-says-sibanye-ceo-froneman/,https://dailymaverick.co.za/article/2022-08-28-call-in-army-for-war-on-zama-zamas-says-sibanye-ceo-froneman,2022,Call In Army For War On Zama Zamas Says Sibanye Ceo Froneman,secondary_keyword_only_review,https://www.dailymaverick.co.za/article/2022-08-28-call-in-army-for-war-on-zama-zamas-says-sibanye-ceo-froneman/,retrieved_extracted,,2022-08-28,632,4b2bc0e58b0c5626070db9a54eaa37717cfc8234986e5ac0a73ce02da3d7eed7,0,4,,0,strike;worker_miner;shooting_death,8,3,,0,0,earnings_results;transaction;exploration_project;commodity_market,4,4,false,false,false,sibanye_context_without_case_anchor_review,Sibanye appears with labour/social context but no Marikana/Lonmin anchor; review before exclusion.,,,
SEC-MEDIA-0099,Daily Maverick,https://www.dailymaverick.co.za/article/2022-10-02-sibanyes-pgm-unit-reaches-pay-deal-with-num-and-uasa-amcu-declares-dispute/,https://dailymaverick.co.za/article/2022-10-02-sibanyes-pgm-unit-reaches-pay-deal-with-num-and-uasa-amcu-declares-dispute,2022,Sibanyes Pgm Unit Reaches Pay Deal With Num And Uasa Amcu Declares Dispute,secondary_keyword_only_review,https://www.dailymaverick.co.za/article/2022-10-02-sibanyes-pgm-unit-reaches-pay-deal-with-num-and-uasa-amcu-declares-dispute/,retrieved_extracted,,2022-10-02,590,fb296d76249e4190a03ae377008c4308a14f9404e0567ecb383df73458c321a2,1,6,marikana,2,strike;worker_miner;shooting_death;wage;union,38,5,commission_inquiry,1,1,share_price;earnings_results;transaction;dividend_rights,6,4,false,true,true,strong_case_context_supported,Body contains a high-specificity Marikana case term reinforced by labour/event/social/governance context.,,,
SEC-MEDIA-0100,Daily Maverick,https://www.dailymaverick.co.za/article/2022-10-05-sibanye-ceo-says-the-burning-planet-is-driving-companys-green-metals-drive/,https://dailymaverick.co.za/article/2022-10-05-sibanye-ceo-says-the-burning-planet-is-driving-companys-green-metals-drive,2022,Sibanye Ceo Says The Burning Planet Is Driving Companys Green Metals Drive,secondary_keyword_only_review,https://www.dailymaverick.co.za/article/2022-10-05-sibanye-ceo-says-the-burning-planet-is-driving-companys-green-metals-drive/,retrieved_extracted,,2022-10-05,618,fc1a926b528524af84c7ead9b92e5e890f606118a168cdb44fc2ea69c32cd332,0,6,,0,,0,0,,0,0,production_output;transaction;exploration_project,5,3,false,false,false,ambiguous_secondary_review,Signals are insufficient for a defensible secondary-queue decision.,,,
SEC-MEDIA-0101,Daily Maverick,https://www.dailymaverick.co.za/article/2022-10-06-sibanye-cries-foul-after-amcu-rejects-wage-offer-accepted-by-other-unions/,https://dailymaverick.co.za/article/2022-10-06-sibanye-cries-foul-after-amcu-rejects-wage-offer-accepted-by-other-unions,2022,Sibanye Cries Foul After Amcu Rejects Wage Offer Accepted By Other Unions,secondary_keyword_only_review,https://www.dailymaverick.co.za/article/2022-10-06-sibanye-cries-foul-after-amcu-rejects-wage-offer-accepted-by-other-unions/,retrieved_extracted,,2022-10-06,724,1591b6ff284a44e3a9ecbb598712523e6d46691a8a7017823cd78b4adc1e5b1f,0,7,,0,strike;worker_miner;wage;union;protest_unrest,44,5,community;commission_inquiry,2,2,share_price;earnings_results,2,2,false,false,true,sibanye_context_without_case_anchor_review,Sibanye appears with labour/social context but no Marikana/Lonmin anchor; review before exclusion.,,,
SEC-MEDIA-0102,Daily Maverick,https://www.dailymaverick.co.za/article/2022-10-30-sibanye-amcu-sign-five-year-wage-deal-as-union-unrest-declines-in-pgm-sector/,https://dailymaverick.co.za/article/2022-10-30-sibanye-amcu-sign-five-year-wage-deal-as-union-unrest-declines-in-pgm-sector,2022,Sibanye Amcu Sign Five Year Wage Deal As Union Unrest Declines In Pgm Sector,secondary_keyword_only_review,https://www.dailymaverick.co.za/article/2022-10-30-sibanye-amcu-sign-five-year-wage-deal-as-union-unrest-declines-in-pgm-sector/,retrieved_extracted,,2022-10-30,638,f540bb9e5192e07b4337767ba27379c325cf858ad7cba984f48c7b239c4941f1,0,5,marikana,2,strike;worker_miner;shooting_death;wage;union;protest_unrest,28,6,,0,0,share_price;earnings_results;production_output,3,3,false,true,true,strong_case_context_supported,Body contains a high-specificity Marikana case term reinforced by labour/event/social/governance context.,,,
SEC-MEDIA-0103,Daily Maverick,https://www.dailymaverick.co.za/article/2022-11-01-sibanye-launches-retrenchment-talks-with-more-than-2400-gold-mine-jobs-on-the-line/,https://dailymaverick.co.za/article/2022-11-01-sibanye-launches-retrenchment-talks-with-more-than-2400-gold-mine-jobs-on-the-line,2022,Sibanye Launches Retrenchment Talks With More Than 2400 Gold Mine Jobs On The Line,secondary_keyword_only_review,https://www.dailymaverick.co.za/article/2022-11-01-sibanye-launches-retrenchment-talks-with-more-than-2400-gold-mine-jobs-on-the-line/,retrieved_extracted,,2022-11-01,975,5d46316bd4a0b330886e6a4a9226d2948b729c178a0028dbe269cd763d334f69,0,6,,0,strike;worker_miner;union,4,3,,0,0,earnings_results;production_output;exploration_project,15,3,false,false,true,sibanye_context_without_case_anchor_review,Sibanye appears with labour/social context but no Marikana/Lonmin anchor; review before exclusion.,,,
SEC-MEDIA-0104,Daily Maverick,https://www.dailymaverick.co.za/article/2023-02-06-sibanyes-froneman-says-sas-mining-sector-is-being-hammered-by-the-scourge-of-crime/,https://dailymaverick.co.za/article/2023-02-06-sibanyes-froneman-says-sas-mining-sector-is-being-hammered-by-the-scourge-of-crime,2023,Sibanyes Froneman Says Sas Mining Sector Is Being Hammered By The Scourge Of Crime,secondary_keyword_only_review,https://www.dailymaverick.co.za/article/2023-02-06-sibanyes-froneman-says-sas-mining-sector-is-being-hammered-by-the-scourge-of-crime/,retrieved_extracted,,2023-02-06,484,36da09de3ef588d65a96e71a6095b8afee7e77f4aa855e1911c68bee15a1e441,0,3,,0,worker_miner,1,1,justice_accountability,2,1,commodity_market,1,1,false,false,false,sibanye_context_without_case_anchor_review,Sibanye appears with labour/social context but no Marikana/Lonmin anchor; review before exclusion.,,,
SEC-MEDIA-0105,Daily Maverick,https://www.dailymaverick.co.za/article/2023-03-28-copper-cable-theft-cost-sibanye-north-of-r1bn-in-production-in-2022-mining-forum-told/,https://dailymaverick.co.za/article/2023-03-28-copper-cable-theft-cost-sibanye-north-of-r1bn-in-production-in-2022-mining-forum-told,2023,Copper Cable Theft Cost Sibanye North Of R1Bn In Production In 2022 Mining Forum Told,secondary_keyword_only_review,https://www.dailymaverick.co.za/article/2023-03-28-copper-cable-theft-cost-sibanye-north-of-r1bn-in-production-in-2022-mining-forum-told/,retrieved_extracted,,2023-03-28,1023,a22444ba3f93b7eb7041d8d02f335a27c81ec84a9aa93cc56fde98075576ebc6,0,7,,0,police;protest_unrest,17,2,community,3,1,earnings_results;production_output,8,2,false,true,false,sibanye_context_without_case_anchor_review,Sibanye appears with labour/social context but no Marikana/Lonmin anchor; review before exclusion.,,,
SEC-MEDIA-0106,Daily Maverick,https://www.dailymaverick.co.za/article/2023-04-25-sibanye-says-illegal-mining-a-growing-and-material-risk-for-its-sa-operations/,https://dailymaverick.co.za/article/2023-04-25-sibanye-says-illegal-mining-a-growing-and-material-risk-for-its-sa-operations,2023,Sibanye Says Illegal Mining A Growing And Material Risk For Its Sa Operations,secondary_keyword_only_review,https://www.dailymaverick.co.za/article/2023-04-25-sibanye-says-illegal-mining-a-growing-and-material-risk-for-its-sa-operations/,retrieved_extracted,,2023-04-25,776,1f30a0795a959325200c1081e092014931737dfd6f4aeb2e7cf7c6c31bcfec10,0,12,,0,worker_miner,5,1,community;justice_accountability,5,2,production_output;funding_debt;transaction,5,3,false,false,false,sibanye_context_without_case_anchor_review,Sibanye appears with labour/social context but no Marikana/Lonmin anchor; review before exclusion.,,,
SEC-MEDIA-0107,Daily Maverick,https://www.dailymaverick.co.za/article/2023-04-25-sibanyes-froneman-took-a-more-than-30-pay-cut-in-2022-group-maintains-wage-disparities-narrowing/,https://dailymaverick.co.za/article/2023-04-25-sibanyes-froneman-took-a-more-than-30-pay-cut-in-2022-group-maintains-wage-disparities-narrowing,2023,Sibanyes Froneman Took A More Than 30 Pay Cut In 2022 Group Maintains Wage Disparities Narrowing,secondary_keyword_only_review,https://www.dailymaverick.co.za/article/2023-04-25-sibanyes-froneman-took-a-more-than-30-pay-cut-in-2022-group-maintains-wage-disparities-narrowing/,retrieved_extracted,,2023-04-25,559,8f44685ffaf43fc65a117eeda4705d68dae8463f2a6ca86a027495743084e8b8,0,4,,0,wage;union,13,2,,0,0,share_price;earnings_results;commodity_market,6,3,false,false,false,sibanye_context_without_case_anchor_review,Sibanye appears with labour/social context but no Marikana/Lonmin anchor; review before exclusion.,,,
SEC-MEDIA-0108,Daily Maverick,https://www.dailymaverick.co.za/article/2023-05-29-sibanye-stillwater-inks-deal-to-buy-power-from-sas-largest-private-wind-farm-to-be-built-near-de-aar/,https://dailymaverick.co.za/article/2023-05-29-sibanye-stillwater-inks-deal-to-buy-power-from-sas-largest-private-wind-farm-to-be-built-near-de-aar,2023,Sibanye Stillwater Inks Deal To Buy Power From Sas Largest Private Wind Farm To Be Built Near De Aar,secondary_keyword_only_review,https://www.dailymaverick.co.za/article/2023-05-29-sibanye-stillwater-inks-deal-to-buy-power-from-sas-largest-private-wind-farm-to-be-built-near-de-aar/,retrieved_extracted,,2023-05-29,709,3e5a0bed4582d0af9086d2fa219cae9e8be8244a6f6f832e5ef5120082b1d718,0,10,,0,,0,0,,0,0,earnings_results;production_output;funding_debt;transaction;exploration_project,16,5,false,false,false,ambiguous_secondary_review,Signals are insufficient for a defensible secondary-queue decision.,,,
SEC-MEDIA-0109,Daily Maverick,https://www.dailymaverick.co.za/article/2023-08-29-sibanye-stillwater-flags-grey-elephants-as-earnings-sag-nevada-lithium-project-delayed-by-rare-plant/,https://dailymaverick.co.za/article/2023-08-29-sibanye-stillwater-flags-grey-elephants-as-earnings-sag-nevada-lithium-project-delayed-by-rare-plant,2023,Sibanye Stillwater Flags Grey Elephants As Earnings Sag Nevada Lithium Project Delayed By Rare Plant,secondary_keyword_only_review,https://www.dailymaverick.co.za/article/2023-08-29-sibanye-stillwater-flags-grey-elephants-as-earnings-sag-nevada-lithium-project-delayed-by-rare-plant/,retrieved_extracted,,2023-08-29,749,bed693ee30e4b294f65e6445f4f8ff4ecfaccca8997185f9c3ad49215d531e55,0,5,,0,strike,2,1,community,1,1,share_price;earnings_results;production_output;dividend_rights;exploration_project,20,5,false,true,false,sibanye_context_without_case_anchor_review,Sibanye appears with labour/social context but no Marikana/Lonmin anchor; review before exclusion.,,,
SEC-MEDIA-0110,Daily Maverick,https://www.dailymaverick.co.za/article/2023-09-04-surface-raids-increase-while-sibanye-beats-back-underground-crime/,https://dailymaverick.co.za/article/2023-09-04-surface-raids-increase-while-sibanye-beats-back-underground-crime,2023,Surface Raids Increase While Sibanye Beats Back Underground Crime,secondary_keyword_only_review,https://www.dailymaverick.co.za/article/2023-09-04-surface-raids-increase-while-sibanye-beats-back-underground-crime/,retrieved_extracted,,2023-09-04,505,111db643db2769b702cb53d3829003f40f171d42d5ec2a5c0d6392baaceb6518,0,3,,0,worker_miner,2,1,,0,0,earnings_results;production_output,4,2,false,false,false,ambiguous_secondary_review,Signals are insufficient for a defensible secondary-queue decision.,,,
SEC-MEDIA-0111,Daily Maverick,https://www.dailymaverick.co.za/article/2023-09-14-sibanye-signals-3000-lay-offs-at-kloof-as-operational-woes-trump-sky-high-gold-prices/,https://dailymaverick.co.za/article/2023-09-14-sibanye-signals-3000-lay-offs-at-kloof-as-operational-woes-trump-sky-high-gold-prices,2023,Sibanye Signals 3000 Lay Offs At Kloof As Operational Woes Trump Sky High Gold Prices,secondary_keyword_only_review,https://www.dailymaverick.co.za/article/2023-09-14-sibanye-signals-3000-lay-offs-at-kloof-as-operational-woes-trump-sky-high-gold-prices/,retrieved_extracted,,2023-09-14,741,a7512b4cc4ef01ea5eb5c77672500eb2d29f82ca93b62ac1d1b443e15b39a755,0,8,,0,worker_miner;union;protest_unrest,6,3,,0,0,earnings_results;production_output;exploration_project;commodity_market,19,4,false,false,false,sibanye_context_without_case_anchor_review,Sibanye appears with labour/social context but no Marikana/Lonmin anchor; review before exclusion.,,,
SEC-MEDIA-0112,Daily Maverick,https://www.dailymaverick.co.za/article/2023-10-04-lay-offs-in-pgm-sector-are-inevitable-as-prices-sink-and-costs-soar-sibanye-stillwater-ceo/,https://dailymaverick.co.za/article/2023-10-04-lay-offs-in-pgm-sector-are-inevitable-as-prices-sink-and-costs-soar-sibanye-stillwater-ceo,2023,Lay Offs In Pgm Sector Are Inevitable As Prices Sink And Costs Soar Sibanye Stillwater Ceo,secondary_keyword_only_review,https://www.dailymaverick.co.za/article/2023-10-04-lay-offs-in-pgm-sector-are-inevitable-as-prices-sink-and-costs-soar-sibanye-stillwater-ceo/,retrieved_extracted,,2023-10-04,686,2fd40f066daaf0b2c7eaec4c50407cdfebdb84a7efe266bb408cb1958e5bb320,2,5,,0,worker_miner;wage;union;protest_unrest,10,4,,0,0,earnings_results;production_output;transaction;exploration_project;commodity_market,9,5,false,true,false,possible_lonmin_substantive_context,Lonmin appears with labour/event/social/governance signals; direct substantive review is required.,,,
SEC-MEDIA-0113,Daily Maverick,https://www.dailymaverick.co.za/article/2023-10-23-gold-one-mine-hostage-drama-signals-possible-end-of-num-amcu-honeymoon/,https://dailymaverick.co.za/article/2023-10-23-gold-one-mine-hostage-drama-signals-possible-end-of-num-amcu-honeymoon,2023,Gold One Mine Hostage Drama Signals Possible End Of Num Amcu Honeymoon,secondary_keyword_only_review,https://www.dailymaverick.co.za/article/2023-10-23-gold-one-mine-hostage-drama-signals-possible-end-of-num-amcu-honeymoon/,retrieved_extracted,,2023-10-23,822,41ade1871462e4b9db26129276e55823b55ad1299728dfe6ef2186e011e07e20,0,0,marikana,1,strike;worker_miner;police;shooting_death;wage;union;protest_unrest,61,7,commission_inquiry,1,1,,0,0,false,false,true,strong_case_context_supported,Body contains a high-specificity Marikana case term reinforced by labour/event/social/governance context.,,,
SEC-MEDIA-0114,Daily Maverick,https://www.dailymaverick.co.za/article/2023-11-06-sibanye-in-five-year-wage-deal-with-amcu-and-num-suggesting-gold-one-flare-up-is-contained/,https://dailymaverick.co.za/article/2023-11-06-sibanye-in-five-year-wage-deal-with-amcu-and-num-suggesting-gold-one-flare-up-is-contained,2023,Sibanye In Five Year Wage Deal With Amcu And Num Suggesting Gold One Flare Up Is Contained,secondary_keyword_only_review,https://www.dailymaverick.co.za/article/2023-11-06-sibanye-in-five-year-wage-deal-with-amcu-and-num-suggesting-gold-one-flare-up-is-contained/,retrieved_extracted,,2023-11-06,630,c1868e2e0ad91e1b5b67634cb08dacf25bdfff636ad4d6f1590cc8a94c0eba7f,0,5,marikana,1,worker_miner;police;wage;union;protest_unrest,48,5,,0,0,earnings_results,1,1,false,false,true,strong_case_context_supported,Body contains a high-specificity Marikana case term reinforced by labour/event/social/governance context.,,,
SEC-MEDIA-0115,Daily Maverick,https://www.dailymaverick.co.za/opinionista/2012-10-19-from-the-nums-ashes-amcu-will-rise-and-rise/,https://dailymaverick.co.za/opinionista/2012-10-19-from-the-nums-ashes-amcu-will-rise-and-rise,2012,From The Nums Ashes Amcu Will Rise And Rise,secondary_keyword_only_review,https://www.dailymaverick.co.za/opinionista/2012-10-19-from-the-nums-ashes-amcu-will-rise-and-rise/,retrieved_extracted,,2012-10-19,1149,cbb8e18b8df74aa71f554e089e2d4f8c84bc5cb9e25d9841fba44428d7eb00cb,1,0,marikana,7,strike;worker_miner;police;shooting_death;wage;union,70,6,housing,1,1,share_price;exploration_project,3,2,true,false,true,strong_case_context_supported,Body contains a high-specificity Marikana case term reinforced by labour/event/social/governance context.,,,
SEC-MEDIA-0116,Daily Maverick,https://www.dailymaverick.co.za/opinionista/2014-06-30-after-the-platinum-strike-we-dare-not-fail-now/,https://dailymaverick.co.za/opinionista/2014-06-30-after-the-platinum-strike-we-dare-not-fail-now,2014,After The Platinum Strike We Dare Not Fail Now,secondary_keyword_only_review,https://www.dailymaverick.co.za/opinionista/2014-06-30-after-the-platinum-strike-we-dare-not-fail-now/,retrieved_extracted,,2014-06-30,1192,09b0b173e9a350f03fc15d5f304b3cdccad29d33a409f15fcfba8ec134b2f347,0,0,marikana,2,strike;worker_miner;shooting_death;wage;union;protest_unrest,22,6,housing;community;justice_accountability;commission_inquiry,14,4,share_price;transaction,2,2,false,false,true,strong_case_context_supported,Body contains a high-specificity Marikana case term reinforced by labour/event/social/governance context.,,,
SEC-MEDIA-0117,Daily Maverick,https://www.dailymaverick.co.za/opinionista/2014-07-01-lessons-from-the-platinum-strike-the-poison-of-inequality/,https://dailymaverick.co.za/opinionista/2014-07-01-lessons-from-the-platinum-strike-the-poison-of-inequality,2014,Lessons From The Platinum Strike The Poison Of Inequality,secondary_keyword_only_review,https://www.dailymaverick.co.za/opinionista/2014-07-01-lessons-from-the-platinum-strike-the-poison-of-inequality/,retrieved_extracted,,2014-07-01,1058,cb3fd509defcbfd3cf23b50bea6a19c797e26e5ad8b5c3f0771148a053eafde1,3,0,,0,strike;worker_miner;wage,26,3,housing,1,1,share_price;production_output;transaction,16,3,false,false,true,strong_lonmin_context_supported,"No high-specificity case term, but Lonmin is repeatedly substantive alongside strong labour/social/governance context.",,,
SEC-MEDIA-0118,Daily Maverick,https://www.dailymaverick.co.za/opinionista/2019-04-24-the-sibanye-stillwater-strike-has-had-devastating-consequences-all-because-of-joseph-mathunjwas-ambitions/,https://dailymaverick.co.za/opinionista/2019-04-24-the-sibanye-stillwater-strike-has-had-devastating-consequences-all-because-of-joseph-mathunjwas-ambitions,2019,The Sibanye Stillwater Strike Has Had Devastating Consequences All Because Of Joseph Mathunjwas Ambitions,secondary_keyword_only_review,https://www.dailymaverick.co.za/opinionista/2019-04-24-the-sibanye-stillwater-strike-has-had-devastating-consequences-all-because-of-joseph-mathunjwas-ambitions/,retrieved_extracted,,2019-04-24,629,addc1989be9081bc883f6b2a4ea342768e43d1b13ec0f1c292329f405cf9af3b,0,3,,0,strike;worker_miner;shooting_death;wage;union;protest_unrest,51,6,housing,1,1,funding_debt,1,1,false,false,true,sibanye_context_without_case_anchor_review,Sibanye appears with labour/social context but no Marikana/Lonmin anchor; review before exclusion.,,,
SEC-MEDIA-0119,Engineering News,https://www.engineeringnews.co.za/article/11-sibanye-employees-face-arrest-over-inter-union-violence-2015-03-11,https://engineeringnews.co.za/article/11-sibanye-employees-face-arrest-over-inter-union-violence-2015-03-11,2015,11 Sibanye Employees Face Arrest Over Inter Union Violence,secondary_keyword_only_review,https://www.engineeringnews.co.za/article/11-sibanye-employees-face-arrest-over-inter-union-violence-2015-03-11,retrieved_extracted,,2015-03-11,532,bef3fa04e5e429748e55d0c87c03ea5599681e67eb46bb1ac383d65df8913e24,0,7,,0,worker_miner;police;union;protest_unrest,14,4,justice_accountability,1,1,earnings_results;production_output,6,2,false,false,false,sibanye_context_without_case_anchor_review,Sibanye appears with labour/social context but no Marikana/Lonmin anchor; review before exclusion.,,,
SEC-MEDIA-0120,Engineering News,https://www.engineeringnews.co.za/article/51-sibanye-employees-test-positive-for-covid-19-2020-05-28,https://engineeringnews.co.za/article/51-sibanye-employees-test-positive-for-covid-19-2020-05-28,2020,51 Sibanye Employees Test Positive For Covid 19,secondary_keyword_only_review,https://www.engineeringnews.co.za/article/51-sibanye-employees-test-positive-for-covid-19-2020-05-28,retrieved_extracted,,2020-05-28,1248,d64d392e6f010680335de94f6f30eabd452f55f107d82b0ad269cdceb66514bc,0,4,,0,worker_miner;wage;union,9,3,community,2,1,earnings_results;production_output;funding_debt;exploration_project,18,4,false,false,false,sibanye_context_without_case_anchor_review,Sibanye appears with labour/social context but no Marikana/Lonmin anchor; review before exclusion.,,,
SEC-MEDIA-0121,Engineering News,https://www.engineeringnews.co.za/article/80-000-amcu-workers-on-strike-in-platinum-sector-2014-01-23,https://engineeringnews.co.za/article/80-000-amcu-workers-on-strike-in-platinum-sector-2014-01-23,2014,80 000 Amcu Workers On Strike In Platinum Sector,secondary_keyword_only_review,https://www.engineeringnews.co.za/article/80-000-amcu-workers-on-strike-in-platinum-sector-2014-01-23,retrieved_extracted,,2014-01-23,1231,2f34f2ae26f6a569bb4533218014ee6a10c7fa1f5dbbf6b90f8b134bd96be6ea,2,1,,0,strike;worker_miner;police;shooting_death;wage;union;protest_unrest,70,7,community,2,1,earnings_results,2,1,false,false,true,possible_lonmin_substantive_context,Lonmin appears with labour/event/social/governance signals; direct substantive review is required.,,,
SEC-MEDIA-0122,Engineering News,https://www.engineeringnews.co.za/article/accord-with-amcu-sets-mechanised-gold-junior-on-new-growth-path-2014-04-08,https://engineeringnews.co.za/article/accord-with-amcu-sets-mechanised-gold-junior-on-new-growth-path-2014-04-08,2014,Accord With Amcu Sets Mechanised Gold Junior On New Growth Path,secondary_keyword_only_review,https://www.engineeringnews.co.za/article/accord-with-amcu-sets-mechanised-gold-junior-on-new-growth-path-2014-04-08,retrieved_extracted,,2014-04-08,1034,17600dbf34d5e14038158e784287b5174947852a5bf6981736716a99ff48e166,0,0,,0,strike;worker_miner;wage;union,13,4,housing;community,4,2,share_price;earnings_results;production_output;funding_debt,9,4,false,false,true,no_case_anchor,"Extracted article text contains no Marikana, Lonmin or Sibanye anchor.",,,
SEC-MEDIA-0123,Engineering News,https://www.engineeringnews.co.za/article/accord-with-amcu-sets-mechanised-gold-junior-on-new-growth-path-2014-04-18,https://engineeringnews.co.za/article/accord-with-amcu-sets-mechanised-gold-junior-on-new-growth-path-2014-04-18,2014,Accord With Amcu Sets Mechanised Gold Junior On New Growth Path,secondary_keyword_only_review,https://www.engineeringnews.co.za/article/accord-with-amcu-sets-mechanised-gold-junior-on-new-growth-path-2014-04-18,retrieved_extracted,,2014-04-18,1028,d7f6d98468c0cd88aa750fc858cd15b7d5e7760328e91aedcbf5e046bca246c8,0,0,,0,strike;worker_miner;wage;union,13,4,housing;community,4,2,share_price;earnings_results;production_output;funding_debt,9,4,false,false,true,no_case_anchor,"Extracted article text contains no Marikana, Lonmin or Sibanye anchor.",,,
SEC-MEDIA-0124,Engineering News,https://www.engineeringnews.co.za/article/acquisitions-boost-sibanyes-gold-reserves-65-2014-06-04,https://engineeringnews.co.za/article/acquisitions-boost-sibanyes-gold-reserves-65-2014-06-04,2014,Acquisitions Boost Sibanyes Gold Reserves 65,secondary_keyword_only_review,https://www.engineeringnews.co.za/article/acquisitions-boost-sibanyes-gold-reserves-65-2014-06-04,retrieved_extracted,,2014-06-04,582,9554ece2a807209ee25e2d31fb5550c522abd676affba0677f502e7725d0e8a4,0,10,,0,,0,0,,0,0,earnings_results;production_output;transaction;exploration_project,18,4,false,false,false,ambiguous_secondary_review,Signals are insufficient for a defensible secondary-queue decision.,,,
SEC-MEDIA-0125,Engineering News,https://www.engineeringnews.co.za/article/after-ma-spree-sibanye-is-now-the-worlds-largest-platinum-miner-2019-05-30,https://engineeringnews.co.za/article/after-ma-spree-sibanye-is-now-the-worlds-largest-platinum-miner-2019-05-30,2019,After Ma Spree Sibanye Is Now The Worlds Largest Platinum Miner,secondary_keyword_only_review,https://www.engineeringnews.co.za/article/after-ma-spree-sibanye-is-now-the-worlds-largest-platinum-miner-2019-05-30,retrieved_extracted,,2019-05-30,867,d36412fb927ef8aab8c2a0e38bb9f50c6cf5e9307dbaf00df1a4cebebf6fd5ae,11,11,,0,worker_miner;wage;union,8,3,,0,0,share_price;earnings_results;production_output;funding_debt;transaction;dividend_rights;commodity_market,17,7,false,false,true,strong_lonmin_context_supported,"No high-specificity case term, but Lonmin is repeatedly substantive alongside strong labour/social/governance context.",,,
SEC-MEDIA-0126,Engineering News,https://www.engineeringnews.co.za/article/all-1-800-trapped-sibanye-miners-are-rescued-government-says-2019-05-01,https://engineeringnews.co.za/article/all-1-800-trapped-sibanye-miners-are-rescued-government-says-2019-05-01,2019,All 1 800 Trapped Sibanye Miners Are Rescued Government Says,secondary_keyword_only_review,https://www.engineeringnews.co.za/article/all-1-800-trapped-sibanye-miners-are-rescued-government-says-2019-05-01,retrieved_extracted,,2019-05-01,490,3213febe790f8a29028d734c6534c563f212363268994a46979aa5d4554b19c9,0,5,,0,worker_miner,5,1,,0,0,share_price;earnings_results;exploration_project,4,3,false,false,true,ambiguous_secondary_review,Signals are insufficient for a defensible secondary-queue decision.,,,
SEC-MEDIA-0127,Engineering News,https://www.engineeringnews.co.za/article/allan-gray-lifts-interest-in-sibanye-above-5-2021-09-07,https://engineeringnews.co.za/article/allan-gray-lifts-interest-in-sibanye-above-5-2021-09-07,2021,Allan Gray Lifts Interest In Sibanye Above 5,secondary_keyword_only_review,https://www.engineeringnews.co.za/article/allan-gray-lifts-interest-in-sibanye-above-5-2021-09-07,retrieved_extracted,,2021-09-07,332,30582e533746a2d06469314b990c99e84f7d5a38df72fa185288562173bc6258,0,3,,0,worker_miner,1,1,,0,0,earnings_results,2,1,false,false,false,ambiguous_secondary_review,Signals are insufficient for a defensible secondary-queue decision.,,,
SEC-MEDIA-0128,Engineering News,https://www.engineeringnews.co.za/article/alternative-energy-developments-at-amplats-sibanye-2020-02-20,https://engineeringnews.co.za/article/alternative-energy-developments-at-amplats-sibanye-2020-02-20,2020,Alternative Energy Developments At Amplats Sibanye,secondary_keyword_only_review,https://www.engineeringnews.co.za/article/alternative-energy-developments-at-amplats-sibanye-2020-02-20,retrieved_extracted,,2020-02-20,306,7d007a34d633d6165fff677310919df092d0580ed0510df56c818ebe0ab5deb9,0,2,,0,,0,0,,0,0,earnings_results,2,1,false,false,false,ambiguous_secondary_review,Signals are insufficient for a defensible secondary-queue decision.,,,
SEC-MEDIA-0129,Engineering News,https://www.engineeringnews.co.za/article/alternatives-to-explosives-required-sibanye-developing-new-technologies-2016-12-09,https://engineeringnews.co.za/article/alternatives-to-explosives-required-sibanye-developing-new-technologies-2016-12-09,2016,Alternatives To Explosives Required Sibanye Developing New Technologies,secondary_keyword_only_review,https://www.engineeringnews.co.za/article/alternatives-to-explosives-required-sibanye-developing-new-technologies-2016-12-09,retrieved_extracted,,2016-12-09,1424,e7c26b6c08458886e8c71334ced0b1aa53b733e83cac82693fa17d5699b0021e,0,7,,0,worker_miner,4,1,,0,0,earnings_results;production_output;exploration_project;commodity_market,9,4,false,false,false,ambiguous_secondary_review,Signals are insufficient for a defensible secondary-queue decision.,,,
SEC-MEDIA-0130,Engineering News,https://www.engineeringnews.co.za/article/amcu-accepts-wage-offer-2014-06-23,https://engineeringnews.co.za/article/amcu-accepts-wage-offer-2014-06-23,2014,Amcu Accepts Wage Offer,secondary_keyword_only_review,https://www.engineeringnews.co.za/article/amcu-accepts-wage-offer-2014-06-23,retrieved_extracted,,2014-06-23,433,dc0b8dcb213b6405406144d5cf8691b55727e3f1f28ed665e1a754d692c24cc2,0,0,,0,strike;worker_miner;wage;union,20,4,,0,0,earnings_results,2,1,false,false,true,no_case_anchor,"Extracted article text contains no Marikana, Lonmin or Sibanye anchor.",,,
SEC-MEDIA-0131,Engineering News,https://www.engineeringnews.co.za/article/amcu-accuses-sibanye-of-using-underhand-tactics-to-end-strike-2018-12-13,https://engineeringnews.co.za/article/amcu-accuses-sibanye-of-using-underhand-tactics-to-end-strike-2018-12-13,2018,Amcu Accuses Sibanye Of Using Underhand Tactics To End Strike,secondary_keyword_only_review,https://www.engineeringnews.co.za/article/amcu-accuses-sibanye-of-using-underhand-tactics-to-end-strike-2018-12-13,retrieved_extracted,,2018-12-13,831,8389406b9ef43831802b4b03b1faae22a808ce0eb9ee1cf692c963d2f77470e0,0,12,,0,strike;worker_miner;shooting_death;wage;union;protest_unrest,52,6,,0,0,earnings_results,2,1,false,false,true,sibanye_context_without_case_anchor_review,Sibanye appears with labour/social context but no Marikana/Lonmin anchor; review before exclusion.,,,
SEC-MEDIA-0132,Engineering News,https://www.engineeringnews.co.za/article/amcu-application-postponed-2013-01-22,https://engineeringnews.co.za/article/amcu-application-postponed-2013-01-22,2013,Amcu Application Postponed,secondary_keyword_only_review,https://www.engineeringnews.co.za/article/amcu-application-postponed-2013-01-22,retrieved_extracted,,2013-01-22,510,25bfc09e9e37f0ccce199bf7acf1d98c05ae6859fdcec99021f2e2d63eabc4c4,0,0,,0,strike;worker_miner;union,16,3,housing,3,1,earnings_results,2,1,false,false,true,no_case_anchor,"Extracted article text contains no Marikana, Lonmin or Sibanye anchor.",,,
SEC-MEDIA-0133,Engineering News,https://www.engineeringnews.co.za/article/amcu-article-2013-02-25,https://engineeringnews.co.za/article/amcu-article-2013-02-25,2013,Amcu Article,secondary_keyword_only_review,https://www.engineeringnews.co.za/article/amcu-article-2013-02-25,retrieved_extracted,,2013-02-25,674,52edef4d5ca216fc16ab15cb477b57b81812b79e292aab4290632c2f2c9a2ec1,0,0,,0,strike;worker_miner;union;protest_unrest,18,4,housing,1,1,earnings_results;commodity_market,3,2,false,false,true,no_case_anchor,"Extracted article text contains no Marikana, Lonmin or Sibanye anchor.",,,
SEC-MEDIA-0134,Engineering News,https://www.engineeringnews.co.za/article/amcu-assists-beleaguered-mineworkers-at-lily-mine-2016-07-29,https://engineeringnews.co.za/article/amcu-assists-beleaguered-mineworkers-at-lily-mine-2016-07-29,2016,Amcu Assists Beleaguered Mineworkers At Lily Mine,secondary_keyword_only_review,https://www.engineeringnews.co.za/article/amcu-assists-beleaguered-mineworkers-at-lily-mine-2016-07-29,retrieved_extracted,,2016-07-29,606,9145570f056cfc83df7ede142d8907ceb0bd8fe59cbf85e5955590de33e310af,0,0,,0,worker_miner;wage;union,18,3,,0,0,earnings_results,2,1,false,false,true,no_case_anchor,"Extracted article text contains no Marikana, Lonmin or Sibanye anchor.",,,
SEC-MEDIA-0135,Engineering News,https://www.engineeringnews.co.za/article/amcu-awaits-court-ruling-on-its-right-to-engage-in-protected-strike-action-2015-10-23,https://engineeringnews.co.za/article/amcu-awaits-court-ruling-on-its-right-to-engage-in-protected-strike-action-2015-10-23,2015,Amcu Awaits Court Ruling On Its Right To Engage In Protected Strike Action,secondary_keyword_only_review,https://www.engineeringnews.co.za/article/amcu-awaits-court-ruling-on-its-right-to-engage-in-protected-strike-action-2015-10-23,retrieved_extracted,,2015-10-23,704,5593079256b4ca051430c7daa1cc9c886c79d9597aeeff5c8fbfb3ca9dc68dd3,0,4,,0,strike;worker_miner;wage;union,31,4,justice_accountability,2,1,earnings_results,2,1,false,false,true,sibanye_context_without_case_anchor_review,Sibanye appears with labour/social context but no Marikana/Lonmin anchor; review before exclusion.,,,
SEC-MEDIA-0136,Engineering News,https://www.engineeringnews.co.za/article/amcu-calls-for-amplats-mining-rights-to-be-revoked-proposes-nationalisation-2013-01-17,https://engineeringnews.co.za/article/amcu-calls-for-amplats-mining-rights-to-be-revoked-proposes-nationalisation-2013-01-17,2013,Amcu Calls For Amplats Mining Rights To Be Revoked Proposes Nationalisation,secondary_keyword_only_review,https://www.engineeringnews.co.za/article/amcu-calls-for-amplats-mining-rights-to-be-revoked-proposes-nationalisation-2013-01-17,retrieved_extracted,,2013-01-17,1061,5a2869897d4e61ce9ba5b609c5ee44570aabac50099c826267805baebe70b631,0,0,,0,strike;worker_miner;union;protest_unrest,21,4,housing,2,1,earnings_results,4,1,false,false,true,no_case_anchor,"Extracted article text contains no Marikana, Lonmin or Sibanye anchor.",,,
SEC-MEDIA-0137,Engineering News,https://www.engineeringnews.co.za/article/amcu-calls-for-commission-into-mine-safety-2017-10-16,https://engineeringnews.co.za/article/amcu-calls-for-commission-into-mine-safety-2017-10-16,2017,Amcu Calls For Commission Into Mine Safety,secondary_keyword_only_review,https://www.engineeringnews.co.za/article/amcu-calls-for-commission-into-mine-safety-2017-10-16,retrieved_extracted,,2017-10-16,488,79773b9021af559d38fd59d2804e5b3e0fe91e09cd295750bff0cbe8fddc862d,0,0,,0,worker_miner;shooting_death;union,12,3,commission_inquiry,3,1,earnings_results,3,1,false,false,true,no_case_anchor,"Extracted article text contains no Marikana, Lonmin or Sibanye anchor.",,,
SEC-MEDIA-0138,Engineering News,https://www.engineeringnews.co.za/article/amcu-calls-for-criminal-charges-following-barberton-mine-collapse-2016-02-05,https://engineeringnews.co.za/article/amcu-calls-for-criminal-charges-following-barberton-mine-collapse-2016-02-05,2016,Amcu Calls For Criminal Charges Following Barberton Mine Collapse,secondary_keyword_only_review,https://www.engineeringnews.co.za/article/amcu-calls-for-criminal-charges-following-barberton-mine-collapse-2016-02-05,retrieved_extracted,,2016-02-05,770,0c34fe14f11a88ad4ec9ccb9dd6e926f946e49c93dd3b8645ecbe185c300bc49,0,0,,0,worker_miner;union,20,2,community,1,1,earnings_results,2,1,false,false,true,no_case_anchor,"Extracted article text contains no Marikana, Lonmin or Sibanye anchor.",,,
SEC-MEDIA-0139,Engineering News,https://www.engineeringnews.co.za/article/amcu-calls-for-more-whistle-blowers-to-come-forward-in-samancor-chrome-case-2019-10-09,https://engineeringnews.co.za/article/amcu-calls-for-more-whistle-blowers-to-come-forward-in-samancor-chrome-case-2019-10-09,2019,Amcu Calls For More Whistle Blowers To Come Forward In Samancor Chrome Case,secondary_keyword_only_review,https://www.engineeringnews.co.za/article/amcu-calls-for-more-whistle-blowers-to-come-forward-in-samancor-chrome-case-2019-10-09,retrieved_extracted,,2019-10-09,916,dbcd1238d0960b0df624d35450f3a1f88c3169c4b674be09bb8961bfbd722326,0,0,,0,worker_miner;wage;union,27,3,community;justice_accountability;commission_inquiry,3,3,share_price;earnings_results;commodity_market,10,3,false,false,true,no_case_anchor,"Extracted article text contains no Marikana, Lonmin or Sibanye anchor.",,,
SEC-MEDIA-0140,Engineering News,https://www.engineeringnews.co.za/article/amcu-calls-for-testing-of-all-employees-at-affiliated-workplaces-2020-05-25,https://engineeringnews.co.za/article/amcu-calls-for-testing-of-all-employees-at-affiliated-workplaces-2020-05-25,2020,Amcu Calls For Testing Of All Employees At Affiliated Workplaces,secondary_keyword_only_review,https://www.engineeringnews.co.za/article/amcu-calls-for-testing-of-all-employees-at-affiliated-workplaces-2020-05-25,retrieved_extracted,,2020-05-25,865,cb772fd4602358442e008df3bc83624d9b7d51abe47212467b0cfc1abd82a6a2,0,0,,0,worker_miner;union,30,2,community,1,1,earnings_results,2,1,false,false,true,no_case_anchor,"Extracted article text contains no Marikana, Lonmin or Sibanye anchor.",,,
SEC-MEDIA-0141,Engineering News,https://www.engineeringnews.co.za/article/amcu-calls-for-tougher-mine-safety-regulation-2019-07-02,https://engineeringnews.co.za/article/amcu-calls-for-tougher-mine-safety-regulation-2019-07-02,2019,Amcu Calls For Tougher Mine Safety Regulation,secondary_keyword_only_review,https://www.engineeringnews.co.za/article/amcu-calls-for-tougher-mine-safety-regulation-2019-07-02,retrieved_extracted,,2019-07-02,475,df8b6832dee515e728dbf38e8c1fa7244379c7837c417b0b46cde399c3d1a207,0,0,,0,worker_miner;shooting_death;union,9,3,justice_accountability,1,1,earnings_results;exploration_project,5,2,false,false,true,no_case_anchor,"Extracted article text contains no Marikana, Lonmin or Sibanye anchor.",,,
SEC-MEDIA-0142,Engineering News,https://www.engineeringnews.co.za/article/amcu-calls-for-tougher-mine-safety-regulation-2019-07-12,https://engineeringnews.co.za/article/amcu-calls-for-tougher-mine-safety-regulation-2019-07-12,2019,Amcu Calls For Tougher Mine Safety Regulation,secondary_keyword_only_review,https://www.engineeringnews.co.za/article/amcu-calls-for-tougher-mine-safety-regulation-2019-07-12,retrieved_extracted,,2019-07-12,476,51a4c507615e13ffb4d4d1c76324e524988cc000e8ebb7b839d313e3e0d920dc,0,0,,0,worker_miner;shooting_death;union,9,3,justice_accountability,1,1,earnings_results;exploration_project,5,2,false,false,true,no_case_anchor,"Extracted article text contains no Marikana, Lonmin or Sibanye anchor.",,,
SEC-MEDIA-0143,Engineering News,https://www.engineeringnews.co.za/article/amcu-calls-on-all-members-to-strike-in-support-of-sibanye-gold-employees-2019-02-19,https://engineeringnews.co.za/article/amcu-calls-on-all-members-to-strike-in-support-of-sibanye-gold-employees-2019-02-19,2019,Amcu Calls On All Members To Strike In Support Of Sibanye Gold Employees,secondary_keyword_only_review,https://www.engineeringnews.co.za/article/amcu-calls-on-all-members-to-strike-in-support-of-sibanye-gold-employees-2019-02-19,retrieved_extracted,,2019-02-19,505,c189b7d47c7e68f1dda2c952183d46dc61ef7f617c64b401787a3586b2dbd25d,1,6,,0,strike;worker_miner;union,15,3,,0,0,earnings_results,2,1,false,false,true,possible_lonmin_substantive_context,Lonmin appears with labour/event/social/governance signals; direct substantive review is required.,,,
SEC-MEDIA-0144,Engineering News,https://www.engineeringnews.co.za/article/amcu-calls-on-glencore-to-improve-mineworkers-wages-benefits-2016-05-06,https://engineeringnews.co.za/article/amcu-calls-on-glencore-to-improve-mineworkers-wages-benefits-2016-05-06,2016,Amcu Calls On Glencore To Improve Mineworkers Wages Benefits,secondary_keyword_only_review,https://www.engineeringnews.co.za/article/amcu-calls-on-glencore-to-improve-mineworkers-wages-benefits-2016-05-06,retrieved_extracted,,2016-05-06,701,fb3d3e6210f14bb99af3dbca01447eaef20d1361ab2db3ae0ab8bda7199fe7aa,0,0,,0,strike;worker_miner;police;shooting_death;wage;union;protest_unrest,32,7,community,1,1,earnings_results,2,1,false,false,true,no_case_anchor,"Extracted article text contains no Marikana, Lonmin or Sibanye anchor.",,,
SEC-MEDIA-0145,Engineering News,https://www.engineeringnews.co.za/article/amcu-calls-on-gold-miners-to-return-to-the-negotiating-table-2015-10-14,https://engineeringnews.co.za/article/amcu-calls-on-gold-miners-to-return-to-the-negotiating-table-2015-10-14,2015,Amcu Calls On Gold Miners To Return To The Negotiating Table,secondary_keyword_only_review,https://www.engineeringnews.co.za/article/amcu-calls-on-gold-miners-to-return-to-the-negotiating-table-2015-10-14,retrieved_extracted,,2015-10-14,1217,a6871d8f3aa8e92d389c976e1261eb3c232502bb166ee623d7ee60c3fe7b2eeb,0,4,,0,strike;worker_miner;wage;union,51,4,justice_accountability,1,1,earnings_results;commodity_market,10,2,false,false,true,sibanye_context_without_case_anchor_review,Sibanye appears with labour/social context but no Marikana/Lonmin anchor; review before exclusion.,,,
SEC-MEDIA-0146,Engineering News,https://www.engineeringnews.co.za/article/amcu-calls-on-ramaphosa-to-intervene-in-strike-at-sibanye-operations-2019-03-14,https://engineeringnews.co.za/article/amcu-calls-on-ramaphosa-to-intervene-in-strike-at-sibanye-operations-2019-03-14,2019,Amcu Calls On Ramaphosa To Intervene In Strike At Sibanye Operations,secondary_keyword_only_review,https://www.engineeringnews.co.za/article/amcu-calls-on-ramaphosa-to-intervene-in-strike-at-sibanye-operations-2019-03-14,retrieved_extracted,,2019-03-14,628,710f05bda4321a979f06b82d8bd9457106db023f4ade4dc931cd201561d4b358,0,7,,0,strike;worker_miner;police;wage;union;protest_unrest,36,6,community;commission_inquiry,2,2,earnings_results,2,1,false,false,true,sibanye_context_without_case_anchor_review,Sibanye appears with labour/social context but no Marikana/Lonmin anchor; review before exclusion.,,,
SEC-MEDIA-0147,Engineering News,https://www.engineeringnews.co.za/article/amcu-ccma-talks-postponed-until-monday-2014-02-14,https://engineeringnews.co.za/article/amcu-ccma-talks-postponed-until-monday-2014-02-14,2014,Amcu Ccma Talks Postponed Until Monday,secondary_keyword_only_review,https://www.engineeringnews.co.za/article/amcu-ccma-talks-postponed-until-monday-2014-02-14,retrieved_extracted,,2014-02-14,392,58b41b4ff63e7cf18dacab3bac1485999bcd88d57a963f11fd538dbe099aa6ad,1,0,,0,worker_miner;union,7,2,commission_inquiry,1,1,earnings_results,2,1,false,false,true,possible_lonmin_substantive_context,Lonmin appears with labour/event/social/governance signals; direct substantive review is required.,,,
SEC-MEDIA-0148,Engineering News,https://www.engineeringnews.co.za/article/amcu-celebrates-workers-day-sends-signal-to-rivals-saying-politics-not-unions-business-2017-05-02,https://engineeringnews.co.za/article/amcu-celebrates-workers-day-sends-signal-to-rivals-saying-politics-not-unions-business-2017-05-02,2017,Amcu Celebrates Workers Day Sends Signal To Rivals Saying Politics Not Unions Business,secondary_keyword_only_review,https://www.engineeringnews.co.za/article/amcu-celebrates-workers-day-sends-signal-to-rivals-saying-politics-not-unions-business-2017-05-02,retrieved_extracted,,2017-05-02,998,eba3286a40d3cbb4e3f17a06c5130095afba0f86a3d3078c571380aaf1942ba9,0,0,,0,strike;worker_miner;wage;union;protest_unrest,48,5,housing,1,1,earnings_results;funding_debt,3,2,false,false,true,no_case_anchor,"Extracted article text contains no Marikana, Lonmin or Sibanye anchor.",,,
SEC-MEDIA-0149,Engineering News,https://www.engineeringnews.co.za/article/amcu-claims-substandard-safety-equipment-procedures-led-to-fatalities-at-implats-2016-01-27,https://engineeringnews.co.za/article/amcu-claims-substandard-safety-equipment-procedures-led-to-fatalities-at-implats-2016-01-27,2016,Amcu Claims Substandard Safety Equipment Procedures Led To Fatalities At Implats,secondary_keyword_only_review,https://www.engineeringnews.co.za/article/amcu-claims-substandard-safety-equipment-procedures-led-to-fatalities-at-implats-2016-01-27,retrieved_extracted,,2016-01-27,1246,0af21143342f9638b0e62fdc6ba107c0f34866b3b55c44c3a69c51e67f784940,0,0,,0,worker_miner;shooting_death;wage;union;protest_unrest,33,5,housing;justice_accountability,2,2,earnings_results;funding_debt;transaction;exploration_project,11,4,false,false,true,no_case_anchor,"Extracted article text contains no Marikana, Lonmin or Sibanye anchor.",,,
SEC-MEDIA-0150,Engineering News,https://www.engineeringnews.co.za/article/amcu-coal-gold-strike-not-approved-nedlac-2014-03-28,https://engineeringnews.co.za/article/amcu-coal-gold-strike-not-approved-nedlac-2014-03-28,2014,Amcu Coal Gold Strike Not Approved Nedlac,secondary_keyword_only_review,https://www.engineeringnews.co.za/article/amcu-coal-gold-strike-not-approved-nedlac-2014-03-28,retrieved_extracted,,2014-03-28,582,646304e2dc7c27e6ea89526dc95a761c759c38875a58ecb7a88d71c32ec6dc2f,1,0,,0,strike;worker_miner;wage;union;protest_unrest,23,5,commission_inquiry,1,1,earnings_results,2,1,false,false,true,possible_lonmin_substantive_context,Lonmin appears with labour/event/social/governance signals; direct substantive review is required.,,,
SEC-MEDIA-0151,Engineering News,https://www.engineeringnews.co.za/article/amcu-condemns-attacks-calls-for-revision-of-policies-2015-04-20,https://engineeringnews.co.za/article/amcu-condemns-attacks-calls-for-revision-of-policies-2015-04-20,2015,Amcu Condemns Attacks Calls For Revision Of Policies,secondary_keyword_only_review,https://www.engineeringnews.co.za/article/amcu-condemns-attacks-calls-for-revision-of-policies-2015-04-20,retrieved_extracted,,2015-04-20,585,2baad738c503baa3dd5f4f25f2287796ec51f49f8428f0c9b41dc0ae20cf77c6,0,0,,0,worker_miner;wage;union,8,3,community,1,1,earnings_results,2,1,false,false,true,no_case_anchor,"Extracted article text contains no Marikana, Lonmin or Sibanye anchor.",,,
SEC-MEDIA-0152,Engineering News,https://www.engineeringnews.co.za/article/amcu-considering-all-options-negotiator-2014-05-29,https://engineeringnews.co.za/article/amcu-considering-all-options-negotiator-2014-05-29,2014,Amcu Considering All Options Negotiator,secondary_keyword_only_review,https://www.engineeringnews.co.za/article/amcu-considering-all-options-negotiator-2014-05-29,retrieved_extracted,,2014-05-29,744,4db3dfd0288ebd3830c8bf13dde9be0a3bed26d981942694883c5015f3907f63,1,0,marikana,1,strike;worker_miner;wage;union,26,4,,0,0,earnings_results,2,1,false,false,true,strong_case_context_supported,Body contains a high-specificity Marikana case term reinforced by labour/event/social/governance context.,,,
SEC-MEDIA-0153,Engineering News,https://www.engineeringnews.co.za/article/amcu-cries-foul-2019-05-10,https://engineeringnews.co.za/article/amcu-cries-foul-2019-05-10,2019,Amcu Cries Foul,secondary_keyword_only_review,https://www.engineeringnews.co.za/article/amcu-cries-foul-2019-05-10,retrieved_extracted,,2019-05-10,266,c720aba17fa78b1ef7a4987b341682d4d662d137b980f591e44c2966b3dcd7ca,0,0,,0,,0,0,,0,0,earnings_results,2,1,false,false,true,no_case_anchor,"Extracted article text contains no Marikana, Lonmin or Sibanye anchor.",,,
SEC-MEDIA-0154,Engineering News,https://www.engineeringnews.co.za/article/amcu-declares-dispute-with-three-gold-mining-companies-2018-09-11,https://engineeringnews.co.za/article/amcu-declares-dispute-with-three-gold-mining-companies-2018-09-11,2018,Amcu Declares Dispute With Three Gold Mining Companies,secondary_keyword_only_review,https://www.engineeringnews.co.za/article/amcu-declares-dispute-with-three-gold-mining-companies-2018-09-11,retrieved_extracted,,2018-09-11,568,7bb9ded8f68cd2cfbdd6ef3c829a87e30645d52cc1f788c3aba9f481776521c7,0,1,,0,strike;worker_miner;wage;union,19,4,commission_inquiry,1,1,earnings_results,2,1,false,false,true,sibanye_context_without_case_anchor_review,Sibanye appears with labour/social context but no Marikana/Lonmin anchor; review before exclusion.,,,
SEC-MEDIA-0155,Engineering News,https://www.engineeringnews.co.za/article/amcu-decries-governments-failures-calls-for-south-africa-first-approach-2017-05-02,https://engineeringnews.co.za/article/amcu-decries-governments-failures-calls-for-south-africa-first-approach-2017-05-02,2017,Amcu Decries Governments Failures Calls For South Africa First Approach,secondary_keyword_only_review,https://www.engineeringnews.co.za/article/amcu-decries-governments-failures-calls-for-south-africa-first-approach-2017-05-02,retrieved_extracted,,2017-05-02,1014,a5a3abefe156739270589b789dde1d8131f3aead454c7fe79a99cb54d881f500,0,0,,0,worker_miner;shooting_death;wage;union,37,4,,0,0,earnings_results;production_output;funding_debt;transaction,7,4,false,false,true,no_case_anchor,"Extracted article text contains no Marikana, Lonmin or Sibanye anchor.",,,
SEC-MEDIA-0156,Engineering News,https://www.engineeringnews.co.za/article/amcu-delays-wider-mining-strike-until-judgment-2019-02-28,https://engineeringnews.co.za/article/amcu-delays-wider-mining-strike-until-judgment-2019-02-28,2019,Amcu Delays Wider Mining Strike Until Judgment,secondary_keyword_only_review,https://www.engineeringnews.co.za/article/amcu-delays-wider-mining-strike-until-judgment-2019-02-28,retrieved_extracted,,2019-02-28,545,8e9d2e86c558a99916721e9e37e808fdd63ad768ecd70fa73a8db78028d6380d,0,1,,0,strike;worker_miner;wage;union,15,4,,0,0,earnings_results;production_output,3,2,false,false,true,sibanye_context_without_case_anchor_review,Sibanye appears with labour/social context but no Marikana/Lonmin anchor; review before exclusion.,,,
SEC-MEDIA-0157,Engineering News,https://www.engineeringnews.co.za/article/amcu-demands-lily-mine-rescue-to-resume-2016-08-18,https://engineeringnews.co.za/article/amcu-demands-lily-mine-rescue-to-resume-2016-08-18,2016,Amcu Demands Lily Mine Rescue To Resume,secondary_keyword_only_review,https://www.engineeringnews.co.za/article/amcu-demands-lily-mine-rescue-to-resume-2016-08-18,retrieved_extracted,,2016-08-18,456,4cce09935430c6ec2248298d98d723f8d4fe7a7f7fcb63a9d5df3d09a6328ed0,0,0,,0,worker_miner;wage;union,9,3,,0,0,earnings_results;funding_debt;exploration_project,4,3,false,false,true,no_case_anchor,"Extracted article text contains no Marikana, Lonmin or Sibanye anchor.",,,
SEC-MEDIA-0158,Engineering News,https://www.engineeringnews.co.za/article/amcu-demands-summit-to-discuss-renewable-energy-jobs-2018-03-23,https://engineeringnews.co.za/article/amcu-demands-summit-to-discuss-renewable-energy-jobs-2018-03-23,2018,Amcu Demands Summit To Discuss Renewable Energy Jobs,secondary_keyword_only_review,https://www.engineeringnews.co.za/article/amcu-demands-summit-to-discuss-renewable-energy-jobs-2018-03-23,retrieved_extracted,,2018-03-23,566,42c522a4c21afae5a5ec705f8e480d0f8fe1495be11f00c2fd238c382b457575,0,0,,0,worker_miner;union,10,2,,0,0,earnings_results;production_output,3,2,false,false,true,no_case_anchor,"Extracted article text contains no Marikana, Lonmin or Sibanye anchor.",,,
SEC-MEDIA-0159,Engineering News,https://www.engineeringnews.co.za/article/amcu-demands-summit-to-discuss-renewable-energy-jobs-2018-04-06,https://engineeringnews.co.za/article/amcu-demands-summit-to-discuss-renewable-energy-jobs-2018-04-06,2018,Amcu Demands Summit To Discuss Renewable Energy Jobs,secondary_keyword_only_review,https://www.engineeringnews.co.za/article/amcu-demands-summit-to-discuss-renewable-energy-jobs-2018-04-06,retrieved_extracted,,2018-04-06,595,d31cd003a00778d3ffb68aace6de8e638eacb7d896fbec3a7685ff06dcecd494,0,0,,0,worker_miner;union,10,2,,0,0,earnings_results;production_output,3,2,false,false,true,no_case_anchor,"Extracted article text contains no Marikana, Lonmin or Sibanye anchor.",,,
SEC-MEDIA-0160,Engineering News,https://www.engineeringnews.co.za/article/amcu-denies-personal-vendetta-with-sibanye-ceo-2019-03-12,https://engineeringnews.co.za/article/amcu-denies-personal-vendetta-with-sibanye-ceo-2019-03-12,2019,Amcu Denies Personal Vendetta With Sibanye Ceo,secondary_keyword_only_review,https://www.engineeringnews.co.za/article/amcu-denies-personal-vendetta-with-sibanye-ceo-2019-03-12,retrieved_extracted,,2019-03-12,523,f85ad130739efe79a807593cd1e472aa841ed1fc6748e152547c8e56c590ce1a,0,7,,0,strike;worker_miner;police;shooting_death;wage;union,21,6,housing;community,2,2,earnings_results,2,1,false,false,true,sibanye_context_without_case_anchor_review,Sibanye appears with labour/social context but no Marikana/Lonmin anchor; review before exclusion.,,,
SEC-MEDIA-0161,Engineering News,https://www.engineeringnews.co.za/article/amcu-disagrees-with-sibanye-about-labour-verification-outcome-2019-04-09,https://engineeringnews.co.za/article/amcu-disagrees-with-sibanye-about-labour-verification-outcome-2019-04-09,2019,Amcu Disagrees With Sibanye About Labour Verification Outcome,secondary_keyword_only_review,https://www.engineeringnews.co.za/article/amcu-disagrees-with-sibanye-about-labour-verification-outcome-2019-04-09,retrieved_extracted,,2019-04-09,602,b3e6ce6b6dbcb591d0f0ee98b6b41c201ffd914fe4e5a8330a10f1bc0ae96825,0,9,,0,strike;worker_miner;wage;union,26,4,,0,0,earnings_results,4,1,false,false,true,sibanye_context_without_case_anchor_review,Sibanye appears with labour/social context but no Marikana/Lonmin anchor; review before exclusion.,,,
SEC-MEDIA-0162,Engineering News,https://www.engineeringnews.co.za/article/amcu-dismayed-at-mining-fatalities-2021-01-14,https://engineeringnews.co.za/article/amcu-dismayed-at-mining-fatalities-2021-01-14,2021,Amcu Dismayed At Mining Fatalities,secondary_keyword_only_review,https://www.engineeringnews.co.za/article/amcu-dismayed-at-mining-fatalities-2021-01-14,retrieved_extracted,,2021-01-14,421,a01e92f534a8cb5773375c82b166d9c34f4f2df86d2f07e43012b4b1dbe25a42,0,1,,0,worker_miner;shooting_death;union,11,3,,0,0,earnings_results;exploration_project,3,2,false,false,true,sibanye_context_without_case_anchor_review,Sibanye appears with labour/social context but no Marikana/Lonmin anchor; review before exclusion.,,,
SEC-MEDIA-0163,Engineering News,https://www.engineeringnews.co.za/article/amcu-expresses-concern-over-south-africas-proposed-transition-from-coal-based-resources-2021-11-09,https://engineeringnews.co.za/article/amcu-expresses-concern-over-south-africas-proposed-transition-from-coal-based-resources-2021-11-09,2021,Amcu Expresses Concern Over South Africas Proposed Transition From Coal Based Resources,secondary_keyword_only_review,https://www.engineeringnews.co.za/article/amcu-expresses-concern-over-south-africas-proposed-transition-from-coal-based-resources-2021-11-09,retrieved_extracted,,2021-11-09,585,50194626efc13be610ecfde6743359fa020a65abaacab96d03f1419438cee58e,0,0,,0,worker_miner;union,10,2,community,2,1,earnings_results;funding_debt,3,2,false,false,true,no_case_anchor,"Extracted article text contains no Marikana, Lonmin or Sibanye anchor.",,,
SEC-MEDIA-0164,Engineering News,https://www.engineeringnews.co.za/article/amcu-files-case-against-samancor-chrome-over-alleged-fraud-2019-10-02,https://engineeringnews.co.za/article/amcu-files-case-against-samancor-chrome-over-alleged-fraud-2019-10-02,2019,Amcu Files Case Against Samancor Chrome Over Alleged Fraud,secondary_keyword_only_review,https://www.engineeringnews.co.za/article/amcu-files-case-against-samancor-chrome-over-alleged-fraud-2019-10-02,retrieved_extracted,,2019-10-02,383,6c90f7cc760affa7a6b7a25a17f9f5f93bfb5e90001eccc98c3e98b41804205c,0,0,,0,worker_miner;union,7,2,,0,0,earnings_results,3,1,false,false,true,no_case_anchor,"Extracted article text contains no Marikana, Lonmin or Sibanye anchor.",,,
SEC-MEDIA-0165,Engineering News,https://www.engineeringnews.co.za/article/amcu-heads-to-court-to-fight-for-minimum-health-safety-standards-for-mineworkers-2020-04-28,https://engineeringnews.co.za/article/amcu-heads-to-court-to-fight-for-minimum-health-safety-standards-for-mineworkers-2020-04-28,2020,Amcu Heads To Court To Fight For Minimum Health Safety Standards For Mineworkers,secondary_keyword_only_review,https://www.engineeringnews.co.za/article/amcu-heads-to-court-to-fight-for-minimum-health-safety-standards-for-mineworkers-2020-04-28,retrieved_extracted,,2020-04-28,606,9709634f5d644ac898cfcaa78ad6a395ca8060e8684d28ca786a02c5317a0f85,0,0,,0,worker_miner;union,22,2,community,1,1,earnings_results;production_output,4,2,false,false,true,no_case_anchor,"Extracted article text contains no Marikana, Lonmin or Sibanye anchor.",,,
SEC-MEDIA-0166,Engineering News,https://www.engineeringnews.co.za/article/amcu-indicates-it-will-reject-com-collective-bargaining-proposal-2013-04-26,https://engineeringnews.co.za/article/amcu-indicates-it-will-reject-com-collective-bargaining-proposal-2013-04-26,2013,Amcu Indicates It Will Reject Com Collective Bargaining Proposal,secondary_keyword_only_review,https://www.engineeringnews.co.za/article/amcu-indicates-it-will-reject-com-collective-bargaining-proposal-2013-04-26,retrieved_extracted,,2013-04-26,561,2f4bda755f34c4ce48a58ca5174ef35ac0149dbb636201e1e3dabc39e695b6ff,0,0,,0,worker_miner;wage;union;protest_unrest,14,4,,0,0,earnings_results;commodity_market,3,2,false,false,true,no_case_anchor,"Extracted article text contains no Marikana, Lonmin or Sibanye anchor.",,,
SEC-MEDIA-0167,Engineering News,https://www.engineeringnews.co.za/article/amcu-knocking-on-door-at-northams-zondereinde-platinum-mine-2014-08-14,https://engineeringnews.co.za/article/amcu-knocking-on-door-at-northams-zondereinde-platinum-mine-2014-08-14,2014,Amcu Knocking On Door At Northams Zondereinde Platinum Mine,secondary_keyword_only_review,https://www.engineeringnews.co.za/article/amcu-knocking-on-door-at-northams-zondereinde-platinum-mine-2014-08-14,retrieved_extracted,,2014-08-14,1291,b82da6e6d4590ead9e9a34bc38a4b042022c39912eb617fbaf6edcb3d2eae649,0,0,,0,strike;worker_miner;wage;union,22,4,housing;justice_accountability,4,2,share_price;earnings_results;funding_debt;dividend_rights;exploration_project,21,5,false,false,true,no_case_anchor,"Extracted article text contains no Marikana, Lonmin or Sibanye anchor.",,,
SEC-MEDIA-0168,Engineering News,https://www.engineeringnews.co.za/article/amcu-knocking-on-door-at-northams-zondereinde-platinum-mine-2014-08-22,https://engineeringnews.co.za/article/amcu-knocking-on-door-at-northams-zondereinde-platinum-mine-2014-08-22,2014,Amcu Knocking On Door At Northams Zondereinde Platinum Mine,secondary_keyword_only_review,https://www.engineeringnews.co.za/article/amcu-knocking-on-door-at-northams-zondereinde-platinum-mine-2014-08-22,retrieved_extracted,,2014-08-22,1246,a27720b48190f9446c95c7b7334d4067627ef81be8c3eb96dfaa4115f0188b30,0,0,,0,strike;worker_miner;wage;union,22,4,housing;justice_accountability,4,2,share_price;earnings_results;funding_debt;dividend_rights;exploration_project,21,5,false,false,true,no_case_anchor,"Extracted article text contains no Marikana, Lonmin or Sibanye anchor.",,,
SEC-MEDIA-0169,Engineering News,https://www.engineeringnews.co.za/article/amcu-labour-case-in-court-2014-06-05,https://engineeringnews.co.za/article/amcu-labour-case-in-court-2014-06-05,2014,Amcu Labour Case In Court,secondary_keyword_only_review,https://www.engineeringnews.co.za/article/amcu-labour-case-in-court-2014-06-05,retrieved_extracted,,2014-06-05,560,362913f291bf9ec04b14f9b36c50265e9aeef794373990c41e0087a1a526bac4,1,1,,0,strike;worker_miner;wage;union,26,4,,0,0,earnings_results,2,1,false,false,true,possible_lonmin_substantive_context,Lonmin appears with labour/event/social/governance signals; direct substantive review is required.,,,
SEC-MEDIA-0170,Engineering News,https://www.engineeringnews.co.za/article/amcu-labour-case-postponed-2014-02-24-1,https://engineeringnews.co.za/article/amcu-labour-case-postponed-2014-02-24-1,2014,Amcu Labour Case Postponed,secondary_keyword_only_review,https://www.engineeringnews.co.za/article/amcu-labour-case-postponed-2014-02-24-1,retrieved_extracted,,2014-02-24,439,8ed33e0c89c794a74ca38c9fbfafd84cb05d7654da85f1bf8bd89af9bd1ad710,0,0,,0,worker_miner;union,10,2,justice_accountability,1,1,earnings_results,2,1,false,false,true,no_case_anchor,"Extracted article text contains no Marikana, Lonmin or Sibanye anchor.",,,
SEC-MEDIA-0171,Engineering News,https://www.engineeringnews.co.za/article/amcu-laments-rise-in-covid-19-cases-calls-on-mining-companies-for-assistance-2021-01-04,https://engineeringnews.co.za/article/amcu-laments-rise-in-covid-19-cases-calls-on-mining-companies-for-assistance-2021-01-04,2021,Amcu Laments Rise In Covid 19 Cases Calls On Mining Companies For Assistance,secondary_keyword_only_review,https://www.engineeringnews.co.za/article/amcu-laments-rise-in-covid-19-cases-calls-on-mining-companies-for-assistance-2021-01-04,retrieved_extracted,,2021-01-04,704,7c338e4f7f1387d59e008366e6be478351798e3607640b2f8e6adbf78a6d2a4e,0,0,,0,worker_miner;union,15,2,housing;community,3,2,earnings_results,2,1,false,false,true,no_case_anchor,"Extracted article text contains no Marikana, Lonmin or Sibanye anchor.",,,
SEC-MEDIA-0172,Engineering News,https://www.engineeringnews.co.za/article/amcu-laments-tragic-start-to-new-year-2020-01-20,https://engineeringnews.co.za/article/amcu-laments-tragic-start-to-new-year-2020-01-20,2020,Amcu Laments Tragic Start To New Year,secondary_keyword_only_review,https://www.engineeringnews.co.za/article/amcu-laments-tragic-start-to-new-year-2020-01-20,retrieved_extracted,,2020-01-20,445,72872af1567f47ad203366c31b4f68797451144f2439c11a68d22949f460bfab,0,1,,0,worker_miner;union,11,2,justice_accountability,1,1,earnings_results;exploration_project,3,2,false,false,true,sibanye_context_without_case_anchor_review,Sibanye appears with labour/social context but no Marikana/Lonmin anchor; review before exclusion.,,,
SEC-MEDIA-0173,Engineering News,https://www.engineeringnews.co.za/article/amcu-loses-recognition-status-at-samancor-2014-07-15,https://engineeringnews.co.za/article/amcu-loses-recognition-status-at-samancor-2014-07-15,2014,Amcu Loses Recognition Status At Samancor,secondary_keyword_only_review,https://www.engineeringnews.co.za/article/amcu-loses-recognition-status-at-samancor-2014-07-15,retrieved_extracted,,2014-07-15,435,9977c0d49eefab5fba10c3578b5cad23ab4b1989c3f5b52ac3cf0ae3b0a962a1,0,0,,0,worker_miner;union,15,2,,0,0,earnings_results,2,1,false,false,true,no_case_anchor,"Extracted article text contains no Marikana, Lonmin or Sibanye anchor.",,,
SEC-MEDIA-0174,Engineering News,https://www.engineeringnews.co.za/article/amcu-march-motorists-warned-to-stay-out-of-joburg-cbd-2019-01-22,https://engineeringnews.co.za/article/amcu-march-motorists-warned-to-stay-out-of-joburg-cbd-2019-01-22,2019,Amcu March Motorists Warned To Stay Out Of Joburg Cbd,secondary_keyword_only_review,https://www.engineeringnews.co.za/article/amcu-march-motorists-warned-to-stay-out-of-joburg-cbd-2019-01-22,retrieved_extracted,,2019-01-22,694,d4db1c938a74cf6d35aafe393883f7395baa6059f7baa109ec925d9789a27dc7,1,10,,0,strike;worker_miner;wage;union,29,4,,0,0,earnings_results;transaction,3,2,false,false,true,possible_lonmin_substantive_context,Lonmin appears with labour/event/social/governance signals; direct substantive review is required.,,,
SEC-MEDIA-0175,Engineering News,https://www.engineeringnews.co.za/article/amcu-members-down-tools-at-lace-mine-2014-10-23,https://engineeringnews.co.za/article/amcu-members-down-tools-at-lace-mine-2014-10-23,2014,Amcu Members Down Tools At Lace Mine,secondary_keyword_only_review,https://www.engineeringnews.co.za/article/amcu-members-down-tools-at-lace-mine-2014-10-23,retrieved_extracted,,2014-10-23,484,320960eac7795425670f0a25de767600405fe44a672edfae9d5a7d39421396b5,0,0,,0,strike;worker_miner;wage;union;protest_unrest,16,5,commission_inquiry,1,1,earnings_results;exploration_project,4,2,false,false,true,no_case_anchor,"Extracted article text contains no Marikana, Lonmin or Sibanye anchor.",,,
SEC-MEDIA-0176,Engineering News,https://www.engineeringnews.co.za/article/amcu-members-still-on-strike-at-lace-mine-2014-11-11,https://engineeringnews.co.za/article/amcu-members-still-on-strike-at-lace-mine-2014-11-11,2014,Amcu Members Still On Strike At Lace Mine,secondary_keyword_only_review,https://www.engineeringnews.co.za/article/amcu-members-still-on-strike-at-lace-mine-2014-11-11,retrieved_extracted,,2014-11-11,527,b901b5e750e101e07b48a638d1be6d28698f5f8b9b69e98034cc2ffd63d462eb,0,0,,0,strike;worker_miner;union;protest_unrest,17,4,,0,0,earnings_results;exploration_project,3,2,false,false,true,no_case_anchor,"Extracted article text contains no Marikana, Lonmin or Sibanye anchor.",,,
SEC-MEDIA-0177,Engineering News,https://www.engineeringnews.co.za/article/amcu-members-strike-at-kroondal-mine-2016-05-27,https://engineeringnews.co.za/article/amcu-members-strike-at-kroondal-mine-2016-05-27,2016,Amcu Members Strike At Kroondal Mine,secondary_keyword_only_review,https://www.engineeringnews.co.za/article/amcu-members-strike-at-kroondal-mine-2016-05-27,retrieved_extracted,,2016-05-27,483,f161fef5e6f30316c7c9d5e6b33ce08f93ce70cd713e9988ed324e5acdfbe095,0,4,,0,strike;worker_miner;union;protest_unrest,15,4,,0,0,earnings_results;transaction,3,2,false,false,true,sibanye_context_without_case_anchor_review,Sibanye appears with labour/social context but no Marikana/Lonmin anchor; review before exclusion.,,,
SEC-MEDIA-0178,Engineering News,https://www.engineeringnews.co.za/article/amcu-miner-shot-dead-in-limpopo-amplats-2014-02-10,https://engineeringnews.co.za/article/amcu-miner-shot-dead-in-limpopo-amplats-2014-02-10,2014,Amcu Miner Shot Dead In Limpopo Amplats,secondary_keyword_only_review,https://www.engineeringnews.co.za/article/amcu-miner-shot-dead-in-limpopo-amplats-2014-02-10,retrieved_extracted,,2014-02-10,630,dc3d7e0078cf293c39078ae65fe142ce13e4ac557f9cb1c4f49c43893222c267,1,0,,0,strike;worker_miner;police;shooting_death;wage;union;protest_unrest,38,7,commission_inquiry,1,1,earnings_results,2,1,false,false,true,possible_lonmin_substantive_context,Lonmin appears with labour/event/social/governance signals; direct substantive review is required.,,,
SEC-MEDIA-0179,Engineering News,https://www.engineeringnews.co.za/article/amcu-not-backing-down-on-demands-as-sibanye-strike-continues-2019-04-02,https://engineeringnews.co.za/article/amcu-not-backing-down-on-demands-as-sibanye-strike-continues-2019-04-02,2019,Amcu Not Backing Down On Demands As Sibanye Strike Continues,secondary_keyword_only_review,https://www.engineeringnews.co.za/article/amcu-not-backing-down-on-demands-as-sibanye-strike-continues-2019-04-02,retrieved_extracted,,2019-04-02,693,a9a05b983060116e61f76163afc2d5719ba05b6de2f867c1b96c052d8f87b206,0,6,,0,strike;worker_miner;wage;union,32,4,,0,0,earnings_results,2,1,false,false,true,sibanye_context_without_case_anchor_review,Sibanye appears with labour/social context but no Marikana/Lonmin anchor; review before exclusion.,,,
SEC-MEDIA-0180,Engineering News,https://www.engineeringnews.co.za/article/amcu-now-driefontein-majority-union-targets-beatrix-rights-2013-07-12,https://engineeringnews.co.za/article/amcu-now-driefontein-majority-union-targets-beatrix-rights-2013-07-12,2013,Amcu Now Driefontein Majority Union Targets Beatrix Rights,secondary_keyword_only_review,https://www.engineeringnews.co.za/article/amcu-now-driefontein-majority-union-targets-beatrix-rights-2013-07-12,retrieved_extracted,,2013-07-12,520,c8b1f35421560494d4035855b042f70ff1ab6e199442e5cf084623743e600c41,0,6,,0,worker_miner;union,21,2,,0,0,share_price;earnings_results,3,2,false,false,true,sibanye_context_without_case_anchor_review,Sibanye appears with labour/social context but no Marikana/Lonmin anchor; review before exclusion.,,,
SEC-MEDIA-0181,Engineering News,https://www.engineeringnews.co.za/article/amcu-num-granted-certificates-of-nonresolution-in-wage-talks-with-sibanye-2018-09-27,https://engineeringnews.co.za/article/amcu-num-granted-certificates-of-nonresolution-in-wage-talks-with-sibanye-2018-09-27,2018,Amcu Num Granted Certificates Of Nonresolution In Wage Talks With Sibanye,secondary_keyword_only_review,https://www.engineeringnews.co.za/article/amcu-num-granted-certificates-of-nonresolution-in-wage-talks-with-sibanye-2018-09-27,retrieved_extracted,,2018-09-27,566,3f3bd226bb9df277a4b6c2329db87cb895e5a81f21f274645b07ca73723a63a7,0,4,,0,worker_miner;wage;union,20,3,housing;commission_inquiry,3,2,earnings_results,2,1,false,false,true,sibanye_context_without_case_anchor_review,Sibanye appears with labour/social context but no Marikana/Lonmin anchor; review before exclusion.,,,
SEC-MEDIA-0182,Engineering News,https://www.engineeringnews.co.za/article/amcu-num-sign-wage-deal-with-sibanye-2022-06-12,https://engineeringnews.co.za/article/amcu-num-sign-wage-deal-with-sibanye-2022-06-12,2022,Amcu Num Sign Wage Deal With Sibanye,secondary_keyword_only_review,https://www.engineeringnews.co.za/article/amcu-num-sign-wage-deal-with-sibanye-2022-06-12,retrieved_extracted,,2022-06-12,484,a12006a6e77a7952104b1d40e9c74241da13e5a6024b24286898f360eca06795,0,5,,0,strike;worker_miner;wage;union,22,4,,0,0,earnings_results,2,1,false,false,true,sibanye_context_without_case_anchor_review,Sibanye appears with labour/social context but no Marikana/Lonmin anchor; review before exclusion.,,,
SEC-MEDIA-0183,Engineering News,https://www.engineeringnews.co.za/article/amcu-opens-strike-fund-for-members-calls-for-donations-2014-04-15,https://engineeringnews.co.za/article/amcu-opens-strike-fund-for-members-calls-for-donations-2014-04-15,2014,Amcu Opens Strike Fund For Members Calls For Donations,secondary_keyword_only_review,https://www.engineeringnews.co.za/article/amcu-opens-strike-fund-for-members-calls-for-donations-2014-04-15,retrieved_extracted,,2014-04-15,683,6bb6e17eb3005a5a2e8fb45d66d080ce0c5e6272b21b2a13d3a109ec6d5d9ebc,1,0,,0,strike;worker_miner;wage;union,37,4,community,1,1,earnings_results,2,1,false,false,true,possible_lonmin_substantive_context,Lonmin appears with labour/event/social/governance signals; direct substantive review is required.,,,
SEC-MEDIA-0184,Engineering News,https://www.engineeringnews.co.za/article/amcu-outdoes-num-demands-150-pay-rise-for-entry-level-gold-miners-2013-06-25,https://engineeringnews.co.za/article/amcu-outdoes-num-demands-150-pay-rise-for-entry-level-gold-miners-2013-06-25,2013,Amcu Outdoes Num Demands 150 Pay Rise For Entry Level Gold Miners,secondary_keyword_only_review,https://www.engineeringnews.co.za/article/amcu-outdoes-num-demands-150-pay-rise-for-entry-level-gold-miners-2013-06-25,retrieved_extracted,,2013-06-25,1356,a4444295e8b25dad35a61bff11f2da44c1e2d0071715608ed5bf7e28462aaa9c,1,1,marikana,1,strike;worker_miner;shooting_death;wage;union,69,5,housing,1,1,share_price;earnings_results,3,2,false,false,true,strong_case_context_supported,Body contains a high-specificity Marikana case term reinforced by labour/event/social/governance context.,,,
SEC-MEDIA-0185,Engineering News,https://www.engineeringnews.co.za/article/amcu-outdoes-num-demands-150-pay-rise-for-entry-level-gold-miners-2013-07-05,https://engineeringnews.co.za/article/amcu-outdoes-num-demands-150-pay-rise-for-entry-level-gold-miners-2013-07-05,2013,Amcu Outdoes Num Demands 150 Pay Rise For Entry Level Gold Miners,secondary_keyword_only_review,https://www.engineeringnews.co.za/article/amcu-outdoes-num-demands-150-pay-rise-for-entry-level-gold-miners-2013-07-05,retrieved_extracted,,2013-07-05,1364,ed5de97bd35df840ba3060a9999b9387eda3e36ad778bfc5213911037336c621,1,1,marikana,1,strike;worker_miner;shooting_death;wage;union,69,5,housing,1,1,share_price;earnings_results,3,2,false,false,true,strong_case_context_supported,Body contains a high-specificity Marikana case term reinforced by labour/event/social/governance context.,,,
SEC-MEDIA-0186,Engineering News,https://www.engineeringnews.co.za/article/amcu-peace-agreement-now-also-applies-to-skilled-workers-solidarity-2016-04-18,https://engineeringnews.co.za/article/amcu-peace-agreement-now-also-applies-to-skilled-workers-solidarity-2016-04-18,2016,Amcu Peace Agreement Now Also Applies To Skilled Workers Solidarity,secondary_keyword_only_review,https://www.engineeringnews.co.za/article/amcu-peace-agreement-now-also-applies-to-skilled-workers-solidarity-2016-04-18,retrieved_extracted,,2016-04-18,546,8f8e06e942fc3caf2b3254de67c79637954635b08ec348282395963faf0da828,0,9,,0,worker_miner;wage;union;protest_unrest,27,4,,0,0,earnings_results,2,1,false,false,true,sibanye_context_without_case_anchor_review,Sibanye appears with labour/social context but no Marikana/Lonmin anchor; review before exclusion.,,,
SEC-MEDIA-0187,Engineering News,https://www.engineeringnews.co.za/article/amcu-platinum-companies-wage-talks-stall-2014-02-06,https://engineeringnews.co.za/article/amcu-platinum-companies-wage-talks-stall-2014-02-06,2014,Amcu Platinum Companies Wage Talks Stall,secondary_keyword_only_review,https://www.engineeringnews.co.za/article/amcu-platinum-companies-wage-talks-stall-2014-02-06,retrieved_extracted,,2014-02-06,693,d6c0110661485e353011bc411373a312bcf073216d1ebd4d8bca5b12bdcb759a,1,0,,0,strike;worker_miner;wage;union,22,4,community;commission_inquiry,2,2,earnings_results,3,1,false,false,true,possible_lonmin_substantive_context,Lonmin appears with labour/event/social/governance signals; direct substantive review is required.,,,
SEC-MEDIA-0188,Engineering News,https://www.engineeringnews.co.za/article/amcu-platinum-producers-agree-on-in-principle-undertakings-2014-06-12,https://engineeringnews.co.za/article/amcu-platinum-producers-agree-on-in-principle-undertakings-2014-06-12,2014,Amcu Platinum Producers Agree On In Principle Undertakings,secondary_keyword_only_review,https://www.engineeringnews.co.za/article/amcu-platinum-producers-agree-on-in-principle-undertakings-2014-06-12,retrieved_extracted,,2014-06-12,706,6d9433ad8b32f3a190d65e9a0100eb4d0aedac467664add4dc10fab517caf6ec,2,0,,0,strike;worker_miner;wage;union,25,4,,0,0,share_price;earnings_results,5,2,false,false,true,possible_lonmin_substantive_context,Lonmin appears with labour/event/social/governance signals; direct substantive review is required.,,,
SEC-MEDIA-0189,Engineering News,https://www.engineeringnews.co.za/article/amcu-please-join-mainstream-2013-03-01,https://engineeringnews.co.za/article/amcu-please-join-mainstream-2013-03-01,2013,Amcu Please Join Mainstream,secondary_keyword_only_review,https://www.engineeringnews.co.za/article/amcu-please-join-mainstream-2013-03-01,retrieved_extracted,,2013-03-01,420,416682a139b61fdaa19f802c90023abf66e5c87377ef8a6dd43366f27e7917f5,0,0,,0,worker_miner;union,7,2,,0,0,earnings_results,2,1,false,false,true,no_case_anchor,"Extracted article text contains no Marikana, Lonmin or Sibanye anchor.",,,
SEC-MEDIA-0190,Engineering News,https://www.engineeringnews.co.za/article/amcu-postpones-strike-action-pending-meeting-with-motlanthe-2013-06-13,https://engineeringnews.co.za/article/amcu-postpones-strike-action-pending-meeting-with-motlanthe-2013-06-13,2013,Amcu Postpones Strike Action Pending Meeting With Motlanthe,secondary_keyword_only_review,https://www.engineeringnews.co.za/article/amcu-postpones-strike-action-pending-meeting-with-motlanthe-2013-06-13,retrieved_extracted,,2013-06-13,1044,60c6dde586aa124b1db6dd6ea6255c8c9c7dc2f727f084c3cc3203dcdb43c1d6,15,0,,0,strike;worker_miner;police;shooting_death;wage;union,51,6,commission_inquiry,1,1,earnings_results,2,1,false,false,true,strong_lonmin_context_supported,"No high-specificity case term, but Lonmin is repeatedly substantive alongside strong labour/social/governance context.",,,
SEC-MEDIA-0191,Engineering News,https://www.engineeringnews.co.za/article/amcu-prepared-to-take-part-in-ccma-talks-gama-2013-08-01,https://engineeringnews.co.za/article/amcu-prepared-to-take-part-in-ccma-talks-gama-2013-08-01,2013,Amcu Prepared To Take Part In Ccma Talks Gama,secondary_keyword_only_review,https://www.engineeringnews.co.za/article/amcu-prepared-to-take-part-in-ccma-talks-gama-2013-08-01,retrieved_extracted,,2013-08-01,764,d7bd24366276709d2413a00cf216ca1cc6b3dcaaf8004a37794486b231d2f117,0,1,,0,strike;worker_miner;wage;union,28,4,commission_inquiry,1,1,earnings_results,2,1,false,false,true,sibanye_context_without_case_anchor_review,Sibanye appears with labour/social context but no Marikana/Lonmin anchor; review before exclusion.,,,
SEC-MEDIA-0192,Engineering News,https://www.engineeringnews.co.za/article/amcu-prepared-to-take-part-in-ccma-talks-gama-2013-08-09,https://engineeringnews.co.za/article/amcu-prepared-to-take-part-in-ccma-talks-gama-2013-08-09,2013,Amcu Prepared To Take Part In Ccma Talks Gama,secondary_keyword_only_review,https://www.engineeringnews.co.za/article/amcu-prepared-to-take-part-in-ccma-talks-gama-2013-08-09,retrieved_extracted,,2013-08-09,755,7caea34c51c045c9d4ecf5b345824b093b2e6caab9836282a813071f32c5557f,0,1,,0,strike;worker_miner;wage;union,28,4,commission_inquiry,1,1,earnings_results,2,1,false,false,true,sibanye_context_without_case_anchor_review,Sibanye appears with labour/social context but no Marikana/Lonmin anchor; review before exclusion.,,,
SEC-MEDIA-0193,Engineering News,https://www.engineeringnews.co.za/article/amcu-prepares-for-2015-gold-sector-wage-talks-2015-03-19,https://engineeringnews.co.za/article/amcu-prepares-for-2015-gold-sector-wage-talks-2015-03-19,2015,Amcu Prepares For 2015 Gold Sector Wage Talks,secondary_keyword_only_review,https://www.engineeringnews.co.za/article/amcu-prepares-for-2015-gold-sector-wage-talks-2015-03-19,retrieved_extracted,,2015-03-19,590,25afd45b48ca826019be17350fd18654cc83841f2c6dce93d2604dfe7b028978,0,0,,0,strike;worker_miner;wage;union,27,4,housing,1,1,share_price;earnings_results,4,2,false,false,true,no_case_anchor,"Extracted article text contains no Marikana, Lonmin or Sibanye anchor.",,,
SEC-MEDIA-0194,Engineering News,https://www.engineeringnews.co.za/article/amcu-producers-optimistic-about-talks-2014-05-21,https://engineeringnews.co.za/article/amcu-producers-optimistic-about-talks-2014-05-21,2014,Amcu Producers Optimistic About Talks,secondary_keyword_only_review,https://www.engineeringnews.co.za/article/amcu-producers-optimistic-about-talks-2014-05-21,retrieved_extracted,,2014-05-21,621,06ad4a7cfbe34e8c751cdf52d3e1671e221d58ae7ceea3d95c2526f0358e909e,1,0,,0,strike;worker_miner;wage;union,20,4,,0,0,earnings_results;transaction,3,2,false,false,true,possible_lonmin_substantive_context,Lonmin appears with labour/event/social/governance signals; direct substantive review is required.,,,
SEC-MEDIA-0195,Engineering News,https://www.engineeringnews.co.za/article/amcu-reaches-in-principle-settlement-with-ccma-in-wage-dispute-with-sibanye-2019-03-19,https://engineeringnews.co.za/article/amcu-reaches-in-principle-settlement-with-ccma-in-wage-dispute-with-sibanye-2019-03-19,2019,Amcu Reaches In Principle Settlement With Ccma In Wage Dispute With Sibanye,secondary_keyword_only_review,https://www.engineeringnews.co.za/article/amcu-reaches-in-principle-settlement-with-ccma-in-wage-dispute-with-sibanye-2019-03-19,retrieved_extracted,,2019-03-19,589,a128d53e786b72c128addf51fcfe88f269d15a7db5aaf8ad5752c9e1dcea0dc3,0,5,,0,strike;worker_miner;shooting_death;wage;union,24,5,commission_inquiry,1,1,earnings_results;funding_debt,3,2,false,false,true,sibanye_context_without_case_anchor_review,Sibanye appears with labour/social context but no Marikana/Lonmin anchor; review before exclusion.,,,
SEC-MEDIA-0196,Engineering News,https://www.engineeringnews.co.za/article/amcu-rebuts-as-libellous-allegations-that-it-is-behind-ongoing-bloodshed-2017-10-27,https://engineeringnews.co.za/article/amcu-rebuts-as-libellous-allegations-that-it-is-behind-ongoing-bloodshed-2017-10-27,2017,Amcu Rebuts As Libellous Allegations That It Is Behind Ongoing Bloodshed,secondary_keyword_only_review,https://www.engineeringnews.co.za/article/amcu-rebuts-as-libellous-allegations-that-it-is-behind-ongoing-bloodshed-2017-10-27,retrieved_extracted,,2017-10-27,722,ec5177412d22bd200a255ffc64672e62fec0bfeb69430892cebfcdaf19139a10,2,0,,0,worker_miner;police;shooting_death;union,27,4,,0,0,earnings_results,2,1,false,false,true,possible_lonmin_substantive_context,Lonmin appears with labour/event/social/governance signals; direct substantive review is required.,,,
SEC-MEDIA-0197,Engineering News,https://www.engineeringnews.co.za/article/amcu-refers-platinum-wage-talks-with-sibanye-to-ccma-2019-10-01,https://engineeringnews.co.za/article/amcu-refers-platinum-wage-talks-with-sibanye-to-ccma-2019-10-01,2019,Amcu Refers Platinum Wage Talks With Sibanye To Ccma,secondary_keyword_only_review,https://www.engineeringnews.co.za/article/amcu-refers-platinum-wage-talks-with-sibanye-to-ccma-2019-10-01,retrieved_extracted,,2019-10-01,443,19a8584dbc2a437f4c5d5e1b5b9fdf885195301e214a54b3372f0f528a43e660,0,5,marikana,1,worker_miner;wage;union,15,3,commission_inquiry,1,1,earnings_results,2,1,false,false,true,strong_case_context_supported,Body contains a high-specificity Marikana case term reinforced by labour/event/social/governance context.,,,
SEC-MEDIA-0198,Engineering News,https://www.engineeringnews.co.za/article/amcu-reiterates-implats-strike-threat-2014-01-15,https://engineeringnews.co.za/article/amcu-reiterates-implats-strike-threat-2014-01-15,2014,Amcu Reiterates Implats Strike Threat,secondary_keyword_only_review,https://www.engineeringnews.co.za/article/amcu-reiterates-implats-strike-threat-2014-01-15,retrieved_extracted,,2014-01-15,508,17edfee5617b78bdb7db68a694e0046074e037b139d38ec2bfc18996be585473,2,0,,0,strike;worker_miner;wage;union,21,4,housing;commission_inquiry,2,2,earnings_results,2,1,false,false,true,possible_lonmin_substantive_context,Lonmin appears with labour/event/social/governance signals; direct substantive review is required.,,,
SEC-MEDIA-0199,Engineering News,https://www.engineeringnews.co.za/article/amcu-reiterates-readiness-for-secondary-strike-at-sibanyes-platinum-operations-2019-01-18,https://engineeringnews.co.za/article/amcu-reiterates-readiness-for-secondary-strike-at-sibanyes-platinum-operations-2019-01-18,2019,Amcu Reiterates Readiness For Secondary Strike At Sibanyes Platinum Operations,secondary_keyword_only_review,https://www.engineeringnews.co.za/article/amcu-reiterates-readiness-for-secondary-strike-at-sibanyes-platinum-operations-2019-01-18,retrieved_extracted,,2019-01-18,418,c83715d053167d39c2334e40373acf7301752d3af0da24f162dbed9dabfc444c,0,3,,0,strike;worker_miner;union,15,3,,0,0,earnings_results,2,1,false,false,true,sibanye_context_without_case_anchor_review,Sibanye appears with labour/social context but no Marikana/Lonmin anchor; review before exclusion.,,,
SEC-MEDIA-0200,Engineering News,https://www.engineeringnews.co.za/article/amcu-rejects-platinum-offer-sticking-to-r12-500-demand-2014-01-31,https://engineeringnews.co.za/article/amcu-rejects-platinum-offer-sticking-to-r12-500-demand-2014-01-31,2014,Amcu Rejects Platinum Offer Sticking To R12 500 Demand,secondary_keyword_only_review,https://www.engineeringnews.co.za/article/amcu-rejects-platinum-offer-sticking-to-r12-500-demand-2014-01-31,retrieved_extracted,,2014-01-31,650,e38134816da755b73e4b3b788b7bd6ce10774100b64ebf005507d75a7955bfc3,2,0,,0,strike;worker_miner;wage;union,21,4,,0,0,earnings_results,3,1,false,false,true,possible_lonmin_substantive_context,Lonmin appears with labour/event/social/governance signals; direct substantive review is required.,,,
SEC-MEDIA-0201,Engineering News,https://www.engineeringnews.co.za/article/amcu-rejects-wage-offer-demands-overtime-payment-2015-08-12,https://engineeringnews.co.za/article/amcu-rejects-wage-offer-demands-overtime-payment-2015-08-12,2015,Amcu Rejects Wage Offer Demands Overtime Payment,secondary_keyword_only_review,https://www.engineeringnews.co.za/article/amcu-rejects-wage-offer-demands-overtime-payment-2015-08-12,retrieved_extracted,,2015-08-12,690,88b54a8fbc573479b3e20fa64d389d7debff6f29a7b918073bca227eb8e2e526,0,1,,0,strike;worker_miner;wage;union,32,4,,0,0,earnings_results,2,1,false,false,true,sibanye_context_without_case_anchor_review,Sibanye appears with labour/social context but no Marikana/Lonmin anchor; review before exclusion.,,,
SEC-MEDIA-0202,Engineering News,https://www.engineeringnews.co.za/article/amcu-reports-another-mine-fatality-2021-12-13,https://engineeringnews.co.za/article/amcu-reports-another-mine-fatality-2021-12-13,2021,Amcu Reports Another Mine Fatality,secondary_keyword_only_review,https://www.engineeringnews.co.za/article/amcu-reports-another-mine-fatality-2021-12-13,retrieved_extracted,,2021-12-13,688,15455a422d2b6fe8d5b5393ec770412ca0ac2244476142a53830caabcb8c7948,0,1,,0,worker_miner;shooting_death;union,15,3,justice_accountability,1,1,earnings_results,2,1,false,false,true,sibanye_context_without_case_anchor_review,Sibanye appears with labour/social context but no Marikana/Lonmin anchor; review before exclusion.,,,
SEC-MEDIA-0203,Engineering News,https://www.engineeringnews.co.za/article/amcu-reports-fatalities-at-anglogold-sibanye-mines-2020-03-20,https://engineeringnews.co.za/article/amcu-reports-fatalities-at-anglogold-sibanye-mines-2020-03-20,2020,Amcu Reports Fatalities At Anglogold Sibanye Mines,secondary_keyword_only_review,https://www.engineeringnews.co.za/article/amcu-reports-fatalities-at-anglogold-sibanye-mines-2020-03-20,retrieved_extracted,,2020-03-20,419,2520f586c89b97e62f5bc3b917f49dc22ee419ae372444b1af894239562b954b,0,3,,0,worker_miner;union,9,2,,0,0,earnings_results;exploration_project,3,2,false,false,true,sibanye_context_without_case_anchor_review,Sibanye appears with labour/social context but no Marikana/Lonmin anchor; review before exclusion.,,,
SEC-MEDIA-0204,Engineering News,https://www.engineeringnews.co.za/article/amcu-reports-fatality-at-impala-mine-2021-08-05,https://engineeringnews.co.za/article/amcu-reports-fatality-at-impala-mine-2021-08-05,2021,Amcu Reports Fatality At Impala Mine,secondary_keyword_only_review,https://www.engineeringnews.co.za/article/amcu-reports-fatality-at-impala-mine-2021-08-05,retrieved_extracted,,2021-08-05,337,6a2cc5d968318bbf297b46a8d1c62f07e3f90cc20c84879188c1585fe40f1607,0,0,,0,worker_miner;union,7,2,,0,0,earnings_results,2,1,false,false,true,no_case_anchor,"Extracted article text contains no Marikana, Lonmin or Sibanye anchor.",,,
SEC-MEDIA-0205,Engineering News,https://www.engineeringnews.co.za/article/amcu-reveals-2019-plans-amid-ongoing-strike-at-sibanye-stillwater-2019-01-09,https://engineeringnews.co.za/article/amcu-reveals-2019-plans-amid-ongoing-strike-at-sibanye-stillwater-2019-01-09,2019,Amcu Reveals 2019 Plans Amid Ongoing Strike At Sibanye Stillwater,secondary_keyword_only_review,https://www.engineeringnews.co.za/article/amcu-reveals-2019-plans-amid-ongoing-strike-at-sibanye-stillwater-2019-01-09,retrieved_extracted,,2019-01-09,571,ec7f82426b6f74a4e3b5be63770908e19784a409f6e86d356597dbb7ad0a19a2,0,5,,0,strike;worker_miner;union,18,3,justice_accountability,1,1,earnings_results,2,1,false,false,true,sibanye_context_without_case_anchor_review,Sibanye appears with labour/social context but no Marikana/Lonmin anchor; review before exclusion.,,,
SEC-MEDIA-0206,Engineering News,https://www.engineeringnews.co.za/article/amcu-revised-demand-still-unaffordable-2014-03-05,https://engineeringnews.co.za/article/amcu-revised-demand-still-unaffordable-2014-03-05,2014,Amcu Revised Demand Still Unaffordable,secondary_keyword_only_review,https://www.engineeringnews.co.za/article/amcu-revised-demand-still-unaffordable-2014-03-05,retrieved_extracted,,2014-03-05,561,419ad13b0bd25d3b592701d1e838126d5a197510a443e3e1b32def064dc80619,1,0,,0,strike;worker_miner;wage;union,14,4,,0,0,earnings_results,3,1,false,false,true,possible_lonmin_substantive_context,Lonmin appears with labour/event/social/governance signals; direct substantive review is required.,,,
SEC-MEDIA-0207,Engineering News,https://www.engineeringnews.co.za/article/amcu-says-another-four-mineworkers-killed-at-sibanyes-operations-2021-12-03,https://engineeringnews.co.za/article/amcu-says-another-four-mineworkers-killed-at-sibanyes-operations-2021-12-03,2021,Amcu Says Another Four Mineworkers Killed At Sibanyes Operations,secondary_keyword_only_review,https://www.engineeringnews.co.za/article/amcu-says-another-four-mineworkers-killed-at-sibanyes-operations-2021-12-03,retrieved_extracted,,2021-12-03,675,0faa20d07ea237f4390462e0fff3fbfdee063a964cc66362af605a990c174aad,0,9,,0,worker_miner;shooting_death;union,7,3,justice_accountability,1,1,earnings_results;exploration_project,6,2,false,false,true,sibanye_context_without_case_anchor_review,Sibanye appears with labour/social context but no Marikana/Lonmin anchor; review before exclusion.,,,
SEC-MEDIA-0208,Engineering News,https://www.engineeringnews.co.za/article/amcu-says-de-registration-halted-2019-09-03,https://engineeringnews.co.za/article/amcu-says-de-registration-halted-2019-09-03,2019,Amcu Says De Registration Halted,secondary_keyword_only_review,https://www.engineeringnews.co.za/article/amcu-says-de-registration-halted-2019-09-03,retrieved_extracted,,2019-09-03,530,5029c5a78e20439af02f21b5d8102b55efbb17ab46f5006aa56901d823d02346,1,1,,0,strike;worker_miner;union,16,3,,0,0,earnings_results,2,1,false,false,true,possible_lonmin_substantive_context,Lonmin appears with labour/event/social/governance signals; direct substantive review is required.,,,
SEC-MEDIA-0209,Engineering News,https://www.engineeringnews.co.za/article/amcu-says-sibanye-stillwater-makes-new-attempt-to-halt-strike-2019-01-31,https://engineeringnews.co.za/article/amcu-says-sibanye-stillwater-makes-new-attempt-to-halt-strike-2019-01-31,2019,Amcu Says Sibanye Stillwater Makes New Attempt To Halt Strike,secondary_keyword_only_review,https://www.engineeringnews.co.za/article/amcu-says-sibanye-stillwater-makes-new-attempt-to-halt-strike-2019-01-31,retrieved_extracted,,2019-01-31,499,e7203bf2a19d25a90abdf353bef25ba69faf52905a69da28f0b4bcfe0dca8413,0,6,,0,strike;worker_miner;wage;union,22,4,,0,0,earnings_results,2,1,false,false,true,sibanye_context_without_case_anchor_review,Sibanye appears with labour/social context but no Marikana/Lonmin anchor; review before exclusion.,,,
SEC-MEDIA-0210,Engineering News,https://www.engineeringnews.co.za/article/amcu-says-signing-of-wage-agreement-with-platinum-producers-postponed-2019-11-13,https://engineeringnews.co.za/article/amcu-says-signing-of-wage-agreement-with-platinum-producers-postponed-2019-11-13,2019,Amcu Says Signing Of Wage Agreement With Platinum Producers Postponed,secondary_keyword_only_review,https://www.engineeringnews.co.za/article/amcu-says-signing-of-wage-agreement-with-platinum-producers-postponed-2019-11-13,retrieved_extracted,,2019-11-13,640,be444675e3044a92b0101c748ab4af5e31f416f05662433ab08f791ddcfbd237,0,5,,0,strike;worker_miner;wage;union,19,4,housing,1,1,earnings_results;commodity_market,3,2,false,false,true,sibanye_context_without_case_anchor_review,Sibanye appears with labour/social context but no Marikana/Lonmin anchor; review before exclusion.,,,
SEC-MEDIA-0211,Engineering News,https://www.engineeringnews.co.za/article/amcu-says-wage-deal-agreed-with-amplats-2022-05-24,https://engineeringnews.co.za/article/amcu-says-wage-deal-agreed-with-amplats-2022-05-24,2022,Amcu Says Wage Deal Agreed With Amplats,secondary_keyword_only_review,https://www.engineeringnews.co.za/article/amcu-says-wage-deal-agreed-with-amplats-2022-05-24,retrieved_extracted,,2022-05-24,596,68ed56b8d015e84f3e205b0104aa1db2f5b016fd68d0f6cf5436be83108c1496,0,2,,0,strike;worker_miner;wage;union,24,4,,0,0,share_price;earnings_results;commodity_market,5,3,false,false,true,sibanye_context_without_case_anchor_review,Sibanye appears with labour/social context but no Marikana/Lonmin anchor; review before exclusion.,,,
SEC-MEDIA-0212,Engineering News,https://www.engineeringnews.co.za/article/amcu-says-workers-in-platinum-sector-may-back-wage-offers-2019-11-07,https://engineeringnews.co.za/article/amcu-says-workers-in-platinum-sector-may-back-wage-offers-2019-11-07,2019,Amcu Says Workers In Platinum Sector May Back Wage Offers,secondary_keyword_only_review,https://www.engineeringnews.co.za/article/amcu-says-workers-in-platinum-sector-may-back-wage-offers-2019-11-07,retrieved_extracted,,2019-11-07,586,b2b4c7b08709bfbb742279d143b9d590fd0452208932c7f732a5f9b50285f377,0,5,marikana,1,strike;worker_miner;wage;union,26,4,,0,0,earnings_results,2,1,false,false,true,strong_case_context_supported,Body contains a high-specificity Marikana case term reinforced by labour/event/social/governance context.,,,
SEC-MEDIA-0213,Engineering News,https://www.engineeringnews.co.za/article/amcu-seeks-basic-wage-of-r17-000-for-members-in-platinum-sector-2019-06-14,https://engineeringnews.co.za/article/amcu-seeks-basic-wage-of-r17-000-for-members-in-platinum-sector-2019-06-14,2019,Amcu Seeks Basic Wage Of R17 000 For Members In Platinum Sector,secondary_keyword_only_review,https://www.engineeringnews.co.za/article/amcu-seeks-basic-wage-of-r17-000-for-members-in-platinum-sector-2019-06-14,retrieved_extracted,,2019-06-14,1095,298256aa0eb5e494e79f7f86d4f20736797194255c4a599e840bc116240b8f1a,1,5,,0,strike;worker_miner;wage;union,33,4,community,1,1,earnings_results;transaction;commodity_market,5,3,false,false,true,possible_lonmin_substantive_context,Lonmin appears with labour/event/social/governance signals; direct substantive review is required.,,,
SEC-MEDIA-0214,Engineering News,https://www.engineeringnews.co.za/article/amcu-seeks-r12-500-minimum-for-gold-miners-2018-06-11,https://engineeringnews.co.za/article/amcu-seeks-r12-500-minimum-for-gold-miners-2018-06-11,2018,Amcu Seeks R12 500 Minimum For Gold Miners,secondary_keyword_only_review,https://www.engineeringnews.co.za/article/amcu-seeks-r12-500-minimum-for-gold-miners-2018-06-11,retrieved_extracted,,2018-06-11,569,3d6d39dab96e7ad219f57a6bdd135d6563d02341e293824d3b27691a90797538,0,1,,0,worker_miner;wage;union,18,3,,0,0,earnings_results,2,1,false,false,true,sibanye_context_without_case_anchor_review,Sibanye appears with labour/social context but no Marikana/Lonmin anchor; review before exclusion.,,,
SEC-MEDIA-0215,Engineering News,https://www.engineeringnews.co.za/article/amcu-sees-imminent-wage-deal-with-impala-platinum-2019-10-02,https://engineeringnews.co.za/article/amcu-sees-imminent-wage-deal-with-impala-platinum-2019-10-02,2019,Amcu Sees Imminent Wage Deal With Impala Platinum,secondary_keyword_only_review,https://www.engineeringnews.co.za/article/amcu-sees-imminent-wage-deal-with-impala-platinum-2019-10-02,retrieved_extracted,,2019-10-02,370,f34be6a3ffc1941d682adaba60437fb4f27d718313cedc1ac00442006878240d,0,0,,0,worker_miner;wage;union,10,3,commission_inquiry,1,1,earnings_results,2,1,false,false,true,no_case_anchor,"Extracted article text contains no Marikana, Lonmin or Sibanye anchor.",,,
SEC-MEDIA-0216,Engineering News,https://www.engineeringnews.co.za/article/amcu-sidelined-as-platinum-producers-take-offer-directly-to-employees-2014-04-25,https://engineeringnews.co.za/article/amcu-sidelined-as-platinum-producers-take-offer-directly-to-employees-2014-04-25,2014,Amcu Sidelined As Platinum Producers Take Offer Directly To Employees,secondary_keyword_only_review,https://www.engineeringnews.co.za/article/amcu-sidelined-as-platinum-producers-take-offer-directly-to-employees-2014-04-25,retrieved_extracted,,2014-04-25,765,fa1b5226f7f650dae70c5457afab8bebc5c3d8bfeffade178cf813936739152d,6,0,,0,strike;worker_miner;wage;union,19,4,,0,0,earnings_results,3,1,false,false,true,strong_lonmin_context_supported,"No high-specificity case term, but Lonmin is repeatedly substantive alongside strong labour/social/governance context.",,,
SEC-MEDIA-0217,Engineering News,https://www.engineeringnews.co.za/article/amcu-sidelines-collective-gold-bargaining-process-2016-04-13,https://engineeringnews.co.za/article/amcu-sidelines-collective-gold-bargaining-process-2016-04-13,2016,Amcu Sidelines Collective Gold Bargaining Process,secondary_keyword_only_review,https://www.engineeringnews.co.za/article/amcu-sidelines-collective-gold-bargaining-process-2016-04-13,retrieved_extracted,,2016-04-13,341,092efc808e53e91ac52b2ba9c19a21cf6f02d12b6eaec77e5f774e6de15ae816,0,1,,0,worker_miner;wage;union,4,3,,0,0,earnings_results,2,1,false,false,true,sibanye_context_without_case_anchor_review,Sibanye appears with labour/social context but no Marikana/Lonmin anchor; review before exclusion.,,,
SEC-MEDIA-0218,Engineering News,https://www.engineeringnews.co.za/article/amcu-signs-mine-peace-accord-2013-03-08,https://engineeringnews.co.za/article/amcu-signs-mine-peace-accord-2013-03-08,2013,Amcu Signs Mine Peace Accord,secondary_keyword_only_review,https://www.engineeringnews.co.za/article/amcu-signs-mine-peace-accord-2013-03-08,retrieved_extracted,,2013-03-08,670,c4205b4b6f5345773c3be0a3b524278c6db5142e1b130528937b43691f4c6ba9,0,0,,0,strike;worker_miner;union;protest_unrest,18,4,housing,1,1,earnings_results;commodity_market,3,2,false,false,true,no_case_anchor,"Extracted article text contains no Marikana, Lonmin or Sibanye anchor.",,,
SEC-MEDIA-0219,Engineering News,https://www.engineeringnews.co.za/article/amcu-slams-sibanye-for-strike-interdict-at-gold-operations-2018-12-19,https://engineeringnews.co.za/article/amcu-slams-sibanye-for-strike-interdict-at-gold-operations-2018-12-19,2018,Amcu Slams Sibanye For Strike Interdict At Gold Operations,secondary_keyword_only_review,https://www.engineeringnews.co.za/article/amcu-slams-sibanye-for-strike-interdict-at-gold-operations-2018-12-19,retrieved_extracted,,2018-12-19,794,bcb3f6153333035f501c0e6862290829b98b44dcfeae6a32429b9755e12f4e2c,0,12,,0,strike;worker_miner;wage;union;protest_unrest,36,5,,0,0,earnings_results,4,1,false,false,true,sibanye_context_without_case_anchor_review,Sibanye appears with labour/social context but no Marikana/Lonmin anchor; review before exclusion.,,,
SEC-MEDIA-0220,Engineering News,https://www.engineeringnews.co.za/article/amcu-snubs-phakisa-says-dont-know-what-it-is-2015-10-16,https://engineeringnews.co.za/article/amcu-snubs-phakisa-says-dont-know-what-it-is-2015-10-16,2015,Amcu Snubs Phakisa Says Dont Know What It Is,secondary_keyword_only_review,https://www.engineeringnews.co.za/article/amcu-snubs-phakisa-says-dont-know-what-it-is-2015-10-16,retrieved_extracted,,2015-10-16,605,ead9c64ce181f954ff64931802f699aeb0ba63a9abd5278aa0e858d5187e4c40,0,0,,0,worker_miner;union,9,2,,0,0,earnings_results;commodity_market,3,2,false,false,true,no_case_anchor,"Extracted article text contains no Marikana, Lonmin or Sibanye anchor.",,,
SEC-MEDIA-0221,Engineering News,https://www.engineeringnews.co.za/article/amcu-speaks-out-on-union-dispute-at-zondereinde-2016-06-09,https://engineeringnews.co.za/article/amcu-speaks-out-on-union-dispute-at-zondereinde-2016-06-09,2016,Amcu Speaks Out On Union Dispute At Zondereinde,secondary_keyword_only_review,https://www.engineeringnews.co.za/article/amcu-speaks-out-on-union-dispute-at-zondereinde-2016-06-09,retrieved_extracted,,2016-06-09,903,0281b0b2c982e7cbb412b5bccbfdae2752e5ca3040a8490b56350b76c3328e6a,0,0,,0,strike;worker_miner;police;shooting_death;union;protest_unrest,52,6,housing,6,1,earnings_results,2,1,false,false,true,no_case_anchor,"Extracted article text contains no Marikana, Lonmin or Sibanye anchor.",,,
SEC-MEDIA-0222,Engineering News,https://www.engineeringnews.co.za/article/amcu-speaks-out-on-union-dispute-at-zondereinde-2016-06-10,https://engineeringnews.co.za/article/amcu-speaks-out-on-union-dispute-at-zondereinde-2016-06-10,2016,Amcu Speaks Out On Union Dispute At Zondereinde,secondary_keyword_only_review,https://www.engineeringnews.co.za/article/amcu-speaks-out-on-union-dispute-at-zondereinde-2016-06-10,retrieved_extracted,,2016-06-10,266,c720aba17fa78b1ef7a4987b341682d4d662d137b980f591e44c2966b3dcd7ca,0,0,,0,,0,0,,0,0,earnings_results,2,1,false,false,true,no_case_anchor,"Extracted article text contains no Marikana, Lonmin or Sibanye anchor.",,,
SEC-MEDIA-0223,Engineering News,https://www.engineeringnews.co.za/article/amcu-speaks-out-on-union-dispute-at-zondereinde-2016-06-24,https://engineeringnews.co.za/article/amcu-speaks-out-on-union-dispute-at-zondereinde-2016-06-24,2016,Amcu Speaks Out On Union Dispute At Zondereinde,secondary_keyword_only_review,https://www.engineeringnews.co.za/article/amcu-speaks-out-on-union-dispute-at-zondereinde-2016-06-24,retrieved_extracted,,2016-06-24,266,c720aba17fa78b1ef7a4987b341682d4d662d137b980f591e44c2966b3dcd7ca,0,0,,0,,0,0,,0,0,earnings_results,2,1,false,false,true,no_case_anchor,"Extracted article text contains no Marikana, Lonmin or Sibanye anchor.",,,
SEC-MEDIA-0224,Engineering News,https://www.engineeringnews.co.za/article/amcu-state-barely-doing-anything-to-alleviate-platinum-belt-humanitarian-crisis-solidarity-2014-05-23,https://engineeringnews.co.za/article/amcu-state-barely-doing-anything-to-alleviate-platinum-belt-humanitarian-crisis-solidarity-2014-05-23,2014,Amcu State Barely Doing Anything To Alleviate Platinum Belt Humanitarian Crisis Solidarity,secondary_keyword_only_review,https://www.engineeringnews.co.za/article/amcu-state-barely-doing-anything-to-alleviate-platinum-belt-humanitarian-crisis-solidarity-2014-05-23,retrieved_extracted,,2014-05-23,653,907af89e16a02a2e126da30e82339d6ea1fd7fa656440dcbd8f8ae639d33d62c,0,0,,0,strike;worker_miner;wage;union,24,4,community,1,1,earnings_results;funding_debt;exploration_project,4,3,false,false,true,no_case_anchor,"Extracted article text contains no Marikana, Lonmin or Sibanye anchor.",,,
SEC-MEDIA-0225,Engineering News,https://www.engineeringnews.co.za/article/amcu-strike-action-further-undermines-struggling-gold-platinum-sectors-minerals-council-2019-02-22,https://engineeringnews.co.za/article/amcu-strike-action-further-undermines-struggling-gold-platinum-sectors-minerals-council-2019-02-22,2019,Amcu Strike Action Further Undermines Struggling Gold Platinum Sectors Minerals Council,secondary_keyword_only_review,https://www.engineeringnews.co.za/article/amcu-strike-action-further-undermines-struggling-gold-platinum-sectors-minerals-council-2019-02-22,retrieved_extracted,,2019-02-22,674,a0873bf603dd71c7cedd0a5b8c6e144e1a27b3dbdb4575df7808e30c48112457,1,3,,0,strike;worker_miner;union,21,3,,0,0,earnings_results;production_output;commodity_market,4,3,false,false,true,possible_lonmin_substantive_context,Lonmin appears with labour/event/social/governance signals; direct substantive review is required.,,,
SEC-MEDIA-0226,Engineering News,https://www.engineeringnews.co.za/article/amcu-strike-at-sibanye-stillwater-legal---court-2018-12-21,https://engineeringnews.co.za/article/amcu-strike-at-sibanye-stillwater-legal---court-2018-12-21,2018,Amcu Strike At Sibanye Stillwater Legal Court,secondary_keyword_only_review,https://www.engineeringnews.co.za/article/amcu-strike-at-sibanye-stillwater-legal---court-2018-12-21,retrieved_extracted,,2018-12-21,544,4fc1e2708313a510c3f418723eddab48e24feb837314c4a8f08bd300a6d13503,0,9,,0,strike;worker_miner;wage;union,29,4,commission_inquiry,1,1,earnings_results,2,1,false,false,true,sibanye_context_without_case_anchor_review,Sibanye appears with labour/social context but no Marikana/Lonmin anchor; review before exclusion.,,,
SEC-MEDIA-0227,Engineering News,https://www.engineeringnews.co.za/article/amcu-strike-continues-at-sibanye-as-union-verification-process-is-adjourned-2019-01-08,https://engineeringnews.co.za/article/amcu-strike-continues-at-sibanye-as-union-verification-process-is-adjourned-2019-01-08,2019,Amcu Strike Continues At Sibanye As Union Verification Process Is Adjourned,secondary_keyword_only_review,https://www.engineeringnews.co.za/article/amcu-strike-continues-at-sibanye-as-union-verification-process-is-adjourned-2019-01-08,retrieved_extracted,,2019-01-08,763,f9d4fc7ea9e84fabb75d28a47e73240704bc91a5a665c45e29d9cbc7542e5bf3,0,11,,0,strike;worker_miner;wage;union,33,4,commission_inquiry,1,1,earnings_results,2,1,false,false,true,sibanye_context_without_case_anchor_review,Sibanye appears with labour/social context but no Marikana/Lonmin anchor; review before exclusion.,,,
SEC-MEDIA-0228,Engineering News,https://www.engineeringnews.co.za/article/amcu-strike-could-force-closure-of-platinum-companies-warns-uasa-2014-02-12,https://engineeringnews.co.za/article/amcu-strike-could-force-closure-of-platinum-companies-warns-uasa-2014-02-12,2014,Amcu Strike Could Force Closure Of Platinum Companies Warns Uasa,secondary_keyword_only_review,https://www.engineeringnews.co.za/article/amcu-strike-could-force-closure-of-platinum-companies-warns-uasa-2014-02-12,retrieved_extracted,,2014-02-12,749,a801185518ee247a15c78733e85fb0f30bd743fec782e579721145dfe3640280,1,0,,0,strike;worker_miner;wage;union,25,4,commission_inquiry,1,1,earnings_results,2,1,false,false,true,possible_lonmin_substantive_context,Lonmin appears with labour/event/social/governance signals; direct substantive review is required.,,,
SEC-MEDIA-0229,Engineering News,https://www.engineeringnews.co.za/article/amcu-strike-extends-to-the-gold-sector-as-strike-notices-issued-2014-01-20,https://engineeringnews.co.za/article/amcu-strike-extends-to-the-gold-sector-as-strike-notices-issued-2014-01-20,2014,Amcu Strike Extends To The Gold Sector As Strike Notices Issued,secondary_keyword_only_review,https://www.engineeringnews.co.za/article/amcu-strike-extends-to-the-gold-sector-as-strike-notices-issued-2014-01-20,retrieved_extracted,,2014-01-20,679,7b6bfa306179504ade94fe24e89178cdb9ad76106223b65548d6a3d01869d4b2,1,1,,0,strike;worker_miner;wage;union,30,4,justice_accountability;commission_inquiry,3,2,share_price;earnings_results;production_output,5,3,false,false,true,possible_lonmin_substantive_context,Lonmin appears with labour/event/social/governance signals; direct substantive review is required.,,,
SEC-MEDIA-0230,Engineering News,https://www.engineeringnews.co.za/article/amcu-tables-wage-demand-in-the-platinum-sector-2016-07-12,https://engineeringnews.co.za/article/amcu-tables-wage-demand-in-the-platinum-sector-2016-07-12,2016,Amcu Tables Wage Demand In The Platinum Sector,secondary_keyword_only_review,https://www.engineeringnews.co.za/article/amcu-tables-wage-demand-in-the-platinum-sector-2016-07-12,retrieved_extracted,,2016-07-12,503,9e168cc020f00f919806b1ee8adc3bd626df7b8488124ee9b17f97020141f6c0,1,0,,0,strike;worker_miner;wage;union,19,4,housing,1,1,earnings_results,2,1,false,false,true,possible_lonmin_substantive_context,Lonmin appears with labour/event/social/governance signals; direct substantive review is required.,,,
SEC-MEDIA-0231,Engineering News,https://www.engineeringnews.co.za/article/amcu-threatens-strike-action-at-implats-over-planned-job-cuts-2018-08-07,https://engineeringnews.co.za/article/amcu-threatens-strike-action-at-implats-over-planned-job-cuts-2018-08-07,2018,Amcu Threatens Strike Action At Implats Over Planned Job Cuts,secondary_keyword_only_review,https://www.engineeringnews.co.za/article/amcu-threatens-strike-action-at-implats-over-planned-job-cuts-2018-08-07,retrieved_extracted,,2018-08-07,604,18274aab224d876707c6434678e27e5b6a7a619e1e5db4d4b987adf299f7add8,1,0,,0,strike;worker_miner;wage;union,10,4,,0,0,earnings_results,2,1,false,false,true,possible_lonmin_substantive_context,Lonmin appears with labour/event/social/governance signals; direct substantive review is required.,,,
SEC-MEDIA-0232,Engineering News,https://www.engineeringnews.co.za/article/amcu-threatens-strike-action-at-implats-over-planned-job-cuts-2018-08-17,https://engineeringnews.co.za/article/amcu-threatens-strike-action-at-implats-over-planned-job-cuts-2018-08-17,2018,Amcu Threatens Strike Action At Implats Over Planned Job Cuts,secondary_keyword_only_review,https://www.engineeringnews.co.za/article/amcu-threatens-strike-action-at-implats-over-planned-job-cuts-2018-08-17,retrieved_extracted,,2018-08-17,604,74fd15b2233a6d5bae2a2ef70edd0991f70199add5f82acbd683c9627e43aa6c,1,0,,0,strike;worker_miner;wage;union,10,4,,0,0,earnings_results,2,1,false,false,true,possible_lonmin_substantive_context,Lonmin appears with labour/event/social/governance signals; direct substantive review is required.,,,
SEC-MEDIA-0233,Engineering News,https://www.engineeringnews.co.za/article/amcu-threatens-to-bring-south-africa-to-standstill-2013-05-17,https://engineeringnews.co.za/article/amcu-threatens-to-bring-south-africa-to-standstill-2013-05-17,2013,Amcu Threatens To Bring South Africa To Standstill,secondary_keyword_only_review,https://www.engineeringnews.co.za/article/amcu-threatens-to-bring-south-africa-to-standstill-2013-05-17,retrieved_extracted,,2013-05-17,938,22e0fa15b05575dfd68c50712663af3ceb4e54d2c478a37a3d910e61d9931b7e,1,0,marikana,2,strike;worker_miner;police;shooting_death;union;protest_unrest,39,6,,0,0,share_price;earnings_results,5,2,false,false,true,strong_case_context_supported,Body contains a high-specificity Marikana case term reinforced by labour/event/social/governance context.,,,
SEC-MEDIA-0234,Engineering News,https://www.engineeringnews.co.za/article/amcu-threatens-to-extend-strike-at-sibanye-stillwaters-platinum-mine-2019-01-22,https://engineeringnews.co.za/article/amcu-threatens-to-extend-strike-at-sibanye-stillwaters-platinum-mine-2019-01-22,2019,Amcu Threatens To Extend Strike At Sibanye Stillwaters Platinum Mine,secondary_keyword_only_review,https://www.engineeringnews.co.za/article/amcu-threatens-to-extend-strike-at-sibanye-stillwaters-platinum-mine-2019-01-22,retrieved_extracted,,2019-01-22,553,0fb6386b950c0be7decd8c131dc5d61271d25cc4f1f86def394688bc9faf9d1f,0,10,,0,strike;worker_miner;shooting_death;wage;union;protest_unrest,27,6,,0,0,share_price;earnings_results;production_output,4,3,false,false,true,sibanye_context_without_case_anchor_review,Sibanye appears with labour/social context but no Marikana/Lonmin anchor; review before exclusion.,,,
SEC-MEDIA-0235,Engineering News,https://www.engineeringnews.co.za/article/amcu-to-fight-amplats-sale-2014-08-18,https://engineeringnews.co.za/article/amcu-to-fight-amplats-sale-2014-08-18,2014,Amcu To Fight Amplats Sale,secondary_keyword_only_review,https://www.engineeringnews.co.za/article/amcu-to-fight-amplats-sale-2014-08-18,retrieved_extracted,,2014-08-18,589,c0c7fa065c3e7defbe97db71a9e498128d0f6c04b5a1d01fac72ab71515fcfcd,2,0,marikana,1,strike;worker_miner;police;shooting_death;wage;union,22,6,,0,0,earnings_results;transaction,4,2,false,false,true,strong_case_context_supported,Body contains a high-specificity Marikana case term reinforced by labour/event/social/governance context.,,,
SEC-MEDIA-0236,Engineering News,https://www.engineeringnews.co.za/article/amcu-to-march-to-amplats-offices-on-tuesday-2014-03-17,https://engineeringnews.co.za/article/amcu-to-march-to-amplats-offices-on-tuesday-2014-03-17,2014,Amcu To March To Amplats Offices On Tuesday,secondary_keyword_only_review,https://www.engineeringnews.co.za/article/amcu-to-march-to-amplats-offices-on-tuesday-2014-03-17,retrieved_extracted,,2014-03-17,629,8fac5fb06f44e5d48ff169e1f9d4f27ef0743985c223aed4158bad557cc0006f,1,1,,0,strike;worker_miner;wage;union;protest_unrest,26,5,commission_inquiry,1,1,earnings_results,3,1,false,false,true,possible_lonmin_substantive_context,Lonmin appears with labour/event/social/governance signals; direct substantive review is required.,,,
SEC-MEDIA-0237,Engineering News,https://www.engineeringnews.co.za/article/amcu-to-meet-with-members-to-discuss-companies-response-2014-06-23,https://engineeringnews.co.za/article/amcu-to-meet-with-members-to-discuss-companies-response-2014-06-23,2014,Amcu To Meet With Members To Discuss Companies Response,secondary_keyword_only_review,https://www.engineeringnews.co.za/article/amcu-to-meet-with-members-to-discuss-companies-response-2014-06-23,retrieved_extracted,,2014-06-23,548,98c4d4e23505f632c9d5a67ebfc9fe59ffd34ab703486a3c98222c5fac3a7915,1,0,,0,strike;worker_miner;wage;union,14,4,,0,0,earnings_results,2,1,false,false,true,possible_lonmin_substantive_context,Lonmin appears with labour/event/social/governance signals; direct substantive review is required.,,,
SEC-MEDIA-0238,Engineering News,https://www.engineeringnews.co.za/article/amcu-to-petition-nedlac-in-january-to-support-university-student-protest-2015-11-13,https://engineeringnews.co.za/article/amcu-to-petition-nedlac-in-january-to-support-university-student-protest-2015-11-13,2015,Amcu To Petition Nedlac In January To Support University Student Protest,secondary_keyword_only_review,https://www.engineeringnews.co.za/article/amcu-to-petition-nedlac-in-january-to-support-university-student-protest-2015-11-13,retrieved_extracted,,2015-11-13,731,4126e2869194f64686043507918820394899d69a9310bd4ffdc39a940a0f7e2f,0,0,,0,worker_miner;wage;union,18,3,community,1,1,earnings_results;funding_debt;commodity_market,6,3,false,false,true,no_case_anchor,"Extracted article text contains no Marikana, Lonmin or Sibanye anchor.",,,
SEC-MEDIA-0239,Engineering News,https://www.engineeringnews.co.za/article/amcu-to-set-wage-demands-for-platinum-sector-2016-05-16,https://engineeringnews.co.za/article/amcu-to-set-wage-demands-for-platinum-sector-2016-05-16,2016,Amcu To Set Wage Demands For Platinum Sector,secondary_keyword_only_review,https://www.engineeringnews.co.za/article/amcu-to-set-wage-demands-for-platinum-sector-2016-05-16,retrieved_extracted,,2016-05-16,625,29c2703f296b9fb8928f5e20d3eb338227ea518dcb48eb6b30c3f8c1ec546c61,2,1,,0,strike;worker_miner;wage;union,26,4,housing,1,1,earnings_results;transaction;commodity_market,5,3,false,false,true,possible_lonmin_substantive_context,Lonmin appears with labour/event/social/governance signals; direct substantive review is required.,,,
SEC-MEDIA-0240,Engineering News,https://www.engineeringnews.co.za/article/amcu-to-strike-at-sibanyes-platinum-operations-from-jan-22-2019-01-14,https://engineeringnews.co.za/article/amcu-to-strike-at-sibanyes-platinum-operations-from-jan-22-2019-01-14,2019,Amcu To Strike At Sibanyes Platinum Operations From Jan 22,secondary_keyword_only_review,https://www.engineeringnews.co.za/article/amcu-to-strike-at-sibanyes-platinum-operations-from-jan-22-2019-01-14,retrieved_extracted,,2019-01-14,484,24209c5f776d4926707a891b9cdf9853306dfba47e795b9f1b5a5919fe63a89f,0,4,,0,strike;worker_miner;wage;union,21,4,,0,0,earnings_results,2,1,false,false,true,sibanye_context_without_case_anchor_review,Sibanye appears with labour/social context but no Marikana/Lonmin anchor; review before exclusion.,,,
SEC-MEDIA-0241,Engineering News,https://www.engineeringnews.co.za/article/amcu-to-submit-labour-demands-directly-to-companies-2013-05-09,https://engineeringnews.co.za/article/amcu-to-submit-labour-demands-directly-to-companies-2013-05-09,2013,Amcu To Submit Labour Demands Directly To Companies,secondary_keyword_only_review,https://www.engineeringnews.co.za/article/amcu-to-submit-labour-demands-directly-to-companies-2013-05-09,retrieved_extracted,,2013-05-09,1045,6ea6ffc1fe65aa476471e19e455846e196ec29dbf69b2ede9f0fc8734a7bfc0f,3,0,,0,strike;worker_miner;wage;union;protest_unrest,30,5,commission_inquiry,1,1,earnings_results,3,1,false,false,true,strong_lonmin_context_supported,"No high-specificity case term, but Lonmin is repeatedly substantive alongside strong labour/social/governance context.",,,
SEC-MEDIA-0242,Engineering News,https://www.engineeringnews.co.za/article/amcu-to-take-sibanye-to-ccma-over-wage-negotiation-impasse-2021-10-19,https://engineeringnews.co.za/article/amcu-to-take-sibanye-to-ccma-over-wage-negotiation-impasse-2021-10-19,2021,Amcu To Take Sibanye To Ccma Over Wage Negotiation Impasse,secondary_keyword_only_review,https://www.engineeringnews.co.za/article/amcu-to-take-sibanye-to-ccma-over-wage-negotiation-impasse-2021-10-19,retrieved_extracted,,2021-10-19,700,5849b4484e21c07c22283fadb5605cdbff07f83af8d8fe69d41a91bfc9069b63,0,10,,0,strike;worker_miner;wage;union,27,4,commission_inquiry,1,1,earnings_results,2,1,false,false,true,sibanye_context_without_case_anchor_review,Sibanye appears with labour/social context but no Marikana/Lonmin anchor; review before exclusion.,,,
SEC-MEDIA-0243,Engineering News,https://www.engineeringnews.co.za/article/amcu-triumphant-in-labour-court-anglogold-ashanti-forced-to-reinstate-workers-2015-11-05,https://engineeringnews.co.za/article/amcu-triumphant-in-labour-court-anglogold-ashanti-forced-to-reinstate-workers-2015-11-05,2015,Amcu Triumphant In Labour Court Anglogold Ashanti Forced To Reinstate Workers,secondary_keyword_only_review,https://www.engineeringnews.co.za/article/amcu-triumphant-in-labour-court-anglogold-ashanti-forced-to-reinstate-workers-2015-11-05,retrieved_extracted,,2015-11-05,681,2735b80a25886049aadd088396d8ba0b9431f71adfa33d93d948a52ae942c389,0,0,,0,worker_miner;wage;union,21,3,justice_accountability,3,1,earnings_results;production_output,3,2,false,false,true,no_case_anchor,"Extracted article text contains no Marikana, Lonmin or Sibanye anchor.",,,
SEC-MEDIA-0244,Engineering News,https://www.engineeringnews.co.za/article/amcu-triumphant-in-labour-court-anglogold-ashanti-forced-to-reinstate-workers-2015-11-13,https://engineeringnews.co.za/article/amcu-triumphant-in-labour-court-anglogold-ashanti-forced-to-reinstate-workers-2015-11-13,2015,Amcu Triumphant In Labour Court Anglogold Ashanti Forced To Reinstate Workers,secondary_keyword_only_review,https://www.engineeringnews.co.za/article/amcu-triumphant-in-labour-court-anglogold-ashanti-forced-to-reinstate-workers-2015-11-13,retrieved_extracted,,2015-11-13,698,64364a7878b75ac675b4702e2d6fe8f9ed14de34107d5118723a8a0528665ca2,0,0,,0,worker_miner;wage;union,22,3,justice_accountability,4,1,earnings_results;production_output,4,2,false,false,true,no_case_anchor,"Extracted article text contains no Marikana, Lonmin or Sibanye anchor.",,,
SEC-MEDIA-0245,Engineering News,https://www.engineeringnews.co.za/article/amcu-union-to-remain-on-strike-at-sibanye-stillwater-2018-12-14,https://engineeringnews.co.za/article/amcu-union-to-remain-on-strike-at-sibanye-stillwater-2018-12-14,2018,Amcu Union To Remain On Strike At Sibanye Stillwater,secondary_keyword_only_review,https://www.engineeringnews.co.za/article/amcu-union-to-remain-on-strike-at-sibanye-stillwater-2018-12-14,retrieved_extracted,,2018-12-14,545,6c719d88844b115efa7fe4aa3cb8bb6e8ff2a8dbea288b9a0a153e20bc218c3e,0,6,,0,strike;worker_miner;wage;union,25,4,,0,0,share_price;earnings_results,3,2,false,false,true,sibanye_context_without_case_anchor_review,Sibanye appears with labour/social context but no Marikana/Lonmin anchor; review before exclusion.,,,
SEC-MEDIA-0246,Engineering News,https://www.engineeringnews.co.za/article/amcu-urges-govt-to-make-universal-testing-for-mineworkers-mandatory-2020-05-18,https://engineeringnews.co.za/article/amcu-urges-govt-to-make-universal-testing-for-mineworkers-mandatory-2020-05-18,2020,Amcu Urges Govt To Make Universal Testing For Mineworkers Mandatory,secondary_keyword_only_review,https://www.engineeringnews.co.za/article/amcu-urges-govt-to-make-universal-testing-for-mineworkers-mandatory-2020-05-18,retrieved_extracted,,2020-05-18,516,0d548a3dfcb87e477a1bccce81edacdb4107e2f58f92ffdb4b347c8c1d8bab0e,0,0,,0,worker_miner;union,10,2,,0,0,earnings_results,2,1,false,false,true,no_case_anchor,"Extracted article text contains no Marikana, Lonmin or Sibanye anchor.",,,
SEC-MEDIA-0247,Engineering News,https://www.engineeringnews.co.za/article/amcu-urges-greater-mineral-beneficiation-nationalisation-of-mines-2017-05-02,https://engineeringnews.co.za/article/amcu-urges-greater-mineral-beneficiation-nationalisation-of-mines-2017-05-02,2017,Amcu Urges Greater Mineral Beneficiation Nationalisation Of Mines,secondary_keyword_only_review,https://www.engineeringnews.co.za/article/amcu-urges-greater-mineral-beneficiation-nationalisation-of-mines-2017-05-02,retrieved_extracted,,2017-05-02,966,904fa97c8b567f35f5a49038e832d828545b67aaf2317cce876508dc3037dc08,0,0,,0,worker_miner;shooting_death;wage;union,28,4,,0,0,earnings_results;production_output;funding_debt;transaction,7,4,false,false,true,no_case_anchor,"Extracted article text contains no Marikana, Lonmin or Sibanye anchor.",,,
SEC-MEDIA-0248,Engineering News,https://www.engineeringnews.co.za/article/amcu-vows-to-continue-illegal-strike-at-sibanye-2016-05-30,https://engineeringnews.co.za/article/amcu-vows-to-continue-illegal-strike-at-sibanye-2016-05-30,2016,Amcu Vows To Continue Illegal Strike At Sibanye,secondary_keyword_only_review,https://www.engineeringnews.co.za/article/amcu-vows-to-continue-illegal-strike-at-sibanye-2016-05-30,retrieved_extracted,,2016-05-30,357,9dca917beae412d235e5425bbabcc4487268cd1ed7012a536ba5649497b74cd0,0,3,,0,strike;worker_miner;union,10,3,,0,0,earnings_results,2,1,false,false,true,sibanye_context_without_case_anchor_review,Sibanye appears with labour/social context but no Marikana/Lonmin anchor; review before exclusion.,,,
SEC-MEDIA-0249,Engineering News,https://www.engineeringnews.co.za/article/amcu-vows-to-fight-mining-job-cuts-2016-03-18,https://engineeringnews.co.za/article/amcu-vows-to-fight-mining-job-cuts-2016-03-18,2016,Amcu Vows To Fight Mining Job Cuts,secondary_keyword_only_review,https://www.engineeringnews.co.za/article/amcu-vows-to-fight-mining-job-cuts-2016-03-18,retrieved_extracted,,2016-03-18,703,30be0911011f30ae5be054307735b3a85030c1fe71314d69c0ac74b4b495d3f8,2,3,,0,worker_miner;wage;union;protest_unrest,20,4,,0,0,earnings_results;transaction,5,2,false,false,true,possible_lonmin_substantive_context,Lonmin appears with labour/event/social/governance signals; direct substantive review is required.,,,
SEC-MEDIA-0250,Engineering News,https://www.engineeringnews.co.za/article/amcu-vows-to-grind-sibanye-to-a-halt-over-wages-2016-04-04,https://engineeringnews.co.za/article/amcu-vows-to-grind-sibanye-to-a-halt-over-wages-2016-04-04,2016,Amcu Vows To Grind Sibanye To A Halt Over Wages,secondary_keyword_only_review,https://www.engineeringnews.co.za/article/amcu-vows-to-grind-sibanye-to-a-halt-over-wages-2016-04-04,retrieved_extracted,,2016-04-04,827,0de865b88f8842ae696e4fefbd37df7903baa2a23de69a983fd95ebe97303a88,0,10,,0,strike;worker_miner;wage;union;protest_unrest,38,5,,0,0,share_price;earnings_results;production_output,7,3,false,false,true,sibanye_context_without_case_anchor_review,Sibanye appears with labour/social context but no Marikana/Lonmin anchor; review before exclusion.,,,
SEC-MEDIA-0251,Engineering News,https://www.engineeringnews.co.za/article/amcu-warns-of-possible-sibanye-platinum-strike-as-negotiations-continue-2019-08-13,https://engineeringnews.co.za/article/amcu-warns-of-possible-sibanye-platinum-strike-as-negotiations-continue-2019-08-13,2019,Amcu Warns Of Possible Sibanye Platinum Strike As Negotiations Continue,secondary_keyword_only_review,https://www.engineeringnews.co.za/article/amcu-warns-of-possible-sibanye-platinum-strike-as-negotiations-continue-2019-08-13,retrieved_extracted,,2019-08-13,981,9704ae4ad953648a83270d9a0dae649951bede79695093bad03f57c1cea3798d,5,11,marikana,1,strike;worker_miner;police;shooting_death;wage;union,46,6,housing,2,1,earnings_results;transaction;exploration_project,5,3,false,false,true,strong_case_context_supported,Body contains a high-specificity Marikana case term reinforced by labour/event/social/governance context.,,,
SEC-MEDIA-0252,Engineering News,https://www.engineeringnews.co.za/article/amcu-will-not-buy-amplats-mines-gama-2014-08-20,https://engineeringnews.co.za/article/amcu-will-not-buy-amplats-mines-gama-2014-08-20,2014,Amcu Will Not Buy Amplats Mines Gama,secondary_keyword_only_review,https://www.engineeringnews.co.za/article/amcu-will-not-buy-amplats-mines-gama-2014-08-20,retrieved_extracted,,2014-08-20,658,db14d1d00ba44661f40a4fafba9c9e2f11e973723b1c2e953292c08ba7c363f5,0,0,,0,worker_miner;wage;union,18,3,housing,1,1,share_price;earnings_results;funding_debt;transaction;commodity_market,13,5,false,false,true,no_case_anchor,"Extracted article text contains no Marikana, Lonmin or Sibanye anchor.",,,
SEC-MEDIA-0253,Engineering News,https://www.engineeringnews.co.za/article/amcu-will-not-return-to-work-without-r12-500-basic-wage-2014-03-27,https://engineeringnews.co.za/article/amcu-will-not-return-to-work-without-r12-500-basic-wage-2014-03-27,2014,Amcu Will Not Return To Work Without R12 500 Basic Wage,secondary_keyword_only_review,https://www.engineeringnews.co.za/article/amcu-will-not-return-to-work-without-r12-500-basic-wage-2014-03-27,retrieved_extracted,,2014-03-27,596,486e0b55488498cf961d11d67cf06b1c384d5b7a68fff802aa8da529678a4d75,2,0,,0,strike;worker_miner;wage;union,18,4,,0,0,share_price;earnings_results,3,2,false,false,true,possible_lonmin_substantive_context,Lonmin appears with labour/event/social/governance signals; direct substantive review is required.,,,
SEC-MEDIA-0254,Engineering News,https://www.engineeringnews.co.za/article/amcu-willing-to-move-on-wage-demands-wants-to-negotiate-directly-with-ceos-2014-02-20,https://engineeringnews.co.za/article/amcu-willing-to-move-on-wage-demands-wants-to-negotiate-directly-with-ceos-2014-02-20,2014,Amcu Willing To Move On Wage Demands Wants To Negotiate Directly With Ceos,secondary_keyword_only_review,https://www.engineeringnews.co.za/article/amcu-willing-to-move-on-wage-demands-wants-to-negotiate-directly-with-ceos-2014-02-20,retrieved_extracted,,2014-02-20,957,07183781f4e879d4c0e0aa2f4ddd3dfacf49f8a6d86d0e82451f7c87edfc3379,2,0,,0,strike;worker_miner;wage;union,33,4,housing;justice_accountability,2,2,earnings_results,3,1,false,false,true,possible_lonmin_substantive_context,Lonmin appears with labour/event/social/governance signals; direct substantive review is required.,,,
SEC-MEDIA-0255,Engineering News,https://www.engineeringnews.co.za/article/amcu-workers-to-strike-at-sibanyes-south-africa-gold-mines-2018-11-19,https://engineeringnews.co.za/article/amcu-workers-to-strike-at-sibanyes-south-africa-gold-mines-2018-11-19,2018,Amcu Workers To Strike At Sibanyes South Africa Gold Mines,secondary_keyword_only_review,https://www.engineeringnews.co.za/article/amcu-workers-to-strike-at-sibanyes-south-africa-gold-mines-2018-11-19,retrieved_extracted,,2018-11-19,593,77787b65a458f4d13311f5db334cba4d4dd59d0c5f4216ce30b54082d900a487,0,6,,0,strike;worker_miner;wage;union,27,4,,0,0,earnings_results,2,1,false,false,true,sibanye_context_without_case_anchor_review,Sibanye appears with labour/social context but no Marikana/Lonmin anchor; review before exclusion.,,,
SEC-MEDIA-0256,Engineering News,https://www.engineeringnews.co.za/article/amcus-urgent-court-application-starts-2013-01-23,https://engineeringnews.co.za/article/amcus-urgent-court-application-starts-2013-01-23,2013,Amcus Urgent Court Application Starts,secondary_keyword_only_review,https://www.engineeringnews.co.za/article/amcus-urgent-court-application-starts-2013-01-23,retrieved_extracted,,2013-01-23,627,b853ae93a9791a3b7490e17b73a7ddfd9c9aeda36de8248beb2f96fe7e09aa7c,0,0,,0,strike;worker_miner;shooting_death;wage;union;protest_unrest,27,6,housing,4,1,earnings_results,2,1,false,false,false,no_case_anchor,"Extracted article text contains no Marikana, Lonmin or Sibanye anchor.",,,
SEC-MEDIA-0257,Engineering News,https://www.engineeringnews.co.za/article/amplats-amcu-sign-three-year-wage-agreement-2016-10-28,https://engineeringnews.co.za/article/amplats-amcu-sign-three-year-wage-agreement-2016-10-28,2016,Amplats Amcu Sign Three Year Wage Agreement,secondary_keyword_only_review,https://www.engineeringnews.co.za/article/amplats-amcu-sign-three-year-wage-agreement-2016-10-28,retrieved_extracted,,2016-10-28,696,bcb028b8b322357111517f24ec30403f8f5e9235568b6a093bac7db6dc901ee9,0,0,,0,worker_miner;wage;union,23,3,housing,1,1,earnings_results,2,1,false,false,true,no_case_anchor,"Extracted article text contains no Marikana, Lonmin or Sibanye anchor.",,,
SEC-MEDIA-0258,Engineering News,https://www.engineeringnews.co.za/article/amplats-implats-refute-amcu-tax-wage-evasion-claims-2014-05-30,https://engineeringnews.co.za/article/amplats-implats-refute-amcu-tax-wage-evasion-claims-2014-05-30,2014,Amplats Implats Refute Amcu Tax Wage Evasion Claims,secondary_keyword_only_review,https://www.engineeringnews.co.za/article/amplats-implats-refute-amcu-tax-wage-evasion-claims-2014-05-30,retrieved_extracted,,2014-05-30,647,9106d1fa02f9c7f358dd584907e68c2cd01588866f8ca25e2c0f3ebc086130f9,3,0,,0,strike;worker_miner;wage;union,15,4,community,1,1,earnings_results;transaction;commodity_market,4,3,false,false,true,strong_lonmin_context_supported,"No high-specificity case term, but Lonmin is repeatedly substantive alongside strong labour/social/governance context.",,,
SEC-MEDIA-0259,Engineering News,https://www.engineeringnews.co.za/article/amplats-in-discussions-with-sibanye-2015-09-03,https://engineeringnews.co.za/article/amplats-in-discussions-with-sibanye-2015-09-03,2015,Amplats In Discussions With Sibanye,secondary_keyword_only_review,https://www.engineeringnews.co.za/article/amplats-in-discussions-with-sibanye-2015-09-03,retrieved_extracted,,2015-09-03,453,fd17d4f4e433196a3211b1289faad897cc5eb13503eb4e7eb5a070abb2d7d3d5,0,6,,0,,0,0,,0,0,share_price;earnings_results;transaction,7,3,false,false,false,ambiguous_secondary_review,Signals are insufficient for a defensible secondary-queue decision.,,,
SEC-MEDIA-0260,Engineering News,https://www.engineeringnews.co.za/article/amplats-in-discussions-with-sibanye-2015-09-11,https://engineeringnews.co.za/article/amplats-in-discussions-with-sibanye-2015-09-11,2015,Amplats In Discussions With Sibanye,secondary_keyword_only_review,https://www.engineeringnews.co.za/article/amplats-in-discussions-with-sibanye-2015-09-11,retrieved_extracted,,2015-09-11,449,c2541fcb9c6b797c4dee2d574a2326cb899c45db16bfa563a3827194c742f6ef,0,6,,0,,0,0,,0,0,share_price;earnings_results;transaction,7,3,false,false,false,ambiguous_secondary_review,Signals are insufficient for a defensible secondary-queue decision.,,,
SEC-MEDIA-0261,Engineering News,https://www.engineeringnews.co.za/article/amplats-sells-platinum-mines-to-sibanye-2015-09-11,https://engineeringnews.co.za/article/amplats-sells-platinum-mines-to-sibanye-2015-09-11,2015,Amplats Sells Platinum Mines To Sibanye,secondary_keyword_only_review,https://www.engineeringnews.co.za/article/amplats-sells-platinum-mines-to-sibanye-2015-09-11,retrieved_extracted,,2015-09-11,326,0cf839b51f7ab412e4b8fd34a4c3ef867360c75f75e29de6cf70f8327827b05e,0,2,,0,,0,0,,0,0,earnings_results;transaction,4,2,false,true,false,strong_routine_no_case_anchor,Routine corporate/financial/production article with no Marikana/Lonmin case anchor.,,,
SEC-MEDIA-0262,Engineering News,https://www.engineeringnews.co.za/article/amplats-sells-rustenburg-platinum-mines-to-sibanye-for-r45bn-2015-09-09,https://engineeringnews.co.za/article/amplats-sells-rustenburg-platinum-mines-to-sibanye-for-r45bn-2015-09-09,2015,Amplats Sells Rustenburg Platinum Mines To Sibanye For R45Bn,secondary_keyword_only_review,https://www.engineeringnews.co.za/article/amplats-sells-rustenburg-platinum-mines-to-sibanye-for-r45bn-2015-09-09,retrieved_extracted,,2015-09-09,952,7042e515f19b5877b15abb596d7489481e6f9ddcfcf1bf14b2a3ba6faf19c4dc,0,11,,0,union,2,1,,0,0,share_price;earnings_results;production_output;transaction;exploration_project;commodity_market,15,6,false,true,false,strong_routine_no_case_anchor,Routine corporate/financial/production article with no Marikana/Lonmin case anchor.,,,
SEC-MEDIA-0263,Engineering News,https://www.engineeringnews.co.za/article/amplats-sibanye-included-in-2021-bloomberg-gender-equality-index-2021-01-27,https://engineeringnews.co.za/article/amplats-sibanye-included-in-2021-bloomberg-gender-equality-index-2021-01-27,2021,Amplats Sibanye Included In 2021 Bloomberg Gender Equality Index,secondary_keyword_only_review,https://www.engineeringnews.co.za/article/amplats-sibanye-included-in-2021-bloomberg-gender-equality-index-2021-01-27,retrieved_extracted,,2021-01-27,660,1a0ec9a0be14d64b6530e081f4b5a773ac89ad68045a79fc3710106acd46cee6,0,2,,0,worker_miner;wage,6,2,,0,0,earnings_results,2,1,false,false,false,sibanye_context_without_case_anchor_review,Sibanye appears with labour/social context but no Marikana/Lonmin anchor; review before exclusion.,,,
SEC-MEDIA-0264,Engineering News,https://www.engineeringnews.co.za/article/amplats-signs-with-amcu-2013-03-04,https://engineeringnews.co.za/article/amplats-signs-with-amcu-2013-03-04,2013,Amplats Signs With Amcu,secondary_keyword_only_review,https://www.engineeringnews.co.za/article/amplats-signs-with-amcu-2013-03-04,retrieved_extracted,,2013-03-04,535,8f82bc02957569ddcec49dfe877e07afdcdef0ce236000b5f0a87dea22241b11,3,0,,0,worker_miner;union;protest_unrest,22,3,,0,0,earnings_results,2,1,false,false,true,strong_lonmin_context_supported,"No high-specificity case term, but Lonmin is repeatedly substantive alongside strong labour/social/governance context.",,,
SEC-MEDIA-0265,Engineering News,https://www.engineeringnews.co.za/article/amplats-sues-amcu-union-for-platinum-strike-damages-2014-02-17,https://engineeringnews.co.za/article/amplats-sues-amcu-union-for-platinum-strike-damages-2014-02-17,2014,Amplats Sues Amcu Union For Platinum Strike Damages,secondary_keyword_only_review,https://www.engineeringnews.co.za/article/amplats-sues-amcu-union-for-platinum-strike-damages-2014-02-17,retrieved_extracted,,2014-02-17,837,03333d7b662644124233b752d501802103328287324b27a147f411dcd8f9a1d0,2,0,marikana,1,strike;worker_miner;police;shooting_death;wage;union;protest_unrest,51,7,justice_accountability,3,1,earnings_results;production_output;funding_debt,8,3,false,false,true,strong_case_context_supported,Body contains a high-specificity Marikana case term reinforced by labour/event/social/governance context.,,,
SEC-MEDIA-0266,Engineering News,https://www.engineeringnews.co.za/article/analysts-raise-local-platinum-gold-expansion-opportunities-for-cash-flush-sibanye-2020-08-30,https://engineeringnews.co.za/article/analysts-raise-local-platinum-gold-expansion-opportunities-for-cash-flush-sibanye-2020-08-30,2020,Analysts Raise Local Platinum Gold Expansion Opportunities For Cash Flush Sibanye,secondary_keyword_only_review,https://www.engineeringnews.co.za/article/analysts-raise-local-platinum-gold-expansion-opportunities-for-cash-flush-sibanye-2020-08-30,retrieved_extracted,,2020-08-30,1863,4b6090d4a27928cf462e57fea585217071791339fd40e60b44894f86cc35014e,1,14,marikana,5,strike,1,1,community;commission_inquiry,3,2,share_price;earnings_results;production_output;funding_debt;transaction;dividend_rights;exploration_project;commodity_market,43,8,false,false,false,strong_case_context_supported,Body contains a high-specificity Marikana case term reinforced by labour/event/social/governance context.,,,
SEC-MEDIA-0267,Engineering News,https://www.engineeringnews.co.za/article/anc-sold-its-people-to-the-highest-bidder-says-amcu-leader-2015-08-21,https://engineeringnews.co.za/article/anc-sold-its-people-to-the-highest-bidder-says-amcu-leader-2015-08-21,2015,Anc Sold Its People To The Highest Bidder Says Amcu Leader,secondary_keyword_only_review,https://www.engineeringnews.co.za/article/anc-sold-its-people-to-the-highest-bidder-says-amcu-leader-2015-08-21,retrieved_extracted,,2015-08-21,649,63e7f6659e0c97db9f5befd676c304b3cae93dababbd75b3254192341a1e5db1,0,0,marikana,3,worker_miner;shooting_death;union;protest_unrest,10,4,,0,0,earnings_results;transaction,4,2,false,true,true,strong_case_context_supported,Body contains a high-specificity Marikana case term reinforced by labour/event/social/governance context.,,,
SEC-MEDIA-0268,Engineering News,https://www.engineeringnews.co.za/article/anglo-american-platinum-calls-for-constructive-engagement-with-amcu-2014-01-23,https://engineeringnews.co.za/article/anglo-american-platinum-calls-for-constructive-engagement-with-amcu-2014-01-23,2014,Anglo American Platinum Calls For Constructive Engagement With Amcu,secondary_keyword_only_review,https://www.engineeringnews.co.za/article/anglo-american-platinum-calls-for-constructive-engagement-with-amcu-2014-01-23,retrieved_extracted,,2014-01-23,570,1e372e5014c9a408a5539d493e1954c7ee06077595672a239beb3735a1e4418f,0,0,,0,strike;worker_miner;wage;union,16,4,,0,0,earnings_results;production_output,3,2,false,false,true,no_case_anchor,"Extracted article text contains no Marikana, Lonmin or Sibanye anchor.",,,
SEC-MEDIA-0269,Engineering News,https://www.engineeringnews.co.za/article/anglo-american-platinum-completes-sale-of-rustenburg-operations-to-sibanye-2016-11-01,https://engineeringnews.co.za/article/anglo-american-platinum-completes-sale-of-rustenburg-operations-to-sibanye-2016-11-01,2016,Anglo American Platinum Completes Sale Of Rustenburg Operations To Sibanye,secondary_keyword_only_review,https://www.engineeringnews.co.za/article/anglo-american-platinum-completes-sale-of-rustenburg-operations-to-sibanye-2016-11-01,retrieved_extracted,,2016-11-01,1040,5b912db53f34d839f949cd0fcf6c784335d58b6de76e0c365cf9fdfac68338fc,0,12,,0,wage,1,1,,0,0,share_price;earnings_results;production_output;funding_debt;transaction;exploration_project,15,6,false,false,false,ambiguous_secondary_review,Signals are insufficient for a defensible secondary-queue decision.,,,
SEC-MEDIA-0270,Engineering News,https://www.engineeringnews.co.za/article/anglo-american-platinum-receives-notice-of-intention-to-strike-from-amcu-2014-01-21,https://engineeringnews.co.za/article/anglo-american-platinum-receives-notice-of-intention-to-strike-from-amcu-2014-01-21,2014,Anglo American Platinum Receives Notice Of Intention To Strike From Amcu,secondary_keyword_only_review,https://www.engineeringnews.co.za/article/anglo-american-platinum-receives-notice-of-intention-to-strike-from-amcu-2014-01-21,retrieved_extracted,,2014-01-21,630,b2510015f41626aed52144fad42f0397cf049f7b3969b61456a0a957f2275424,0,0,,0,strike;worker_miner;wage;union,24,4,community,1,1,earnings_results,2,1,false,false,true,no_case_anchor,"Extracted article text contains no Marikana, Lonmin or Sibanye anchor.",,,
SEC-MEDIA-0271,Engineering News,https://www.engineeringnews.co.za/article/anglogold-reaches-three-year-wage-deal-with-amcu-uasa-solidarity-2018-09-17,https://engineeringnews.co.za/article/anglogold-reaches-three-year-wage-deal-with-amcu-uasa-solidarity-2018-09-17,2018,Anglogold Reaches Three Year Wage Deal With Amcu Uasa Solidarity,secondary_keyword_only_review,https://www.engineeringnews.co.za/article/anglogold-reaches-three-year-wage-deal-with-amcu-uasa-solidarity-2018-09-17,retrieved_extracted,,2018-09-17,536,6d06248737aad921f65a06222cb4b03b72a3567bf3cce679efd5a5708a13e8c8,0,1,,0,strike;worker_miner;wage;union,22,4,commission_inquiry,1,1,earnings_results,2,1,false,false,true,sibanye_context_without_case_anchor_review,Sibanye appears with labour/social context but no Marikana/Lonmin anchor; review before exclusion.,,,
SEC-MEDIA-0272,Engineering News,https://www.engineeringnews.co.za/article/another-mineworker-dies-at-a-sibanye-stillwater-operation-2021-12-01,https://engineeringnews.co.za/article/another-mineworker-dies-at-a-sibanye-stillwater-operation-2021-12-01,2021,Another Mineworker Dies At A Sibanye Stillwater Operation,secondary_keyword_only_review,https://www.engineeringnews.co.za/article/another-mineworker-dies-at-a-sibanye-stillwater-operation-2021-12-01,retrieved_extracted,,2021-12-01,577,830805db921897beb3cf7abb4ce6d79ee3bd58a7a381fc9fc2a3d035e56a956b,0,4,,0,worker_miner;shooting_death;union,15,3,justice_accountability,1,1,earnings_results;exploration_project,3,2,false,false,false,sibanye_context_without_case_anchor_review,Sibanye appears with labour/social context but no Marikana/Lonmin anchor; review before exclusion.,,,
SEC-MEDIA-0273,Engineering News,https://www.engineeringnews.co.za/article/appian-files-12bn-claim-against-sibanye-2022-05-30,https://engineeringnews.co.za/article/appian-files-12bn-claim-against-sibanye-2022-05-30,2022,Appian Files 12Bn Claim Against Sibanye,secondary_keyword_only_review,https://www.engineeringnews.co.za/article/appian-files-12bn-claim-against-sibanye-2022-05-30,retrieved_extracted,,2022-05-30,759,418495ca76bc862bd3e41171aa64381325a4fa77678b8972fa5e11378613c51b,0,10,,0,worker_miner,1,1,justice_accountability,2,1,earnings_results;production_output;transaction;exploration_project;commodity_market,10,5,false,false,false,sibanye_context_without_case_anchor_review,Sibanye appears with labour/social context but no Marikana/Lonmin anchor; review before exclusion.,,,
SEC-MEDIA-0274,Engineering News,https://www.engineeringnews.co.za/article/appian-intends-to-rigorously-enforce-its-legal-rights-in-sibanye-deal-drop-2022-03-02,https://engineeringnews.co.za/article/appian-intends-to-rigorously-enforce-its-legal-rights-in-sibanye-deal-drop-2022-03-02,2022,Appian Intends To Rigorously Enforce Its Legal Rights In Sibanye Deal Drop,secondary_keyword_only_review,https://www.engineeringnews.co.za/article/appian-intends-to-rigorously-enforce-its-legal-rights-in-sibanye-deal-drop-2022-03-02,retrieved_extracted,,2022-03-02,641,0b899595aa50b36b0dc4a70b512344b354c7b0461456e95e13059252cd6e7993,0,10,,0,worker_miner,1,1,justice_accountability,1,1,earnings_results;production_output;transaction;exploration_project;commodity_market,10,5,false,false,false,sibanye_context_without_case_anchor_review,Sibanye appears with labour/social context but no Marikana/Lonmin anchor; review before exclusion.,,,
SEC-MEDIA-0275,Engineering News,https://www.engineeringnews.co.za/article/aquarius-shareholders-approve-takeover-by-sibanye-2016-01-18,https://engineeringnews.co.za/article/aquarius-shareholders-approve-takeover-by-sibanye-2016-01-18,2016,Aquarius Shareholders Approve Takeover By Sibanye,secondary_keyword_only_review,https://www.engineeringnews.co.za/article/aquarius-shareholders-approve-takeover-by-sibanye-2016-01-18,retrieved_extracted,,2016-01-18,524,574ebefcb83dec560f99d480894aaa2493b7d3b203bda4d53eb85a3aea4ae0ed,0,7,,0,worker_miner,1,1,,0,0,share_price;earnings_results;transaction,6,3,false,true,false,strong_routine_no_case_anchor,Routine corporate/financial/production article with no Marikana/Lonmin case anchor.,,,
SEC-MEDIA-0276,Engineering News,https://www.engineeringnews.co.za/article/aquarius-shareholders-approve-takeover-by-sibanye-2016-01-29,https://engineeringnews.co.za/article/aquarius-shareholders-approve-takeover-by-sibanye-2016-01-29,2016,Aquarius Shareholders Approve Takeover By Sibanye,secondary_keyword_only_review,https://www.engineeringnews.co.za/article/aquarius-shareholders-approve-takeover-by-sibanye-2016-01-29,retrieved_extracted,,2016-01-29,522,9828f2533ddf8f21874f4529565ed567e53bde6a54cf1a70dbe9b86930f34394,0,7,,0,worker_miner,1,1,,0,0,share_price;earnings_results;transaction,6,3,false,true,false,strong_routine_no_case_anchor,Routine corporate/financial/production article with no Marikana/Lonmin case anchor.,,,
SEC-MEDIA-0277,Engineering News,https://www.engineeringnews.co.za/article/aquarius-shareholders-to-vote-on-sibanye-deal-in-january-2015-12-15,https://engineeringnews.co.za/article/aquarius-shareholders-to-vote-on-sibanye-deal-in-january-2015-12-15,2015,Aquarius Shareholders To Vote On Sibanye Deal In January,secondary_keyword_only_review,https://www.engineeringnews.co.za/article/aquarius-shareholders-to-vote-on-sibanye-deal-in-january-2015-12-15,retrieved_extracted,,2015-12-15,419,acc7a28614377edfa9fc6f72e8c54669c0788c06a1488cc31c6362aeda2f7308,0,2,,0,worker_miner,1,1,,0,0,share_price;earnings_results;transaction,4,3,false,false,false,ambiguous_secondary_review,Signals are insufficient for a defensible secondary-queue decision.,,,
SEC-MEDIA-0278,Engineering News,https://www.engineeringnews.co.za/article/as-s-african-govt-aims-at-q2-signing-of-revamped-mprda-sibanye-ceo-bemoans-investors-lack-of-confidence-2016-03-25,https://engineeringnews.co.za/article/as-s-african-govt-aims-at-q2-signing-of-revamped-mprda-sibanye-ceo-bemoans-investors-lack-of-confidence-2016-03-25,2016,As S African Govt Aims At Q2 Signing Of Revamped Mprda Sibanye Ceo Bemoans Investors Lack Of Confidence,secondary_keyword_only_review,https://www.engineeringnews.co.za/article/as-s-african-govt-aims-at-q2-signing-of-revamped-mprda-sibanye-ceo-bemoans-investors-lack-of-confidence-2016-03-25,retrieved_extracted,,2016-03-25,1079,b4e8c6488f8efcd5d55291439a4beddc6cb0dc58d1eaf48447c50e9a189d4b9c,0,5,,0,strike;worker_miner;union,17,3,,0,0,earnings_results;production_output;transaction;commodity_market,6,4,false,false,false,sibanye_context_without_case_anchor_review,Sibanye appears with labour/social context but no Marikana/Lonmin anchor; review before exclusion.,,,
SEC-MEDIA-0279,Engineering News,https://www.engineeringnews.co.za/article/as-sa-govt-aims-at-q2-signing-of-revamped-mprda-sibanye-ceo-bemoans-foreign-investor-confidence-2016-03-11,https://engineeringnews.co.za/article/as-sa-govt-aims-at-q2-signing-of-revamped-mprda-sibanye-ceo-bemoans-foreign-investor-confidence-2016-03-11,2016,As Sa Govt Aims At Q2 Signing Of Revamped Mprda Sibanye Ceo Bemoans Foreign Investor Confidence,secondary_keyword_only_review,https://www.engineeringnews.co.za/article/as-sa-govt-aims-at-q2-signing-of-revamped-mprda-sibanye-ceo-bemoans-foreign-investor-confidence-2016-03-11,retrieved_extracted,,2016-03-11,1091,00b817db2302bad00282210b4e6a47808c3fa33eab009a374d1e4a4d8a1a705e,0,6,,0,strike;worker_miner;union,19,3,,0,0,earnings_results;production_output;transaction;dividend_rights;commodity_market,7,5,false,false,false,sibanye_context_without_case_anchor_review,Sibanye appears with labour/social context but no Marikana/Lonmin anchor; review before exclusion.,,,
SEC-MEDIA-0280,Engineering News,https://www.engineeringnews.co.za/article/as-stakeholders-negotiate-platinum-strike-costs-rise-2014-06-09,https://engineeringnews.co.za/article/as-stakeholders-negotiate-platinum-strike-costs-rise-2014-06-09,2014,As Stakeholders Negotiate Platinum Strike Costs Rise,secondary_keyword_only_review,https://www.engineeringnews.co.za/article/as-stakeholders-negotiate-platinum-strike-costs-rise-2014-06-09,retrieved_extracted,,2014-06-09,591,b235ca9a8deb45af7ce19fc735fc920fb06243bb88942b008cf543ee3077c43f,1,0,,0,strike;worker_miner;wage;union;protest_unrest,10,5,housing;community,3,2,earnings_results;production_output,4,2,false,false,true,possible_lonmin_substantive_context,Lonmin appears with labour/event/social/governance signals; direct substantive review is required.,,,
SEC-MEDIA-0281,Engineering News,https://www.engineeringnews.co.za/article/attempt-to-deregister-amcu-as-union-a-political-attack-says-mathunjwa-2019-04-26,https://engineeringnews.co.za/article/attempt-to-deregister-amcu-as-union-a-political-attack-says-mathunjwa-2019-04-26,2019,Attempt To Deregister Amcu As Union A Political Attack Says Mathunjwa,secondary_keyword_only_review,https://www.engineeringnews.co.za/article/attempt-to-deregister-amcu-as-union-a-political-attack-says-mathunjwa-2019-04-26,retrieved_extracted,,2019-04-26,773,b36435ab98a66028d84a9d24842487cd39d398f4f4ab81519c2e44397528a263,0,1,,0,strike;worker_miner;union,29,3,housing,2,1,earnings_results,2,1,false,false,true,sibanye_context_without_case_anchor_review,Sibanye appears with labour/social context but no Marikana/Lonmin anchor; review before exclusion.,,,
SEC-MEDIA-0282,Engineering News,https://www.engineeringnews.co.za/article/barrick-gold-sibanye-stillwater-anglogold-ashanti-and-perseus-gold-ceos-join-nedbank-cibs-gold-roundtable-at-the-virtual-investment-programme-2021-03-29,https://engineeringnews.co.za/article/barrick-gold-sibanye-stillwater-anglogold-ashanti-and-perseus-gold-ceos-join-nedbank-cibs-gold-roundtable-at-the-virtual-investment-programme-2021-03-29,2021,Barrick Gold Sibanye Stillwater Anglogold Ashanti And Perseus Gold Ceos Join Nedbank Cibs Gold Roundtable At The Virtual Investment Programme,secondary_keyword_only_review,https://www.engineeringnews.co.za/article/barrick-gold-sibanye-stillwater-anglogold-ashanti-and-perseus-gold-ceos-join-nedbank-cibs-gold-roundtable-at-the-virtual-investment-programme-2021-03-29,retrieved_extracted,,2021-03-29,608,dab343f5474b89f6b91f2e197f8fd31a84c425a3013bc3b95722efc23b929952,0,2,,0,,0,0,community,1,1,earnings_results;production_output;funding_debt,4,3,false,false,false,sibanye_context_without_case_anchor_review,Sibanye appears with labour/social context but no Marikana/Lonmin anchor; review before exclusion.,,,
SEC-MEDIA-0283,Engineering News,https://www.engineeringnews.co.za/article/black-owned-merafes-doubles-earnings-benefits-from-platinum-strike-2014-08-12,https://engineeringnews.co.za/article/black-owned-merafes-doubles-earnings-benefits-from-platinum-strike-2014-08-12,2014,Black Owned Merafes Doubles Earnings Benefits From Platinum Strike,secondary_keyword_only_review,https://www.engineeringnews.co.za/article/black-owned-merafes-doubles-earnings-benefits-from-platinum-strike-2014-08-12,retrieved_extracted,,2014-08-12,1191,3c56aa715934a8caa9f616029de6b2bfdeef7a3fbdef0b88fcfba5366e784005,0,0,wonderkop,1,strike;wage,4,2,community,1,1,share_price;earnings_results;production_output;funding_debt;transaction;dividend_rights;exploration_project;commodity_market,43,8,false,true,true,strong_case_context_supported,Body contains a high-specificity Marikana case term reinforced by labour/event/social/governance context.,,,
SEC-MEDIA-0284,Engineering News,https://www.engineeringnews.co.za/article/blackrock-lifts-stake-in-sibanye-stillwater-to-5-2020-10-15,https://engineeringnews.co.za/article/blackrock-lifts-stake-in-sibanye-stillwater-to-5-2020-10-15,2020,Blackrock Lifts Stake In Sibanye Stillwater To 5,secondary_keyword_only_review,https://www.engineeringnews.co.za/article/blackrock-lifts-stake-in-sibanye-stillwater-to-5-2020-10-15,retrieved_extracted,,2020-10-15,342,e373a8bb85af08772c44b0dcf27c05e383a578b9b9aa18feaa91f9a125d582ca,0,3,,0,worker_miner,1,1,,0,0,earnings_results;transaction,4,2,false,true,false,strong_routine_no_case_anchor,Routine corporate/financial/production article with no Marikana/Lonmin case anchor.,,,
SEC-MEDIA-0285,Engineering News,https://www.engineeringnews.co.za/article/blitz-delivering-ahead-of-schedule-sibanye-stillwater-2017-10-02,https://engineeringnews.co.za/article/blitz-delivering-ahead-of-schedule-sibanye-stillwater-2017-10-02,2017,Blitz Delivering Ahead Of Schedule Sibanye Stillwater,secondary_keyword_only_review,https://www.engineeringnews.co.za/article/blitz-delivering-ahead-of-schedule-sibanye-stillwater-2017-10-02,retrieved_extracted,,2017-10-02,823,2cb341797a7035eea5c486b2cfeb43d8f57e5ede433c2dc59984832e732f1b58,0,10,,0,wage,1,1,,0,0,earnings_results;production_output;funding_debt;transaction;exploration_project,22,5,false,false,false,ambiguous_secondary_review,Signals are insufficient for a defensible secondary-queue decision.,,,
SEC-MEDIA-0286,Engineering News,https://www.engineeringnews.co.za/article/body-of-missing-sibanye-employee-recovered-2018-06-14,https://engineeringnews.co.za/article/body-of-missing-sibanye-employee-recovered-2018-06-14,2018,Body Of Missing Sibanye Employee Recovered,secondary_keyword_only_review,https://www.engineeringnews.co.za/article/body-of-missing-sibanye-employee-recovered-2018-06-14,retrieved_extracted,,2018-06-14,378,d2ef16b08143e61c750556c214ff857ee740e5fa6f5fb0580db30eedc31340ba,0,3,,0,,0,0,,0,0,earnings_results,2,1,false,false,false,ambiguous_secondary_review,Signals are insufficient for a defensible secondary-queue decision.,,,
SEC-MEDIA-0287,Engineering News,https://www.engineeringnews.co.za/article/broadening-esg-has-provided-clear-paths-to-economic-benefit-sibanye-stillwater-2021-09-10,https://engineeringnews.co.za/article/broadening-esg-has-provided-clear-paths-to-economic-benefit-sibanye-stillwater-2021-09-10,2021,Broadening Esg Has Provided Clear Paths To Economic Benefit Sibanye Stillwater,secondary_keyword_only_review,https://www.engineeringnews.co.za/article/broadening-esg-has-provided-clear-paths-to-economic-benefit-sibanye-stillwater-2021-09-10,retrieved_extracted,,2021-09-10,715,5164d13a91bac8c2459ea6f6c0bc5a006c9685a7dfa049c682e81c3bd38019f7,0,5,,0,worker_miner,1,1,,0,0,earnings_results,2,1,false,false,false,ambiguous_secondary_review,Signals are insufficient for a defensible secondary-queue decision.,,,
SEC-MEDIA-0288,Engineering News,https://www.engineeringnews.co.za/article/budgets-withholding-tax-rise-may-alter-sibanyes-dividend-stance-2017-02-23,https://engineeringnews.co.za/article/budgets-withholding-tax-rise-may-alter-sibanyes-dividend-stance-2017-02-23,2017,Budgets Withholding Tax Rise May Alter Sibanyes Dividend Stance,secondary_keyword_only_review,https://www.engineeringnews.co.za/article/budgets-withholding-tax-rise-may-alter-sibanyes-dividend-stance-2017-02-23,retrieved_extracted,,2017-02-23,658,a3550340ae0e4a70c1317715fcd68ae4bc7044667c86b79624c914c9bbfff011,0,5,,0,wage,1,1,,0,0,share_price;earnings_results;dividend_rights,18,3,false,true,false,strong_routine_no_case_anchor,Routine corporate/financial/production article with no Marikana/Lonmin case anchor.,,,
SEC-MEDIA-0289,Engineering News,https://www.engineeringnews.co.za/article/budgets-withholding-tax-rise-may-alter-sibanyes-dividend-stance-2017-03-03,https://engineeringnews.co.za/article/budgets-withholding-tax-rise-may-alter-sibanyes-dividend-stance-2017-03-03,2017,Budgets Withholding Tax Rise May Alter Sibanyes Dividend Stance,secondary_keyword_only_review,https://www.engineeringnews.co.za/article/budgets-withholding-tax-rise-may-alter-sibanyes-dividend-stance-2017-03-03,retrieved_extracted,,2017-03-03,657,f9b9d1a8e422a122a9ba78b360c31146bd70d906694f9d2587f24ddaa7ef975b,0,5,,0,wage,1,1,,0,0,share_price;earnings_results;dividend_rights,18,3,false,true,false,strong_routine_no_case_anchor,Routine corporate/financial/production article with no Marikana/Lonmin case anchor.,,,
SEC-MEDIA-0290,Engineering News,https://www.engineeringnews.co.za/article/bushveld-amcu-signs-five-year-wage-agreement-2022-06-10,https://engineeringnews.co.za/article/bushveld-amcu-signs-five-year-wage-agreement-2022-06-10,2022,Bushveld Amcu Signs Five Year Wage Agreement,secondary_keyword_only_review,https://www.engineeringnews.co.za/article/bushveld-amcu-signs-five-year-wage-agreement-2022-06-10,retrieved_extracted,,2022-06-10,363,947a2794320c5e2708b5acd7a1e3e21a140e1ef23fa4f09c525149f740f50324,0,0,,0,worker_miner;wage;union,8,3,,0,0,earnings_results,2,1,false,false,true,no_case_anchor,"Extracted article text contains no Marikana, Lonmin or Sibanye anchor.",,,
SEC-MEDIA-0291,Engineering News,https://www.engineeringnews.co.za/article/bushveld-minerals-amcu-resolve-industrial-action-2018-09-25,https://engineeringnews.co.za/article/bushveld-minerals-amcu-resolve-industrial-action-2018-09-25,2018,Bushveld Minerals Amcu Resolve Industrial Action,secondary_keyword_only_review,https://www.engineeringnews.co.za/article/bushveld-minerals-amcu-resolve-industrial-action-2018-09-25,retrieved_extracted,,2018-09-25,757,c979eef043691d97098645ba7cd9164630ca0b618b2a8b5b860369d341790f16,0,0,,0,worker_miner;wage;union,11,3,,0,0,share_price;earnings_results;production_output,6,3,false,false,true,no_case_anchor,"Extracted article text contains no Marikana, Lonmin or Sibanye anchor.",,,
SEC-MEDIA-0292,Engineering News,https://www.engineeringnews.co.za/article/ccma-amcu-to-meet-on-friday-2014-02-13,https://engineeringnews.co.za/article/ccma-amcu-to-meet-on-friday-2014-02-13,2014,Ccma Amcu To Meet On Friday,secondary_keyword_only_review,https://www.engineeringnews.co.za/article/ccma-amcu-to-meet-on-friday-2014-02-13,retrieved_extracted,,2014-02-13,416,12ee0b05cf25ae5f93c02b0a707f3dd4e4c6a3d246f808735e2024e815a25470,1,0,,0,worker_miner;union,6,2,commission_inquiry,1,1,earnings_results,2,1,false,false,true,possible_lonmin_substantive_context,Lonmin appears with labour/event/social/governance signals; direct substantive review is required.,,,
SEC-MEDIA-0293,Engineering News,https://www.engineeringnews.co.za/article/ccma-facilitated-talks-continue-constructively-amcu-expects-new-offer-2014-01-28,https://engineeringnews.co.za/article/ccma-facilitated-talks-continue-constructively-amcu-expects-new-offer-2014-01-28,2014,Ccma Facilitated Talks Continue Constructively Amcu Expects New Offer,secondary_keyword_only_review,https://www.engineeringnews.co.za/article/ccma-facilitated-talks-continue-constructively-amcu-expects-new-offer-2014-01-28,retrieved_extracted,,2014-01-28,623,c2b077ffddb2071a0b07647dc71fb6f56bd5de7a4c885b090812e73698252197,3,0,,0,strike;worker_miner;wage;union,16,4,commission_inquiry,1,1,earnings_results;production_output,5,2,false,false,true,strong_lonmin_context_supported,"No high-specificity case term, but Lonmin is repeatedly substantive alongside strong labour/social/governance context.",,,
SEC-MEDIA-0294,Engineering News,https://www.engineeringnews.co.za/article/ccma-issues-certificate-of-nonresolution-sibanye-urges-unions-to-accept-its-offer-2022-01-14,https://engineeringnews.co.za/article/ccma-issues-certificate-of-nonresolution-sibanye-urges-unions-to-accept-its-offer-2022-01-14,2022,Ccma Issues Certificate Of Nonresolution Sibanye Urges Unions To Accept Its Offer,secondary_keyword_only_review,https://www.engineeringnews.co.za/article/ccma-issues-certificate-of-nonresolution-sibanye-urges-unions-to-accept-its-offer-2022-01-14,retrieved_extracted,,2022-01-14,605,1ce054f4e14b02687a433c4d52538f306ce985d14497e5d2e0c302a20ba95707,0,5,,0,strike;worker_miner;wage;union,18,4,commission_inquiry,1,1,earnings_results;production_output,3,2,false,false,false,sibanye_context_without_case_anchor_review,Sibanye appears with labour/social context but no Marikana/Lonmin anchor; review before exclusion.,,,
SEC-MEDIA-0295,Engineering News,https://www.engineeringnews.co.za/article/chamber-shoots-down-amcu-underpayment-claims-2015-08-13,https://engineeringnews.co.za/article/chamber-shoots-down-amcu-underpayment-claims-2015-08-13,2015,Chamber Shoots Down Amcu Underpayment Claims,secondary_keyword_only_review,https://www.engineeringnews.co.za/article/chamber-shoots-down-amcu-underpayment-claims-2015-08-13,retrieved_extracted,,2015-08-13,858,24755ba699636062c0b269226912d68cdc35ca7698eb60d3f00025c265a92e83,0,1,,0,worker_miner;shooting_death;wage;union,31,4,,0,0,earnings_results,2,1,false,false,true,sibanye_context_without_case_anchor_review,Sibanye appears with labour/social context but no Marikana/Lonmin anchor; review before exclusion.,,,
SEC-MEDIA-0296,Engineering News,https://www.engineeringnews.co.za/article/changes-at-anglo-the-jse-sibanye-make-headlines-2023-06-02,https://engineeringnews.co.za/article/changes-at-anglo-the-jse-sibanye-make-headlines-2023-06-02,2023,Changes At Anglo The Jse Sibanye Make Headlines,secondary_keyword_only_review,https://www.engineeringnews.co.za/article/changes-at-anglo-the-jse-sibanye-make-headlines-2023-06-02,retrieved_extracted,,2023-06-02,326,ee5c978c7d6114b3bd2b07c681bd8b51ed17e9fa92a81fb3e7f973498322a058,0,2,,0,,0,0,,0,0,earnings_results;exploration_project,4,2,false,false,false,ambiguous_secondary_review,Signals are insufficient for a defensible secondary-queue decision.,,,
SEC-MEDIA-0297,Engineering News,https://www.engineeringnews.co.za/article/chicago-pneumatic-generator-give-away-a-showstopper-at-sibanye-gold-mte-2018-07-11,https://engineeringnews.co.za/article/chicago-pneumatic-generator-give-away-a-showstopper-at-sibanye-gold-mte-2018-07-11,2018,Chicago Pneumatic Generator Give Away A Showstopper At Sibanye Gold Mte,secondary_keyword_only_review,https://www.engineeringnews.co.za/article/chicago-pneumatic-generator-give-away-a-showstopper-at-sibanye-gold-mte-2018-07-11,retrieved_extracted,,2018-07-11,638,f989b7b796f89dbc924509a2d8b2ab9249359c36cf3a837ba1e4e0668c1299c1,0,3,,0,,0,0,,0,0,earnings_results,2,1,false,false,false,ambiguous_secondary_review,Signals are insufficient for a defensible secondary-queue decision.,,,
SEC-MEDIA-0298,Engineering News,https://www.engineeringnews.co.za/article/class-action-lawsuit-filed-against-south-africas-sibanye-stillwater-following-fatalities-2018-06-28,https://engineeringnews.co.za/article/class-action-lawsuit-filed-against-south-africas-sibanye-stillwater-following-fatalities-2018-06-28,2018,Class Action Lawsuit Filed Against South Africas Sibanye Stillwater Following Fatalities,secondary_keyword_only_review,https://www.engineeringnews.co.za/article/class-action-lawsuit-filed-against-south-africas-sibanye-stillwater-following-fatalities-2018-06-28,retrieved_extracted,,2018-06-28,432,37faae0a049900b9c2b5b0e6d66772110b334c47b07303012f28b238c407ab8f,0,3,,0,worker_miner;shooting_death,3,2,,0,0,share_price;earnings_results,3,2,false,false,false,sibanye_context_without_case_anchor_review,Sibanye appears with labour/social context but no Marikana/Lonmin anchor; review before exclusion.,,,
SEC-MEDIA-0299,Engineering News,https://www.engineeringnews.co.za/article/com-to-receive-formal-response-on-collective-bargaining-proposal-amcu-indicates-rejection-2013-04-16,https://engineeringnews.co.za/article/com-to-receive-formal-response-on-collective-bargaining-proposal-amcu-indicates-rejection-2013-04-16,2013,Com To Receive Formal Response On Collective Bargaining Proposal Amcu Indicates Rejection,secondary_keyword_only_review,https://www.engineeringnews.co.za/article/com-to-receive-formal-response-on-collective-bargaining-proposal-amcu-indicates-rejection-2013-04-16,retrieved_extracted,,2013-04-16,568,0017a8f4ae53ea476f4a2e8c9dc74a56eecbe7636a9b2dc19e95f2f4cef20bc4,0,0,,0,worker_miner;wage;union;protest_unrest,15,4,,0,0,earnings_results;commodity_market,3,2,false,false,true,no_case_anchor,"Extracted article text contains no Marikana, Lonmin or Sibanye anchor.",,,
SEC-MEDIA-0300,Engineering News,https://www.engineeringnews.co.za/article/committed-collective-vs-ambivalent-amcu-2013-07-12,https://engineeringnews.co.za/article/committed-collective-vs-ambivalent-amcu-2013-07-12,2013,Committed Collective Vs Ambivalent Amcu,secondary_keyword_only_review,https://www.engineeringnews.co.za/article/committed-collective-vs-ambivalent-amcu-2013-07-12,retrieved_extracted,,2013-07-12,425,fa870dcca6e3536316b46c149fa45c0e6c2bba8babc650419d1eb1904729cab0,0,0,,0,worker_miner;union,7,2,,0,0,earnings_results,2,1,false,false,true,no_case_anchor,"Extracted article text contains no Marikana, Lonmin or Sibanye anchor.",,,
SEC-MEDIA-0301,Engineering News,https://www.engineeringnews.co.za/article/compcom-gives-drdgold-conditional-thumbs-up-to-buy-sibanye-tailings-assets-2018-02-02,https://engineeringnews.co.za/article/compcom-gives-drdgold-conditional-thumbs-up-to-buy-sibanye-tailings-assets-2018-02-02,2018,Compcom Gives Drdgold Conditional Thumbs Up To Buy Sibanye Tailings Assets,secondary_keyword_only_review,https://www.engineeringnews.co.za/article/compcom-gives-drdgold-conditional-thumbs-up-to-buy-sibanye-tailings-assets-2018-02-02,retrieved_extracted,,2018-02-02,437,f2c01682e9e189941f7e8e5bd3be27a742cab5f585e8c6eae56bd5f67bca9e7b,0,8,,0,,0,0,commission_inquiry,4,1,share_price;earnings_results;transaction;exploration_project,12,4,false,true,false,sibanye_context_without_case_anchor_review,Sibanye appears with labour/social context but no Marikana/Lonmin anchor; review before exclusion.,,,
SEC-MEDIA-0302,Engineering News,https://www.engineeringnews.co.za/article/cooke-underground-closes-but-1-640-beatrix-jobs-saved-sibanye-2017-11-01,https://engineeringnews.co.za/article/cooke-underground-closes-but-1-640-beatrix-jobs-saved-sibanye-2017-11-01,2017,Cooke Underground Closes But 1 640 Beatrix Jobs Saved Sibanye,secondary_keyword_only_review,https://www.engineeringnews.co.za/article/cooke-underground-closes-but-1-640-beatrix-jobs-saved-sibanye-2017-11-01,retrieved_extracted,,2017-11-01,943,0a6f8bd027c7eb75cb8f75088767288d133c5ffad95852ba015f497ba5d544e3,0,5,,0,strike;worker_miner;police;union,16,4,commission_inquiry,1,1,earnings_results;production_output,8,2,false,false,false,sibanye_context_without_case_anchor_review,Sibanye appears with labour/social context but no Marikana/Lonmin anchor; review before exclusion.,,,
SEC-MEDIA-0303,Engineering News,https://www.engineeringnews.co.za/article/cooke-underground-closes-but-1-640-beatrix-jobs-saved-sibanye-2017-11-10,https://engineeringnews.co.za/article/cooke-underground-closes-but-1-640-beatrix-jobs-saved-sibanye-2017-11-10,2017,Cooke Underground Closes But 1 640 Beatrix Jobs Saved Sibanye,secondary_keyword_only_review,https://www.engineeringnews.co.za/article/cooke-underground-closes-but-1-640-beatrix-jobs-saved-sibanye-2017-11-10,retrieved_extracted,,2017-11-10,940,c8214fb129c763ad9c864732c75165d841942a70fab520eda7419d18a03649ec,0,5,,0,strike;worker_miner;police;union,15,4,commission_inquiry,1,1,earnings_results;production_output,8,2,false,false,false,sibanye_context_without_case_anchor_review,Sibanye appears with labour/social context but no Marikana/Lonmin anchor; review before exclusion.,,,
SEC-MEDIA-0304,Engineering News,https://www.engineeringnews.co.za/article/csir-sibanye-stillwater-southern-palladium-make-headlines-2022-05-20,https://engineeringnews.co.za/article/csir-sibanye-stillwater-southern-palladium-make-headlines-2022-05-20,2022,Csir Sibanye Stillwater Southern Palladium Make Headlines,secondary_keyword_only_review,https://www.engineeringnews.co.za/article/csir-sibanye-stillwater-southern-palladium-make-headlines-2022-05-20,retrieved_extracted,,2022-05-20,343,0c5a2746e93109363b76faaece043af41cb73b29b30e0c07447308c234bbc222,0,2,marikana,1,,0,0,,0,0,earnings_results;exploration_project,3,2,false,false,false,case_term_low_context_review,A case term occurs but context is insufficient to distinguish substantive treatment from incidental/place/project use.,,,
SEC-MEDIA-0305,Engineering News,https://www.engineeringnews.co.za/article/decarbonisation-creating-greatest-investment-opportunity-of-our-lifetime-sibanye-stillwater-2022-03-03,https://engineeringnews.co.za/article/decarbonisation-creating-greatest-investment-opportunity-of-our-lifetime-sibanye-stillwater-2022-03-03,2022,Decarbonisation Creating Greatest Investment Opportunity Of Our Lifetime Sibanye Stillwater,secondary_keyword_only_review,https://www.engineeringnews.co.za/article/decarbonisation-creating-greatest-investment-opportunity-of-our-lifetime-sibanye-stillwater-2022-03-03,retrieved_extracted,,2022-03-03,1372,4a21df99ad830608126a11155924d137dd6eba9870141421d600f44970c6cf2e,0,10,,0,,0,0,,0,0,share_price;earnings_results;dividend_rights;exploration_project,16,4,false,false,false,ambiguous_secondary_review,Signals are insufficient for a defensible secondary-queue decision.,,,
SEC-MEDIA-0306,Engineering News,https://www.engineeringnews.co.za/article/decarbonisation-creating-greatest-investment-opportunity-of-our-lifetime-sibanye-stillwater-2022-03-18,https://engineeringnews.co.za/article/decarbonisation-creating-greatest-investment-opportunity-of-our-lifetime-sibanye-stillwater-2022-03-18,2022,Decarbonisation Creating Greatest Investment Opportunity Of Our Lifetime Sibanye Stillwater,secondary_keyword_only_review,https://www.engineeringnews.co.za/article/decarbonisation-creating-greatest-investment-opportunity-of-our-lifetime-sibanye-stillwater-2022-03-18,retrieved_extracted,,2022-03-18,1371,541e7314227ee8cf58cef01bcb23d81ec9d46892d047814f9a5bb171ee750471,0,10,,0,,0,0,,0,0,share_price;earnings_results;dividend_rights;exploration_project,16,4,false,false,false,ambiguous_secondary_review,Signals are insufficient for a defensible secondary-queue decision.,,,
SEC-MEDIA-0307,Engineering News,https://www.engineeringnews.co.za/article/defence-force-needed-to-quell-huge-illegal-mining-threat-sibanye-gold-2014-02-20,https://engineeringnews.co.za/article/defence-force-needed-to-quell-huge-illegal-mining-threat-sibanye-gold-2014-02-20,2014,Defence Force Needed To Quell Huge Illegal Mining Threat Sibanye Gold,secondary_keyword_only_review,https://www.engineeringnews.co.za/article/defence-force-needed-to-quell-huge-illegal-mining-threat-sibanye-gold-2014-02-20,retrieved_extracted,,2014-02-20,1044,69bfcb4d0417f412ba49c70a4a7573615a3b16023503d027dceb548f81d809f0,0,10,,0,worker_miner;police;union,4,3,,0,0,share_price;earnings_results;production_output;funding_debt;dividend_rights;exploration_project,23,6,false,false,false,sibanye_context_without_case_anchor_review,Sibanye appears with labour/social context but no Marikana/Lonmin anchor; review before exclusion.,,,
SEC-MEDIA-0308,Engineering News,https://www.engineeringnews.co.za/article/defence-force-needed-to-quell-huge-illegal-mining-threat-sibanye-gold-2014-02-28,https://engineeringnews.co.za/article/defence-force-needed-to-quell-huge-illegal-mining-threat-sibanye-gold-2014-02-28,2014,Defence Force Needed To Quell Huge Illegal Mining Threat Sibanye Gold,secondary_keyword_only_review,https://www.engineeringnews.co.za/article/defence-force-needed-to-quell-huge-illegal-mining-threat-sibanye-gold-2014-02-28,retrieved_extracted,,2014-02-28,1008,b05dfaba5e12b70e9de1f727db1198ce56075679285cf49250ad4dacb6d2c6fc,0,9,,0,worker_miner;police;union,4,3,,0,0,share_price;earnings_results;production_output;funding_debt;dividend_rights;exploration_project,23,6,false,false,false,sibanye_context_without_case_anchor_review,Sibanye appears with labour/social context but no Marikana/Lonmin anchor; review before exclusion.,,,
SEC-MEDIA-0309,Engineering News,https://www.engineeringnews.co.za/article/delaware-court-rules-in-sibanyes-favour-in-stillwater-case-2019-08-23,https://engineeringnews.co.za/article/delaware-court-rules-in-sibanyes-favour-in-stillwater-case-2019-08-23,2019,Delaware Court Rules In Sibanyes Favour In Stillwater Case,secondary_keyword_only_review,https://www.engineeringnews.co.za/article/delaware-court-rules-in-sibanyes-favour-in-stillwater-case-2019-08-23,retrieved_extracted,,2019-08-23,424,bee1ec1b52002924d53ab4ca723b1126c419f732aef6d56beea58a834232f374,0,6,,0,worker_miner,1,1,,0,0,share_price;earnings_results;transaction,5,3,false,false,false,ambiguous_secondary_review,Signals are insufficient for a defensible secondary-queue decision.,,,
SEC-MEDIA-0310,Engineering News,https://www.engineeringnews.co.za/article/delaware-supreme-court-affirms-sibanye-deal-price-decision-2020-10-16,https://engineeringnews.co.za/article/delaware-supreme-court-affirms-sibanye-deal-price-decision-2020-10-16,2020,Delaware Supreme Court Affirms Sibanye Deal Price Decision,secondary_keyword_only_review,https://www.engineeringnews.co.za/article/delaware-supreme-court-affirms-sibanye-deal-price-decision-2020-10-16,retrieved_extracted,,2020-10-16,397,6aa387ff9781772eca66b1b1adeba6a064dc2d4f3ee9b9de5c1bee01ae9b41e6,0,3,,0,,0,0,,0,0,share_price;earnings_results;transaction,5,3,false,false,false,ambiguous_secondary_review,Signals are insufficient for a defensible secondary-queue decision.,,,
SEC-MEDIA-0311,Engineering News,https://www.engineeringnews.co.za/article/diamondcorp-amcu-sign-four-year-wage-deal-2015-02-18,https://engineeringnews.co.za/article/diamondcorp-amcu-sign-four-year-wage-deal-2015-02-18,2015,Diamondcorp Amcu Sign Four Year Wage Deal,secondary_keyword_only_review,https://www.engineeringnews.co.za/article/diamondcorp-amcu-sign-four-year-wage-deal-2015-02-18,retrieved_extracted,,2015-02-18,436,710e2dfc39b6082333b6fef7759f6fa7d3316106bac8663366f422403ec0f7d7,0,0,,0,worker_miner;wage;union,11,3,,0,0,earnings_results;exploration_project,3,2,false,false,true,no_case_anchor,"Extracted article text contains no Marikana, Lonmin or Sibanye anchor.",,,
SEC-MEDIA-0312,Engineering News,https://www.engineeringnews.co.za/article/digitisation-slashes-sibanye-stillwaters-loco-incidents-2021-09-29,https://engineeringnews.co.za/article/digitisation-slashes-sibanye-stillwaters-loco-incidents-2021-09-29,2021,Digitisation Slashes Sibanye Stillwaters Loco Incidents,secondary_keyword_only_review,https://www.engineeringnews.co.za/article/digitisation-slashes-sibanye-stillwaters-loco-incidents-2021-09-29,retrieved_extracted,,2021-09-29,658,d3fe7cbdb1a456cd4c943d5e79c9155c049b56361567329c5d61d46d50156963,0,3,,0,,0,0,,0,0,earnings_results,2,1,false,false,false,ambiguous_secondary_review,Signals are insufficient for a defensible secondary-queue decision.,,,
SEC-MEDIA-0313,Engineering News,https://www.engineeringnews.co.za/article/digitisation-slashes-sibanye-stillwaters-loco-incidents-2021-10-15,https://engineeringnews.co.za/article/digitisation-slashes-sibanye-stillwaters-loco-incidents-2021-10-15,2021,Digitisation Slashes Sibanye Stillwaters Loco Incidents,secondary_keyword_only_review,https://www.engineeringnews.co.za/article/digitisation-slashes-sibanye-stillwaters-loco-incidents-2021-10-15,retrieved_extracted,,2021-10-15,485,e3dd8cfa31c1b144de07e75e2f759625b3a334e9a523c0c8e5ab4dbbfa4589fb,0,3,,0,,0,0,,0,0,earnings_results,2,1,false,false,false,ambiguous_secondary_review,Signals are insufficient for a defensible secondary-queue decision.,,,
SEC-MEDIA-0314,Engineering News,https://www.engineeringnews.co.za/article/diversification-benefits-sibanye-stillwater-as-strong-rand-bites-south-african-gold-operations-2018-05-03,https://engineeringnews.co.za/article/diversification-benefits-sibanye-stillwater-as-strong-rand-bites-south-african-gold-operations-2018-05-03,2018,Diversification Benefits Sibanye Stillwater As Strong Rand Bites South African Gold Operations,secondary_keyword_only_review,https://www.engineeringnews.co.za/article/diversification-benefits-sibanye-stillwater-as-strong-rand-bites-south-african-gold-operations-2018-05-03,retrieved_extracted,,2018-05-03,1194,9b01fc0af87beb5260cc8628189c7a5e13b129df3974205b1af9e50fb0687f5a,0,5,,0,worker_miner,6,1,,0,0,earnings_results;production_output;funding_debt;exploration_project;commodity_market,33,5,false,false,false,ambiguous_secondary_review,Signals are insufficient for a defensible secondary-queue decision.,,,
SEC-MEDIA-0315,Engineering News,https://www.engineeringnews.co.za/article/diversification-benefits-sibanye-stillwater-as-strong-rand-bites-south-african-gold-operations-2018-05-11,https://engineeringnews.co.za/article/diversification-benefits-sibanye-stillwater-as-strong-rand-bites-south-african-gold-operations-2018-05-11,2018,Diversification Benefits Sibanye Stillwater As Strong Rand Bites South African Gold Operations,secondary_keyword_only_review,https://www.engineeringnews.co.za/article/diversification-benefits-sibanye-stillwater-as-strong-rand-bites-south-african-gold-operations-2018-05-11,retrieved_extracted,,2018-05-11,1188,4afbe14d91aaaa00fd34d99e618d10cf1527833b05ab5d1c515fcb705200fa37,0,5,,0,worker_miner,6,1,,0,0,earnings_results;production_output;funding_debt;exploration_project,34,4,false,false,false,ambiguous_secondary_review,Signals are insufficient for a defensible secondary-queue decision.,,,
SEC-MEDIA-0316,Engineering News,https://www.engineeringnews.co.za/article/dmr-lifts-section-54-notice-at-sibanyes-beatrix-3-shaft-2013-03-01,https://engineeringnews.co.za/article/dmr-lifts-section-54-notice-at-sibanyes-beatrix-3-shaft-2013-03-01,2013,Dmr Lifts Section 54 Notice At Sibanyes Beatrix 3 Shaft,secondary_keyword_only_review,https://www.engineeringnews.co.za/article/dmr-lifts-section-54-notice-at-sibanyes-beatrix-3-shaft-2013-03-01,retrieved_extracted,,2013-03-01,354,debff55662c16f98a818b2758eebffd21af5621fc39f223469b82f44feec6fc6,0,2,,0,shooting_death,1,1,,0,0,earnings_results;production_output;exploration_project,6,3,false,false,false,ambiguous_secondary_review,Signals are insufficient for a defensible secondary-queue decision.,,,
SEC-MEDIA-0317,Engineering News,https://www.engineeringnews.co.za/article/dol-denies-amcu-deregistration-claims-2014-02-13,https://engineeringnews.co.za/article/dol-denies-amcu-deregistration-claims-2014-02-13,2014,Dol Denies Amcu Deregistration Claims,secondary_keyword_only_review,https://www.engineeringnews.co.za/article/dol-denies-amcu-deregistration-claims-2014-02-13,retrieved_extracted,,2014-02-13,632,2f94a4a6b20fb7c1f6b7b0d1c1604f6c100cee021c810f232b3ae13588f4d38b,1,0,,0,strike;worker_miner;wage;union,21,4,commission_inquiry,1,1,earnings_results,2,1,false,false,true,possible_lonmin_substantive_context,Lonmin appears with labour/event/social/governance signals; direct substantive review is required.,,,
SEC-MEDIA-0318,Engineering News,https://www.engineeringnews.co.za/article/drdgold-delivers-another-dividend-supportive-of-possible-sibanye-buyout-2019-09-03,https://engineeringnews.co.za/article/drdgold-delivers-another-dividend-supportive-of-possible-sibanye-buyout-2019-09-03,2019,Drdgold Delivers Another Dividend Supportive Of Possible Sibanye Buyout,secondary_keyword_only_review,https://www.engineeringnews.co.za/article/drdgold-delivers-another-dividend-supportive-of-possible-sibanye-buyout-2019-09-03,retrieved_extracted,,2019-09-03,921,c0c59b4305e4aef2c318ba2d3c4d75116de11b664348c64c283bbec42ca23e6b,0,9,,0,worker_miner,1,1,,0,0,share_price;earnings_results;production_output;funding_debt;transaction;dividend_rights;exploration_project,28,7,false,true,false,strong_routine_no_case_anchor,Routine corporate/financial/production article with no Marikana/Lonmin case anchor.,,,
SEC-MEDIA-0319,Engineering News,https://www.engineeringnews.co.za/article/drdgold-delivers-another-dividend-supportive-of-possible-sibanye-buyout-2019-09-13,https://engineeringnews.co.za/article/drdgold-delivers-another-dividend-supportive-of-possible-sibanye-buyout-2019-09-13,2019,Drdgold Delivers Another Dividend Supportive Of Possible Sibanye Buyout,secondary_keyword_only_review,https://www.engineeringnews.co.za/article/drdgold-delivers-another-dividend-supportive-of-possible-sibanye-buyout-2019-09-13,retrieved_extracted,,2019-09-13,908,516fc1824988bcd4fdd38a70d435c0371669eb5226e2516605460dc4943f8ff9,0,8,,0,worker_miner,1,1,,0,0,share_price;earnings_results;production_output;funding_debt;transaction;dividend_rights;exploration_project,29,7,false,true,false,strong_routine_no_case_anchor,Routine corporate/financial/production article with no Marikana/Lonmin case anchor.,,,
SEC-MEDIA-0320,Engineering News,https://www.engineeringnews.co.za/article/drdgold-shareholders-approve-wrtrp-deal-with-sibanye-stillwater-2018-03-28,https://engineeringnews.co.za/article/drdgold-shareholders-approve-wrtrp-deal-with-sibanye-stillwater-2018-03-28,2018,Drdgold Shareholders Approve Wrtrp Deal With Sibanye Stillwater,secondary_keyword_only_review,https://www.engineeringnews.co.za/article/drdgold-shareholders-approve-wrtrp-deal-with-sibanye-stillwater-2018-03-28,retrieved_extracted,,2018-03-28,575,590193c90c3ac54f03a42083e01ec196d3784fb7c4ab92cb9282556a04b4204d,0,8,,0,worker_miner,1,1,,0,0,share_price;earnings_results;transaction;exploration_project,10,4,false,false,false,ambiguous_secondary_review,Signals are insufficient for a defensible secondary-queue decision.,,,
SEC-MEDIA-0321,Engineering News,https://www.engineeringnews.co.za/article/economy-failed-miners-says-amcus-mathunjwa-2013-08-16,https://engineeringnews.co.za/article/economy-failed-miners-says-amcus-mathunjwa-2013-08-16,2013,Economy Failed Miners Says Amcus Mathunjwa,secondary_keyword_only_review,https://www.engineeringnews.co.za/article/economy-failed-miners-says-amcus-mathunjwa-2013-08-16,retrieved_extracted,,2013-08-16,616,39425ea6cc774581ebf556be728dcb7d31b0fe865ed0f06fe5eb1900b5256f89,3,0,marikana,4,strike;worker_miner;police;shooting_death;wage;union,29,6,,0,0,earnings_results,2,1,false,false,true,strong_case_context_supported,Body contains a high-specificity Marikana case term reinforced by labour/event/social/governance context.,,,
SEC-MEDIA-0322,Engineering News,https://www.engineeringnews.co.za/article/eff-supports-amcu-strike-2014-03-26,https://engineeringnews.co.za/article/eff-supports-amcu-strike-2014-03-26,2014,Eff Supports Amcu Strike,secondary_keyword_only_review,https://www.engineeringnews.co.za/article/eff-supports-amcu-strike-2014-03-26,retrieved_extracted,,2014-03-26,840,bded7c8ec1f3fac4cd518a77cc67947dccb4b2526a309ff10bced60bc8db0594,2,0,,0,strike;worker_miner;wage;union,34,4,community;commission_inquiry,2,2,earnings_results,4,1,false,false,true,possible_lonmin_substantive_context,Lonmin appears with labour/event/social/governance signals; direct substantive review is required.,,,
SEC-MEDIA-0323,Engineering News,https://www.engineeringnews.co.za/article/employee-killed-in-incident-at-sibanyes-khomanani-mine-2018-06-26,https://engineeringnews.co.za/article/employee-killed-in-incident-at-sibanyes-khomanani-mine-2018-06-26,2018,Employee Killed In Incident At Sibanyes Khomanani Mine,secondary_keyword_only_review,https://www.engineeringnews.co.za/article/employee-killed-in-incident-at-sibanyes-khomanani-mine-2018-06-26,retrieved_extracted,,2018-06-26,609,7d2d6eb4d50e8f1a609740782b26acf137e322957b8884a0296272e9c021c898,0,6,,0,worker_miner;shooting_death;union,9,3,,0,0,earnings_results,3,1,false,false,true,sibanye_context_without_case_anchor_review,Sibanye appears with labour/social context but no Marikana/Lonmin anchor; review before exclusion.,,,
SEC-MEDIA-0324,Engineering News,https://www.engineeringnews.co.za/article/energy-constraints-more-troublesome-than-platinum-strike-fmf-2014-06-12,https://engineeringnews.co.za/article/energy-constraints-more-troublesome-than-platinum-strike-fmf-2014-06-12,2014,Energy Constraints More Troublesome Than Platinum Strike Fmf,secondary_keyword_only_review,https://www.engineeringnews.co.za/article/energy-constraints-more-troublesome-than-platinum-strike-fmf-2014-06-12,retrieved_extracted,,2014-06-12,1045,a654c058f0f99fb105591d01b9efaaa59a051227061f5e6a35d10d5fab6fa8d3,0,0,,0,strike;worker_miner;wage;union,10,4,,0,0,earnings_results;production_output;transaction;commodity_market,11,4,false,false,true,no_case_anchor,"Extracted article text contains no Marikana, Lonmin or Sibanye anchor.",,,
SEC-MEDIA-0325,Engineering News,https://www.engineeringnews.co.za/article/energy-constraints-more-troublesome-than-platinum-strike-fmf-2014-06-27,https://engineeringnews.co.za/article/energy-constraints-more-troublesome-than-platinum-strike-fmf-2014-06-27,2014,Energy Constraints More Troublesome Than Platinum Strike Fmf,secondary_keyword_only_review,https://www.engineeringnews.co.za/article/energy-constraints-more-troublesome-than-platinum-strike-fmf-2014-06-27,retrieved_extracted,,2014-06-27,1001,3354ecd9ba233e7779711c9ca9e23774294510c5d38772e0aff0d4b8c839b3b1,0,0,,0,strike;worker_miner;wage;union,10,4,,0,0,earnings_results;production_output;transaction;commodity_market,11,4,false,false,true,no_case_anchor,"Extracted article text contains no Marikana, Lonmin or Sibanye anchor.",,,
SEC-MEDIA-0326,Engineering News,https://www.engineeringnews.co.za/article/enviro-friendly-battery-electric-loco-on-track-for-underground-testing-at-sibanye-stillwater-2021-08-15,https://engineeringnews.co.za/article/enviro-friendly-battery-electric-loco-on-track-for-underground-testing-at-sibanye-stillwater-2021-08-15,2021,Enviro Friendly Battery Electric Loco On Track For Underground Testing At Sibanye Stillwater,secondary_keyword_only_review,https://www.engineeringnews.co.za/article/enviro-friendly-battery-electric-loco-on-track-for-underground-testing-at-sibanye-stillwater-2021-08-15,retrieved_extracted,,2021-08-15,975,663c6618b6e7d72ce5fe36363cf8481ef8ebf910bb873552525022067e13174f,0,2,,0,,0,0,,0,0,earnings_results;production_output;commodity_market,4,3,false,false,false,ambiguous_secondary_review,Signals are insufficient for a defensible secondary-queue decision.,,,
SEC-MEDIA-0327,Engineering News,https://www.engineeringnews.co.za/article/false-evidence-by-saps-to-implicate-amcu-in-threats-to-kill-police-officers-2013-09-23,https://engineeringnews.co.za/article/false-evidence-by-saps-to-implicate-amcu-in-threats-to-kill-police-officers-2013-09-23,2013,False Evidence By Saps To Implicate Amcu In Threats To Kill Police Officers,secondary_keyword_only_review,https://www.engineeringnews.co.za/article/false-evidence-by-saps-to-implicate-amcu-in-threats-to-kill-police-officers-2013-09-23,retrieved_extracted,,2013-09-23,697,02bb51f66fae8257bbc83022a4838213a0d9b65072f461ea049fd4e784241313,0,0,marikana;farlam,3,strike;worker_miner;police;shooting_death;union;protest_unrest,35,6,commission_inquiry,6,1,earnings_results,2,1,false,false,true,strong_case_context_supported,Body contains a high-specificity Marikana case term reinforced by labour/event/social/governance context.,,,
SEC-MEDIA-0328,Engineering News,https://www.engineeringnews.co.za/article/first-output-from-lace-mine-due-in-h2-despite-amcu-strike-2015-01-29,https://engineeringnews.co.za/article/first-output-from-lace-mine-due-in-h2-despite-amcu-strike-2015-01-29,2015,First Output From Lace Mine Due In H2 Despite Amcu Strike,secondary_keyword_only_review,https://www.engineeringnews.co.za/article/first-output-from-lace-mine-due-in-h2-despite-amcu-strike-2015-01-29,retrieved_extracted,,2015-01-29,1125,15a7416cfbae560f0b98c067b1b69f257dabd7ea087e2b50c9653a8e13e43b76,0,0,,0,strike;worker_miner;union,10,3,,0,0,share_price;earnings_results;production_output;funding_debt;exploration_project;commodity_market,23,6,false,true,true,no_case_anchor,"Extracted article text contains no Marikana, Lonmin or Sibanye anchor.",,,
SEC-MEDIA-0329,Engineering News,https://www.engineeringnews.co.za/article/first-output-from-lace-mine-due-in-h2-despite-amcu-strike-2015-02-06,https://engineeringnews.co.za/article/first-output-from-lace-mine-due-in-h2-despite-amcu-strike-2015-02-06,2015,First Output From Lace Mine Due In H2 Despite Amcu Strike,secondary_keyword_only_review,https://www.engineeringnews.co.za/article/first-output-from-lace-mine-due-in-h2-despite-amcu-strike-2015-02-06,retrieved_extracted,,2015-02-06,1124,ff7dcd9ce5ab36c08e3c87b4bf7ed216d2b2d08139c8eadf647f495d98f540c2,0,0,,0,strike;worker_miner;union,10,3,,0,0,share_price;earnings_results;production_output;funding_debt;exploration_project;commodity_market,23,6,false,true,true,no_case_anchor,"Extracted article text contains no Marikana, Lonmin or Sibanye anchor.",,,
SEC-MEDIA-0330,Engineering News,https://www.engineeringnews.co.za/article/first-phase-of-financing-completed-between-keliber-and-sibanye-stillwater-2021-03-19,https://engineeringnews.co.za/article/first-phase-of-financing-completed-between-keliber-and-sibanye-stillwater-2021-03-19,2021,First Phase Of Financing Completed Between Keliber And Sibanye Stillwater,secondary_keyword_only_review,https://www.engineeringnews.co.za/article/first-phase-of-financing-completed-between-keliber-and-sibanye-stillwater-2021-03-19,retrieved_extracted,,2021-03-19,477,e155bc18e044098d5c273cfb467c144427dd5eeb71f5341cf27d7ce8a945b119,0,4,,0,,0,0,,0,0,share_price;earnings_results;production_output;funding_debt;exploration_project,14,5,false,true,false,strong_routine_no_case_anchor,Routine corporate/financial/production article with no Marikana/Lonmin case anchor.,,,
SEC-MEDIA-0331,Engineering News,https://www.engineeringnews.co.za/article/four-killed-in-conveyor-accident-at-sibanyes-burnstone-gold-mine-2023-04-14,https://engineeringnews.co.za/article/four-killed-in-conveyor-accident-at-sibanyes-burnstone-gold-mine-2023-04-14,2023,Four Killed In Conveyor Accident At Sibanyes Burnstone Gold Mine,secondary_keyword_only_review,https://www.engineeringnews.co.za/article/four-killed-in-conveyor-accident-at-sibanyes-burnstone-gold-mine-2023-04-14,retrieved_extracted,,2023-04-14,597,be71e470b501195b123a8db39cbb9182952c4ef5eb5ba5fdebe2294529b767c1,0,2,,0,worker_miner;shooting_death;union,6,3,,0,0,share_price;earnings_results;exploration_project,4,3,false,false,true,sibanye_context_without_case_anchor_review,Sibanye appears with labour/social context but no Marikana/Lonmin anchor; review before exclusion.,,,
SEC-MEDIA-0332,Engineering News,https://www.engineeringnews.co.za/article/froneman-shows-off-sibanye-in-us-as-stillwater-deal-advances-2017-03-10,https://engineeringnews.co.za/article/froneman-shows-off-sibanye-in-us-as-stillwater-deal-advances-2017-03-10,2017,Froneman Shows Off Sibanye In Us As Stillwater Deal Advances,secondary_keyword_only_review,https://www.engineeringnews.co.za/article/froneman-shows-off-sibanye-in-us-as-stillwater-deal-advances-2017-03-10,retrieved_extracted,,2017-03-10,532,208711c5cf6c5b4626d60a02d1b3a005d47407d9ffca68f759f63f2afea6d441,0,3,,0,,0,0,,0,0,earnings_results;funding_debt;transaction;commodity_market,8,4,false,false,false,ambiguous_secondary_review,Signals are insufficient for a defensible secondary-queue decision.,,,
SEC-MEDIA-0333,Engineering News,https://www.engineeringnews.co.za/article/froneman-shows-sibanye-off-in-us-as-stillwater-deal-edges-forward-2017-02-27,https://engineeringnews.co.za/article/froneman-shows-sibanye-off-in-us-as-stillwater-deal-edges-forward-2017-02-27,2017,Froneman Shows Sibanye Off In Us As Stillwater Deal Edges Forward,secondary_keyword_only_review,https://www.engineeringnews.co.za/article/froneman-shows-sibanye-off-in-us-as-stillwater-deal-edges-forward-2017-02-27,retrieved_extracted,,2017-02-27,664,87e7cdd6df04b5160236342f82f2e88777a4e4174804509bc322a43578d3d0bc,0,7,,0,,0,0,,0,0,share_price;earnings_results;funding_debt;transaction;exploration_project;commodity_market,13,6,false,false,false,ambiguous_secondary_review,Signals are insufficient for a defensible secondary-queue decision.,,,
SEC-MEDIA-0334,Engineering News,https://www.engineeringnews.co.za/article/froneman-tells-world-sibanye-has-significant-confidence-hydrogen-economy-2021-11-26,https://engineeringnews.co.za/article/froneman-tells-world-sibanye-has-significant-confidence-hydrogen-economy-2021-11-26,2021,Froneman Tells World Sibanye Has Significant Confidence Hydrogen Economy,secondary_keyword_only_review,https://www.engineeringnews.co.za/article/froneman-tells-world-sibanye-has-significant-confidence-hydrogen-economy-2021-11-26,retrieved_extracted,,2021-11-26,933,c7acfe759b81c7c5ea97a3bda1dc63ae19b203c78e7e50fefa1bf67af5dc6c92,0,8,,0,,0,0,,0,0,earnings_results;production_output,4,2,false,false,false,ambiguous_secondary_review,Signals are insufficient for a defensible secondary-queue decision.,,,
SEC-MEDIA-0335,Engineering News,https://www.engineeringnews.co.za/article/gabons-mining-education-move-sibanye-supporting-education-new-mining-research-thrust-2016-07-15,https://engineeringnews.co.za/article/gabons-mining-education-move-sibanye-supporting-education-new-mining-research-thrust-2016-07-15,2016,Gabons Mining Education Move Sibanye Supporting Education New Mining Research Thrust,secondary_keyword_only_review,https://www.engineeringnews.co.za/article/gabons-mining-education-move-sibanye-supporting-education-new-mining-research-thrust-2016-07-15,retrieved_extracted,,2016-07-15,868,edf283ba91f8d0f78ce597871489f8b328eb2ecda0c2aafa9e5facd06ea71a74,0,6,,0,,0,0,community;slp,2,2,earnings_results;funding_debt;exploration_project,8,3,false,false,false,sibanye_context_without_case_anchor_review,Sibanye appears with labour/social context but no Marikana/Lonmin anchor; review before exclusion.,,,
SEC-MEDIA-0336,Engineering News,https://www.engineeringnews.co.za/article/gen-mining-and-sibanye-ink-definitive-marathon-agreement-2019-06-26,https://engineeringnews.co.za/article/gen-mining-and-sibanye-ink-definitive-marathon-agreement-2019-06-26,2019,Gen Mining And Sibanye Ink Definitive Marathon Agreement,secondary_keyword_only_review,https://www.engineeringnews.co.za/article/gen-mining-and-sibanye-ink-definitive-marathon-agreement-2019-06-26,retrieved_extracted,,2019-06-26,559,1ad4e930c62e47c7a3912f4464d2eaca232478a29bc2996a24127c267175d926,0,7,,0,worker_miner,1,1,,0,0,share_price;earnings_results;transaction;exploration_project,13,4,false,false,false,ambiguous_secondary_review,Signals are insufficient for a defensible secondary-queue decision.,,,
SEC-MEDIA-0337,Engineering News,https://www.engineeringnews.co.za/article/gen-mining-interested-in-sibanyes-marathon-pgms-deposit-2019-04-18,https://engineeringnews.co.za/article/gen-mining-interested-in-sibanyes-marathon-pgms-deposit-2019-04-18,2019,Gen Mining Interested In Sibanyes Marathon Pgms Deposit,secondary_keyword_only_review,https://www.engineeringnews.co.za/article/gen-mining-interested-in-sibanyes-marathon-pgms-deposit-2019-04-18,retrieved_extracted,,2019-04-18,618,568a1858103ebd8bdb60b40314cc113f19293281687e25bff5f611f220334d6e,0,9,,0,wage,1,1,,0,0,share_price;earnings_results;production_output;funding_debt;transaction;exploration_project,11,6,false,false,false,ambiguous_secondary_review,Signals are insufficient for a defensible secondary-queue decision.,,,
SEC-MEDIA-0338,Engineering News,https://www.engineeringnews.co.za/article/geothermal-lithium-is-greenest-says-sibanye-stillwaters-froneman-2021-09-29,https://engineeringnews.co.za/article/geothermal-lithium-is-greenest-says-sibanye-stillwaters-froneman-2021-09-29,2021,Geothermal Lithium Is Greenest Says Sibanye Stillwaters Froneman,secondary_keyword_only_review,https://www.engineeringnews.co.za/article/geothermal-lithium-is-greenest-says-sibanye-stillwaters-froneman-2021-09-29,retrieved_extracted,,2021-09-29,710,20dfd482bfb6e6ee6329ef51e444cdc045cb6dfa0041b6ab018485fe7018acf6,0,5,,0,,0,0,,0,0,earnings_results;production_output;transaction;exploration_project,7,4,false,false,false,ambiguous_secondary_review,Signals are insufficient for a defensible secondary-queue decision.,,,
SEC-MEDIA-0339,Engineering News,https://www.engineeringnews.co.za/article/glencore-sibanye-stillwater-exploration-investment-make-headlines-2023-05-11,https://engineeringnews.co.za/article/glencore-sibanye-stillwater-exploration-investment-make-headlines-2023-05-11,2023,Glencore Sibanye Stillwater Exploration Investment Make Headlines,secondary_keyword_only_review,https://www.engineeringnews.co.za/article/glencore-sibanye-stillwater-exploration-investment-make-headlines-2023-05-11,retrieved_extracted,,2023-05-11,334,2fea6cf950208dbd67dcb9422c293536647828861ccbc9b1e1c0103d574d79d0,0,2,,0,,0,0,,0,0,earnings_results;exploration_project,4,2,false,false,false,ambiguous_secondary_review,Signals are insufficient for a defensible secondary-queue decision.,,,
SEC-MEDIA-0340,Engineering News,https://www.engineeringnews.co.za/article/gold-fields-sets-sibanye-listing-dates-2013-01-10,https://engineeringnews.co.za/article/gold-fields-sets-sibanye-listing-dates-2013-01-10,2013,Gold Fields Sets Sibanye Listing Dates,secondary_keyword_only_review,https://www.engineeringnews.co.za/article/gold-fields-sets-sibanye-listing-dates-2013-01-10,retrieved_extracted,,2013-01-10,483,c7935189d0587fba1a6324a3ef819f61b354263e5528697230aa45b0df151453,0,7,,0,,0,0,,0,0,share_price;earnings_results;funding_debt,5,3,false,false,false,ambiguous_secondary_review,Signals are insufficient for a defensible secondary-queue decision.,,,
SEC-MEDIA-0341,Engineering News,https://www.engineeringnews.co.za/article/gold-fields-yet-to-convince-bondholders-sibanye-spin-off-was-a-successful-strategy-2013-04-19,https://engineeringnews.co.za/article/gold-fields-yet-to-convince-bondholders-sibanye-spin-off-was-a-successful-strategy-2013-04-19,2013,Gold Fields Yet To Convince Bondholders Sibanye Spin Off Was A Successful Strategy,secondary_keyword_only_review,https://www.engineeringnews.co.za/article/gold-fields-yet-to-convince-bondholders-sibanye-spin-off-was-a-successful-strategy-2013-04-19,retrieved_extracted,,2013-04-19,266,c720aba17fa78b1ef7a4987b341682d4d662d137b980f591e44c2966b3dcd7ca,0,0,,0,,0,0,,0,0,earnings_results,2,1,false,false,false,no_case_anchor,"Extracted article text contains no Marikana, Lonmin or Sibanye anchor.",,,
SEC-MEDIA-0342,Engineering News,https://www.engineeringnews.co.za/article/gold-majors-amcu-continue-to-thrash-out-issues-of-representation-2015-07-15,https://engineeringnews.co.za/article/gold-majors-amcu-continue-to-thrash-out-issues-of-representation-2015-07-15,2015,Gold Majors Amcu Continue To Thrash Out Issues Of Representation,secondary_keyword_only_review,https://www.engineeringnews.co.za/article/gold-majors-amcu-continue-to-thrash-out-issues-of-representation-2015-07-15,retrieved_extracted,,2015-07-15,576,e4e84767f993274a6bc3dd9c273fe2a91c7563b16f6ae590104e46188cad244d,0,1,,0,worker_miner;wage;union,21,3,,0,0,earnings_results,2,1,false,false,true,sibanye_context_without_case_anchor_review,Sibanye appears with labour/social context but no Marikana/Lonmin anchor; review before exclusion.,,,
SEC-MEDIA-0343,Engineering News,https://www.engineeringnews.co.za/article/gold-mines-urged-to-make-amends-to-oppressed-workers-as-amcu-seeks-two-fold-wage-increase-2015-05-13,https://engineeringnews.co.za/article/gold-mines-urged-to-make-amends-to-oppressed-workers-as-amcu-seeks-two-fold-wage-increase-2015-05-13,2015,Gold Mines Urged To Make Amends To Oppressed Workers As Amcu Seeks Two Fold Wage Increase,secondary_keyword_only_review,https://www.engineeringnews.co.za/article/gold-mines-urged-to-make-amends-to-oppressed-workers-as-amcu-seeks-two-fold-wage-increase-2015-05-13,retrieved_extracted,,2015-05-13,1244,48e3867defecf3cd83c76a48d9dbd95617d5f9cb67b7899513598f904b210ea6,0,0,,0,worker_miner;shooting_death;wage;union,50,4,housing,2,1,share_price;earnings_results;production_output;commodity_market,8,4,false,false,true,no_case_anchor,"Extracted article text contains no Marikana, Lonmin or Sibanye anchor.",,,
SEC-MEDIA-0344,Engineering News,https://www.engineeringnews.co.za/article/gold-mines-urged-to-make-amends-to-oppressed-workers-as-amcu-seeks-two-fold-wage-increase-2015-05-22,https://engineeringnews.co.za/article/gold-mines-urged-to-make-amends-to-oppressed-workers-as-amcu-seeks-two-fold-wage-increase-2015-05-22,2015,Gold Mines Urged To Make Amends To Oppressed Workers As Amcu Seeks Two Fold Wage Increase,secondary_keyword_only_review,https://www.engineeringnews.co.za/article/gold-mines-urged-to-make-amends-to-oppressed-workers-as-amcu-seeks-two-fold-wage-increase-2015-05-22,retrieved_extracted,,2015-05-22,753,efc4f55788ac9083a83f7b018c0a3cfb84779ba22ee9df84c2c31ae0adcd5c3f,0,0,,0,worker_miner;shooting_death;wage;union,26,4,housing,1,1,share_price;earnings_results;production_output;commodity_market,8,4,false,false,true,no_case_anchor,"Extracted article text contains no Marikana, Lonmin or Sibanye anchor.",,,
SEC-MEDIA-0345,Engineering News,https://www.engineeringnews.co.za/article/gold-one-decreases-shareholding-in-sibanye-stillwater-2020-08-13,https://engineeringnews.co.za/article/gold-one-decreases-shareholding-in-sibanye-stillwater-2020-08-13,2020,Gold One Decreases Shareholding In Sibanye Stillwater,secondary_keyword_only_review,https://www.engineeringnews.co.za/article/gold-one-decreases-shareholding-in-sibanye-stillwater-2020-08-13,retrieved_extracted,,2020-08-13,340,bceda850e82a8085b8dc101d30f3ea98f973c0af5399c49f8a03296ea5f6d29d,0,4,,0,worker_miner,2,1,,0,0,earnings_results;transaction,5,2,false,false,false,ambiguous_secondary_review,Signals are insufficient for a defensible secondary-queue decision.,,,
SEC-MEDIA-0346,Engineering News,https://www.engineeringnews.co.za/article/gold-one-mine-situation-tense-as-police-fire-rubber-bullets-at-protesting-amcu-workers-2023-11-13,https://engineeringnews.co.za/article/gold-one-mine-situation-tense-as-police-fire-rubber-bullets-at-protesting-amcu-workers-2023-11-13,2023,Gold One Mine Situation Tense As Police Fire Rubber Bullets At Protesting Amcu Workers,secondary_keyword_only_review,https://www.engineeringnews.co.za/article/gold-one-mine-situation-tense-as-police-fire-rubber-bullets-at-protesting-amcu-workers-2023-11-13,retrieved_extracted,,2023-11-13,559,90eac03c8c0e532846bce04d79bb08333447fa505349acf347f56d9651e6b5a2,0,0,,0,strike;worker_miner;police;union;protest_unrest,36,5,,0,0,earnings_results,2,1,false,false,true,no_case_anchor,"Extracted article text contains no Marikana, Lonmin or Sibanye anchor.",,,
SEC-MEDIA-0347,Engineering News,https://www.engineeringnews.co.za/article/gold-producer-representatives-meet-with-amcu-2013-09-16,https://engineeringnews.co.za/article/gold-producer-representatives-meet-with-amcu-2013-09-16,2013,Gold Producer Representatives Meet With Amcu,secondary_keyword_only_review,https://www.engineeringnews.co.za/article/gold-producer-representatives-meet-with-amcu-2013-09-16,retrieved_extracted,,2013-09-16,520,e0ea91e9bbcc2bcabc2d791b045a52dddb06a394ca58485ea9d22201d7c0205b,0,1,,0,wage;union,14,2,,0,0,earnings_results,2,1,false,false,true,sibanye_context_without_case_anchor_review,Sibanye appears with labour/social context but no Marikana/Lonmin anchor; review before exclusion.,,,
SEC-MEDIA-0348,Engineering News,https://www.engineeringnews.co.za/article/gold-producers-complete-union-representation-verification-amcu-numbers-steady-2015-07-08,https://engineeringnews.co.za/article/gold-producers-complete-union-representation-verification-amcu-numbers-steady-2015-07-08,2015,Gold Producers Complete Union Representation Verification Amcu Numbers Steady,secondary_keyword_only_review,https://www.engineeringnews.co.za/article/gold-producers-complete-union-representation-verification-amcu-numbers-steady-2015-07-08,retrieved_extracted,,2015-07-08,956,c4d54261600f15a05c54e2d765669066cdc1f1e6fe6e683fa0de0f3c56ebeace,0,4,,0,worker_miner;wage;union,42,3,,0,0,earnings_results,5,1,false,false,true,sibanye_context_without_case_anchor_review,Sibanye appears with labour/social context but no Marikana/Lonmin anchor; review before exclusion.,,,
SEC-MEDIA-0349,Engineering News,https://www.engineeringnews.co.za/article/gold-producers-complete-union-representation-verification-amcu-numbers-steady-2015-07-17,https://engineeringnews.co.za/article/gold-producers-complete-union-representation-verification-amcu-numbers-steady-2015-07-17,2015,Gold Producers Complete Union Representation Verification Amcu Numbers Steady,secondary_keyword_only_review,https://www.engineeringnews.co.za/article/gold-producers-complete-union-representation-verification-amcu-numbers-steady-2015-07-17,retrieved_extracted,,2015-07-17,953,3852e3573c9e36e7e25025f66c35c9444cd019142471a64c028ee113e8263332,0,4,,0,worker_miner;wage;union,42,3,,0,0,earnings_results,5,1,false,false,true,sibanye_context_without_case_anchor_review,Sibanye appears with labour/social context but no Marikana/Lonmin anchor; review before exclusion.,,,
SEC-MEDIA-0350,Engineering News,https://www.engineeringnews.co.za/article/gold-producers-declare-dispute-with-amcu-2013-07-29,https://engineeringnews.co.za/article/gold-producers-declare-dispute-with-amcu-2013-07-29,2013,Gold Producers Declare Dispute With Amcu,secondary_keyword_only_review,https://www.engineeringnews.co.za/article/gold-producers-declare-dispute-with-amcu-2013-07-29,retrieved_extracted,,2013-07-29,814,dad06817e23da5d1dc5b2cd839e00fc1bac05122ca98d85b07843c453f4ff538,0,1,,0,strike;worker_miner;wage;union,33,4,housing;commission_inquiry,3,2,earnings_results,2,1,false,false,true,sibanye_context_without_case_anchor_review,Sibanye appears with labour/social context but no Marikana/Lonmin anchor; review before exclusion.,,,
SEC-MEDIA-0351,Engineering News,https://www.engineeringnews.co.za/article/gold-producers-will-not-engage-in-further-wage-negotiations-with-amcu-strydom-2013-09-11,https://engineeringnews.co.za/article/gold-producers-will-not-engage-in-further-wage-negotiations-with-amcu-strydom-2013-09-11,2013,Gold Producers Will Not Engage In Further Wage Negotiations With Amcu Strydom,secondary_keyword_only_review,https://www.engineeringnews.co.za/article/gold-producers-will-not-engage-in-further-wage-negotiations-with-amcu-strydom-2013-09-11,retrieved_extracted,,2013-09-11,1210,ea4c00b55a3ac0ec2218c7e6c376255c6fd4e7880875a2b2466f93379bf9e188,0,2,,0,strike;worker_miner;wage;union,46,4,,0,0,share_price;earnings_results;production_output;funding_debt;exploration_project,7,5,false,false,true,sibanye_context_without_case_anchor_review,Sibanye appears with labour/social context but no Marikana/Lonmin anchor; review before exclusion.,,,
SEC-MEDIA-0352,Engineering News,https://www.engineeringnews.co.za/article/gold-producers-will-not-engage-in-further-wage-negotiations-with-amcu-strydom-2013-09-20,https://engineeringnews.co.za/article/gold-producers-will-not-engage-in-further-wage-negotiations-with-amcu-strydom-2013-09-20,2013,Gold Producers Will Not Engage In Further Wage Negotiations With Amcu Strydom,secondary_keyword_only_review,https://www.engineeringnews.co.za/article/gold-producers-will-not-engage-in-further-wage-negotiations-with-amcu-strydom-2013-09-20,retrieved_extracted,,2013-09-20,1199,26a59c9100c06060491baf8e3357dd4d4ca3ac424c285b47d06a70fac0e4cdd9,0,2,,0,strike;worker_miner;wage;union,46,4,,0,0,share_price;earnings_results;production_output;funding_debt;exploration_project,8,5,false,false,true,sibanye_context_without_case_anchor_review,Sibanye appears with labour/social context but no Marikana/Lonmin anchor; review before exclusion.,,,
SEC-MEDIA-0353,Engineering News,https://www.engineeringnews.co.za/article/gold-strike-to-push-sibanye-stillwater-to-interim-loss-2019-08-27,https://engineeringnews.co.za/article/gold-strike-to-push-sibanye-stillwater-to-interim-loss-2019-08-27,2019,Gold Strike To Push Sibanye Stillwater To Interim Loss,secondary_keyword_only_review,https://www.engineeringnews.co.za/article/gold-strike-to-push-sibanye-stillwater-to-interim-loss-2019-08-27,retrieved_extracted,,2019-08-27,499,e8e3018854d04deb3ab7e1b73494636e52cf62b105b1df722e71116123131cab,0,4,,0,strike;worker_miner,4,2,,0,0,earnings_results;funding_debt,11,2,false,false,true,sibanye_context_without_case_anchor_review,Sibanye appears with labour/social context but no Marikana/Lonmin anchor; review before exclusion.,,,
SEC-MEDIA-0354,Engineering News,https://www.engineeringnews.co.za/article/gold-wage-talks-deadlock-again-between-sibanye-and-amcu-2018-09-20,https://engineeringnews.co.za/article/gold-wage-talks-deadlock-again-between-sibanye-and-amcu-2018-09-20,2018,Gold Wage Talks Deadlock Again Between Sibanye And Amcu,secondary_keyword_only_review,https://www.engineeringnews.co.za/article/gold-wage-talks-deadlock-again-between-sibanye-and-amcu-2018-09-20,retrieved_extracted,,2018-09-20,434,bc40aa38dac279832bed36d6ac2d4ed8d8c3b946069720d78565176ce1fafb1c,0,3,,0,worker_miner;wage;union,18,3,commission_inquiry,1,1,earnings_results,2,1,false,false,true,sibanye_context_without_case_anchor_review,Sibanye appears with labour/social context but no Marikana/Lonmin anchor; review before exclusion.,,,
SEC-MEDIA-0355,Engineering News,https://www.engineeringnews.co.za/article/govt-must-subsidise-mining-companies-that-plead-poverty-amcu-2013-08-02,https://engineeringnews.co.za/article/govt-must-subsidise-mining-companies-that-plead-poverty-amcu-2013-08-02,2013,Govt Must Subsidise Mining Companies That Plead Poverty Amcu,secondary_keyword_only_review,https://www.engineeringnews.co.za/article/govt-must-subsidise-mining-companies-that-plead-poverty-amcu-2013-08-02,retrieved_extracted,,2013-08-02,788,1bbdbe2c3d652e239c54534d1b255f0a528eea1813505c2394033b785500a7fc,0,1,,0,worker_miner;wage;union;protest_unrest,28,4,commission_inquiry,2,1,earnings_results,2,1,false,false,true,sibanye_context_without_case_anchor_review,Sibanye appears with labour/social context but no Marikana/Lonmin anchor; review before exclusion.,,,
SEC-MEDIA-0356,Engineering News,https://www.engineeringnews.co.za/article/govt-must-subsidise-mining-companies-that-plead-poverty-amcu-2013-08-16,https://engineeringnews.co.za/article/govt-must-subsidise-mining-companies-that-plead-poverty-amcu-2013-08-16,2013,Govt Must Subsidise Mining Companies That Plead Poverty Amcu,secondary_keyword_only_review,https://www.engineeringnews.co.za/article/govt-must-subsidise-mining-companies-that-plead-poverty-amcu-2013-08-16,retrieved_extracted,,2013-08-16,266,c720aba17fa78b1ef7a4987b341682d4d662d137b980f591e44c2966b3dcd7ca,0,0,,0,,0,0,,0,0,earnings_results,2,1,false,false,true,no_case_anchor,"Extracted article text contains no Marikana, Lonmin or Sibanye anchor.",,,
SEC-MEDIA-0357,Engineering News,https://www.engineeringnews.co.za/article/green-175-mw-power-for-sibanye-stillwater-platinum-group-metal-mines-2021-10-15,https://engineeringnews.co.za/article/green-175-mw-power-for-sibanye-stillwater-platinum-group-metal-mines-2021-10-15,2021,Green 175 Mw Power For Sibanye Stillwater Platinum Group Metal Mines,secondary_keyword_only_review,https://www.engineeringnews.co.za/article/green-175-mw-power-for-sibanye-stillwater-platinum-group-metal-mines-2021-10-15,retrieved_extracted,,2021-10-15,944,02827e518e864fb19382fcdad798ab4cc07ad6c00097a109dcad20b7b6f316eb,0,7,,0,,0,0,,0,0,earnings_results;production_output;exploration_project,11,3,false,false,false,ambiguous_secondary_review,Signals are insufficient for a defensible secondary-queue decision.,,,
SEC-MEDIA-0358,Engineering News,https://www.engineeringnews.co.za/article/green-175-mw-power-for-sibanye-stillwater-platinum-group-metals-mines-2021-09-27,https://engineeringnews.co.za/article/green-175-mw-power-for-sibanye-stillwater-platinum-group-metals-mines-2021-09-27,2021,Green 175 Mw Power For Sibanye Stillwater Platinum Group Metals Mines,secondary_keyword_only_review,https://www.engineeringnews.co.za/article/green-175-mw-power-for-sibanye-stillwater-platinum-group-metals-mines-2021-09-27,retrieved_extracted,,2021-09-27,962,7404764552018cb06248d517137dbb9eb426f4dff34f4612e3ac45c5f8cce023,0,7,,0,,0,0,,0,0,earnings_results;production_output;exploration_project,11,3,false,true,false,strong_routine_no_case_anchor,Routine corporate/financial/production article with no Marikana/Lonmin case anchor.,,,
SEC-MEDIA-0359,Engineering News,https://www.engineeringnews.co.za/article/green-hydrogen-given-huge-boost-as-heraeus-sibanye-attain-iridium-thrifting-breakthrough-2023-11-14,https://engineeringnews.co.za/article/green-hydrogen-given-huge-boost-as-heraeus-sibanye-attain-iridium-thrifting-breakthrough-2023-11-14,2023,Green Hydrogen Given Huge Boost As Heraeus Sibanye Attain Iridium Thrifting Breakthrough,secondary_keyword_only_review,https://www.engineeringnews.co.za/article/green-hydrogen-given-huge-boost-as-heraeus-sibanye-attain-iridium-thrifting-breakthrough-2023-11-14,retrieved_extracted,,2023-11-14,1041,760712a957132e914b60bc7ab9c704ebdf1aadddaa322ce4fe96fb968a6fc72f,0,4,,0,,0,0,,0,0,earnings_results;production_output;exploration_project,7,3,false,false,false,ambiguous_secondary_review,Signals are insufficient for a defensible secondary-queue decision.,,,
SEC-MEDIA-0360,Engineering News,https://www.engineeringnews.co.za/article/hydrogen-economy-providing-pgm-opportunity-similar-to-emissions-boost-of-90s-sibanye-2021-05-18,https://engineeringnews.co.za/article/hydrogen-economy-providing-pgm-opportunity-similar-to-emissions-boost-of-90s-sibanye-2021-05-18,2021,Hydrogen Economy Providing Pgm Opportunity Similar To Emissions Boost Of 90S Sibanye,secondary_keyword_only_review,https://www.engineeringnews.co.za/article/hydrogen-economy-providing-pgm-opportunity-similar-to-emissions-boost-of-90s-sibanye-2021-05-18,retrieved_extracted,,2021-05-18,1233,9f1cf205c22f229c9c045affabae67a2c9c2cbb9e5e23fda517eff4f9a86277f,0,2,,0,,0,0,,0,0,share_price;earnings_results;production_output;exploration_project;commodity_market,15,5,false,true,false,strong_routine_no_case_anchor,Routine corporate/financial/production article with no Marikana/Lonmin case anchor.,,,
SEC-MEDIA-0361,Engineering News,https://www.engineeringnews.co.za/article/hydrogen-fast-tracking-will-be-much-quicker-than-imagined-sibanye-stillwater-2020-10-18,https://engineeringnews.co.za/article/hydrogen-fast-tracking-will-be-much-quicker-than-imagined-sibanye-stillwater-2020-10-18,2020,Hydrogen Fast Tracking Will Be Much Quicker Than Imagined Sibanye Stillwater,secondary_keyword_only_review,https://www.engineeringnews.co.za/article/hydrogen-fast-tracking-will-be-much-quicker-than-imagined-sibanye-stillwater-2020-10-18,retrieved_extracted,,2020-10-18,2156,ad36f153d34574363b8b32e5cc38a73f26d7135fa4efd0e5585267c7ba5ad0db,0,2,,0,worker_miner;union,2,2,,0,0,share_price;earnings_results;production_output;transaction;exploration_project;commodity_market,18,6,false,false,false,sibanye_context_without_case_anchor_review,Sibanye appears with labour/social context but no Marikana/Lonmin anchor; review before exclusion.,,,
SEC-MEDIA-0362,Engineering News,https://www.engineeringnews.co.za/article/hydrogen-fast-tracking-will-be-much-quicker-than-imagined-sibanye-stillwater-2020-10-30,https://engineeringnews.co.za/article/hydrogen-fast-tracking-will-be-much-quicker-than-imagined-sibanye-stillwater-2020-10-30,2020,Hydrogen Fast Tracking Will Be Much Quicker Than Imagined Sibanye Stillwater,secondary_keyword_only_review,https://www.engineeringnews.co.za/article/hydrogen-fast-tracking-will-be-much-quicker-than-imagined-sibanye-stillwater-2020-10-30,retrieved_extracted,,2020-10-30,1798,ecbbac979f0d600abd038e0cc7f581e886573111e394e5b0986a450f171873b7,0,2,,0,,0,0,,0,0,earnings_results;production_output;transaction;exploration_project;commodity_market,14,5,false,false,false,ambiguous_secondary_review,Signals are insufficient for a defensible secondary-queue decision.,,,
SEC-MEDIA-0363,Engineering News,https://www.engineeringnews.co.za/article/hydrogen-fuel-cell-technology-not-too-far-away-sibanye-stillwater-2020-02-04,https://engineeringnews.co.za/article/hydrogen-fuel-cell-technology-not-too-far-away-sibanye-stillwater-2020-02-04,2020,Hydrogen Fuel Cell Technology Not Too Far Away Sibanye Stillwater,secondary_keyword_only_review,https://www.engineeringnews.co.za/article/hydrogen-fuel-cell-technology-not-too-far-away-sibanye-stillwater-2020-02-04,retrieved_extracted,,2020-02-04,858,e52dc99a003a6203a8e5f50cfe2294e4f1c0b4c50dc4388f783703cf836fe989,0,4,,0,,0,0,community,1,1,earnings_results;exploration_project;commodity_market,5,3,false,false,false,sibanye_context_without_case_anchor_review,Sibanye appears with labour/social context but no Marikana/Lonmin anchor; review before exclusion.,,,
SEC-MEDIA-0364,Engineering News,https://www.engineeringnews.co.za/article/hydrogen-fuel-cell-technology-not-too-far-away-sibanye-stillwater-2020-02-21,https://engineeringnews.co.za/article/hydrogen-fuel-cell-technology-not-too-far-away-sibanye-stillwater-2020-02-21,2020,Hydrogen Fuel Cell Technology Not Too Far Away Sibanye Stillwater,secondary_keyword_only_review,https://www.engineeringnews.co.za/article/hydrogen-fuel-cell-technology-not-too-far-away-sibanye-stillwater-2020-02-21,retrieved_extracted,,2020-02-21,860,df100cdb252b79016c024b011b15acd62129b156fafb69cdbf58d0f8ce1e1dc8,0,4,,0,worker_miner,1,1,community,1,1,earnings_results;exploration_project;commodity_market,5,3,false,false,false,sibanye_context_without_case_anchor_review,Sibanye appears with labour/social context but no Marikana/Lonmin anchor; review before exclusion.,,,
SEC-MEDIA-0365,Engineering News,https://www.engineeringnews.co.za/article/hydrogen-fuel-cells-the-next-big-disruptive-technology-sibanye-stillwater-2020-02-19,https://engineeringnews.co.za/article/hydrogen-fuel-cells-the-next-big-disruptive-technology-sibanye-stillwater-2020-02-19,2020,Hydrogen Fuel Cells The Next Big Disruptive Technology Sibanye Stillwater,secondary_keyword_only_review,https://www.engineeringnews.co.za/article/hydrogen-fuel-cells-the-next-big-disruptive-technology-sibanye-stillwater-2020-02-19,retrieved_extracted,,2020-02-19,1017,339af641daa423eeed8c1c50714a2e0ae135e20db071ae5402ea05530ee923dc,0,7,,0,,0,0,housing,1,1,earnings_results;transaction;exploration_project,8,3,false,false,false,sibanye_context_without_case_anchor_review,Sibanye appears with labour/social context but no Marikana/Lonmin anchor; review before exclusion.,,,
SEC-MEDIA-0366,Engineering News,https://www.engineeringnews.co.za/article/hydrogen-providing-pgm-opportunity-similar-to-90s-emissions-boost-sibanye-stillwater-2021-06-04,https://engineeringnews.co.za/article/hydrogen-providing-pgm-opportunity-similar-to-90s-emissions-boost-sibanye-stillwater-2021-06-04,2021,Hydrogen Providing Pgm Opportunity Similar To 90S Emissions Boost Sibanye Stillwater,secondary_keyword_only_review,https://www.engineeringnews.co.za/article/hydrogen-providing-pgm-opportunity-similar-to-90s-emissions-boost-sibanye-stillwater-2021-06-04,retrieved_extracted,,2021-06-04,1230,fa3ae1a80354bf810b5e5c1fc5e9c23ba5b4d32adb723c5da72fff8b367a4cb8,0,1,,0,,0,0,,0,0,share_price;earnings_results;production_output;exploration_project;commodity_market,15,5,false,true,false,strong_routine_no_case_anchor,Routine corporate/financial/production article with no Marikana/Lonmin case anchor.,,,
SEC-MEDIA-0367,Engineering News,https://www.engineeringnews.co.za/article/idc-rbm-sibanye-make-headlines-2021-08-27,https://engineeringnews.co.za/article/idc-rbm-sibanye-make-headlines-2021-08-27,2021,Idc Rbm Sibanye Make Headlines,secondary_keyword_only_review,https://www.engineeringnews.co.za/article/idc-rbm-sibanye-make-headlines-2021-08-27,retrieved_extracted,,2021-08-27,352,e0eba9ccde61979196bac24b95c37ae132152a8feed8efa5220bf954181e7eee,0,3,,0,,0,0,community,1,1,earnings_results;exploration_project,3,2,false,false,false,sibanye_context_without_case_anchor_review,Sibanye appears with labour/social context but no Marikana/Lonmin anchor; review before exclusion.,,,
SEC-MEDIA-0368,Engineering News,https://www.engineeringnews.co.za/article/illegal-mining-a-substantial-burden-on-south-african-economy-warns-sibanye-2017-06-28,https://engineeringnews.co.za/article/illegal-mining-a-substantial-burden-on-south-african-economy-warns-sibanye-2017-06-28,2017,Illegal Mining A Substantial Burden On South African Economy Warns Sibanye,secondary_keyword_only_review,https://www.engineeringnews.co.za/article/illegal-mining-a-substantial-burden-on-south-african-economy-warns-sibanye-2017-06-28,retrieved_extracted,,2017-06-28,650,430542579d556d048dc44f0c8f1db0b539ded9ac4049032b166fe89519a24476,0,6,,0,strike;worker_miner;protest_unrest,9,3,,0,0,earnings_results;production_output,5,2,false,false,false,sibanye_context_without_case_anchor_review,Sibanye appears with labour/social context but no Marikana/Lonmin anchor; review before exclusion.,,,
SEC-MEDIA-0369,Engineering News,https://www.engineeringnews.co.za/article/impairment-silicosis-claims-provision-to-push-sibanye-to-h1-loss-of-at-least-r48-billion-2017-08-17,https://engineeringnews.co.za/article/impairment-silicosis-claims-provision-to-push-sibanye-to-h1-loss-of-at-least-r48-billion-2017-08-17,2017,Impairment Silicosis Claims Provision To Push Sibanye To H1 Loss Of At Least R48 Billion,secondary_keyword_only_review,https://www.engineeringnews.co.za/article/impairment-silicosis-claims-provision-to-push-sibanye-to-h1-loss-of-at-least-r48-billion-2017-08-17,retrieved_extracted,,2017-08-17,834,dc2ece3fb534c74cf5529a43c5404ec33de86edfc062d883a2cf1917145c1184,0,7,,0,worker_miner,2,1,justice_accountability,2,1,share_price;earnings_results;production_output;transaction,23,4,false,false,false,sibanye_context_without_case_anchor_review,Sibanye appears with labour/social context but no Marikana/Lonmin anchor; review before exclusion.,,,
SEC-MEDIA-0370,Engineering News,https://www.engineeringnews.co.za/article/impairments-weigh-on-sibanyes-fy-headline-earnings-2015-02-09,https://engineeringnews.co.za/article/impairments-weigh-on-sibanyes-fy-headline-earnings-2015-02-09,2015,Impairments Weigh On Sibanyes Fy Headline Earnings,secondary_keyword_only_review,https://www.engineeringnews.co.za/article/impairments-weigh-on-sibanyes-fy-headline-earnings-2015-02-09,retrieved_extracted,,2015-02-09,651,f576d1cc48065d779dfd1475d72619391889286f6963d79c03ea65db79d69c9f,0,4,,0,worker_miner,1,1,,0,0,share_price;earnings_results;transaction;exploration_project,24,4,false,true,false,strong_routine_no_case_anchor,Routine corporate/financial/production article with no Marikana/Lonmin case anchor.,,,
SEC-MEDIA-0371,Engineering News,https://www.engineeringnews.co.za/article/implats-amcu-sign-five-year-wage-deal-2022-06-28,https://engineeringnews.co.za/article/implats-amcu-sign-five-year-wage-deal-2022-06-28,2022,Implats Amcu Sign Five Year Wage Deal,secondary_keyword_only_review,https://www.engineeringnews.co.za/article/implats-amcu-sign-five-year-wage-deal-2022-06-28,retrieved_extracted,,2022-06-28,886,888508cf1c3a433444aacb429b2c3172ebb11c7c15dbdbc75e17df35d47947c8,0,3,,0,strike;worker_miner;wage;union;protest_unrest,27,5,community,2,1,earnings_results;production_output,3,2,false,false,true,sibanye_context_without_case_anchor_review,Sibanye appears with labour/social context but no Marikana/Lonmin anchor; review before exclusion.,,,
SEC-MEDIA-0372,Engineering News,https://www.engineeringnews.co.za/article/implats-says-amcu-wage-talks-to-resume-in-2014-2013-12-12,https://engineeringnews.co.za/article/implats-says-amcu-wage-talks-to-resume-in-2014-2013-12-12,2013,Implats Says Amcu Wage Talks To Resume In 2014,secondary_keyword_only_review,https://www.engineeringnews.co.za/article/implats-says-amcu-wage-talks-to-resume-in-2014-2013-12-12,retrieved_extracted,,2013-12-12,651,33faaf22560cd79e022d702a26c33f1a2c5196d9ffd87689068a43325d5ea807,2,0,,0,strike;worker_miner;shooting_death;wage;union,27,5,,0,0,earnings_results;production_output,3,2,false,false,true,possible_lonmin_substantive_context,Lonmin appears with labour/event/social/governance signals; direct substantive review is required.,,,
SEC-MEDIA-0373,Engineering News,https://www.engineeringnews.co.za/article/injured-sibanye-employees-stable-one-discharged-from-hospital-2018-05-11,https://engineeringnews.co.za/article/injured-sibanye-employees-stable-one-discharged-from-hospital-2018-05-11,2018,Injured Sibanye Employees Stable One Discharged From Hospital,secondary_keyword_only_review,https://www.engineeringnews.co.za/article/injured-sibanye-employees-stable-one-discharged-from-hospital-2018-05-11,retrieved_extracted,,2018-05-11,530,5fa2a0398908bdb4627aafdc269d6f052f065e79f189fe9dfecd0f8ee68ea7f8,0,6,,0,union,1,1,,0,0,earnings_results;production_output,5,2,false,false,false,ambiguous_secondary_review,Signals are insufficient for a defensible secondary-queue decision.,,,
SEC-MEDIA-0374,Engineering News,https://www.engineeringnews.co.za/article/investec-asset-management-raises-sibanye-shareholding-to-540-2019-12-05,https://engineeringnews.co.za/article/investec-asset-management-raises-sibanye-shareholding-to-540-2019-12-05,2019,Investec Asset Management Raises Sibanye Shareholding To 540,secondary_keyword_only_review,https://www.engineeringnews.co.za/article/investec-asset-management-raises-sibanye-shareholding-to-540-2019-12-05,retrieved_extracted,,2019-12-05,321,80c3391b41cbbea94e317029f25363542d38d1869c8789c7df834b8523827b6e,0,3,,0,worker_miner,1,1,,0,0,share_price;earnings_results,3,2,false,false,false,ambiguous_secondary_review,Signals are insufficient for a defensible secondary-queue decision.,,,
SEC-MEDIA-0375,Engineering News,https://www.engineeringnews.co.za/article/investec-lifts-shareholding-in-sibanye-above-5-2019-01-15,https://engineeringnews.co.za/article/investec-lifts-shareholding-in-sibanye-above-5-2019-01-15,2019,Investec Lifts Shareholding In Sibanye Above 5,secondary_keyword_only_review,https://www.engineeringnews.co.za/article/investec-lifts-shareholding-in-sibanye-above-5-2019-01-15,retrieved_extracted,,2019-01-15,319,688c0038bc52acbfdc22f9abdbf59edb81c0cc26abaa620bcc1ecbb3873f3b54,0,2,,0,,0,0,,0,0,share_price;earnings_results;transaction,5,3,false,false,false,ambiguous_secondary_review,Signals are insufficient for a defensible secondary-queue decision.,,,
SEC-MEDIA-0376,Engineering News,https://www.engineeringnews.co.za/article/investec-lifts-sibanye-shareholding-to-about-519-2019-02-06,https://engineeringnews.co.za/article/investec-lifts-sibanye-shareholding-to-about-519-2019-02-06,2019,Investec Lifts Sibanye Shareholding To About 519,secondary_keyword_only_review,https://www.engineeringnews.co.za/article/investec-lifts-sibanye-shareholding-to-about-519-2019-02-06,retrieved_extracted,,2019-02-06,330,dd528e98472ca649f4d29cbf29f97ecb12a08b2912a4ae00838cb63d7f106657,0,3,,0,,0,0,,0,0,share_price;earnings_results;transaction,6,3,false,false,false,ambiguous_secondary_review,Signals are insufficient for a defensible secondary-queue decision.,,,
SEC-MEDIA-0377,Engineering News,https://www.engineeringnews.co.za/article/ioneer-completes-sibanye-stillwater-placement-2021-10-28,https://engineeringnews.co.za/article/ioneer-completes-sibanye-stillwater-placement-2021-10-28,2021,Ioneer Completes Sibanye Stillwater Placement,secondary_keyword_only_review,https://www.engineeringnews.co.za/article/ioneer-completes-sibanye-stillwater-placement-2021-10-28,retrieved_extracted,,2021-10-28,637,2b916e2c5081e6830fdbae7b404da3ccb5badbf466765fe33e45cc9530e5c23b,0,10,,0,worker_miner,1,1,,0,0,share_price;earnings_results;production_output;transaction;exploration_project,15,5,false,false,false,ambiguous_secondary_review,Signals are insufficient for a defensible secondary-queue decision.,,,
SEC-MEDIA-0378,Engineering News,https://www.engineeringnews.co.za/article/ioneersibanye-stillwater-deal-gets-reserve-bank-approval-2021-11-05,https://engineeringnews.co.za/article/ioneersibanye-stillwater-deal-gets-reserve-bank-approval-2021-11-05,2021,Ioneersibanye Stillwater Deal Gets Reserve Bank Approval,secondary_keyword_only_review,https://www.engineeringnews.co.za/article/ioneersibanye-stillwater-deal-gets-reserve-bank-approval-2021-11-05,retrieved_extracted,,2021-11-05,936,32068c39036e4c1a25b8a942b14f1faa231d846de1deb0c832be835fd6632af2,0,13,,0,worker_miner,1,1,,0,0,share_price;earnings_results;production_output;funding_debt;transaction;exploration_project,21,6,false,false,false,ambiguous_secondary_review,Signals are insufficient for a defensible secondary-queue decision.,,,
SEC-MEDIA-0379,Engineering News,https://www.engineeringnews.co.za/article/ioneersibanye-stilwater-deal-gets-reserve-bank-approval-2021-10-20,https://engineeringnews.co.za/article/ioneersibanye-stilwater-deal-gets-reserve-bank-approval-2021-10-20,2021,Ioneersibanye Stilwater Deal Gets Reserve Bank Approval,secondary_keyword_only_review,https://www.engineeringnews.co.za/article/ioneersibanye-stilwater-deal-gets-reserve-bank-approval-2021-10-20,retrieved_extracted,,2021-10-20,929,56f0ec2d6cafffa5787e65de2b65d00ee7ed0b4953c8b2500b092a3c60d72384,0,13,,0,worker_miner,1,1,,0,0,share_price;earnings_results;production_output;funding_debt;transaction;exploration_project,17,6,false,false,false,ambiguous_secondary_review,Signals are insufficient for a defensible secondary-queue decision.,,,
SEC-MEDIA-0380,Engineering News,https://www.engineeringnews.co.za/article/job-losses-at-beatrix-4-shaft-kloof-1-plant-minimisedsibanye-stillwater-reports-2023-03-09,https://engineeringnews.co.za/article/job-losses-at-beatrix-4-shaft-kloof-1-plant-minimisedsibanye-stillwater-reports-2023-03-09,2023,Job Losses At Beatrix 4 Shaft Kloof 1 Plant Minimisedsibanye Stillwater Reports,secondary_keyword_only_review,https://www.engineeringnews.co.za/article/job-losses-at-beatrix-4-shaft-kloof-1-plant-minimisedsibanye-stillwater-reports-2023-03-09,retrieved_extracted,,2023-03-09,619,ed18541c03a8ae6f499f9536e8eb624594131e1359c0ee8f4fbd06969c22ee65,0,4,,0,,0,0,,0,0,earnings_results;exploration_project,6,2,false,false,true,ambiguous_secondary_review,Signals are insufficient for a defensible secondary-queue decision.,,,
SEC-MEDIA-0381,Engineering News,https://www.engineeringnews.co.za/article/jury-still-out-on-whether-platinum-strike-will-result-in-amcu-gaining-or-losing-members-2014-07-18-1,https://engineeringnews.co.za/article/jury-still-out-on-whether-platinum-strike-will-result-in-amcu-gaining-or-losing-members-2014-07-18-1,2014,Jury Still Out On Whether Platinum Strike Will Result In Amcu Gaining Or Losing Members,secondary_keyword_only_review,https://www.engineeringnews.co.za/article/jury-still-out-on-whether-platinum-strike-will-result-in-amcu-gaining-or-losing-members-2014-07-18-1,retrieved_extracted,,2014-07-18,1774,bed5d1fb7c141054ff70474b6a31862234063d76ea2d10bd9a80042068b1c71b,0,0,,0,strike;worker_miner;wage;union,115,4,,0,0,earnings_results;production_output;funding_debt;commodity_market,9,4,false,false,true,no_case_anchor,"Extracted article text contains no Marikana, Lonmin or Sibanye anchor.",,,
SEC-MEDIA-0382,Engineering News,https://www.engineeringnews.co.za/article/kagiso-pmi-tumbles-to-four-year-low-on-platinum-strike-2014-06-02,https://engineeringnews.co.za/article/kagiso-pmi-tumbles-to-four-year-low-on-platinum-strike-2014-06-02,2014,Kagiso Pmi Tumbles To Four Year Low On Platinum Strike,secondary_keyword_only_review,https://www.engineeringnews.co.za/article/kagiso-pmi-tumbles-to-four-year-low-on-platinum-strike-2014-06-02,retrieved_extracted,,2014-06-02,1319,3306c55ad1bbd2e414faeac117a9445ff5715d48c7aef5809756353f2ff0cc7e,0,0,,0,strike;worker_miner;wage,12,3,,0,0,earnings_results;production_output;funding_debt;commodity_market,15,4,false,false,true,no_case_anchor,"Extracted article text contains no Marikana, Lonmin or Sibanye anchor.",,,
SEC-MEDIA-0383,Engineering News,https://www.engineeringnews.co.za/article/labour-appeal-court-dismisses-amcu-appeal-2016-03-24,https://engineeringnews.co.za/article/labour-appeal-court-dismisses-amcu-appeal-2016-03-24,2016,Labour Appeal Court Dismisses Amcu Appeal,secondary_keyword_only_review,https://www.engineeringnews.co.za/article/labour-appeal-court-dismisses-amcu-appeal-2016-03-24,retrieved_extracted,,2016-03-24,513,aa4e01671f3a0f37324a8a0a43bac7b541ca983afe08d08ca9d6dd270f894573,0,2,,0,strike;worker_miner;wage;union,17,4,,0,0,earnings_results,2,1,false,false,true,sibanye_context_without_case_anchor_review,Sibanye appears with labour/social context but no Marikana/Lonmin anchor; review before exclusion.,,,
SEC-MEDIA-0384,Engineering News,https://www.engineeringnews.co.za/article/labour-appeal-court-reserves-judgment-in-amcu-appeal-2015-08-21,https://engineeringnews.co.za/article/labour-appeal-court-reserves-judgment-in-amcu-appeal-2015-08-21,2015,Labour Appeal Court Reserves Judgment In Amcu Appeal,secondary_keyword_only_review,https://www.engineeringnews.co.za/article/labour-appeal-court-reserves-judgment-in-amcu-appeal-2015-08-21,retrieved_extracted,,2015-08-21,525,f96f02a2d92ef0224cf1c19cdbbc59c8e467c09c53d9ea5307b51e628a5cc934,0,1,,0,strike;worker_miner;wage;union,16,4,,0,0,earnings_results,2,1,false,false,true,sibanye_context_without_case_anchor_review,Sibanye appears with labour/social context but no Marikana/Lonmin anchor; review before exclusion.,,,
SEC-MEDIA-0385,Engineering News,https://www.engineeringnews.co.za/article/labour-court-amcu-gold-strike-return-date-postponed-2014-03-17,https://engineeringnews.co.za/article/labour-court-amcu-gold-strike-return-date-postponed-2014-03-17,2014,Labour Court Amcu Gold Strike Return Date Postponed,secondary_keyword_only_review,https://www.engineeringnews.co.za/article/labour-court-amcu-gold-strike-return-date-postponed-2014-03-17,retrieved_extracted,,2014-03-17,463,2a4bef696eb68b94d47a954a3f05c68f5ceb8904168f8833c7620d2fb4c5fc14,1,1,,0,strike;worker_miner;wage;union,17,4,,0,0,earnings_results,2,1,false,false,true,possible_lonmin_substantive_context,Lonmin appears with labour/event/social/governance signals; direct substantive review is required.,,,
SEC-MEDIA-0386,Engineering News,https://www.engineeringnews.co.za/article/labour-court-declares-sibanye-wage-extension-valid-2019-03-20,https://engineeringnews.co.za/article/labour-court-declares-sibanye-wage-extension-valid-2019-03-20,2019,Labour Court Declares Sibanye Wage Extension Valid,secondary_keyword_only_review,https://www.engineeringnews.co.za/article/labour-court-declares-sibanye-wage-extension-valid-2019-03-20,retrieved_extracted,,2019-03-20,1146,5fec282ae8ccddbff06e91885cdbe7cfc47b1bb0d23c58e337c30bf763d93ffb,0,12,,0,strike;worker_miner;shooting_death;wage;union,57,5,housing;commission_inquiry,3,2,earnings_results;funding_debt,3,2,false,false,false,sibanye_context_without_case_anchor_review,Sibanye appears with labour/social context but no Marikana/Lonmin anchor; review before exclusion.,,,
SEC-MEDIA-0387,Engineering News,https://www.engineeringnews.co.za/article/labour-court-dismisses-amcu-interdict-against-sibanye-restructuring-2019-03-18,https://engineeringnews.co.za/article/labour-court-dismisses-amcu-interdict-against-sibanye-restructuring-2019-03-18,2019,Labour Court Dismisses Amcu Interdict Against Sibanye Restructuring,secondary_keyword_only_review,https://www.engineeringnews.co.za/article/labour-court-dismisses-amcu-interdict-against-sibanye-restructuring-2019-03-18,retrieved_extracted,,2019-03-18,496,5effafa65e70ef3e508a47cc9a947b413407bef522cebd0d67d363970c50dae5,0,4,,0,strike;worker_miner;wage;union,12,4,,0,0,earnings_results,2,1,false,false,true,sibanye_context_without_case_anchor_review,Sibanye appears with labour/social context but no Marikana/Lonmin anchor; review before exclusion.,,,
SEC-MEDIA-0388,Engineering News,https://www.engineeringnews.co.za/article/labour-court-dismisses-amcu-interdict-against-sibanye-restructuring-2019-03-29,https://engineeringnews.co.za/article/labour-court-dismisses-amcu-interdict-against-sibanye-restructuring-2019-03-29,2019,Labour Court Dismisses Amcu Interdict Against Sibanye Restructuring,secondary_keyword_only_review,https://www.engineeringnews.co.za/article/labour-court-dismisses-amcu-interdict-against-sibanye-restructuring-2019-03-29,retrieved_extracted,,2019-03-29,493,dce111fdd39867ea6b05b88ba0b0c8969a4de13be4c0677cd79c4e984bcbf527,0,4,,0,strike;worker_miner;wage;union,12,4,,0,0,earnings_results,2,1,false,false,true,sibanye_context_without_case_anchor_review,Sibanye appears with labour/social context but no Marikana/Lonmin anchor; review before exclusion.,,,
SEC-MEDIA-0389,Engineering News,https://www.engineeringnews.co.za/article/labour-court-puts-temporary-hold-on-amcus-planned-gold-strike-2014-01-22,https://engineeringnews.co.za/article/labour-court-puts-temporary-hold-on-amcus-planned-gold-strike-2014-01-22,2014,Labour Court Puts Temporary Hold On Amcus Planned Gold Strike,secondary_keyword_only_review,https://www.engineeringnews.co.za/article/labour-court-puts-temporary-hold-on-amcus-planned-gold-strike-2014-01-22,retrieved_extracted,,2014-01-22,705,85fa8dc6a0d9abf6714888130e423ad7edf221caf78f2d62b99387df06f08236,3,1,,0,strike;worker_miner;wage;union,30,4,,0,0,earnings_results;production_output,6,2,false,false,true,strong_lonmin_context_supported,"No high-specificity case term, but Lonmin is repeatedly substantive alongside strong labour/social/governance context.",,,
SEC-MEDIA-0390,Engineering News,https://www.engineeringnews.co.za/article/labour-court-puts-temporary-hold-on-amcus-planned-gold-strike-2014-01-31,https://engineeringnews.co.za/article/labour-court-puts-temporary-hold-on-amcus-planned-gold-strike-2014-01-31,2014,Labour Court Puts Temporary Hold On Amcus Planned Gold Strike,secondary_keyword_only_review,https://www.engineeringnews.co.za/article/labour-court-puts-temporary-hold-on-amcus-planned-gold-strike-2014-01-31,retrieved_extracted,,2014-01-31,667,ca965da08bd62d256d579b11eed61e75776813945a5f2fad228f0895c6a94972,3,1,,0,strike;worker_miner;wage;union,27,4,,0,0,earnings_results;production_output,6,2,false,false,true,strong_lonmin_context_supported,"No high-specificity case term, but Lonmin is repeatedly substantive alongside strong labour/social/governance context.",,,
SEC-MEDIA-0391,Engineering News,https://www.engineeringnews.co.za/article/labour-court-rejects-sibanyes-strike-stop-application-again-2019-02-08,https://engineeringnews.co.za/article/labour-court-rejects-sibanyes-strike-stop-application-again-2019-02-08,2019,Labour Court Rejects Sibanyes Strike Stop Application Again,secondary_keyword_only_review,https://www.engineeringnews.co.za/article/labour-court-rejects-sibanyes-strike-stop-application-again-2019-02-08,retrieved_extracted,,2019-02-08,641,b73eb4fed7543d2330faa1b953ade0177472c077132a3be69999140fb968ac39,0,8,,0,strike;worker_miner;wage;union,26,4,,0,0,earnings_results,2,1,false,false,true,sibanye_context_without_case_anchor_review,Sibanye appears with labour/social context but no Marikana/Lonmin anchor; review before exclusion.,,,
SEC-MEDIA-0392,Engineering News,https://www.engineeringnews.co.za/article/labour-court-rules-against-amcu-2014-06-02,https://engineeringnews.co.za/article/labour-court-rules-against-amcu-2014-06-02,2014,Labour Court Rules Against Amcu,secondary_keyword_only_review,https://www.engineeringnews.co.za/article/labour-court-rules-against-amcu-2014-06-02,retrieved_extracted,,2014-06-02,575,9bbf8d4134450ac26f5118bf12129b83dc04edd0e6c79240c48ef646fe2b36d5,2,0,,0,strike;worker_miner;wage;union,17,4,,0,0,earnings_results,3,1,false,false,true,possible_lonmin_substantive_context,Lonmin appears with labour/event/social/governance signals; direct substantive review is required.,,,
SEC-MEDIA-0393,Engineering News,https://www.engineeringnews.co.za/article/labour-court-rules-in-favour-of-gold-miners-in-amcu-strike-case-2014-06-23,https://engineeringnews.co.za/article/labour-court-rules-in-favour-of-gold-miners-in-amcu-strike-case-2014-06-23,2014,Labour Court Rules In Favour Of Gold Miners In Amcu Strike Case,secondary_keyword_only_review,https://www.engineeringnews.co.za/article/labour-court-rules-in-favour-of-gold-miners-in-amcu-strike-case-2014-06-23,retrieved_extracted,,2014-06-23,1010,d22c99c31e626e4e88fc2e5a2a8cb039511c6c7e19dee561f39bf1fb16fd6238,0,2,,0,strike;worker_miner;wage;union;protest_unrest,44,5,,0,0,earnings_results;transaction,3,2,false,false,true,sibanye_context_without_case_anchor_review,Sibanye appears with labour/social context but no Marikana/Lonmin anchor; review before exclusion.,,,
SEC-MEDIA-0394,Engineering News,https://www.engineeringnews.co.za/article/labour-court-rules-in-favour-of-gold-miners-in-amcu-strike-case-2014-07-04,https://engineeringnews.co.za/article/labour-court-rules-in-favour-of-gold-miners-in-amcu-strike-case-2014-07-04,2014,Labour Court Rules In Favour Of Gold Miners In Amcu Strike Case,secondary_keyword_only_review,https://www.engineeringnews.co.za/article/labour-court-rules-in-favour-of-gold-miners-in-amcu-strike-case-2014-07-04,retrieved_extracted,,2014-07-04,906,3baed5874f2ff337ea4e1682afda066048c6df2c852b72902f690dcf05fad8ec,0,2,,0,strike;worker_miner;wage;union;protest_unrest,38,5,,0,0,earnings_results,2,1,false,false,true,sibanye_context_without_case_anchor_review,Sibanye appears with labour/social context but no Marikana/Lonmin anchor; review before exclusion.,,,
SEC-MEDIA-0395,Engineering News,https://www.engineeringnews.co.za/article/lace-mine-development-bruised-but-not-halted-by-amcu-strike-2014-10-30,https://engineeringnews.co.za/article/lace-mine-development-bruised-but-not-halted-by-amcu-strike-2014-10-30,2014,Lace Mine Development Bruised But Not Halted By Amcu Strike,secondary_keyword_only_review,https://www.engineeringnews.co.za/article/lace-mine-development-bruised-but-not-halted-by-amcu-strike-2014-10-30,retrieved_extracted,,2014-10-30,877,dd36e9ea6ec4f5ce4d2c3c08504498010d1036f6b5b439d5b0af26dec70d6fb4,0,0,,0,strike;worker_miner;wage;union,18,4,,0,0,earnings_results;transaction;exploration_project,7,3,false,false,true,no_case_anchor,"Extracted article text contains no Marikana, Lonmin or Sibanye anchor.",,,
SEC-MEDIA-0396,Engineering News,https://www.engineeringnews.co.za/article/lily-mine-amcu-and-mine-management-dismiss-num-allegations-2016-03-24,https://engineeringnews.co.za/article/lily-mine-amcu-and-mine-management-dismiss-num-allegations-2016-03-24,2016,Lily Mine Amcu And Mine Management Dismiss Num Allegations,secondary_keyword_only_review,https://www.engineeringnews.co.za/article/lily-mine-amcu-and-mine-management-dismiss-num-allegations-2016-03-24,retrieved_extracted,,2016-03-24,700,84645176004a4e4bbd1f24db0b9f56f5de7fa43b21af454048afc6cc29a00235,0,0,,0,worker_miner;union,24,2,,0,0,earnings_results,2,1,false,false,true,no_case_anchor,"Extracted article text contains no Marikana, Lonmin or Sibanye anchor.",,,
SEC-MEDIA-0397,Engineering News,https://www.engineeringnews.co.za/article/living-wages-living-allowances-and-the-platinum-strike-2014-07-18,https://engineeringnews.co.za/article/living-wages-living-allowances-and-the-platinum-strike-2014-07-18,2014,Living Wages Living Allowances And The Platinum Strike,secondary_keyword_only_review,https://www.engineeringnews.co.za/article/living-wages-living-allowances-and-the-platinum-strike-2014-07-18,retrieved_extracted,,2014-07-18,1212,3b6ff986bdffefd58b2f1fa04d6f938d50070a72ad5c82158acaf7f692dd78cb,0,0,marikana,2,strike;worker_miner;shooting_death;wage;union,35,5,housing,3,1,share_price;earnings_results;funding_debt;transaction;commodity_market,11,5,false,false,true,strong_case_context_supported,Body contains a high-specificity Marikana case term reinforced by labour/event/social/governance context.,,,
SEC-MEDIA-0398,Engineering News,https://www.engineeringnews.co.za/article/long-term-supply-contracts-shielding-sibanye-stillwater-from-pgm-price-swing-2021-09-23,https://engineeringnews.co.za/article/long-term-supply-contracts-shielding-sibanye-stillwater-from-pgm-price-swing-2021-09-23,2021,Long Term Supply Contracts Shielding Sibanye Stillwater From Pgm Price Swing,secondary_keyword_only_review,https://www.engineeringnews.co.za/article/long-term-supply-contracts-shielding-sibanye-stillwater-from-pgm-price-swing-2021-09-23,retrieved_extracted,,2021-09-23,1212,fff05e3c71ec511fc91c54f4408738640ba3358ffdd4b52db7592129158f0be1,0,9,,0,,0,0,housing,1,1,share_price;earnings_results;production_output;exploration_project;commodity_market,17,5,false,true,false,sibanye_context_without_case_anchor_review,Sibanye appears with labour/social context but no Marikana/Lonmin anchor; review before exclusion.,,,
SEC-MEDIA-0399,Engineering News,https://www.engineeringnews.co.za/article/lower-pgm-gold-prices-result-in-5-yy-decrease-in-sibanyes-third-quarter-ebitda-2021-10-28,https://engineeringnews.co.za/article/lower-pgm-gold-prices-result-in-5-yy-decrease-in-sibanyes-third-quarter-ebitda-2021-10-28,2021,Lower Pgm Gold Prices Result In 5 Yy Decrease In Sibanyes Third Quarter Ebitda,secondary_keyword_only_review,https://www.engineeringnews.co.za/article/lower-pgm-gold-prices-result-in-5-yy-decrease-in-sibanyes-third-quarter-ebitda-2021-10-28,retrieved_extracted,,2021-10-28,647,91ea52d9043cf1572bc94ef026dea26232060367f6fb218faa1241709a36e09e,0,5,,0,,0,0,,0,0,earnings_results;production_output,11,2,false,true,false,strong_routine_no_case_anchor,Routine corporate/financial/production article with no Marikana/Lonmin case anchor.,,,
SEC-MEDIA-0400,Engineering News,https://www.engineeringnews.co.za/article/mantashe-calls-on-police-minister-to-safeguard-carletonville-community-amid-sibanye-strike-2019-03-05,https://engineeringnews.co.za/article/mantashe-calls-on-police-minister-to-safeguard-carletonville-community-amid-sibanye-strike-2019-03-05,2019,Mantashe Calls On Police Minister To Safeguard Carletonville Community Amid Sibanye Strike,secondary_keyword_only_review,https://www.engineeringnews.co.za/article/mantashe-calls-on-police-minister-to-safeguard-carletonville-community-amid-sibanye-strike-2019-03-05,retrieved_extracted,,2019-03-05,511,05323115c38865e40a82c8cc63ed2634f70bbca11181b1661076822ec2eb7c16,0,3,,0,strike;worker_miner;police;shooting_death;wage;union,14,6,housing;community,6,2,earnings_results,2,1,false,false,true,sibanye_context_without_case_anchor_review,Sibanye appears with labour/social context but no Marikana/Lonmin anchor; review before exclusion.,,,
SEC-MEDIA-0401,Engineering News,https://www.engineeringnews.co.za/article/mantashe-calls-on-sibanye-to-resolve-ongoing-workers-strike-2018-11-30,https://engineeringnews.co.za/article/mantashe-calls-on-sibanye-to-resolve-ongoing-workers-strike-2018-11-30,2018,Mantashe Calls On Sibanye To Resolve Ongoing Workers Strike,secondary_keyword_only_review,https://www.engineeringnews.co.za/article/mantashe-calls-on-sibanye-to-resolve-ongoing-workers-strike-2018-11-30,retrieved_extracted,,2018-11-30,513,7ba3d421e0584696b3f7a8d48f813f42cbbd57b73b806e41d0298a0626104c4d,0,5,,0,strike;worker_miner;wage;union;protest_unrest,19,5,,0,0,earnings_results,2,1,false,false,true,sibanye_context_without_case_anchor_review,Sibanye appears with labour/social context but no Marikana/Lonmin anchor; review before exclusion.,,,
SEC-MEDIA-0402,Engineering News,https://www.engineeringnews.co.za/article/mantashe-meets-with-sibanye-unions-after-members-boo-ramaphosa-off-stage-on-workers-day-2022-05-04,https://engineeringnews.co.za/article/mantashe-meets-with-sibanye-unions-after-members-boo-ramaphosa-off-stage-on-workers-day-2022-05-04,2022,Mantashe Meets With Sibanye Unions After Members Boo Ramaphosa Off Stage On Workers Day,secondary_keyword_only_review,https://www.engineeringnews.co.za/article/mantashe-meets-with-sibanye-unions-after-members-boo-ramaphosa-off-stage-on-workers-day-2022-05-04,retrieved_extracted,,2022-05-04,767,8bf1db7609e9a99c0f7b97f0d3207f6be7e88b3a65b929c25fae4ee5a233b680,0,9,,0,strike;worker_miner;wage;union,32,4,,0,0,earnings_results;production_output,3,2,false,false,true,sibanye_context_without_case_anchor_review,Sibanye appears with labour/social context but no Marikana/Lonmin anchor; review before exclusion.,,,
SEC-MEDIA-0403,Engineering News,https://www.engineeringnews.co.za/article/mantashe-oliphant-welcome-end-to-sibanye-stillwater-gold-strike-2019-04-18,https://engineeringnews.co.za/article/mantashe-oliphant-welcome-end-to-sibanye-stillwater-gold-strike-2019-04-18,2019,Mantashe Oliphant Welcome End To Sibanye Stillwater Gold Strike,secondary_keyword_only_review,https://www.engineeringnews.co.za/article/mantashe-oliphant-welcome-end-to-sibanye-stillwater-gold-strike-2019-04-18,retrieved_extracted,,2019-04-18,519,ecf3942b4a750613a70911366a219e605a398865f29653ee7ca403d50d6ed84e,0,4,,0,strike;worker_miner;union;protest_unrest,8,4,community,1,1,earnings_results;production_output,3,2,false,false,true,sibanye_context_without_case_anchor_review,Sibanye appears with labour/social context but no Marikana/Lonmin anchor; review before exclusion.,,,
SEC-MEDIA-0404,Engineering News,https://www.engineeringnews.co.za/article/mantashe-to-receive-r1m-of-ppe-from-sibanye-stillwater-2020-05-05,https://engineeringnews.co.za/article/mantashe-to-receive-r1m-of-ppe-from-sibanye-stillwater-2020-05-05,2020,Mantashe To Receive R1M Of Ppe From Sibanye Stillwater,secondary_keyword_only_review,https://www.engineeringnews.co.za/article/mantashe-to-receive-r1m-of-ppe-from-sibanye-stillwater-2020-05-05,retrieved_extracted,,2020-05-05,586,18b412bc7d7e521c893f624b5a490fba89c651a583699dd55c82a077a5754c0b,0,5,,0,wage,1,1,community,1,1,earnings_results,2,1,false,false,false,sibanye_context_without_case_anchor_review,Sibanye appears with labour/social context but no Marikana/Lonmin anchor; review before exclusion.,,,
SEC-MEDIA-0405,Engineering News,https://www.engineeringnews.co.za/article/mantashe-urges-sibanye-stillwater-to-prioritise-health-safety-2018-05-04,https://engineeringnews.co.za/article/mantashe-urges-sibanye-stillwater-to-prioritise-health-safety-2018-05-04,2018,Mantashe Urges Sibanye Stillwater To Prioritise Health Safety,secondary_keyword_only_review,https://www.engineeringnews.co.za/article/mantashe-urges-sibanye-stillwater-to-prioritise-health-safety-2018-05-04,retrieved_extracted,,2018-05-04,516,c9b7283fcc6f72113a0a0baa2578a4c18eb4f034436989aecd1152b28c44aebf,0,3,,0,worker_miner,5,1,,0,0,earnings_results;production_output,3,2,false,false,false,ambiguous_secondary_review,Signals are insufficient for a defensible secondary-queue decision.,,,
SEC-MEDIA-0406,Engineering News,https://www.engineeringnews.co.za/article/maphai-to-succeed-moloko-as-sibanye-chairperson-2019-05-29,https://engineeringnews.co.za/article/maphai-to-succeed-moloko-as-sibanye-chairperson-2019-05-29,2019,Maphai To Succeed Moloko As Sibanye Chairperson,secondary_keyword_only_review,https://www.engineeringnews.co.za/article/maphai-to-succeed-moloko-as-sibanye-chairperson-2019-05-29,retrieved_extracted,,2019-05-29,518,580facacd09c1dbd0cb91b1e6e694b75a224a6677d9e16b1a10c3a0474a3ff14,2,6,,0,worker_miner,1,1,,0,0,earnings_results;transaction,5,2,false,false,false,lonmin_low_context_review,Lonmin occurs in the body but without enough case/labour/social context for a defensible decision.,,,
SEC-MEDIA-0407,Engineering News,https://www.engineeringnews.co.za/article/maphai-to-succeed-moloko-as-sibanye-chairperson-2019-06-07,https://engineeringnews.co.za/article/maphai-to-succeed-moloko-as-sibanye-chairperson-2019-06-07,2019,Maphai To Succeed Moloko As Sibanye Chairperson,secondary_keyword_only_review,https://www.engineeringnews.co.za/article/maphai-to-succeed-moloko-as-sibanye-chairperson-2019-06-07,retrieved_extracted,,2019-06-07,512,ef5a152057dd3d7c19dce0055593cb7871e9da997bb9f81835c697961f935ad1,2,6,,0,worker_miner,1,1,,0,0,earnings_results;transaction,5,2,false,false,false,lonmin_low_context_review,Lonmin occurs in the body but without enough case/labour/social context for a defensible decision.,,,
SEC-MEDIA-0408,Engineering News,https://www.engineeringnews.co.za/article/mathunjwa-confirms-platinum-strikers-holding-firm-to-wage-demands-2014-02-05,https://engineeringnews.co.za/article/mathunjwa-confirms-platinum-strikers-holding-firm-to-wage-demands-2014-02-05,2014,Mathunjwa Confirms Platinum Strikers Holding Firm To Wage Demands,secondary_keyword_only_review,https://www.engineeringnews.co.za/article/mathunjwa-confirms-platinum-strikers-holding-firm-to-wage-demands-2014-02-05,retrieved_extracted,,2014-02-05,811,7aadf8312090f969bc4a3c4532e71567dbeb682881befb0ed07605484f3a8a45,0,0,marikana,1,strike;worker_miner;police;shooting_death;wage;union;protest_unrest,46,7,housing;commission_inquiry,2,2,earnings_results;transaction,3,2,false,false,false,strong_case_context_supported,Body contains a high-specificity Marikana case term reinforced by labour/event/social/governance context.,,,
SEC-MEDIA-0409,Engineering News,https://www.engineeringnews.co.za/article/mathunjwa-to-address-imminent-deregistration-of-amcu-2019-04-26,https://engineeringnews.co.za/article/mathunjwa-to-address-imminent-deregistration-of-amcu-2019-04-26,2019,Mathunjwa To Address Imminent Deregistration Of Amcu,secondary_keyword_only_review,https://www.engineeringnews.co.za/article/mathunjwa-to-address-imminent-deregistration-of-amcu-2019-04-26,retrieved_extracted,,2019-04-26,487,12a7b7e3f7cfd5f5cc793039492863508c8f01a8b84cd311a43916ab470f0223,0,1,,0,strike;worker_miner;union,15,3,,0,0,earnings_results,2,1,false,false,true,sibanye_context_without_case_anchor_review,Sibanye appears with labour/social context but no Marikana/Lonmin anchor; review before exclusion.,,,
SEC-MEDIA-0410,Engineering News,https://www.engineeringnews.co.za/article/mdm-receives-order-to-execute-sibanye-golds-driefontein-dp2-cil-circuit-installation-plant-2014-04-23,https://engineeringnews.co.za/article/mdm-receives-order-to-execute-sibanye-golds-driefontein-dp2-cil-circuit-installation-plant-2014-04-23,2014,Mdm Receives Order To Execute Sibanye Golds Driefontein Dp2 Cil Circuit Installation Plant,secondary_keyword_only_review,https://www.engineeringnews.co.za/article/mdm-receives-order-to-execute-sibanye-golds-driefontein-dp2-cil-circuit-installation-plant-2014-04-23,retrieved_extracted,,2014-04-23,486,15b2c49f71908fdcbc5d9b54ea9948856f93e725892d03f616919efa036cfedf,0,6,,0,,0,0,,0,0,earnings_results;production_output;exploration_project,11,3,false,false,false,ambiguous_secondary_review,Signals are insufficient for a defensible secondary-queue decision.,,,
SEC-MEDIA-0411,Engineering News,https://www.engineeringnews.co.za/article/miner-killed-in-accident-at-sibanyes-driefontein-mine-2018-06-01,https://engineeringnews.co.za/article/miner-killed-in-accident-at-sibanyes-driefontein-mine-2018-06-01,2018,Miner Killed In Accident At Sibanyes Driefontein Mine,secondary_keyword_only_review,https://www.engineeringnews.co.za/article/miner-killed-in-accident-at-sibanyes-driefontein-mine-2018-06-01,retrieved_extracted,,2018-06-01,419,522cf4f796f10f194d2ef34c0e0685b1429c7dc6e5d07a1f4a37b01cdf20c09a,0,4,,0,worker_miner;shooting_death;union,8,3,,0,0,share_price;earnings_results,3,2,false,false,true,sibanye_context_without_case_anchor_review,Sibanye appears with labour/social context but no Marikana/Lonmin anchor; review before exclusion.,,,
SEC-MEDIA-0412,Engineering News,https://www.engineeringnews.co.za/article/minerals-council-sibanye-condemn-false-covid-19-reports-2020-03-23,https://engineeringnews.co.za/article/minerals-council-sibanye-condemn-false-covid-19-reports-2020-03-23,2020,Minerals Council Sibanye Condemn False Covid 19 Reports,secondary_keyword_only_review,https://www.engineeringnews.co.za/article/minerals-council-sibanye-condemn-false-covid-19-reports-2020-03-23,retrieved_extracted,,2020-03-23,542,f9dffc6fee424d109f67823c414268b5b51c573e9bcbde9e0f793f127f28ccdf,0,4,marikana,1,worker_miner,1,1,,0,0,earnings_results,2,1,false,false,false,case_term_low_context_review,A case term occurs but context is insufficient to distinguish substantive treatment from incidental/place/project use.,,,
SEC-MEDIA-0413,Engineering News,https://www.engineeringnews.co.za/article/minerals-exploration-sibanye-stillwater-structural-issues-make-headlines-2021-10-15,https://engineeringnews.co.za/article/minerals-exploration-sibanye-stillwater-structural-issues-make-headlines-2021-10-15,2021,Minerals Exploration Sibanye Stillwater Structural Issues Make Headlines,secondary_keyword_only_review,https://www.engineeringnews.co.za/article/minerals-exploration-sibanye-stillwater-structural-issues-make-headlines-2021-10-15,retrieved_extracted,,2021-10-15,334,3d5c9bbb3fe5c9099d168fb3f4aeed19c1db7aa603524d94f13e639e6d9e93f7,0,2,,0,,0,0,,0,0,earnings_results;exploration_project,4,2,false,false,false,ambiguous_secondary_review,Signals are insufficient for a defensible secondary-queue decision.,,,
SEC-MEDIA-0414,Engineering News,https://www.engineeringnews.co.za/article/mines-chief-inspector-compiling-report-on-sibanye-stillwater-accidents-mantashe-2018-06-18,https://engineeringnews.co.za/article/mines-chief-inspector-compiling-report-on-sibanye-stillwater-accidents-mantashe-2018-06-18,2018,Mines Chief Inspector Compiling Report On Sibanye Stillwater Accidents Mantashe,secondary_keyword_only_review,https://www.engineeringnews.co.za/article/mines-chief-inspector-compiling-report-on-sibanye-stillwater-accidents-mantashe-2018-06-18,retrieved_extracted,,2018-06-18,728,3629912ac4a7bd55b649a645cfa39b22abdc76aeb5bd719e29f7125adb78448d,0,3,,0,,0,0,justice_accountability,1,1,earnings_results,2,1,false,false,false,sibanye_context_without_case_anchor_review,Sibanye appears with labour/social context but no Marikana/Lonmin anchor; review before exclusion.,,,
SEC-MEDIA-0415,Engineering News,https://www.engineeringnews.co.za/article/mineworkers-held-back-at-thembelani-shaft-for-their-safety-sibanye-2019-04-30,https://engineeringnews.co.za/article/mineworkers-held-back-at-thembelani-shaft-for-their-safety-sibanye-2019-04-30,2019,Mineworkers Held Back At Thembelani Shaft For Their Safety Sibanye,secondary_keyword_only_review,https://www.engineeringnews.co.za/article/mineworkers-held-back-at-thembelani-shaft-for-their-safety-sibanye-2019-04-30,retrieved_extracted,,2019-04-30,503,58bb1e842eb84c1c48e3a8903d9598649f40e0f8457f9ca551c2a037f45d3071,0,3,,0,worker_miner;union,11,2,,0,0,earnings_results;exploration_project,9,2,false,false,false,sibanye_context_without_case_anchor_review,Sibanye appears with labour/social context but no Marikana/Lonmin anchor; review before exclusion.,,,
SEC-MEDIA-0416,Engineering News,https://www.engineeringnews.co.za/article/mining-companies-meet-with-amcu-over-new-demands-2014-06-19,https://engineeringnews.co.za/article/mining-companies-meet-with-amcu-over-new-demands-2014-06-19,2014,Mining Companies Meet With Amcu Over New Demands,secondary_keyword_only_review,https://www.engineeringnews.co.za/article/mining-companies-meet-with-amcu-over-new-demands-2014-06-19,retrieved_extracted,,2014-06-19,480,444c915aba9bf6bd9696053606f9f26ed201beab07d020a079306f327ba3ba34,1,0,,0,strike;worker_miner;wage;union,16,4,housing,1,1,earnings_results,3,1,false,false,true,possible_lonmin_substantive_context,Lonmin appears with labour/event/social/governance signals; direct substantive review is required.,,,
SEC-MEDIA-0417,Engineering News,https://www.engineeringnews.co.za/article/mining-companies-reviewing-amcu-response-to-wage-offer-2014-06-17,https://engineeringnews.co.za/article/mining-companies-reviewing-amcu-response-to-wage-offer-2014-06-17,2014,Mining Companies Reviewing Amcu Response To Wage Offer,secondary_keyword_only_review,https://www.engineeringnews.co.za/article/mining-companies-reviewing-amcu-response-to-wage-offer-2014-06-17,retrieved_extracted,,2014-06-17,491,4ec02f22c387005b76a2274eb661c3cda7d040031ea371a8e18797aa315b2890,1,0,,0,strike;worker_miner;wage;union,17,4,,0,0,earnings_results,2,1,false,false,true,possible_lonmin_substantive_context,Lonmin appears with labour/event/social/governance signals; direct substantive review is required.,,,
SEC-MEDIA-0418,Engineering News,https://www.engineeringnews.co.za/article/mining-production-down-47-as-platinum-strike-continues-2014-05-13,https://engineeringnews.co.za/article/mining-production-down-47-as-platinum-strike-continues-2014-05-13,2014,Mining Production Down 47 As Platinum Strike Continues,secondary_keyword_only_review,https://www.engineeringnews.co.za/article/mining-production-down-47-as-platinum-strike-continues-2014-05-13,retrieved_extracted,,2014-05-13,943,5b089e3ac01c2c14e851efb6aa162a9f6c4561b8d93f6c860e3022ced2f22720,0,0,,0,strike;protest_unrest,6,2,,0,0,earnings_results;production_output,14,2,false,true,true,no_case_anchor,"Extracted article text contains no Marikana, Lonmin or Sibanye anchor.",,,
SEC-MEDIA-0419,Engineering News,https://www.engineeringnews.co.za/article/mining-production-up-02-yy-79-mm-despite-ongoing-platinum-strike-2014-06-12,https://engineeringnews.co.za/article/mining-production-up-02-yy-79-mm-despite-ongoing-platinum-strike-2014-06-12,2014,Mining Production Up 02 Yy 79 Mm Despite Ongoing Platinum Strike,secondary_keyword_only_review,https://www.engineeringnews.co.za/article/mining-production-up-02-yy-79-mm-despite-ongoing-platinum-strike-2014-06-12,retrieved_extracted,,2014-06-12,792,16334855749c541dc7c43007ac90aa8687e7f5deaefd810ef622735cdb943d9b,0,0,,0,strike;protest_unrest,6,2,,0,0,earnings_results;production_output,12,2,false,true,true,no_case_anchor,"Extracted article text contains no Marikana, Lonmin or Sibanye anchor.",,,
SEC-MEDIA-0420,Engineering News,https://www.engineeringnews.co.za/article/mining-technology-gets-boost-from-new-wits-sibanye-partnership-2017-11-09,https://engineeringnews.co.za/article/mining-technology-gets-boost-from-new-wits-sibanye-partnership-2017-11-09,2017,Mining Technology Gets Boost From New Wits Sibanye Partnership,secondary_keyword_only_review,https://www.engineeringnews.co.za/article/mining-technology-gets-boost-from-new-wits-sibanye-partnership-2017-11-09,retrieved_extracted,,2017-11-09,770,501594b70c08e721494f9fa646c3e04d29ea7d560bd75282d138773a1190f220,0,7,,0,,0,0,,0,0,earnings_results;exploration_project,3,2,false,false,false,ambiguous_secondary_review,Signals are insufficient for a defensible secondary-queue decision.,,,
SEC-MEDIA-0421,Engineering News,https://www.engineeringnews.co.za/article/mining-technology-gets-boost-from-new-wits-sibanye-partnership-2017-11-17,https://engineeringnews.co.za/article/mining-technology-gets-boost-from-new-wits-sibanye-partnership-2017-11-17,2017,Mining Technology Gets Boost From New Wits Sibanye Partnership,secondary_keyword_only_review,https://www.engineeringnews.co.za/article/mining-technology-gets-boost-from-new-wits-sibanye-partnership-2017-11-17,retrieved_extracted,,2017-11-17,731,81a9dec58b2d2df700eb62feb487b253d9f06ea42c353ed5c076ee8f6a8d0c5c,0,6,,0,,0,0,,0,0,earnings_results;exploration_project,3,2,false,false,false,ambiguous_secondary_review,Signals are insufficient for a defensible secondary-queue decision.,,,
SEC-MEDIA-0422,Engineering News,https://www.engineeringnews.co.za/article/mining-unions-prepare-for-massive-strike-at-sibanyes-gold-operations-2022-02-24,https://engineeringnews.co.za/article/mining-unions-prepare-for-massive-strike-at-sibanyes-gold-operations-2022-02-24,2022,Mining Unions Prepare For Massive Strike At Sibanyes Gold Operations,secondary_keyword_only_review,https://www.engineeringnews.co.za/article/mining-unions-prepare-for-massive-strike-at-sibanyes-gold-operations-2022-02-24,retrieved_extracted,,2022-02-24,534,26490ff8d55adf1d62daa46962a55063851d919bbc89d858afd53c8e8a3cb9bd,0,6,,0,strike;worker_miner;wage;union,22,4,commission_inquiry,1,1,earnings_results;commodity_market,3,2,false,false,true,sibanye_context_without_case_anchor_review,Sibanye appears with labour/social context but no Marikana/Lonmin anchor; review before exclusion.,,,
SEC-MEDIA-0423,Engineering News,https://www.engineeringnews.co.za/article/minings-whos-who-leave-amcu-out-to-dry-as-accord-is-signed-2013-07-03,https://engineeringnews.co.za/article/minings-whos-who-leave-amcu-out-to-dry-as-accord-is-signed-2013-07-03,2013,Minings Whos Who Leave Amcu Out To Dry As Accord Is Signed,secondary_keyword_only_review,https://www.engineeringnews.co.za/article/minings-whos-who-leave-amcu-out-to-dry-as-accord-is-signed-2013-07-03,retrieved_extracted,,2013-07-03,4374,b1e3b9e51e20fca5693c08efa5d1ce4ff3202dbbf5804eae3c7f48345495572e,0,0,,0,strike;worker_miner;police;wage;union;protest_unrest,82,6,housing;community;justice_accountability,11,3,share_price;earnings_results;production_output;funding_debt;transaction;commodity_market,11,6,false,false,true,no_case_anchor,"Extracted article text contains no Marikana, Lonmin or Sibanye anchor.",,,
SEC-MEDIA-0424,Engineering News,https://www.engineeringnews.co.za/article/minister-pleads-for-resolution-at-mondays-platinum-strike-meeting-2014-06-09,https://engineeringnews.co.za/article/minister-pleads-for-resolution-at-mondays-platinum-strike-meeting-2014-06-09,2014,Minister Pleads For Resolution At Mondays Platinum Strike Meeting,secondary_keyword_only_review,https://www.engineeringnews.co.za/article/minister-pleads-for-resolution-at-mondays-platinum-strike-meeting-2014-06-09,retrieved_extracted,,2014-06-09,672,3f2fc35c4d7ba107976d6daeb2aa5f1b30ba51789884fcd60798a527df03f020,1,0,,0,strike;worker_miner;wage;union,12,4,,0,0,earnings_results,2,1,false,false,true,possible_lonmin_substantive_context,Lonmin appears with labour/event/social/governance signals; direct substantive review is required.,,,
SEC-MEDIA-0425,Engineering News,https://www.engineeringnews.co.za/article/minister-sets-up-technical-team-to-resolve-platinum-strike-2014-05-28,https://engineeringnews.co.za/article/minister-sets-up-technical-team-to-resolve-platinum-strike-2014-05-28,2014,Minister Sets Up Technical Team To Resolve Platinum Strike,secondary_keyword_only_review,https://www.engineeringnews.co.za/article/minister-sets-up-technical-team-to-resolve-platinum-strike-2014-05-28,retrieved_extracted,,2014-05-28,562,041bd4809716dffd226ebb0d6dc668c60d3abeb6e325927aa83ec34313fb5f1a,1,0,,0,strike;worker_miner;wage;union,11,4,,0,0,earnings_results,2,1,false,false,true,possible_lonmin_substantive_context,Lonmin appears with labour/event/social/governance signals; direct substantive review is required.,,,
SEC-MEDIA-0426,Engineering News,https://www.engineeringnews.co.za/article/moodys-reaffirms-sibanyes-credit-rating-2018-07-06,https://engineeringnews.co.za/article/moodys-reaffirms-sibanyes-credit-rating-2018-07-06,2018,Moodys Reaffirms Sibanyes Credit Rating,secondary_keyword_only_review,https://www.engineeringnews.co.za/article/moodys-reaffirms-sibanyes-credit-rating-2018-07-06,retrieved_extracted,,2018-07-06,345,df8e99fea3cffd9faaa930b4952a3d9a1e5733ad3a80a9e8dd82b6767330e220,0,3,,0,,0,0,,0,0,earnings_results;production_output;funding_debt,4,3,false,false,false,ambiguous_secondary_review,Signals are insufficient for a defensible secondary-queue decision.,,,
SEC-MEDIA-0427,Engineering News,https://www.engineeringnews.co.za/article/moodys-upgrades-sibanye-stillwaters-credit-rating-2022-05-03,https://engineeringnews.co.za/article/moodys-upgrades-sibanye-stillwaters-credit-rating-2022-05-03,2022,Moodys Upgrades Sibanye Stillwaters Credit Rating,secondary_keyword_only_review,https://www.engineeringnews.co.za/article/moodys-upgrades-sibanye-stillwaters-credit-rating-2022-05-03,retrieved_extracted,,2022-05-03,453,8b1f6e47d04ae37db7fe687c51366687f84926faaebb07d5211e277f86f12420,0,5,,0,worker_miner,2,1,,0,0,share_price;earnings_results;funding_debt;commodity_market,7,4,false,false,false,ambiguous_secondary_review,Signals are insufficient for a defensible secondary-queue decision.,,,
SEC-MEDIA-0428,Engineering News,https://www.engineeringnews.co.za/article/nearly-a-quarter-of-sibanyes-south-african-employees-now-vaccinated-2021-07-29,https://engineeringnews.co.za/article/nearly-a-quarter-of-sibanyes-south-african-employees-now-vaccinated-2021-07-29,2021,Nearly A Quarter Of Sibanyes South African Employees Now Vaccinated,secondary_keyword_only_review,https://www.engineeringnews.co.za/article/nearly-a-quarter-of-sibanyes-south-african-employees-now-vaccinated-2021-07-29,retrieved_extracted,,2021-07-29,408,69a0f9e81bef93722456f95767821c0d12892d80667b52c476a6e801e86b9889,0,4,marikana,1,,0,0,community,1,1,earnings_results,2,1,false,false,false,strong_case_context_supported,Body contains a high-specificity Marikana case term reinforced by labour/event/social/governance context.,,,
SEC-MEDIA-0429,Engineering News,https://www.engineeringnews.co.za/article/nedlac-wants-platinum-strike-resolved-2014-05-19,https://engineeringnews.co.za/article/nedlac-wants-platinum-strike-resolved-2014-05-19,2014,Nedlac Wants Platinum Strike Resolved,secondary_keyword_only_review,https://www.engineeringnews.co.za/article/nedlac-wants-platinum-strike-resolved-2014-05-19,retrieved_extracted,,2014-05-19,603,f4bb146a32841aad7dd9cd7643e50ad17d0917111bc8eca14c14d80904e44a1f,1,0,marikana,1,strike;worker_miner;wage;union,13,4,,0,0,earnings_results,4,1,false,false,true,strong_case_context_supported,Body contains a high-specificity Marikana case term reinforced by labour/event/social/governance context.,,,
SEC-MEDIA-0430,Engineering News,https://www.engineeringnews.co.za/article/new-fund-approved-by-sibanye-to-foster-rd-2022-04-22,https://engineeringnews.co.za/article/new-fund-approved-by-sibanye-to-foster-rd-2022-04-22,2022,New Fund Approved By Sibanye To Foster Rd,secondary_keyword_only_review,https://www.engineeringnews.co.za/article/new-fund-approved-by-sibanye-to-foster-rd-2022-04-22,retrieved_extracted,,2022-04-22,892,81dba8835ef0164805b54cb73ea13408dac4ecf27d0282777bc4d39cba94f0a7,0,11,,0,worker_miner;wage,2,2,,0,0,earnings_results;production_output;funding_debt;transaction;exploration_project;commodity_market,12,6,false,false,false,sibanye_context_without_case_anchor_review,Sibanye appears with labour/social context but no Marikana/Lonmin anchor; review before exclusion.,,,
SEC-MEDIA-0431,Engineering News,https://www.engineeringnews.co.za/article/new-horizons-for-uranium-as-a-green-metal-sibanye-stillwater-2021-09-10,https://engineeringnews.co.za/article/new-horizons-for-uranium-as-a-green-metal-sibanye-stillwater-2021-09-10,2021,New Horizons For Uranium As A Green Metal Sibanye Stillwater,secondary_keyword_only_review,https://www.engineeringnews.co.za/article/new-horizons-for-uranium-as-a-green-metal-sibanye-stillwater-2021-09-10,retrieved_extracted,,2021-09-10,825,b9599515356db7ea00c0f6981eff491e4d7e991dc1ee2b1ebe47cd1a97d5af83,0,6,,0,shooting_death,1,1,,0,0,earnings_results;transaction;dividend_rights;exploration_project;commodity_market,10,5,false,false,false,ambiguous_secondary_review,Signals are insufficient for a defensible secondary-queue decision.,,,
SEC-MEDIA-0432,Engineering News,https://www.engineeringnews.co.za/article/new-positive-wind-blowing-through-south-african-mining-sibanye-2016-07-28,https://engineeringnews.co.za/article/new-positive-wind-blowing-through-south-african-mining-sibanye-2016-07-28,2016,New Positive Wind Blowing Through South African Mining Sibanye,secondary_keyword_only_review,https://www.engineeringnews.co.za/article/new-positive-wind-blowing-through-south-african-mining-sibanye-2016-07-28,retrieved_extracted,,2016-07-28,867,7cfc5046316677408880a3c2d934365716376f89866871de965a4ba6e45cf164,0,9,,0,wage,1,1,,0,0,share_price;earnings_results;production_output;transaction;dividend_rights;exploration_project,23,6,false,false,false,ambiguous_secondary_review,Signals are insufficient for a defensible secondary-queue decision.,,,
SEC-MEDIA-0433,Engineering News,https://www.engineeringnews.co.za/article/new-positive-wind-blowing-through-south-african-mining-sibanye-2016-08-12,https://engineeringnews.co.za/article/new-positive-wind-blowing-through-south-african-mining-sibanye-2016-08-12,2016,New Positive Wind Blowing Through South African Mining Sibanye,secondary_keyword_only_review,https://www.engineeringnews.co.za/article/new-positive-wind-blowing-through-south-african-mining-sibanye-2016-08-12,retrieved_extracted,,2016-08-12,864,aabe103adf05d5d8dccf07e5a0bd42978205e434f2cfa6bd5f6f761e86d0b10a,0,9,,0,wage,1,1,,0,0,share_price;earnings_results;production_output;transaction;dividend_rights;exploration_project,23,6,false,false,false,ambiguous_secondary_review,Signals are insufficient for a defensible secondary-queue decision.,,,
SEC-MEDIA-0434,Engineering News,https://www.engineeringnews.co.za/article/new-york-court-dismisses-class-action-against-sibanye-stillwater-2020-11-12,https://engineeringnews.co.za/article/new-york-court-dismisses-class-action-against-sibanye-stillwater-2020-11-12,2020,New York Court Dismisses Class Action Against Sibanye Stillwater,secondary_keyword_only_review,https://www.engineeringnews.co.za/article/new-york-court-dismisses-class-action-against-sibanye-stillwater-2020-11-12,retrieved_extracted,,2020-11-12,618,2c08e49bdc481c323449b3ad44cb97bc4c888cdf18554a6d7dad243d2c11f5ac,0,4,,0,,0,0,justice_accountability,1,1,earnings_results,2,1,false,false,false,sibanye_context_without_case_anchor_review,Sibanye appears with labour/social context but no Marikana/Lonmin anchor; review before exclusion.,,,
SEC-MEDIA-0435,Engineering News,https://www.engineeringnews.co.za/article/new-york-court-dismisses-class-action-against-sibanye-stillwater-2020-11-27,https://engineeringnews.co.za/article/new-york-court-dismisses-class-action-against-sibanye-stillwater-2020-11-27,2020,New York Court Dismisses Class Action Against Sibanye Stillwater,secondary_keyword_only_review,https://www.engineeringnews.co.za/article/new-york-court-dismisses-class-action-against-sibanye-stillwater-2020-11-27,retrieved_extracted,,2020-11-27,588,49ab17feb52194799f7809451fab0f04d0e61db7eab07e7af90ff81f6d84723b,0,4,,0,,0,0,justice_accountability,1,1,earnings_results,2,1,false,false,false,sibanye_context_without_case_anchor_review,Sibanye appears with labour/social context but no Marikana/Lonmin anchor; review before exclusion.,,,
SEC-MEDIA-0436,Engineering News,https://www.engineeringnews.co.za/article/niron-metals-sibanye-stillwater-and-barrick-gold-make-headlines-2019-02-27,https://engineeringnews.co.za/article/niron-metals-sibanye-stillwater-and-barrick-gold-make-headlines-2019-02-27,2019,Niron Metals Sibanye Stillwater And Barrick Gold Make Headlines,secondary_keyword_only_review,https://www.engineeringnews.co.za/article/niron-metals-sibanye-stillwater-and-barrick-gold-make-headlines-2019-02-27,retrieved_extracted,,2019-02-27,336,fdbef80aa29e5f2a17edc073d9c60ac12cbdde0b0fba2231ca58642c3c6c107e,0,3,,0,,0,0,,0,0,earnings_results;transaction,3,2,false,false,false,ambiguous_secondary_review,Signals are insufficient for a defensible secondary-queue decision.,,,
SEC-MEDIA-0437,Engineering News,https://www.engineeringnews.co.za/article/no-current-negotiations-after-amcu-members-resoundingly-rejected-latest-offer-mathunjwa-2014-05-05,https://engineeringnews.co.za/article/no-current-negotiations-after-amcu-members-resoundingly-rejected-latest-offer-mathunjwa-2014-05-05,2014,No Current Negotiations After Amcu Members Resoundingly Rejected Latest Offer Mathunjwa,secondary_keyword_only_review,https://www.engineeringnews.co.za/article/no-current-negotiations-after-amcu-members-resoundingly-rejected-latest-offer-mathunjwa-2014-05-05,retrieved_extracted,,2014-05-05,1389,e8a66bbdfc3c68fdd2cf301fdc8a737974e7fba31585055945c3bd12875be034,2,0,,0,strike;worker_miner;wage;union,59,4,community,1,1,earnings_results,3,1,false,false,true,possible_lonmin_substantive_context,Lonmin appears with labour/event/social/governance signals; direct substantive review is required.,,,
SEC-MEDIA-0438,Engineering News,https://www.engineeringnews.co.za/article/no-need-for-forced-retrenchments-at-amplats-if-contract-labour-terminated-amcu-2013-10-07,https://engineeringnews.co.za/article/no-need-for-forced-retrenchments-at-amplats-if-contract-labour-terminated-amcu-2013-10-07,2013,No Need For Forced Retrenchments At Amplats If Contract Labour Terminated Amcu,secondary_keyword_only_review,https://www.engineeringnews.co.za/article/no-need-for-forced-retrenchments-at-amplats-if-contract-labour-terminated-amcu-2013-10-07,retrieved_extracted,,2013-10-07,1020,47fc278567ddfe3422eeadfea17686cfe82b89eff65ba4868084ae0cdb2cbab4,0,0,,0,strike;worker_miner;union;protest_unrest,34,4,,0,0,earnings_results;production_output,3,2,false,false,true,no_case_anchor,"Extracted article text contains no Marikana, Lonmin or Sibanye anchor.",,,
SEC-MEDIA-0439,Engineering News,https://www.engineeringnews.co.za/article/no-need-to-go-deeper-to-grow-sibanye-gold-ceo-2013-02-11,https://engineeringnews.co.za/article/no-need-to-go-deeper-to-grow-sibanye-gold-ceo-2013-02-11,2013,No Need To Go Deeper To Grow Sibanye Gold Ceo,secondary_keyword_only_review,https://www.engineeringnews.co.za/article/no-need-to-go-deeper-to-grow-sibanye-gold-ceo-2013-02-11,retrieved_extracted,,2013-02-11,1298,c6ae3b346df60388d0cb82d26a93c6fa1d88ca90b0d1a89dae73368bf8948131,0,14,,0,strike;worker_miner;union;protest_unrest,8,4,,0,0,share_price;earnings_results;production_output;exploration_project;commodity_market,16,5,false,false,false,sibanye_context_without_case_anchor_review,Sibanye appears with labour/social context but no Marikana/Lonmin anchor; review before exclusion.,,,
SEC-MEDIA-0440,Engineering News,https://www.engineeringnews.co.za/article/no-need-to-go-deeper-to-grow-sibanye-gold-ceo-2013-02-22,https://engineeringnews.co.za/article/no-need-to-go-deeper-to-grow-sibanye-gold-ceo-2013-02-22,2013,No Need To Go Deeper To Grow Sibanye Gold Ceo,secondary_keyword_only_review,https://www.engineeringnews.co.za/article/no-need-to-go-deeper-to-grow-sibanye-gold-ceo-2013-02-22,retrieved_extracted,,2013-02-22,1249,dd0e6ee39dbd29e038a00ce8a2aa851a10e0161852b7ac5561c50e6baea4dbbd,0,13,,0,strike;worker_miner;union;protest_unrest,8,4,,0,0,share_price;earnings_results;production_output;exploration_project;commodity_market,17,5,false,false,false,sibanye_context_without_case_anchor_review,Sibanye appears with labour/social context but no Marikana/Lonmin anchor; review before exclusion.,,,
SEC-MEDIA-0441,Engineering News,https://www.engineeringnews.co.za/article/northam-platinum-strike-continues-2013-11-19,https://engineeringnews.co.za/article/northam-platinum-strike-continues-2013-11-19,2013,Northam Platinum Strike Continues,secondary_keyword_only_review,https://www.engineeringnews.co.za/article/northam-platinum-strike-continues-2013-11-19,retrieved_extracted,,2013-11-19,608,4d19cf59c5c0b64c46c9ed2e431668c7f1eb20c181b88e83a1a7ad11dda95739,0,0,,0,strike;worker_miner;wage;union,19,4,commission_inquiry,1,1,earnings_results,2,1,false,false,true,no_case_anchor,"Extracted article text contains no Marikana, Lonmin or Sibanye anchor.",,,
SEC-MEDIA-0442,Engineering News,https://www.engineeringnews.co.za/article/nothing-comes-before-safe-production-sibanye-stillwater-2018-08-23,https://engineeringnews.co.za/article/nothing-comes-before-safe-production-sibanye-stillwater-2018-08-23,2018,Nothing Comes Before Safe Production Sibanye Stillwater,secondary_keyword_only_review,https://www.engineeringnews.co.za/article/nothing-comes-before-safe-production-sibanye-stillwater-2018-08-23,retrieved_extracted,,2018-08-23,1380,386c19a4f19266b8ae0a3ac1aaf0c2b6bf68428b5eafc38071a30a7ebf7cd00f,1,10,,0,union,1,1,housing;community,4,2,earnings_results;production_output;exploration_project,22,3,false,true,false,possible_lonmin_substantive_context,Lonmin appears with labour/event/social/governance signals; direct substantive review is required.,,,
SEC-MEDIA-0443,Engineering News,https://www.engineeringnews.co.za/article/nothing-comes-before-safe-production-sibanye-stillwater-2018-08-31,https://engineeringnews.co.za/article/nothing-comes-before-safe-production-sibanye-stillwater-2018-08-31,2018,Nothing Comes Before Safe Production Sibanye Stillwater,secondary_keyword_only_review,https://www.engineeringnews.co.za/article/nothing-comes-before-safe-production-sibanye-stillwater-2018-08-31,retrieved_extracted,,2018-08-31,1368,204caac3769d5ebf615de527606475b44def3b4f1a46e52f9ce616177194a55b,1,10,,0,union,1,1,housing;community,4,2,earnings_results;production_output;exploration_project,22,3,false,true,false,possible_lonmin_substantive_context,Lonmin appears with labour/event/social/governance signals; direct substantive review is required.,,,
SEC-MEDIA-0444,Engineering News,https://www.engineeringnews.co.za/article/now-us-shareholders-give-nod-to-sibanye-deal-2017-04-26,https://engineeringnews.co.za/article/now-us-shareholders-give-nod-to-sibanye-deal-2017-04-26,2017,Now Us Shareholders Give Nod To Sibanye Deal,secondary_keyword_only_review,https://www.engineeringnews.co.za/article/now-us-shareholders-give-nod-to-sibanye-deal-2017-04-26,retrieved_extracted,,2017-04-26,894,1e1adc12049f98ffec425e78ce0a144f373342a4d131543582374371dfe27c37,0,9,,0,,0,0,,0,0,share_price;earnings_results;production_output;transaction;exploration_project;commodity_market,21,6,false,false,false,ambiguous_secondary_review,Signals are insufficient for a defensible secondary-queue decision.,,,
SEC-MEDIA-0445,Engineering News,https://www.engineeringnews.co.za/article/num-amcu-call-for-proper-regulation-and-safety-measures-for-mineworkers-2020-04-21,https://engineeringnews.co.za/article/num-amcu-call-for-proper-regulation-and-safety-measures-for-mineworkers-2020-04-21,2020,Num Amcu Call For Proper Regulation And Safety Measures For Mineworkers,secondary_keyword_only_review,https://www.engineeringnews.co.za/article/num-amcu-call-for-proper-regulation-and-safety-measures-for-mineworkers-2020-04-21,retrieved_extracted,,2020-04-21,539,f494a28c1eff9eb24f1cc64cf49bdaad497ebf154ab5a678710d7512f54311b6,0,0,,0,worker_miner;union,14,2,,0,0,earnings_results;production_output,3,2,false,false,true,no_case_anchor,"Extracted article text contains no Marikana, Lonmin or Sibanye anchor.",,,
SEC-MEDIA-0446,Engineering News,https://www.engineeringnews.co.za/article/num-amcu-march-to-jse-suspended-2022-04-22,https://engineeringnews.co.za/article/num-amcu-march-to-jse-suspended-2022-04-22,2022,Num Amcu March To Jse Suspended,secondary_keyword_only_review,https://www.engineeringnews.co.za/article/num-amcu-march-to-jse-suspended-2022-04-22,retrieved_extracted,,2022-04-22,662,78ae18ace474b69cad0da78b14c10184a502a76b4db743c253d910b0aa771730,0,6,,0,strike;worker_miner;wage;union,20,4,,0,0,earnings_results;production_output,3,2,false,false,true,sibanye_context_without_case_anchor_review,Sibanye appears with labour/social context but no Marikana/Lonmin anchor; review before exclusion.,,,
SEC-MEDIA-0447,Engineering News,https://www.engineeringnews.co.za/article/num-amcu-to-march-to-jse-in-sibanye-wage-dispute-2022-04-21,https://engineeringnews.co.za/article/num-amcu-to-march-to-jse-in-sibanye-wage-dispute-2022-04-21,2022,Num Amcu To March To Jse In Sibanye Wage Dispute,secondary_keyword_only_review,https://www.engineeringnews.co.za/article/num-amcu-to-march-to-jse-in-sibanye-wage-dispute-2022-04-21,retrieved_extracted,,2022-04-21,455,abc374ee525ab265d13a6fb7be18ad8d22b0d001bfa5bf28b30d8a029247899a,0,5,,0,strike;worker_miner;wage;union,23,4,,0,0,earnings_results,2,1,false,false,true,sibanye_context_without_case_anchor_review,Sibanye appears with labour/social context but no Marikana/Lonmin anchor; review before exclusion.,,,
SEC-MEDIA-0448,Engineering News,https://www.engineeringnews.co.za/article/num-amcu-to-ramp-up-sibanye-gold-strike-down-tools-at-affiliated-platinum-mines-2022-04-12,https://engineeringnews.co.za/article/num-amcu-to-ramp-up-sibanye-gold-strike-down-tools-at-affiliated-platinum-mines-2022-04-12,2022,Num Amcu To Ramp Up Sibanye Gold Strike Down Tools At Affiliated Platinum Mines,secondary_keyword_only_review,https://www.engineeringnews.co.za/article/num-amcu-to-ramp-up-sibanye-gold-strike-down-tools-at-affiliated-platinum-mines-2022-04-12,retrieved_extracted,,2022-04-12,713,279c7655c812f06709d604536fee1ba53c6a368541e38ff87bd56945e98c381c,0,10,marikana,1,strike;worker_miner;wage;union;protest_unrest,49,5,housing,1,1,earnings_results,2,1,false,false,true,strong_case_context_supported,Body contains a high-specificity Marikana case term reinforced by labour/event/social/governance context.,,,
SEC-MEDIA-0449,Engineering News,https://www.engineeringnews.co.za/article/num-calls-for-sibanyes-gold-mining-rights-to-be-revoked-2022-05-23,https://engineeringnews.co.za/article/num-calls-for-sibanyes-gold-mining-rights-to-be-revoked-2022-05-23,2022,Num Calls For Sibanyes Gold Mining Rights To Be Revoked,secondary_keyword_only_review,https://www.engineeringnews.co.za/article/num-calls-for-sibanyes-gold-mining-rights-to-be-revoked-2022-05-23,retrieved_extracted,,2022-05-23,841,2da8077552fcad98f2fb48bb311cef2c036b4f40c036ab291509daf12cd6e306,0,9,,0,strike;worker_miner;wage;union,24,4,,0,0,earnings_results;production_output,4,2,false,false,true,sibanye_context_without_case_anchor_review,Sibanye appears with labour/social context but no Marikana/Lonmin anchor; review before exclusion.,,,
SEC-MEDIA-0450,Engineering News,https://www.engineeringnews.co.za/article/num-demands-arrests-of-perpetrators-of-violence-at-sibanye-stillwater-2019-04-04,https://engineeringnews.co.za/article/num-demands-arrests-of-perpetrators-of-violence-at-sibanye-stillwater-2019-04-04,2019,Num Demands Arrests Of Perpetrators Of Violence At Sibanye Stillwater,secondary_keyword_only_review,https://www.engineeringnews.co.za/article/num-demands-arrests-of-perpetrators-of-violence-at-sibanye-stillwater-2019-04-04,retrieved_extracted,,2019-04-04,545,3346e06f2b07375de426982630a11b2167013c4905c89c515e26e1f87fcc9bc2,0,4,,0,strike;worker_miner;police;shooting_death;wage;union;protest_unrest,27,7,housing,2,1,earnings_results,2,1,false,false,true,sibanye_context_without_case_anchor_review,Sibanye appears with labour/social context but no Marikana/Lonmin anchor; review before exclusion.,,,
SEC-MEDIA-0451,Engineering News,https://www.engineeringnews.co.za/article/num-demands-immediate-removal-of-froneman-as-sibanye-ceo-2022-03-11,https://engineeringnews.co.za/article/num-demands-immediate-removal-of-froneman-as-sibanye-ceo-2022-03-11,2022,Num Demands Immediate Removal Of Froneman As Sibanye Ceo,secondary_keyword_only_review,https://www.engineeringnews.co.za/article/num-demands-immediate-removal-of-froneman-as-sibanye-ceo-2022-03-11,retrieved_extracted,,2022-03-11,622,7369fdfa7e445ea26869b9f2ecfce65fc5e72f4879df60cc136e4eba7e1bf777,1,7,,0,strike;worker_miner;wage;union,21,4,,0,0,earnings_results,2,1,false,false,true,possible_lonmin_substantive_context,Lonmin appears with labour/event/social/governance signals; direct substantive review is required.,,,
SEC-MEDIA-0452,Engineering News,https://www.engineeringnews.co.za/article/num-lambastes-sibanyes-legal-bid-against-dmr-over-section-54-stoppages-2017-01-30,https://engineeringnews.co.za/article/num-lambastes-sibanyes-legal-bid-against-dmr-over-section-54-stoppages-2017-01-30,2017,Num Lambastes Sibanyes Legal Bid Against Dmr Over Section 54 Stoppages,secondary_keyword_only_review,https://www.engineeringnews.co.za/article/num-lambastes-sibanyes-legal-bid-against-dmr-over-section-54-stoppages-2017-01-30,retrieved_extracted,,2017-01-30,606,fcfe37ec3b3c026b4487fa9df96755d033e7cc689ec2ef7965654459f11c52ca,0,3,,0,worker_miner;union,6,2,justice_accountability,1,1,earnings_results;transaction,3,2,false,false,true,sibanye_context_without_case_anchor_review,Sibanye appears with labour/social context but no Marikana/Lonmin anchor; review before exclusion.,,,
SEC-MEDIA-0453,Engineering News,https://www.engineeringnews.co.za/article/num-member-dies-after-attack-at-sibanyes-cooke-operation-2016-10-06,https://engineeringnews.co.za/article/num-member-dies-after-attack-at-sibanyes-cooke-operation-2016-10-06,2016,Num Member Dies After Attack At Sibanyes Cooke Operation,secondary_keyword_only_review,https://www.engineeringnews.co.za/article/num-member-dies-after-attack-at-sibanyes-cooke-operation-2016-10-06,retrieved_extracted,,2016-10-06,709,e9808abad919a739138159802bdc99d3620cd1fa9c48af27b5b7316c95624d3f,0,7,,0,worker_miner;police;shooting_death;union;protest_unrest,25,5,commission_inquiry,1,1,earnings_results,2,1,false,false,true,sibanye_context_without_case_anchor_review,Sibanye appears with labour/social context but no Marikana/Lonmin anchor; review before exclusion.,,,
SEC-MEDIA-0454,Engineering News,https://www.engineeringnews.co.za/article/num-plans-sibanye-protest-march-2015-03-24,https://engineeringnews.co.za/article/num-plans-sibanye-protest-march-2015-03-24,2015,Num Plans Sibanye Protest March,secondary_keyword_only_review,https://www.engineeringnews.co.za/article/num-plans-sibanye-protest-march-2015-03-24,retrieved_extracted,,2015-03-24,569,3bb08e3fb5fb1b67401855e6401e45b1bc6f0cd515a1655ad0ddd00b939c0f54,0,5,,0,worker_miner;union;protest_unrest,19,3,housing,2,1,earnings_results;production_output;exploration_project,5,3,false,false,true,sibanye_context_without_case_anchor_review,Sibanye appears with labour/social context but no Marikana/Lonmin anchor; review before exclusion.,,,
SEC-MEDIA-0455,Engineering News,https://www.engineeringnews.co.za/article/num-to-march-against-closure-of-sibanyes-cooke-4-shaft-2016-09-05,https://engineeringnews.co.za/article/num-to-march-against-closure-of-sibanyes-cooke-4-shaft-2016-09-05,2016,Num To March Against Closure Of Sibanyes Cooke 4 Shaft,secondary_keyword_only_review,https://www.engineeringnews.co.za/article/num-to-march-against-closure-of-sibanyes-cooke-4-shaft-2016-09-05,retrieved_extracted,,2016-09-05,489,488464af0e5d3acd9324ab64a6b4673cdca7c7bde1f54b198edd504e0e4c0a45,0,4,,0,worker_miner;union;protest_unrest,6,3,commission_inquiry,1,1,earnings_results;production_output;exploration_project,5,3,false,false,true,sibanye_context_without_case_anchor_review,Sibanye appears with labour/social context but no Marikana/Lonmin anchor; review before exclusion.,,,
SEC-MEDIA-0456,Engineering News,https://www.engineeringnews.co.za/article/num-to-march-against-sale-of-sibanye-hospital-2014-03-19,https://engineeringnews.co.za/article/num-to-march-against-sale-of-sibanye-hospital-2014-03-19,2014,Num To March Against Sale Of Sibanye Hospital,secondary_keyword_only_review,https://www.engineeringnews.co.za/article/num-to-march-against-sale-of-sibanye-hospital-2014-03-19,retrieved_extracted,,2014-03-19,473,00783c55e5a788f76743c206df1873b7bdc6b9cc9ee47fc42a545de1024432c1,0,5,,0,worker_miner;union,9,2,housing,1,1,earnings_results;transaction,4,2,false,false,true,sibanye_context_without_case_anchor_review,Sibanye appears with labour/social context but no Marikana/Lonmin anchor; review before exclusion.,,,
SEC-MEDIA-0457,Engineering News,https://www.engineeringnews.co.za/article/num-uasa-unions-back-strike-at-sibanye-stillwater-gold-mines-2022-03-03,https://engineeringnews.co.za/article/num-uasa-unions-back-strike-at-sibanye-stillwater-gold-mines-2022-03-03,2022,Num Uasa Unions Back Strike At Sibanye Stillwater Gold Mines,secondary_keyword_only_review,https://www.engineeringnews.co.za/article/num-uasa-unions-back-strike-at-sibanye-stillwater-gold-mines-2022-03-03,retrieved_extracted,,2022-03-03,497,09a0ee7c7f306253accfef7a2ab39c40b42a32ff955a704a35815c1c51b08ff4,0,7,,0,strike;worker_miner;wage;union,22,4,commission_inquiry,1,1,earnings_results,3,1,false,false,true,sibanye_context_without_case_anchor_review,Sibanye appears with labour/social context but no Marikana/Lonmin anchor; review before exclusion.,,,
SEC-MEDIA-0458,Engineering News,https://www.engineeringnews.co.za/article/numsa-dismayed-by-labour-departments-intention-to-de-register-amcu-as-a-union-2019-04-26,https://engineeringnews.co.za/article/numsa-dismayed-by-labour-departments-intention-to-de-register-amcu-as-a-union-2019-04-26,2019,Numsa Dismayed By Labour Departments Intention To De Register Amcu As A Union,secondary_keyword_only_review,https://www.engineeringnews.co.za/article/numsa-dismayed-by-labour-departments-intention-to-de-register-amcu-as-a-union-2019-04-26,retrieved_extracted,,2019-04-26,585,70c1995d6768ad368144fd4fe54ebcc7f43dd1eb2255f377989e319a1ea47ce5,0,0,,0,worker_miner;wage;union,20,3,,0,0,earnings_results,2,1,false,false,true,no_case_anchor,"Extracted article text contains no Marikana, Lonmin or Sibanye anchor.",,,
SEC-MEDIA-0459,Engineering News,https://www.engineeringnews.co.za/article/ongoing-interventions-improve-sibanye-stillwater-safety-2018-11-01,https://engineeringnews.co.za/article/ongoing-interventions-improve-sibanye-stillwater-safety-2018-11-01,2018,Ongoing Interventions Improve Sibanye Stillwater Safety,secondary_keyword_only_review,https://www.engineeringnews.co.za/article/ongoing-interventions-improve-sibanye-stillwater-safety-2018-11-01,retrieved_extracted,,2018-11-01,1062,99fdc99242aa606f0fcb89f642dd9d05f815fbae3f23b49f270086b8a7e58832,1,8,,0,strike;wage;union,4,3,,0,0,share_price;earnings_results;production_output;transaction;exploration_project;commodity_market,31,6,false,false,false,possible_lonmin_substantive_context,Lonmin appears with labour/event/social/governance signals; direct substantive review is required.,,,
SEC-MEDIA-0460,Engineering News,https://www.engineeringnews.co.za/article/ongoing-interventions-improve-sibanye-stillwater-safety-2018-11-09,https://engineeringnews.co.za/article/ongoing-interventions-improve-sibanye-stillwater-safety-2018-11-09,2018,Ongoing Interventions Improve Sibanye Stillwater Safety,secondary_keyword_only_review,https://www.engineeringnews.co.za/article/ongoing-interventions-improve-sibanye-stillwater-safety-2018-11-09,retrieved_extracted,,2018-11-09,1052,a984e8154f14224ab6b93107c8579d8762bface9955f4a5e1d4a5cb269d0668e,1,8,,0,strike;wage;union,4,3,,0,0,earnings_results;production_output;transaction;exploration_project;commodity_market,29,5,false,false,false,possible_lonmin_substantive_context,Lonmin appears with labour/event/social/governance signals; direct substantive review is required.,,,
SEC-MEDIA-0461,Engineering News,https://www.engineeringnews.co.za/article/operational-glitches-dent-sibanyes-q1-output-as-it-readies-for-wage-talk-season-2015-05-04,https://engineeringnews.co.za/article/operational-glitches-dent-sibanyes-q1-output-as-it-readies-for-wage-talk-season-2015-05-04,2015,Operational Glitches Dent Sibanyes Q1 Output As It Readies For Wage Talk Season,secondary_keyword_only_review,https://www.engineeringnews.co.za/article/operational-glitches-dent-sibanyes-q1-output-as-it-readies-for-wage-talk-season-2015-05-04,retrieved_extracted,,2015-05-04,1112,552d768ec14371c9b3a7468d161f883dc4222e6e013587f2c551c83195d981d6,0,6,,0,worker_miner;wage;union,9,3,community,1,1,earnings_results;production_output;exploration_project,30,3,false,true,false,sibanye_context_without_case_anchor_review,Sibanye appears with labour/social context but no Marikana/Lonmin anchor; review before exclusion.,,,
SEC-MEDIA-0462,Engineering News,https://www.engineeringnews.co.za/article/operational-glitches-dent-sibanyes-q1-output-as-it-readies-for-wage-talk-season-2015-05-15,https://engineeringnews.co.za/article/operational-glitches-dent-sibanyes-q1-output-as-it-readies-for-wage-talk-season-2015-05-15,2015,Operational Glitches Dent Sibanyes Q1 Output As It Readies For Wage Talk Season,secondary_keyword_only_review,https://www.engineeringnews.co.za/article/operational-glitches-dent-sibanyes-q1-output-as-it-readies-for-wage-talk-season-2015-05-15,retrieved_extracted,,2015-05-15,1093,636b8538526bd897abba310b59ae3e71a99a4cbe5e14b61a138adc857309a379,0,6,,0,worker_miner;wage;union,9,3,community,1,1,earnings_results;production_output;exploration_project,27,3,false,true,false,sibanye_context_without_case_anchor_review,Sibanye appears with labour/social context but no Marikana/Lonmin anchor; review before exclusion.,,,
SEC-MEDIA-0463,Engineering News,https://www.engineeringnews.co.za/article/operations-at-sibanyes-thembelani-shaft-resume-2019-05-03,https://engineeringnews.co.za/article/operations-at-sibanyes-thembelani-shaft-resume-2019-05-03,2019,Operations At Sibanyes Thembelani Shaft Resume,secondary_keyword_only_review,https://www.engineeringnews.co.za/article/operations-at-sibanyes-thembelani-shaft-resume-2019-05-03,retrieved_extracted,,2019-05-03,496,35d4bc2e640e9c922253b885f64d36d9387576c06c31c138da0b7028b1b09f4a,0,2,,0,worker_miner,4,1,,0,0,earnings_results;exploration_project,12,2,false,false,false,ambiguous_secondary_review,Signals are insufficient for a defensible secondary-queue decision.,,,
SEC-MEDIA-0464,Engineering News,https://www.engineeringnews.co.za/article/operations-resume-at-sibanyes-cooke-mine-2016-10-05,https://engineeringnews.co.za/article/operations-resume-at-sibanyes-cooke-mine-2016-10-05,2016,Operations Resume At Sibanyes Cooke Mine,secondary_keyword_only_review,https://www.engineeringnews.co.za/article/operations-resume-at-sibanyes-cooke-mine-2016-10-05,retrieved_extracted,,2016-10-05,404,3a6ea82bf7293428428de4b085961bf19d1ad14e99765520308503aa9e7c7d0c,0,3,,0,worker_miner;union,5,2,,0,0,earnings_results,2,1,false,false,false,sibanye_context_without_case_anchor_review,Sibanye appears with labour/social context but no Marikana/Lonmin anchor; review before exclusion.,,,
SEC-MEDIA-0465,Engineering News,https://www.engineeringnews.co.za/article/palladium-propelled-us-buy-quickly-paying-its-own-way-sibanye-stillwater-2017-08-31,https://engineeringnews.co.za/article/palladium-propelled-us-buy-quickly-paying-its-own-way-sibanye-stillwater-2017-08-31,2017,Palladium Propelled Us Buy Quickly Paying Its Own Way Sibanye Stillwater,secondary_keyword_only_review,https://www.engineeringnews.co.za/article/palladium-propelled-us-buy-quickly-paying-its-own-way-sibanye-stillwater-2017-08-31,retrieved_extracted,,2017-08-31,916,e8e3434a3c90c48642f4e628cd14653a14b3e760df48eaa6401bc1e8da98bf54,0,6,,0,wage,1,1,,0,0,share_price;earnings_results;production_output;funding_debt;transaction;exploration_project;commodity_market,14,7,false,false,false,ambiguous_secondary_review,Signals are insufficient for a defensible secondary-queue decision.,,,
SEC-MEDIA-0466,Engineering News,https://www.engineeringnews.co.za/article/pgm-price-decline-lower-us-output-to-see-sibanye-stillwater-earnings-fall-2023-08-18,https://engineeringnews.co.za/article/pgm-price-decline-lower-us-output-to-see-sibanye-stillwater-earnings-fall-2023-08-18,2023,Pgm Price Decline Lower Us Output To See Sibanye Stillwater Earnings Fall,secondary_keyword_only_review,https://www.engineeringnews.co.za/article/pgm-price-decline-lower-us-output-to-see-sibanye-stillwater-earnings-fall-2023-08-18,retrieved_extracted,,2023-08-18,691,b7504c9254d327c723387c6df0873d6f00848a915f45ec49a0e409eb9cab90cb,0,5,,0,worker_miner,3,1,housing,1,1,share_price;earnings_results;production_output;exploration_project,21,4,false,true,false,sibanye_context_without_case_anchor_review,Sibanye appears with labour/social context but no Marikana/Lonmin anchor; review before exclusion.,,,
SEC-MEDIA-0467,Engineering News,https://www.engineeringnews.co.za/article/pgms-operations-offset-strike-induced-gold-losses-at-sibanye-stillwater-2019-05-09,https://engineeringnews.co.za/article/pgms-operations-offset-strike-induced-gold-losses-at-sibanye-stillwater-2019-05-09,2019,Pgms Operations Offset Strike Induced Gold Losses At Sibanye Stillwater,secondary_keyword_only_review,https://www.engineeringnews.co.za/article/pgms-operations-offset-strike-induced-gold-losses-at-sibanye-stillwater-2019-05-09,retrieved_extracted,,2019-05-09,824,5b4fcc228c82dd54986447df72b4c693e455ac85c6a156783a907dae448d986e,0,5,,0,strike;worker_miner;wage;union,11,4,,0,0,earnings_results;production_output,17,2,false,false,true,sibanye_context_without_case_anchor_review,Sibanye appears with labour/social context but no Marikana/Lonmin anchor; review before exclusion.,,,
SEC-MEDIA-0468,Engineering News,https://www.engineeringnews.co.za/article/pgms-operations-offset-strike-induced-gold-losses-at-sibanye-stillwater-2019-05-09-1,https://engineeringnews.co.za/article/pgms-operations-offset-strike-induced-gold-losses-at-sibanye-stillwater-2019-05-09-1,2019,Pgms Operations Offset Strike Induced Gold Losses At Sibanye Stillwater,secondary_keyword_only_review,https://www.engineeringnews.co.za/article/pgms-operations-offset-strike-induced-gold-losses-at-sibanye-stillwater-2019-05-09-1,retrieved_extracted,,2019-05-09,266,c720aba17fa78b1ef7a4987b341682d4d662d137b980f591e44c2966b3dcd7ca,0,0,,0,,0,0,,0,0,earnings_results,2,1,false,false,true,no_case_anchor,"Extracted article text contains no Marikana, Lonmin or Sibanye anchor.",,,
SEC-MEDIA-0469,Engineering News,https://www.engineeringnews.co.za/article/pic-lifts-stake-in-sibanye-above-10-2019-10-24,https://engineeringnews.co.za/article/pic-lifts-stake-in-sibanye-above-10-2019-10-24,2019,Pic Lifts Stake In Sibanye Above 10,secondary_keyword_only_review,https://www.engineeringnews.co.za/article/pic-lifts-stake-in-sibanye-above-10-2019-10-24,retrieved_extracted,,2019-10-24,344,43e0081453e601aa7fc46f120b03b101e5b355dfe9267cb0ffe3dc6799941c5e,0,4,,0,worker_miner,1,1,,0,0,share_price;earnings_results;transaction,4,3,false,true,false,strong_routine_no_case_anchor,Routine corporate/financial/production article with no Marikana/Lonmin case anchor.,,,
SEC-MEDIA-0470,Engineering News,https://www.engineeringnews.co.za/article/pic-lifts-stake-in-sibanye-to-15-2020-07-27,https://engineeringnews.co.za/article/pic-lifts-stake-in-sibanye-to-15-2020-07-27,2020,Pic Lifts Stake In Sibanye To 15,secondary_keyword_only_review,https://www.engineeringnews.co.za/article/pic-lifts-stake-in-sibanye-to-15-2020-07-27,retrieved_extracted,,2020-07-27,355,cf51933ffe7a9426f624b26634f9da79c633a8180dfae6401e95b0feac8d2c67,0,3,,0,worker_miner,1,1,,0,0,earnings_results;transaction,4,2,false,true,false,strong_routine_no_case_anchor,Routine corporate/financial/production article with no Marikana/Lonmin case anchor.,,,
SEC-MEDIA-0471,Engineering News,https://www.engineeringnews.co.za/article/pic-lifts-stake-in-sibanye-to-15155-2021-02-08,https://engineeringnews.co.za/article/pic-lifts-stake-in-sibanye-to-15155-2021-02-08,2021,Pic Lifts Stake In Sibanye To 15155,secondary_keyword_only_review,https://www.engineeringnews.co.za/article/pic-lifts-stake-in-sibanye-to-15155-2021-02-08,retrieved_extracted,,2021-02-08,359,420d602b51e54110528c5c698add50cdeb42a8b39ae3275e76c9069b24b21f94,0,4,,0,worker_miner,1,1,,0,0,earnings_results;transaction,3,2,false,true,false,strong_routine_no_case_anchor,Routine corporate/financial/production article with no Marikana/Lonmin case anchor.,,,
SEC-MEDIA-0472,Engineering News,https://www.engineeringnews.co.za/article/pic-secures-1083-stake-in-sibanye-stillwater-2017-11-03,https://engineeringnews.co.za/article/pic-secures-1083-stake-in-sibanye-stillwater-2017-11-03,2017,Pic Secures 1083 Stake In Sibanye Stillwater,secondary_keyword_only_review,https://www.engineeringnews.co.za/article/pic-secures-1083-stake-in-sibanye-stillwater-2017-11-03,retrieved_extracted,,2017-11-03,346,322547e3702e85aee4d9a4f44b084e22315ec44fe018eff1bc10f6041960b9bf,0,3,,0,worker_miner,1,1,,0,0,share_price;earnings_results;transaction,6,3,false,true,false,strong_routine_no_case_anchor,Routine corporate/financial/production article with no Marikana/Lonmin case anchor.,,,
SEC-MEDIA-0473,Engineering News,https://www.engineeringnews.co.za/article/pics-sibanye-stake-rises-above-107-2019-06-19,https://engineeringnews.co.za/article/pics-sibanye-stake-rises-above-107-2019-06-19,2019,Pics Sibanye Stake Rises Above 107,secondary_keyword_only_review,https://www.engineeringnews.co.za/article/pics-sibanye-stake-rises-above-107-2019-06-19,retrieved_extracted,,2019-06-19,331,9cd5ef20050207d3312824dbe01cd83c4e8fade90ecceb9a366a8056a2683aa0,2,3,,0,worker_miner,1,1,,0,0,share_price;earnings_results;transaction,4,3,false,true,false,lonmin_low_context_review,Lonmin occurs in the body but without enough case/labour/social context for a defensible decision.,,,
SEC-MEDIA-0474,Engineering News,https://www.engineeringnews.co.za/article/platinum-acquisitions-canadas-first-nations-sibanye-stillwater-make-headlines-2021-10-29,https://engineeringnews.co.za/article/platinum-acquisitions-canadas-first-nations-sibanye-stillwater-make-headlines-2021-10-29,2021,Platinum Acquisitions Canadas First Nations Sibanye Stillwater Make Headlines,secondary_keyword_only_review,https://www.engineeringnews.co.za/article/platinum-acquisitions-canadas-first-nations-sibanye-stillwater-make-headlines-2021-10-29,retrieved_extracted,,2021-10-29,387,22958ec3f9f6e80d456769fb65a7d0a6ec40bf3a8a23df8ac11b371bfcf69244,0,3,,0,worker_miner,1,1,,0,0,earnings_results;transaction,4,2,false,false,false,ambiguous_secondary_review,Signals are insufficient for a defensible secondary-queue decision.,,,
SEC-MEDIA-0475,Engineering News,https://www.engineeringnews.co.za/article/platinum-bosses-plead-with-amcu-to-return-to-work-2014-02-28,https://engineeringnews.co.za/article/platinum-bosses-plead-with-amcu-to-return-to-work-2014-02-28,2014,Platinum Bosses Plead With Amcu To Return To Work,secondary_keyword_only_review,https://www.engineeringnews.co.za/article/platinum-bosses-plead-with-amcu-to-return-to-work-2014-02-28,retrieved_extracted,,2014-02-28,1528,00c3c8fe499d3cc44f953715c0b7dcd7de55a3315c4dfaf5ade0a9cd2b44d65a,1,0,,0,strike;worker_miner;police;wage;union,32,5,community,1,1,earnings_results;production_output,7,2,false,false,true,possible_lonmin_substantive_context,Lonmin appears with labour/event/social/governance signals; direct substantive review is required.,,,
SEC-MEDIA-0476,Engineering News,https://www.engineeringnews.co.za/article/platinum-companies-amcu-meetings-continue-2014-06-20,https://engineeringnews.co.za/article/platinum-companies-amcu-meetings-continue-2014-06-20,2014,Platinum Companies Amcu Meetings Continue,secondary_keyword_only_review,https://www.engineeringnews.co.za/article/platinum-companies-amcu-meetings-continue-2014-06-20,retrieved_extracted,,2014-06-20,683,79d520c035ae6708d1cb9c4987004b548c2d1e6364793439af6cc8709e4e2aa2,3,0,,0,strike;worker_miner;wage;union,20,4,commission_inquiry,1,1,earnings_results,3,1,false,false,true,strong_lonmin_context_supported,"No high-specificity case term, but Lonmin is repeatedly substantive alongside strong labour/social/governance context.",,,
SEC-MEDIA-0477,Engineering News,https://www.engineeringnews.co.za/article/platinum-companies-considering-amcus-latest-wage-proposal-2014-06-04,https://engineeringnews.co.za/article/platinum-companies-considering-amcus-latest-wage-proposal-2014-06-04,2014,Platinum Companies Considering Amcus Latest Wage Proposal,secondary_keyword_only_review,https://www.engineeringnews.co.za/article/platinum-companies-considering-amcus-latest-wage-proposal-2014-06-04,retrieved_extracted,,2014-06-04,764,925ad2f026296210c70f56427658fd2d9bf4fd187b37b5d5b3d2cf2a0d83941c,1,0,,0,strike;worker_miner;wage;union;protest_unrest,21,5,,0,0,earnings_results;funding_debt,5,2,false,false,false,possible_lonmin_substantive_context,Lonmin appears with labour/event/social/governance signals; direct substantive review is required.,,,
SEC-MEDIA-0478,Engineering News,https://www.engineeringnews.co.za/article/platinum-giants-eye-sibanyes-gold-mining-deal-as-wage-yardstick-2019-07-18,https://engineeringnews.co.za/article/platinum-giants-eye-sibanyes-gold-mining-deal-as-wage-yardstick-2019-07-18,2019,Platinum Giants Eye Sibanyes Gold Mining Deal As Wage Yardstick,secondary_keyword_only_review,https://www.engineeringnews.co.za/article/platinum-giants-eye-sibanyes-gold-mining-deal-as-wage-yardstick-2019-07-18,retrieved_extracted,,2019-07-18,841,36567d02a6c96d85c71874fe9f30a0bb0ca0860ba87bbcf414da7e1bb7c77867,1,8,,0,strike;worker_miner;wage;union,32,4,,0,0,earnings_results;transaction,5,2,false,false,false,possible_lonmin_substantive_context,Lonmin appears with labour/event/social/governance signals; direct substantive review is required.,,,
SEC-MEDIA-0479,Engineering News,https://www.engineeringnews.co.za/article/platinum-investment-demand-anglo-american-sibanye-stillwater-make-headlines-2020-11-20,https://engineeringnews.co.za/article/platinum-investment-demand-anglo-american-sibanye-stillwater-make-headlines-2020-11-20,2020,Platinum Investment Demand Anglo American Sibanye Stillwater Make Headlines,secondary_keyword_only_review,https://www.engineeringnews.co.za/article/platinum-investment-demand-anglo-american-sibanye-stillwater-make-headlines-2020-11-20,retrieved_extracted,,2020-11-20,323,78db34baa5f91fd228c9f53e07585cab08b42b407e3c2f7fb0a2caa8728046a1,0,2,,0,,0,0,,0,0,earnings_results,2,1,false,false,false,ambiguous_secondary_review,Signals are insufficient for a defensible secondary-queue decision.,,,
SEC-MEDIA-0480,Engineering News,https://www.engineeringnews.co.za/article/platinum-marketing-in-need-of-coordination-collaboration-sibanye-2016-12-12,https://engineeringnews.co.za/article/platinum-marketing-in-need-of-coordination-collaboration-sibanye-2016-12-12,2016,Platinum Marketing In Need Of Coordination Collaboration Sibanye,secondary_keyword_only_review,https://www.engineeringnews.co.za/article/platinum-marketing-in-need-of-coordination-collaboration-sibanye-2016-12-12,retrieved_extracted,,2016-12-12,989,e432beea9715858ae328cd9781621e940617beff5cfa1e7aa6c0c313254e0094,0,2,,0,,0,0,,0,0,earnings_results;exploration_project;commodity_market,9,3,false,false,false,ambiguous_secondary_review,Signals are insufficient for a defensible secondary-queue decision.,,,
SEC-MEDIA-0481,Engineering News,https://www.engineeringnews.co.za/article/platinum-marketing-needs-collaboration-sibanye-2017-01-20,https://engineeringnews.co.za/article/platinum-marketing-needs-collaboration-sibanye-2017-01-20,2017,Platinum Marketing Needs Collaboration Sibanye,secondary_keyword_only_review,https://www.engineeringnews.co.za/article/platinum-marketing-needs-collaboration-sibanye-2017-01-20,retrieved_extracted,,2017-01-20,958,f0ecc2e8184998df3c2f03b53e78234cbcb4d4c3f42605762b8dae721949052a,0,2,,0,,0,0,,0,0,earnings_results;exploration_project;commodity_market,9,3,false,false,false,ambiguous_secondary_review,Signals are insufficient for a defensible secondary-queue decision.,,,
SEC-MEDIA-0482,Engineering News,https://www.engineeringnews.co.za/article/platinum-producers-amcu-agree-to-labour-court-mediation-2014-05-20,https://engineeringnews.co.za/article/platinum-producers-amcu-agree-to-labour-court-mediation-2014-05-20,2014,Platinum Producers Amcu Agree To Labour Court Mediation,secondary_keyword_only_review,https://www.engineeringnews.co.za/article/platinum-producers-amcu-agree-to-labour-court-mediation-2014-05-20,retrieved_extracted,,2014-05-20,491,e547c1ff7f1e7e91623a9f78abced872e2d31c72012864c590d6ad6bda7e0f90,1,0,,0,strike;worker_miner;wage;union,14,4,,0,0,earnings_results,2,1,false,false,true,possible_lonmin_substantive_context,Lonmin appears with labour/event/social/governance signals; direct substantive review is required.,,,
SEC-MEDIA-0483,Engineering News,https://www.engineeringnews.co.za/article/platinum-producers-amcu-to-resume-talks-on-monday-2014-02-28,https://engineeringnews.co.za/article/platinum-producers-amcu-to-resume-talks-on-monday-2014-02-28,2014,Platinum Producers Amcu To Resume Talks On Monday,secondary_keyword_only_review,https://www.engineeringnews.co.za/article/platinum-producers-amcu-to-resume-talks-on-monday-2014-02-28,retrieved_extracted,,2014-02-28,386,2c68277fbba9f1e11e30247e3688b1b5638f1083f0a469ee225fc5088390dab9,1,0,,0,strike;worker_miner;wage;union,11,4,,0,0,earnings_results,2,1,false,false,true,possible_lonmin_substantive_context,Lonmin appears with labour/event/social/governance signals; direct substantive review is required.,,,
SEC-MEDIA-0484,Engineering News,https://www.engineeringnews.co.za/article/platinum-strike-consequences-starting-to-take-shape-2014-08-22,https://engineeringnews.co.za/article/platinum-strike-consequences-starting-to-take-shape-2014-08-22,2014,Platinum Strike Consequences Starting To Take Shape,secondary_keyword_only_review,https://www.engineeringnews.co.za/article/platinum-strike-consequences-starting-to-take-shape-2014-08-22,retrieved_extracted,,2014-08-22,1286,4e7fe7e2c3173f56b07985419fdad2ec44a441fc6bef92c5dacd465c1a2ddff7,2,0,bapo,2,strike;worker_miner;wage;union;protest_unrest,34,5,housing;community,4,2,earnings_results;funding_debt;transaction;exploration_project;commodity_market,11,5,false,false,true,strong_case_context_supported,Body contains a high-specificity Marikana case term reinforced by labour/event/social/governance context.,,,
SEC-MEDIA-0485,Engineering News,https://www.engineeringnews.co.za/article/platinum-strike-experience-should-strengthen-collective-bargaining-davies-2014-06-24,https://engineeringnews.co.za/article/platinum-strike-experience-should-strengthen-collective-bargaining-davies-2014-06-24,2014,Platinum Strike Experience Should Strengthen Collective Bargaining Davies,secondary_keyword_only_review,https://www.engineeringnews.co.za/article/platinum-strike-experience-should-strengthen-collective-bargaining-davies-2014-06-24,retrieved_extracted,,2014-06-24,658,640784c10160d06dac9108801fc9e5c2dc31341d3bb6ca41190ee9c964087fc0,1,0,,0,strike;worker_miner;wage;union,17,4,housing,1,1,earnings_results,3,1,false,false,true,possible_lonmin_substantive_context,Lonmin appears with labour/event/social/governance signals; direct substantive review is required.,,,
SEC-MEDIA-0486,Engineering News,https://www.engineeringnews.co.za/article/platinum-strike-experience-should-strengthen-collective-bargaining-davies-2014-07-04,https://engineeringnews.co.za/article/platinum-strike-experience-should-strengthen-collective-bargaining-davies-2014-07-04,2014,Platinum Strike Experience Should Strengthen Collective Bargaining Davies,secondary_keyword_only_review,https://www.engineeringnews.co.za/article/platinum-strike-experience-should-strengthen-collective-bargaining-davies-2014-07-04,retrieved_extracted,,2014-07-04,662,efee4e1cd4f6b9d8c5c7b29a93bbc07bffa83dbb2a1ce26ea7123ea7835731aa,1,0,,0,strike;worker_miner;wage;union,17,4,housing,1,1,earnings_results,3,1,false,false,true,possible_lonmin_substantive_context,Lonmin appears with labour/event/social/governance signals; direct substantive review is required.,,,
SEC-MEDIA-0487,Engineering News,https://www.engineeringnews.co.za/article/platinum-strike-highlighting-huge-potential-opportunity-loss-for-economy-2014-04-23,https://engineeringnews.co.za/article/platinum-strike-highlighting-huge-potential-opportunity-loss-for-economy-2014-04-23,2014,Platinum Strike Highlighting Huge Potential Opportunity Loss For Economy,secondary_keyword_only_review,https://www.engineeringnews.co.za/article/platinum-strike-highlighting-huge-potential-opportunity-loss-for-economy-2014-04-23,retrieved_extracted,,2014-04-23,1452,2837ae513b19bb9c304b783da2fce2ad721cda5d58301037b237ed4af8939736,0,0,,0,strike;worker_miner;union,4,3,community,1,1,earnings_results;production_output;exploration_project;commodity_market,23,4,false,false,true,no_case_anchor,"Extracted article text contains no Marikana, Lonmin or Sibanye anchor.",,,
SEC-MEDIA-0488,Engineering News,https://www.engineeringnews.co.za/article/platinum-strike-highlighting-huge-potential-opportunity-loss-for-economy-2014-05-02,https://engineeringnews.co.za/article/platinum-strike-highlighting-huge-potential-opportunity-loss-for-economy-2014-05-02,2014,Platinum Strike Highlighting Huge Potential Opportunity Loss For Economy,secondary_keyword_only_review,https://www.engineeringnews.co.za/article/platinum-strike-highlighting-huge-potential-opportunity-loss-for-economy-2014-05-02,retrieved_extracted,,2014-05-02,1444,5de4280cdc3a741649688d25a86c6497d214abdef54f4da10b1dea0c81c42c4d,0,0,,0,strike;worker_miner;union,4,3,community,1,1,earnings_results;production_output;exploration_project;commodity_market,23,4,false,false,true,no_case_anchor,"Extracted article text contains no Marikana, Lonmin or Sibanye anchor.",,,
SEC-MEDIA-0489,Engineering News,https://www.engineeringnews.co.za/article/platinum-strike-slashes-amplats-q1-output-by-39-2014-04-24,https://engineeringnews.co.za/article/platinum-strike-slashes-amplats-q1-output-by-39-2014-04-24,2014,Platinum Strike Slashes Amplats Q1 Output By 39,secondary_keyword_only_review,https://www.engineeringnews.co.za/article/platinum-strike-slashes-amplats-q1-output-by-39-2014-04-24,retrieved_extracted,,2014-04-24,969,d3b4efebc0390097a7e88bcf30e306ee5061b61968de03cd041abbab02b29786,1,0,,0,strike;worker_miner;wage;union,19,4,housing,1,1,share_price;earnings_results;production_output;exploration_project,31,4,false,true,true,possible_lonmin_substantive_context,Lonmin appears with labour/event/social/governance signals; direct substantive review is required.,,,
SEC-MEDIA-0490,Engineering News,https://www.engineeringnews.co.za/article/platinum-strike-threatens-contractor-longevity-2014-05-23,https://engineeringnews.co.za/article/platinum-strike-threatens-contractor-longevity-2014-05-23,2014,Platinum Strike Threatens Contractor Longevity,secondary_keyword_only_review,https://www.engineeringnews.co.za/article/platinum-strike-threatens-contractor-longevity-2014-05-23,retrieved_extracted,,2014-05-23,1027,d12f5553087ce21f55446c1d595e58fe5819e56a3a67f24f7c2f205955457ee4,1,0,,0,strike;worker_miner;wage;union,19,4,housing;community,4,2,earnings_results;production_output;funding_debt;commodity_market,8,4,false,false,true,possible_lonmin_substantive_context,Lonmin appears with labour/event/social/governance signals; direct substantive review is required.,,,
SEC-MEDIA-0491,Engineering News,https://www.engineeringnews.co.za/article/platinum-strike-to-have-largest-impact-on-march-mining-production-2014-05-12,https://engineeringnews.co.za/article/platinum-strike-to-have-largest-impact-on-march-mining-production-2014-05-12,2014,Platinum Strike To Have Largest Impact On March Mining Production,secondary_keyword_only_review,https://www.engineeringnews.co.za/article/platinum-strike-to-have-largest-impact-on-march-mining-production-2014-05-12,retrieved_extracted,,2014-05-12,689,fc420f87567234a8cafb1942826de3f8103a2c7b7ed462d7b8c80933ccf40b97,0,0,,0,strike;worker_miner;wage,9,3,,0,0,earnings_results;production_output;funding_debt;commodity_market,12,4,false,true,true,no_case_anchor,"Extracted article text contains no Marikana, Lonmin or Sibanye anchor.",,,
SEC-MEDIA-0492,Engineering News,https://www.engineeringnews.co.za/article/platinum-strikers-could-have-shot-themselves-in-the-foot-2014-09-26,https://engineeringnews.co.za/article/platinum-strikers-could-have-shot-themselves-in-the-foot-2014-09-26,2014,Platinum Strikers Could Have Shot Themselves In The Foot,secondary_keyword_only_review,https://www.engineeringnews.co.za/article/platinum-strikers-could-have-shot-themselves-in-the-foot-2014-09-26,retrieved_extracted,,2014-09-26,992,3b872a9daadbaf495b0b7f1e6d09a31217bf561fe19a36227990543a47fad8fd,2,0,,0,strike;worker_miner;shooting_death;wage;union,17,5,housing,1,1,share_price;earnings_results;transaction,7,3,false,false,false,possible_lonmin_substantive_context,Lonmin appears with labour/event/social/governance signals; direct substantive review is required.,,,
SEC-MEDIA-0493,Engineering News,https://www.engineeringnews.co.za/article/platinum-strikes-costing-sa-r400-milion-a-day-2014-02-04,https://engineeringnews.co.za/article/platinum-strikes-costing-sa-r400-milion-a-day-2014-02-04,2014,Platinum Strikes Costing Sa R400 Milion A Day,secondary_keyword_only_review,https://www.engineeringnews.co.za/article/platinum-strikes-costing-sa-r400-milion-a-day-2014-02-04,retrieved_extracted,,2014-02-04,752,a7637020f85057aeca26ba8f1346771b09c290f61d0e76f0f73891acf2b13684,2,0,marikana,1,strike;worker_miner;wage;union,18,4,commission_inquiry,1,1,earnings_results;commodity_market,5,2,false,false,false,strong_case_context_supported,Body contains a high-specificity Marikana case term reinforced by labour/event/social/governance context.,,,
SEC-MEDIA-0494,Engineering News,https://www.engineeringnews.co.za/article/platinum-strikes-costing-sa-r400-million-a-day-2014-02-14,https://engineeringnews.co.za/article/platinum-strikes-costing-sa-r400-million-a-day-2014-02-14,2014,Platinum Strikes Costing Sa R400 Million A Day,secondary_keyword_only_review,https://www.engineeringnews.co.za/article/platinum-strikes-costing-sa-r400-million-a-day-2014-02-14,retrieved_extracted,,2014-02-14,266,c720aba17fa78b1ef7a4987b341682d4d662d137b980f591e44c2966b3dcd7ca,0,0,,0,,0,0,,0,0,earnings_results,2,1,false,false,false,no_case_anchor,"Extracted article text contains no Marikana, Lonmin or Sibanye anchor.",,,
SEC-MEDIA-0495,Engineering News,https://www.engineeringnews.co.za/article/prestigious-brigadier-stokes-memorial-award-awarded-to-sibanyes-froneman-2021-08-12,https://engineeringnews.co.za/article/prestigious-brigadier-stokes-memorial-award-awarded-to-sibanyes-froneman-2021-08-12,2021,Prestigious Brigadier Stokes Memorial Award Awarded To Sibanyes Froneman,secondary_keyword_only_review,https://www.engineeringnews.co.za/article/prestigious-brigadier-stokes-memorial-award-awarded-to-sibanyes-froneman-2021-08-12,retrieved_extracted,,2021-08-12,793,979d82dee97d8bcc519c53982390ab527f531b4088882a3460725a1f862c3991,0,3,,0,worker_miner,1,1,,0,0,earnings_results;production_output,3,2,false,false,true,ambiguous_secondary_review,Signals are insufficient for a defensible secondary-queue decision.,,,
SEC-MEDIA-0496,Engineering News,https://www.engineeringnews.co.za/article/price-spiking-palladium-must-be-substituted-with-platinum-sibanye-stillwater-2020-02-19,https://engineeringnews.co.za/article/price-spiking-palladium-must-be-substituted-with-platinum-sibanye-stillwater-2020-02-19,2020,Price Spiking Palladium Must Be Substituted With Platinum Sibanye Stillwater,secondary_keyword_only_review,https://www.engineeringnews.co.za/article/price-spiking-palladium-must-be-substituted-with-platinum-sibanye-stillwater-2020-02-19,retrieved_extracted,,2020-02-19,907,a0704318478ef5efaf7d1c39b4952d170073bcc2a282d99b13a2198ef4e224dc,0,2,,0,,0,0,,0,0,earnings_results;commodity_market,8,2,false,false,false,ambiguous_secondary_review,Signals are insufficient for a defensible secondary-queue decision.,,,
SEC-MEDIA-0497,Engineering News,https://www.engineeringnews.co.za/article/producers-to-oppose-amcu-direct-communication-court-application-2014-05-14,https://engineeringnews.co.za/article/producers-to-oppose-amcu-direct-communication-court-application-2014-05-14,2014,Producers To Oppose Amcu Direct Communication Court Application,secondary_keyword_only_review,https://www.engineeringnews.co.za/article/producers-to-oppose-amcu-direct-communication-court-application-2014-05-14,retrieved_extracted,,2014-05-14,762,29f3ccaf5f91cb67d21655ac7e3a159afa9f91bb3ea9a0ffc8dc58ddf2889950,2,0,,0,strike;worker_miner;police;wage;union,25,5,,0,0,earnings_results,2,1,false,false,true,possible_lonmin_substantive_context,Lonmin appears with labour/event/social/governance signals; direct substantive review is required.,,,
SEC-MEDIA-0498,Engineering News,https://www.engineeringnews.co.za/article/production-at-sibanyes-cooke-operations-to-resume-on-monday-2017-06-30,https://engineeringnews.co.za/article/production-at-sibanyes-cooke-operations-to-resume-on-monday-2017-06-30,2017,Production At Sibanyes Cooke Operations To Resume On Monday,secondary_keyword_only_review,https://www.engineeringnews.co.za/article/production-at-sibanyes-cooke-operations-to-resume-on-monday-2017-06-30,retrieved_extracted,,2017-06-30,619,107663a3442d2786153d9717b692fb7516da9424a6b16459c81e7c4f1a4c47f1,0,6,,0,strike;worker_miner,11,2,community;justice_accountability,2,2,earnings_results;production_output,7,2,false,true,false,sibanye_context_without_case_anchor_review,Sibanye appears with labour/social context but no Marikana/Lonmin anchor; review before exclusion.,,,
SEC-MEDIA-0499,Engineering News,https://www.engineeringnews.co.za/article/project-development-hindered-by-platinum-strike-2014-06-27,https://engineeringnews.co.za/article/project-development-hindered-by-platinum-strike-2014-06-27,2014,Project Development Hindered By Platinum Strike,secondary_keyword_only_review,https://www.engineeringnews.co.za/article/project-development-hindered-by-platinum-strike-2014-06-27,retrieved_extracted,,2014-06-27,1658,94189926caa8929f5b0b8eb18913f7b9860ae505463e388d6c2cad57e92b342a,0,0,,0,strike;worker_miner;wage;union,17,4,,0,0,earnings_results;production_output;transaction;exploration_project,55,4,false,true,true,no_case_anchor,"Extracted article text contains no Marikana, Lonmin or Sibanye anchor.",,,
SEC-MEDIA-0500,Engineering News,https://www.engineeringnews.co.za/article/proposed-stillwater-acquisition-nets-sibanye-deal-of-the-year-award-2017-02-16,https://engineeringnews.co.za/article/proposed-stillwater-acquisition-nets-sibanye-deal-of-the-year-award-2017-02-16,2017,Proposed Stillwater Acquisition Nets Sibanye Deal Of The Year Award,secondary_keyword_only_review,https://www.engineeringnews.co.za/article/proposed-stillwater-acquisition-nets-sibanye-deal-of-the-year-award-2017-02-16,retrieved_extracted,,2017-02-16,422,5ddded753aac7677384204bd780e4e1481b750ecd3eef6e8d9a7001c89fb38f2,0,3,,0,worker_miner,2,1,,0,0,earnings_results;transaction;commodity_market,7,3,false,true,false,strong_routine_no_case_anchor,Routine corporate/financial/production article with no Marikana/Lonmin case anchor.,,,
SEC-MEDIA-0501,Engineering News,https://www.engineeringnews.co.za/article/proudly-south-african-sibanye-gold-debuts-well-in-new-york-2013-02-22,https://engineeringnews.co.za/article/proudly-south-african-sibanye-gold-debuts-well-in-new-york-2013-02-22,2013,Proudly South African Sibanye Gold Debuts Well In New York,secondary_keyword_only_review,https://www.engineeringnews.co.za/article/proudly-south-african-sibanye-gold-debuts-well-in-new-york-2013-02-22,retrieved_extracted,,2013-02-22,529,02294c27055f9b50f1d9360e27eeceffa62fcf594bfe21c1d34935eaf935e56c,0,7,,0,,0,0,,0,0,share_price;earnings_results,7,2,false,false,false,ambiguous_secondary_review,Signals are insufficient for a defensible secondary-queue decision.,,,
SEC-MEDIA-0502,Engineering News,https://www.engineeringnews.co.za/article/proudly-south-african-sibanye-gold-debuts-well-in-new-york-2013-03-08,https://engineeringnews.co.za/article/proudly-south-african-sibanye-gold-debuts-well-in-new-york-2013-03-08,2013,Proudly South African Sibanye Gold Debuts Well In New York,secondary_keyword_only_review,https://www.engineeringnews.co.za/article/proudly-south-african-sibanye-gold-debuts-well-in-new-york-2013-03-08,retrieved_extracted,,2013-03-08,526,45d8c8b5f1aef8907a1cce83bdc1bd5cf6db5bf09b3e461e572262205c16b5dd,0,7,,0,,0,0,,0,0,share_price;earnings_results,7,2,false,false,false,ambiguous_secondary_review,Signals are insufficient for a defensible secondary-queue decision.,,,
SEC-MEDIA-0503,Engineering News,https://www.engineeringnews.co.za/article/r23bn-to-be-spent-on-burnstone-gold-project-sibanye-stillwater-2021-03-05,https://engineeringnews.co.za/article/r23bn-to-be-spent-on-burnstone-gold-project-sibanye-stillwater-2021-03-05,2021,R23Bn To Be Spent On Burnstone Gold Project Sibanye Stillwater,secondary_keyword_only_review,https://www.engineeringnews.co.za/article/r23bn-to-be-spent-on-burnstone-gold-project-sibanye-stillwater-2021-03-05,retrieved_extracted,,2021-03-05,720,f48aa1b3433b2d2199989e526ee43a88de67681ab49a1f404570fc19be7f5c6b,0,3,,0,,0,0,community;commission_inquiry,3,2,earnings_results;production_output;transaction;exploration_project,17,4,false,true,false,sibanye_context_without_case_anchor_review,Sibanye appears with labour/social context but no Marikana/Lonmin anchor; review before exclusion.,,,
SEC-MEDIA-0504,Engineering News,https://www.engineeringnews.co.za/article/r23bn-to-be-spent-on-burnstone-gold-project-sibanye-stillwater-2021-03-26,https://engineeringnews.co.za/article/r23bn-to-be-spent-on-burnstone-gold-project-sibanye-stillwater-2021-03-26,2021,R23Bn To Be Spent On Burnstone Gold Project Sibanye Stillwater,secondary_keyword_only_review,https://www.engineeringnews.co.za/article/r23bn-to-be-spent-on-burnstone-gold-project-sibanye-stillwater-2021-03-26,retrieved_extracted,,2021-03-26,651,25ec7faa894d3569e14b455e0423810a31be1af1b55bff01481c7063bf23e22f,0,3,,0,,0,0,community,2,1,earnings_results;production_output;transaction;exploration_project,16,4,false,true,false,sibanye_context_without_case_anchor_review,Sibanye appears with labour/social context but no Marikana/Lonmin anchor; review before exclusion.,,,
SEC-MEDIA-0505,Engineering News,https://www.engineeringnews.co.za/article/race-for-anglogold-assets-may-pit-sibanye-against-rival-harmony-2019-05-10,https://engineeringnews.co.za/article/race-for-anglogold-assets-may-pit-sibanye-against-rival-harmony-2019-05-10,2019,Race For Anglogold Assets May Pit Sibanye Against Rival Harmony,secondary_keyword_only_review,https://www.engineeringnews.co.za/article/race-for-anglogold-assets-may-pit-sibanye-against-rival-harmony-2019-05-10,retrieved_extracted,,2019-05-10,717,b5d8edf3942e70573273a1325afd1255c90ee6882fa3d5e460371fbae7f52354,1,7,,0,strike;worker_miner;wage;union,5,4,,0,0,earnings_results;production_output;funding_debt;transaction,7,4,false,false,false,possible_lonmin_substantive_context,Lonmin appears with labour/event/social/governance signals; direct substantive review is required.,,,
SEC-MEDIA-0506,Engineering News,https://www.engineeringnews.co.za/article/ramaphosa-mourns-mining-disaster-deaths-at-sibanye-stillwaters-driefontein-operations-2018-05-05,https://engineeringnews.co.za/article/ramaphosa-mourns-mining-disaster-deaths-at-sibanye-stillwaters-driefontein-operations-2018-05-05,2018,Ramaphosa Mourns Mining Disaster Deaths At Sibanye Stillwaters Driefontein Operations,secondary_keyword_only_review,https://www.engineeringnews.co.za/article/ramaphosa-mourns-mining-disaster-deaths-at-sibanye-stillwaters-driefontein-operations-2018-05-05,retrieved_extracted,,2018-05-05,686,d3b97b7b78b68742178c94fde1c4bcb77e5228ed9c515004eef2ffde663d8a3c,0,6,,0,strike;worker_miner;shooting_death,12,3,justice_accountability,1,1,earnings_results,2,1,false,false,false,sibanye_context_without_case_anchor_review,Sibanye appears with labour/social context but no Marikana/Lonmin anchor; review before exclusion.,,,
SEC-MEDIA-0507,Engineering News,https://www.engineeringnews.co.za/article/record-quarter-sibanye-forecasting-best-ever-2015-gold-output-2015-01-27,https://engineeringnews.co.za/article/record-quarter-sibanye-forecasting-best-ever-2015-gold-output-2015-01-27,2015,Record Quarter Sibanye Forecasting Best Ever 2015 Gold Output,secondary_keyword_only_review,https://www.engineeringnews.co.za/article/record-quarter-sibanye-forecasting-best-ever-2015-gold-output-2015-01-27,retrieved_extracted,,2015-01-27,702,60ce56ea9b29a3e127171b61f0c6b94f466fb608ba4e16d9f0c01fc224049692,0,6,,0,,0,0,,0,0,earnings_results;production_output;transaction;exploration_project,16,4,false,true,false,strong_routine_no_case_anchor,Routine corporate/financial/production article with no Marikana/Lonmin case anchor.,,,
SEC-MEDIA-0508,Engineering News,https://www.engineeringnews.co.za/article/record-quarter-sibanye-forecasting-best-ever-2015-gold-output-2015-02-06,https://engineeringnews.co.za/article/record-quarter-sibanye-forecasting-best-ever-2015-gold-output-2015-02-06,2015,Record Quarter Sibanye Forecasting Best Ever 2015 Gold Output,secondary_keyword_only_review,https://www.engineeringnews.co.za/article/record-quarter-sibanye-forecasting-best-ever-2015-gold-output-2015-02-06,retrieved_extracted,,2015-02-06,699,0a556e9a5d6d6944b7bcd133319b8183922f29f03b14f80cedc0bc35b7df68c7,0,6,,0,,0,0,,0,0,earnings_results;production_output;transaction;exploration_project,16,4,false,true,false,strong_routine_no_case_anchor,Routine corporate/financial/production article with no Marikana/Lonmin case anchor.,,,
SEC-MEDIA-0509,Engineering News,https://www.engineeringnews.co.za/article/record-rand-gold-price-prompts-sibanye-to-call-employees-unions-back-to-the-table-2016-02-25,https://engineeringnews.co.za/article/record-rand-gold-price-prompts-sibanye-to-call-employees-unions-back-to-the-table-2016-02-25,2016,Record Rand Gold Price Prompts Sibanye To Call Employees Unions Back To The Table,secondary_keyword_only_review,https://www.engineeringnews.co.za/article/record-rand-gold-price-prompts-sibanye-to-call-employees-unions-back-to-the-table-2016-02-25,retrieved_extracted,,2016-02-25,1219,ef1a2d257622d4e4dbf4e3ef908c90f806105703248ead5ff5f7943fc6c268a9,0,9,,0,wage;union,12,2,housing;community,5,2,share_price;earnings_results;transaction;dividend_rights;commodity_market,16,5,false,false,false,sibanye_context_without_case_anchor_review,Sibanye appears with labour/social context but no Marikana/Lonmin anchor; review before exclusion.,,,
SEC-MEDIA-0510,Engineering News,https://www.engineeringnews.co.za/article/record-rand-gold-price-prompts-sibanye-to-call-employees-unions-back-to-the-table-2016-03-04,https://engineeringnews.co.za/article/record-rand-gold-price-prompts-sibanye-to-call-employees-unions-back-to-the-table-2016-03-04,2016,Record Rand Gold Price Prompts Sibanye To Call Employees Unions Back To The Table,secondary_keyword_only_review,https://www.engineeringnews.co.za/article/record-rand-gold-price-prompts-sibanye-to-call-employees-unions-back-to-the-table-2016-03-04,retrieved_extracted,,2016-03-04,1204,13bfd2ed8bf217edab8b41d03df605459940d538e84ac28c459b406246c4e384,0,9,,0,wage;union,12,2,housing;community,5,2,share_price;earnings_results;transaction;dividend_rights;commodity_market,16,5,false,false,false,sibanye_context_without_case_anchor_review,Sibanye appears with labour/social context but no Marikana/Lonmin anchor; review before exclusion.,,,
SEC-MEDIA-0511,Engineering News,https://www.engineeringnews.co.za/article/red-tape-costing-sa-miners-their-competitive-edge-laments-sibanye-stillwater-boss-2021-02-04,https://engineeringnews.co.za/article/red-tape-costing-sa-miners-their-competitive-edge-laments-sibanye-stillwater-boss-2021-02-04,2021,Red Tape Costing Sa Miners Their Competitive Edge Laments Sibanye Stillwater Boss,secondary_keyword_only_review,https://www.engineeringnews.co.za/article/red-tape-costing-sa-miners-their-competitive-edge-laments-sibanye-stillwater-boss-2021-02-04,retrieved_extracted,,2021-02-04,745,6327cb666ddabcd00df76584516d5703c5aa3afd8895875680fb53cc563f7994,0,2,,0,worker_miner,1,1,housing;community,3,2,earnings_results;production_output,4,2,false,false,true,sibanye_context_without_case_anchor_review,Sibanye appears with labour/social context but no Marikana/Lonmin anchor; review before exclusion.,,,
SEC-MEDIA-0512,Engineering News,https://www.engineeringnews.co.za/article/redemption-of-450m-convertible-bonds-completed-sibanye-2020-10-21,https://engineeringnews.co.za/article/redemption-of-450m-convertible-bonds-completed-sibanye-2020-10-21,2020,Redemption Of 450M Convertible Bonds Completed Sibanye,secondary_keyword_only_review,https://www.engineeringnews.co.za/article/redemption-of-450m-convertible-bonds-completed-sibanye-2020-10-21,retrieved_extracted,,2020-10-21,497,98ffc852d652c2195abf46099ab67ddf4f906f997a7036d310abcd892c10c374,0,6,,0,,0,0,,0,0,share_price;earnings_results;funding_debt;transaction,8,4,false,false,false,ambiguous_secondary_review,Signals are insufficient for a defensible secondary-queue decision.,,,
SEC-MEDIA-0513,Engineering News,https://www.engineeringnews.co.za/article/refurbished-wits-innovation-bridge-marks-multimillion-rand-sibanye-stillwater-sponsorship-2023-07-13,https://engineeringnews.co.za/article/refurbished-wits-innovation-bridge-marks-multimillion-rand-sibanye-stillwater-sponsorship-2023-07-13,2023,Refurbished Wits Innovation Bridge Marks Multimillion Rand Sibanye Stillwater Sponsorship,secondary_keyword_only_review,https://www.engineeringnews.co.za/article/refurbished-wits-innovation-bridge-marks-multimillion-rand-sibanye-stillwater-sponsorship-2023-07-13,retrieved_extracted,,2023-07-13,1270,530b654c52b0c79b5a83f76aa61cd7b56f37b99a1b079a096948a827e165aefe,0,20,,0,,0,0,community,2,1,earnings_results;funding_debt,3,2,false,false,false,sibanye_context_without_case_anchor_review,Sibanye appears with labour/social context but no Marikana/Lonmin anchor; review before exclusion.,,,
SEC-MEDIA-0514,Engineering News,https://www.engineeringnews.co.za/article/renewables-now-critical-part-of-metal-mining-thinking-says-sibanye-stillwater-2023-11-14,https://engineeringnews.co.za/article/renewables-now-critical-part-of-metal-mining-thinking-says-sibanye-stillwater-2023-11-14,2023,Renewables Now Critical Part Of Metal Mining Thinking Says Sibanye Stillwater,secondary_keyword_only_review,https://www.engineeringnews.co.za/article/renewables-now-critical-part-of-metal-mining-thinking-says-sibanye-stillwater-2023-11-14,retrieved_extracted,,2023-11-14,732,b745366f09faae673bdf126a9d92099bfd03785df587e76d8b448ff6a13b7ebe,0,7,,0,,0,0,,0,0,share_price;earnings_results;funding_debt;transaction;exploration_project,7,5,false,false,false,ambiguous_secondary_review,Signals are insufficient for a defensible secondary-queue decision.,,,
SEC-MEDIA-0515,Engineering News,https://www.engineeringnews.co.za/article/rick-menell-appointed-sibanye-lead-independent-director-2020-02-17,https://engineeringnews.co.za/article/rick-menell-appointed-sibanye-lead-independent-director-2020-02-17,2020,Rick Menell Appointed Sibanye Lead Independent Director,secondary_keyword_only_review,https://www.engineeringnews.co.za/article/rick-menell-appointed-sibanye-lead-independent-director-2020-02-17,retrieved_extracted,,2020-02-17,321,2f52659b2ed1933f731fca186e839fe20ade2c488547388066d4de43b252100d,0,3,,0,,0,0,,0,0,earnings_results,2,1,false,false,false,ambiguous_secondary_review,Signals are insufficient for a defensible secondary-queue decision.,,,
SEC-MEDIA-0516,Engineering News,https://www.engineeringnews.co.za/article/sa-platinum-firms-to-meet-mediators-tuesday-amcu-2014-02-10,https://engineeringnews.co.za/article/sa-platinum-firms-to-meet-mediators-tuesday-amcu-2014-02-10,2014,Sa Platinum Firms To Meet Mediators Tuesday Amcu,secondary_keyword_only_review,https://www.engineeringnews.co.za/article/sa-platinum-firms-to-meet-mediators-tuesday-amcu-2014-02-10,retrieved_extracted,,2014-02-10,498,1e8ce5112e399cab9a1b8724ae5d3fb9dde919b33dac8ba670b019c0deb324ea,2,0,marikana,1,strike;worker_miner;police;shooting_death;wage;union,21,6,commission_inquiry,1,1,earnings_results;production_output,3,2,false,false,true,strong_case_context_supported,Body contains a high-specificity Marikana case term reinforced by labour/event/social/governance context.,,,
SEC-MEDIA-0517,Engineering News,https://www.engineeringnews.co.za/article/safety-dominates-sibanye-results-presentation-as-125-profit-surge-takes-back-seat-2016-08-25,https://engineeringnews.co.za/article/safety-dominates-sibanye-results-presentation-as-125-profit-surge-takes-back-seat-2016-08-25,2016,Safety Dominates Sibanye Results Presentation As 125 Profit Surge Takes Back Seat,secondary_keyword_only_review,https://www.engineeringnews.co.za/article/safety-dominates-sibanye-results-presentation-as-125-profit-surge-takes-back-seat-2016-08-25,retrieved_extracted,,2016-08-25,1865,395c8280e65c4fa5b31cb6314a8e85e42db29c8ede706c6e2670262f94eb2ad9,0,16,,0,strike;worker_miner,2,2,,0,0,share_price;earnings_results;production_output;funding_debt;transaction;dividend_rights;exploration_project,47,7,false,true,false,sibanye_context_without_case_anchor_review,Sibanye appears with labour/social context but no Marikana/Lonmin anchor; review before exclusion.,,,
SEC-MEDIA-0518,Engineering News,https://www.engineeringnews.co.za/article/safety-dominates-sibanye-results-presentation-as-125-profit-surge-takes-back-seat-2016-09-02,https://engineeringnews.co.za/article/safety-dominates-sibanye-results-presentation-as-125-profit-surge-takes-back-seat-2016-09-02,2016,Safety Dominates Sibanye Results Presentation As 125 Profit Surge Takes Back Seat,secondary_keyword_only_review,https://www.engineeringnews.co.za/article/safety-dominates-sibanye-results-presentation-as-125-profit-surge-takes-back-seat-2016-09-02,retrieved_extracted,,2016-09-02,266,c720aba17fa78b1ef7a4987b341682d4d662d137b980f591e44c2966b3dcd7ca,0,0,,0,,0,0,,0,0,earnings_results,2,1,false,true,false,no_case_anchor,"Extracted article text contains no Marikana, Lonmin or Sibanye anchor.",,,
SEC-MEDIA-0519,Engineering News,https://www.engineeringnews.co.za/article/safrica-deputy-president-to-meet-mining-firms-unions-as-platinum-strike-drags-on-2014-03-24,https://engineeringnews.co.za/article/safrica-deputy-president-to-meet-mining-firms-unions-as-platinum-strike-drags-on-2014-03-24,2014,Safrica Deputy President To Meet Mining Firms Unions As Platinum Strike Drags On,secondary_keyword_only_review,https://www.engineeringnews.co.za/article/safrica-deputy-president-to-meet-mining-firms-unions-as-platinum-strike-drags-on-2014-03-24,retrieved_extracted,,2014-03-24,681,dbd1ab3eddd651059af0afb4352ebcc4416ff6711a554737297a9eef4412c361,1,0,,0,strike;worker_miner;wage;union,21,4,,0,0,earnings_results;production_output,4,2,false,false,true,possible_lonmin_substantive_context,Lonmin appears with labour/event/social/governance signals; direct substantive review is required.,,,
SEC-MEDIA-0520,Engineering News,https://www.engineeringnews.co.za/article/safricas-amcu-says-wage-offer-may-not-be-ready-for-vote-2014-04-24,https://engineeringnews.co.za/article/safricas-amcu-says-wage-offer-may-not-be-ready-for-vote-2014-04-24,2014,Safricas Amcu Says Wage Offer May Not Be Ready For Vote,secondary_keyword_only_review,https://www.engineeringnews.co.za/article/safricas-amcu-says-wage-offer-may-not-be-ready-for-vote-2014-04-24,retrieved_extracted,,2014-04-24,409,2ef05c94f18c2821f985bc3aabf36c5cc3c483812928ef6b8c83c542c9dced1e,1,0,,0,worker_miner;wage;union,8,3,,0,0,earnings_results,2,1,false,false,true,possible_lonmin_substantive_context,Lonmin appears with labour/event/social/governance signals; direct substantive review is required.,,,
SEC-MEDIA-0521,Engineering News,https://www.engineeringnews.co.za/article/saimm-awards-its-most-prestigious-prize-to-neal-froneman-ceo-of-sibanye-stillwater-2021-08-12,https://engineeringnews.co.za/article/saimm-awards-its-most-prestigious-prize-to-neal-froneman-ceo-of-sibanye-stillwater-2021-08-12,2021,Saimm Awards Its Most Prestigious Prize To Neal Froneman Ceo Of Sibanye Stillwater,secondary_keyword_only_review,https://www.engineeringnews.co.za/article/saimm-awards-its-most-prestigious-prize-to-neal-froneman-ceo-of-sibanye-stillwater-2021-08-12,retrieved_extracted,,2021-08-12,739,4494f8e35e17f622c7087e897ca650e7c053734f5d90cbb87d77069f6b1b857f,0,2,,0,worker_miner,1,1,,0,0,earnings_results,2,1,false,false,false,ambiguous_secondary_review,Signals are insufficient for a defensible secondary-queue decision.,,,
SEC-MEDIA-0522,Engineering News,https://www.engineeringnews.co.za/article/search-for-fifth-miner-continues-at-sibanye-kloof-mine-2018-06-13,https://engineeringnews.co.za/article/search-for-fifth-miner-continues-at-sibanye-kloof-mine-2018-06-13,2018,Search For Fifth Miner Continues At Sibanye Kloof Mine,secondary_keyword_only_review,https://www.engineeringnews.co.za/article/search-for-fifth-miner-continues-at-sibanye-kloof-mine-2018-06-13,retrieved_extracted,,2018-06-13,404,95dee7cf3ca9cc09209ec3dcb890b18fe7e7ec82994d3bbf1e0e45fd9b9597ff,0,5,,0,worker_miner;shooting_death,6,2,justice_accountability,1,1,earnings_results;exploration_project,3,2,false,false,true,sibanye_context_without_case_anchor_review,Sibanye appears with labour/social context but no Marikana/Lonmin anchor; review before exclusion.,,,
SEC-MEDIA-0523,Engineering News,https://www.engineeringnews.co.za/article/several-platinum-opportunities-already-abandoned---sibanye-gold-2014-09-16,https://engineeringnews.co.za/article/several-platinum-opportunities-already-abandoned---sibanye-gold-2014-09-16,2014,Several Platinum Opportunities Already Abandoned Sibanye Gold,secondary_keyword_only_review,https://www.engineeringnews.co.za/article/several-platinum-opportunities-already-abandoned---sibanye-gold-2014-09-16,retrieved_extracted,,2014-09-16,797,41f91c6a7b83675c3ca3c4a0d188aa038523379b7c4cfd0ddeb38d1db2bf5ed9,0,3,,0,worker_miner;wage,2,2,housing;community,2,2,share_price;earnings_results;production_output;funding_debt;transaction;dividend_rights;exploration_project;commodity_market,19,8,false,false,false,sibanye_context_without_case_anchor_review,Sibanye appears with labour/social context but no Marikana/Lonmin anchor; review before exclusion.,,,
SEC-MEDIA-0524,Engineering News,https://www.engineeringnews.co.za/article/shabangu-denies-encouraging-amplats-to-sue-amcu-2014-02-21,https://engineeringnews.co.za/article/shabangu-denies-encouraging-amplats-to-sue-amcu-2014-02-21,2014,Shabangu Denies Encouraging Amplats To Sue Amcu,secondary_keyword_only_review,https://www.engineeringnews.co.za/article/shabangu-denies-encouraging-amplats-to-sue-amcu-2014-02-21,retrieved_extracted,,2014-02-21,936,8946b6776f044cf5fe850d0608db2e6f03992b536f64f6176d0aadf730eceb8a,1,0,,0,strike;worker_miner;wage;union,35,4,justice_accountability,1,1,earnings_results,4,1,false,false,true,possible_lonmin_substantive_context,Lonmin appears with labour/event/social/governance signals; direct substantive review is required.,,,
SEC-MEDIA-0525,Engineering News,https://www.engineeringnews.co.za/article/share-prices-soar-as-sibanye-bids-r4bn-cash-for-aquarius-platinum-2015-10-16,https://engineeringnews.co.za/article/share-prices-soar-as-sibanye-bids-r4bn-cash-for-aquarius-platinum-2015-10-16,2015,Share Prices Soar As Sibanye Bids R4Bn Cash For Aquarius Platinum,secondary_keyword_only_review,https://www.engineeringnews.co.za/article/share-prices-soar-as-sibanye-bids-r4bn-cash-for-aquarius-platinum-2015-10-16,retrieved_extracted,,2015-10-16,654,da891f5be4f80613d2983588b702f86e68a4d9a64a80ff69122df1d97e69eeac,0,8,,0,,0,0,,0,0,share_price;earnings_results;production_output;transaction;exploration_project;commodity_market,16,6,false,false,false,ambiguous_secondary_review,Signals are insufficient for a defensible secondary-queue decision.,,,
SEC-MEDIA-0526,Engineering News,https://www.engineeringnews.co.za/article/shareholders-approve-internal-restructuring-of-sibanye-gold-2020-01-23,https://engineeringnews.co.za/article/shareholders-approve-internal-restructuring-of-sibanye-gold-2020-01-23,2020,Shareholders Approve Internal Restructuring Of Sibanye Gold,secondary_keyword_only_review,https://www.engineeringnews.co.za/article/shareholders-approve-internal-restructuring-of-sibanye-gold-2020-01-23,retrieved_extracted,,2020-01-23,386,59d1146f0d8c0ddf55df19568df0f52aeb13ef20a6e726748112a218610aa157,0,3,,0,worker_miner,1,1,,0,0,earnings_results,2,1,false,false,false,ambiguous_secondary_review,Signals are insufficient for a defensible secondary-queue decision.,,,
SEC-MEDIA-0527,Engineering News,https://www.engineeringnews.co.za/article/sibanye-2012-earnings-up-16-year-on-year-2013-03-01,https://engineeringnews.co.za/article/sibanye-2012-earnings-up-16-year-on-year-2013-03-01,2013,Sibanye 2012 Earnings Up 16 Year On Year,secondary_keyword_only_review,https://www.engineeringnews.co.za/article/sibanye-2012-earnings-up-16-year-on-year-2013-03-01,retrieved_extracted,,2013-03-01,855,f5c66ee5b315e8ee996cb547ec21d30fb22d09e7b543dd010da6ad5e2697960b,0,15,,0,strike;worker_miner,2,2,,0,0,share_price;earnings_results;production_output;funding_debt;dividend_rights;exploration_project;commodity_market,38,7,false,true,false,sibanye_context_without_case_anchor_review,Sibanye appears with labour/social context but no Marikana/Lonmin anchor; review before exclusion.,,,
SEC-MEDIA-0528,Engineering News,https://www.engineeringnews.co.za/article/sibanye-2013-production-above-guidance-2014-01-31,https://engineeringnews.co.za/article/sibanye-2013-production-above-guidance-2014-01-31,2014,Sibanye 2013 Production Above Guidance,secondary_keyword_only_review,https://www.engineeringnews.co.za/article/sibanye-2013-production-above-guidance-2014-01-31,retrieved_extracted,,2014-01-31,568,13d664743cb52f45a17101094f6c549f946a63d87c5d974d6b0ee4fd3dd2971b,0,5,,0,,0,0,,0,0,share_price;earnings_results;production_output,16,3,false,true,false,strong_routine_no_case_anchor,Routine corporate/financial/production article with no Marikana/Lonmin case anchor.,,,
SEC-MEDIA-0529,Engineering News,https://www.engineeringnews.co.za/article/sibanye-achieves-iso-45001-accreditation-at-south-african-gold-pgm-operations-2021-11-18,https://engineeringnews.co.za/article/sibanye-achieves-iso-45001-accreditation-at-south-african-gold-pgm-operations-2021-11-18,2021,Sibanye Achieves Iso 45001 Accreditation At South African Gold Pgm Operations,secondary_keyword_only_review,https://www.engineeringnews.co.za/article/sibanye-achieves-iso-45001-accreditation-at-south-african-gold-pgm-operations-2021-11-18,retrieved_extracted,,2021-11-18,477,0165e3c29adc24c31b909bdff406e7472ae79756261765f43e8b020db2b14247,0,2,,0,,0,0,community,1,1,earnings_results,2,1,false,true,false,sibanye_context_without_case_anchor_review,Sibanye appears with labour/social context but no Marikana/Lonmin anchor; review before exclusion.,,,
SEC-MEDIA-0530,Engineering News,https://www.engineeringnews.co.za/article/sibanye-achieves-joint-first-place-in-2023-sdti-research-report-2023-08-23,https://engineeringnews.co.za/article/sibanye-achieves-joint-first-place-in-2023-sdti-research-report-2023-08-23,2023,Sibanye Achieves Joint First Place In 2023 Sdti Research Report,secondary_keyword_only_review,https://www.engineeringnews.co.za/article/sibanye-achieves-joint-first-place-in-2023-sdti-research-report-2023-08-23,retrieved_extracted,,2023-08-23,518,6033a0868a5c75af22bb87457223aa144a7651b4ed60499666bc09289ab0ba5c,0,5,,0,,0,0,,0,0,earnings_results;exploration_project,4,2,false,false,false,ambiguous_secondary_review,Signals are insufficient for a defensible secondary-queue decision.,,,
SEC-MEDIA-0531,Engineering News,https://www.engineeringnews.co.za/article/sibanye-achieves-responsible-sourcing-accreditation-for-south-african-pgm-operations-2021-02-02,https://engineeringnews.co.za/article/sibanye-achieves-responsible-sourcing-accreditation-for-south-african-pgm-operations-2021-02-02,2021,Sibanye Achieves Responsible Sourcing Accreditation For South African Pgm Operations,secondary_keyword_only_review,https://www.engineeringnews.co.za/article/sibanye-achieves-responsible-sourcing-accreditation-for-south-african-pgm-operations-2021-02-02,retrieved_extracted,,2021-02-02,403,4e61412ca7ef155730ae89b8c48731def233e6af3d0107fcd59f82724dcc4d04,0,3,,0,,0,0,,0,0,earnings_results;exploration_project;commodity_market,4,3,false,true,false,strong_routine_no_case_anchor,Routine corporate/financial/production article with no Marikana/Lonmin case anchor.,,,
SEC-MEDIA-0532,Engineering News,https://www.engineeringnews.co.za/article/sibanye-adds-global-experience-to-safety-panel-2019-01-17,https://engineeringnews.co.za/article/sibanye-adds-global-experience-to-safety-panel-2019-01-17,2019,Sibanye Adds Global Experience To Safety Panel,secondary_keyword_only_review,https://www.engineeringnews.co.za/article/sibanye-adds-global-experience-to-safety-panel-2019-01-17,retrieved_extracted,,2019-01-17,580,e5dea27efe3d835733e20f4fa07eb775645e84ce24f1f11bf218f8c74fe2b815,0,5,,0,worker_miner,2,1,,0,0,earnings_results;production_output,7,2,false,false,false,ambiguous_secondary_review,Signals are insufficient for a defensible secondary-queue decision.,,,
SEC-MEDIA-0533,Engineering News,https://www.engineeringnews.co.za/article/sibanye-adds-three-to-board-2013-10-02,https://engineeringnews.co.za/article/sibanye-adds-three-to-board-2013-10-02,2013,Sibanye Adds Three To Board,secondary_keyword_only_review,https://www.engineeringnews.co.za/article/sibanye-adds-three-to-board-2013-10-02,retrieved_extracted,,2013-10-02,369,6267f35b36c72ce6c304e891dccc569596971fee0994a9e6eb621d462b1edd3c,0,3,,0,,0,0,,0,0,earnings_results;transaction,3,2,false,false,false,ambiguous_secondary_review,Signals are insufficient for a defensible secondary-queue decision.,,,
SEC-MEDIA-0534,Engineering News,https://www.engineeringnews.co.za/article/sibanye-advances-battery-metals-strategy-through-acquisition-of-french-nickel-refinery-2021-07-30,https://engineeringnews.co.za/article/sibanye-advances-battery-metals-strategy-through-acquisition-of-french-nickel-refinery-2021-07-30,2021,Sibanye Advances Battery Metals Strategy Through Acquisition Of French Nickel Refinery,secondary_keyword_only_review,https://www.engineeringnews.co.za/article/sibanye-advances-battery-metals-strategy-through-acquisition-of-french-nickel-refinery-2021-07-30,retrieved_extracted,,2021-07-30,657,3b7c01c4a243400bcd1839f5a7006f6fe07c78426286b9f687ac12024c78ed51,0,6,,0,worker_miner,1,1,,0,0,earnings_results;production_output;transaction;exploration_project,9,4,false,true,false,strong_routine_no_case_anchor,Routine corporate/financial/production article with no Marikana/Lonmin case anchor.,,,
SEC-MEDIA-0535,Engineering News,https://www.engineeringnews.co.za/article/sibanye-advances-buyout-of-sandouville-asset-2021-11-04,https://engineeringnews.co.za/article/sibanye-advances-buyout-of-sandouville-asset-2021-11-04,2021,Sibanye Advances Buyout Of Sandouville Asset,secondary_keyword_only_review,https://www.engineeringnews.co.za/article/sibanye-advances-buyout-of-sandouville-asset-2021-11-04,retrieved_extracted,,2021-11-04,598,d3ad78154e0d44ad1bf099abcee371dcff8781046f2a430f3ab0a818a3403327,0,8,,0,worker_miner,1,1,,0,0,share_price;earnings_results;transaction;exploration_project,11,4,false,false,false,ambiguous_secondary_review,Signals are insufficient for a defensible secondary-queue decision.,,,
SEC-MEDIA-0536,Engineering News,https://www.engineeringnews.co.za/article/sibanye-advances-buyout-of-sandouville-asset-2021-11-19,https://engineeringnews.co.za/article/sibanye-advances-buyout-of-sandouville-asset-2021-11-19,2021,Sibanye Advances Buyout Of Sandouville Asset,secondary_keyword_only_review,https://www.engineeringnews.co.za/article/sibanye-advances-buyout-of-sandouville-asset-2021-11-19,retrieved_extracted,,2021-11-19,266,c720aba17fa78b1ef7a4987b341682d4d662d137b980f591e44c2966b3dcd7ca,0,0,,0,,0,0,,0,0,earnings_results,2,1,false,false,false,no_case_anchor,"Extracted article text contains no Marikana, Lonmin or Sibanye anchor.",,,
SEC-MEDIA-0537,Engineering News,https://www.engineeringnews.co.za/article/sibanye-advances-carbon-neutrality-with-first-utility-scale-renewable-energy-project-2023-05-29,https://engineeringnews.co.za/article/sibanye-advances-carbon-neutrality-with-first-utility-scale-renewable-energy-project-2023-05-29,2023,Sibanye Advances Carbon Neutrality With First Utility Scale Renewable Energy Project,secondary_keyword_only_review,https://www.engineeringnews.co.za/article/sibanye-advances-carbon-neutrality-with-first-utility-scale-renewable-energy-project-2023-05-29,retrieved_extracted,,2023-05-29,654,f1d3a924b94bfa7af5cd7196f077ba1793638a18874d156414604c2ca5b46979,0,7,,0,,0,0,,0,0,earnings_results;exploration_project,13,2,false,true,false,strong_routine_no_case_anchor,Routine corporate/financial/production article with no Marikana/Lonmin case anchor.,,,
SEC-MEDIA-0538,Engineering News,https://www.engineeringnews.co.za/article/sibanye-advances-carbon-neutrality-with-first-utility-scale-renewable-energy-project-2023-06-16,https://engineeringnews.co.za/article/sibanye-advances-carbon-neutrality-with-first-utility-scale-renewable-energy-project-2023-06-16,2023,Sibanye Advances Carbon Neutrality With First Utility Scale Renewable Energy Project,secondary_keyword_only_review,https://www.engineeringnews.co.za/article/sibanye-advances-carbon-neutrality-with-first-utility-scale-renewable-energy-project-2023-06-16,retrieved_extracted,,2023-06-16,640,da3d12c3509550482653d02f01959cdf32e5f14d763809f611f50e8919f3e35f,0,7,,0,,0,0,,0,0,earnings_results;exploration_project,12,2,false,true,false,strong_routine_no_case_anchor,Routine corporate/financial/production article with no Marikana/Lonmin case anchor.,,,
SEC-MEDIA-0539,Engineering News,https://www.engineeringnews.co.za/article/sibanye-aiming-to-become-south-africas-mining-champion-2015-10-08,https://engineeringnews.co.za/article/sibanye-aiming-to-become-south-africas-mining-champion-2015-10-08,2015,Sibanye Aiming To Become South Africas Mining Champion,secondary_keyword_only_review,https://www.engineeringnews.co.za/article/sibanye-aiming-to-become-south-africas-mining-champion-2015-10-08,retrieved_extracted,,2015-10-08,313,39e43c66a3ef580b5af16e4b9e6143d020ec595b9617317d0694a2a9e26c495f,0,2,,0,,0,0,,0,0,earnings_results,2,1,false,false,false,ambiguous_secondary_review,Signals are insufficient for a defensible secondary-queue decision.,,,
SEC-MEDIA-0540,Engineering News,https://www.engineeringnews.co.za/article/sibanye-among-three-new-icmm-members-2020-02-27,https://engineeringnews.co.za/article/sibanye-among-three-new-icmm-members-2020-02-27,2020,Sibanye Among Three New Icmm Members,secondary_keyword_only_review,https://www.engineeringnews.co.za/article/sibanye-among-three-new-icmm-members-2020-02-27,retrieved_extracted,,2020-02-27,660,029e5b170bd5855b35ee4472c3bc200e9bbb70076fa966f22df8e77c98fa6127,1,6,,0,worker_miner,1,1,,0,0,share_price;earnings_results;transaction,4,3,false,false,false,lonmin_low_context_review,Lonmin occurs in the body but without enough case/labour/social context for a defensible decision.,,,
SEC-MEDIA-0541,Engineering News,https://www.engineeringnews.co.za/article/sibanye-announces-early-tender-results-for-bond-notes-buyback-2018-09-18,https://engineeringnews.co.za/article/sibanye-announces-early-tender-results-for-bond-notes-buyback-2018-09-18,2018,Sibanye Announces Early Tender Results For Bond Notes Buyback,secondary_keyword_only_review,https://www.engineeringnews.co.za/article/sibanye-announces-early-tender-results-for-bond-notes-buyback-2018-09-18,retrieved_extracted,,2018-09-18,469,d80102f59c0a3f032f45fd4daa9ba901a2f41aef05feda3ed0e70743f17a0264,0,3,,0,worker_miner,2,1,,0,0,earnings_results;funding_debt,8,2,false,true,false,strong_routine_no_case_anchor,Routine corporate/financial/production article with no Marikana/Lonmin case anchor.,,,
SEC-MEDIA-0542,Engineering News,https://www.engineeringnews.co.za/article/sibanye-announces-maiden-lithium-reserve-of-196000-t-2023-02-17,https://engineeringnews.co.za/article/sibanye-announces-maiden-lithium-reserve-of-196000-t-2023-02-17,2023,Sibanye Announces Maiden Lithium Reserve Of 196000 T,secondary_keyword_only_review,https://www.engineeringnews.co.za/article/sibanye-announces-maiden-lithium-reserve-of-196000-t-2023-02-17,retrieved_extracted,,2023-02-17,626,d33dbdec690563fbc59e602a8005881034acd40b27162d1125bce172649f93a0,0,6,,0,worker_miner,1,1,,0,0,earnings_results;production_output;exploration_project,14,3,false,false,false,ambiguous_secondary_review,Signals are insufficient for a defensible secondary-queue decision.,,,
SEC-MEDIA-0543,Engineering News,https://www.engineeringnews.co.za/article/sibanye-announces-r84m-community-upliftment-investment-2023-12-12,https://engineeringnews.co.za/article/sibanye-announces-r84m-community-upliftment-investment-2023-12-12,2023,Sibanye Announces R84M Community Upliftment Investment,secondary_keyword_only_review,https://www.engineeringnews.co.za/article/sibanye-announces-r84m-community-upliftment-investment-2023-12-12,retrieved_extracted,,2023-12-12,760,e550fa60ac882582489723fc8258a560c78903b257b5cd2a3d8372214e3644e2,0,5,,0,,0,0,community,9,1,earnings_results,2,1,false,false,true,sibanye_context_without_case_anchor_review,Sibanye appears with labour/social context but no Marikana/Lonmin anchor; review before exclusion.,,,
SEC-MEDIA-0544,Engineering News,https://www.engineeringnews.co.za/article/sibanye-announces-senior-management-appointments-2022-03-28,https://engineeringnews.co.za/article/sibanye-announces-senior-management-appointments-2022-03-28,2022,Sibanye Announces Senior Management Appointments,secondary_keyword_only_review,https://www.engineeringnews.co.za/article/sibanye-announces-senior-management-appointments-2022-03-28,retrieved_extracted,,2022-03-28,634,dc522860b5ffb1379b32a00353cf6aa23b8ecdbffda551bd3c36ecdc2bc95672,0,5,,0,worker_miner,1,1,commission_inquiry,1,1,earnings_results;commodity_market,4,2,false,false,false,sibanye_context_without_case_anchor_review,Sibanye appears with labour/social context but no Marikana/Lonmin anchor; review before exclusion.,,,
SEC-MEDIA-0545,Engineering News,https://www.engineeringnews.co.za/article/sibanye-announces-senior-management-changes-2021-01-22,https://engineeringnews.co.za/article/sibanye-announces-senior-management-changes-2021-01-22,2021,Sibanye Announces Senior Management Changes,secondary_keyword_only_review,https://www.engineeringnews.co.za/article/sibanye-announces-senior-management-changes-2021-01-22,retrieved_extracted,,2021-01-22,499,4d46b7d872e4d8cbaa9731176367b1ab3a22bf1d9642206d05475d729ee87769,0,5,marikana,1,worker_miner,1,1,,0,0,earnings_results,2,1,false,false,false,case_term_low_context_review,A case term occurs but context is insufficient to distinguish substantive treatment from incidental/place/project use.,,,
SEC-MEDIA-0546,Engineering News,https://www.engineeringnews.co.za/article/sibanye-appoints-chief-regional-officer-for-europe-2021-12-14,https://engineeringnews.co.za/article/sibanye-appoints-chief-regional-officer-for-europe-2021-12-14,2021,Sibanye Appoints Chief Regional Officer For Europe,secondary_keyword_only_review,https://www.engineeringnews.co.za/article/sibanye-appoints-chief-regional-officer-for-europe-2021-12-14,retrieved_extracted,,2021-12-14,611,73438b5bce507143f9709ac98c335bbadac66703cc39e8486ca2d678bd498093,0,6,,0,,0,0,,0,0,earnings_results;transaction,3,2,false,false,false,ambiguous_secondary_review,Signals are insufficient for a defensible secondary-queue decision.,,,
SEC-MEDIA-0547,Engineering News,https://www.engineeringnews.co.za/article/sibanye-appoints-chief-regional-officers-for-americas-southern-africa-2022-05-31,https://engineeringnews.co.za/article/sibanye-appoints-chief-regional-officers-for-americas-southern-africa-2022-05-31,2022,Sibanye Appoints Chief Regional Officers For Americas Southern Africa,secondary_keyword_only_review,https://www.engineeringnews.co.za/article/sibanye-appoints-chief-regional-officers-for-americas-southern-africa-2022-05-31,retrieved_extracted,,2022-05-31,631,a968ebb938997b8f064e5c50605225cbc5de625a1f3ade0b82c313b657120356,0,8,,0,,0,0,,0,0,earnings_results;exploration_project;commodity_market,4,3,false,false,false,ambiguous_secondary_review,Signals are insufficient for a defensible secondary-queue decision.,,,
SEC-MEDIA-0548,Engineering News,https://www.engineeringnews.co.za/article/sibanye-appoints-coo-for-us-region-2017-07-24,https://engineeringnews.co.za/article/sibanye-appoints-coo-for-us-region-2017-07-24,2017,Sibanye Appoints Coo For Us Region,secondary_keyword_only_review,https://www.engineeringnews.co.za/article/sibanye-appoints-coo-for-us-region-2017-07-24,retrieved_extracted,,2017-07-24,394,20894e932af65dcac6cc4274f85f0cffa39afc57c2fd3b0caa19c9b159b1461b,0,6,,0,worker_miner,2,1,,0,0,earnings_results;transaction;commodity_market,4,3,false,false,false,ambiguous_secondary_review,Signals are insufficient for a defensible secondary-queue decision.,,,
SEC-MEDIA-0549,Engineering News,https://www.engineeringnews.co.za/article/sibanye-appoints-maziya-as-new-non-executive-director-2017-05-24,https://engineeringnews.co.za/article/sibanye-appoints-maziya-as-new-non-executive-director-2017-05-24,2017,Sibanye Appoints Maziya As New Non Executive Director,secondary_keyword_only_review,https://www.engineeringnews.co.za/article/sibanye-appoints-maziya-as-new-non-executive-director-2017-05-24,retrieved_extracted,,2017-05-24,427,a9b980fb3addacb34301de34bf0a7e155720535e637ac936fc9c577ec5085272,0,2,,0,worker_miner,1,1,,0,0,earnings_results;funding_debt;exploration_project,7,3,false,false,false,ambiguous_secondary_review,Signals are insufficient for a defensible secondary-queue decision.,,,
SEC-MEDIA-0550,Engineering News,https://www.engineeringnews.co.za/article/sibanye-appoints-new-evp-for-us-pgms-operations-announces-other-management-changes-2023-08-29,https://engineeringnews.co.za/article/sibanye-appoints-new-evp-for-us-pgms-operations-announces-other-management-changes-2023-08-29,2023,Sibanye Appoints New Evp For Us Pgms Operations Announces Other Management Changes,secondary_keyword_only_review,https://www.engineeringnews.co.za/article/sibanye-appoints-new-evp-for-us-pgms-operations-announces-other-management-changes-2023-08-29,retrieved_extracted,,2023-08-29,515,50c24e38e2544dfce310cbbc4365941beb2b8d5cd13ab2acb26cc4ce1c91373d,0,4,,0,,0,0,,0,0,earnings_results;exploration_project,3,2,false,false,false,ambiguous_secondary_review,Signals are insufficient for a defensible secondary-queue decision.,,,
SEC-MEDIA-0551,Engineering News,https://www.engineeringnews.co.za/article/sibanye-appoints-non-independent-non-executive-directors-2019-12-18,https://engineeringnews.co.za/article/sibanye-appoints-non-independent-non-executive-directors-2019-12-18,2019,Sibanye Appoints Non Independent Non Executive Directors,secondary_keyword_only_review,https://www.engineeringnews.co.za/article/sibanye-appoints-non-independent-non-executive-directors-2019-12-18,retrieved_extracted,,2019-12-18,497,dddfb990b0e722b0e04ed3ff362f772c96419ce21dc548600165ffed235b81c8,0,5,,0,worker_miner,1,1,,0,0,earnings_results;funding_debt;transaction;exploration_project,10,4,false,false,false,ambiguous_secondary_review,Signals are insufficient for a defensible secondary-queue decision.,,,
SEC-MEDIA-0552,Engineering News,https://www.engineeringnews.co.za/article/sibanye-appoints-southern-africa-executive-vp-2017-07-13,https://engineeringnews.co.za/article/sibanye-appoints-southern-africa-executive-vp-2017-07-13,2017,Sibanye Appoints Southern Africa Executive Vp,secondary_keyword_only_review,https://www.engineeringnews.co.za/article/sibanye-appoints-southern-africa-executive-vp-2017-07-13,retrieved_extracted,,2017-07-13,492,9f6c6fb3e2312905af1176ca8cdf06ec52a87a809fbdf290b50929b95fff37ec,0,7,,0,worker_miner,2,1,,0,0,earnings_results;transaction;commodity_market,4,3,false,false,false,ambiguous_secondary_review,Signals are insufficient for a defensible secondary-queue decision.,,,
SEC-MEDIA-0553,Engineering News,https://www.engineeringnews.co.za/article/sibanye-appoints-vp-to-head-up-us-region-2017-07-03,https://engineeringnews.co.za/article/sibanye-appoints-vp-to-head-up-us-region-2017-07-03,2017,Sibanye Appoints Vp To Head Up Us Region,secondary_keyword_only_review,https://www.engineeringnews.co.za/article/sibanye-appoints-vp-to-head-up-us-region-2017-07-03,retrieved_extracted,,2017-07-03,493,ccbcc9daa355e2bb158f80e65140e1f243faf10e687bd3f87180966f9102f980,0,7,,0,worker_miner,1,1,,0,0,earnings_results,2,1,false,false,false,ambiguous_secondary_review,Signals are insufficient for a defensible secondary-queue decision.,,,
SEC-MEDIA-0554,Engineering News,https://www.engineeringnews.co.za/article/sibanye-approves-development-of-phase-2-of-keliber-lithium-project-2023-10-06,https://engineeringnews.co.za/article/sibanye-approves-development-of-phase-2-of-keliber-lithium-project-2023-10-06,2023,Sibanye Approves Development Of Phase 2 Of Keliber Lithium Project,secondary_keyword_only_review,https://www.engineeringnews.co.za/article/sibanye-approves-development-of-phase-2-of-keliber-lithium-project-2023-10-06,retrieved_extracted,,2023-10-06,613,9cc66e7890dcb837a869f6c1a61a5c525eee7f26e77668c5fb0a2e0f030663d1,0,4,,0,,0,0,,0,0,share_price;earnings_results;production_output;funding_debt;exploration_project,16,5,false,true,false,strong_routine_no_case_anchor,Routine corporate/financial/production article with no Marikana/Lonmin case anchor.,,,
SEC-MEDIA-0555,Engineering News,https://www.engineeringnews.co.za/article/sibanye-approves-feasibility-study-on-marathon-project-mulls-interest-increase-2021-04-30,https://engineeringnews.co.za/article/sibanye-approves-feasibility-study-on-marathon-project-mulls-interest-increase-2021-04-30,2021,Sibanye Approves Feasibility Study On Marathon Project Mulls Interest Increase,secondary_keyword_only_review,https://www.engineeringnews.co.za/article/sibanye-approves-feasibility-study-on-marathon-project-mulls-interest-increase-2021-04-30,retrieved_extracted,,2021-04-30,464,b1468ce18a7c7990422407a71708c5e222b22f74674545ff3d4ea1e4d5b41026,0,4,,0,,0,0,community,1,1,earnings_results;production_output;exploration_project,11,3,false,true,false,sibanye_context_without_case_anchor_review,Sibanye appears with labour/social context but no Marikana/Lonmin anchor; review before exclusion.,,,
SEC-MEDIA-0556,Engineering News,https://www.engineeringnews.co.za/article/sibanye-aquarius-deal-jumps-final-hurdle-2016-03-22,https://engineeringnews.co.za/article/sibanye-aquarius-deal-jumps-final-hurdle-2016-03-22,2016,Sibanye Aquarius Deal Jumps Final Hurdle,secondary_keyword_only_review,https://www.engineeringnews.co.za/article/sibanye-aquarius-deal-jumps-final-hurdle-2016-03-22,retrieved_extracted,,2016-03-22,451,60095e67b9729cd59a0170aa317769e08432cde79ee5ef9967c4ddc0be876b00,0,5,,0,,0,0,,0,0,share_price;earnings_results;transaction,8,3,false,false,false,ambiguous_secondary_review,Signals are insufficient for a defensible secondary-queue decision.,,,
SEC-MEDIA-0557,Engineering News,https://www.engineeringnews.co.za/article/sibanye-aquarius-deal-jumps-final-hurdle-2016-04-01,https://engineeringnews.co.za/article/sibanye-aquarius-deal-jumps-final-hurdle-2016-04-01,2016,Sibanye Aquarius Deal Jumps Final Hurdle,secondary_keyword_only_review,https://www.engineeringnews.co.za/article/sibanye-aquarius-deal-jumps-final-hurdle-2016-04-01,retrieved_extracted,,2016-04-01,421,fe99a128a47ab35e0a31fd1d9463d50afe4e378d700b26d852d1ac27270ffaf5,0,4,,0,,0,0,,0,0,share_price;earnings_results;transaction,6,3,false,false,false,ambiguous_secondary_review,Signals are insufficient for a defensible secondary-queue decision.,,,
SEC-MEDIA-0558,Engineering News,https://www.engineeringnews.co.za/article/sibanye-assumes-full-ownership-of-kroondal-from-amplats-earlier-than-expected-2023-11-01,https://engineeringnews.co.za/article/sibanye-assumes-full-ownership-of-kroondal-from-amplats-earlier-than-expected-2023-11-01,2023,Sibanye Assumes Full Ownership Of Kroondal From Amplats Earlier Than Expected,secondary_keyword_only_review,https://www.engineeringnews.co.za/article/sibanye-assumes-full-ownership-of-kroondal-from-amplats-earlier-than-expected-2023-11-01,retrieved_extracted,,2023-11-01,843,75d85023a1a6f72fc834da57c490e67e9ed1b6e01d48ef28c9bb83e6b4eb1b8c,0,10,,0,worker_miner;wage,2,2,commission_inquiry,1,1,share_price;earnings_results;production_output;transaction,12,4,false,false,false,sibanye_context_without_case_anchor_review,Sibanye appears with labour/social context but no Marikana/Lonmin anchor; review before exclusion.,,,
SEC-MEDIA-0559,Engineering News,https://www.engineeringnews.co.za/article/sibanye-awards-51-bursaries-2022-02-07,https://engineeringnews.co.za/article/sibanye-awards-51-bursaries-2022-02-07,2022,Sibanye Awards 51 Bursaries,secondary_keyword_only_review,https://www.engineeringnews.co.za/article/sibanye-awards-51-bursaries-2022-02-07,retrieved_extracted,,2022-02-07,517,cfc8638cc724f5c27d4054a78d6b5c6c6123a62c1c1a075573e94ced44c88e0b,0,6,marikana;bapo,2,,0,0,community,3,1,earnings_results,2,1,false,false,false,strong_case_context_supported,Body contains a high-specificity Marikana case term reinforced by labour/event/social/governance context.,,,
SEC-MEDIA-0560,Engineering News,https://www.engineeringnews.co.za/article/sibanye-backs-out-of-brazilian-base-metal-mines-acquisition-2022-01-24,https://engineeringnews.co.za/article/sibanye-backs-out-of-brazilian-base-metal-mines-acquisition-2022-01-24,2022,Sibanye Backs Out Of Brazilian Base Metal Mines Acquisition,secondary_keyword_only_review,https://www.engineeringnews.co.za/article/sibanye-backs-out-of-brazilian-base-metal-mines-acquisition-2022-01-24,retrieved_extracted,,2022-01-24,573,7f139e875889c53766a7194703d553ffacab43e2399f5a04a9de4d8d5be48bbe,0,6,,0,,0,0,,0,0,earnings_results;production_output;transaction;exploration_project,7,4,false,true,false,strong_routine_no_case_anchor,Routine corporate/financial/production article with no Marikana/Lonmin case anchor.,,,
SEC-MEDIA-0561,Engineering News,https://www.engineeringnews.co.za/article/sibanye-bags-saimm-gold-sector-safety-awards-2014-08-25,https://engineeringnews.co.za/article/sibanye-bags-saimm-gold-sector-safety-awards-2014-08-25,2014,Sibanye Bags Saimm Gold Sector Safety Awards,secondary_keyword_only_review,https://www.engineeringnews.co.za/article/sibanye-bags-saimm-gold-sector-safety-awards-2014-08-25,retrieved_extracted,,2014-08-25,438,096cc0ec35da6911d2b1c8e6c58d1f771122e3751fe9f89c8315f30b04ed8415,0,4,,0,,0,0,,0,0,earnings_results,2,1,false,false,false,ambiguous_secondary_review,Signals are insufficient for a defensible secondary-queue decision.,,,
SEC-MEDIA-0562,Engineering News,https://www.engineeringnews.co.za/article/sibanye-bags-saimm-gold-sector-safety-awards-2014-09-05,https://engineeringnews.co.za/article/sibanye-bags-saimm-gold-sector-safety-awards-2014-09-05,2014,Sibanye Bags Saimm Gold Sector Safety Awards,secondary_keyword_only_review,https://www.engineeringnews.co.za/article/sibanye-bags-saimm-gold-sector-safety-awards-2014-09-05,retrieved_extracted,,2014-09-05,266,c720aba17fa78b1ef7a4987b341682d4d662d137b980f591e44c2966b3dcd7ca,0,0,,0,,0,0,,0,0,earnings_results,2,1,false,false,false,no_case_anchor,"Extracted article text contains no Marikana, Lonmin or Sibanye anchor.",,,
SEC-MEDIA-0563,Engineering News,https://www.engineeringnews.co.za/article/sibanye-banks-on-us-mines-high-palladium-price-as-south-african-strike-spreads-2019-01-15,https://engineeringnews.co.za/article/sibanye-banks-on-us-mines-high-palladium-price-as-south-african-strike-spreads-2019-01-15,2019,Sibanye Banks On Us Mines High Palladium Price As South African Strike Spreads,secondary_keyword_only_review,https://www.engineeringnews.co.za/article/sibanye-banks-on-us-mines-high-palladium-price-as-south-african-strike-spreads-2019-01-15,retrieved_extracted,,2019-01-15,499,1fcb56fc8291cdf47d7dc0684b0479d15b6d92a68d8d9e5479a7ab5284669d33,0,4,,0,strike;worker_miner;wage;union,15,4,,0,0,earnings_results,2,1,false,false,true,sibanye_context_without_case_anchor_review,Sibanye appears with labour/social context but no Marikana/Lonmin anchor; review before exclusion.,,,
SEC-MEDIA-0564,Engineering News,https://www.engineeringnews.co.za/article/sibanye-becomes-latest-gold-producer-to-ink-3yr-wage-deal-with-unions-2015-10-22,https://engineeringnews.co.za/article/sibanye-becomes-latest-gold-producer-to-ink-3yr-wage-deal-with-unions-2015-10-22,2015,Sibanye Becomes Latest Gold Producer To Ink 3Yr Wage Deal With Unions,secondary_keyword_only_review,https://www.engineeringnews.co.za/article/sibanye-becomes-latest-gold-producer-to-ink-3yr-wage-deal-with-unions-2015-10-22,retrieved_extracted,,2015-10-22,885,e2d074eff8d997479d05c0f57a716a343bd141991c6fdae07c714bd3e156b113,0,6,,0,worker_miner;wage;union,28,3,commission_inquiry,1,1,earnings_results,2,1,false,false,false,sibanye_context_without_case_anchor_review,Sibanye appears with labour/social context but no Marikana/Lonmin anchor; review before exclusion.,,,
SEC-MEDIA-0565,Engineering News,https://www.engineeringnews.co.za/article/sibanye-bides-time-on-battery-metals-push-as-asset-prices-soar-2022-05-10,https://engineeringnews.co.za/article/sibanye-bides-time-on-battery-metals-push-as-asset-prices-soar-2022-05-10,2022,Sibanye Bides Time On Battery Metals Push As Asset Prices Soar,secondary_keyword_only_review,https://www.engineeringnews.co.za/article/sibanye-bides-time-on-battery-metals-push-as-asset-prices-soar-2022-05-10,retrieved_extracted,,2022-05-10,646,76e5cb99e719632479292826b8d8de737643104e8559d320074e06e05bbfff11,0,5,,0,worker_miner;protest_unrest,3,2,community,1,1,earnings_results;transaction;exploration_project,7,3,false,false,false,sibanye_context_without_case_anchor_review,Sibanye appears with labour/social context but no Marikana/Lonmin anchor; review before exclusion.,,,
SEC-MEDIA-0566,Engineering News,https://www.engineeringnews.co.za/article/sibanye-bids-r407m-for-wits-gold-2013-12-11,https://engineeringnews.co.za/article/sibanye-bids-r407m-for-wits-gold-2013-12-11,2013,Sibanye Bids R407M For Wits Gold,secondary_keyword_only_review,https://www.engineeringnews.co.za/article/sibanye-bids-r407m-for-wits-gold-2013-12-11,retrieved_extracted,,2013-12-11,1128,f6f3dd2dc33b88fec2118a44960e056aeef5ddddf334339efdc9e688bf36b942,0,15,,0,worker_miner,1,1,,0,0,share_price;earnings_results;production_output;funding_debt;transaction;exploration_project;commodity_market,27,7,false,false,false,ambiguous_secondary_review,Signals are insufficient for a defensible secondary-queue decision.,,,
SEC-MEDIA-0567,Engineering News,https://www.engineeringnews.co.za/article/sibanye-blames-workers-not-following-rules-as-mine-deaths-spike-2018-06-12,https://engineeringnews.co.za/article/sibanye-blames-workers-not-following-rules-as-mine-deaths-spike-2018-06-12,2018,Sibanye Blames Workers Not Following Rules As Mine Deaths Spike,secondary_keyword_only_review,https://www.engineeringnews.co.za/article/sibanye-blames-workers-not-following-rules-as-mine-deaths-spike-2018-06-12,retrieved_extracted,,2018-06-12,798,497b8f6373ff391d9f3656097c4df8b5f43ec0c557335dc51a7e9f940606125f,0,9,,0,worker_miner;shooting_death;union,17,3,,0,0,earnings_results,2,1,false,false,true,sibanye_context_without_case_anchor_review,Sibanye appears with labour/social context but no Marikana/Lonmin anchor; review before exclusion.,,,
SEC-MEDIA-0568,Engineering News,https://www.engineeringnews.co.za/article/sibanye-bolsters-support-for-higher-education-with-r15m-grant-to-uj-2017-08-18,https://engineeringnews.co.za/article/sibanye-bolsters-support-for-higher-education-with-r15m-grant-to-uj-2017-08-18,2017,Sibanye Bolsters Support For Higher Education With R15M Grant To Uj,secondary_keyword_only_review,https://www.engineeringnews.co.za/article/sibanye-bolsters-support-for-higher-education-with-r15m-grant-to-uj-2017-08-18,retrieved_extracted,,2017-08-18,717,e28ac0e30bf521300b69d3e04c32c6f9cf89889a001760c4b220600b5e684ca0,0,8,,0,worker_miner;shooting_death,2,2,housing,1,1,earnings_results;funding_debt;exploration_project,4,3,false,false,false,sibanye_context_without_case_anchor_review,Sibanye appears with labour/social context but no Marikana/Lonmin anchor; review before exclusion.,,,
SEC-MEDIA-0569,Engineering News,https://www.engineeringnews.co.za/article/sibanye-boosts-its-financial-assistance-programmes-for-employees-2015-06-26,https://engineeringnews.co.za/article/sibanye-boosts-its-financial-assistance-programmes-for-employees-2015-06-26,2015,Sibanye Boosts Its Financial Assistance Programmes For Employees,secondary_keyword_only_review,https://www.engineeringnews.co.za/article/sibanye-boosts-its-financial-assistance-programmes-for-employees-2015-06-26,retrieved_extracted,,2015-06-26,533,2982c9110d500694066642c9e40f50112a0750aa36f35915e3b93bc0accc8fe2,0,7,,0,worker_miner;wage,4,2,community,1,1,earnings_results;funding_debt,9,2,false,false,false,sibanye_context_without_case_anchor_review,Sibanye appears with labour/social context but no Marikana/Lonmin anchor; review before exclusion.,,,
SEC-MEDIA-0570,Engineering News,https://www.engineeringnews.co.za/article/sibanye-boosts-its-financial-assistance-programmes-for-employees-2015-07-10,https://engineeringnews.co.za/article/sibanye-boosts-its-financial-assistance-programmes-for-employees-2015-07-10,2015,Sibanye Boosts Its Financial Assistance Programmes For Employees,secondary_keyword_only_review,https://www.engineeringnews.co.za/article/sibanye-boosts-its-financial-assistance-programmes-for-employees-2015-07-10,retrieved_extracted,,2015-07-10,530,96e510779a6c09c8cc586a1739cca07be8ff903275d5a8a956057db705a4bf07,0,7,,0,worker_miner;wage,4,2,community,1,1,earnings_results;funding_debt,9,2,false,false,false,sibanye_context_without_case_anchor_review,Sibanye appears with labour/social context but no Marikana/Lonmin anchor; review before exclusion.,,,
SEC-MEDIA-0571,Engineering News,https://www.engineeringnews.co.za/article/sibanye-buys-back-about-3-of-shares-in-issue-2021-09-13,https://engineeringnews.co.za/article/sibanye-buys-back-about-3-of-shares-in-issue-2021-09-13,2021,Sibanye Buys Back About 3 Of Shares In Issue,secondary_keyword_only_review,https://www.engineeringnews.co.za/article/sibanye-buys-back-about-3-of-shares-in-issue-2021-09-13,retrieved_extracted,,2021-09-13,652,b218a9123cdacacc2e581242776005c0a5b072ab80ea789ff96e46b782a44a73,0,2,,0,worker_miner;wage,2,2,,0,0,share_price;earnings_results;transaction;dividend_rights;commodity_market,12,5,false,false,false,sibanye_context_without_case_anchor_review,Sibanye appears with labour/social context but no Marikana/Lonmin anchor; review before exclusion.,,,
SEC-MEDIA-0572,Engineering News,https://www.engineeringnews.co.za/article/sibanye-cements-lithium-expansion-with-keliber-foundation-stone-laying-2023-05-11,https://engineeringnews.co.za/article/sibanye-cements-lithium-expansion-with-keliber-foundation-stone-laying-2023-05-11,2023,Sibanye Cements Lithium Expansion With Keliber Foundation Stone Laying,secondary_keyword_only_review,https://www.engineeringnews.co.za/article/sibanye-cements-lithium-expansion-with-keliber-foundation-stone-laying-2023-05-11,retrieved_extracted,,2023-05-11,525,9d2729e0f445da3b49413b1ba4a831b8d0d28433b8b9079c3b093c9adc07035f,0,6,,0,,0,0,,0,0,earnings_results;funding_debt;dividend_rights;exploration_project,12,4,false,false,false,ambiguous_secondary_review,Signals are insufficient for a defensible secondary-queue decision.,,,
SEC-MEDIA-0573,Engineering News,https://www.engineeringnews.co.za/article/sibanye-ceo-eyes-future-gold-ma-worth-as-much-as-5bn-2020-02-24,https://engineeringnews.co.za/article/sibanye-ceo-eyes-future-gold-ma-worth-as-much-as-5bn-2020-02-24,2020,Sibanye Ceo Eyes Future Gold Ma Worth As Much As 5Bn,secondary_keyword_only_review,https://www.engineeringnews.co.za/article/sibanye-ceo-eyes-future-gold-ma-worth-as-much-as-5bn-2020-02-24,retrieved_extracted,,2020-02-24,658,fdddc5394bf1ee24c460332d9f49116160a02137dc0ef9473a00da927740a7f9,0,6,,0,worker_miner,1,1,,0,0,share_price;earnings_results;funding_debt;transaction;dividend_rights,11,5,false,false,false,ambiguous_secondary_review,Signals are insufficient for a defensible secondary-queue decision.,,,
SEC-MEDIA-0574,Engineering News,https://www.engineeringnews.co.za/article/sibanye-ceo-lauded-at-international-conference-2015-12-04,https://engineeringnews.co.za/article/sibanye-ceo-lauded-at-international-conference-2015-12-04,2015,Sibanye Ceo Lauded At International Conference,secondary_keyword_only_review,https://www.engineeringnews.co.za/article/sibanye-ceo-lauded-at-international-conference-2015-12-04,retrieved_extracted,,2015-12-04,415,bfb2dee91047282436bb1d082807eaa758419b89049bcfe6a4b70b8f22e3b201,0,4,,0,,0,0,,0,0,earnings_results,2,1,false,false,false,ambiguous_secondary_review,Signals are insufficient for a defensible secondary-queue decision.,,,
SEC-MEDIA-0575,Engineering News,https://www.engineeringnews.co.za/article/sibanye-ceo-says-seismic-events-a-fact-of-life-for-south-africa-mines-2018-06-07,https://engineeringnews.co.za/article/sibanye-ceo-says-seismic-events-a-fact-of-life-for-south-africa-mines-2018-06-07,2018,Sibanye Ceo Says Seismic Events A Fact Of Life For South Africa Mines,secondary_keyword_only_review,https://www.engineeringnews.co.za/article/sibanye-ceo-says-seismic-events-a-fact-of-life-for-south-africa-mines-2018-06-07,retrieved_extracted,,2018-06-07,724,c2d33562d69a8244646129c95d454a036a087e773f1e3f847644a826302dc51f,0,5,,0,worker_miner;shooting_death;union,11,3,,0,0,share_price;earnings_results,3,2,false,false,false,sibanye_context_without_case_anchor_review,Sibanye appears with labour/social context but no Marikana/Lonmin anchor; review before exclusion.,,,
SEC-MEDIA-0576,Engineering News,https://www.engineeringnews.co.za/article/sibanye-ceo-says-zambias-mopani-copper-mines-investment-not-onerous-2023-10-05,https://engineeringnews.co.za/article/sibanye-ceo-says-zambias-mopani-copper-mines-investment-not-onerous-2023-10-05,2023,Sibanye Ceo Says Zambias Mopani Copper Mines Investment Not Onerous,secondary_keyword_only_review,https://www.engineeringnews.co.za/article/sibanye-ceo-says-zambias-mopani-copper-mines-investment-not-onerous-2023-10-05,retrieved_extracted,,2023-10-05,666,c21aa6b70b63fe6c8330fd39005eeebf4e84c80ccc99bab1401a6c1107ca3824,0,6,,0,wage,1,1,,0,0,earnings_results;production_output;funding_debt;transaction;dividend_rights,9,5,false,false,false,ambiguous_secondary_review,Signals are insufficient for a defensible secondary-queue decision.,,,
SEC-MEDIA-0577,Engineering News,https://www.engineeringnews.co.za/article/sibanye-ceo-sees-wage-strike-unlikely-at-platinum-mines-2019-10-25,https://engineeringnews.co.za/article/sibanye-ceo-sees-wage-strike-unlikely-at-platinum-mines-2019-10-25,2019,Sibanye Ceo Sees Wage Strike Unlikely At Platinum Mines,secondary_keyword_only_review,https://www.engineeringnews.co.za/article/sibanye-ceo-sees-wage-strike-unlikely-at-platinum-mines-2019-10-25,retrieved_extracted,,2019-10-25,423,bbebd73552004090a0aaa93f1a38cc250e8ef717dab92894e457117d865618ca,0,2,marikana,1,strike;worker_miner;wage;union,16,4,commission_inquiry,1,1,earnings_results,2,1,false,false,true,strong_case_context_supported,Body contains a high-specificity Marikana case term reinforced by labour/event/social/governance context.,,,
SEC-MEDIA-0578,Engineering News,https://www.engineeringnews.co.za/article/sibanye-ceo-warns-of-platinum-mining-job-losses-as-price-plummets-2023-10-04,https://engineeringnews.co.za/article/sibanye-ceo-warns-of-platinum-mining-job-losses-as-price-plummets-2023-10-04,2023,Sibanye Ceo Warns Of Platinum Mining Job Losses As Price Plummets,secondary_keyword_only_review,https://www.engineeringnews.co.za/article/sibanye-ceo-warns-of-platinum-mining-job-losses-as-price-plummets-2023-10-04,retrieved_extracted,,2023-10-04,645,1185d402fbb05e29e940dfa16ed832a476b32e5446471729da844b4ff1740b64,0,4,,0,worker_miner,3,1,,0,0,earnings_results;production_output,9,2,false,false,true,ambiguous_secondary_review,Signals are insufficient for a defensible secondary-queue decision.,,,
SEC-MEDIA-0579,Engineering News,https://www.engineeringnews.co.za/article/sibanye-closes-5m-equity-investment-in-keliber-2022-03-17,https://engineeringnews.co.za/article/sibanye-closes-5m-equity-investment-in-keliber-2022-03-17,2022,Sibanye Closes 5M Equity Investment In Keliber,secondary_keyword_only_review,https://www.engineeringnews.co.za/article/sibanye-closes-5m-equity-investment-in-keliber-2022-03-17,retrieved_extracted,,2022-03-17,437,7f1cb33206c81edf0eab16541dc4654d59112ed78d3b4e151415d08fa6234d91,0,4,,0,,0,0,,0,0,share_price;earnings_results;production_output;exploration_project,5,4,false,false,false,ambiguous_secondary_review,Signals are insufficient for a defensible secondary-queue decision.,,,
SEC-MEDIA-0580,Engineering News,https://www.engineeringnews.co.za/article/sibanye-commits-additional-r30m-to-wits-digimine-2019-04-09,https://engineeringnews.co.za/article/sibanye-commits-additional-r30m-to-wits-digimine-2019-04-09,2019,Sibanye Commits Additional R30M To Wits Digimine,secondary_keyword_only_review,https://www.engineeringnews.co.za/article/sibanye-commits-additional-r30m-to-wits-digimine-2019-04-09,retrieved_extracted,,2019-04-09,889,62f20a7c66ecbc301d1333506843138ad05f90b7e7a223b6ed5f375a82388254,0,9,,0,,0,0,,0,0,earnings_results;funding_debt;exploration_project,7,3,false,false,false,ambiguous_secondary_review,Signals are insufficient for a defensible secondary-queue decision.,,,
SEC-MEDIA-0581,Engineering News,https://www.engineeringnews.co.za/article/sibanye-commits-additional-r30m-to-wits-digimine-2019-04-19,https://engineeringnews.co.za/article/sibanye-commits-additional-r30m-to-wits-digimine-2019-04-19,2019,Sibanye Commits Additional R30M To Wits Digimine,secondary_keyword_only_review,https://www.engineeringnews.co.za/article/sibanye-commits-additional-r30m-to-wits-digimine-2019-04-19,retrieved_extracted,,2019-04-19,266,c720aba17fa78b1ef7a4987b341682d4d662d137b980f591e44c2966b3dcd7ca,0,0,,0,,0,0,,0,0,earnings_results,2,1,false,false,false,no_case_anchor,"Extracted article text contains no Marikana, Lonmin or Sibanye anchor.",,,
SEC-MEDIA-0582,Engineering News,https://www.engineeringnews.co.za/article/sibanye-concludes-buyout-of-1999-stake-in-new-century-2021-12-08,https://engineeringnews.co.za/article/sibanye-concludes-buyout-of-1999-stake-in-new-century-2021-12-08,2021,Sibanye Concludes Buyout Of 1999 Stake In New Century,secondary_keyword_only_review,https://www.engineeringnews.co.za/article/sibanye-concludes-buyout-of-1999-stake-in-new-century-2021-12-08,retrieved_extracted,,2021-12-08,414,067b0b966026a0550cd33727521c66957dd87d170e98008a0953f89a95a8a54c,0,3,,0,worker_miner,1,1,,0,0,earnings_results;transaction;exploration_project,7,3,false,true,false,strong_routine_no_case_anchor,Routine corporate/financial/production article with no Marikana/Lonmin case anchor.,,,
SEC-MEDIA-0583,Engineering News,https://www.engineeringnews.co.za/article/sibanye-concludes-consultations-with-labour-over-kloof-4-restructuring-2023-12-01,https://engineeringnews.co.za/article/sibanye-concludes-consultations-with-labour-over-kloof-4-restructuring-2023-12-01,2023,Sibanye Concludes Consultations With Labour Over Kloof 4 Restructuring,secondary_keyword_only_review,https://www.engineeringnews.co.za/article/sibanye-concludes-consultations-with-labour-over-kloof-4-restructuring-2023-12-01,retrieved_extracted,,2023-12-01,622,98896525f426f5adf79eef69803013d23fc2c567f608c0c78804027adecfcc5d,0,5,,0,,0,0,,0,0,earnings_results;exploration_project,7,2,false,false,false,ambiguous_secondary_review,Signals are insufficient for a defensible secondary-queue decision.,,,
SEC-MEDIA-0584,Engineering News,https://www.engineeringnews.co.za/article/sibanye-concludes-r8bn-share-buyback-2021-10-05,https://engineeringnews.co.za/article/sibanye-concludes-r8bn-share-buyback-2021-10-05,2021,Sibanye Concludes R8Bn Share Buyback,secondary_keyword_only_review,https://www.engineeringnews.co.za/article/sibanye-concludes-r8bn-share-buyback-2021-10-05,retrieved_extracted,,2021-10-05,346,cbba02f16551e06fbbfa386af0171d7d7831123dd8ae12d5dfe9ce5391df5f34,0,2,,0,worker_miner,1,1,,0,0,share_price;earnings_results;commodity_market,6,3,false,false,false,ambiguous_secondary_review,Signals are insufficient for a defensible secondary-queue decision.,,,
SEC-MEDIA-0585,Engineering News,https://www.engineeringnews.co.za/article/sibanye-concludes-wcc-due-diligence-revised-term-sheet-expected-2016-02-02,https://engineeringnews.co.za/article/sibanye-concludes-wcc-due-diligence-revised-term-sheet-expected-2016-02-02,2016,Sibanye Concludes Wcc Due Diligence Revised Term Sheet Expected,secondary_keyword_only_review,https://www.engineeringnews.co.za/article/sibanye-concludes-wcc-due-diligence-revised-term-sheet-expected-2016-02-02,retrieved_extracted,,2016-02-02,451,94f0a5ec03ec77d3c37ec44d07dc2fe8c7f43f09d8da5aef1beb6cedde8fb166,0,4,,0,,0,0,,0,0,earnings_results;funding_debt,4,2,false,false,false,ambiguous_secondary_review,Signals are insufficient for a defensible secondary-queue decision.,,,
SEC-MEDIA-0586,Engineering News,https://www.engineeringnews.co.za/article/sibanye-concludes-wcc-due-diligence-revised-term-sheet-expected-2016-02-12,https://engineeringnews.co.za/article/sibanye-concludes-wcc-due-diligence-revised-term-sheet-expected-2016-02-12,2016,Sibanye Concludes Wcc Due Diligence Revised Term Sheet Expected,secondary_keyword_only_review,https://www.engineeringnews.co.za/article/sibanye-concludes-wcc-due-diligence-revised-term-sheet-expected-2016-02-12,retrieved_extracted,,2016-02-12,448,7579b244cf6a6cf7f6134d0bb2c2adb0acbf2ed900803d1bfb09ff251cf59d34,0,4,,0,,0,0,,0,0,earnings_results;funding_debt,4,2,false,false,false,ambiguous_secondary_review,Signals are insufficient for a defensible secondary-queue decision.,,,
SEC-MEDIA-0587,Engineering News,https://www.engineeringnews.co.za/article/sibanye-condemns-violent-protest-at-its-south-african-gold-mines-2018-12-11,https://engineeringnews.co.za/article/sibanye-condemns-violent-protest-at-its-south-african-gold-mines-2018-12-11,2018,Sibanye Condemns Violent Protest At Its South African Gold Mines,secondary_keyword_only_review,https://www.engineeringnews.co.za/article/sibanye-condemns-violent-protest-at-its-south-african-gold-mines-2018-12-11,retrieved_extracted,,2018-12-11,413,465400eea8c66ff10944063cb4ee7851ff85bf4c4f7abdf1c73bcc2dab60c7cd,0,3,,0,strike;worker_miner;police;union;protest_unrest,10,5,,0,0,earnings_results,2,1,false,false,false,sibanye_context_without_case_anchor_review,Sibanye appears with labour/social context but no Marikana/Lonmin anchor; review before exclusion.,,,
SEC-MEDIA-0588,Engineering News,https://www.engineeringnews.co.za/article/sibanye-considers-closing-unprofitable-shafts-at-gold-mines-2019-02-12,https://engineeringnews.co.za/article/sibanye-considers-closing-unprofitable-shafts-at-gold-mines-2019-02-12,2019,Sibanye Considers Closing Unprofitable Shafts At Gold Mines,secondary_keyword_only_review,https://www.engineeringnews.co.za/article/sibanye-considers-closing-unprofitable-shafts-at-gold-mines-2019-02-12,retrieved_extracted,,2019-02-12,556,7adcbee2012932591d2898fb82bb6655b7d78c84048e1acd92f08bf6fa3fe329,0,6,,0,strike;worker_miner;wage;union,14,4,,0,0,earnings_results;production_output,8,2,false,false,false,sibanye_context_without_case_anchor_review,Sibanye appears with labour/social context but no Marikana/Lonmin anchor; review before exclusion.,,,
SEC-MEDIA-0589,Engineering News,https://www.engineeringnews.co.za/article/sibanye-considers-restructuring-gold-operations-says-fy-loss-to-narrow-to-r1bn-2019-02-14,https://engineeringnews.co.za/article/sibanye-considers-restructuring-gold-operations-says-fy-loss-to-narrow-to-r1bn-2019-02-14,2019,Sibanye Considers Restructuring Gold Operations Says Fy Loss To Narrow To R1Bn,secondary_keyword_only_review,https://www.engineeringnews.co.za/article/sibanye-considers-restructuring-gold-operations-says-fy-loss-to-narrow-to-r1bn-2019-02-14,retrieved_extracted,,2019-02-14,879,59a7c08224d0f55c0196112148779208d7e2e7f1ce52b8546f89c664e4bf19a6,0,6,,0,strike;worker_miner;wage;union,16,4,,0,0,share_price;earnings_results;exploration_project,23,3,false,false,false,sibanye_context_without_case_anchor_review,Sibanye appears with labour/social context but no Marikana/Lonmin anchor; review before exclusion.,,,
SEC-MEDIA-0590,Engineering News,https://www.engineeringnews.co.za/article/sibanye-continues-to-increase-geographical-diversity-through-m-2021-04-30,https://engineeringnews.co.za/article/sibanye-continues-to-increase-geographical-diversity-through-m-2021-04-30,2021,Sibanye Continues To Increase Geographical Diversity Through M,secondary_keyword_only_review,https://www.engineeringnews.co.za/article/sibanye-continues-to-increase-geographical-diversity-through-m-2021-04-30,retrieved_extracted,,2021-04-30,1127,732d2ae27db167544ea41c8f476b3e4e30b2e5e8a49b0c346b72a985f4dbb5e9,0,14,,0,worker_miner,12,1,,0,0,share_price;earnings_results;transaction;exploration_project;commodity_market,15,5,false,false,false,ambiguous_secondary_review,Signals are insufficient for a defensible secondary-queue decision.,,,
SEC-MEDIA-0591,Engineering News,https://www.engineeringnews.co.za/article/sibanye-continues-to-increase-geographical-diversity-through-mas-says-froneman-2021-04-14,https://engineeringnews.co.za/article/sibanye-continues-to-increase-geographical-diversity-through-mas-says-froneman-2021-04-14,2021,Sibanye Continues To Increase Geographical Diversity Through Mas Says Froneman,secondary_keyword_only_review,https://www.engineeringnews.co.za/article/sibanye-continues-to-increase-geographical-diversity-through-mas-says-froneman-2021-04-14,retrieved_extracted,,2021-04-14,1155,869307a7c6a98e62f6d30852e536e91a19a62d81343f681ba7dc7eef2c1ce9c8,0,16,,0,worker_miner,13,1,,0,0,share_price;earnings_results;transaction;exploration_project;commodity_market,15,5,false,false,false,ambiguous_secondary_review,Signals are insufficient for a defensible secondary-queue decision.,,,
SEC-MEDIA-0592,Engineering News,https://www.engineeringnews.co.za/article/sibanye-creates-gold-tailings-deal-with-drdgold-2017-11-23,https://engineeringnews.co.za/article/sibanye-creates-gold-tailings-deal-with-drdgold-2017-11-23,2017,Sibanye Creates Gold Tailings Deal With Drdgold,secondary_keyword_only_review,https://www.engineeringnews.co.za/article/sibanye-creates-gold-tailings-deal-with-drdgold-2017-11-23,retrieved_extracted,,2017-11-23,328,f9426bd70dcf8f161939116e1e4bd7dd21f79e9796ad93701e3dcff827ec3d95,0,2,,0,,0,0,,0,0,earnings_results;exploration_project,4,2,false,true,false,strong_routine_no_case_anchor,Routine corporate/financial/production article with no Marikana/Lonmin case anchor.,,,
SEC-MEDIA-0593,Engineering News,https://www.engineeringnews.co.za/article/sibanye-declares-us-resource-under-proudly-south-african-code-2017-11-14,https://engineeringnews.co.za/article/sibanye-declares-us-resource-under-proudly-south-african-code-2017-11-14,2017,Sibanye Declares Us Resource Under Proudly South African Code,secondary_keyword_only_review,https://www.engineeringnews.co.za/article/sibanye-declares-us-resource-under-proudly-south-african-code-2017-11-14,retrieved_extracted,,2017-11-14,679,2df2cb22c3503342a991f8dd7c1dfda95c4892115a5e27f6e98435749374d84d,0,4,,0,,0,0,commission_inquiry,1,1,earnings_results;production_output;transaction;exploration_project;commodity_market,12,5,false,false,false,sibanye_context_without_case_anchor_review,Sibanye appears with labour/social context but no Marikana/Lonmin anchor; review before exclusion.,,,
SEC-MEDIA-0594,Engineering News,https://www.engineeringnews.co.za/article/sibanye-declares-us-resource-under-proudly-south-african-code-2017-11-24,https://engineeringnews.co.za/article/sibanye-declares-us-resource-under-proudly-south-african-code-2017-11-24,2017,Sibanye Declares Us Resource Under Proudly South African Code,secondary_keyword_only_review,https://www.engineeringnews.co.za/article/sibanye-declares-us-resource-under-proudly-south-african-code-2017-11-24,retrieved_extracted,,2017-11-24,675,9344e5a37e7f811e0555637625b466cde58318d0c7e0b10bbd5ede2989b38765,0,4,,0,,0,0,commission_inquiry,1,1,earnings_results;production_output;transaction;exploration_project;commodity_market,12,5,false,false,false,sibanye_context_without_case_anchor_review,Sibanye appears with labour/social context but no Marikana/Lonmin anchor; review before exclusion.,,,
SEC-MEDIA-0595,Engineering News,https://www.engineeringnews.co.za/article/sibanye-digs-in-as-amcu-opts-for-protected-strike-2016-04-04,https://engineeringnews.co.za/article/sibanye-digs-in-as-amcu-opts-for-protected-strike-2016-04-04,2016,Sibanye Digs In As Amcu Opts For Protected Strike,secondary_keyword_only_review,https://www.engineeringnews.co.za/article/sibanye-digs-in-as-amcu-opts-for-protected-strike-2016-04-04,retrieved_extracted,,2016-04-04,1212,a00d0be14794ff85eb9f0ce571dd0068027cbc7c03a408cfabb9bcaa10948802,0,10,,0,strike;worker_miner;wage;union,39,4,housing;community,4,2,share_price;earnings_results;dividend_rights,9,3,false,false,true,sibanye_context_without_case_anchor_review,Sibanye appears with labour/social context but no Marikana/Lonmin anchor; review before exclusion.,,,
SEC-MEDIA-0596,Engineering News,https://www.engineeringnews.co.za/article/sibanye-dismisses-1-514-striking-workers-at-cooke-2017-06-15,https://engineeringnews.co.za/article/sibanye-dismisses-1-514-striking-workers-at-cooke-2017-06-15,2017,Sibanye Dismisses 1 514 Striking Workers At Cooke,secondary_keyword_only_review,https://www.engineeringnews.co.za/article/sibanye-dismisses-1-514-striking-workers-at-cooke-2017-06-15,retrieved_extracted,,2017-06-15,455,ab28cdae81d07ebf00c863ea5899f25773f62ebf972615ab94cd7a919573bb7d,0,3,,0,strike;worker_miner;union,16,3,,0,0,earnings_results;production_output,3,2,false,false,true,sibanye_context_without_case_anchor_review,Sibanye appears with labour/social context but no Marikana/Lonmin anchor; review before exclusion.,,,
SEC-MEDIA-0597,Engineering News,https://www.engineeringnews.co.za/article/sibanye-displays-new-mining-machine-at-joburg-indaba-2015-10-14,https://engineeringnews.co.za/article/sibanye-displays-new-mining-machine-at-joburg-indaba-2015-10-14,2015,Sibanye Displays New Mining Machine At Joburg Indaba,secondary_keyword_only_review,https://www.engineeringnews.co.za/article/sibanye-displays-new-mining-machine-at-joburg-indaba-2015-10-14,retrieved_extracted,,2015-10-14,582,eaebc6f70877b28dfbf847c896ced0c217133075e6a087db3add539be1c25ff3,0,3,,0,,0,0,,0,0,earnings_results,2,1,false,false,false,ambiguous_secondary_review,Signals are insufficient for a defensible secondary-queue decision.,,,
SEC-MEDIA-0598,Engineering News,https://www.engineeringnews.co.za/article/sibanye-displays-new-mining-machine-at-joburg-indaba-2015-10-23,https://engineeringnews.co.za/article/sibanye-displays-new-mining-machine-at-joburg-indaba-2015-10-23,2015,Sibanye Displays New Mining Machine At Joburg Indaba,secondary_keyword_only_review,https://www.engineeringnews.co.za/article/sibanye-displays-new-mining-machine-at-joburg-indaba-2015-10-23,retrieved_extracted,,2015-10-23,576,4e4839375abb1e6903bf27db1d7eb73bbbf213f373df5d95008bc775e9c89a5c,0,3,,0,,0,0,,0,0,earnings_results,2,1,false,false,false,ambiguous_secondary_review,Signals are insufficient for a defensible secondary-queue decision.,,,
SEC-MEDIA-0599,Engineering News,https://www.engineeringnews.co.za/article/sibanye-dives-deeper-into-circular-economy-with-155m-deal-2023-11-24,https://engineeringnews.co.za/article/sibanye-dives-deeper-into-circular-economy-with-155m-deal-2023-11-24,2023,Sibanye Dives Deeper Into Circular Economy With 155M Deal,secondary_keyword_only_review,https://www.engineeringnews.co.za/article/sibanye-dives-deeper-into-circular-economy-with-155m-deal-2023-11-24,retrieved_extracted,,2023-11-24,612,9cb4b25f63ab937b46dc932bf0ea08044614fd5cf50bb657817c1071775976b9,0,5,,0,,0,0,,0,0,earnings_results;production_output;transaction;commodity_market,11,4,false,false,false,ambiguous_secondary_review,Signals are insufficient for a defensible secondary-queue decision.,,,
SEC-MEDIA-0600,Engineering News,https://www.engineeringnews.co.za/article/sibanye-donates-r25m-to-mining-engineering-education-2014-08-08,https://engineeringnews.co.za/article/sibanye-donates-r25m-to-mining-engineering-education-2014-08-08,2014,Sibanye Donates R25M To Mining Engineering Education,secondary_keyword_only_review,https://www.engineeringnews.co.za/article/sibanye-donates-r25m-to-mining-engineering-education-2014-08-08,retrieved_extracted,,2014-08-08,647,b089a4a45b1f18557ffce45f557c78a7f12fdcb717ad5909c0d77a87b137e9f6,0,8,,0,,0,0,community,5,1,earnings_results,2,1,false,false,false,sibanye_context_without_case_anchor_review,Sibanye appears with labour/social context but no Marikana/Lonmin anchor; review before exclusion.,,,
SEC-MEDIA-0601,Engineering News,https://www.engineeringnews.co.za/article/sibanye-donates-r30m-to-uj-wits-2017-08-15,https://engineeringnews.co.za/article/sibanye-donates-r30m-to-uj-wits-2017-08-15,2017,Sibanye Donates R30M To Uj Wits,secondary_keyword_only_review,https://www.engineeringnews.co.za/article/sibanye-donates-r30m-to-uj-wits-2017-08-15,retrieved_extracted,,2017-08-15,471,3aa75cf6fd6f9b50405a060c802dee26a9e0ede3b1372d5da73135aac44a0e76,0,3,,0,,0,0,,0,0,earnings_results;funding_debt,3,2,false,false,false,ambiguous_secondary_review,Signals are insufficient for a defensible secondary-queue decision.,,,
SEC-MEDIA-0602,Engineering News,https://www.engineeringnews.co.za/article/sibanye-donates-r52m-to-wits-for-bridge-refurbishment-scholarships-2021-08-19,https://engineeringnews.co.za/article/sibanye-donates-r52m-to-wits-for-bridge-refurbishment-scholarships-2021-08-19,2021,Sibanye Donates R52M To Wits For Bridge Refurbishment Scholarships,secondary_keyword_only_review,https://www.engineeringnews.co.za/article/sibanye-donates-r52m-to-wits-for-bridge-refurbishment-scholarships-2021-08-19,retrieved_extracted,,2021-08-19,596,922445bbe2e33fc1a788be37e82499ef1611f526641095ef6c5914170d715636,0,6,,0,worker_miner,1,1,,0,0,earnings_results;funding_debt,3,2,false,false,false,ambiguous_secondary_review,Signals are insufficient for a defensible secondary-queue decision.,,,
SEC-MEDIA-0603,Engineering News,https://www.engineeringnews.co.za/article/sibanye-elects-not-to-up-stake-in-canada-palladiumcopper-venture-2021-07-22,https://engineeringnews.co.za/article/sibanye-elects-not-to-up-stake-in-canada-palladiumcopper-venture-2021-07-22,2021,Sibanye Elects Not To Up Stake In Canada Palladiumcopper Venture,secondary_keyword_only_review,https://www.engineeringnews.co.za/article/sibanye-elects-not-to-up-stake-in-canada-palladiumcopper-venture-2021-07-22,retrieved_extracted,,2021-07-22,509,d096426e2701d84b059f78a6fbb73931b9ec4b2f71be34038d5e5be8c576506a,0,3,,0,,0,0,,0,0,share_price;earnings_results;production_output;transaction;exploration_project,9,5,false,true,false,strong_routine_no_case_anchor,Routine corporate/financial/production article with no Marikana/Lonmin case anchor.,,,
SEC-MEDIA-0604,Engineering News,https://www.engineeringnews.co.za/article/sibanye-enters-into-500m-streaming-deal-with-wheaton-international-2018-07-16,https://engineeringnews.co.za/article/sibanye-enters-into-500m-streaming-deal-with-wheaton-international-2018-07-16,2018,Sibanye Enters Into 500M Streaming Deal With Wheaton International,secondary_keyword_only_review,https://www.engineeringnews.co.za/article/sibanye-enters-into-500m-streaming-deal-with-wheaton-international-2018-07-16,retrieved_extracted,,2018-07-16,656,f4fa9f17e7a4f67a9bc5c4fb046cd7f140b57235af81d3271ee0d626c05ecff4,0,7,,0,wage,2,1,,0,0,earnings_results;production_output;funding_debt;transaction;exploration_project;commodity_market,20,6,false,false,false,ambiguous_secondary_review,Signals are insufficient for a defensible secondary-queue decision.,,,
SEC-MEDIA-0605,Engineering News,https://www.engineeringnews.co.za/article/sibanye-enters-into-500m-streaming-deal-with-wheaton-international-2018-07-27,https://engineeringnews.co.za/article/sibanye-enters-into-500m-streaming-deal-with-wheaton-international-2018-07-27,2018,Sibanye Enters Into 500M Streaming Deal With Wheaton International,secondary_keyword_only_review,https://www.engineeringnews.co.za/article/sibanye-enters-into-500m-streaming-deal-with-wheaton-international-2018-07-27,retrieved_extracted,,2018-07-27,396,4b97a2f978feec5d1d3981afc97e109cc533925bf81582bc22e314062c228fa1,0,4,,0,,0,0,,0,0,earnings_results;funding_debt,4,2,false,false,false,ambiguous_secondary_review,Signals are insufficient for a defensible secondary-queue decision.,,,
SEC-MEDIA-0606,Engineering News,https://www.engineeringnews.co.za/article/sibanye-enters-into-strategic-exploration-partnership-to-unlock-value-in-argentina-2018-06-29,https://engineeringnews.co.za/article/sibanye-enters-into-strategic-exploration-partnership-to-unlock-value-in-argentina-2018-06-29,2018,Sibanye Enters Into Strategic Exploration Partnership To Unlock Value In Argentina,secondary_keyword_only_review,https://www.engineeringnews.co.za/article/sibanye-enters-into-strategic-exploration-partnership-to-unlock-value-in-argentina-2018-06-29,retrieved_extracted,,2018-06-29,669,bc0da1dcb15d2f79d8020651f7a0e9b875ab445d919c90242fe63d818fa50311,0,7,,0,worker_miner,2,1,,0,0,earnings_results;funding_debt;exploration_project,14,3,false,false,false,ambiguous_secondary_review,Signals are insufficient for a defensible secondary-queue decision.,,,
SEC-MEDIA-0607,Engineering News,https://www.engineeringnews.co.za/article/sibanye-enters-section-189-consultations-at-beleaguered-beatrix-mine-2013-04-02,https://engineeringnews.co.za/article/sibanye-enters-section-189-consultations-at-beleaguered-beatrix-mine-2013-04-02,2013,Sibanye Enters Section 189 Consultations At Beleaguered Beatrix Mine,secondary_keyword_only_review,https://www.engineeringnews.co.za/article/sibanye-enters-section-189-consultations-at-beleaguered-beatrix-mine-2013-04-02,retrieved_extracted,,2013-04-02,519,9ea71c8185bfc0a8d5bed3c425d3c514dfdc2b32c245b43a0e2447249bc5ce29,0,4,,0,,0,0,,0,0,earnings_results;production_output,6,2,false,false,false,ambiguous_secondary_review,Signals are insufficient for a defensible secondary-queue decision.,,,
SEC-MEDIA-0608,Engineering News,https://www.engineeringnews.co.za/article/sibanye-establishes-board-investment-committee-2021-02-17,https://engineeringnews.co.za/article/sibanye-establishes-board-investment-committee-2021-02-17,2021,Sibanye Establishes Board Investment Committee,secondary_keyword_only_review,https://www.engineeringnews.co.za/article/sibanye-establishes-board-investment-committee-2021-02-17,retrieved_extracted,,2021-02-17,355,16ede8624642fdddb6dc4bdb0183ce6a783acfb31dfcce06eaa8376457b5e0ec,0,3,,0,worker_miner,1,1,,0,0,earnings_results,2,1,false,false,false,ambiguous_secondary_review,Signals are insufficient for a defensible secondary-queue decision.,,,
SEC-MEDIA-0609,Engineering News,https://www.engineeringnews.co.za/article/sibanye-exercises-option-on-australian-copper-mine-2023-11-01,https://engineeringnews.co.za/article/sibanye-exercises-option-on-australian-copper-mine-2023-11-01,2023,Sibanye Exercises Option On Australian Copper Mine,secondary_keyword_only_review,https://www.engineeringnews.co.za/article/sibanye-exercises-option-on-australian-copper-mine-2023-11-01,retrieved_extracted,,2023-11-01,547,2e453ffc91dce2e5a111df2f0d1a21567c8022d6e7f60cca5324d3be66c5bbf2,0,5,,0,,0,0,,0,0,earnings_results;production_output;transaction;exploration_project,15,4,false,false,false,ambiguous_secondary_review,Signals are insufficient for a defensible secondary-queue decision.,,,
SEC-MEDIA-0610,Engineering News,https://www.engineeringnews.co.za/article/sibanye-exercises-option-on-australian-copper-mine-2023-11-17,https://engineeringnews.co.za/article/sibanye-exercises-option-on-australian-copper-mine-2023-11-17,2023,Sibanye Exercises Option On Australian Copper Mine,secondary_keyword_only_review,https://www.engineeringnews.co.za/article/sibanye-exercises-option-on-australian-copper-mine-2023-11-17,retrieved_extracted,,2023-11-17,508,3775d49122f6a46c1254082b5965285bf8c563182d5ba20d19ae074abd4a6739,0,5,,0,,0,0,,0,0,earnings_results;production_output;transaction;exploration_project,14,4,false,false,false,ambiguous_secondary_review,Signals are insufficient for a defensible secondary-queue decision.,,,
SEC-MEDIA-0611,Engineering News,https://www.engineeringnews.co.za/article/sibanye-expands-tailings-retreatment-exposure-by-acquiring-1999-stake-in-australian-company-2021-10-27,https://engineeringnews.co.za/article/sibanye-expands-tailings-retreatment-exposure-by-acquiring-1999-stake-in-australian-company-2021-10-27,2021,Sibanye Expands Tailings Retreatment Exposure By Acquiring 1999 Stake In Australian Company,secondary_keyword_only_review,https://www.engineeringnews.co.za/article/sibanye-expands-tailings-retreatment-exposure-by-acquiring-1999-stake-in-australian-company-2021-10-27,retrieved_extracted,,2021-10-27,986,199dc15de4bf962ce1ed2108e7dab43c1993c49bdd7c691af2e936a98286fb67,0,16,,0,,0,0,,0,0,share_price;earnings_results;production_output;transaction;exploration_project;commodity_market,24,6,false,true,false,strong_routine_no_case_anchor,Routine corporate/financial/production article with no Marikana/Lonmin case anchor.,,,
SEC-MEDIA-0612,Engineering News,https://www.engineeringnews.co.za/article/sibanye-expects-further-improvements-after-better-second-quarter-2019-08-08,https://engineeringnews.co.za/article/sibanye-expects-further-improvements-after-better-second-quarter-2019-08-08,2019,Sibanye Expects Further Improvements After Better Second Quarter,secondary_keyword_only_review,https://www.engineeringnews.co.za/article/sibanye-expects-further-improvements-after-better-second-quarter-2019-08-08,retrieved_extracted,,2019-08-08,804,98bd9efb131adee591f6184a6fc5df1c93b605c9a403041426bb5079415886f0,0,3,marikana,3,strike,2,1,,0,0,earnings_results;production_output;exploration_project,20,3,false,false,false,case_term_low_context_review,A case term occurs but context is insufficient to distinguish substantive treatment from incidental/place/project use.,,,
SEC-MEDIA-0613,Engineering News,https://www.engineeringnews.co.za/article/sibanye-expects-half-year-earnings-of-120c-a-share-2013-10-23,https://engineeringnews.co.za/article/sibanye-expects-half-year-earnings-of-120c-a-share-2013-10-23,2013,Sibanye Expects Half Year Earnings Of 120C A Share,secondary_keyword_only_review,https://www.engineeringnews.co.za/article/sibanye-expects-half-year-earnings-of-120c-a-share-2013-10-23,retrieved_extracted,,2013-10-23,373,befea267a977c311e9a93b39f66b3829281f16a591e586a108933515554be08e,0,3,,0,,0,0,,0,0,share_price;earnings_results,8,2,false,true,false,strong_routine_no_case_anchor,Routine corporate/financial/production article with no Marikana/Lonmin case anchor.,,,
SEC-MEDIA-0614,Engineering News,https://www.engineeringnews.co.za/article/sibanye-expects-higher-h1-eps-2014-07-25,https://engineeringnews.co.za/article/sibanye-expects-higher-h1-eps-2014-07-25,2014,Sibanye Expects Higher H1 Eps,secondary_keyword_only_review,https://www.engineeringnews.co.za/article/sibanye-expects-higher-h1-eps-2014-07-25,retrieved_extracted,,2014-07-25,477,c479395c7b89612c8749fa3bc3efe15d39b74d9572f147583e8a1dabd7c0ff97,0,4,,0,worker_miner,1,1,,0,0,share_price;earnings_results;funding_debt;transaction;exploration_project,13,5,false,false,false,ambiguous_secondary_review,Signals are insufficient for a defensible secondary-queue decision.,,,
SEC-MEDIA-0615,Engineering News,https://www.engineeringnews.co.za/article/sibanye-expects-lower-fy-earnings-2016-02-23,https://engineeringnews.co.za/article/sibanye-expects-lower-fy-earnings-2016-02-23,2016,Sibanye Expects Lower Fy Earnings,secondary_keyword_only_review,https://www.engineeringnews.co.za/article/sibanye-expects-lower-fy-earnings-2016-02-23,retrieved_extracted,,2016-02-23,476,5fc196d283d4bd37178019af78e8cc791c507225a0ee7fae31d8c4f5ffd8aa77,0,2,,0,,0,0,,0,0,share_price;earnings_results;production_output;transaction,13,4,false,true,false,strong_routine_no_case_anchor,Routine corporate/financial/production article with no Marikana/Lonmin case anchor.,,,
SEC-MEDIA-0616,Engineering News,https://www.engineeringnews.co.za/article/sibanye-expects-significant-improvement-in-2020-profit-earnings-2021-02-05,https://engineeringnews.co.za/article/sibanye-expects-significant-improvement-in-2020-profit-earnings-2021-02-05,2021,Sibanye Expects Significant Improvement In 2020 Profit Earnings,secondary_keyword_only_review,https://www.engineeringnews.co.za/article/sibanye-expects-significant-improvement-in-2020-profit-earnings-2021-02-05,retrieved_extracted,,2021-02-05,701,5c391ff3631896d4d85568ca0e6470a62097d49b5c4b6382e4e931b397537905,1,5,marikana,1,strike;worker_miner,2,2,,0,0,share_price;earnings_results;production_output;funding_debt;transaction;commodity_market,24,6,false,true,false,strong_case_context_supported,Body contains a high-specificity Marikana case term reinforced by labour/event/social/governance context.,,,
SEC-MEDIA-0617,Engineering News,https://www.engineeringnews.co.za/article/sibanye-expects-triple-digit-surge-in-h1-earnings-2016-07-27,https://engineeringnews.co.za/article/sibanye-expects-triple-digit-surge-in-h1-earnings-2016-07-27,2016,Sibanye Expects Triple Digit Surge In H1 Earnings,secondary_keyword_only_review,https://www.engineeringnews.co.za/article/sibanye-expects-triple-digit-surge-in-h1-earnings-2016-07-27,retrieved_extracted,,2016-07-27,639,f8293b8de3ad2313c3a4d47a691128336670f4f93e09025316fbcdf2e2df7cf0,0,5,,0,,0,0,,0,0,share_price;earnings_results;production_output,16,3,false,true,false,strong_routine_no_case_anchor,Routine corporate/financial/production article with no Marikana/Lonmin case anchor.,,,
SEC-MEDIA-0618,Engineering News,https://www.engineeringnews.co.za/article/sibanye-exploring-further-means-of-treating-water-extracting-value-2022-10-06,https://engineeringnews.co.za/article/sibanye-exploring-further-means-of-treating-water-extracting-value-2022-10-06,2022,Sibanye Exploring Further Means Of Treating Water Extracting Value,secondary_keyword_only_review,https://www.engineeringnews.co.za/article/sibanye-exploring-further-means-of-treating-water-extracting-value-2022-10-06,retrieved_extracted,,2022-10-06,1290,12c707739c65ae1edc0993139f76c1e0d91f96e33954f00d7521d33bfef26183,0,8,,0,worker_miner;wage,2,2,community,1,1,earnings_results;transaction;exploration_project;commodity_market,12,4,false,false,false,sibanye_context_without_case_anchor_review,Sibanye appears with labour/social context but no Marikana/Lonmin anchor; review before exclusion.,,,
SEC-MEDIA-0619,Engineering News,https://www.engineeringnews.co.za/article/sibanye-exploring-further-means-of-treating-water-extracting-value-2022-10-21,https://engineeringnews.co.za/article/sibanye-exploring-further-means-of-treating-water-extracting-value-2022-10-21,2022,Sibanye Exploring Further Means Of Treating Water Extracting Value,secondary_keyword_only_review,https://www.engineeringnews.co.za/article/sibanye-exploring-further-means-of-treating-water-extracting-value-2022-10-21,retrieved_extracted,,2022-10-21,266,c720aba17fa78b1ef7a4987b341682d4d662d137b980f591e44c2966b3dcd7ca,0,0,,0,,0,0,,0,0,earnings_results,2,1,false,false,false,no_case_anchor,"Extracted article text contains no Marikana, Lonmin or Sibanye anchor.",,,
SEC-MEDIA-0620,Engineering News,https://www.engineeringnews.co.za/article/sibanye-extends-investment-into-21st-century-mining-tech-human-capital-2021-01-26,https://engineeringnews.co.za/article/sibanye-extends-investment-into-21st-century-mining-tech-human-capital-2021-01-26,2021,Sibanye Extends Investment Into 21St Century Mining Tech Human Capital,secondary_keyword_only_review,https://www.engineeringnews.co.za/article/sibanye-extends-investment-into-21st-century-mining-tech-human-capital-2021-01-26,retrieved_extracted,,2021-01-26,653,1e9cefb05de0603fd34eb657bc6e9a552de499a4c9da62b1b4b33a5c4be4e2f3,0,6,,0,worker_miner,2,1,,0,0,earnings_results;funding_debt,4,2,false,false,false,ambiguous_secondary_review,Signals are insufficient for a defensible secondary-queue decision.,,,
SEC-MEDIA-0621,Engineering News,https://www.engineeringnews.co.za/article/sibanye-extends-union-wage-agreements-to-all-employees-ends-amcu-strike-2018-12-13,https://engineeringnews.co.za/article/sibanye-extends-union-wage-agreements-to-all-employees-ends-amcu-strike-2018-12-13,2018,Sibanye Extends Union Wage Agreements To All Employees Ends Amcu Strike,secondary_keyword_only_review,https://www.engineeringnews.co.za/article/sibanye-extends-union-wage-agreements-to-all-employees-ends-amcu-strike-2018-12-13,retrieved_extracted,,2018-12-13,533,ef4f7f4247d402f76aa70c133c2029d5fd791ae865890407b1540f9a886c91a4,0,4,,0,strike;worker_miner;wage;union,22,4,,0,0,earnings_results,2,1,false,false,true,sibanye_context_without_case_anchor_review,Sibanye appears with labour/social context but no Marikana/Lonmin anchor; review before exclusion.,,,
SEC-MEDIA-0622,Engineering News,https://www.engineeringnews.co.za/article/sibanye-eyes-platinum-opportunities-as-sector-overdue-for-consolidation-2014-06-04,https://engineeringnews.co.za/article/sibanye-eyes-platinum-opportunities-as-sector-overdue-for-consolidation-2014-06-04,2014,Sibanye Eyes Platinum Opportunities As Sector Overdue For Consolidation,secondary_keyword_only_review,https://www.engineeringnews.co.za/article/sibanye-eyes-platinum-opportunities-as-sector-overdue-for-consolidation-2014-06-04,retrieved_extracted,,2014-06-04,807,1fd3d8ea181f613ade41f4a6a0d36b39d5f5166d5a733eeadef207c3e50c1819,1,7,,0,strike;worker_miner;wage;union;protest_unrest,10,5,housing;community,2,2,earnings_results;transaction;dividend_rights;commodity_market,7,4,false,false,false,possible_lonmin_substantive_context,Lonmin appears with labour/event/social/governance signals; direct substantive review is required.,,,
SEC-MEDIA-0623,Engineering News,https://www.engineeringnews.co.za/article/sibanye-eyes-platinum-opportunities-as-sector-overdue-for-consolidation-2014-06-13,https://engineeringnews.co.za/article/sibanye-eyes-platinum-opportunities-as-sector-overdue-for-consolidation-2014-06-13,2014,Sibanye Eyes Platinum Opportunities As Sector Overdue For Consolidation,secondary_keyword_only_review,https://www.engineeringnews.co.za/article/sibanye-eyes-platinum-opportunities-as-sector-overdue-for-consolidation-2014-06-13,retrieved_extracted,,2014-06-13,801,030999f266fca3e57df7049821d09f4d9852bc8eabcf1b74f83e59fc50d6cfa0,1,7,,0,strike;worker_miner;wage;union;protest_unrest,10,5,housing;community,2,2,share_price;earnings_results;transaction;dividend_rights;commodity_market,8,5,false,false,false,possible_lonmin_substantive_context,Lonmin appears with labour/event/social/governance signals; direct substantive review is required.,,,
SEC-MEDIA-0624,Engineering News,https://www.engineeringnews.co.za/article/sibanye-eyes-r3bn-150-mw-solar-power-station-2015-02-19,https://engineeringnews.co.za/article/sibanye-eyes-r3bn-150-mw-solar-power-station-2015-02-19,2015,Sibanye Eyes R3Bn 150 Mw Solar Power Station,secondary_keyword_only_review,https://www.engineeringnews.co.za/article/sibanye-eyes-r3bn-150-mw-solar-power-station-2015-02-19,retrieved_extracted,,2015-02-19,747,58a98cbfc367f4a86d4c21e546bf69a2725a411f36ced498f7a25e6726d1ce10,0,9,,0,worker_miner,2,1,,0,0,earnings_results;funding_debt;exploration_project,6,3,false,false,false,ambiguous_secondary_review,Signals are insufficient for a defensible secondary-queue decision.,,,
SEC-MEDIA-0625,Engineering News,https://www.engineeringnews.co.za/article/sibanye-eyes-r3bn-150-mw-solar-power-station-2015-02-19-2,https://engineeringnews.co.za/article/sibanye-eyes-r3bn-150-mw-solar-power-station-2015-02-19-2,2015,Sibanye Eyes R3Bn 150 Mw Solar Power Station,secondary_keyword_only_review,https://www.engineeringnews.co.za/article/sibanye-eyes-r3bn-150-mw-solar-power-station-2015-02-19-2,retrieved_extracted,,2015-02-19,723,a66c35f7c8c89e7dcb0ce92e946052501dd61d9233b3221887684a1b135b598d,0,8,,0,worker_miner,2,1,,0,0,earnings_results;funding_debt;exploration_project,6,3,false,false,false,ambiguous_secondary_review,Signals are insufficient for a defensible secondary-queue decision.,,,
SEC-MEDIA-0626,Engineering News,https://www.engineeringnews.co.za/article/sibanye-eyes-uranium-growth-as-volatile-market-improves-2014-06-04,https://engineeringnews.co.za/article/sibanye-eyes-uranium-growth-as-volatile-market-improves-2014-06-04,2014,Sibanye Eyes Uranium Growth As Volatile Market Improves,secondary_keyword_only_review,https://www.engineeringnews.co.za/article/sibanye-eyes-uranium-growth-as-volatile-market-improves-2014-06-04,retrieved_extracted,,2014-06-04,834,3216a02990d77171a6a8eb4bf3113578eeb1ea96931060cefb7775a934ee994b,0,7,,0,worker_miner,1,1,,0,0,earnings_results;production_output;transaction;exploration_project;commodity_market,21,5,false,false,false,ambiguous_secondary_review,Signals are insufficient for a defensible secondary-queue decision.,,,
SEC-MEDIA-0627,Engineering News,https://www.engineeringnews.co.za/article/sibanye-faces-strike-threat-over-union-wage-demand-2018-11-19,https://engineeringnews.co.za/article/sibanye-faces-strike-threat-over-union-wage-demand-2018-11-19,2018,Sibanye Faces Strike Threat Over Union Wage Demand,secondary_keyword_only_review,https://www.engineeringnews.co.za/article/sibanye-faces-strike-threat-over-union-wage-demand-2018-11-19,retrieved_extracted,,2018-11-19,452,1f380154870ef2e8dcd63a8ec2aab00a5bd74aba30aad28e892c78073309d844,0,5,,0,strike;worker_miner;wage;union,16,4,housing,1,1,share_price;earnings_results,3,2,false,false,true,sibanye_context_without_case_anchor_review,Sibanye appears with labour/social context but no Marikana/Lonmin anchor; review before exclusion.,,,
SEC-MEDIA-0628,Engineering News,https://www.engineeringnews.co.za/article/sibanye-finalises-terms-of-1bn-rights-offering-2017-05-18,https://engineeringnews.co.za/article/sibanye-finalises-terms-of-1bn-rights-offering-2017-05-18,2017,Sibanye Finalises Terms Of 1Bn Rights Offering,secondary_keyword_only_review,https://www.engineeringnews.co.za/article/sibanye-finalises-terms-of-1bn-rights-offering-2017-05-18,retrieved_extracted,,2017-05-18,371,f42b1f17cbaf9d342c8a92c4f63bc42554e88c28447933e34fa0cdeb58feeb99,0,2,,0,,0,0,,0,0,share_price;earnings_results;funding_debt;transaction,7,4,false,false,false,ambiguous_secondary_review,Signals are insufficient for a defensible secondary-queue decision.,,,
SEC-MEDIA-0629,Engineering News,https://www.engineeringnews.co.za/article/sibanye-firming-up-funding-for-gold-from-dumps-project-2016-08-19,https://engineeringnews.co.za/article/sibanye-firming-up-funding-for-gold-from-dumps-project-2016-08-19,2016,Sibanye Firming Up Funding For Gold From Dumps Project,secondary_keyword_only_review,https://www.engineeringnews.co.za/article/sibanye-firming-up-funding-for-gold-from-dumps-project-2016-08-19,retrieved_extracted,,2016-08-19,2321,52f50779ecec33344a39214822ce3713ea5daccbbf12d2e2e37b2ab29c0ed31e,0,21,,0,shooting_death;wage,3,2,housing,1,1,earnings_results;production_output;funding_debt;transaction;exploration_project,64,5,false,true,false,sibanye_context_without_case_anchor_review,Sibanye appears with labour/social context but no Marikana/Lonmin anchor; review before exclusion.,,,
SEC-MEDIA-0630,Engineering News,https://www.engineeringnews.co.za/article/sibanye-firming-up-tailings-project-funding-2016-08-10,https://engineeringnews.co.za/article/sibanye-firming-up-tailings-project-funding-2016-08-10,2016,Sibanye Firming Up Tailings Project Funding,secondary_keyword_only_review,https://www.engineeringnews.co.za/article/sibanye-firming-up-tailings-project-funding-2016-08-10,retrieved_extracted,,2016-08-10,324,304d90b55e7f660e56c23296220fba0e882f4f6fcc62fc230c7f92c61a8b184d,0,2,,0,,0,0,,0,0,earnings_results;funding_debt;exploration_project,5,3,false,true,false,strong_routine_no_case_anchor,Routine corporate/financial/production article with no Marikana/Lonmin case anchor.,,,
SEC-MEDIA-0631,Engineering News,https://www.engineeringnews.co.za/article/sibanye-fy-gold-output-to-exceed-guidance-2014-02-04,https://engineeringnews.co.za/article/sibanye-fy-gold-output-to-exceed-guidance-2014-02-04,2014,Sibanye Fy Gold Output To Exceed Guidance,secondary_keyword_only_review,https://www.engineeringnews.co.za/article/sibanye-fy-gold-output-to-exceed-guidance-2014-02-04,retrieved_extracted,,2014-02-04,542,b242fc678facf100daea6e4bc63c937a09381b0dc14d2aa45af98eb24d2cf794,0,2,,0,worker_miner,1,1,,0,0,share_price;earnings_results;production_output,14,3,false,true,false,strong_routine_no_case_anchor,Routine corporate/financial/production article with no Marikana/Lonmin case anchor.,,,
SEC-MEDIA-0632,Engineering News,https://www.engineeringnews.co.za/article/sibanye-gets-extended-rcf-limits-to-december-31-2019-01-11,https://engineeringnews.co.za/article/sibanye-gets-extended-rcf-limits-to-december-31-2019-01-11,2019,Sibanye Gets Extended Rcf Limits To December 31,secondary_keyword_only_review,https://www.engineeringnews.co.za/article/sibanye-gets-extended-rcf-limits-to-december-31-2019-01-11,retrieved_extracted,,2019-01-11,478,57a4359702e19c3d4c78e2ca88393456a18dbcf7554aab024d34c3abc5b695f3,0,4,,0,,0,0,,0,0,earnings_results;funding_debt;commodity_market,8,3,false,false,false,ambiguous_secondary_review,Signals are insufficient for a defensible secondary-queue decision.,,,
SEC-MEDIA-0633,Engineering News,https://www.engineeringnews.co.za/article/sibanye-gets-green-light-to-administer-covid-19-vaccines-in-south-africa-2021-06-24,https://engineeringnews.co.za/article/sibanye-gets-green-light-to-administer-covid-19-vaccines-in-south-africa-2021-06-24,2021,Sibanye Gets Green Light To Administer Covid 19 Vaccines In South Africa,secondary_keyword_only_review,https://www.engineeringnews.co.za/article/sibanye-gets-green-light-to-administer-covid-19-vaccines-in-south-africa-2021-06-24,retrieved_extracted,,2021-06-24,376,e0abcfea9bafd56a6c46b758a89b9c8dad37430d7a61ad57ec06e4b18ecaea6e,0,3,marikana,1,worker_miner,1,1,community,1,1,earnings_results,2,1,false,false,false,strong_case_context_supported,Body contains a high-specificity Marikana case term reinforced by labour/event/social/governance context.,,,
SEC-MEDIA-0634,Engineering News,https://www.engineeringnews.co.za/article/sibanye-gets-positive-boost-from-ratings-agencies-2017-06-07,https://engineeringnews.co.za/article/sibanye-gets-positive-boost-from-ratings-agencies-2017-06-07,2017,Sibanye Gets Positive Boost From Ratings Agencies,secondary_keyword_only_review,https://www.engineeringnews.co.za/article/sibanye-gets-positive-boost-from-ratings-agencies-2017-06-07,retrieved_extracted,,2017-06-07,721,c0801b09d6c07ba35ed805efbe6a431e390fb66a10093e0f03be781746357fec,0,10,,0,worker_miner,2,1,,0,0,earnings_results;production_output;funding_debt;transaction;commodity_market,19,5,false,false,false,ambiguous_secondary_review,Signals are insufficient for a defensible secondary-queue decision.,,,
SEC-MEDIA-0635,Engineering News,https://www.engineeringnews.co.za/article/sibanye-gold-amends-increases-bridge-loan-2013-07-11,https://engineeringnews.co.za/article/sibanye-gold-amends-increases-bridge-loan-2013-07-11,2013,Sibanye Gold Amends Increases Bridge Loan,secondary_keyword_only_review,https://www.engineeringnews.co.za/article/sibanye-gold-amends-increases-bridge-loan-2013-07-11,retrieved_extracted,,2013-07-11,614,fbdc58b27a120dc5e6a6e8ceaaf3f84a0305c992358cd972cc31f427a1c48182,0,6,,0,wage,2,1,,0,0,earnings_results;funding_debt;dividend_rights,30,3,false,false,false,ambiguous_secondary_review,Signals are insufficient for a defensible secondary-queue decision.,,,
SEC-MEDIA-0636,Engineering News,https://www.engineeringnews.co.za/article/sibanye-gold-appoints-corporate-affairs-vp-2013-01-08,https://engineeringnews.co.za/article/sibanye-gold-appoints-corporate-affairs-vp-2013-01-08,2013,Sibanye Gold Appoints Corporate Affairs Vp,secondary_keyword_only_review,https://www.engineeringnews.co.za/article/sibanye-gold-appoints-corporate-affairs-vp-2013-01-08,retrieved_extracted,,2013-01-08,492,85c5dbdce7e4b0c81419ff1f243299c74a8facaf08f8407d202efe1d275ec4a0,0,5,,0,,0,0,,0,0,earnings_results;exploration_project,3,2,false,false,false,ambiguous_secondary_review,Signals are insufficient for a defensible secondary-queue decision.,,,
SEC-MEDIA-0637,Engineering News,https://www.engineeringnews.co.za/article/sibanye-gold-awards-dfs-contract-award-for-tailings-retreatment-project-2014-07-15,https://engineeringnews.co.za/article/sibanye-gold-awards-dfs-contract-award-for-tailings-retreatment-project-2014-07-15,2014,Sibanye Gold Awards Dfs Contract Award For Tailings Retreatment Project,secondary_keyword_only_review,https://www.engineeringnews.co.za/article/sibanye-gold-awards-dfs-contract-award-for-tailings-retreatment-project-2014-07-15,retrieved_extracted,,2014-07-15,852,dd788d7ff81a8500938e7897b9249c364085dc87b6ab7516738e6123512858a5,0,6,,0,,0,0,,0,0,earnings_results;exploration_project;commodity_market,16,3,false,true,false,strong_routine_no_case_anchor,Routine corporate/financial/production article with no Marikana/Lonmin case anchor.,,,
SEC-MEDIA-0638,Engineering News,https://www.engineeringnews.co.za/article/sibanye-gold-begins-intensive-search-for-appropriate-mining-technology-2014-08-06,https://engineeringnews.co.za/article/sibanye-gold-begins-intensive-search-for-appropriate-mining-technology-2014-08-06,2014,Sibanye Gold Begins Intensive Search For Appropriate Mining Technology,secondary_keyword_only_review,https://www.engineeringnews.co.za/article/sibanye-gold-begins-intensive-search-for-appropriate-mining-technology-2014-08-06,retrieved_extracted,,2014-08-06,1028,670aa6c231cb9b2360fc6cd5b2b7ce7e05cc6e6bba40a97bea1ef663bb85d94a,0,7,,0,worker_miner;shooting_death,3,2,,0,0,share_price;earnings_results;production_output;exploration_project,5,4,false,false,false,sibanye_context_without_case_anchor_review,Sibanye appears with labour/social context but no Marikana/Lonmin anchor; review before exclusion.,,,
SEC-MEDIA-0639,Engineering News,https://www.engineeringnews.co.za/article/sibanye-gold-begins-intensive-search-for-appropriate-mining-technology-2014-08-08,https://engineeringnews.co.za/article/sibanye-gold-begins-intensive-search-for-appropriate-mining-technology-2014-08-08,2014,Sibanye Gold Begins Intensive Search For Appropriate Mining Technology,secondary_keyword_only_review,https://www.engineeringnews.co.za/article/sibanye-gold-begins-intensive-search-for-appropriate-mining-technology-2014-08-08,retrieved_extracted,,2014-08-08,930,f596a9255aa416cd7344d83ab50ff61b8d4c6714de95ec813f8b40829a76e2ea,0,6,,0,worker_miner;shooting_death,3,2,,0,0,share_price;earnings_results;production_output,4,3,false,false,false,sibanye_context_without_case_anchor_review,Sibanye appears with labour/social context but no Marikana/Lonmin anchor; review before exclusion.,,,
SEC-MEDIA-0640,Engineering News,https://www.engineeringnews.co.za/article/sibanye-gold-confirms-beatrix-4-shaft-production-resumed-2013-02-26,https://engineeringnews.co.za/article/sibanye-gold-confirms-beatrix-4-shaft-production-resumed-2013-02-26,2013,Sibanye Gold Confirms Beatrix 4 Shaft Production Resumed,secondary_keyword_only_review,https://www.engineeringnews.co.za/article/sibanye-gold-confirms-beatrix-4-shaft-production-resumed-2013-02-26,retrieved_extracted,,2013-02-26,473,5357311998c4a3933c1b90b7d1706efe8c0a3515fb2ea0d5dba47ecdb7a092ca,0,4,,0,,0,0,,0,0,earnings_results;production_output;exploration_project,9,3,false,true,false,strong_routine_no_case_anchor,Routine corporate/financial/production article with no Marikana/Lonmin case anchor.,,,
SEC-MEDIA-0641,Engineering News,https://www.engineeringnews.co.za/article/sibanye-gold-continues-its-contrarian-path-with-its-purchase-of-a-us-mining-company-2017-08-03,https://engineeringnews.co.za/article/sibanye-gold-continues-its-contrarian-path-with-its-purchase-of-a-us-mining-company-2017-08-03,2017,Sibanye Gold Continues Its Contrarian Path With Its Purchase Of A Us Mining Company,secondary_keyword_only_review,https://www.engineeringnews.co.za/article/sibanye-gold-continues-its-contrarian-path-with-its-purchase-of-a-us-mining-company-2017-08-03,retrieved_extracted,,2017-08-03,1084,1704eba5176f6478b5a82049c07a3f3b9fdec3c84b7e61d8edd5035669223415,0,9,,0,worker_miner,2,1,,0,0,earnings_results;production_output;funding_debt;transaction;dividend_rights;exploration_project;commodity_market,21,7,false,false,false,ambiguous_secondary_review,Signals are insufficient for a defensible secondary-queue decision.,,,
SEC-MEDIA-0642,Engineering News,https://www.engineeringnews.co.za/article/sibanye-gold-declares-37c-interim-dividend-following-wage-agreement-2013-09-12,https://engineeringnews.co.za/article/sibanye-gold-declares-37c-interim-dividend-following-wage-agreement-2013-09-12,2013,Sibanye Gold Declares 37C Interim Dividend Following Wage Agreement,secondary_keyword_only_review,https://www.engineeringnews.co.za/article/sibanye-gold-declares-37c-interim-dividend-following-wage-agreement-2013-09-12,retrieved_extracted,,2013-09-12,688,957183c28d79f6812c78f1aac215cf89f8714a023a5eb18361731da9bf7102a7,0,6,,0,worker_miner;wage;union,12,3,,0,0,earnings_results;funding_debt;dividend_rights,15,3,false,true,false,sibanye_context_without_case_anchor_review,Sibanye appears with labour/social context but no Marikana/Lonmin anchor; review before exclusion.,,,
SEC-MEDIA-0643,Engineering News,https://www.engineeringnews.co.za/article/sibanye-gold-declares-37c-interim-dividend-following-wage-agreement-2013-09-20,https://engineeringnews.co.za/article/sibanye-gold-declares-37c-interim-dividend-following-wage-agreement-2013-09-20,2013,Sibanye Gold Declares 37C Interim Dividend Following Wage Agreement,secondary_keyword_only_review,https://www.engineeringnews.co.za/article/sibanye-gold-declares-37c-interim-dividend-following-wage-agreement-2013-09-20,retrieved_extracted,,2013-09-20,684,2b8e9e3d55648c93ca42e68f16878a2a5e46fc3820e1c81c81b4e98b1050f2d6,0,6,,0,worker_miner;wage;union,12,3,,0,0,share_price;earnings_results;funding_debt;dividend_rights,16,4,false,true,false,sibanye_context_without_case_anchor_review,Sibanye appears with labour/social context but no Marikana/Lonmin anchor; review before exclusion.,,,
SEC-MEDIA-0644,Engineering News,https://www.engineeringnews.co.za/article/sibanye-gold-declares-dividend-on-strong-june-quarter-2015-08-06,https://engineeringnews.co.za/article/sibanye-gold-declares-dividend-on-strong-june-quarter-2015-08-06,2015,Sibanye Gold Declares Dividend On Strong June Quarter,secondary_keyword_only_review,https://www.engineeringnews.co.za/article/sibanye-gold-declares-dividend-on-strong-june-quarter-2015-08-06,retrieved_extracted,,2015-08-06,587,c3a235a6ff5594c2baefc03a7ece58e3fe113d50660da61b568271c8a6d16762,0,5,,0,wage,1,1,,0,0,share_price;earnings_results;production_output;funding_debt;transaction;dividend_rights;exploration_project,18,7,false,true,false,strong_routine_no_case_anchor,Routine corporate/financial/production article with no Marikana/Lonmin case anchor.,,,
SEC-MEDIA-0645,Engineering News,https://www.engineeringnews.co.za/article/sibanye-gold-declares-r785m-dividend-2016-08-25,https://engineeringnews.co.za/article/sibanye-gold-declares-r785m-dividend-2016-08-25,2016,Sibanye Gold Declares R785M Dividend,secondary_keyword_only_review,https://www.engineeringnews.co.za/article/sibanye-gold-declares-r785m-dividend-2016-08-25,retrieved_extracted,,2016-08-25,961,1318a0beee0c6c1cec3a8b2e40c6f3c44914cd2cb0098b130705b350a054307d,0,8,,0,wage,1,1,,0,0,share_price;earnings_results;production_output;funding_debt;transaction;dividend_rights;exploration_project,39,7,false,true,false,strong_routine_no_case_anchor,Routine corporate/financial/production article with no Marikana/Lonmin case anchor.,,,
SEC-MEDIA-0646,Engineering News,https://www.engineeringnews.co.za/article/sibanye-gold-encouraging-family-living-2013-08-22,https://engineeringnews.co.za/article/sibanye-gold-encouraging-family-living-2013-08-22,2013,Sibanye Gold Encouraging Family Living,secondary_keyword_only_review,https://www.engineeringnews.co.za/article/sibanye-gold-encouraging-family-living-2013-08-22,retrieved_extracted,,2013-08-22,847,616c219be0c9e4bbe2177168976a2440316d0c7715011df0027beb9cc3e54e56,0,5,,0,worker_miner,2,1,housing;community;slp;commission_inquiry,8,4,earnings_results;exploration_project,3,2,false,false,true,sibanye_context_without_case_anchor_review,Sibanye appears with labour/social context but no Marikana/Lonmin anchor; review before exclusion.,,,
SEC-MEDIA-0647,Engineering News,https://www.engineeringnews.co.za/article/sibanye-gold-exercises-option-on-450m-convertible-bonds-2020-09-18,https://engineeringnews.co.za/article/sibanye-gold-exercises-option-on-450m-convertible-bonds-2020-09-18,2020,Sibanye Gold Exercises Option On 450M Convertible Bonds,secondary_keyword_only_review,https://www.engineeringnews.co.za/article/sibanye-gold-exercises-option-on-450m-convertible-bonds-2020-09-18,retrieved_extracted,,2020-09-18,533,a9f4cec4d305f011be00175e94f7ea0225a9d58278b14d062591a0aa521d0859,0,4,,0,worker_miner,1,1,,0,0,share_price;earnings_results;funding_debt;transaction,9,4,false,false,false,ambiguous_secondary_review,Signals are insufficient for a defensible secondary-queue decision.,,,
SEC-MEDIA-0648,Engineering News,https://www.engineeringnews.co.za/article/sibanye-gold-firming-up-funding-for-large-west-rand-tailings-project-2016-08-08,https://engineeringnews.co.za/article/sibanye-gold-firming-up-funding-for-large-west-rand-tailings-project-2016-08-08,2016,Sibanye Gold Firming Up Funding For Large West Rand Tailings Project,secondary_keyword_only_review,https://www.engineeringnews.co.za/article/sibanye-gold-firming-up-funding-for-large-west-rand-tailings-project-2016-08-08,retrieved_extracted,,2016-08-08,2340,16577180a6669fefbca3a0551ec6cc13d592646dda461a911790724f2354729b,0,21,,0,shooting_death;wage,3,2,housing,1,1,earnings_results;production_output;funding_debt;transaction;exploration_project,64,5,false,true,false,sibanye_context_without_case_anchor_review,Sibanye appears with labour/social context but no Marikana/Lonmin anchor; review before exclusion.,,,
SEC-MEDIA-0649,Engineering News,https://www.engineeringnews.co.za/article/sibanye-gold-going-all-out-to-win-workers-hearts-minds-froneman-2014-02-05,https://engineeringnews.co.za/article/sibanye-gold-going-all-out-to-win-workers-hearts-minds-froneman-2014-02-05,2014,Sibanye Gold Going All Out To Win Workers Hearts Minds Froneman,secondary_keyword_only_review,https://www.engineeringnews.co.za/article/sibanye-gold-going-all-out-to-win-workers-hearts-minds-froneman-2014-02-05,retrieved_extracted,,2014-02-05,682,f6c5a251a802a3788784fee99058a60c8a9d41b6a0e0d30d31cb6f0867c90aab,0,2,,0,strike;worker_miner,7,2,,0,0,earnings_results;exploration_project;commodity_market,4,3,false,false,true,sibanye_context_without_case_anchor_review,Sibanye appears with labour/social context but no Marikana/Lonmin anchor; review before exclusion.,,,
SEC-MEDIA-0650,Engineering News,https://www.engineeringnews.co.za/article/sibanye-gold-going-all-out-to-win-workers-hearts-minds-froneman-2014-02-14,https://engineeringnews.co.za/article/sibanye-gold-going-all-out-to-win-workers-hearts-minds-froneman-2014-02-14,2014,Sibanye Gold Going All Out To Win Workers Hearts Minds Froneman,secondary_keyword_only_review,https://www.engineeringnews.co.za/article/sibanye-gold-going-all-out-to-win-workers-hearts-minds-froneman-2014-02-14,retrieved_extracted,,2014-02-14,677,b6fffdde59ef3022d437397c6ce827e3052de22f5dbf16abeda013161dabf845,0,2,,0,strike;worker_miner,7,2,,0,0,earnings_results;exploration_project;commodity_market,4,3,false,false,true,sibanye_context_without_case_anchor_review,Sibanye appears with labour/social context but no Marikana/Lonmin anchor; review before exclusion.,,,
SEC-MEDIA-0651,Engineering News,https://www.engineeringnews.co.za/article/sibanye-gold-hands-over-100-family-units-to-employees-2013-08-09,https://engineeringnews.co.za/article/sibanye-gold-hands-over-100-family-units-to-employees-2013-08-09,2013,Sibanye Gold Hands Over 100 Family Units To Employees,secondary_keyword_only_review,https://www.engineeringnews.co.za/article/sibanye-gold-hands-over-100-family-units-to-employees-2013-08-09,retrieved_extracted,,2013-08-09,827,1797f2d7d29ee944245cb5d06170c14c70423a9ab18efe300c831585dc768691,0,9,,0,worker_miner,7,1,housing;community,12,2,earnings_results;exploration_project,6,2,false,false,true,sibanye_context_without_case_anchor_review,Sibanye appears with labour/social context but no Marikana/Lonmin anchor; review before exclusion.,,,
SEC-MEDIA-0652,Engineering News,https://www.engineeringnews.co.za/article/sibanye-gold-issues-trading-statement-2013-07-22,https://engineeringnews.co.za/article/sibanye-gold-issues-trading-statement-2013-07-22,2013,Sibanye Gold Issues Trading Statement,secondary_keyword_only_review,https://www.engineeringnews.co.za/article/sibanye-gold-issues-trading-statement-2013-07-22,retrieved_extracted,,2013-07-22,491,1cd21cc37886306cbf8ee014f08da4bf3266c46c6d655f307e9fe12b31318e26,0,2,,0,,0,0,,0,0,share_price;earnings_results,21,2,false,false,false,ambiguous_secondary_review,Signals are insufficient for a defensible secondary-queue decision.,,,
SEC-MEDIA-0653,Engineering News,https://www.engineeringnews.co.za/article/sibanye-gold-miners-in-s-africa-stuck-underground-not-in-danger-2018-02-01,https://engineeringnews.co.za/article/sibanye-gold-miners-in-s-africa-stuck-underground-not-in-danger-2018-02-01,2018,Sibanye Gold Miners In S Africa Stuck Underground Not In Danger,secondary_keyword_only_review,https://www.engineeringnews.co.za/article/sibanye-gold-miners-in-s-africa-stuck-underground-not-in-danger-2018-02-01,retrieved_extracted,,2018-02-01,439,1c6dbb56419b8ac710fc5116f852f8e908fed4e5d98e81b13011ab34ea0614bf,0,2,,0,worker_miner;union,10,2,,0,0,earnings_results,2,1,false,false,true,sibanye_context_without_case_anchor_review,Sibanye appears with labour/social context but no Marikana/Lonmin anchor; review before exclusion.,,,
SEC-MEDIA-0654,Engineering News,https://www.engineeringnews.co.za/article/sibanye-gold-miners-to-strike-over-pay-until-wage-demands-met-2022-02-14,https://engineeringnews.co.za/article/sibanye-gold-miners-to-strike-over-pay-until-wage-demands-met-2022-02-14,2022,Sibanye Gold Miners To Strike Over Pay Until Wage Demands Met,secondary_keyword_only_review,https://www.engineeringnews.co.za/article/sibanye-gold-miners-to-strike-over-pay-until-wage-demands-met-2022-02-14,retrieved_extracted,,2022-02-14,512,b09330156cde73fe686cc3236e7fea350a44f81f1ae67899f323b98270ef75ea,0,5,,0,strike;worker_miner;wage;union,21,4,,0,0,earnings_results,2,1,false,false,true,sibanye_context_without_case_anchor_review,Sibanye appears with labour/social context but no Marikana/Lonmin anchor; review before exclusion.,,,
SEC-MEDIA-0655,Engineering News,https://www.engineeringnews.co.za/article/sibanye-gold-moves-to-secure-coal-for-generation-of-own-electricity-2015-09-17,https://engineeringnews.co.za/article/sibanye-gold-moves-to-secure-coal-for-generation-of-own-electricity-2015-09-17,2015,Sibanye Gold Moves To Secure Coal For Generation Of Own Electricity,secondary_keyword_only_review,https://www.engineeringnews.co.za/article/sibanye-gold-moves-to-secure-coal-for-generation-of-own-electricity-2015-09-17,retrieved_extracted,,2015-09-17,816,844569af7b98bd96ae5184b2a1ea2d0703a379a2da622bcd2a4be73e8e7c5c83,0,12,,0,wage,1,1,,0,0,share_price;earnings_results;production_output;funding_debt;transaction;exploration_project,18,6,false,false,false,ambiguous_secondary_review,Signals are insufficient for a defensible secondary-queue decision.,,,
SEC-MEDIA-0656,Engineering News,https://www.engineeringnews.co.za/article/sibanye-gold-output-not-impacted-by-sa-rolling-electricity-blackouts-2014-03-06,https://engineeringnews.co.za/article/sibanye-gold-output-not-impacted-by-sa-rolling-electricity-blackouts-2014-03-06,2014,Sibanye Gold Output Not Impacted By Sa Rolling Electricity Blackouts,secondary_keyword_only_review,https://www.engineeringnews.co.za/article/sibanye-gold-output-not-impacted-by-sa-rolling-electricity-blackouts-2014-03-06,retrieved_extracted,,2014-03-06,518,5e90da483cb0a7ef6ea761b1dbb02721f9c69075faa9061ecbc6c290b2adb4e8,0,5,,0,worker_miner,1,1,,0,0,earnings_results;production_output,6,2,false,true,false,strong_routine_no_case_anchor,Routine corporate/financial/production article with no Marikana/Lonmin case anchor.,,,
SEC-MEDIA-0657,Engineering News,https://www.engineeringnews.co.za/article/sibanye-gold-preparing-to-spend-upped-r39bn-capex-2016-02-29,https://engineeringnews.co.za/article/sibanye-gold-preparing-to-spend-upped-r39bn-capex-2016-02-29,2016,Sibanye Gold Preparing To Spend Upped R39Bn Capex,secondary_keyword_only_review,https://www.engineeringnews.co.za/article/sibanye-gold-preparing-to-spend-upped-r39bn-capex-2016-02-29,retrieved_extracted,,2016-02-29,608,00c4770da818306cf3e8ecc385813ff9f33b0784edeb4ac41b6faaeec712a776,0,4,,0,union,1,1,,0,0,earnings_results;production_output;exploration_project,6,3,false,true,false,strong_routine_no_case_anchor,Routine corporate/financial/production article with no Marikana/Lonmin case anchor.,,,
SEC-MEDIA-0658,Engineering News,https://www.engineeringnews.co.za/article/sibanye-gold-preparing-to-spend-upped-r39bn-capex-2016-03-11,https://engineeringnews.co.za/article/sibanye-gold-preparing-to-spend-upped-r39bn-capex-2016-03-11,2016,Sibanye Gold Preparing To Spend Upped R39Bn Capex,secondary_keyword_only_review,https://www.engineeringnews.co.za/article/sibanye-gold-preparing-to-spend-upped-r39bn-capex-2016-03-11,retrieved_extracted,,2016-03-11,266,c720aba17fa78b1ef7a4987b341682d4d662d137b980f591e44c2966b3dcd7ca,0,0,,0,,0,0,,0,0,earnings_results,2,1,false,true,false,no_case_anchor,"Extracted article text contains no Marikana, Lonmin or Sibanye anchor.",,,
SEC-MEDIA-0659,Engineering News,https://www.engineeringnews.co.za/article/sibanye-gold-set-to-pay-r1bn-a-year-minimum-dividend-to-2028-2014-07-31,https://engineeringnews.co.za/article/sibanye-gold-set-to-pay-r1bn-a-year-minimum-dividend-to-2028-2014-07-31,2014,Sibanye Gold Set To Pay R1Bn A Year Minimum Dividend To 2028,secondary_keyword_only_review,https://www.engineeringnews.co.za/article/sibanye-gold-set-to-pay-r1bn-a-year-minimum-dividend-to-2028-2014-07-31,retrieved_extracted,,2014-07-31,1415,bb6bb5d862b0b9b35aba1e1d199e544e5f77c04e745b450782c475f0ac526be2,0,15,,0,strike;worker_miner;shooting_death;wage;union,14,5,,0,0,share_price;earnings_results;production_output;funding_debt;transaction;dividend_rights;exploration_project,49,7,false,true,false,sibanye_context_without_case_anchor_review,Sibanye appears with labour/social context but no Marikana/Lonmin anchor; review before exclusion.,,,
SEC-MEDIA-0660,Engineering News,https://www.engineeringnews.co.za/article/sibanye-gold-set-to-pay-r1bn-a-year-minimum-dividend-to-2028-2014-08-01,https://engineeringnews.co.za/article/sibanye-gold-set-to-pay-r1bn-a-year-minimum-dividend-to-2028-2014-08-01,2014,Sibanye Gold Set To Pay R1Bn A Year Minimum Dividend To 2028,secondary_keyword_only_review,https://www.engineeringnews.co.za/article/sibanye-gold-set-to-pay-r1bn-a-year-minimum-dividend-to-2028-2014-08-01,retrieved_extracted,,2014-08-01,1221,eea48145a4e211ffe7c031ead9dfb2f5f273ba081afa51b4a9c27a934dc01ece,0,13,,0,strike;shooting_death;wage;union,5,4,,0,0,share_price;earnings_results;production_output;funding_debt;transaction;dividend_rights;exploration_project,47,7,false,true,false,sibanye_context_without_case_anchor_review,Sibanye appears with labour/social context but no Marikana/Lonmin anchor; review before exclusion.,,,
SEC-MEDIA-0661,Engineering News,https://www.engineeringnews.co.za/article/sibanye-gold-showing-much-needed-corporate-patriotism-2016-07-31,https://engineeringnews.co.za/article/sibanye-gold-showing-much-needed-corporate-patriotism-2016-07-31,2016,Sibanye Gold Showing Much Needed Corporate Patriotism,secondary_keyword_only_review,https://www.engineeringnews.co.za/article/sibanye-gold-showing-much-needed-corporate-patriotism-2016-07-31,retrieved_extracted,,2016-07-31,1305,94bbdb44b1ed750e467af1cc8dabc57ae6b3a1e6f93140db8b00204f8e9f7dfe,0,10,,0,worker_miner;wage,4,2,housing;community,8,2,earnings_results;production_output;funding_debt;transaction;dividend_rights;exploration_project;commodity_market,28,7,false,false,false,sibanye_context_without_case_anchor_review,Sibanye appears with labour/social context but no Marikana/Lonmin anchor; review before exclusion.,,,
SEC-MEDIA-0662,Engineering News,https://www.engineeringnews.co.za/article/sibanye-gold-solar-power-project-south-africa-2015-04-10,https://engineeringnews.co.za/article/sibanye-gold-solar-power-project-south-africa-2015-04-10,2015,Sibanye Gold Solar Power Project South Africa,secondary_keyword_only_review,https://www.engineeringnews.co.za/article/sibanye-gold-solar-power-project-south-africa-2015-04-10,retrieved_extracted,,2015-04-10,505,a81ea6fa426d4cf0839cd51c72ee21c37db08a7c8382c9f64f42b6812c6bb512,0,12,,0,,0,0,,0,0,earnings_results;exploration_project,6,2,false,true,false,strong_routine_no_case_anchor,Routine corporate/financial/production article with no Marikana/Lonmin case anchor.,,,
SEC-MEDIA-0663,Engineering News,https://www.engineeringnews.co.za/article/sibanye-gold-starts-restructuring-process-new-holding-company-created-2019-10-04,https://engineeringnews.co.za/article/sibanye-gold-starts-restructuring-process-new-holding-company-created-2019-10-04,2019,Sibanye Gold Starts Restructuring Process New Holding Company Created,secondary_keyword_only_review,https://www.engineeringnews.co.za/article/sibanye-gold-starts-restructuring-process-new-holding-company-created-2019-10-04,retrieved_extracted,,2019-10-04,431,3efdd285aea42fb92f6a7281267606136970010c34853b6d3ef3d8277b80d364,1,6,,0,worker_miner,1,1,,0,0,share_price;earnings_results;transaction,5,3,false,false,false,lonmin_low_context_review,Lonmin occurs in the body but without enough case/labour/social context for a defensible decision.,,,
SEC-MEDIA-0664,Engineering News,https://www.engineeringnews.co.za/article/sibanye-gold-turns-killer-gas-into-low-price-electricity-at-beatrix-mine-2013-03-20,https://engineeringnews.co.za/article/sibanye-gold-turns-killer-gas-into-low-price-electricity-at-beatrix-mine-2013-03-20,2013,Sibanye Gold Turns Killer Gas Into Low Price Electricity At Beatrix Mine,secondary_keyword_only_review,https://www.engineeringnews.co.za/article/sibanye-gold-turns-killer-gas-into-low-price-electricity-at-beatrix-mine-2013-03-20,retrieved_extracted,,2013-03-20,1072,979afb110ffb71dc07af5c4975b87021fc803380393e2de6770432c46d51b702,0,3,,0,shooting_death,1,1,,0,0,earnings_results;production_output;funding_debt;transaction;exploration_project,12,5,false,false,false,ambiguous_secondary_review,Signals are insufficient for a defensible secondary-queue decision.,,,
SEC-MEDIA-0665,Engineering News,https://www.engineeringnews.co.za/article/sibanye-gold-turns-killer-gas-into-low-price-electricity-at-beatrix-mine-2013-04-05,https://engineeringnews.co.za/article/sibanye-gold-turns-killer-gas-into-low-price-electricity-at-beatrix-mine-2013-04-05,2013,Sibanye Gold Turns Killer Gas Into Low Price Electricity At Beatrix Mine,secondary_keyword_only_review,https://www.engineeringnews.co.za/article/sibanye-gold-turns-killer-gas-into-low-price-electricity-at-beatrix-mine-2013-04-05,retrieved_extracted,,2013-04-05,1081,7ae16b971e01895a2c71f4e64ce0dee2b92041d18c94072750ed88de512cce73,0,3,,0,shooting_death,1,1,,0,0,earnings_results;production_output;funding_debt;transaction;exploration_project,14,5,false,false,false,ambiguous_secondary_review,Signals are insufficient for a defensible secondary-queue decision.,,,
SEC-MEDIA-0666,Engineering News,https://www.engineeringnews.co.za/article/sibanye-gold-upbeat-on-high-value-surface-project-2015-08-06,https://engineeringnews.co.za/article/sibanye-gold-upbeat-on-high-value-surface-project-2015-08-06,2015,Sibanye Gold Upbeat On High Value Surface Project,secondary_keyword_only_review,https://www.engineeringnews.co.za/article/sibanye-gold-upbeat-on-high-value-surface-project-2015-08-06,retrieved_extracted,,2015-08-06,1092,24a3d6c0f13375d54370ad8f85cacf14a4d99bbebf161aec1c61753f4198d385,0,8,,0,strike;shooting_death;wage;union,6,4,,0,0,share_price;earnings_results;production_output;funding_debt;transaction;dividend_rights;exploration_project;commodity_market,34,8,false,true,false,sibanye_context_without_case_anchor_review,Sibanye appears with labour/social context but no Marikana/Lonmin anchor; review before exclusion.,,,
SEC-MEDIA-0667,Engineering News,https://www.engineeringnews.co.za/article/sibanye-gold-upbeat-on-high-value-surface-project-2015-08-06-1,https://engineeringnews.co.za/article/sibanye-gold-upbeat-on-high-value-surface-project-2015-08-06-1,2015,Sibanye Gold Upbeat On High Value Surface Project,secondary_keyword_only_review,https://www.engineeringnews.co.za/article/sibanye-gold-upbeat-on-high-value-surface-project-2015-08-06-1,retrieved_extracted,,2015-08-06,959,cbe0f8bc3355540b5204433a5457a7be0d5e951346a6dd5660464a3244fb4ecf,0,6,,0,strike;wage;union,5,3,,0,0,share_price;earnings_results;production_output;funding_debt;transaction;dividend_rights;exploration_project;commodity_market,28,8,false,true,false,sibanye_context_without_case_anchor_review,Sibanye appears with labour/social context but no Marikana/Lonmin anchor; review before exclusion.,,,
SEC-MEDIA-0668,Engineering News,https://www.engineeringnews.co.za/article/sibanye-golds-earnings-skyrocketing-2016-10-27,https://engineeringnews.co.za/article/sibanye-golds-earnings-skyrocketing-2016-10-27,2016,Sibanye Golds Earnings Skyrocketing,secondary_keyword_only_review,https://www.engineeringnews.co.za/article/sibanye-golds-earnings-skyrocketing-2016-10-27,retrieved_extracted,,2016-10-27,627,e0ca39d43e2eebc3eece4a149fa5d3af4015b3152cc274c533cd1f94e5ce5ee9,0,6,,0,,0,0,,0,0,share_price;earnings_results;production_output,25,3,false,true,false,strong_routine_no_case_anchor,Routine corporate/financial/production article with no Marikana/Lonmin case anchor.,,,
SEC-MEDIA-0669,Engineering News,https://www.engineeringnews.co.za/article/sibanye-golds-holistic-approach-is-boost-for-minings-image-2016-08-12,https://engineeringnews.co.za/article/sibanye-golds-holistic-approach-is-boost-for-minings-image-2016-08-12,2016,Sibanye Golds Holistic Approach Is Boost For Minings Image,secondary_keyword_only_review,https://www.engineeringnews.co.za/article/sibanye-golds-holistic-approach-is-boost-for-minings-image-2016-08-12,retrieved_extracted,,2016-08-12,1305,316eb7819c2e54e745d4f46a8a751f9156fb375d56ea7d64e63826cab187ff0b,0,10,,0,worker_miner;wage,4,2,housing;community,8,2,earnings_results;production_output;funding_debt;transaction;dividend_rights;exploration_project;commodity_market,28,7,false,false,false,sibanye_context_without_case_anchor_review,Sibanye appears with labour/social context but no Marikana/Lonmin anchor; review before exclusion.,,,
SEC-MEDIA-0670,Engineering News,https://www.engineeringnews.co.za/article/sibanye-golds-platinum-entry-receives-double-boost-2016-03-17,https://engineeringnews.co.za/article/sibanye-golds-platinum-entry-receives-double-boost-2016-03-17,2016,Sibanye Golds Platinum Entry Receives Double Boost,secondary_keyword_only_review,https://www.engineeringnews.co.za/article/sibanye-golds-platinum-entry-receives-double-boost-2016-03-17,retrieved_extracted,,2016-03-17,603,9f9e10324ea849f7d8c73a840aa860c6d472b412f0ed97bd0e698b79cb23f23b,0,8,,0,worker_miner;shooting_death,4,2,commission_inquiry,1,1,earnings_results;exploration_project,4,2,false,false,false,sibanye_context_without_case_anchor_review,Sibanye appears with labour/social context but no Marikana/Lonmin anchor; review before exclusion.,,,
SEC-MEDIA-0671,Engineering News,https://www.engineeringnews.co.za/article/sibanye-golds-platinum-entry-receives-double-boost-2016-04-01,https://engineeringnews.co.za/article/sibanye-golds-platinum-entry-receives-double-boost-2016-04-01,2016,Sibanye Golds Platinum Entry Receives Double Boost,secondary_keyword_only_review,https://www.engineeringnews.co.za/article/sibanye-golds-platinum-entry-receives-double-boost-2016-04-01,retrieved_extracted,,2016-04-01,600,1c8fb3e84468c3df09f456e40e651f1bc947526e548a4c397f0daa2225cd7328,0,8,,0,worker_miner;shooting_death,4,2,commission_inquiry,1,1,earnings_results;exploration_project,4,2,false,false,false,sibanye_context_without_case_anchor_review,Sibanye appears with labour/social context but no Marikana/Lonmin anchor; review before exclusion.,,,
SEC-MEDIA-0672,Engineering News,https://www.engineeringnews.co.za/article/sibanye-golds-tailings-project-launch-likely-in-next-six-months-2016-12-14,https://engineeringnews.co.za/article/sibanye-golds-tailings-project-launch-likely-in-next-six-months-2016-12-14,2016,Sibanye Golds Tailings Project Launch Likely In Next Six Months,secondary_keyword_only_review,https://www.engineeringnews.co.za/article/sibanye-golds-tailings-project-launch-likely-in-next-six-months-2016-12-14,retrieved_extracted,,2016-12-14,2265,524392f0e5f0f489a06679f4c15c4025a5c7f0ffc1be0de364f3cd048cc85d87,0,23,,0,shooting_death;wage,2,2,housing,1,1,earnings_results;production_output;funding_debt;transaction;exploration_project,69,5,false,true,false,sibanye_context_without_case_anchor_review,Sibanye appears with labour/social context but no Marikana/Lonmin anchor; review before exclusion.,,,
SEC-MEDIA-0673,Engineering News,https://www.engineeringnews.co.za/article/sibanye-granted-interdict-against-num-amcu-2018-11-23,https://engineeringnews.co.za/article/sibanye-granted-interdict-against-num-amcu-2018-11-23,2018,Sibanye Granted Interdict Against Num Amcu,secondary_keyword_only_review,https://www.engineeringnews.co.za/article/sibanye-granted-interdict-against-num-amcu-2018-11-23,retrieved_extracted,,2018-11-23,648,9b91460287de16e0107860c42789ac489c70b6cdd78d1a85595feeaff4bae7e5,0,6,,0,strike;worker_miner;wage;union;protest_unrest,25,5,,0,0,earnings_results,2,1,false,false,true,sibanye_context_without_case_anchor_review,Sibanye appears with labour/social context but no Marikana/Lonmin anchor; review before exclusion.,,,
SEC-MEDIA-0674,Engineering News,https://www.engineeringnews.co.za/article/sibanye-guides-soaring-earnings-after-quarterly-operating-profit-rockets-2016-04-25,https://engineeringnews.co.za/article/sibanye-guides-soaring-earnings-after-quarterly-operating-profit-rockets-2016-04-25,2016,Sibanye Guides Soaring Earnings After Quarterly Operating Profit Rockets,secondary_keyword_only_review,https://www.engineeringnews.co.za/article/sibanye-guides-soaring-earnings-after-quarterly-operating-profit-rockets-2016-04-25,retrieved_extracted,,2016-04-25,1012,2327d728cc7c04189beb6eabb3b8476d4fcc46dea873fbcc750ee8c8bb71746c,0,5,,0,strike;worker_miner;shooting_death;wage;union,8,5,,0,0,share_price;earnings_results;production_output;funding_debt;transaction;dividend_rights;exploration_project,31,7,false,true,false,sibanye_context_without_case_anchor_review,Sibanye appears with labour/social context but no Marikana/Lonmin anchor; review before exclusion.,,,
SEC-MEDIA-0675,Engineering News,https://www.engineeringnews.co.za/article/sibanye-guides-soaring-earnings-after-quarterly-operating-profit-rockets-2016-05-06,https://engineeringnews.co.za/article/sibanye-guides-soaring-earnings-after-quarterly-operating-profit-rockets-2016-05-06,2016,Sibanye Guides Soaring Earnings After Quarterly Operating Profit Rockets,secondary_keyword_only_review,https://www.engineeringnews.co.za/article/sibanye-guides-soaring-earnings-after-quarterly-operating-profit-rockets-2016-05-06,retrieved_extracted,,2016-05-06,1010,ea89acfd2ad50c9cb8f5b576678f17ea7eabb040caa72dbc294e85c21d35b371,0,5,,0,strike;worker_miner;shooting_death;wage;union,8,5,,0,0,share_price;earnings_results;production_output;funding_debt;transaction;dividend_rights;exploration_project,31,7,false,true,false,sibanye_context_without_case_anchor_review,Sibanye appears with labour/social context but no Marikana/Lonmin anchor; review before exclusion.,,,
SEC-MEDIA-0676,Engineering News,https://www.engineeringnews.co.za/article/sibanye-h1-earnings-to-fall-2015-07-24,https://engineeringnews.co.za/article/sibanye-h1-earnings-to-fall-2015-07-24,2015,Sibanye H1 Earnings To Fall,secondary_keyword_only_review,https://www.engineeringnews.co.za/article/sibanye-h1-earnings-to-fall-2015-07-24,retrieved_extracted,,2015-07-24,437,48e0f316e5f7efdf857eb0da027239495a1cdfc21a6a4994b36b8f8a0fbd5cc4,0,3,,0,,0,0,,0,0,share_price;earnings_results,8,2,false,true,false,strong_routine_no_case_anchor,Routine corporate/financial/production article with no Marikana/Lonmin case anchor.,,,
SEC-MEDIA-0677,Engineering News,https://www.engineeringnews.co.za/article/sibanye-half-year-results-surprise-on-upside-2018-08-23,https://engineeringnews.co.za/article/sibanye-half-year-results-surprise-on-upside-2018-08-23,2018,Sibanye Half Year Results Surprise On Upside,secondary_keyword_only_review,https://www.engineeringnews.co.za/article/sibanye-half-year-results-surprise-on-upside-2018-08-23,retrieved_extracted,,2018-08-23,569,9990a6c82e59e5f59e1b72b8694db7384f0981aa7ab2400679eb3d5ba0a861b8,0,3,,0,,0,0,,0,0,earnings_results;production_output;exploration_project,13,3,false,true,false,strong_routine_no_case_anchor,Routine corporate/financial/production article with no Marikana/Lonmin case anchor.,,,
SEC-MEDIA-0678,Engineering News,https://www.engineeringnews.co.za/article/sibanye-halts-beatrix-ops-amid-union-conflict-2015-02-06,https://engineeringnews.co.za/article/sibanye-halts-beatrix-ops-amid-union-conflict-2015-02-06,2015,Sibanye Halts Beatrix Ops Amid Union Conflict,secondary_keyword_only_review,https://www.engineeringnews.co.za/article/sibanye-halts-beatrix-ops-amid-union-conflict-2015-02-06,retrieved_extracted,,2015-02-06,576,0b00fd2c1dd62f5ce1c24e0fbecc410c20244bb978b42327775b1d739d567203,0,7,,0,worker_miner;union;protest_unrest,19,3,,0,0,earnings_results,2,1,false,false,false,sibanye_context_without_case_anchor_review,Sibanye appears with labour/social context but no Marikana/Lonmin anchor; review before exclusion.,,,
SEC-MEDIA-0679,Engineering News,https://www.engineeringnews.co.za/article/sibanye-halts-cooke-operations-after-employees-injured-in-attack-2016-10-04,https://engineeringnews.co.za/article/sibanye-halts-cooke-operations-after-employees-injured-in-attack-2016-10-04,2016,Sibanye Halts Cooke Operations After Employees Injured In Attack,secondary_keyword_only_review,https://www.engineeringnews.co.za/article/sibanye-halts-cooke-operations-after-employees-injured-in-attack-2016-10-04,retrieved_extracted,,2016-10-04,610,ec4fd847bc284d3798bf8b1b013439817cb185287c78e2427daedde22ef22a69,0,6,,0,worker_miner;union;protest_unrest,19,3,commission_inquiry,1,1,share_price;earnings_results,3,2,false,false,false,sibanye_context_without_case_anchor_review,Sibanye appears with labour/social context but no Marikana/Lonmin anchor; review before exclusion.,,,
SEC-MEDIA-0680,Engineering News,https://www.engineeringnews.co.za/article/sibanye-halves-job-losses-at-its-south-african-gold-operations-2019-06-05,https://engineeringnews.co.za/article/sibanye-halves-job-losses-at-its-south-african-gold-operations-2019-06-05,2019,Sibanye Halves Job Losses At Its South African Gold Operations,secondary_keyword_only_review,https://www.engineeringnews.co.za/article/sibanye-halves-job-losses-at-its-south-african-gold-operations-2019-06-05,retrieved_extracted,,2019-06-05,1040,3ad08da8838f30f77a42b66332dc3818cbaf7d394b5d1a2892b3f44fc15d6335,0,8,,0,strike;worker_miner;union,8,3,justice_accountability,1,1,earnings_results;production_output;exploration_project,19,3,false,false,true,sibanye_context_without_case_anchor_review,Sibanye appears with labour/social context but no Marikana/Lonmin anchor; review before exclusion.,,,
SEC-MEDIA-0681,Engineering News,https://www.engineeringnews.co.za/article/sibanye-halves-job-losses-at-its-south-african-gold-operations-2019-06-14,https://engineeringnews.co.za/article/sibanye-halves-job-losses-at-its-south-african-gold-operations-2019-06-14,2019,Sibanye Halves Job Losses At Its South African Gold Operations,secondary_keyword_only_review,https://www.engineeringnews.co.za/article/sibanye-halves-job-losses-at-its-south-african-gold-operations-2019-06-14,retrieved_extracted,,2019-06-14,937,bfef23629e442813a7bdb7a6939f3ca518bcb448846d3d9f3f5f85aa14971275,0,7,,0,strike;worker_miner;union,6,3,justice_accountability,1,1,earnings_results;production_output;exploration_project,16,3,false,false,true,sibanye_context_without_case_anchor_review,Sibanye appears with labour/social context but no Marikana/Lonmin anchor; review before exclusion.,,,
SEC-MEDIA-0682,Engineering News,https://www.engineeringnews.co.za/article/sibanye-harmony-gold-fields-among-miners-listed-in-the-2023-bloomberg-gender-equality-index-2023-01-31,https://engineeringnews.co.za/article/sibanye-harmony-gold-fields-among-miners-listed-in-the-2023-bloomberg-gender-equality-index-2023-01-31,2023,Sibanye Harmony Gold Fields Among Miners Listed In The 2023 Bloomberg Gender Equality Index,secondary_keyword_only_review,https://www.engineeringnews.co.za/article/sibanye-harmony-gold-fields-among-miners-listed-in-the-2023-bloomberg-gender-equality-index-2023-01-31,retrieved_extracted,,2023-01-31,617,f5a4928c89bbb766f5a1eb8f92ac50feab888a8199440775e1faed9b6cefbd68,0,3,,0,worker_miner;wage,6,2,,0,0,earnings_results,2,1,false,false,true,sibanye_context_without_case_anchor_review,Sibanye appears with labour/social context but no Marikana/Lonmin anchor; review before exclusion.,,,
SEC-MEDIA-0683,Engineering News,https://www.engineeringnews.co.za/article/sibanye-harmony-swap-mining-rights-at-adjacent-joel-beatrix-mines-2013-11-08,https://engineeringnews.co.za/article/sibanye-harmony-swap-mining-rights-at-adjacent-joel-beatrix-mines-2013-11-08,2013,Sibanye Harmony Swap Mining Rights At Adjacent Joel Beatrix Mines,secondary_keyword_only_review,https://www.engineeringnews.co.za/article/sibanye-harmony-swap-mining-rights-at-adjacent-joel-beatrix-mines-2013-11-08,retrieved_extracted,,2013-11-08,694,e69296ee055821dfeb2cfc0be08eef4d8745928aff895bbcb754c097b5c31f20,0,5,,0,worker_miner,1,1,,0,0,earnings_results;production_output;transaction,6,3,false,false,false,ambiguous_secondary_review,Signals are insufficient for a defensible secondary-queue decision.,,,
SEC-MEDIA-0684,Engineering News,https://www.engineeringnews.co.za/article/sibanye-heraeus-partner-to-bring-green-hydrogen-electrocatalysts-to-the-market-2022-08-18,https://engineeringnews.co.za/article/sibanye-heraeus-partner-to-bring-green-hydrogen-electrocatalysts-to-the-market-2022-08-18,2022,Sibanye Heraeus Partner To Bring Green Hydrogen Electrocatalysts To The Market,secondary_keyword_only_review,https://www.engineeringnews.co.za/article/sibanye-heraeus-partner-to-bring-green-hydrogen-electrocatalysts-to-the-market-2022-08-18,retrieved_extracted,,2022-08-18,720,224e6e667d01a41993f9c578f6e8e7feb7b654f1a40c5c56300821fcc0b4dfa5,0,6,,0,worker_miner,1,1,,0,0,earnings_results;production_output;exploration_project;commodity_market,7,4,false,false,false,ambiguous_secondary_review,Signals are insufficient for a defensible secondary-queue decision.,,,
SEC-MEDIA-0685,Engineering News,https://www.engineeringnews.co.za/article/sibanye-heraeus-partner-to-bring-green-hydrogen-electrocatalysts-to-the-market-2022-09-02,https://engineeringnews.co.za/article/sibanye-heraeus-partner-to-bring-green-hydrogen-electrocatalysts-to-the-market-2022-09-02,2022,Sibanye Heraeus Partner To Bring Green Hydrogen Electrocatalysts To The Market,secondary_keyword_only_review,https://www.engineeringnews.co.za/article/sibanye-heraeus-partner-to-bring-green-hydrogen-electrocatalysts-to-the-market-2022-09-02,retrieved_extracted,,2022-09-02,720,f7dfd95dcf02c874c4577b5a3e8130d817176f128a6c28089117d479ac7a2b56,0,6,,0,worker_miner,1,1,,0,0,earnings_results;production_output;exploration_project;commodity_market,7,4,false,false,false,ambiguous_secondary_review,Signals are insufficient for a defensible secondary-queue decision.,,,
SEC-MEDIA-0686,Engineering News,https://www.engineeringnews.co.za/article/sibanye-highlights-importance-of-wetland-preservation-2021-02-02,https://engineeringnews.co.za/article/sibanye-highlights-importance-of-wetland-preservation-2021-02-02,2021,Sibanye Highlights Importance Of Wetland Preservation,secondary_keyword_only_review,https://www.engineeringnews.co.za/article/sibanye-highlights-importance-of-wetland-preservation-2021-02-02,retrieved_extracted,,2021-02-02,1055,f86f4eaff0768c5dd149440cdc3d85d8788aa80ca7be31f3b031971feb2dff90,0,9,,0,worker_miner,4,1,,0,0,earnings_results;production_output;exploration_project,5,3,false,false,false,ambiguous_secondary_review,Signals are insufficient for a defensible secondary-queue decision.,,,
SEC-MEDIA-0687,Engineering News,https://www.engineeringnews.co.za/article/sibanye-hikes-mineral-reserves-2014-02-17,https://engineeringnews.co.za/article/sibanye-hikes-mineral-reserves-2014-02-17,2014,Sibanye Hikes Mineral Reserves,secondary_keyword_only_review,https://www.engineeringnews.co.za/article/sibanye-hikes-mineral-reserves-2014-02-17,retrieved_extracted,,2014-02-17,798,db83b950831a51c110372842c3c8b09090098b09abdc7c806753bd16e8251070,0,7,,0,wage,3,1,,0,0,earnings_results;production_output;exploration_project,20,3,false,false,false,ambiguous_secondary_review,Signals are insufficient for a defensible secondary-queue decision.,,,
SEC-MEDIA-0688,Engineering News,https://www.engineeringnews.co.za/article/sibanye-in-r4bn-cash-bid-for-aquarius-platinum-2015-10-06,https://engineeringnews.co.za/article/sibanye-in-r4bn-cash-bid-for-aquarius-platinum-2015-10-06,2015,Sibanye In R4Bn Cash Bid For Aquarius Platinum,secondary_keyword_only_review,https://www.engineeringnews.co.za/article/sibanye-in-r4bn-cash-bid-for-aquarius-platinum-2015-10-06,retrieved_extracted,,2015-10-06,662,e125de126154b7dd81b5a48cc81a9d284ccb0f93dccc40e78e2d53ef56507a24,0,8,,0,,0,0,,0,0,share_price;earnings_results;production_output;transaction;exploration_project;commodity_market,17,6,false,false,false,ambiguous_secondary_review,Signals are insufficient for a defensible secondary-queue decision.,,,
SEC-MEDIA-0689,Engineering News,https://www.engineeringnews.co.za/article/sibanye-in-r6m-free-state-education-boost-2016-07-06,https://engineeringnews.co.za/article/sibanye-in-r6m-free-state-education-boost-2016-07-06,2016,Sibanye In R6M Free State Education Boost,secondary_keyword_only_review,https://www.engineeringnews.co.za/article/sibanye-in-r6m-free-state-education-boost-2016-07-06,retrieved_extracted,,2016-07-06,678,a0044de9e569a25c8e15c0077a94f9b196bbae00429b794872daea7bf2a6b97a,0,7,,0,,0,0,community;slp,7,2,earnings_results,3,1,false,false,false,sibanye_context_without_case_anchor_review,Sibanye appears with labour/social context but no Marikana/Lonmin anchor; review before exclusion.,,,
SEC-MEDIA-0690,Engineering News,https://www.engineeringnews.co.za/article/sibanye-in-r6m-free-state-education-boost-2016-07-15,https://engineeringnews.co.za/article/sibanye-in-r6m-free-state-education-boost-2016-07-15,2016,Sibanye In R6M Free State Education Boost,secondary_keyword_only_review,https://www.engineeringnews.co.za/article/sibanye-in-r6m-free-state-education-boost-2016-07-15,retrieved_extracted,,2016-07-15,676,2181181af4c228e8d6b3588e612daadc739cf944be914d036381c2cfd4a5aaa2,0,7,,0,,0,0,community;slp,7,2,earnings_results,3,1,false,false,false,sibanye_context_without_case_anchor_review,Sibanye appears with labour/social context but no Marikana/Lonmin anchor; review before exclusion.,,,
SEC-MEDIA-0691,Engineering News,https://www.engineeringnews.co.za/article/sibanye-inoculates-779-employees-in-south-africa-with-covid-19-vaccine-2021-06-28,https://engineeringnews.co.za/article/sibanye-inoculates-779-employees-in-south-africa-with-covid-19-vaccine-2021-06-28,2021,Sibanye Inoculates 779 Employees In South Africa With Covid 19 Vaccine,secondary_keyword_only_review,https://www.engineeringnews.co.za/article/sibanye-inoculates-779-employees-in-south-africa-with-covid-19-vaccine-2021-06-28,retrieved_extracted,,2021-06-28,539,55c97c42aead7dad0f47943f4dca15b689669b76a6099491e7e4c3aac8c889bd,0,4,,0,,0,0,community,2,1,earnings_results;transaction,3,2,false,false,false,sibanye_context_without_case_anchor_review,Sibanye appears with labour/social context but no Marikana/Lonmin anchor; review before exclusion.,,,
SEC-MEDIA-0692,Engineering News,https://www.engineeringnews.co.za/article/sibanye-interested-in-anglos-south-african-coal-assets-2015-11-20,https://engineeringnews.co.za/article/sibanye-interested-in-anglos-south-african-coal-assets-2015-11-20,2015,Sibanye Interested In Anglos South African Coal Assets,secondary_keyword_only_review,https://www.engineeringnews.co.za/article/sibanye-interested-in-anglos-south-african-coal-assets-2015-11-20,retrieved_extracted,,2015-11-20,266,c720aba17fa78b1ef7a4987b341682d4d662d137b980f591e44c2966b3dcd7ca,0,0,,0,,0,0,,0,0,earnings_results,2,1,false,false,false,no_case_anchor,"Extracted article text contains no Marikana, Lonmin or Sibanye anchor.",,,
SEC-MEDIA-0693,Engineering News,https://www.engineeringnews.co.za/article/sibanye-interested-in-zambias-mopani-copper-mines-froneman-2022-10-05,https://engineeringnews.co.za/article/sibanye-interested-in-zambias-mopani-copper-mines-froneman-2022-10-05,2022,Sibanye Interested In Zambias Mopani Copper Mines Froneman,secondary_keyword_only_review,https://www.engineeringnews.co.za/article/sibanye-interested-in-zambias-mopani-copper-mines-froneman-2022-10-05,retrieved_extracted,,2022-10-05,484,a3354d005957a0066686102a50df6cbdaed74b8ebf11ca3782bb1bef2a177978,0,4,,0,,0,0,,0,0,earnings_results;production_output;transaction;exploration_project,6,4,false,false,false,ambiguous_secondary_review,Signals are insufficient for a defensible secondary-queue decision.,,,
SEC-MEDIA-0694,Engineering News,https://www.engineeringnews.co.za/article/sibanye-investing-r39bn-in-gold-mines-2016-04-20,https://engineeringnews.co.za/article/sibanye-investing-r39bn-in-gold-mines-2016-04-20,2016,Sibanye Investing R39Bn In Gold Mines,secondary_keyword_only_review,https://www.engineeringnews.co.za/article/sibanye-investing-r39bn-in-gold-mines-2016-04-20,retrieved_extracted,,2016-04-20,867,db210c4d04bbe7d01a4e4c16549656c3c945d750bfcf7eb88277eddb5e38fa6e,0,8,,0,,0,0,,0,0,share_price;earnings_results;production_output;funding_debt;transaction;exploration_project;commodity_market,20,7,false,false,false,ambiguous_secondary_review,Signals are insufficient for a defensible secondary-queue decision.,,,
SEC-MEDIA-0695,Engineering News,https://www.engineeringnews.co.za/article/sibanye-johnson-matthey-partner-to-boost-battery-technology-low-carbon-development-2021-03-19,https://engineeringnews.co.za/article/sibanye-johnson-matthey-partner-to-boost-battery-technology-low-carbon-development-2021-03-19,2021,Sibanye Johnson Matthey Partner To Boost Battery Technology Low Carbon Development,secondary_keyword_only_review,https://www.engineeringnews.co.za/article/sibanye-johnson-matthey-partner-to-boost-battery-technology-low-carbon-development-2021-03-19,retrieved_extracted,,2021-03-19,827,24e1255244d1016fade910f62399ede9418dac52e69f74baa6ddad700a15e114,0,7,,0,worker_miner,2,1,,0,0,earnings_results;production_output;exploration_project,5,3,false,false,false,ambiguous_secondary_review,Signals are insufficient for a defensible secondary-queue decision.,,,
SEC-MEDIA-0696,Engineering News,https://www.engineeringnews.co.za/article/sibanye-keeps-workers-safe-during-underground-fire-incident-at-kroondal-2020-03-10,https://engineeringnews.co.za/article/sibanye-keeps-workers-safe-during-underground-fire-incident-at-kroondal-2020-03-10,2020,Sibanye Keeps Workers Safe During Underground Fire Incident At Kroondal,secondary_keyword_only_review,https://www.engineeringnews.co.za/article/sibanye-keeps-workers-safe-during-underground-fire-incident-at-kroondal-2020-03-10,retrieved_extracted,,2020-03-10,487,d10a42338bb5aa2224d55ad67fa92bae6c0e0f4030c8fea32da940116302b9f3,0,3,,0,worker_miner;union,10,2,,0,0,earnings_results,2,1,false,false,true,sibanye_context_without_case_anchor_review,Sibanye appears with labour/social context but no Marikana/Lonmin anchor; review before exclusion.,,,
SEC-MEDIA-0697,Engineering News,https://www.engineeringnews.co.za/article/sibanye-kicks-off-consultations-on-cooke-4-restructuring-plans-2014-09-12,https://engineeringnews.co.za/article/sibanye-kicks-off-consultations-on-cooke-4-restructuring-plans-2014-09-12,2014,Sibanye Kicks Off Consultations On Cooke 4 Restructuring Plans,secondary_keyword_only_review,https://www.engineeringnews.co.za/article/sibanye-kicks-off-consultations-on-cooke-4-restructuring-plans-2014-09-12,retrieved_extracted,,2014-09-12,837,fcaf4f2c77b2e5220267f89718e79b3184923766db97771c3cdb5e1d2d07471c,0,9,,0,worker_miner;union,5,2,,0,0,earnings_results;transaction;exploration_project,7,3,false,false,false,sibanye_context_without_case_anchor_review,Sibanye appears with labour/social context but no Marikana/Lonmin anchor; review before exclusion.,,,
SEC-MEDIA-0698,Engineering News,https://www.engineeringnews.co.za/article/sibanye-launches-400m-bond-buyback-2018-09-04,https://engineeringnews.co.za/article/sibanye-launches-400m-bond-buyback-2018-09-04,2018,Sibanye Launches 400M Bond Buyback,secondary_keyword_only_review,https://www.engineeringnews.co.za/article/sibanye-launches-400m-bond-buyback-2018-09-04,retrieved_extracted,,2018-09-04,408,cd7a7cee4702ae09a968b22bbc731bdde5290e9a999a4deb07a3d0fd1e4f00b4,1,4,,0,,0,0,,0,0,earnings_results;funding_debt;transaction,6,3,false,false,false,lonmin_low_context_review,Lonmin occurs in the body but without enough case/labour/social context for a defensible decision.,,,
SEC-MEDIA-0699,Engineering News,https://www.engineeringnews.co.za/article/sibanye-launches-500m-bond-offering-2023-11-21,https://engineeringnews.co.za/article/sibanye-launches-500m-bond-offering-2023-11-21,2023,Sibanye Launches 500M Bond Offering,secondary_keyword_only_review,https://www.engineeringnews.co.za/article/sibanye-launches-500m-bond-offering-2023-11-21,retrieved_extracted,,2023-11-21,631,6b90f70557a421b717e5cab3d8fcee0bb1859d05ee559529f6288be5cf6a5ee6,0,9,,0,wage,1,1,,0,0,share_price;earnings_results;funding_debt;transaction;commodity_market,15,5,false,false,false,ambiguous_secondary_review,Signals are insufficient for a defensible secondary-queue decision.,,,
SEC-MEDIA-0700,Engineering News,https://www.engineeringnews.co.za/article/sibanye-lifts-gold-output-26-qq-in-improved-q2-2015-07-16,https://engineeringnews.co.za/article/sibanye-lifts-gold-output-26-qq-in-improved-q2-2015-07-16,2015,Sibanye Lifts Gold Output 26 Qq In Improved Q2,secondary_keyword_only_review,https://www.engineeringnews.co.za/article/sibanye-lifts-gold-output-26-qq-in-improved-q2-2015-07-16,retrieved_extracted,,2015-07-16,551,b341dafe1c8e27a4aad7cda1bf3a057d30430b850299d6c76505dddab662f7b1,0,3,,0,worker_miner;union,2,2,,0,0,earnings_results;production_output;exploration_project,12,3,false,true,false,sibanye_context_without_case_anchor_review,Sibanye appears with labour/social context but no Marikana/Lonmin anchor; review before exclusion.,,,
SEC-MEDIA-0701,Engineering News,https://www.engineeringnews.co.za/article/sibanye-lifts-stake-in-drdgold-to-501-2020-01-10,https://engineeringnews.co.za/article/sibanye-lifts-stake-in-drdgold-to-501-2020-01-10,2020,Sibanye Lifts Stake In Drdgold To 501,secondary_keyword_only_review,https://www.engineeringnews.co.za/article/sibanye-lifts-stake-in-drdgold-to-501-2020-01-10,retrieved_extracted,,2020-01-10,618,f35c4c3a47c3b62ccba890bdc94068cba32fd50f4af1fd5ae3d7a652cb20d09f,0,8,,0,worker_miner,2,1,,0,0,share_price;earnings_results;transaction;exploration_project,10,4,false,true,false,strong_routine_no_case_anchor,Routine corporate/financial/production article with no Marikana/Lonmin case anchor.,,,
SEC-MEDIA-0702,Engineering News,https://www.engineeringnews.co.za/article/sibanye-linked-finnish-developer-takes-new-step-towards-battery-grade-lithium-goal-2021-07-01,https://engineeringnews.co.za/article/sibanye-linked-finnish-developer-takes-new-step-towards-battery-grade-lithium-goal-2021-07-01,2021,Sibanye Linked Finnish Developer Takes New Step Towards Battery Grade Lithium Goal,secondary_keyword_only_review,https://www.engineeringnews.co.za/article/sibanye-linked-finnish-developer-takes-new-step-towards-battery-grade-lithium-goal-2021-07-01,retrieved_extracted,,2021-07-01,868,e9d221accd3674d5cd75e8c19b4f4df9702737137fde0754ffc656447039a01b,0,5,,0,,0,0,,0,0,earnings_results;production_output;transaction;exploration_project;commodity_market,12,5,false,false,false,ambiguous_secondary_review,Signals are insufficient for a defensible secondary-queue decision.,,,
SEC-MEDIA-0703,Engineering News,https://www.engineeringnews.co.za/article/sibanye-linked-finnish-developer-takes-next-step-towards-battery-grade-lithium-goal-2021-07-16,https://engineeringnews.co.za/article/sibanye-linked-finnish-developer-takes-next-step-towards-battery-grade-lithium-goal-2021-07-16,2021,Sibanye Linked Finnish Developer Takes Next Step Towards Battery Grade Lithium Goal,secondary_keyword_only_review,https://www.engineeringnews.co.za/article/sibanye-linked-finnish-developer-takes-next-step-towards-battery-grade-lithium-goal-2021-07-16,retrieved_extracted,,2021-07-16,872,32f6e0d5b9458cd34e6107547119a87a51e6553842804de7bb25a55e04d16de3,0,5,,0,,0,0,,0,0,earnings_results;production_output;transaction;exploration_project;commodity_market,12,5,false,false,false,ambiguous_secondary_review,Signals are insufficient for a defensible secondary-queue decision.,,,
SEC-MEDIA-0704,Engineering News,https://www.engineeringnews.co.za/article/sibanye-looking-to-cut-another-2-000-jobs-as-restructure-bears-fruit-2013-08-13,https://engineeringnews.co.za/article/sibanye-looking-to-cut-another-2-000-jobs-as-restructure-bears-fruit-2013-08-13,2013,Sibanye Looking To Cut Another 2 000 Jobs As Restructure Bears Fruit,secondary_keyword_only_review,https://www.engineeringnews.co.za/article/sibanye-looking-to-cut-another-2-000-jobs-as-restructure-bears-fruit-2013-08-13,retrieved_extracted,,2013-08-13,806,2cf04a8bb5463a6bd168b3bdc7e255ede39e3542f7db02b07314525fb9ea71f7,0,7,,0,worker_miner;wage;protest_unrest,3,3,,0,0,earnings_results;production_output;funding_debt;exploration_project,12,4,false,false,false,sibanye_context_without_case_anchor_review,Sibanye appears with labour/social context but no Marikana/Lonmin anchor; review before exclusion.,,,
SEC-MEDIA-0705,Engineering News,https://www.engineeringnews.co.za/article/sibanye-looking-to-cut-another-2-000-jobs-as-restructure-bears-fruit-2013-08-23,https://engineeringnews.co.za/article/sibanye-looking-to-cut-another-2-000-jobs-as-restructure-bears-fruit-2013-08-23,2013,Sibanye Looking To Cut Another 2 000 Jobs As Restructure Bears Fruit,secondary_keyword_only_review,https://www.engineeringnews.co.za/article/sibanye-looking-to-cut-another-2-000-jobs-as-restructure-bears-fruit-2013-08-23,retrieved_extracted,,2013-08-23,802,ab89aa84ab9486ba8da83a9c4fbe5ea55b694017bb473c2c0e3c80da19c2d41f,0,7,,0,worker_miner;wage;protest_unrest,3,3,,0,0,earnings_results;production_output;funding_debt;exploration_project,12,4,false,false,false,sibanye_context_without_case_anchor_review,Sibanye appears with labour/social context but no Marikana/Lonmin anchor; review before exclusion.,,,
SEC-MEDIA-0706,Engineering News,https://www.engineeringnews.co.za/article/sibanye-looks-forward-to-more-positive-second-half-performance-2019-08-29,https://engineeringnews.co.za/article/sibanye-looks-forward-to-more-positive-second-half-performance-2019-08-29,2019,Sibanye Looks Forward To More Positive Second Half Performance,secondary_keyword_only_review,https://www.engineeringnews.co.za/article/sibanye-looks-forward-to-more-positive-second-half-performance-2019-08-29,retrieved_extracted,,2019-08-29,1919,e1a136450073b5496dc5edb0d2620609ecfb3d7732f147dd9110572d12e67994,3,14,marikana,5,strike;worker_miner;wage;union,10,4,,0,0,share_price;earnings_results;production_output;transaction;exploration_project;commodity_market,49,6,false,false,false,strong_case_context_supported,Body contains a high-specificity Marikana case term reinforced by labour/event/social/governance context.,,,
SEC-MEDIA-0707,Engineering News,https://www.engineeringnews.co.za/article/sibanye-maintains-fy-output-guidance-2014-10-22,https://engineeringnews.co.za/article/sibanye-maintains-fy-output-guidance-2014-10-22,2014,Sibanye Maintains Fy Output Guidance,secondary_keyword_only_review,https://www.engineeringnews.co.za/article/sibanye-maintains-fy-output-guidance-2014-10-22,retrieved_extracted,,2014-10-22,351,27a00b2efc1a045f343f693e31aef93c15bd0a1d9a9deb051ec7020dcaa5919e,0,2,,0,worker_miner,1,1,,0,0,earnings_results;production_output,5,2,false,true,false,strong_routine_no_case_anchor,Routine corporate/financial/production article with no Marikana/Lonmin case anchor.,,,
SEC-MEDIA-0708,Engineering News,https://www.engineeringnews.co.za/article/sibanye-march-quarter-output-up-36-despite-operational-hiccups-2013-05-08,https://engineeringnews.co.za/article/sibanye-march-quarter-output-up-36-despite-operational-hiccups-2013-05-08,2013,Sibanye March Quarter Output Up 36 Despite Operational Hiccups,secondary_keyword_only_review,https://www.engineeringnews.co.za/article/sibanye-march-quarter-output-up-36-despite-operational-hiccups-2013-05-08,retrieved_extracted,,2013-05-08,939,705c117318846bcff598d5995c9e82bdae025e41da0e3cd0272f5d4712205c04,0,4,,0,strike;worker_miner;wage;union,10,4,,0,0,earnings_results;production_output;exploration_project,22,3,false,true,false,sibanye_context_without_case_anchor_review,Sibanye appears with labour/social context but no Marikana/Lonmin anchor; review before exclusion.,,,
SEC-MEDIA-0709,Engineering News,https://www.engineeringnews.co.za/article/sibanye-march-quarter-output-up-36-despite-operational-hiccups-2013-05-17,https://engineeringnews.co.za/article/sibanye-march-quarter-output-up-36-despite-operational-hiccups-2013-05-17,2013,Sibanye March Quarter Output Up 36 Despite Operational Hiccups,secondary_keyword_only_review,https://www.engineeringnews.co.za/article/sibanye-march-quarter-output-up-36-despite-operational-hiccups-2013-05-17,retrieved_extracted,,2013-05-17,934,66b5ce54cd93dd3dc7033c453a2a48f8d007c6636645cbab0a950c089dc86176,0,4,,0,strike;worker_miner;wage;union,10,4,,0,0,earnings_results;production_output;exploration_project,22,3,false,true,false,sibanye_context_without_case_anchor_review,Sibanye appears with labour/social context but no Marikana/Lonmin anchor; review before exclusion.,,,
SEC-MEDIA-0710,Engineering News,https://www.engineeringnews.co.za/article/sibanye-marks-transformational-moment-on-nyse-2020-02-28,https://engineeringnews.co.za/article/sibanye-marks-transformational-moment-on-nyse-2020-02-28,2020,Sibanye Marks Transformational Moment On Nyse,secondary_keyword_only_review,https://www.engineeringnews.co.za/article/sibanye-marks-transformational-moment-on-nyse-2020-02-28,retrieved_extracted,,2020-02-28,439,abc53d027f873a0af7550080a11a940f9c42499e8c5d6d6e1c00ab214db9710f,0,5,,0,,0,0,,0,0,share_price;earnings_results,3,2,false,false,false,ambiguous_secondary_review,Signals are insufficient for a defensible secondary-queue decision.,,,
SEC-MEDIA-0711,Engineering News,https://www.engineeringnews.co.za/article/sibanye-may-cut-up-to-7-400-jobs-in-proposed-restructure-of-beatrix-west-cooke-operations-2017-08-03,https://engineeringnews.co.za/article/sibanye-may-cut-up-to-7-400-jobs-in-proposed-restructure-of-beatrix-west-cooke-operations-2017-08-03,2017,Sibanye May Cut Up To 7 400 Jobs In Proposed Restructure Of Beatrix West Cooke Operations,secondary_keyword_only_review,https://www.engineeringnews.co.za/article/sibanye-may-cut-up-to-7-400-jobs-in-proposed-restructure-of-beatrix-west-cooke-operations-2017-08-03,retrieved_extracted,,2017-08-03,700,f4b05f60f61f5b3c8edf753994ac9c072e7d599d6b38e37887b357417e42ad6c,0,7,,0,strike;worker_miner;union;protest_unrest,8,4,community,1,1,earnings_results,2,1,false,false,false,sibanye_context_without_case_anchor_review,Sibanye appears with labour/social context but no Marikana/Lonmin anchor; review before exclusion.,,,
SEC-MEDIA-0712,Engineering News,https://www.engineeringnews.co.za/article/sibanye-may-resume-dividend-payments-if-metals-prices-hold-2019-10-31,https://engineeringnews.co.za/article/sibanye-may-resume-dividend-payments-if-metals-prices-hold-2019-10-31,2019,Sibanye May Resume Dividend Payments If Metals Prices Hold,secondary_keyword_only_review,https://www.engineeringnews.co.za/article/sibanye-may-resume-dividend-payments-if-metals-prices-hold-2019-10-31,retrieved_extracted,,2019-10-31,930,323fdd70adfbd8676ad14af1f569ad796060f3797c852bc3d999c2507af714cd,0,9,marikana,2,strike;worker_miner,2,2,,0,0,earnings_results;production_output;dividend_rights;exploration_project,26,4,false,true,false,strong_case_context_supported,Body contains a high-specificity Marikana case term reinforced by labour/event/social/governance context.,,,
SEC-MEDIA-0713,Engineering News,https://www.engineeringnews.co.za/article/sibanye-may-retrench-up-to-330-platinum-mine-employees-2017-01-26,https://engineeringnews.co.za/article/sibanye-may-retrench-up-to-330-platinum-mine-employees-2017-01-26,2017,Sibanye May Retrench Up To 330 Platinum Mine Employees,secondary_keyword_only_review,https://www.engineeringnews.co.za/article/sibanye-may-retrench-up-to-330-platinum-mine-employees-2017-01-26,retrieved_extracted,,2017-01-26,415,35024919b1ee3891470e2d606f177c0713445795f226abee1be37de763f8f1a5,0,4,,0,worker_miner;union,2,2,,0,0,earnings_results,2,1,false,false,false,sibanye_context_without_case_anchor_review,Sibanye appears with labour/social context but no Marikana/Lonmin anchor; review before exclusion.,,,
SEC-MEDIA-0714,Engineering News,https://www.engineeringnews.co.za/article/sibanye-may-wind-down-gold-mines-in-south-africas-fading-sector-2021-07-14,https://engineeringnews.co.za/article/sibanye-may-wind-down-gold-mines-in-south-africas-fading-sector-2021-07-14,2021,Sibanye May Wind Down Gold Mines In South Africas Fading Sector,secondary_keyword_only_review,https://www.engineeringnews.co.za/article/sibanye-may-wind-down-gold-mines-in-south-africas-fading-sector-2021-07-14,retrieved_extracted,,2021-07-14,741,27b3cd1935ac66040fd25b3179f554f1b72125d73f74aa1c83b36dcf2984c580,0,6,,0,worker_miner;protest_unrest,3,2,community,1,1,earnings_results;production_output,4,2,false,false,false,sibanye_context_without_case_anchor_review,Sibanye appears with labour/social context but no Marikana/Lonmin anchor; review before exclusion.,,,
SEC-MEDIA-0715,Engineering News,https://www.engineeringnews.co.za/article/sibanye-merger-with-aquarius-platinum-and-rustenburg-platinum-mines-approved-2016-03-18,https://engineeringnews.co.za/article/sibanye-merger-with-aquarius-platinum-and-rustenburg-platinum-mines-approved-2016-03-18,2016,Sibanye Merger With Aquarius Platinum And Rustenburg Platinum Mines Approved,secondary_keyword_only_review,https://www.engineeringnews.co.za/article/sibanye-merger-with-aquarius-platinum-and-rustenburg-platinum-mines-approved-2016-03-18,retrieved_extracted,,2016-03-18,547,76ee2e128639b8496dbf02f3184769e3bc92e43e715d90274170c4213f0c164d,0,9,,0,,0,0,commission_inquiry,1,1,earnings_results;transaction,8,2,false,true,false,sibanye_context_without_case_anchor_review,Sibanye appears with labour/social context but no Marikana/Lonmin anchor; review before exclusion.,,,
SEC-MEDIA-0716,Engineering News,https://www.engineeringnews.co.za/article/sibanye-mineral-reserves-increase-12-to-199moz-2015-02-05,https://engineeringnews.co.za/article/sibanye-mineral-reserves-increase-12-to-199moz-2015-02-05,2015,Sibanye Mineral Reserves Increase 12 To 199Moz,secondary_keyword_only_review,https://www.engineeringnews.co.za/article/sibanye-mineral-reserves-increase-12-to-199moz-2015-02-05,retrieved_extracted,,2015-02-05,804,96f5c77dfeb1a2e1a9dfe6cc0582e0212d1a7b9569a7bff747e654d7f1631acb,0,8,,0,worker_miner,2,1,,0,0,earnings_results;production_output;exploration_project,18,3,false,false,false,ambiguous_secondary_review,Signals are insufficient for a defensible secondary-queue decision.,,,
SEC-MEDIA-0717,Engineering News,https://www.engineeringnews.co.za/article/sibanye-negotiating-new-work-shift-arrangements-with-unions-2014-08-12,https://engineeringnews.co.za/article/sibanye-negotiating-new-work-shift-arrangements-with-unions-2014-08-12,2014,Sibanye Negotiating New Work Shift Arrangements With Unions,secondary_keyword_only_review,https://www.engineeringnews.co.za/article/sibanye-negotiating-new-work-shift-arrangements-with-unions-2014-08-12,retrieved_extracted,,2014-08-12,1158,a57126a5cba6e515f55433d73a1ad28fa4ed71d7c26222a9f04ed1c7a6bf639c,0,12,,0,worker_miner;wage;union,13,3,housing;community,3,2,share_price;earnings_results;funding_debt,8,3,false,false,false,sibanye_context_without_case_anchor_review,Sibanye appears with labour/social context but no Marikana/Lonmin anchor; review before exclusion.,,,
SEC-MEDIA-0718,Engineering News,https://www.engineeringnews.co.za/article/sibanye-negotiating-new-work-shift-arrangements-with-unions-2014-08-22,https://engineeringnews.co.za/article/sibanye-negotiating-new-work-shift-arrangements-with-unions-2014-08-22,2014,Sibanye Negotiating New Work Shift Arrangements With Unions,secondary_keyword_only_review,https://www.engineeringnews.co.za/article/sibanye-negotiating-new-work-shift-arrangements-with-unions-2014-08-22,retrieved_extracted,,2014-08-22,904,5bcbc2ce812355bc26284900947a6d35e0e26b26e7b70df34ef7206951db30b3,0,10,,0,worker_miner;wage;union,10,3,housing,2,1,share_price;earnings_results;funding_debt,8,3,false,false,false,sibanye_context_without_case_anchor_review,Sibanye appears with labour/social context but no Marikana/Lonmin anchor; review before exclusion.,,,
SEC-MEDIA-0719,Engineering News,https://www.engineeringnews.co.za/article/sibanye-newshelf-in-breach-of-merger-conditions-competition-commission-2014-11-14,https://engineeringnews.co.za/article/sibanye-newshelf-in-breach-of-merger-conditions-competition-commission-2014-11-14,2014,Sibanye Newshelf In Breach Of Merger Conditions Competition Commission,secondary_keyword_only_review,https://www.engineeringnews.co.za/article/sibanye-newshelf-in-breach-of-merger-conditions-competition-commission-2014-11-14,retrieved_extracted,,2014-11-14,582,de20fe4c22db8aaa0bfb6c6bd6b0be3021f2c70331be5495acd60c6ae97d5c30,0,6,,0,worker_miner;union,6,2,commission_inquiry,6,1,earnings_results;transaction,11,2,false,true,true,sibanye_context_without_case_anchor_review,Sibanye appears with labour/social context but no Marikana/Lonmin anchor; review before exclusion.,,,
SEC-MEDIA-0720,Engineering News,https://www.engineeringnews.co.za/article/sibanye-newshelf-in-breach-of-merger-conditions-competition-commission-2014-11-28,https://engineeringnews.co.za/article/sibanye-newshelf-in-breach-of-merger-conditions-competition-commission-2014-11-28,2014,Sibanye Newshelf In Breach Of Merger Conditions Competition Commission,secondary_keyword_only_review,https://www.engineeringnews.co.za/article/sibanye-newshelf-in-breach-of-merger-conditions-competition-commission-2014-11-28,retrieved_extracted,,2014-11-28,506,210ab87ddc1a14e84f6fb68eea9f7bb028d281c804d3b35411ab0e73cd62eb62,0,6,,0,worker_miner;union,5,2,commission_inquiry,4,1,earnings_results;transaction,10,2,false,true,true,sibanye_context_without_case_anchor_review,Sibanye appears with labour/social context but no Marikana/Lonmin anchor; review before exclusion.,,,
SEC-MEDIA-0721,Engineering News,https://www.engineeringnews.co.za/article/sibanye-nonexec-director-barry-davison-retires-in-may-2019-03-15,https://engineeringnews.co.za/article/sibanye-nonexec-director-barry-davison-retires-in-may-2019-03-15,2019,Sibanye Nonexec Director Barry Davison Retires In May,secondary_keyword_only_review,https://www.engineeringnews.co.za/article/sibanye-nonexec-director-barry-davison-retires-in-may-2019-03-15,retrieved_extracted,,2019-03-15,353,26b2a484ebdf01016821a86e46045ecb8785d210368378fc0319a32ddb776e58,0,3,,0,worker_miner,1,1,,0,0,earnings_results,2,1,false,false,false,ambiguous_secondary_review,Signals are insufficient for a defensible secondary-queue decision.,,,
SEC-MEDIA-0722,Engineering News,https://www.engineeringnews.co.za/article/sibanye-now-largest-shareholder-of-keliber-2021-09-20,https://engineeringnews.co.za/article/sibanye-now-largest-shareholder-of-keliber-2021-09-20,2021,Sibanye Now Largest Shareholder Of Keliber,secondary_keyword_only_review,https://www.engineeringnews.co.za/article/sibanye-now-largest-shareholder-of-keliber-2021-09-20,retrieved_extracted,,2021-09-20,420,0b16affc8591abf49e3c5c67c42a56d37863be0c2ca2eec8e2dbe10f686e0ac2,0,3,,0,worker_miner,1,1,,0,0,share_price;earnings_results;production_output;funding_debt;transaction,8,5,false,false,false,ambiguous_secondary_review,Signals are insufficient for a defensible secondary-queue decision.,,,
SEC-MEDIA-0723,Engineering News,https://www.engineeringnews.co.za/article/sibanye-observes-water-month-with-groundwater-initiatives-2022-03-31,https://engineeringnews.co.za/article/sibanye-observes-water-month-with-groundwater-initiatives-2022-03-31,2022,Sibanye Observes Water Month With Groundwater Initiatives,secondary_keyword_only_review,https://www.engineeringnews.co.za/article/sibanye-observes-water-month-with-groundwater-initiatives-2022-03-31,retrieved_extracted,,2022-03-31,827,57a5de2c8a16e4352eacdd8b3d28672781d8c589b4ecbccfcfbcd3bffff6da52,0,7,,0,,0,0,housing;community,4,2,earnings_results;transaction,4,2,false,false,false,sibanye_context_without_case_anchor_review,Sibanye appears with labour/social context but no Marikana/Lonmin anchor; review before exclusion.,,,
SEC-MEDIA-0724,Engineering News,https://www.engineeringnews.co.za/article/sibanye-obtains-a-rating-for-climate-change-disclosure-2020-01-20,https://engineeringnews.co.za/article/sibanye-obtains-a-rating-for-climate-change-disclosure-2020-01-20,2020,Sibanye Obtains A Rating For Climate Change Disclosure,secondary_keyword_only_review,https://www.engineeringnews.co.za/article/sibanye-obtains-a-rating-for-climate-change-disclosure-2020-01-20,retrieved_extracted,,2020-01-20,571,cf5974fecba2b944f0bcb18e0353f761adedae7daafa0a5a87f016d6e862c548,0,5,,0,worker_miner,2,1,,0,0,earnings_results;production_output,3,2,false,false,false,ambiguous_secondary_review,Signals are insufficient for a defensible secondary-queue decision.,,,
SEC-MEDIA-0725,Engineering News,https://www.engineeringnews.co.za/article/sibanye-operating-profit-steady-on-6-lower-gold-output-2016-02-25,https://engineeringnews.co.za/article/sibanye-operating-profit-steady-on-6-lower-gold-output-2016-02-25,2016,Sibanye Operating Profit Steady On 6 Lower Gold Output,secondary_keyword_only_review,https://www.engineeringnews.co.za/article/sibanye-operating-profit-steady-on-6-lower-gold-output-2016-02-25,retrieved_extracted,,2016-02-25,501,a07b3cbf97fea01575883e31322a3f11708c07044478df0c393f4295b1346c38,0,2,,0,protest_unrest,1,1,,0,0,earnings_results;production_output;funding_debt,8,3,false,true,false,strong_routine_no_case_anchor,Routine corporate/financial/production article with no Marikana/Lonmin case anchor.,,,
SEC-MEDIA-0726,Engineering News,https://www.engineeringnews.co.za/article/sibanye-opts-to-pay-back-353m-in-bonds-early-2021-07-02,https://engineeringnews.co.za/article/sibanye-opts-to-pay-back-353m-in-bonds-early-2021-07-02,2021,Sibanye Opts To Pay Back 353M In Bonds Early,secondary_keyword_only_review,https://www.engineeringnews.co.za/article/sibanye-opts-to-pay-back-353m-in-bonds-early-2021-07-02,retrieved_extracted,,2021-07-02,431,2ddbe04c6777650bcb8e0b7f8d483b90bb10c2037f3cd6fb98c3c887f4802e63,0,2,,0,wage,1,1,,0,0,earnings_results;funding_debt;commodity_market,4,3,false,false,false,ambiguous_secondary_review,Signals are insufficient for a defensible secondary-queue decision.,,,
SEC-MEDIA-0727,Engineering News,https://www.engineeringnews.co.za/article/sibanye-platinums-favourable-wage-agreement-creates-certainty-solidarity-2017-10-18,https://engineeringnews.co.za/article/sibanye-platinums-favourable-wage-agreement-creates-certainty-solidarity-2017-10-18,2017,Sibanye Platinums Favourable Wage Agreement Creates Certainty Solidarity,secondary_keyword_only_review,https://www.engineeringnews.co.za/article/sibanye-platinums-favourable-wage-agreement-creates-certainty-solidarity-2017-10-18,retrieved_extracted,,2017-10-18,462,402477dc668a5520acd23339d910d013b85fe093ece854d128e6d26ab4f1a9c9,0,4,,0,wage;union,7,2,,0,0,earnings_results,2,1,false,false,false,sibanye_context_without_case_anchor_review,Sibanye appears with labour/social context but no Marikana/Lonmin anchor; review before exclusion.,,,
SEC-MEDIA-0728,Engineering News,https://www.engineeringnews.co.za/article/sibanye-prepares-for-the-future-with-new-senior-management-appointments-2021-04-23,https://engineeringnews.co.za/article/sibanye-prepares-for-the-future-with-new-senior-management-appointments-2021-04-23,2021,Sibanye Prepares For The Future With New Senior Management Appointments,secondary_keyword_only_review,https://www.engineeringnews.co.za/article/sibanye-prepares-for-the-future-with-new-senior-management-appointments-2021-04-23,retrieved_extracted,,2021-04-23,696,2c227b45df1fbc63bf5c39b6d0a751ba2f1121cd654605823188adc9cf68778b,0,6,,0,worker_miner,2,1,,0,0,earnings_results,2,1,false,false,false,ambiguous_secondary_review,Signals are insufficient for a defensible secondary-queue decision.,,,
SEC-MEDIA-0729,Engineering News,https://www.engineeringnews.co.za/article/sibanye-prepares-south-african-ops-for-downtime-warns-of-depressed-guidance-2020-03-25,https://engineeringnews.co.za/article/sibanye-prepares-south-african-ops-for-downtime-warns-of-depressed-guidance-2020-03-25,2020,Sibanye Prepares South African Ops For Downtime Warns Of Depressed Guidance,secondary_keyword_only_review,https://www.engineeringnews.co.za/article/sibanye-prepares-south-african-ops-for-downtime-warns-of-depressed-guidance-2020-03-25,retrieved_extracted,,2020-03-25,486,99bfcb53c820941478485feca5b72397a366eca6e6b777d1ad81c3df9c6145d2,0,4,,0,worker_miner,2,1,,0,0,earnings_results;production_output;exploration_project,5,3,false,true,false,strong_routine_no_case_anchor,Routine corporate/financial/production article with no Marikana/Lonmin case anchor.,,,
SEC-MEDIA-0730,Engineering News,https://www.engineeringnews.co.za/article/sibanye-prides-itself-in-having-the-rock-star-metals-of-the-moment-2020-09-11,https://engineeringnews.co.za/article/sibanye-prides-itself-in-having-the-rock-star-metals-of-the-moment-2020-09-11,2020,Sibanye Prides Itself In Having The Rock Star Metals Of The Moment,secondary_keyword_only_review,https://www.engineeringnews.co.za/article/sibanye-prides-itself-in-having-the-rock-star-metals-of-the-moment-2020-09-11,retrieved_extracted,,2020-09-11,1195,1e406ba432c5909759c47fddca1d8f92d36e2ecbc3590822c19488e9c395d171,0,10,marikana,7,strike,1,1,,0,0,earnings_results;production_output;dividend_rights;commodity_market,24,4,false,false,false,case_term_low_context_review,A case term occurs but context is insufficient to distinguish substantive treatment from incidental/place/project use.,,,
SEC-MEDIA-0731,Engineering News,https://www.engineeringnews.co.za/article/sibanye-proceeds-with-lockout-of-workers-at-its-gold-mines-2022-03-10,https://engineeringnews.co.za/article/sibanye-proceeds-with-lockout-of-workers-at-its-gold-mines-2022-03-10,2022,Sibanye Proceeds With Lockout Of Workers At Its Gold Mines,secondary_keyword_only_review,https://www.engineeringnews.co.za/article/sibanye-proceeds-with-lockout-of-workers-at-its-gold-mines-2022-03-10,retrieved_extracted,,2022-03-10,609,8928e7a778387d13062438ab868dca67c8acc4cfd436c7359a315d10b17f5f5c,0,8,,0,strike;worker_miner;wage;union,26,4,,0,0,earnings_results,2,1,false,false,true,sibanye_context_without_case_anchor_review,Sibanye appears with labour/social context but no Marikana/Lonmin anchor; review before exclusion.,,,
SEC-MEDIA-0732,Engineering News,https://www.engineeringnews.co.za/article/sibanye-production-lifts-earnings-off-lower-gold-price-declares-dividend-2014-02-20,https://engineeringnews.co.za/article/sibanye-production-lifts-earnings-off-lower-gold-price-declares-dividend-2014-02-20,2014,Sibanye Production Lifts Earnings Off Lower Gold Price Declares Dividend,secondary_keyword_only_review,https://www.engineeringnews.co.za/article/sibanye-production-lifts-earnings-off-lower-gold-price-declares-dividend-2014-02-20,retrieved_extracted,,2014-02-20,534,7ccdf3597a81e4619e1864343f0e5ac10d8855d9b40519de83d1cc8b37ffa2a8,0,3,,0,,0,0,,0,0,share_price;earnings_results;production_output;funding_debt;dividend_rights,23,5,false,true,false,strong_routine_no_case_anchor,Routine corporate/financial/production article with no Marikana/Lonmin case anchor.,,,
SEC-MEDIA-0733,Engineering News,https://www.engineeringnews.co.za/article/sibanye-proposes-buyout-of-shares-from-holders-of-fewer-than-400-shares-2020-11-02,https://engineeringnews.co.za/article/sibanye-proposes-buyout-of-shares-from-holders-of-fewer-than-400-shares-2020-11-02,2020,Sibanye Proposes Buyout Of Shares From Holders Of Fewer Than 400 Shares,secondary_keyword_only_review,https://www.engineeringnews.co.za/article/sibanye-proposes-buyout-of-shares-from-holders-of-fewer-than-400-shares-2020-11-02,retrieved_extracted,,2020-11-02,549,badce8a93d3384227662e6ed2029fe7b25dcf8a1ca8a3dea422c22b66afe401c,1,9,,0,worker_miner,1,1,,0,0,share_price;earnings_results;transaction;dividend_rights,16,4,false,false,false,lonmin_low_context_review,Lonmin occurs in the body but without enough case/labour/social context for a defensible decision.,,,
SEC-MEDIA-0734,Engineering News,https://www.engineeringnews.co.za/article/sibanye-provides-200m-financial-assistance-to-thor-us-holdco-2017-06-05,https://engineeringnews.co.za/article/sibanye-provides-200m-financial-assistance-to-thor-us-holdco-2017-06-05,2017,Sibanye Provides 200M Financial Assistance To Thor Us Holdco,secondary_keyword_only_review,https://www.engineeringnews.co.za/article/sibanye-provides-200m-financial-assistance-to-thor-us-holdco-2017-06-05,retrieved_extracted,,2017-06-05,386,9373b20b7704e58bf8431bba7610417594b2f419fd88beddecfc7237e39233df,0,3,,0,worker_miner,1,1,,0,0,share_price;earnings_results;transaction,4,3,false,false,false,ambiguous_secondary_review,Signals are insufficient for a defensible secondary-queue decision.,,,
SEC-MEDIA-0735,Engineering News,https://www.engineeringnews.co.za/article/sibanye-provides-200m-financial-assistance-to-thor-us-holdco-2017-06-16,https://engineeringnews.co.za/article/sibanye-provides-200m-financial-assistance-to-thor-us-holdco-2017-06-16,2017,Sibanye Provides 200M Financial Assistance To Thor Us Holdco,secondary_keyword_only_review,https://www.engineeringnews.co.za/article/sibanye-provides-200m-financial-assistance-to-thor-us-holdco-2017-06-16,retrieved_extracted,,2017-06-16,266,c720aba17fa78b1ef7a4987b341682d4d662d137b980f591e44c2966b3dcd7ca,0,0,,0,,0,0,,0,0,earnings_results,2,1,false,false,false,no_case_anchor,"Extracted article text contains no Marikana, Lonmin or Sibanye anchor.",,,
SEC-MEDIA-0736,Engineering News,https://www.engineeringnews.co.za/article/sibanye-pursuing-rapid-self-generation-to-improve-energy-supply-2023-05-09,https://engineeringnews.co.za/article/sibanye-pursuing-rapid-self-generation-to-improve-energy-supply-2023-05-09,2023,Sibanye Pursuing Rapid Self Generation To Improve Energy Supply,secondary_keyword_only_review,https://www.engineeringnews.co.za/article/sibanye-pursuing-rapid-self-generation-to-improve-energy-supply-2023-05-09,retrieved_extracted,,2023-05-09,815,2f902d86d617d457c5ae051f39c2e6e22ff67528c8f9d6f7cc437c8846752c51,0,8,,0,protest_unrest,1,1,,0,0,earnings_results;funding_debt;transaction;exploration_project;commodity_market,15,5,false,false,false,ambiguous_secondary_review,Signals are insufficient for a defensible secondary-queue decision.,,,
SEC-MEDIA-0737,Engineering News,https://www.engineeringnews.co.za/article/sibanye-pursuing-rapid-self-generation-to-improve-energy-supply-2023-05-26,https://engineeringnews.co.za/article/sibanye-pursuing-rapid-self-generation-to-improve-energy-supply-2023-05-26,2023,Sibanye Pursuing Rapid Self Generation To Improve Energy Supply,secondary_keyword_only_review,https://www.engineeringnews.co.za/article/sibanye-pursuing-rapid-self-generation-to-improve-energy-supply-2023-05-26,retrieved_extracted,,2023-05-26,827,514dfa559676f88708e898bfd0671c933388a87491a24d9275de1aae8574d888,0,10,,0,protest_unrest,1,1,,0,0,earnings_results;funding_debt;transaction;exploration_project;commodity_market,17,5,false,false,false,ambiguous_secondary_review,Signals are insufficient for a defensible secondary-queue decision.,,,
SEC-MEDIA-0738,Engineering News,https://www.engineeringnews.co.za/article/sibanye-puts-hand-up-to-be-south-africas-new-mining-champion-2015-09-11,https://engineeringnews.co.za/article/sibanye-puts-hand-up-to-be-south-africas-new-mining-champion-2015-09-11,2015,Sibanye Puts Hand Up To Be South Africas New Mining Champion,secondary_keyword_only_review,https://www.engineeringnews.co.za/article/sibanye-puts-hand-up-to-be-south-africas-new-mining-champion-2015-09-11,retrieved_extracted,,2015-09-11,1043,96d4f93971dcae44beb023957cd3c9af61288c2d0b2afb24de6714226c5e01b4,0,10,,0,worker_miner;union,2,2,community,1,1,share_price;earnings_results;production_output;transaction,8,4,false,false,false,sibanye_context_without_case_anchor_review,Sibanye appears with labour/social context but no Marikana/Lonmin anchor; review before exclusion.,,,
SEC-MEDIA-0739,Engineering News,https://www.engineeringnews.co.za/article/sibanye-q3-production-up-10-full-year-guidance-maintained-2014-10-28,https://engineeringnews.co.za/article/sibanye-q3-production-up-10-full-year-guidance-maintained-2014-10-28,2014,Sibanye Q3 Production Up 10 Full Year Guidance Maintained,secondary_keyword_only_review,https://www.engineeringnews.co.za/article/sibanye-q3-production-up-10-full-year-guidance-maintained-2014-10-28,retrieved_extracted,,2014-10-28,732,652755172318b7b13d827c3365895fedcca6f0cd985f30d43b92d0d1884d4f84,0,7,,0,worker_miner;wage,4,2,,0,0,earnings_results;production_output;dividend_rights,17,3,false,true,false,sibanye_context_without_case_anchor_review,Sibanye appears with labour/social context but no Marikana/Lonmin anchor; review before exclusion.,,,
SEC-MEDIA-0740,Engineering News,https://www.engineeringnews.co.za/article/sibanye-raises-105bn-in-oversubscribed-bond-offering-2017-06-21,https://engineeringnews.co.za/article/sibanye-raises-105bn-in-oversubscribed-bond-offering-2017-06-21,2017,Sibanye Raises 105Bn In Oversubscribed Bond Offering,secondary_keyword_only_review,https://www.engineeringnews.co.za/article/sibanye-raises-105bn-in-oversubscribed-bond-offering-2017-06-21,retrieved_extracted,,2017-06-21,490,fb248813f5e26a9fa7f3256690f7d6333787e76a9f086b974623da5fc244af2f,0,6,,0,,0,0,,0,0,earnings_results;funding_debt;transaction;dividend_rights;exploration_project;commodity_market,12,6,false,false,false,ambiguous_secondary_review,Signals are insufficient for a defensible secondary-queue decision.,,,
SEC-MEDIA-0741,Engineering News,https://www.engineeringnews.co.za/article/sibanye-raises-r17bn-in-share-placement-2019-04-10,https://engineeringnews.co.za/article/sibanye-raises-r17bn-in-share-placement-2019-04-10,2019,Sibanye Raises R17Bn In Share Placement,secondary_keyword_only_review,https://www.engineeringnews.co.za/article/sibanye-raises-r17bn-in-share-placement-2019-04-10,retrieved_extracted,,2019-04-10,392,8ea62d80c84248766d89a14b86a1eea22e37a2e233e5314dadbfe7c0b5579768,0,2,,0,worker_miner,1,1,,0,0,share_price;earnings_results,6,2,false,false,false,ambiguous_secondary_review,Signals are insufficient for a defensible secondary-queue decision.,,,
SEC-MEDIA-0742,Engineering News,https://www.engineeringnews.co.za/article/sibanye-ranks-fourth-in-biodiversity-disclosure-project-2021-12-08,https://engineeringnews.co.za/article/sibanye-ranks-fourth-in-biodiversity-disclosure-project-2021-12-08,2021,Sibanye Ranks Fourth In Biodiversity Disclosure Project,secondary_keyword_only_review,https://www.engineeringnews.co.za/article/sibanye-ranks-fourth-in-biodiversity-disclosure-project-2021-12-08,retrieved_extracted,,2021-12-08,666,4acfbf8e309af056577200e49e0148a1cc6e00d21c866d58417ab599c0e42193,0,7,,0,worker_miner,1,1,community,2,1,earnings_results;exploration_project,7,2,false,true,false,sibanye_context_without_case_anchor_review,Sibanye appears with labour/social context but no Marikana/Lonmin anchor; review before exclusion.,,,
SEC-MEDIA-0743,Engineering News,https://www.engineeringnews.co.za/article/sibanye-rbplat-make-progress-with-employee-vaccinations-2021-07-22,https://engineeringnews.co.za/article/sibanye-rbplat-make-progress-with-employee-vaccinations-2021-07-22,2021,Sibanye Rbplat Make Progress With Employee Vaccinations,secondary_keyword_only_review,https://www.engineeringnews.co.za/article/sibanye-rbplat-make-progress-with-employee-vaccinations-2021-07-22,retrieved_extracted,,2021-07-22,783,dcab1e9a86fe61c427ae3732bf2586d7f9b139b7dcbd5cc6c4929f1e2c2a46ae,0,5,,0,worker_miner,2,1,community,2,1,earnings_results,2,1,false,false,false,sibanye_context_without_case_anchor_review,Sibanye appears with labour/social context but no Marikana/Lonmin anchor; review before exclusion.,,,
SEC-MEDIA-0744,Engineering News,https://www.engineeringnews.co.za/article/sibanye-reaches-significant-milestones-in-transaction-with-regulus-2018-09-25,https://engineeringnews.co.za/article/sibanye-reaches-significant-milestones-in-transaction-with-regulus-2018-09-25,2018,Sibanye Reaches Significant Milestones In Transaction With Regulus,secondary_keyword_only_review,https://www.engineeringnews.co.za/article/sibanye-reaches-significant-milestones-in-transaction-with-regulus-2018-09-25,retrieved_extracted,,2018-09-25,524,fe080b124bff6120db3d40909625dc5e61d3cee15d7c935b93c727b2706d80ab,0,5,,0,,0,0,,0,0,share_price;earnings_results;exploration_project,7,3,false,false,false,ambiguous_secondary_review,Signals are insufficient for a defensible secondary-queue decision.,,,
SEC-MEDIA-0745,Engineering News,https://www.engineeringnews.co.za/article/sibanye-reaches-wage-agreement-with-stillwater-union-2017-06-19,https://engineeringnews.co.za/article/sibanye-reaches-wage-agreement-with-stillwater-union-2017-06-19,2017,Sibanye Reaches Wage Agreement With Stillwater Union,secondary_keyword_only_review,https://www.engineeringnews.co.za/article/sibanye-reaches-wage-agreement-with-stillwater-union-2017-06-19,retrieved_extracted,,2017-06-19,457,46fc96b276535600d69eb9dfdc09d73f9700e2fc837b3760ea29f3967792827a,0,4,,0,worker_miner;wage;union,7,3,,0,0,earnings_results;transaction,3,2,false,false,false,sibanye_context_without_case_anchor_review,Sibanye appears with labour/social context but no Marikana/Lonmin anchor; review before exclusion.,,,
SEC-MEDIA-0746,Engineering News,https://www.engineeringnews.co.za/article/sibanye-receives-memorandum-of-demands-from-amcu-2019-01-22,https://engineeringnews.co.za/article/sibanye-receives-memorandum-of-demands-from-amcu-2019-01-22,2019,Sibanye Receives Memorandum Of Demands From Amcu,secondary_keyword_only_review,https://www.engineeringnews.co.za/article/sibanye-receives-memorandum-of-demands-from-amcu-2019-01-22,retrieved_extracted,,2019-01-22,444,8b60d3ce0196fb4e6ad8cecc6a674f9d6a05321f9a51b2b2052fe6fb51f74732,0,5,,0,strike;worker_miner;wage;union,15,4,,0,0,earnings_results,2,1,false,false,true,sibanye_context_without_case_anchor_review,Sibanye appears with labour/social context but no Marikana/Lonmin anchor; review before exclusion.,,,
SEC-MEDIA-0747,Engineering News,https://www.engineeringnews.co.za/article/sibanye-recognised-by-rand-water-for-water-conservation-2019-12-02,https://engineeringnews.co.za/article/sibanye-recognised-by-rand-water-for-water-conservation-2019-12-02,2019,Sibanye Recognised By Rand Water For Water Conservation,secondary_keyword_only_review,https://www.engineeringnews.co.za/article/sibanye-recognised-by-rand-water-for-water-conservation-2019-12-02,retrieved_extracted,,2019-12-02,405,00cdbcb58bc47a42d7e2a0b5d30b12c1b16585ea316d386009265158d33ee2f1,0,4,,0,worker_miner,1,1,,0,0,earnings_results,2,1,false,false,false,ambiguous_secondary_review,Signals are insufficient for a defensible secondary-queue decision.,,,
SEC-MEDIA-0748,Engineering News,https://www.engineeringnews.co.za/article/sibanye-recognised-by-rand-water-for-water-conservation-2019-12-13,https://engineeringnews.co.za/article/sibanye-recognised-by-rand-water-for-water-conservation-2019-12-13,2019,Sibanye Recognised By Rand Water For Water Conservation,secondary_keyword_only_review,https://www.engineeringnews.co.za/article/sibanye-recognised-by-rand-water-for-water-conservation-2019-12-13,retrieved_extracted,,2019-12-13,405,00cdbcb58bc47a42d7e2a0b5d30b12c1b16585ea316d386009265158d33ee2f1,0,4,,0,worker_miner,1,1,,0,0,earnings_results,2,1,false,false,false,ambiguous_secondary_review,Signals are insufficient for a defensible secondary-queue decision.,,,
SEC-MEDIA-0749,Engineering News,https://www.engineeringnews.co.za/article/sibanye-records-a--rating-for-carbon-climate-change-disclosure-2021-02-11,https://engineeringnews.co.za/article/sibanye-records-a--rating-for-carbon-climate-change-disclosure-2021-02-11,2021,Sibanye Records A Rating For Carbon Climate Change Disclosure,secondary_keyword_only_review,https://www.engineeringnews.co.za/article/sibanye-records-a--rating-for-carbon-climate-change-disclosure-2021-02-11,retrieved_extracted,,2021-02-11,549,85e72e69a705e004434606f76b8762fc2f73839e30d0940045270857fa499937,0,8,,0,worker_miner,1,1,,0,0,earnings_results,2,1,false,false,false,ambiguous_secondary_review,Signals are insufficient for a defensible secondary-queue decision.,,,
SEC-MEDIA-0750,Engineering News,https://www.engineeringnews.co.za/article/sibanye-reduces-cooke-4-job-losses-2015-02-02,https://engineeringnews.co.za/article/sibanye-reduces-cooke-4-job-losses-2015-02-02,2015,Sibanye Reduces Cooke 4 Job Losses,secondary_keyword_only_review,https://www.engineeringnews.co.za/article/sibanye-reduces-cooke-4-job-losses-2015-02-02,retrieved_extracted,,2015-02-02,606,0c9756fee86a87e82a60453b0236004b2ef0e7237f465c03a10c68946020b0c6,0,4,,0,strike;worker_miner;wage,3,3,commission_inquiry,1,1,earnings_results;exploration_project,4,2,false,false,true,sibanye_context_without_case_anchor_review,Sibanye appears with labour/social context but no Marikana/Lonmin anchor; review before exclusion.,,,
SEC-MEDIA-0751,Engineering News,https://www.engineeringnews.co.za/article/sibanye-reduces-cooke-4-job-losses-2015-02-13,https://engineeringnews.co.za/article/sibanye-reduces-cooke-4-job-losses-2015-02-13,2015,Sibanye Reduces Cooke 4 Job Losses,secondary_keyword_only_review,https://www.engineeringnews.co.za/article/sibanye-reduces-cooke-4-job-losses-2015-02-13,retrieved_extracted,,2015-02-13,606,415fa4e9df3fc146c069cc8b83cc8dd640f21bb4c45a74a631db0f620e5b59bd,0,4,,0,strike;worker_miner;wage,3,3,commission_inquiry,1,1,earnings_results;exploration_project,4,2,false,false,true,sibanye_context_without_case_anchor_review,Sibanye appears with labour/social context but no Marikana/Lonmin anchor; review before exclusion.,,,
SEC-MEDIA-0752,Engineering News,https://www.engineeringnews.co.za/article/sibanye-reduces-debt-2013-03-26,https://engineeringnews.co.za/article/sibanye-reduces-debt-2013-03-26,2013,Sibanye Reduces Debt,secondary_keyword_only_review,https://www.engineeringnews.co.za/article/sibanye-reduces-debt-2013-03-26,retrieved_extracted,,2013-03-26,357,1d606c5501b3e53c1835bfbb80cc6c65401e98d3123e468e090bce0dbbccc354,0,3,,0,,0,0,,0,0,share_price;earnings_results;funding_debt,8,3,false,false,false,ambiguous_secondary_review,Signals are insufficient for a defensible secondary-queue decision.,,,
SEC-MEDIA-0753,Engineering News,https://www.engineeringnews.co.za/article/sibanye-refinances-increases-dollar-denominated-facility-to-1bn-2023-04-11,https://engineeringnews.co.za/article/sibanye-refinances-increases-dollar-denominated-facility-to-1bn-2023-04-11,2023,Sibanye Refinances Increases Dollar Denominated Facility To 1Bn,secondary_keyword_only_review,https://www.engineeringnews.co.za/article/sibanye-refinances-increases-dollar-denominated-facility-to-1bn-2023-04-11,retrieved_extracted,,2023-04-11,557,32b489a4130c0dcdb7d67f70d5f3a6bd8ca6cf29fe24a06fa3f8738f1ce2035d,0,13,,0,worker_miner,1,1,,0,0,earnings_results;funding_debt;exploration_project,7,3,false,false,false,ambiguous_secondary_review,Signals are insufficient for a defensible secondary-queue decision.,,,
SEC-MEDIA-0754,Engineering News,https://www.engineeringnews.co.za/article/sibanye-reiterates-the-need-to-maintain-sustainable-gold-operations-as-wage-negotiations-drag-on-2021-11-10,https://engineeringnews.co.za/article/sibanye-reiterates-the-need-to-maintain-sustainable-gold-operations-as-wage-negotiations-drag-on-2021-11-10,2021,Sibanye Reiterates The Need To Maintain Sustainable Gold Operations As Wage Negotiations Drag On,secondary_keyword_only_review,https://www.engineeringnews.co.za/article/sibanye-reiterates-the-need-to-maintain-sustainable-gold-operations-as-wage-negotiations-drag-on-2021-11-10,retrieved_extracted,,2021-11-10,678,3ed82dfd42699d74ace5ec9ea06b57bfe7424b218c616208c04b09fbba3b91a1,0,9,,0,worker_miner;wage;union,15,3,community;commission_inquiry,3,2,earnings_results,2,1,false,false,false,sibanye_context_without_case_anchor_review,Sibanye appears with labour/social context but no Marikana/Lonmin anchor; review before exclusion.,,,
SEC-MEDIA-0755,Engineering News,https://www.engineeringnews.co.za/article/sibanye-released-as-guarantor-of-1bn-gold-fields-bond-2015-04-29,https://engineeringnews.co.za/article/sibanye-released-as-guarantor-of-1bn-gold-fields-bond-2015-04-29,2015,Sibanye Released As Guarantor Of 1Bn Gold Fields Bond,secondary_keyword_only_review,https://www.engineeringnews.co.za/article/sibanye-released-as-guarantor-of-1bn-gold-fields-bond-2015-04-29,retrieved_extracted,,2015-04-29,490,0e78cc5930c24ebb08a5a5ddc16a369f920ba0a9472f51d412424e79974986f6,0,8,,0,,0,0,,0,0,earnings_results;funding_debt,12,2,false,false,false,ambiguous_secondary_review,Signals are insufficient for a defensible secondary-queue decision.,,,
SEC-MEDIA-0756,Engineering News,https://www.engineeringnews.co.za/article/sibanye-released-as-guarantor-of-1bn-gold-fields-bond-2015-05-08,https://engineeringnews.co.za/article/sibanye-released-as-guarantor-of-1bn-gold-fields-bond-2015-05-08,2015,Sibanye Released As Guarantor Of 1Bn Gold Fields Bond,secondary_keyword_only_review,https://www.engineeringnews.co.za/article/sibanye-released-as-guarantor-of-1bn-gold-fields-bond-2015-05-08,retrieved_extracted,,2015-05-08,487,f0c5b2d6604d77355030ef627759fb7027eb4a06a40889fc7b377c86e527d40b,0,8,,0,,0,0,,0,0,earnings_results;funding_debt,12,2,false,false,false,ambiguous_secondary_review,Signals are insufficient for a defensible secondary-queue decision.,,,
SEC-MEDIA-0757,Engineering News,https://www.engineeringnews.co.za/article/sibanye-report-strong-growth-in-pgm-gold-reserves-2021-02-15,https://engineeringnews.co.za/article/sibanye-report-strong-growth-in-pgm-gold-reserves-2021-02-15,2021,Sibanye Report Strong Growth In Pgm Gold Reserves,secondary_keyword_only_review,https://www.engineeringnews.co.za/article/sibanye-report-strong-growth-in-pgm-gold-reserves-2021-02-15,retrieved_extracted,,2021-02-15,572,59108ffa6bcb11bebfc615c46b4d3ebc9eb1bc440e560a2de100c50da89db2a3,0,5,marikana,1,,0,0,,0,0,earnings_results;production_output;exploration_project,16,3,false,true,false,case_name_only_routine_project_or_corporate_signal,"A Marikana-related name occurs, but the article is dominated by routine project/production/corporate context.",,,
SEC-MEDIA-0758,Engineering News,https://www.engineeringnews.co.za/article/sibanye-reports-fatality-at-beatrix-2013-02-28,https://engineeringnews.co.za/article/sibanye-reports-fatality-at-beatrix-2013-02-28,2013,Sibanye Reports Fatality At Beatrix,secondary_keyword_only_review,https://www.engineeringnews.co.za/article/sibanye-reports-fatality-at-beatrix-2013-02-28,retrieved_extracted,,2013-02-28,337,17405371dfc18d7db0afad9648c734f2cd00d40537cf9dea121f80b32ab6f273,0,2,,0,shooting_death,1,1,,0,0,earnings_results;production_output;exploration_project,4,3,false,false,false,ambiguous_secondary_review,Signals are insufficient for a defensible secondary-queue decision.,,,
SEC-MEDIA-0759,Engineering News,https://www.engineeringnews.co.za/article/sibanye-reports-fatality-rescue-operation-at-cooke-2016-02-02,https://engineeringnews.co.za/article/sibanye-reports-fatality-rescue-operation-at-cooke-2016-02-02,2016,Sibanye Reports Fatality Rescue Operation At Cooke,secondary_keyword_only_review,https://www.engineeringnews.co.za/article/sibanye-reports-fatality-rescue-operation-at-cooke-2016-02-02,retrieved_extracted,,2016-02-02,441,b0937b7dc327f764a74f964af6c74a601a89a9a325a2529f8c64a0caf2d3a2d1,0,2,,0,worker_miner,3,1,,0,0,earnings_results;exploration_project,4,2,false,false,false,ambiguous_secondary_review,Signals are insufficient for a defensible secondary-queue decision.,,,
SEC-MEDIA-0760,Engineering News,https://www.engineeringnews.co.za/article/sibanye-reports-good-pgms-performance-but-gold-output-falls-amid-strike-2019-01-10,https://engineeringnews.co.za/article/sibanye-reports-good-pgms-performance-but-gold-output-falls-amid-strike-2019-01-10,2019,Sibanye Reports Good Pgms Performance But Gold Output Falls Amid Strike,secondary_keyword_only_review,https://www.engineeringnews.co.za/article/sibanye-reports-good-pgms-performance-but-gold-output-falls-amid-strike-2019-01-10,retrieved_extracted,,2019-01-10,773,34a846c74a2cc589f92544cb667409e6ea60c8abad3923c72714a54573a7ca83,1,9,,0,strike;worker_miner;wage;union,18,4,,0,0,earnings_results;production_output;funding_debt;transaction,21,4,false,true,true,possible_lonmin_substantive_context,Lonmin appears with labour/event/social/governance signals; direct substantive review is required.,,,
SEC-MEDIA-0761,Engineering News,https://www.engineeringnews.co.za/article/sibanye-reports-good-pgms-performance-but-gold-output-falls-amid-strike-2019-01-18,https://engineeringnews.co.za/article/sibanye-reports-good-pgms-performance-but-gold-output-falls-amid-strike-2019-01-18,2019,Sibanye Reports Good Pgms Performance But Gold Output Falls Amid Strike,secondary_keyword_only_review,https://www.engineeringnews.co.za/article/sibanye-reports-good-pgms-performance-but-gold-output-falls-amid-strike-2019-01-18,retrieved_extracted,,2019-01-18,531,d4b3763bc338b8eedf3bf2ece3b9491fab07b99b9c420f7b7835caeac5ef11b7,0,5,,0,strike;worker_miner;wage;union,10,4,,0,0,earnings_results;production_output,11,2,false,true,true,sibanye_context_without_case_anchor_review,Sibanye appears with labour/social context but no Marikana/Lonmin anchor; review before exclusion.,,,
SEC-MEDIA-0762,Engineering News,https://www.engineeringnews.co.za/article/sibanye-reports-lowers-fy-earnings-2015-02-19,https://engineeringnews.co.za/article/sibanye-reports-lowers-fy-earnings-2015-02-19,2015,Sibanye Reports Lowers Fy Earnings,secondary_keyword_only_review,https://www.engineeringnews.co.za/article/sibanye-reports-lowers-fy-earnings-2015-02-19,retrieved_extracted,,2015-02-19,509,8e17c2f2875e04f22d2278d9156e3c0d1482a664faeaaaf733ec71e766b2f4e2,0,6,,0,worker_miner,1,1,,0,0,share_price;earnings_results;production_output;dividend_rights,17,4,false,true,false,strong_routine_no_case_anchor,Routine corporate/financial/production article with no Marikana/Lonmin case anchor.,,,
SEC-MEDIA-0763,Engineering News,https://www.engineeringnews.co.za/article/sibanye-reports-pleasing-results-for-march-quarter-2017-05-04,https://engineeringnews.co.za/article/sibanye-reports-pleasing-results-for-march-quarter-2017-05-04,2017,Sibanye Reports Pleasing Results For March Quarter,secondary_keyword_only_review,https://www.engineeringnews.co.za/article/sibanye-reports-pleasing-results-for-march-quarter-2017-05-04,retrieved_extracted,,2017-05-04,553,575d60e690526b66b8f5aabcae517580a2b0966d9ab86834ea604c297b5ed3cb,0,5,,0,worker_miner,1,1,,0,0,earnings_results;production_output;transaction;exploration_project,11,4,false,true,false,strong_routine_no_case_anchor,Routine corporate/financial/production article with no Marikana/Lonmin case anchor.,,,
SEC-MEDIA-0764,Engineering News,https://www.engineeringnews.co.za/article/sibanye-reports-record-earnings-record-gold-safety-cut-debt-ratio-2020-05-12,https://engineeringnews.co.za/article/sibanye-reports-record-earnings-record-gold-safety-cut-debt-ratio-2020-05-12,2020,Sibanye Reports Record Earnings Record Gold Safety Cut Debt Ratio,secondary_keyword_only_review,https://www.engineeringnews.co.za/article/sibanye-reports-record-earnings-record-gold-safety-cut-debt-ratio-2020-05-12,retrieved_extracted,,2020-05-12,2030,0689521e3d3834865273ae74cd6c9701dc62017dce5625b92806c1472f9215a8,1,7,marikana,4,strike;worker_miner;shooting_death;union,5,4,,0,0,earnings_results;production_output;funding_debt;transaction;exploration_project;commodity_market,44,6,false,true,false,strong_case_context_supported,Body contains a high-specificity Marikana case term reinforced by labour/event/social/governance context.,,,
SEC-MEDIA-0765,Engineering News,https://www.engineeringnews.co.za/article/sibanye-reports-record-operating-profit-soaring-earnings-good-dividend-2017-02-23,https://engineeringnews.co.za/article/sibanye-reports-record-operating-profit-soaring-earnings-good-dividend-2017-02-23,2017,Sibanye Reports Record Operating Profit Soaring Earnings Good Dividend,secondary_keyword_only_review,https://www.engineeringnews.co.za/article/sibanye-reports-record-operating-profit-soaring-earnings-good-dividend-2017-02-23,retrieved_extracted,,2017-02-23,694,c6a4a86bd082faff1894480100d72149996727da54c8d3d6ff38554ac7540be1,0,6,,0,,0,0,,0,0,share_price;earnings_results;production_output;dividend_rights,25,4,false,true,false,strong_routine_no_case_anchor,Routine corporate/financial/production article with no Marikana/Lonmin case anchor.,,,
SEC-MEDIA-0766,Engineering News,https://www.engineeringnews.co.za/article/sibanye-reports-record-operating-profit-soaring-earnings-good-dividend-2017-03-03,https://engineeringnews.co.za/article/sibanye-reports-record-operating-profit-soaring-earnings-good-dividend-2017-03-03,2017,Sibanye Reports Record Operating Profit Soaring Earnings Good Dividend,secondary_keyword_only_review,https://www.engineeringnews.co.za/article/sibanye-reports-record-operating-profit-soaring-earnings-good-dividend-2017-03-03,retrieved_extracted,,2017-03-03,693,34bcaf0929738d28ad01975dd3c8225a23af7748df9995cef5aa4e476302f6bd,0,6,,0,,0,0,,0,0,share_price;earnings_results;production_output;dividend_rights,25,4,false,true,false,strong_routine_no_case_anchor,Routine corporate/financial/production article with no Marikana/Lonmin case anchor.,,,
SEC-MEDIA-0767,Engineering News,https://www.engineeringnews.co.za/article/sibanye-reshuffles-to-bring-platinum-energy-into-pack-2016-04-18,https://engineeringnews.co.za/article/sibanye-reshuffles-to-bring-platinum-energy-into-pack-2016-04-18,2016,Sibanye Reshuffles To Bring Platinum Energy Into Pack,secondary_keyword_only_review,https://www.engineeringnews.co.za/article/sibanye-reshuffles-to-bring-platinum-energy-into-pack-2016-04-18,retrieved_extracted,,2016-04-18,986,9fa05b9ff2c7e5512526bfc4083f0f365496d8539ceeb095d2b84ff492e65955,0,12,,0,,0,0,housing;community,4,2,share_price;earnings_results;funding_debt;dividend_rights;exploration_project;commodity_market,13,6,false,false,false,sibanye_context_without_case_anchor_review,Sibanye appears with labour/social context but no Marikana/Lonmin anchor; review before exclusion.,,,
SEC-MEDIA-0768,Engineering News,https://www.engineeringnews.co.za/article/sibanye-reshuffles-to-bring-platinum-energy-into-pack-2016-04-29,https://engineeringnews.co.za/article/sibanye-reshuffles-to-bring-platinum-energy-into-pack-2016-04-29,2016,Sibanye Reshuffles To Bring Platinum Energy Into Pack,secondary_keyword_only_review,https://www.engineeringnews.co.za/article/sibanye-reshuffles-to-bring-platinum-energy-into-pack-2016-04-29,retrieved_extracted,,2016-04-29,957,a34d7af698b647b351a9fbcbf1a89a5b73506eef4f342524aefe67062634dd14,0,12,,0,,0,0,housing;community,4,2,share_price;earnings_results;funding_debt;dividend_rights;exploration_project;commodity_market,11,6,false,false,false,sibanye_context_without_case_anchor_review,Sibanye appears with labour/social context but no Marikana/Lonmin anchor; review before exclusion.,,,
SEC-MEDIA-0769,Engineering News,https://www.engineeringnews.co.za/article/sibanye-restarts-some-safety-affected-operations-but-records-another-fatality-2022-01-20,https://engineeringnews.co.za/article/sibanye-restarts-some-safety-affected-operations-but-records-another-fatality-2022-01-20,2022,Sibanye Restarts Some Safety Affected Operations But Records Another Fatality,secondary_keyword_only_review,https://www.engineeringnews.co.za/article/sibanye-restarts-some-safety-affected-operations-but-records-another-fatality-2022-01-20,retrieved_extracted,,2022-01-20,988,0f407882a9033ba60a391aea25280c0a1f6686065d0630d6ce26b18c4d9adce8,0,13,marikana,1,worker_miner;shooting_death;union,12,3,,0,0,earnings_results;production_output;exploration_project,15,3,false,false,false,strong_case_context_supported,Body contains a high-specificity Marikana case term reinforced by labour/event/social/governance context.,,,
SEC-MEDIA-0770,Engineering News,https://www.engineeringnews.co.za/article/sibanye-resumes-operations-at-beatrix-2015-02-10,https://engineeringnews.co.za/article/sibanye-resumes-operations-at-beatrix-2015-02-10,2015,Sibanye Resumes Operations At Beatrix,secondary_keyword_only_review,https://www.engineeringnews.co.za/article/sibanye-resumes-operations-at-beatrix-2015-02-10,retrieved_extracted,,2015-02-10,560,25ac0c92da32fa6564cdf95d1b4d08747fc493287e5ffe60651d945054c0c313,0,4,,0,worker_miner;union;protest_unrest,12,3,,0,0,earnings_results,3,1,false,false,false,sibanye_context_without_case_anchor_review,Sibanye appears with labour/social context but no Marikana/Lonmin anchor; review before exclusion.,,,
SEC-MEDIA-0771,Engineering News,https://www.engineeringnews.co.za/article/sibanye-reveals-maiden-lithium-zinc-resources-2022-03-02,https://engineeringnews.co.za/article/sibanye-reveals-maiden-lithium-zinc-resources-2022-03-02,2022,Sibanye Reveals Maiden Lithium Zinc Resources,secondary_keyword_only_review,https://www.engineeringnews.co.za/article/sibanye-reveals-maiden-lithium-zinc-resources-2022-03-02,retrieved_extracted,,2022-03-02,609,c87eced1cf08785782126f500bcb89b52b712f08e0c659c44a25ab16878613b4,0,6,,0,worker_miner,1,1,,0,0,earnings_results;production_output;transaction;exploration_project,13,4,false,false,false,ambiguous_secondary_review,Signals are insufficient for a defensible secondary-queue decision.,,,
SEC-MEDIA-0772,Engineering News,https://www.engineeringnews.co.za/article/sibanye-revises-fy-output-guidance-downwards-despite-improved-q3-2015-10-29,https://engineeringnews.co.za/article/sibanye-revises-fy-output-guidance-downwards-despite-improved-q3-2015-10-29,2015,Sibanye Revises Fy Output Guidance Downwards Despite Improved Q3,secondary_keyword_only_review,https://www.engineeringnews.co.za/article/sibanye-revises-fy-output-guidance-downwards-despite-improved-q3-2015-10-29,retrieved_extracted,,2015-10-29,694,92edf57cfc0a2d2d32184944e48e00d054910f85a31f2e667ce7fbd143aa4dc1,0,5,,0,wage,1,1,,0,0,share_price;earnings_results;production_output;exploration_project,18,4,false,true,false,strong_routine_no_case_anchor,Routine corporate/financial/production article with no Marikana/Lonmin case anchor.,,,
SEC-MEDIA-0773,Engineering News,https://www.engineeringnews.co.za/article/sibanye-revises-fy-output-guidance-downwards-despite-improved-q3-2015-11-06,https://engineeringnews.co.za/article/sibanye-revises-fy-output-guidance-downwards-despite-improved-q3-2015-11-06,2015,Sibanye Revises Fy Output Guidance Downwards Despite Improved Q3,secondary_keyword_only_review,https://www.engineeringnews.co.za/article/sibanye-revises-fy-output-guidance-downwards-despite-improved-q3-2015-11-06,retrieved_extracted,,2015-11-06,585,9e4ce88344c43ccb99237904ed2afac7e786f9acbaa1c394e3736bcdf9d9fc4c,0,5,,0,,0,0,,0,0,share_price;earnings_results;production_output,17,3,false,true,false,strong_routine_no_case_anchor,Routine corporate/financial/production article with no Marikana/Lonmin case anchor.,,,
SEC-MEDIA-0774,Engineering News,https://www.engineeringnews.co.za/article/sibanye-rights-offer-oversubscribed-2017-06-12,https://engineeringnews.co.za/article/sibanye-rights-offer-oversubscribed-2017-06-12,2017,Sibanye Rights Offer Oversubscribed,secondary_keyword_only_review,https://www.engineeringnews.co.za/article/sibanye-rights-offer-oversubscribed-2017-06-12,retrieved_extracted,,2017-06-12,528,3cac7a6a78fa2541d1c9e629710b57bdf646f5dbcee606f4f43809a5aae5d53b,0,7,,0,worker_miner,2,1,,0,0,share_price;earnings_results;production_output;funding_debt;transaction;exploration_project;commodity_market,15,7,false,false,false,ambiguous_secondary_review,Signals are insufficient for a defensible secondary-queue decision.,,,
SEC-MEDIA-0775,Engineering News,https://www.engineeringnews.co.za/article/sibanye-rights-offer-oversubscribed-2017-06-23,https://engineeringnews.co.za/article/sibanye-rights-offer-oversubscribed-2017-06-23,2017,Sibanye Rights Offer Oversubscribed,secondary_keyword_only_review,https://www.engineeringnews.co.za/article/sibanye-rights-offer-oversubscribed-2017-06-23,retrieved_extracted,,2017-06-23,266,c720aba17fa78b1ef7a4987b341682d4d662d137b980f591e44c2966b3dcd7ca,0,0,,0,,0,0,,0,0,earnings_results,2,1,false,false,false,no_case_anchor,"Extracted article text contains no Marikana, Lonmin or Sibanye anchor.",,,
SEC-MEDIA-0776,Engineering News,https://www.engineeringnews.co.za/article/sibanye-says-acts-of-violence-continue-at-its-south-african-gold-mines-2018-11-28,https://engineeringnews.co.za/article/sibanye-says-acts-of-violence-continue-at-its-south-african-gold-mines-2018-11-28,2018,Sibanye Says Acts Of Violence Continue At Its South African Gold Mines,secondary_keyword_only_review,https://www.engineeringnews.co.za/article/sibanye-says-acts-of-violence-continue-at-its-south-african-gold-mines-2018-11-28,retrieved_extracted,,2018-11-28,473,17a8cf09180a7111a8e9448cf35655f312258486d724fee2d578c4f82364597c,0,7,,0,strike;worker_miner;wage;union;protest_unrest,20,5,,0,0,earnings_results,2,1,false,false,false,sibanye_context_without_case_anchor_review,Sibanye appears with labour/social context but no Marikana/Lonmin anchor; review before exclusion.,,,
SEC-MEDIA-0777,Engineering News,https://www.engineeringnews.co.za/article/sibanye-says-anglogold-gold-fields-fit-acquisition-strategy-2021-03-08,https://engineeringnews.co.za/article/sibanye-says-anglogold-gold-fields-fit-acquisition-strategy-2021-03-08,2021,Sibanye Says Anglogold Gold Fields Fit Acquisition Strategy,secondary_keyword_only_review,https://www.engineeringnews.co.za/article/sibanye-says-anglogold-gold-fields-fit-acquisition-strategy-2021-03-08,retrieved_extracted,,2021-03-08,534,a0afc4222f0a58ed2da481c505b6d94aa1a9e2e8bb8d9926e96b962072f7381e,0,8,,0,worker_miner,1,1,,0,0,share_price;earnings_results;production_output;funding_debt;transaction,11,5,false,true,false,strong_routine_no_case_anchor,Routine corporate/financial/production article with no Marikana/Lonmin case anchor.,,,
SEC-MEDIA-0778,Engineering News,https://www.engineeringnews.co.za/article/sibanye-says-clears-most-illegal-miners-from-gold-shafts-2018-02-26,https://engineeringnews.co.za/article/sibanye-says-clears-most-illegal-miners-from-gold-shafts-2018-02-26,2018,Sibanye Says Clears Most Illegal Miners From Gold Shafts,secondary_keyword_only_review,https://www.engineeringnews.co.za/article/sibanye-says-clears-most-illegal-miners-from-gold-shafts-2018-02-26,retrieved_extracted,,2018-02-26,843,7f4e84d8c761725aaf3a6862a8742b580ee64fcce3ab6e2a525d4ed3f9faea58,0,11,,0,worker_miner,10,1,,0,0,earnings_results,3,1,false,false,true,ambiguous_secondary_review,Signals are insufficient for a defensible secondary-queue decision.,,,
SEC-MEDIA-0779,Engineering News,https://www.engineeringnews.co.za/article/sibanye-says-concourt-dismisses-glcs-applications-2019-09-05,https://engineeringnews.co.za/article/sibanye-says-concourt-dismisses-glcs-applications-2019-09-05,2019,Sibanye Says Concourt Dismisses Glcs Applications,secondary_keyword_only_review,https://www.engineeringnews.co.za/article/sibanye-says-concourt-dismisses-glcs-applications-2019-09-05,retrieved_extracted,,2019-09-05,575,8c5c1529cee8141438758a923b1348e1fdfda937de579183fe7926f7dd201fc8,6,6,,0,worker_miner,1,1,community;slp;justice_accountability,5,3,earnings_results;transaction,3,2,false,false,false,strong_lonmin_context_supported,"No high-specificity case term, but Lonmin is repeatedly substantive alongside strong labour/social/governance context.",,,
SEC-MEDIA-0780,Engineering News,https://www.engineeringnews.co.za/article/sibanye-says-concourt-dismisses-glcs-applications-2019-09-13,https://engineeringnews.co.za/article/sibanye-says-concourt-dismisses-glcs-applications-2019-09-13,2019,Sibanye Says Concourt Dismisses Glcs Applications,secondary_keyword_only_review,https://www.engineeringnews.co.za/article/sibanye-says-concourt-dismisses-glcs-applications-2019-09-13,retrieved_extracted,,2019-09-13,491,4cabe6c73bb6492a2f36af478711eab640cfe44dcd6fe242a34cad5c401f33ac,5,4,,0,worker_miner,1,1,community;justice_accountability,2,2,earnings_results;transaction,4,2,false,false,false,strong_lonmin_context_supported,"No high-specificity case term, but Lonmin is repeatedly substantive alongside strong labour/social/governance context.",,,
SEC-MEDIA-0781,Engineering News,https://www.engineeringnews.co.za/article/sibanye-says-gold-mines-shut-down-after-strike-turns-violent-2018-11-22,https://engineeringnews.co.za/article/sibanye-says-gold-mines-shut-down-after-strike-turns-violent-2018-11-22,2018,Sibanye Says Gold Mines Shut Down After Strike Turns Violent,secondary_keyword_only_review,https://www.engineeringnews.co.za/article/sibanye-says-gold-mines-shut-down-after-strike-turns-violent-2018-11-22,retrieved_extracted,,2018-11-22,536,c2ecb62697becc6f18acf66a79b0314af5bdf3ffd4085e8a96ad6be6cf4303f2,0,4,,0,strike;worker_miner;shooting_death;wage;union;protest_unrest,22,6,,0,0,earnings_results;production_output,5,2,false,false,true,sibanye_context_without_case_anchor_review,Sibanye appears with labour/social context but no Marikana/Lonmin anchor; review before exclusion.,,,
SEC-MEDIA-0782,Engineering News,https://www.engineeringnews.co.za/article/sibanye-says-gold-sector-employees-have-indicated-their-support-for-a-ccma-proposed-wage-deal-2022-06-03,https://engineeringnews.co.za/article/sibanye-says-gold-sector-employees-have-indicated-their-support-for-a-ccma-proposed-wage-deal-2022-06-03,2022,Sibanye Says Gold Sector Employees Have Indicated Their Support For A Ccma Proposed Wage Deal,secondary_keyword_only_review,https://www.engineeringnews.co.za/article/sibanye-says-gold-sector-employees-have-indicated-their-support-for-a-ccma-proposed-wage-deal-2022-06-03,retrieved_extracted,,2022-06-03,657,3b9be994a5ac50635341dea484ff4c3c48c5ba403363e670f546c3565cc38cf7,0,5,,0,worker_miner;wage;union,12,3,commission_inquiry,1,1,earnings_results;funding_debt,3,2,false,false,false,sibanye_context_without_case_anchor_review,Sibanye appears with labour/social context but no Marikana/Lonmin anchor; review before exclusion.,,,
SEC-MEDIA-0783,Engineering News,https://www.engineeringnews.co.za/article/sibanye-says-more-workers-report-for-duty-2018-11-26,https://engineeringnews.co.za/article/sibanye-says-more-workers-report-for-duty-2018-11-26,2018,Sibanye Says More Workers Report For Duty,secondary_keyword_only_review,https://www.engineeringnews.co.za/article/sibanye-says-more-workers-report-for-duty-2018-11-26,retrieved_extracted,,2018-11-26,613,c6da33edbb47fa6e5f34beb634a822663b494cfd255cb0339ed79bfab1b5e0e6,0,7,,0,strike;worker_miner;shooting_death;wage;union;protest_unrest,31,6,,0,0,earnings_results,2,1,false,false,true,sibanye_context_without_case_anchor_review,Sibanye appears with labour/social context but no Marikana/Lonmin anchor; review before exclusion.,,,
SEC-MEDIA-0784,Engineering News,https://www.engineeringnews.co.za/article/sibanye-says-new-us-act-offers-opportunities-2022-08-26,https://engineeringnews.co.za/article/sibanye-says-new-us-act-offers-opportunities-2022-08-26,2022,Sibanye Says New Us Act Offers Opportunities,secondary_keyword_only_review,https://www.engineeringnews.co.za/article/sibanye-says-new-us-act-offers-opportunities-2022-08-26,retrieved_extracted,,2022-08-26,512,942c38c2ad43214bf84d68f177c410ac3a34db759f5812f242887589e68aaa8d,0,6,,0,,0,0,,0,0,earnings_results;production_output;exploration_project,8,3,false,false,false,ambiguous_secondary_review,Signals are insufficient for a defensible secondary-queue decision.,,,
SEC-MEDIA-0785,Engineering News,https://www.engineeringnews.co.za/article/sibanye-says-on-track-to-meet-responsible-gold-principles-by-september-2022-2021-10-14,https://engineeringnews.co.za/article/sibanye-says-on-track-to-meet-responsible-gold-principles-by-september-2022-2021-10-14,2021,Sibanye Says On Track To Meet Responsible Gold Principles By September 2022,secondary_keyword_only_review,https://www.engineeringnews.co.za/article/sibanye-says-on-track-to-meet-responsible-gold-principles-by-september-2022-2021-10-14,retrieved_extracted,,2021-10-14,393,1197785a6c5cbaf411b081df6ce6c2307794d2d5884318b55254236ae7e8ed7d,0,4,,0,,0,0,,0,0,earnings_results,2,1,false,false,false,ambiguous_secondary_review,Signals are insufficient for a defensible secondary-queue decision.,,,
SEC-MEDIA-0786,Engineering News,https://www.engineeringnews.co.za/article/sibanye-says-planned-amcu-union-strike-suspended-2016-04-06,https://engineeringnews.co.za/article/sibanye-says-planned-amcu-union-strike-suspended-2016-04-06,2016,Sibanye Says Planned Amcu Union Strike Suspended,secondary_keyword_only_review,https://www.engineeringnews.co.za/article/sibanye-says-planned-amcu-union-strike-suspended-2016-04-06,retrieved_extracted,,2016-04-06,565,f3c923e958c5041eb5b903b7b3a1770c86e20f287da47a76735a806f9b23ddbf,0,7,,0,strike;worker_miner;wage;union,29,4,,0,0,share_price;earnings_results,4,2,false,false,true,sibanye_context_without_case_anchor_review,Sibanye appears with labour/social context but no Marikana/Lonmin anchor; review before exclusion.,,,
SEC-MEDIA-0787,Engineering News,https://www.engineeringnews.co.za/article/sibanye-says-platinum-mine-shaft-shut-until-official-inspection-2019-05-02,https://engineeringnews.co.za/article/sibanye-says-platinum-mine-shaft-shut-until-official-inspection-2019-05-02,2019,Sibanye Says Platinum Mine Shaft Shut Until Official Inspection,secondary_keyword_only_review,https://www.engineeringnews.co.za/article/sibanye-says-platinum-mine-shaft-shut-until-official-inspection-2019-05-02,retrieved_extracted,,2019-05-02,490,defab0d20251f95f8fe811ef7937d3074a26d698558da7a10f106430eb7671c2,0,6,,0,worker_miner,1,1,,0,0,share_price;earnings_results;exploration_project,7,3,false,false,false,ambiguous_secondary_review,Signals are insufficient for a defensible secondary-queue decision.,,,
SEC-MEDIA-0788,Engineering News,https://www.engineeringnews.co.za/article/sibanye-says-union-wage-demands-may-lead-to-more-closures-2018-08-24,https://engineeringnews.co.za/article/sibanye-says-union-wage-demands-may-lead-to-more-closures-2018-08-24,2018,Sibanye Says Union Wage Demands May Lead To More Closures,secondary_keyword_only_review,https://www.engineeringnews.co.za/article/sibanye-says-union-wage-demands-may-lead-to-more-closures-2018-08-24,retrieved_extracted,,2018-08-24,651,e4b51d4ad2f9997434ace9bc4fb6e297e85cebd93bdcf1f5b923ae6809d371ae,0,5,,0,strike;worker_miner;wage;union,16,4,,0,0,earnings_results;production_output;exploration_project,9,3,false,false,false,sibanye_context_without_case_anchor_review,Sibanye appears with labour/social context but no Marikana/Lonmin anchor; review before exclusion.,,,
SEC-MEDIA-0789,Engineering News,https://www.engineeringnews.co.za/article/sibanye-says-unions-using-gold-strike-to-leverage-platinum-deal-2022-05-05,https://engineeringnews.co.za/article/sibanye-says-unions-using-gold-strike-to-leverage-platinum-deal-2022-05-05,2022,Sibanye Says Unions Using Gold Strike To Leverage Platinum Deal,secondary_keyword_only_review,https://www.engineeringnews.co.za/article/sibanye-says-unions-using-gold-strike-to-leverage-platinum-deal-2022-05-05,retrieved_extracted,,2022-05-05,669,b17b793efe4148a59c570d2fa4532c1248bb6d3e7144ff30852e986a39f133ce,0,7,,0,strike;worker_miner;wage;union,28,4,,0,0,share_price;earnings_results;production_output,7,3,false,false,true,sibanye_context_without_case_anchor_review,Sibanye appears with labour/social context but no Marikana/Lonmin anchor; review before exclusion.,,,
SEC-MEDIA-0790,Engineering News,https://www.engineeringnews.co.za/article/sibanye-secures-interdict-against-illegal-strike-at-kroondal-ops-2016-05-27,https://engineeringnews.co.za/article/sibanye-secures-interdict-against-illegal-strike-at-kroondal-ops-2016-05-27,2016,Sibanye Secures Interdict Against Illegal Strike At Kroondal Ops,secondary_keyword_only_review,https://www.engineeringnews.co.za/article/sibanye-secures-interdict-against-illegal-strike-at-kroondal-ops-2016-05-27,retrieved_extracted,,2016-05-27,512,69ed92b8e1825bc40a587b7a870ac13f2b5a9fed2d9ab02a692edabf21a223cc,0,7,,0,strike;worker_miner;union;protest_unrest,17,4,,0,0,earnings_results;transaction,3,2,false,false,true,sibanye_context_without_case_anchor_review,Sibanye appears with labour/social context but no Marikana/Lonmin anchor; review before exclusion.,,,
SEC-MEDIA-0791,Engineering News,https://www.engineeringnews.co.za/article/sibanye-secures-minimum-20-stake-in-argentina-coppergold-project-2018-10-26,https://engineeringnews.co.za/article/sibanye-secures-minimum-20-stake-in-argentina-coppergold-project-2018-10-26,2018,Sibanye Secures Minimum 20 Stake In Argentina Coppergold Project,secondary_keyword_only_review,https://www.engineeringnews.co.za/article/sibanye-secures-minimum-20-stake-in-argentina-coppergold-project-2018-10-26,retrieved_extracted,,2018-10-26,488,301d9c7b4495087a95eda55eff036fda71c4f3d48fcb56af5adbd4555cbb7890,0,6,,0,worker_miner,1,1,,0,0,earnings_results;transaction;exploration_project,11,3,false,true,false,strong_routine_no_case_anchor,Routine corporate/financial/production article with no Marikana/Lonmin case anchor.,,,
SEC-MEDIA-0792,Engineering News,https://www.engineeringnews.co.za/article/sibanye-secures-new-r5bn-loan-facility-2019-10-25,https://engineeringnews.co.za/article/sibanye-secures-new-r5bn-loan-facility-2019-10-25,2019,Sibanye Secures New R5Bn Loan Facility,secondary_keyword_only_review,https://www.engineeringnews.co.za/article/sibanye-secures-new-r5bn-loan-facility-2019-10-25,retrieved_extracted,,2019-10-25,373,a8292a09f6135441738e3e6af2bfba5382fb4c9dbdb6ec053429535763118d8a,0,2,,0,,0,0,,0,0,earnings_results;funding_debt,5,2,false,false,false,ambiguous_secondary_review,Signals are insufficient for a defensible secondary-queue decision.,,,
SEC-MEDIA-0793,Engineering News,https://www.engineeringnews.co.za/article/sibanye-secures-sarb-approval-for-stillwater-deal-2017-02-21,https://engineeringnews.co.za/article/sibanye-secures-sarb-approval-for-stillwater-deal-2017-02-21,2017,Sibanye Secures Sarb Approval For Stillwater Deal,secondary_keyword_only_review,https://www.engineeringnews.co.za/article/sibanye-secures-sarb-approval-for-stillwater-deal-2017-02-21,retrieved_extracted,,2017-02-21,453,e6d7d7cdfa626c39c6ed928e7fa28cb162dab19997945395a80dea58b5055305,0,5,,0,,0,0,,0,0,share_price;earnings_results;transaction;dividend_rights,8,4,false,false,false,ambiguous_secondary_review,Signals are insufficient for a defensible secondary-queue decision.,,,
SEC-MEDIA-0794,Engineering News,https://www.engineeringnews.co.za/article/sibanye-seen-as-likely-buyer-for-anglos-ageing-platinum-mines-2014-04-29,https://engineeringnews.co.za/article/sibanye-seen-as-likely-buyer-for-anglos-ageing-platinum-mines-2014-04-29,2014,Sibanye Seen As Likely Buyer For Anglos Ageing Platinum Mines,secondary_keyword_only_review,https://www.engineeringnews.co.za/article/sibanye-seen-as-likely-buyer-for-anglos-ageing-platinum-mines-2014-04-29,retrieved_extracted,,2014-04-29,1284,ecf55320d6b655adc515ae94edab86b27f600a65e47afd4de8a282750dcb3b42,0,10,,0,strike;worker_miner;wage;union;protest_unrest,10,5,community,1,1,share_price;earnings_results;production_output;funding_debt;transaction;commodity_market,29,6,false,false,false,sibanye_context_without_case_anchor_review,Sibanye appears with labour/social context but no Marikana/Lonmin anchor; review before exclusion.,,,
SEC-MEDIA-0795,Engineering News,https://www.engineeringnews.co.za/article/sibanye-sees-increase-in-gold-and-uranium-reserves-2016-02-24,https://engineeringnews.co.za/article/sibanye-sees-increase-in-gold-and-uranium-reserves-2016-02-24,2016,Sibanye Sees Increase In Gold And Uranium Reserves,secondary_keyword_only_review,https://www.engineeringnews.co.za/article/sibanye-sees-increase-in-gold-and-uranium-reserves-2016-02-24,retrieved_extracted,,2016-02-24,515,e88a247e2eebbf51e0f032f10c02a8925f275a7faadf92b5f7ad0811b3d4b4a7,0,2,,0,,0,0,,0,0,earnings_results;production_output;exploration_project,10,3,false,false,false,ambiguous_secondary_review,Signals are insufficient for a defensible secondary-queue decision.,,,
SEC-MEDIA-0796,Engineering News,https://www.engineeringnews.co.za/article/sibanye-sees-positive-outlook-for-2016-2016-02-01,https://engineeringnews.co.za/article/sibanye-sees-positive-outlook-for-2016-2016-02-01,2016,Sibanye Sees Positive Outlook For 2016,secondary_keyword_only_review,https://www.engineeringnews.co.za/article/sibanye-sees-positive-outlook-for-2016-2016-02-01,retrieved_extracted,,2016-02-01,559,b3bd91bc72e60c7b3e78be614577ea0935c195d1608c554c8f820871b946382f,0,5,,0,worker_miner,1,1,,0,0,earnings_results;production_output;commodity_market,9,3,false,false,false,ambiguous_secondary_review,Signals are insufficient for a defensible secondary-queue decision.,,,
SEC-MEDIA-0797,Engineering News,https://www.engineeringnews.co.za/article/sibanye-sees-possible-further-opportunities-in-growing-battery-metals-sector-2022-09-16,https://engineeringnews.co.za/article/sibanye-sees-possible-further-opportunities-in-growing-battery-metals-sector-2022-09-16,2022,Sibanye Sees Possible Further Opportunities In Growing Battery Metals Sector,secondary_keyword_only_review,https://www.engineeringnews.co.za/article/sibanye-sees-possible-further-opportunities-in-growing-battery-metals-sector-2022-09-16,retrieved_extracted,,2022-09-16,1070,4aecf1697d19c081cbddb547f7ae662324ba7fa694636fb87b564e401f9b6c8a,0,7,,0,worker_miner,1,1,,0,0,earnings_results;production_output;funding_debt;transaction;exploration_project;commodity_market,25,6,false,false,false,ambiguous_secondary_review,Signals are insufficient for a defensible secondary-queue decision.,,,
SEC-MEDIA-0798,Engineering News,https://www.engineeringnews.co.za/article/sibanye-sees-possible-further-opportunities-in-growing-battery-metals-sector-2022-09-30,https://engineeringnews.co.za/article/sibanye-sees-possible-further-opportunities-in-growing-battery-metals-sector-2022-09-30,2022,Sibanye Sees Possible Further Opportunities In Growing Battery Metals Sector,secondary_keyword_only_review,https://www.engineeringnews.co.za/article/sibanye-sees-possible-further-opportunities-in-growing-battery-metals-sector-2022-09-30,retrieved_extracted,,2022-09-30,951,b752b930dbb0b7a8d3bf1de64028157f8a12335cf3b4aac54b6a4757ff350446,0,7,,0,worker_miner,1,1,,0,0,earnings_results;production_output;funding_debt;transaction;exploration_project;commodity_market,20,6,false,false,false,ambiguous_secondary_review,Signals are insufficient for a defensible secondary-queue decision.,,,
SEC-MEDIA-0799,Engineering News,https://www.engineeringnews.co.za/article/sibanye-sells-first-uranium-to-nuclear-fuels-corporation-2014-05-29,https://engineeringnews.co.za/article/sibanye-sells-first-uranium-to-nuclear-fuels-corporation-2014-05-29,2014,Sibanye Sells First Uranium To Nuclear Fuels Corporation,secondary_keyword_only_review,https://www.engineeringnews.co.za/article/sibanye-sells-first-uranium-to-nuclear-fuels-corporation-2014-05-29,retrieved_extracted,,2014-05-29,686,7f1f41b31db60c93e4ace7dfa666e02b8448afc92a22e378efacb14c1f562c5d,0,7,,0,worker_miner,1,1,,0,0,earnings_results;production_output;transaction;exploration_project;commodity_market,11,5,false,true,false,strong_routine_no_case_anchor,Routine corporate/financial/production article with no Marikana/Lonmin case anchor.,,,
SEC-MEDIA-0800,Engineering News,https://www.engineeringnews.co.za/article/sibanye-sells-first-uranium-to-nuclear-fuels-corporation-2014-06-06,https://engineeringnews.co.za/article/sibanye-sells-first-uranium-to-nuclear-fuels-corporation-2014-06-06,2014,Sibanye Sells First Uranium To Nuclear Fuels Corporation,secondary_keyword_only_review,https://www.engineeringnews.co.za/article/sibanye-sells-first-uranium-to-nuclear-fuels-corporation-2014-06-06,retrieved_extracted,,2014-06-06,662,15937355f1cbea8520c198e701338eac4be1a88774e2f1c364f2ec2ab5a29869,0,7,,0,worker_miner,1,1,,0,0,earnings_results;production_output;transaction;exploration_project;commodity_market,11,5,false,true,false,strong_routine_no_case_anchor,Routine corporate/financial/production article with no Marikana/Lonmin case anchor.,,,
SEC-MEDIA-0801,Engineering News,https://www.engineeringnews.co.za/article/sibanye-sets-section-189-in-action-for-flailing-cooke-4-2016-07-11,https://engineeringnews.co.za/article/sibanye-sets-section-189-in-action-for-flailing-cooke-4-2016-07-11,2016,Sibanye Sets Section 189 In Action For Flailing Cooke 4,secondary_keyword_only_review,https://www.engineeringnews.co.za/article/sibanye-sets-section-189-in-action-for-flailing-cooke-4-2016-07-11,retrieved_extracted,,2016-07-11,657,65cf1bf6c335181fbf39fbcfd42df820ffbd7e333b6af23ba312cad96e869081,0,7,,0,worker_miner;union,7,2,commission_inquiry,1,1,earnings_results;production_output,3,2,false,false,false,sibanye_context_without_case_anchor_review,Sibanye appears with labour/social context but no Marikana/Lonmin anchor; review before exclusion.,,,
SEC-MEDIA-0802,Engineering News,https://www.engineeringnews.co.za/article/sibanye-share-price-rises-on-gold-tailings-deal-with-drdgold-2017-11-22,https://engineeringnews.co.za/article/sibanye-share-price-rises-on-gold-tailings-deal-with-drdgold-2017-11-22,2017,Sibanye Share Price Rises On Gold Tailings Deal With Drdgold,secondary_keyword_only_review,https://www.engineeringnews.co.za/article/sibanye-share-price-rises-on-gold-tailings-deal-with-drdgold-2017-11-22,retrieved_extracted,,2017-11-22,1195,5bc270cfb24cb3acd71ff53aed6bbc19ec9d56861c255e91a7e305d617977a63,0,8,,0,,0,0,,0,0,share_price;earnings_results;production_output;funding_debt;transaction;exploration_project;commodity_market,41,7,false,true,false,strong_routine_no_case_anchor,Routine corporate/financial/production article with no Marikana/Lonmin case anchor.,,,
SEC-MEDIA-0803,Engineering News,https://www.engineeringnews.co.za/article/sibanye-share-price-rises-on-gold-tailings-deal-with-drdgold-2017-12-01,https://engineeringnews.co.za/article/sibanye-share-price-rises-on-gold-tailings-deal-with-drdgold-2017-12-01,2017,Sibanye Share Price Rises On Gold Tailings Deal With Drdgold,secondary_keyword_only_review,https://www.engineeringnews.co.za/article/sibanye-share-price-rises-on-gold-tailings-deal-with-drdgold-2017-12-01,retrieved_extracted,,2017-12-01,1181,6da805c559e09582f5ca4a22ab1fbc22035c35543c19a80e0ddbe5c5be8556a8,0,7,,0,,0,0,,0,0,share_price;earnings_results;production_output;funding_debt;transaction;exploration_project;commodity_market,39,7,false,true,false,strong_routine_no_case_anchor,Routine corporate/financial/production article with no Marikana/Lonmin case anchor.,,,
SEC-MEDIA-0804,Engineering News,https://www.engineeringnews.co.za/article/sibanye-shareholders-approve-rustenburg-platinum-mines-deal-2016-01-18,https://engineeringnews.co.za/article/sibanye-shareholders-approve-rustenburg-platinum-mines-deal-2016-01-18,2016,Sibanye Shareholders Approve Rustenburg Platinum Mines Deal,secondary_keyword_only_review,https://www.engineeringnews.co.za/article/sibanye-shareholders-approve-rustenburg-platinum-mines-deal-2016-01-18,retrieved_extracted,,2016-01-18,398,4c875004aa850d0eeb93a85ee6e02cc01b5f6d8c6cb9606d5116eb9e10c9777c,0,4,,0,worker_miner,1,1,,0,0,earnings_results;transaction;exploration_project,4,3,false,false,false,ambiguous_secondary_review,Signals are insufficient for a defensible secondary-queue decision.,,,
SEC-MEDIA-0805,Engineering News,https://www.engineeringnews.co.za/article/sibanye-shares-soar-on-rustenburg-platinum-deal-2015-09-09,https://engineeringnews.co.za/article/sibanye-shares-soar-on-rustenburg-platinum-deal-2015-09-09,2015,Sibanye Shares Soar On Rustenburg Platinum Deal,secondary_keyword_only_review,https://www.engineeringnews.co.za/article/sibanye-shares-soar-on-rustenburg-platinum-deal-2015-09-09,retrieved_extracted,,2015-09-09,1246,d565b70ca20d48cb5b40469a7a1f277a8ffaaf88bb8dc205ff4ccb356d401d3c,0,18,marikana,1,wage,1,1,community,2,1,share_price;earnings_results;production_output;transaction;exploration_project,14,5,false,false,false,strong_case_context_supported,Body contains a high-specificity Marikana case term reinforced by labour/event/social/governance context.,,,
SEC-MEDIA-0806,Engineering News,https://www.engineeringnews.co.za/article/sibanye-shares-soar-on-rustenburg-platinum-deal-2015-09-18,https://engineeringnews.co.za/article/sibanye-shares-soar-on-rustenburg-platinum-deal-2015-09-18,2015,Sibanye Shares Soar On Rustenburg Platinum Deal,secondary_keyword_only_review,https://www.engineeringnews.co.za/article/sibanye-shares-soar-on-rustenburg-platinum-deal-2015-09-18,retrieved_extracted,,2015-09-18,1222,32766ad5db4c79d5a84c1abd0a459feea13a30f32922b5bdbf5eef1fc4e7f4e0,0,18,marikana,1,wage,1,1,community,2,1,share_price;earnings_results;production_output;transaction;exploration_project,14,5,false,false,false,strong_case_context_supported,Body contains a high-specificity Marikana case term reinforced by labour/event/social/governance context.,,,
SEC-MEDIA-0807,Engineering News,https://www.engineeringnews.co.za/article/sibanye-shows-good-faith-northam-bucks-the-trend-harmony-hedges-the-rand-2016-03-04,https://engineeringnews.co.za/article/sibanye-shows-good-faith-northam-bucks-the-trend-harmony-hedges-the-rand-2016-03-04,2016,Sibanye Shows Good Faith Northam Bucks The Trend Harmony Hedges The Rand,secondary_keyword_only_review,https://www.engineeringnews.co.za/article/sibanye-shows-good-faith-northam-bucks-the-trend-harmony-hedges-the-rand-2016-03-04,retrieved_extracted,,2016-03-04,927,4c37982e8e2c95bd82bbe531986f6f58c510b5c014d90462f3b0ad5aafb03e57,0,3,,0,worker_miner;wage;union,6,3,housing,1,1,earnings_results;production_output;transaction;exploration_project;commodity_market,12,5,false,false,false,sibanye_context_without_case_anchor_review,Sibanye appears with labour/social context but no Marikana/Lonmin anchor; review before exclusion.,,,
SEC-MEDIA-0808,Engineering News,https://www.engineeringnews.co.za/article/sibanye-slumps-as-ceo-pushes-on-with-bid-to-buy-mopani-copper-mines-2023-08-29,https://engineeringnews.co.za/article/sibanye-slumps-as-ceo-pushes-on-with-bid-to-buy-mopani-copper-mines-2023-08-29,2023,Sibanye Slumps As Ceo Pushes On With Bid To Buy Mopani Copper Mines,secondary_keyword_only_review,https://www.engineeringnews.co.za/article/sibanye-slumps-as-ceo-pushes-on-with-bid-to-buy-mopani-copper-mines-2023-08-29,retrieved_extracted,,2023-08-29,599,ada2fcb2fbdbd63155e5623f7e0247498e410539d661bae3fe77c94cc5a663b5,0,5,,0,worker_miner,1,1,,0,0,share_price;earnings_results;production_output;transaction;commodity_market,11,5,false,false,false,ambiguous_secondary_review,Signals are insufficient for a defensible secondary-queue decision.,,,
SEC-MEDIA-0809,Engineering News,https://www.engineeringnews.co.za/article/sibanye-stands-resolute-as-amcu-num-submit-strike-notice-2022-03-08,https://engineeringnews.co.za/article/sibanye-stands-resolute-as-amcu-num-submit-strike-notice-2022-03-08,2022,Sibanye Stands Resolute As Amcu Num Submit Strike Notice,secondary_keyword_only_review,https://www.engineeringnews.co.za/article/sibanye-stands-resolute-as-amcu-num-submit-strike-notice-2022-03-08,retrieved_extracted,,2022-03-08,674,ee53be6547835aa77818654cc2b2bd6bef86922b598e4ee42b40e86518b6143c,0,5,,0,strike;worker_miner;wage;union,27,4,,0,0,earnings_results;production_output,3,2,false,false,true,sibanye_context_without_case_anchor_review,Sibanye appears with labour/social context but no Marikana/Lonmin anchor; review before exclusion.,,,
SEC-MEDIA-0810,Engineering News,https://www.engineeringnews.co.za/article/sibanye-starts-building-359m-lithium-hydroxide-refinery-in-finland-2022-11-28,https://engineeringnews.co.za/article/sibanye-starts-building-359m-lithium-hydroxide-refinery-in-finland-2022-11-28,2022,Sibanye Starts Building 359M Lithium Hydroxide Refinery In Finland,secondary_keyword_only_review,https://www.engineeringnews.co.za/article/sibanye-starts-building-359m-lithium-hydroxide-refinery-in-finland-2022-11-28,retrieved_extracted,,2022-11-28,1209,010d5412a037034cf1d9b2af4f32a20422750b9f547f7707cfa392c65d7dc375,0,10,,0,,0,0,,0,0,share_price;earnings_results;production_output;funding_debt;transaction;exploration_project;commodity_market,50,7,false,false,false,ambiguous_secondary_review,Signals are insufficient for a defensible secondary-queue decision.,,,
SEC-MEDIA-0811,Engineering News,https://www.engineeringnews.co.za/article/sibanye-starts-section-189-consultations-with-support-services-staff-2013-08-15,https://engineeringnews.co.za/article/sibanye-starts-section-189-consultations-with-support-services-staff-2013-08-15,2013,Sibanye Starts Section 189 Consultations With Support Services Staff,secondary_keyword_only_review,https://www.engineeringnews.co.za/article/sibanye-starts-section-189-consultations-with-support-services-staff-2013-08-15,retrieved_extracted,,2013-08-15,499,4fde53bd1943aa110e5cc23ef5387a4af92a13d8ca54063b957a53b3670e1d7d,0,3,,0,worker_miner,2,1,,0,0,earnings_results;production_output,5,2,false,false,false,ambiguous_secondary_review,Signals are insufficient for a defensible secondary-queue decision.,,,
SEC-MEDIA-0812,Engineering News,https://www.engineeringnews.co.za/article/sibanye-stillwater-2017-10-25,https://engineeringnews.co.za/article/sibanye-stillwater-2017-10-25,2017,Sibanye Stillwater,secondary_keyword_only_review,https://www.engineeringnews.co.za/article/sibanye-stillwater-2017-10-25,retrieved_extracted,,2017-10-25,535,a3bb72d2f394fc5d7be2c6a8d7990ad71f99e56b28528dd1cce757729d43bfcd,0,3,,0,,0,0,,0,0,share_price;earnings_results;transaction;commodity_market,22,4,false,false,false,ambiguous_secondary_review,Signals are insufficient for a defensible secondary-queue decision.,,,
SEC-MEDIA-0813,Engineering News,https://www.engineeringnews.co.za/article/sibanye-stillwater-2020-08-27,https://engineeringnews.co.za/article/sibanye-stillwater-2020-08-27,2020,Sibanye Stillwater,secondary_keyword_only_review,https://www.engineeringnews.co.za/article/sibanye-stillwater-2020-08-27,retrieved_extracted,,2020-08-27,1347,b16bfb6be1876017d7f7ba16c4f1a5f3324fc62a87c240972da65295cdfec291,0,10,marikana,7,strike,1,1,,0,0,earnings_results;production_output;dividend_rights;commodity_market,27,4,false,false,false,case_term_low_context_review,A case term occurs but context is insufficient to distinguish substantive treatment from incidental/place/project use.,,,
SEC-MEDIA-0814,Engineering News,https://www.engineeringnews.co.za/article/sibanye-stillwater-2021-08-26,https://engineeringnews.co.za/article/sibanye-stillwater-2021-08-26,2021,Sibanye Stillwater,secondary_keyword_only_review,https://www.engineeringnews.co.za/article/sibanye-stillwater-2021-08-26,retrieved_extracted,,2021-08-26,828,5972df2605ccd001c321b426e40ebf80aa1223d2d429bbac49e8ef8b3297987a,0,6,,0,shooting_death,1,1,,0,0,earnings_results;transaction;dividend_rights;exploration_project;commodity_market,10,5,false,false,false,ambiguous_secondary_review,Signals are insufficient for a defensible secondary-queue decision.,,,
SEC-MEDIA-0815,Engineering News,https://www.engineeringnews.co.za/article/sibanye-stillwater-accelerates-decarbonisation-with-two-further-renewables-projects-2023-12-07,https://engineeringnews.co.za/article/sibanye-stillwater-accelerates-decarbonisation-with-two-further-renewables-projects-2023-12-07,2023,Sibanye Stillwater Accelerates Decarbonisation With Two Further Renewables Projects,secondary_keyword_only_review,https://www.engineeringnews.co.za/article/sibanye-stillwater-accelerates-decarbonisation-with-two-further-renewables-projects-2023-12-07,retrieved_extracted,,2023-12-07,921,4cc709143752530e7a132ebc7992b12f7f1c0d2f1913c1bcbf1ad784b37d0a9f,0,10,,0,,0,0,community,1,1,earnings_results;production_output;transaction;exploration_project;commodity_market,19,5,false,false,false,sibanye_context_without_case_anchor_review,Sibanye appears with labour/social context but no Marikana/Lonmin anchor; review before exclusion.,,,
SEC-MEDIA-0816,Engineering News,https://www.engineeringnews.co.za/article/sibanye-stillwater-achieves-positive-fy17-operating-results-2018-02-05,https://engineeringnews.co.za/article/sibanye-stillwater-achieves-positive-fy17-operating-results-2018-02-05,2018,Sibanye Stillwater Achieves Positive Fy17 Operating Results,secondary_keyword_only_review,https://www.engineeringnews.co.za/article/sibanye-stillwater-achieves-positive-fy17-operating-results-2018-02-05,retrieved_extracted,,2018-02-05,608,1aa311ec28c6d91d9d3bd9d132ba3bce84932029b8a004a599034be7b89ca502,0,4,,0,,0,0,,0,0,earnings_results;production_output;transaction;exploration_project,15,4,false,true,false,strong_routine_no_case_anchor,Routine corporate/financial/production article with no Marikana/Lonmin case anchor.,,,
SEC-MEDIA-0817,Engineering News,https://www.engineeringnews.co.za/article/sibanye-stillwater-addresses-multi-front-covid-19-social-upliftment-2020-10-09,https://engineeringnews.co.za/article/sibanye-stillwater-addresses-multi-front-covid-19-social-upliftment-2020-10-09,2020,Sibanye Stillwater Addresses Multi Front Covid 19 Social Upliftment,secondary_keyword_only_review,https://www.engineeringnews.co.za/article/sibanye-stillwater-addresses-multi-front-covid-19-social-upliftment-2020-10-09,retrieved_extracted,,2020-10-09,931,f25af06fdb6ce9f91ed9f0e5814ca66ea15a438925116368c382a37c45260d75,0,8,,0,worker_miner;wage,7,2,housing;community,8,2,earnings_results,2,1,false,false,false,sibanye_context_without_case_anchor_review,Sibanye appears with labour/social context but no Marikana/Lonmin anchor; review before exclusion.,,,
SEC-MEDIA-0818,Engineering News,https://www.engineeringnews.co.za/article/sibanye-stillwater-advances-green-metals-strategy-with-1bn-nickelcopper-buy-2021-10-26,https://engineeringnews.co.za/article/sibanye-stillwater-advances-green-metals-strategy-with-1bn-nickelcopper-buy-2021-10-26,2021,Sibanye Stillwater Advances Green Metals Strategy With 1Bn Nickelcopper Buy,secondary_keyword_only_review,https://www.engineeringnews.co.za/article/sibanye-stillwater-advances-green-metals-strategy-with-1bn-nickelcopper-buy-2021-10-26,retrieved_extracted,,2021-10-26,986,f66fa7fec5906cde3107c8bdbc835ed500b0af1cc7bbb3868e4ccc0085263516,0,7,,0,wage,1,1,,0,0,earnings_results;production_output;transaction;exploration_project,17,4,false,false,false,ambiguous_secondary_review,Signals are insufficient for a defensible secondary-queue decision.,,,
SEC-MEDIA-0819,Engineering News,https://www.engineeringnews.co.za/article/sibanye-stillwater-announces-450m-convertible-bond-offering-2017-09-19,https://engineeringnews.co.za/article/sibanye-stillwater-announces-450m-convertible-bond-offering-2017-09-19,2017,Sibanye Stillwater Announces 450M Convertible Bond Offering,secondary_keyword_only_review,https://www.engineeringnews.co.za/article/sibanye-stillwater-announces-450m-convertible-bond-offering-2017-09-19,retrieved_extracted,,2017-09-19,718,072257ea770abfeea5117d354caa9b9746034c6ae4eaf965596325afb87b340d,0,5,,0,wage,2,1,,0,0,share_price;earnings_results;production_output;funding_debt;transaction;exploration_project,17,6,false,false,false,ambiguous_secondary_review,Signals are insufficient for a defensible secondary-queue decision.,,,
SEC-MEDIA-0820,Engineering News,https://www.engineeringnews.co.za/article/sibanye-stillwater-announces-450m-convertible-bond-offering-2017-09-29,https://engineeringnews.co.za/article/sibanye-stillwater-announces-450m-convertible-bond-offering-2017-09-29,2017,Sibanye Stillwater Announces 450M Convertible Bond Offering,secondary_keyword_only_review,https://www.engineeringnews.co.za/article/sibanye-stillwater-announces-450m-convertible-bond-offering-2017-09-29,retrieved_extracted,,2017-09-29,542,190c0e133fc3ca9bf70f2e1f3cb07ac32a27ec355bea23f0ea7785c132bd54dc,0,3,,0,wage,1,1,,0,0,share_price;earnings_results;production_output;funding_debt;transaction;exploration_project,13,6,false,false,false,ambiguous_secondary_review,Signals are insufficient for a defensible secondary-queue decision.,,,
SEC-MEDIA-0821,Engineering News,https://www.engineeringnews.co.za/article/sibanye-stillwater-appoints-dataprophet-to-implement-an-ai-powered-plant-optimisation-system-2019-03-20,https://engineeringnews.co.za/article/sibanye-stillwater-appoints-dataprophet-to-implement-an-ai-powered-plant-optimisation-system-2019-03-20,2019,Sibanye Stillwater Appoints Dataprophet To Implement An Ai Powered Plant Optimisation System,secondary_keyword_only_review,https://www.engineeringnews.co.za/article/sibanye-stillwater-appoints-dataprophet-to-implement-an-ai-powered-plant-optimisation-system-2019-03-20,retrieved_extracted,,2019-03-20,745,cf2add4826d8ffa79d31ddd0f23f4ede01012531de0dee95d70c9263307ab101,0,5,,0,,0,0,,0,0,earnings_results;production_output,3,2,false,false,false,ambiguous_secondary_review,Signals are insufficient for a defensible secondary-queue decision.,,,
SEC-MEDIA-0822,Engineering News,https://www.engineeringnews.co.za/article/sibanye-stillwater-appoints-new-south-african-gold-head-2021-02-04,https://engineeringnews.co.za/article/sibanye-stillwater-appoints-new-south-african-gold-head-2021-02-04,2021,Sibanye Stillwater Appoints New South African Gold Head,secondary_keyword_only_review,https://www.engineeringnews.co.za/article/sibanye-stillwater-appoints-new-south-african-gold-head-2021-02-04,retrieved_extracted,,2021-02-04,438,3d64a4485ae2fa98e9287ce8ce7597eb3284eb1bb0e03165d659c2d5eaf780e1,0,5,,0,worker_miner,1,1,,0,0,earnings_results,2,1,false,false,false,ambiguous_secondary_review,Signals are insufficient for a defensible secondary-queue decision.,,,
SEC-MEDIA-0823,Engineering News,https://www.engineeringnews.co.za/article/sibanye-stillwater-appoints-safety-exec-to-fund-study-to-enhance-risk-management-2018-06-20,https://engineeringnews.co.za/article/sibanye-stillwater-appoints-safety-exec-to-fund-study-to-enhance-risk-management-2018-06-20,2018,Sibanye Stillwater Appoints Safety Exec To Fund Study To Enhance Risk Management,secondary_keyword_only_review,https://www.engineeringnews.co.za/article/sibanye-stillwater-appoints-safety-exec-to-fund-study-to-enhance-risk-management-2018-06-20,retrieved_extracted,,2018-06-20,801,082bab8a17af881a73e3f11caa41925254952eead455f2e4b5134c787cf9672c,0,11,,0,worker_miner;shooting_death,5,2,,0,0,earnings_results;funding_debt,3,2,false,false,false,sibanye_context_without_case_anchor_review,Sibanye appears with labour/social context but no Marikana/Lonmin anchor; review before exclusion.,,,
SEC-MEDIA-0824,Engineering News,https://www.engineeringnews.co.za/article/sibanye-stillwater-appoints-safety-exec-to-fund-study-to-enhance-risk-management-2018-06-29,https://engineeringnews.co.za/article/sibanye-stillwater-appoints-safety-exec-to-fund-study-to-enhance-risk-management-2018-06-29,2018,Sibanye Stillwater Appoints Safety Exec To Fund Study To Enhance Risk Management,secondary_keyword_only_review,https://www.engineeringnews.co.za/article/sibanye-stillwater-appoints-safety-exec-to-fund-study-to-enhance-risk-management-2018-06-29,retrieved_extracted,,2018-06-29,793,f8f8b3b587818b294d33b5b37346254320553722dc9ddf2f849057873b025a97,0,10,,0,worker_miner;shooting_death,5,2,,0,0,earnings_results;funding_debt,3,2,false,false,false,sibanye_context_without_case_anchor_review,Sibanye appears with labour/social context but no Marikana/Lonmin anchor; review before exclusion.,,,
SEC-MEDIA-0825,Engineering News,https://www.engineeringnews.co.za/article/sibanye-stillwater-assessing-on-site-green-hydrogen-generation-to-power-fuel-cell-mobility-2021-02-18,https://engineeringnews.co.za/article/sibanye-stillwater-assessing-on-site-green-hydrogen-generation-to-power-fuel-cell-mobility-2021-02-18,2021,Sibanye Stillwater Assessing On Site Green Hydrogen Generation To Power Fuel Cell Mobility,secondary_keyword_only_review,https://www.engineeringnews.co.za/article/sibanye-stillwater-assessing-on-site-green-hydrogen-generation-to-power-fuel-cell-mobility-2021-02-18,retrieved_extracted,,2021-02-18,990,0c5cc8dc306aa2bfa8cacb0fe5a9593fdacd803b7a5b536e34a5c87b45516e92,0,5,,0,,0,0,,0,0,earnings_results;commodity_market,7,2,false,false,false,ambiguous_secondary_review,Signals are insufficient for a defensible secondary-queue decision.,,,
SEC-MEDIA-0826,Engineering News,https://www.engineeringnews.co.za/article/sibanye-stillwater-avoids-closure-of-certain-south-african-pgm-business-units-2017-10-16,https://engineeringnews.co.za/article/sibanye-stillwater-avoids-closure-of-certain-south-african-pgm-business-units-2017-10-16,2017,Sibanye Stillwater Avoids Closure Of Certain South African Pgm Business Units,secondary_keyword_only_review,https://www.engineeringnews.co.za/article/sibanye-stillwater-avoids-closure-of-certain-south-african-pgm-business-units-2017-10-16,retrieved_extracted,,2017-10-16,524,025a6a520eb77e6739abd12b3236f92ccd14ce7148733f01cc4690ef7f1bbe50,0,4,,0,,0,0,,0,0,earnings_results;production_output,5,2,false,true,false,strong_routine_no_case_anchor,Routine corporate/financial/production article with no Marikana/Lonmin case anchor.,,,
SEC-MEDIA-0827,Engineering News,https://www.engineeringnews.co.za/article/sibanye-stillwater-avoids-closure-of-certain-south-african-pgm-business-units-2017-10-27,https://engineeringnews.co.za/article/sibanye-stillwater-avoids-closure-of-certain-south-african-pgm-business-units-2017-10-27,2017,Sibanye Stillwater Avoids Closure Of Certain South African Pgm Business Units,secondary_keyword_only_review,https://www.engineeringnews.co.za/article/sibanye-stillwater-avoids-closure-of-certain-south-african-pgm-business-units-2017-10-27,retrieved_extracted,,2017-10-27,518,625a883ff940d3f388c28a53f6f59ccff5c8996328b4fed7c3fd2f5ec3f8f275,0,4,,0,,0,0,,0,0,earnings_results;production_output,5,2,false,true,false,strong_routine_no_case_anchor,Routine corporate/financial/production article with no Marikana/Lonmin case anchor.,,,
SEC-MEDIA-0828,Engineering News,https://www.engineeringnews.co.za/article/sibanye-stillwater-building-climate-change-resilient-business-froneman-2021-10-27,https://engineeringnews.co.za/article/sibanye-stillwater-building-climate-change-resilient-business-froneman-2021-10-27,2021,Sibanye Stillwater Building Climate Change Resilient Business Froneman,secondary_keyword_only_review,https://www.engineeringnews.co.za/article/sibanye-stillwater-building-climate-change-resilient-business-froneman-2021-10-27,retrieved_extracted,,2021-10-27,1155,e727cb717fc553361745aea914bff72c46b6d3bae3921b961d2847c6536544de,0,9,,0,,0,0,,0,0,earnings_results;production_output;transaction;dividend_rights;exploration_project,9,5,false,false,false,ambiguous_secondary_review,Signals are insufficient for a defensible secondary-queue decision.,,,
SEC-MEDIA-0829,Engineering News,https://www.engineeringnews.co.za/article/sibanye-stillwater-buys-half-of-ioneers-nevada-project-for-490m-2021-09-16,https://engineeringnews.co.za/article/sibanye-stillwater-buys-half-of-ioneers-nevada-project-for-490m-2021-09-16,2021,Sibanye Stillwater Buys Half Of Ioneers Nevada Project For 490M,secondary_keyword_only_review,https://www.engineeringnews.co.za/article/sibanye-stillwater-buys-half-of-ioneers-nevada-project-for-490m-2021-09-16,retrieved_extracted,,2021-09-16,767,276cc92f73bea27e602840460e6dc80d8959f72d77f2148addad67ab26dcf36c,0,9,,0,worker_miner,1,1,,0,0,share_price;earnings_results;production_output;funding_debt;transaction;exploration_project,22,6,false,true,false,strong_routine_no_case_anchor,Routine corporate/financial/production article with no Marikana/Lonmin case anchor.,,,
SEC-MEDIA-0830,Engineering News,https://www.engineeringnews.co.za/article/sibanye-stillwater-buys-half-of-ioneers-nevada-project-for-490m-2021-10-01,https://engineeringnews.co.za/article/sibanye-stillwater-buys-half-of-ioneers-nevada-project-for-490m-2021-10-01,2021,Sibanye Stillwater Buys Half Of Ioneers Nevada Project For 490M,secondary_keyword_only_review,https://www.engineeringnews.co.za/article/sibanye-stillwater-buys-half-of-ioneers-nevada-project-for-490m-2021-10-01,retrieved_extracted,,2021-10-01,748,c388c39f925d5c0f9ccbedb2553cad5cd8d073f37e343595d9d9c49867c01d28,0,9,,0,worker_miner,1,1,,0,0,share_price;earnings_results;production_output;funding_debt;transaction;exploration_project,21,6,false,true,false,strong_routine_no_case_anchor,Routine corporate/financial/production article with no Marikana/Lonmin case anchor.,,,
SEC-MEDIA-0831,Engineering News,https://www.engineeringnews.co.za/article/sibanye-stillwater-ceo-shrugs-off-gold-mega-merger-2023-02-07,https://engineeringnews.co.za/article/sibanye-stillwater-ceo-shrugs-off-gold-mega-merger-2023-02-07,2023,Sibanye Stillwater Ceo Shrugs Off Gold Mega Merger,secondary_keyword_only_review,https://www.engineeringnews.co.za/article/sibanye-stillwater-ceo-shrugs-off-gold-mega-merger-2023-02-07,retrieved_extracted,,2023-02-07,587,2f9fd25bda87625f97966981b663dae3357bbe51dac9ad58794c716263e7b739,0,7,,0,worker_miner,3,1,,0,0,earnings_results;production_output;transaction;exploration_project,8,4,false,true,false,strong_routine_no_case_anchor,Routine corporate/financial/production article with no Marikana/Lonmin case anchor.,,,
SEC-MEDIA-0832,Engineering News,https://www.engineeringnews.co.za/article/sibanye-stillwater-commences-consultation-with-stakeholders-regarding-possible-restructuring-at-its-gold-operations-and-associated-services-845k-2019-02-18,https://engineeringnews.co.za/article/sibanye-stillwater-commences-consultation-with-stakeholders-regarding-possible-restructuring-at-its-gold-operations-and-associated-services-845k-2019-02-18,2019,Sibanye Stillwater Commences Consultation With Stakeholders Regarding Possible Restructuring At Its Gold Operations And Associated Services 845K,secondary_keyword_only_review,https://www.engineeringnews.co.za/article/sibanye-stillwater-commences-consultation-with-stakeholders-regarding-possible-restructuring-at-its-gold-operations-and-associated-services-845k-2019-02-18,retrieved_extracted,,2019-02-18,678,07a5d8a8c279dc94e2b819a1acd68c62d203ee7586552f94e515913400113a12,0,5,,0,union,1,1,,0,0,earnings_results;exploration_project,3,2,false,false,false,ambiguous_secondary_review,Signals are insufficient for a defensible secondary-queue decision.,,,
SEC-MEDIA-0833,Engineering News,https://www.engineeringnews.co.za/article/sibanye-stillwater-concludes-450m-convertible-bonds-tender-process-2018-09-05,https://engineeringnews.co.za/article/sibanye-stillwater-concludes-450m-convertible-bonds-tender-process-2018-09-05,2018,Sibanye Stillwater Concludes 450M Convertible Bonds Tender Process,secondary_keyword_only_review,https://www.engineeringnews.co.za/article/sibanye-stillwater-concludes-450m-convertible-bonds-tender-process-2018-09-05,retrieved_extracted,,2018-09-05,623,26ce398de165e155ea71d90fabfe71e65b6ad57d97ff0cc6b909ed764234cdb8,0,4,,0,worker_miner;wage,2,2,,0,0,earnings_results;funding_debt,4,2,false,false,false,sibanye_context_without_case_anchor_review,Sibanye appears with labour/social context but no Marikana/Lonmin anchor; review before exclusion.,,,
SEC-MEDIA-0834,Engineering News,https://www.engineeringnews.co.za/article/sibanye-stillwater-concludes-450m-convertible-bonds-tender-process-2018-09-14,https://engineeringnews.co.za/article/sibanye-stillwater-concludes-450m-convertible-bonds-tender-process-2018-09-14,2018,Sibanye Stillwater Concludes 450M Convertible Bonds Tender Process,secondary_keyword_only_review,https://www.engineeringnews.co.za/article/sibanye-stillwater-concludes-450m-convertible-bonds-tender-process-2018-09-14,retrieved_extracted,,2018-09-14,576,8d32fd890e766b743fb82796fde2b0939f926e8839aa9dc824e14a4d93e07458,0,4,,0,worker_miner;wage,2,2,,0,0,earnings_results,2,1,false,false,false,sibanye_context_without_case_anchor_review,Sibanye appears with labour/social context but no Marikana/Lonmin anchor; review before exclusion.,,,
SEC-MEDIA-0835,Engineering News,https://www.engineeringnews.co.za/article/sibanye-stillwater-concludes-500m-gold-palladium-stream-agreement-with-wheaton-2018-07-25,https://engineeringnews.co.za/article/sibanye-stillwater-concludes-500m-gold-palladium-stream-agreement-with-wheaton-2018-07-25,2018,Sibanye Stillwater Concludes 500M Gold Palladium Stream Agreement With Wheaton,secondary_keyword_only_review,https://www.engineeringnews.co.za/article/sibanye-stillwater-concludes-500m-gold-palladium-stream-agreement-with-wheaton-2018-07-25,retrieved_extracted,,2018-07-25,422,8a7d78c5c9d7c444cb1f7297f4b7f6dd945bfb03a9056821df19a71d15882d8d,0,7,,0,worker_miner,1,1,,0,0,earnings_results;funding_debt,7,2,false,false,false,ambiguous_secondary_review,Signals are insufficient for a defensible secondary-queue decision.,,,
SEC-MEDIA-0836,Engineering News,https://www.engineeringnews.co.za/article/sibanye-stillwater-concludes-deal-to-take-3805-of-drdgold-2018-08-01,https://engineeringnews.co.za/article/sibanye-stillwater-concludes-deal-to-take-3805-of-drdgold-2018-08-01,2018,Sibanye Stillwater Concludes Deal To Take 3805 Of Drdgold,secondary_keyword_only_review,https://www.engineeringnews.co.za/article/sibanye-stillwater-concludes-deal-to-take-3805-of-drdgold-2018-08-01,retrieved_extracted,,2018-08-01,632,4474df7adf6abd12cd6010b1ad8f9280afe49f8dc12f347ebb40b70e9ebe028a,0,8,,0,,0,0,,0,0,share_price;earnings_results;production_output;funding_debt;transaction;exploration_project,16,6,false,false,false,ambiguous_secondary_review,Signals are insufficient for a defensible secondary-queue decision.,,,
SEC-MEDIA-0837,Engineering News,https://www.engineeringnews.co.za/article/sibanye-stillwater-concludes-gold-wage-agreement-with-three-unions-2018-11-15,https://engineeringnews.co.za/article/sibanye-stillwater-concludes-gold-wage-agreement-with-three-unions-2018-11-15,2018,Sibanye Stillwater Concludes Gold Wage Agreement With Three Unions,secondary_keyword_only_review,https://www.engineeringnews.co.za/article/sibanye-stillwater-concludes-gold-wage-agreement-with-three-unions-2018-11-15,retrieved_extracted,,2018-11-15,509,9520202e1c7d2893b870bbc7ecf92ecbbe14885d2ab617ac46a7822035570619,0,4,,0,worker_miner;wage;union,14,3,,0,0,earnings_results,2,1,false,false,false,sibanye_context_without_case_anchor_review,Sibanye appears with labour/social context but no Marikana/Lonmin anchor; review before exclusion.,,,
SEC-MEDIA-0838,Engineering News,https://www.engineeringnews.co.za/article/sibanye-stillwater-continuing-to-assess-operational-positioning-2023-11-02,https://engineeringnews.co.za/article/sibanye-stillwater-continuing-to-assess-operational-positioning-2023-11-02,2023,Sibanye Stillwater Continuing To Assess Operational Positioning,secondary_keyword_only_review,https://www.engineeringnews.co.za/article/sibanye-stillwater-continuing-to-assess-operational-positioning-2023-11-02,retrieved_extracted,,2023-11-02,1112,54b95019036851b8aa02bf2ac9a7d87c8db189af9248b7ffba3b26374c2c9f35,0,4,,0,,0,0,,0,0,earnings_results;production_output;funding_debt;exploration_project;commodity_market,17,5,false,false,false,ambiguous_secondary_review,Signals are insufficient for a defensible secondary-queue decision.,,,
SEC-MEDIA-0839,Engineering News,https://www.engineeringnews.co.za/article/sibanye-stillwater-cuts-gold-production-guidance-ceo-outlines-safety-plan-2018-07-02,https://engineeringnews.co.za/article/sibanye-stillwater-cuts-gold-production-guidance-ceo-outlines-safety-plan-2018-07-02,2018,Sibanye Stillwater Cuts Gold Production Guidance Ceo Outlines Safety Plan,secondary_keyword_only_review,https://www.engineeringnews.co.za/article/sibanye-stillwater-cuts-gold-production-guidance-ceo-outlines-safety-plan-2018-07-02,retrieved_extracted,,2018-07-02,1123,bae8acc4ee72feda466f71a2b71a18665a2ceb5e644c9b70c99fddefed44d331,0,10,,0,worker_miner;shooting_death;union,9,3,,0,0,share_price;earnings_results;production_output;funding_debt,16,4,false,true,false,sibanye_context_without_case_anchor_review,Sibanye appears with labour/social context but no Marikana/Lonmin anchor; review before exclusion.,,,
SEC-MEDIA-0840,Engineering News,https://www.engineeringnews.co.za/article/sibanye-stillwater-cuts-gold-production-guidance-ceo-outlines-safety-plan-2018-07-13,https://engineeringnews.co.za/article/sibanye-stillwater-cuts-gold-production-guidance-ceo-outlines-safety-plan-2018-07-13,2018,Sibanye Stillwater Cuts Gold Production Guidance Ceo Outlines Safety Plan,secondary_keyword_only_review,https://www.engineeringnews.co.za/article/sibanye-stillwater-cuts-gold-production-guidance-ceo-outlines-safety-plan-2018-07-13,retrieved_extracted,,2018-07-13,1116,27ccc3f99298398f36ac0aafd4301e0d546fb86f4e113c2ea8e543d99727df05,0,10,,0,worker_miner;shooting_death;union,9,3,,0,0,share_price;earnings_results;production_output;funding_debt,16,4,false,true,false,sibanye_context_without_case_anchor_review,Sibanye appears with labour/social context but no Marikana/Lonmin anchor; review before exclusion.,,,
SEC-MEDIA-0841,Engineering News,https://www.engineeringnews.co.za/article/sibanye-stillwater-declares-r39bn-half-year-dividend-2022-08-25,https://engineeringnews.co.za/article/sibanye-stillwater-declares-r39bn-half-year-dividend-2022-08-25,2022,Sibanye Stillwater Declares R39Bn Half Year Dividend,secondary_keyword_only_review,https://www.engineeringnews.co.za/article/sibanye-stillwater-declares-r39bn-half-year-dividend-2022-08-25,retrieved_extracted,,2022-08-25,1011,366160da31610a2202f9cbc0cc1f31fe27be7d0cc22fa5e73eaaf4c6c7f87a18,0,3,,0,,0,0,,0,0,share_price;earnings_results;production_output;transaction;dividend_rights;exploration_project;commodity_market,29,7,false,true,false,strong_routine_no_case_anchor,Routine corporate/financial/production article with no Marikana/Lonmin case anchor.,,,
SEC-MEDIA-0842,Engineering News,https://www.engineeringnews.co.za/article/sibanye-stillwater-delivers-another-record-performance-with-highest-ever-dividend-2022-03-03,https://engineeringnews.co.za/article/sibanye-stillwater-delivers-another-record-performance-with-highest-ever-dividend-2022-03-03,2022,Sibanye Stillwater Delivers Another Record Performance With Highest Ever Dividend,secondary_keyword_only_review,https://www.engineeringnews.co.za/article/sibanye-stillwater-delivers-another-record-performance-with-highest-ever-dividend-2022-03-03,retrieved_extracted,,2022-03-03,1879,73f5da76067d4e19e86d6a658e23c95a8e04b3f0290d7f31ac67d527e6fc2618,0,4,marikana,1,,0,0,community,2,1,share_price;earnings_results;production_output;funding_debt;dividend_rights;exploration_project;commodity_market,44,7,false,true,false,strong_case_context_supported,Body contains a high-specificity Marikana case term reinforced by labour/event/social/governance context.,,,
SEC-MEDIA-0843,Engineering News,https://www.engineeringnews.co.za/article/sibanye-stillwater-delivers-phenomenal-260-return-jse-2020-02-19,https://engineeringnews.co.za/article/sibanye-stillwater-delivers-phenomenal-260-return-jse-2020-02-19,2020,Sibanye Stillwater Delivers Phenomenal 260 Return Jse,secondary_keyword_only_review,https://www.engineeringnews.co.za/article/sibanye-stillwater-delivers-phenomenal-260-return-jse-2020-02-19,retrieved_extracted,,2020-02-19,838,6582f58c53fd07138c9568d7d7926965afbc1e959d9f62ae2f045eeeb05df088,0,9,,0,worker_miner,1,1,community,1,1,share_price;earnings_results;dividend_rights;commodity_market,12,4,false,false,false,sibanye_context_without_case_anchor_review,Sibanye appears with labour/social context but no Marikana/Lonmin anchor; review before exclusion.,,,
SEC-MEDIA-0844,Engineering News,https://www.engineeringnews.co.za/article/sibanye-stillwater-dives-deeper-into-circular-economy-with-155m-deal-2023-11-09,https://engineeringnews.co.za/article/sibanye-stillwater-dives-deeper-into-circular-economy-with-155m-deal-2023-11-09,2023,Sibanye Stillwater Dives Deeper Into Circular Economy With 155M Deal,secondary_keyword_only_review,https://www.engineeringnews.co.za/article/sibanye-stillwater-dives-deeper-into-circular-economy-with-155m-deal-2023-11-09,retrieved_extracted,,2023-11-09,635,c3e20c7bf1ed9e89aecba7bf8da07ddf8be1982ff8bf39f62e599c8c6387dc72,0,4,,0,,0,0,,0,0,earnings_results;production_output;transaction;commodity_market,11,4,false,false,false,ambiguous_secondary_review,Signals are insufficient for a defensible secondary-queue decision.,,,
SEC-MEDIA-0845,Engineering News,https://www.engineeringnews.co.za/article/sibanye-stillwater-doubts-it-will-become-owner-of-worlds-deepest-gold-mine-2020-02-06,https://engineeringnews.co.za/article/sibanye-stillwater-doubts-it-will-become-owner-of-worlds-deepest-gold-mine-2020-02-06,2020,Sibanye Stillwater Doubts It Will Become Owner Of Worlds Deepest Gold Mine,secondary_keyword_only_review,https://www.engineeringnews.co.za/article/sibanye-stillwater-doubts-it-will-become-owner-of-worlds-deepest-gold-mine-2020-02-06,retrieved_extracted,,2020-02-06,727,475ae255df56a6ef4f53692ad3dab0548b4d96576e830b4210704147ba8950d2,0,8,,0,worker_miner,3,1,,0,0,earnings_results;funding_debt;transaction;commodity_market,7,4,false,false,false,ambiguous_secondary_review,Signals are insufficient for a defensible secondary-queue decision.,,,
SEC-MEDIA-0846,Engineering News,https://www.engineeringnews.co.za/article/sibanye-stillwater-earnings-soar-718-r13bn-dividend-declared-2020-08-27,https://engineeringnews.co.za/article/sibanye-stillwater-earnings-soar-718-r13bn-dividend-declared-2020-08-27,2020,Sibanye Stillwater Earnings Soar 718 R13Bn Dividend Declared,secondary_keyword_only_review,https://www.engineeringnews.co.za/article/sibanye-stillwater-earnings-soar-718-r13bn-dividend-declared-2020-08-27,retrieved_extracted,,2020-08-27,1185,ec8997878a155c2f3280d6180664f0b7bb8a30cd19500486eab8595861d988e4,0,4,marikana,7,strike,1,1,community,2,1,share_price;earnings_results;production_output;funding_debt;dividend_rights;exploration_project;commodity_market,40,7,false,true,false,strong_case_context_supported,Body contains a high-specificity Marikana case term reinforced by labour/event/social/governance context.,,,
SEC-MEDIA-0847,Engineering News,https://www.engineeringnews.co.za/article/sibanye-stillwater-expects-to-report-162-yy-rise-in-interim-profit-2021-08-05,https://engineeringnews.co.za/article/sibanye-stillwater-expects-to-report-162-yy-rise-in-interim-profit-2021-08-05,2021,Sibanye Stillwater Expects To Report 162 Yy Rise In Interim Profit,secondary_keyword_only_review,https://www.engineeringnews.co.za/article/sibanye-stillwater-expects-to-report-162-yy-rise-in-interim-profit-2021-08-05,retrieved_extracted,,2021-08-05,764,ad4db2be9416fe7227cb60bf7b66812c1a38c00c939611ebd1c17b7328ad40fd,0,6,marikana,3,worker_miner,3,1,,0,0,share_price;earnings_results;production_output;funding_debt,25,4,false,false,false,case_term_low_context_review,A case term occurs but context is insufficient to distinguish substantive treatment from incidental/place/project use.,,,
SEC-MEDIA-0848,Engineering News,https://www.engineeringnews.co.za/article/sibanye-stillwater-expects-to-report-r444bn-attributable-loss-for-fy17-2018-02-21,https://engineeringnews.co.za/article/sibanye-stillwater-expects-to-report-r444bn-attributable-loss-for-fy17-2018-02-21,2018,Sibanye Stillwater Expects To Report R444Bn Attributable Loss For Fy17,secondary_keyword_only_review,https://www.engineeringnews.co.za/article/sibanye-stillwater-expects-to-report-r444bn-attributable-loss-for-fy17-2018-02-21,retrieved_extracted,,2018-02-21,534,9ac7be887ea214a4a63a9bf2e2797987b6e6dae0be34f36c330c0f8867623629,0,4,,0,worker_miner,1,1,,0,0,share_price;earnings_results;commodity_market,20,3,false,false,false,ambiguous_secondary_review,Signals are insufficient for a defensible secondary-queue decision.,,,
SEC-MEDIA-0849,Engineering News,https://www.engineeringnews.co.za/article/sibanye-stillwater-extends-helping-hand-to-new-century-2023-03-23,https://engineeringnews.co.za/article/sibanye-stillwater-extends-helping-hand-to-new-century-2023-03-23,2023,Sibanye Stillwater Extends Helping Hand To New Century,secondary_keyword_only_review,https://www.engineeringnews.co.za/article/sibanye-stillwater-extends-helping-hand-to-new-century-2023-03-23,retrieved_extracted,,2023-03-23,518,08850b2d188be62e08210c8bda80db2c29c0f5b5351bede66afa7f7129b004c8,0,6,,0,,0,0,,0,0,share_price;earnings_results;production_output;transaction,7,4,false,false,false,ambiguous_secondary_review,Signals are insufficient for a defensible secondary-queue decision.,,,
SEC-MEDIA-0850,Engineering News,https://www.engineeringnews.co.za/article/sibanye-stillwater-eyes-battery-metals-2020-09-10,https://engineeringnews.co.za/article/sibanye-stillwater-eyes-battery-metals-2020-09-10,2020,Sibanye Stillwater Eyes Battery Metals,secondary_keyword_only_review,https://www.engineeringnews.co.za/article/sibanye-stillwater-eyes-battery-metals-2020-09-10,retrieved_extracted,,2020-09-10,1104,74fe436700d0779e76d6faf6c138d7b77c6a4bde6c16b23622617aca89f2638a,0,5,,0,strike;wage,3,2,,0,0,earnings_results;production_output;funding_debt;transaction;exploration_project;commodity_market,20,6,false,false,false,sibanye_context_without_case_anchor_review,Sibanye appears with labour/social context but no Marikana/Lonmin anchor; review before exclusion.,,,
SEC-MEDIA-0851,Engineering News,https://www.engineeringnews.co.za/article/sibanye-stillwater-funding-wits-universitys-carbon-storage-brainstorming-techathon-2023-05-22,https://engineeringnews.co.za/article/sibanye-stillwater-funding-wits-universitys-carbon-storage-brainstorming-techathon-2023-05-22,2023,Sibanye Stillwater Funding Wits Universitys Carbon Storage Brainstorming Techathon,secondary_keyword_only_review,https://www.engineeringnews.co.za/article/sibanye-stillwater-funding-wits-universitys-carbon-storage-brainstorming-techathon-2023-05-22,retrieved_extracted,,2023-05-22,1269,386c4a13af6936c255634678a29100b02c8470a458265e012091818033fd3646,0,4,,0,worker_miner,1,1,,0,0,earnings_results;funding_debt,7,2,false,true,false,strong_routine_no_case_anchor,Routine corporate/financial/production article with no Marikana/Lonmin case anchor.,,,
SEC-MEDIA-0852,Engineering News,https://www.engineeringnews.co.za/article/sibanye-stillwater-funding-wits-universitys-carbon-storage-brainstorming-techathon-2023-06-09,https://engineeringnews.co.za/article/sibanye-stillwater-funding-wits-universitys-carbon-storage-brainstorming-techathon-2023-06-09,2023,Sibanye Stillwater Funding Wits Universitys Carbon Storage Brainstorming Techathon,secondary_keyword_only_review,https://www.engineeringnews.co.za/article/sibanye-stillwater-funding-wits-universitys-carbon-storage-brainstorming-techathon-2023-06-09,retrieved_extracted,,2023-06-09,1270,3c6303a06d6d2527364967548e4937a8826c07773aa36382e9fdf54928e22b24,0,4,,0,worker_miner,1,1,,0,0,earnings_results;funding_debt,7,2,false,true,false,strong_routine_no_case_anchor,Routine corporate/financial/production article with no Marikana/Lonmin case anchor.,,,
SEC-MEDIA-0853,Engineering News,https://www.engineeringnews.co.za/article/sibanye-stillwater-getting-closer-to-reaching-a-wage-settlement-with-unions-2018-11-02,https://engineeringnews.co.za/article/sibanye-stillwater-getting-closer-to-reaching-a-wage-settlement-with-unions-2018-11-02,2018,Sibanye Stillwater Getting Closer To Reaching A Wage Settlement With Unions,secondary_keyword_only_review,https://www.engineeringnews.co.za/article/sibanye-stillwater-getting-closer-to-reaching-a-wage-settlement-with-unions-2018-11-02,retrieved_extracted,,2018-11-02,560,7a2a7c220dfe47716e996636cfb49ace142c2686fcc58461d6e8516474f7c3fa,0,3,,0,worker_miner;wage;union,15,3,,0,0,earnings_results,2,1,false,false,false,sibanye_context_without_case_anchor_review,Sibanye appears with labour/social context but no Marikana/Lonmin anchor; review before exclusion.,,,
SEC-MEDIA-0854,Engineering News,https://www.engineeringnews.co.za/article/sibanye-stillwater-gives-updated-guidance-on-climate-policy-other-esg-matters-2021-06-18,https://engineeringnews.co.za/article/sibanye-stillwater-gives-updated-guidance-on-climate-policy-other-esg-matters-2021-06-18,2021,Sibanye Stillwater Gives Updated Guidance On Climate Policy Other Esg Matters,secondary_keyword_only_review,https://www.engineeringnews.co.za/article/sibanye-stillwater-gives-updated-guidance-on-climate-policy-other-esg-matters-2021-06-18,retrieved_extracted,,2021-06-18,785,2d2b5e2ef93fbf0356b57a866e756c7c65c5e76b5646031c0fa507f0a087cc4c,0,3,,0,,0,0,community,1,1,earnings_results,2,1,false,true,false,sibanye_context_without_case_anchor_review,Sibanye appears with labour/social context but no Marikana/Lonmin anchor; review before exclusion.,,,
SEC-MEDIA-0855,Engineering News,https://www.engineeringnews.co.za/article/sibanye-stillwater-gold-operations-solar-photovoltaic-project-south-africa-2021-10-29,https://engineeringnews.co.za/article/sibanye-stillwater-gold-operations-solar-photovoltaic-project-south-africa-2021-10-29,2021,Sibanye Stillwater Gold Operations Solar Photovoltaic Project South Africa,secondary_keyword_only_review,https://www.engineeringnews.co.za/article/sibanye-stillwater-gold-operations-solar-photovoltaic-project-south-africa-2021-10-29,retrieved_extracted,,2021-10-29,452,da051f20d533df207df441f4cf8dd6dd3babb94140c508954e8f17c2501a33f0,0,5,,0,,0,0,,0,0,earnings_results;funding_debt;exploration_project,12,3,false,true,false,strong_routine_no_case_anchor,Routine corporate/financial/production article with no Marikana/Lonmin case anchor.,,,
SEC-MEDIA-0856,Engineering News,https://www.engineeringnews.co.za/article/sibanye-stillwater-gold-operations-solar-photovoltaic-project-south-africa-2022-03-25,https://engineeringnews.co.za/article/sibanye-stillwater-gold-operations-solar-photovoltaic-project-south-africa-2022-03-25,2022,Sibanye Stillwater Gold Operations Solar Photovoltaic Project South Africa,secondary_keyword_only_review,https://www.engineeringnews.co.za/article/sibanye-stillwater-gold-operations-solar-photovoltaic-project-south-africa-2022-03-25,retrieved_extracted,,2022-03-25,431,368d3bce49a5fb5a730d52c107d81e5a463e874ce8298f71e71db3c134c0f1bd,0,2,,0,,0,0,,0,0,earnings_results;production_output;funding_debt;exploration_project,12,4,false,true,false,strong_routine_no_case_anchor,Routine corporate/financial/production article with no Marikana/Lonmin case anchor.,,,
SEC-MEDIA-0857,Engineering News,https://www.engineeringnews.co.za/article/sibanye-stillwater-gold-operations-solar-photovoltaic-project-south-africa-update-2022-03-18,https://engineeringnews.co.za/article/sibanye-stillwater-gold-operations-solar-photovoltaic-project-south-africa-update-2022-03-18,2022,Sibanye Stillwater Gold Operations Solar Photovoltaic Project South Africa Update,secondary_keyword_only_review,https://www.engineeringnews.co.za/article/sibanye-stillwater-gold-operations-solar-photovoltaic-project-south-africa-update-2022-03-18,retrieved_extracted,,2022-03-18,438,bbfe9c222e86d6902ea2eb3dfc5cd51d0e46e4303740fd9c29a62625e1697431,0,5,,0,,0,0,,0,0,earnings_results;production_output;exploration_project,12,3,false,true,false,strong_routine_no_case_anchor,Routine corporate/financial/production article with no Marikana/Lonmin case anchor.,,,
SEC-MEDIA-0858,Engineering News,https://www.engineeringnews.co.za/article/sibanye-stillwater-gold-operations-solar-photovoltaic-project-south-africa-update-2023-04-07,https://engineeringnews.co.za/article/sibanye-stillwater-gold-operations-solar-photovoltaic-project-south-africa-update-2023-04-07,2023,Sibanye Stillwater Gold Operations Solar Photovoltaic Project South Africa Update,secondary_keyword_only_review,https://www.engineeringnews.co.za/article/sibanye-stillwater-gold-operations-solar-photovoltaic-project-south-africa-update-2023-04-07,retrieved_extracted,,2023-04-07,431,e8e332d1315202bf8b2c4237821243677604cb65477c8d46c58ce5b5fb2fa7dc,0,6,,0,,0,0,,0,0,earnings_results;funding_debt;exploration_project,12,3,false,true,false,strong_routine_no_case_anchor,Routine corporate/financial/production article with no Marikana/Lonmin case anchor.,,,
SEC-MEDIA-0859,Engineering News,https://www.engineeringnews.co.za/article/sibanye-stillwater-gold-operations-solar-photovoltaic-project-south-africa-update-2023-09-22,https://engineeringnews.co.za/article/sibanye-stillwater-gold-operations-solar-photovoltaic-project-south-africa-update-2023-09-22,2023,Sibanye Stillwater Gold Operations Solar Photovoltaic Project South Africa Update,secondary_keyword_only_review,https://www.engineeringnews.co.za/article/sibanye-stillwater-gold-operations-solar-photovoltaic-project-south-africa-update-2023-09-22,retrieved_extracted,,2023-09-22,431,6f3bdaa2e30286612556adec3876fc79d63a941689a1a95bc63d7b10dd183beb,0,6,,0,,0,0,,0,0,earnings_results;funding_debt;exploration_project,12,3,false,true,false,strong_routine_no_case_anchor,Routine corporate/financial/production article with no Marikana/Lonmin case anchor.,,,
SEC-MEDIA-0860,Engineering News,https://www.engineeringnews.co.za/article/sibanye-stillwater-highlights-battery-grade-nickel-sulphate-fetching-price-premium-2022-04-01,https://engineeringnews.co.za/article/sibanye-stillwater-highlights-battery-grade-nickel-sulphate-fetching-price-premium-2022-04-01,2022,Sibanye Stillwater Highlights Battery Grade Nickel Sulphate Fetching Price Premium,secondary_keyword_only_review,https://www.engineeringnews.co.za/article/sibanye-stillwater-highlights-battery-grade-nickel-sulphate-fetching-price-premium-2022-04-01,retrieved_extracted,,2022-04-01,839,bebabbef4b6c47dc2f16c665e9e1e1719779918ec32a3391971e74abbbc095c1,1,9,marikana,1,,0,0,,0,0,share_price;earnings_results;transaction;exploration_project,10,4,false,false,false,case_term_low_context_review,A case term occurs but context is insufficient to distinguish substantive treatment from incidental/place/project use.,,,
SEC-MEDIA-0861,Engineering News,https://www.engineeringnews.co.za/article/sibanye-stillwater-hydrox-holdings-coal-exports-to-china-make-headlines-2021-02-19,https://engineeringnews.co.za/article/sibanye-stillwater-hydrox-holdings-coal-exports-to-china-make-headlines-2021-02-19,2021,Sibanye Stillwater Hydrox Holdings Coal Exports To China Make Headlines,secondary_keyword_only_review,https://www.engineeringnews.co.za/article/sibanye-stillwater-hydrox-holdings-coal-exports-to-china-make-headlines-2021-02-19,retrieved_extracted,,2021-02-19,325,aa7a3952fccfeb807652efce4d6dbc881ab5d516cfa6c0f511aa2e92e2e88082,0,2,,0,,0,0,,0,0,earnings_results,2,1,false,false,false,ambiguous_secondary_review,Signals are insufficient for a defensible secondary-queue decision.,,,
SEC-MEDIA-0862,Engineering News,https://www.engineeringnews.co.za/article/sibanye-stillwater-improves-production-in-second-half-of-2020-2021-01-20,https://engineeringnews.co.za/article/sibanye-stillwater-improves-production-in-second-half-of-2020-2021-01-20,2021,Sibanye Stillwater Improves Production In Second Half Of 2020,secondary_keyword_only_review,https://www.engineeringnews.co.za/article/sibanye-stillwater-improves-production-in-second-half-of-2020-2021-01-20,retrieved_extracted,,2021-01-20,684,c0316ec993aa252ee0dedd59e26b574425b7802f3630fa56aa15567be58823dd,0,5,,0,worker_miner,1,1,,0,0,earnings_results;production_output,15,2,false,true,false,strong_routine_no_case_anchor,Routine corporate/financial/production article with no Marikana/Lonmin case anchor.,,,
SEC-MEDIA-0863,Engineering News,https://www.engineeringnews.co.za/article/sibanye-stillwater-in-talks-over-anglogold-ashantis-mponeng-mine-2019-08-30,https://engineeringnews.co.za/article/sibanye-stillwater-in-talks-over-anglogold-ashantis-mponeng-mine-2019-08-30,2019,Sibanye Stillwater In Talks Over Anglogold Ashantis Mponeng Mine,secondary_keyword_only_review,https://www.engineeringnews.co.za/article/sibanye-stillwater-in-talks-over-anglogold-ashantis-mponeng-mine-2019-08-30,retrieved_extracted,,2019-08-30,404,947ba2625b7190e32da60f63251022714c0d0e2fc01ca1543b6a8dd02cd1abba,0,4,,0,worker_miner,1,1,,0,0,earnings_results;transaction,3,2,false,false,false,ambiguous_secondary_review,Signals are insufficient for a defensible secondary-queue decision.,,,
SEC-MEDIA-0864,Engineering News,https://www.engineeringnews.co.za/article/sibanye-stillwater-in-talks-to-buy-brazil-nickel-and-copper-assets-2021-10-25,https://engineeringnews.co.za/article/sibanye-stillwater-in-talks-to-buy-brazil-nickel-and-copper-assets-2021-10-25,2021,Sibanye Stillwater In Talks To Buy Brazil Nickel And Copper Assets,secondary_keyword_only_review,https://www.engineeringnews.co.za/article/sibanye-stillwater-in-talks-to-buy-brazil-nickel-and-copper-assets-2021-10-25,retrieved_extracted,,2021-10-25,650,82a48df3a9ae03f79e99e0cf5e10fe58d7d637e6843e4e5e9439ba3832fd69b8,0,4,,0,worker_miner,3,1,,0,0,earnings_results;production_output;funding_debt;transaction;exploration_project,15,5,false,false,false,ambiguous_secondary_review,Signals are insufficient for a defensible secondary-queue decision.,,,
SEC-MEDIA-0865,Engineering News,https://www.engineeringnews.co.za/article/sibanye-stillwater-intensifies-pgms-presence-2019-08-23,https://engineeringnews.co.za/article/sibanye-stillwater-intensifies-pgms-presence-2019-08-23,2019,Sibanye Stillwater Intensifies Pgms Presence,secondary_keyword_only_review,https://www.engineeringnews.co.za/article/sibanye-stillwater-intensifies-pgms-presence-2019-08-23,retrieved_extracted,,2019-08-23,1203,ea3445287595cf5274d7c0222a9d48630cb78a68ff8f06c3f484d554444858f6,8,15,,0,,0,0,community,1,1,earnings_results;production_output;transaction;commodity_market,13,4,false,false,false,possible_lonmin_substantive_context,Lonmin appears with labour/event/social/governance signals; direct substantive review is required.,,,
SEC-MEDIA-0866,Engineering News,https://www.engineeringnews.co.za/article/sibanye-stillwater-invests-in-social-development-as-youth-day-approaches-2020-06-12,https://engineeringnews.co.za/article/sibanye-stillwater-invests-in-social-development-as-youth-day-approaches-2020-06-12,2020,Sibanye Stillwater Invests In Social Development As Youth Day Approaches,secondary_keyword_only_review,https://www.engineeringnews.co.za/article/sibanye-stillwater-invests-in-social-development-as-youth-day-approaches-2020-06-12,retrieved_extracted,,2020-06-12,884,319e4a6c629fba21b5f9b988acbb6763e75591eaa07de42883352e37046f400f,0,9,,0,worker_miner;wage,3,2,community,3,1,earnings_results,2,1,false,false,false,sibanye_context_without_case_anchor_review,Sibanye appears with labour/social context but no Marikana/Lonmin anchor; review before exclusion.,,,
SEC-MEDIA-0867,Engineering News,https://www.engineeringnews.co.za/article/sibanye-stillwater-ixs-programme-igniting-innovation-for-the-mining-industry-2023-06-22,https://engineeringnews.co.za/article/sibanye-stillwater-ixs-programme-igniting-innovation-for-the-mining-industry-2023-06-22,2023,Sibanye Stillwater Ixs Programme Igniting Innovation For The Mining Industry,secondary_keyword_only_review,https://www.engineeringnews.co.za/article/sibanye-stillwater-ixs-programme-igniting-innovation-for-the-mining-industry-2023-06-22,retrieved_extracted,,2023-06-22,915,004a3b6d8b24427301810035cc04c3bf793e989982bce4e4286fa4d8223ca69a,0,12,,0,,0,0,,0,0,earnings_results;funding_debt,5,2,false,false,false,ambiguous_secondary_review,Signals are insufficient for a defensible secondary-queue decision.,,,
SEC-MEDIA-0868,Engineering News,https://www.engineeringnews.co.za/article/sibanye-stillwater-launches-programme-to-propel-mining-innovators-entrepreneurs-2021-10-01,https://engineeringnews.co.za/article/sibanye-stillwater-launches-programme-to-propel-mining-innovators-entrepreneurs-2021-10-01,2021,Sibanye Stillwater Launches Programme To Propel Mining Innovators Entrepreneurs,secondary_keyword_only_review,https://www.engineeringnews.co.za/article/sibanye-stillwater-launches-programme-to-propel-mining-innovators-entrepreneurs-2021-10-01,retrieved_extracted,,2021-10-01,930,596d8533abe9fae1695b5a5cbbf287d66dbb594b1b9b0b13de1fe391df78868a,0,10,,0,worker_miner,1,1,housing;community,2,2,earnings_results;funding_debt,5,2,false,false,false,sibanye_context_without_case_anchor_review,Sibanye appears with labour/social context but no Marikana/Lonmin anchor; review before exclusion.,,,
SEC-MEDIA-0869,Engineering News,https://www.engineeringnews.co.za/article/sibanye-stillwater-lifts-pgm-grade-at-brownfields-stillwater-mine-extension-2017-09-15,https://engineeringnews.co.za/article/sibanye-stillwater-lifts-pgm-grade-at-brownfields-stillwater-mine-extension-2017-09-15,2017,Sibanye Stillwater Lifts Pgm Grade At Brownfields Stillwater Mine Extension,secondary_keyword_only_review,https://www.engineeringnews.co.za/article/sibanye-stillwater-lifts-pgm-grade-at-brownfields-stillwater-mine-extension-2017-09-15,retrieved_extracted,,2017-09-15,552,3b7b7f9bc557b67cb8a2cd4998249e1a1d94dd8f6f72e63e2f9aff19e0bd0829,0,3,,0,,0,0,,0,0,earnings_results;production_output;exploration_project,13,3,false,true,false,strong_routine_no_case_anchor,Routine corporate/financial/production article with no Marikana/Lonmin case anchor.,,,
SEC-MEDIA-0870,Engineering News,https://www.engineeringnews.co.za/article/sibanye-stillwater-looking-to-buy-gold-mines-outside-south-africa-2020-09-22,https://engineeringnews.co.za/article/sibanye-stillwater-looking-to-buy-gold-mines-outside-south-africa-2020-09-22,2020,Sibanye Stillwater Looking To Buy Gold Mines Outside South Africa,secondary_keyword_only_review,https://www.engineeringnews.co.za/article/sibanye-stillwater-looking-to-buy-gold-mines-outside-south-africa-2020-09-22,retrieved_extracted,,2020-09-22,384,82db8ca12eacd5d337ba9bcd2ef655366c1de1689f94116428e13bccd633ae69,0,4,,0,,0,0,,0,0,earnings_results;transaction,5,2,false,false,false,ambiguous_secondary_review,Signals are insufficient for a defensible secondary-queue decision.,,,
SEC-MEDIA-0871,Engineering News,https://www.engineeringnews.co.za/article/sibanye-stillwater-makes-battery-metals-entry-2021-02-23,https://engineeringnews.co.za/article/sibanye-stillwater-makes-battery-metals-entry-2021-02-23,2021,Sibanye Stillwater Makes Battery Metals Entry,secondary_keyword_only_review,https://www.engineeringnews.co.za/article/sibanye-stillwater-makes-battery-metals-entry-2021-02-23,retrieved_extracted,,2021-02-23,791,ccb5812a65e2c06288c65d2a8f731c8c991f3dc8929efa59d6dd2719bb41fac6,0,7,,0,worker_miner,1,1,,0,0,earnings_results;production_output;funding_debt;exploration_project,17,4,false,false,false,ambiguous_secondary_review,Signals are insufficient for a defensible secondary-queue decision.,,,
SEC-MEDIA-0872,Engineering News,https://www.engineeringnews.co.za/article/sibanye-stillwater-makes-battery-metals-entry-2021-03-12,https://engineeringnews.co.za/article/sibanye-stillwater-makes-battery-metals-entry-2021-03-12,2021,Sibanye Stillwater Makes Battery Metals Entry,secondary_keyword_only_review,https://www.engineeringnews.co.za/article/sibanye-stillwater-makes-battery-metals-entry-2021-03-12,retrieved_extracted,,2021-03-12,730,46596a671214151da2588a4ff042c18eb39623e37e7edfa30fcf4d3c6a0ba482,0,7,,0,worker_miner,1,1,,0,0,earnings_results;production_output;funding_debt;exploration_project,17,4,false,false,false,ambiguous_secondary_review,Signals are insufficient for a defensible secondary-queue decision.,,,
SEC-MEDIA-0873,Engineering News,https://www.engineeringnews.co.za/article/sibanye-stillwater-makes-leadership-changes-2020-10-05,https://engineeringnews.co.za/article/sibanye-stillwater-makes-leadership-changes-2020-10-05,2020,Sibanye Stillwater Makes Leadership Changes,secondary_keyword_only_review,https://www.engineeringnews.co.za/article/sibanye-stillwater-makes-leadership-changes-2020-10-05,retrieved_extracted,,2020-10-05,605,17d9e5eae7aaa7069f2a809e8d56ee7412f99415e58529fafee9e55165c195cd,1,6,,0,worker_miner;shooting_death,2,2,housing,1,1,earnings_results;funding_debt,3,2,false,false,false,possible_lonmin_substantive_context,Lonmin appears with labour/event/social/governance signals; direct substantive review is required.,,,
SEC-MEDIA-0874,Engineering News,https://www.engineeringnews.co.za/article/sibanye-stillwater-market-update-draws-amcus-fury-2019-01-11,https://engineeringnews.co.za/article/sibanye-stillwater-market-update-draws-amcus-fury-2019-01-11,2019,Sibanye Stillwater Market Update Draws Amcus Fury,secondary_keyword_only_review,https://www.engineeringnews.co.za/article/sibanye-stillwater-market-update-draws-amcus-fury-2019-01-11,retrieved_extracted,,2019-01-11,570,54ff00d3b0033cd54c3d8a78c24c6f3c4b0a60d5e5a0adc7de8af67ae529dbbc,0,8,,0,strike;worker_miner;wage;union,17,4,,0,0,earnings_results;production_output;commodity_market,8,3,false,false,false,sibanye_context_without_case_anchor_review,Sibanye appears with labour/social context but no Marikana/Lonmin anchor; review before exclusion.,,,
SEC-MEDIA-0875,Engineering News,https://www.engineeringnews.co.za/article/sibanye-stillwater-mourns-death-of-south-african-gold-operations-vp-2021-01-19,https://engineeringnews.co.za/article/sibanye-stillwater-mourns-death-of-south-african-gold-operations-vp-2021-01-19,2021,Sibanye Stillwater Mourns Death Of South African Gold Operations Vp,secondary_keyword_only_review,https://www.engineeringnews.co.za/article/sibanye-stillwater-mourns-death-of-south-african-gold-operations-vp-2021-01-19,retrieved_extracted,,2021-01-19,600,cbd6424fe2392508bad15a624609c7cb053811150f3e4e55af836eb75590e645,0,5,,0,worker_miner;shooting_death,2,2,community,1,1,earnings_results;production_output,4,2,false,false,false,sibanye_context_without_case_anchor_review,Sibanye appears with labour/social context but no Marikana/Lonmin anchor; review before exclusion.,,,
SEC-MEDIA-0876,Engineering News,https://www.engineeringnews.co.za/article/sibanye-stillwater-moving-to-radical-transparency-on-public-tailings-disclosure-2021-09-29,https://engineeringnews.co.za/article/sibanye-stillwater-moving-to-radical-transparency-on-public-tailings-disclosure-2021-09-29,2021,Sibanye Stillwater Moving To Radical Transparency On Public Tailings Disclosure,secondary_keyword_only_review,https://www.engineeringnews.co.za/article/sibanye-stillwater-moving-to-radical-transparency-on-public-tailings-disclosure-2021-09-29,retrieved_extracted,,2021-09-29,780,0341b824fd9a931a82d2e812857ca20aaeef5ede5e376ab8ef156fb24b1056b4,0,4,,0,,0,0,community,1,1,earnings_results;exploration_project,19,2,false,true,false,sibanye_context_without_case_anchor_review,Sibanye appears with labour/social context but no Marikana/Lonmin anchor; review before exclusion.,,,
SEC-MEDIA-0877,Engineering News,https://www.engineeringnews.co.za/article/sibanye-stillwater-plans-to-resume-dividend-payments-in-2020-2019-05-16,https://engineeringnews.co.za/article/sibanye-stillwater-plans-to-resume-dividend-payments-in-2020-2019-05-16,2019,Sibanye Stillwater Plans To Resume Dividend Payments In 2020,secondary_keyword_only_review,https://www.engineeringnews.co.za/article/sibanye-stillwater-plans-to-resume-dividend-payments-in-2020-2019-05-16,retrieved_extracted,,2019-05-16,664,8138e00fb6f8e20ce610e0154acafa08b9c1a5bbff7dfc4785f66ec9b85359bd,3,6,,0,strike;worker_miner;wage;union,5,4,,0,0,earnings_results;production_output;funding_debt;transaction;dividend_rights,14,5,false,true,false,strong_lonmin_context_supported,"No high-specificity case term, but Lonmin is repeatedly substantive alongside strong labour/social/governance context.",,,
SEC-MEDIA-0878,Engineering News,https://www.engineeringnews.co.za/article/sibanye-stillwater-platinum-group-metals-operations-solar-photovoltaic-projects-south-africa-update-2022-03-18,https://engineeringnews.co.za/article/sibanye-stillwater-platinum-group-metals-operations-solar-photovoltaic-projects-south-africa-update-2022-03-18,2022,Sibanye Stillwater Platinum Group Metals Operations Solar Photovoltaic Projects South Africa Update,secondary_keyword_only_review,https://www.engineeringnews.co.za/article/sibanye-stillwater-platinum-group-metals-operations-solar-photovoltaic-projects-south-africa-update-2022-03-18,retrieved_extracted,,2022-03-18,459,100d2543e8b28b24ea23730ebcda7ebe9d790d8c94ad5cef95e427104d26ce85,0,6,marikana,2,,0,0,,0,0,earnings_results;exploration_project,12,2,false,true,false,case_name_only_routine_project_or_corporate_signal,"A Marikana-related name occurs, but the article is dominated by routine project/production/corporate context.",,,
SEC-MEDIA-0879,Engineering News,https://www.engineeringnews.co.za/article/sibanye-stillwater-platinum-group-metals-pgms-operations-solar-photovoltaic-projects-south-africa-2021-10-29,https://engineeringnews.co.za/article/sibanye-stillwater-platinum-group-metals-pgms-operations-solar-photovoltaic-projects-south-africa-2021-10-29,2021,Sibanye Stillwater Platinum Group Metals Pgms Operations Solar Photovoltaic Projects South Africa,secondary_keyword_only_review,https://www.engineeringnews.co.za/article/sibanye-stillwater-platinum-group-metals-pgms-operations-solar-photovoltaic-projects-south-africa-2021-10-29,retrieved_extracted,,2021-10-29,459,dcdbfd839e301f51b49db8d996e08dce8b54a461fc277d73a26be80cc534fd16,0,6,marikana,2,,0,0,,0,0,earnings_results;exploration_project,12,2,false,true,false,case_name_only_routine_project_or_corporate_signal,"A Marikana-related name occurs, but the article is dominated by routine project/production/corporate context.",,,
SEC-MEDIA-0880,Engineering News,https://www.engineeringnews.co.za/article/sibanye-stillwater-presells-gold-to-citibank-2019-04-11,https://engineeringnews.co.za/article/sibanye-stillwater-presells-gold-to-citibank-2019-04-11,2019,Sibanye Stillwater Presells Gold To Citibank,secondary_keyword_only_review,https://www.engineeringnews.co.za/article/sibanye-stillwater-presells-gold-to-citibank-2019-04-11,retrieved_extracted,,2019-04-11,599,6438c8f952ec0168d862fbc8057488e594efa8f7bf312a7d206270ec8ff91109,1,5,,0,strike;worker_miner;wage;union,5,4,,0,0,share_price;earnings_results;production_output;transaction,6,4,false,false,false,possible_lonmin_substantive_context,Lonmin appears with labour/event/social/governance signals; direct substantive review is required.,,,
SEC-MEDIA-0881,Engineering News,https://www.engineeringnews.co.za/article/sibanye-stillwater-presells-gold-to-citibank-2019-04-26,https://engineeringnews.co.za/article/sibanye-stillwater-presells-gold-to-citibank-2019-04-26,2019,Sibanye Stillwater Presells Gold To Citibank,secondary_keyword_only_review,https://www.engineeringnews.co.za/article/sibanye-stillwater-presells-gold-to-citibank-2019-04-26,retrieved_extracted,,2019-04-26,547,3b2830c01c12372e0d48b2fd83168052683c3c7dc8ef0e4f49061df87abf189d,0,4,,0,strike;worker_miner;wage;union,5,4,,0,0,share_price;earnings_results;production_output,4,3,false,false,false,sibanye_context_without_case_anchor_review,Sibanye appears with labour/social context but no Marikana/Lonmin anchor; review before exclusion.,,,
SEC-MEDIA-0882,Engineering News,https://www.engineeringnews.co.za/article/sibanye-stillwater-prices-12bn-senior-notes-offering-2021-11-10,https://engineeringnews.co.za/article/sibanye-stillwater-prices-12bn-senior-notes-offering-2021-11-10,2021,Sibanye Stillwater Prices 12Bn Senior Notes Offering,secondary_keyword_only_review,https://www.engineeringnews.co.za/article/sibanye-stillwater-prices-12bn-senior-notes-offering-2021-11-10,retrieved_extracted,,2021-11-10,563,e8a4bcb21fe06bf14b6e74f86ce237d3b4ba633e6515faf8fe58cc14a402f045,0,3,,0,worker_miner,1,1,,0,0,earnings_results;funding_debt,8,2,false,false,false,ambiguous_secondary_review,Signals are insufficient for a defensible secondary-queue decision.,,,
SEC-MEDIA-0883,Engineering News,https://www.engineeringnews.co.za/article/sibanye-stillwater-profit-soars-free-cash-rockets-r94bn-dividend-2021-02-18,https://engineeringnews.co.za/article/sibanye-stillwater-profit-soars-free-cash-rockets-r94bn-dividend-2021-02-18,2021,Sibanye Stillwater Profit Soars Free Cash Rockets R94Bn Dividend,secondary_keyword_only_review,https://www.engineeringnews.co.za/article/sibanye-stillwater-profit-soars-free-cash-rockets-r94bn-dividend-2021-02-18,retrieved_extracted,,2021-02-18,1064,1e11b7fa4edc16c6a052619cce0370b50e63e6bfc8f72b564ecb9efae37ee794,0,5,,0,,0,0,,0,0,share_price;earnings_results;production_output;funding_debt;dividend_rights;commodity_market,31,6,false,true,false,strong_routine_no_case_anchor,Routine corporate/financial/production article with no Marikana/Lonmin case anchor.,,,
SEC-MEDIA-0884,Engineering News,https://www.engineeringnews.co.za/article/sibanye-stillwater-provides-full-bursaries-to-12-top-matriculants-2021-02-26,https://engineeringnews.co.za/article/sibanye-stillwater-provides-full-bursaries-to-12-top-matriculants-2021-02-26,2021,Sibanye Stillwater Provides Full Bursaries To 12 Top Matriculants,secondary_keyword_only_review,https://www.engineeringnews.co.za/article/sibanye-stillwater-provides-full-bursaries-to-12-top-matriculants-2021-02-26,retrieved_extracted,,2021-02-26,407,ded75a47b05150e9b5371aa7cbc6f1e77caf58f214e2b3008f67189cca6423d9,0,4,,0,worker_miner,1,1,,0,0,earnings_results,3,1,false,false,false,ambiguous_secondary_review,Signals are insufficient for a defensible secondary-queue decision.,,,
SEC-MEDIA-0885,Engineering News,https://www.engineeringnews.co.za/article/sibanye-stillwater-pushes-green-metals-strategy-with-1bn-nickelcopper-buy-2021-11-12,https://engineeringnews.co.za/article/sibanye-stillwater-pushes-green-metals-strategy-with-1bn-nickelcopper-buy-2021-11-12,2021,Sibanye Stillwater Pushes Green Metals Strategy With 1Bn Nickelcopper Buy,secondary_keyword_only_review,https://www.engineeringnews.co.za/article/sibanye-stillwater-pushes-green-metals-strategy-with-1bn-nickelcopper-buy-2021-11-12,retrieved_extracted,,2021-11-12,911,4cea8828b3689eee293c2472bcef8f2b0248ac1a4a59b8e459e6290ed4594dfd,0,7,,0,wage,1,1,,0,0,earnings_results;production_output;transaction;exploration_project,13,4,false,false,false,ambiguous_secondary_review,Signals are insufficient for a defensible secondary-queue decision.,,,
SEC-MEDIA-0886,Engineering News,https://www.engineeringnews.co.za/article/sibanye-stillwater-raises-2018-expected-loss-to-r25bn-2019-02-20,https://engineeringnews.co.za/article/sibanye-stillwater-raises-2018-expected-loss-to-r25bn-2019-02-20,2019,Sibanye Stillwater Raises 2018 Expected Loss To R25Bn,secondary_keyword_only_review,https://www.engineeringnews.co.za/article/sibanye-stillwater-raises-2018-expected-loss-to-r25bn-2019-02-20,retrieved_extracted,,2019-02-20,547,bb88e94f20b111dd5f488b76319d9428da5cb00cf040e2143a040f40de2df454,0,5,,0,worker_miner,1,1,,0,0,share_price;earnings_results,15,2,false,false,false,ambiguous_secondary_review,Signals are insufficient for a defensible secondary-queue decision.,,,
SEC-MEDIA-0887,Engineering News,https://www.engineeringnews.co.za/article/sibanye-stillwater-ratifies-new-wage-agreement-at-montana-mine-2022-02-23,https://engineeringnews.co.za/article/sibanye-stillwater-ratifies-new-wage-agreement-at-montana-mine-2022-02-23,2022,Sibanye Stillwater Ratifies New Wage Agreement At Montana Mine,secondary_keyword_only_review,https://www.engineeringnews.co.za/article/sibanye-stillwater-ratifies-new-wage-agreement-at-montana-mine-2022-02-23,retrieved_extracted,,2022-02-23,417,a968a9a938349f00e3e8e8681f1f0034fc98242cc0ff9894bb235846db3bcbfe,0,2,,0,worker_miner;wage,3,2,,0,0,earnings_results,2,1,false,false,false,sibanye_context_without_case_anchor_review,Sibanye appears with labour/social context but no Marikana/Lonmin anchor; review before exclusion.,,,
SEC-MEDIA-0888,Engineering News,https://www.engineeringnews.co.za/article/sibanye-stillwater-receives-iso-27001-certification-2023-05-02,https://engineeringnews.co.za/article/sibanye-stillwater-receives-iso-27001-certification-2023-05-02,2023,Sibanye Stillwater Receives Iso 27001 Certification,secondary_keyword_only_review,https://www.engineeringnews.co.za/article/sibanye-stillwater-receives-iso-27001-certification-2023-05-02,retrieved_extracted,,2023-05-02,503,a95d41efd26f1d57e08b333d02fea0575c5abe9e3e8ee2da61b1578c965c0a23,0,4,,0,,0,0,,0,0,earnings_results,2,1,false,false,false,ambiguous_secondary_review,Signals are insufficient for a defensible secondary-queue decision.,,,
SEC-MEDIA-0889,Engineering News,https://www.engineeringnews.co.za/article/sibanye-stillwater-receives-keliber-environmental-permit-2023-02-06,https://engineeringnews.co.za/article/sibanye-stillwater-receives-keliber-environmental-permit-2023-02-06,2023,Sibanye Stillwater Receives Keliber Environmental Permit,secondary_keyword_only_review,https://www.engineeringnews.co.za/article/sibanye-stillwater-receives-keliber-environmental-permit-2023-02-06,retrieved_extracted,,2023-02-06,559,ec083e67552fde914de17a0656ae028baedbe0d1297c5a373a4d2ff9c87c56ef,0,4,,0,,0,0,,0,0,earnings_results;transaction;exploration_project,7,3,false,false,false,ambiguous_secondary_review,Signals are insufficient for a defensible secondary-queue decision.,,,
SEC-MEDIA-0890,Engineering News,https://www.engineeringnews.co.za/article/sibanye-stillwater-receives-recognition-for-stillwater-acquisition-2018-06-08,https://engineeringnews.co.za/article/sibanye-stillwater-receives-recognition-for-stillwater-acquisition-2018-06-08,2018,Sibanye Stillwater Receives Recognition For Stillwater Acquisition,secondary_keyword_only_review,https://www.engineeringnews.co.za/article/sibanye-stillwater-receives-recognition-for-stillwater-acquisition-2018-06-08,retrieved_extracted,,2018-06-08,446,8428b91700404c6aaa663dfd5a667b424e6d54e356a2f96cd91b31621c0c6777,0,4,,0,worker_miner,1,1,,0,0,earnings_results;transaction,6,2,false,true,false,strong_routine_no_case_anchor,Routine corporate/financial/production article with no Marikana/Lonmin case anchor.,,,
SEC-MEDIA-0891,Engineering News,https://www.engineeringnews.co.za/article/sibanye-stillwater-receives-sa-innovation-league-award-2022-05-20,https://engineeringnews.co.za/article/sibanye-stillwater-receives-sa-innovation-league-award-2022-05-20,2022,Sibanye Stillwater Receives Sa Innovation League Award,secondary_keyword_only_review,https://www.engineeringnews.co.za/article/sibanye-stillwater-receives-sa-innovation-league-award-2022-05-20,retrieved_extracted,,2022-05-20,705,dd398d7a3f90045808fc8ef17c239a853b2002f370521f952519f16bd4ba349c,0,6,,0,worker_miner,1,1,community,1,1,earnings_results,2,1,false,false,false,sibanye_context_without_case_anchor_review,Sibanye appears with labour/social context but no Marikana/Lonmin anchor; review before exclusion.,,,
SEC-MEDIA-0892,Engineering News,https://www.engineeringnews.co.za/article/sibanye-stillwater-records-third-best-earnings-as-it-celebrates-tenth-anniversary-2023-02-28,https://engineeringnews.co.za/article/sibanye-stillwater-records-third-best-earnings-as-it-celebrates-tenth-anniversary-2023-02-28,2023,Sibanye Stillwater Records Third Best Earnings As It Celebrates Tenth Anniversary,secondary_keyword_only_review,https://www.engineeringnews.co.za/article/sibanye-stillwater-records-third-best-earnings-as-it-celebrates-tenth-anniversary-2023-02-28,retrieved_extracted,,2023-02-28,968,184871023feeb303d8cd189d85819732315f202c3dfa69871e25fb5bf77455c8,0,3,,0,wage,5,1,community,2,1,share_price;earnings_results;dividend_rights;commodity_market,26,4,false,true,true,sibanye_context_without_case_anchor_review,Sibanye appears with labour/social context but no Marikana/Lonmin anchor; review before exclusion.,,,
SEC-MEDIA-0893,Engineering News,https://www.engineeringnews.co.za/article/sibanye-stillwater-refinances-increases-us-dollar-revolving-credit-facility-2018-04-06,https://engineeringnews.co.za/article/sibanye-stillwater-refinances-increases-us-dollar-revolving-credit-facility-2018-04-06,2018,Sibanye Stillwater Refinances Increases Us Dollar Revolving Credit Facility,secondary_keyword_only_review,https://www.engineeringnews.co.za/article/sibanye-stillwater-refinances-increases-us-dollar-revolving-credit-facility-2018-04-06,retrieved_extracted,,2018-04-06,435,0776dd07d1b91349c8ce666434b9b53e7951171e6dc2c379535d8ed1f9a5ffd2,0,5,,0,worker_miner,1,1,,0,0,earnings_results;funding_debt,6,2,false,false,false,ambiguous_secondary_review,Signals are insufficient for a defensible secondary-queue decision.,,,
SEC-MEDIA-0894,Engineering News,https://www.engineeringnews.co.za/article/sibanye-stillwater-releases-suite-of-reports-will-hold-virtual-agm-2020-04-22,https://engineeringnews.co.za/article/sibanye-stillwater-releases-suite-of-reports-will-hold-virtual-agm-2020-04-22,2020,Sibanye Stillwater Releases Suite Of Reports Will Hold Virtual Agm,secondary_keyword_only_review,https://www.engineeringnews.co.za/article/sibanye-stillwater-releases-suite-of-reports-will-hold-virtual-agm-2020-04-22,retrieved_extracted,,2020-04-22,577,d46ae4552caf4d24845016c8c6c52595f4d07c3b9e73626101df3a4cfc939416,0,3,,0,,0,0,commission_inquiry,1,1,share_price;earnings_results,4,2,false,false,false,sibanye_context_without_case_anchor_review,Sibanye appears with labour/social context but no Marikana/Lonmin anchor; review before exclusion.,,,
SEC-MEDIA-0895,Engineering News,https://www.engineeringnews.co.za/article/sibanye-stillwater-reports-fatality-at-driefontein-mine-2018-02-13,https://engineeringnews.co.za/article/sibanye-stillwater-reports-fatality-at-driefontein-mine-2018-02-13,2018,Sibanye Stillwater Reports Fatality At Driefontein Mine,secondary_keyword_only_review,https://www.engineeringnews.co.za/article/sibanye-stillwater-reports-fatality-at-driefontein-mine-2018-02-13,retrieved_extracted,,2018-02-13,406,b6be3c4555e86dd9e96dede7be51c147335f78a7327af33d252a12660130fe86,0,4,,0,worker_miner;shooting_death;union,5,3,,0,0,earnings_results,3,1,false,false,false,sibanye_context_without_case_anchor_review,Sibanye appears with labour/social context but no Marikana/Lonmin anchor; review before exclusion.,,,
SEC-MEDIA-0896,Engineering News,https://www.engineeringnews.co.za/article/sibanye-stillwater-reports-fatality-at-driefontein-ops-2018-05-03,https://engineeringnews.co.za/article/sibanye-stillwater-reports-fatality-at-driefontein-ops-2018-05-03,2018,Sibanye Stillwater Reports Fatality At Driefontein Ops,secondary_keyword_only_review,https://www.engineeringnews.co.za/article/sibanye-stillwater-reports-fatality-at-driefontein-ops-2018-05-03,retrieved_extracted,,2018-05-03,461,1c65a229cd3b938e760fc8601d0c33225f91ab20388f5038061367091fa52417,0,2,,0,worker_miner;union,6,2,,0,0,earnings_results;production_output,3,2,false,false,false,sibanye_context_without_case_anchor_review,Sibanye appears with labour/social context but no Marikana/Lonmin anchor; review before exclusion.,,,
SEC-MEDIA-0897,Engineering News,https://www.engineeringnews.co.za/article/sibanye-stillwater-says-operational-recovery-progressing-well-2020-10-29,https://engineeringnews.co.za/article/sibanye-stillwater-says-operational-recovery-progressing-well-2020-10-29,2020,Sibanye Stillwater Says Operational Recovery Progressing Well,secondary_keyword_only_review,https://www.engineeringnews.co.za/article/sibanye-stillwater-says-operational-recovery-progressing-well-2020-10-29,retrieved_extracted,,2020-10-29,937,81cdda43c4485ba9dd745fa5f30d4c8ae98ddb9113d90aa17e255a9571516a22,0,5,,0,worker_miner;wage,8,2,,0,0,earnings_results;production_output;exploration_project,17,3,false,false,false,sibanye_context_without_case_anchor_review,Sibanye appears with labour/social context but no Marikana/Lonmin anchor; review before exclusion.,,,
SEC-MEDIA-0898,Engineering News,https://www.engineeringnews.co.za/article/sibanye-stillwater-shares-rise-on-deleveraging-plan-2018-05-31,https://engineeringnews.co.za/article/sibanye-stillwater-shares-rise-on-deleveraging-plan-2018-05-31,2018,Sibanye Stillwater Shares Rise On Deleveraging Plan,secondary_keyword_only_review,https://www.engineeringnews.co.za/article/sibanye-stillwater-shares-rise-on-deleveraging-plan-2018-05-31,retrieved_extracted,,2018-05-31,634,1b3f52d5b4ae74c8e5f7525cc7e351276ed1ce8a6f069e547b64072bf683120e,2,3,,0,,0,0,,0,0,share_price;earnings_results;production_output;funding_debt;transaction,18,5,false,false,false,lonmin_low_context_review,Lonmin occurs in the body but without enough case/labour/social context for a defensible decision.,,,
SEC-MEDIA-0899,Engineering News,https://www.engineeringnews.co.za/article/sibanye-stillwater-shoots-lights-out-with-super-record-performance-2021-08-26,https://engineeringnews.co.za/article/sibanye-stillwater-shoots-lights-out-with-super-record-performance-2021-08-26,2021,Sibanye Stillwater Shoots Lights Out With Super Record Performance,secondary_keyword_only_review,https://www.engineeringnews.co.za/article/sibanye-stillwater-shoots-lights-out-with-super-record-performance-2021-08-26,retrieved_extracted,,2021-08-26,671,76f07f11de78ffadc4e491d5893c5760efc58e263847b8095065382a0f3886e3,0,2,,0,wage,1,1,,0,0,share_price;earnings_results;production_output;funding_debt;dividend_rights;commodity_market,24,6,false,false,false,ambiguous_secondary_review,Signals are insufficient for a defensible secondary-queue decision.,,,
SEC-MEDIA-0900,Engineering News,https://www.engineeringnews.co.za/article/sibanye-stillwater-signals-half-year-earnings-decline-2022-08-17,https://engineeringnews.co.za/article/sibanye-stillwater-signals-half-year-earnings-decline-2022-08-17,2022,Sibanye Stillwater Signals Half Year Earnings Decline,secondary_keyword_only_review,https://www.engineeringnews.co.za/article/sibanye-stillwater-signals-half-year-earnings-decline-2022-08-17,retrieved_extracted,,2022-08-17,876,3fcddf378972d1e1cfcbecb01a81d8c9b00f136ff75e1a48400b18f8a9736302,0,4,marikana,1,,0,0,,0,0,share_price;earnings_results;production_output;transaction;exploration_project;commodity_market,27,6,false,true,false,case_name_only_routine_project_or_corporate_signal,"A Marikana-related name occurs, but the article is dominated by routine project/production/corporate context.",,,
SEC-MEDIA-0901,Engineering News,https://www.engineeringnews.co.za/article/sibanye-stillwater-south-african-platinum-group-metals-operations-solar-photovoltaic-projects-south-africa-update-2023-04-07,https://engineeringnews.co.za/article/sibanye-stillwater-south-african-platinum-group-metals-operations-solar-photovoltaic-projects-south-africa-update-2023-04-07,2023,Sibanye Stillwater South African Platinum Group Metals Operations Solar Photovoltaic Projects South Africa Update,secondary_keyword_only_review,https://www.engineeringnews.co.za/article/sibanye-stillwater-south-african-platinum-group-metals-operations-solar-photovoltaic-projects-south-africa-update-2023-04-07,retrieved_extracted,,2023-04-07,469,32c6e9a5c5cc60739694cf1b28116d39939f0879e7d90154fb3c7dd869578bb9,0,7,marikana,2,,0,0,,0,0,earnings_results;exploration_project,11,2,false,true,false,case_name_only_routine_project_or_corporate_signal,"A Marikana-related name occurs, but the article is dominated by routine project/production/corporate context.",,,
SEC-MEDIA-0902,Engineering News,https://www.engineeringnews.co.za/article/sibanye-stillwater-south-african-platinum-group-metals-operations-solar-photovoltaic-projects-south-africa-update-2023-09-22,https://engineeringnews.co.za/article/sibanye-stillwater-south-african-platinum-group-metals-operations-solar-photovoltaic-projects-south-africa-update-2023-09-22,2023,Sibanye Stillwater South African Platinum Group Metals Operations Solar Photovoltaic Projects South Africa Update,secondary_keyword_only_review,https://www.engineeringnews.co.za/article/sibanye-stillwater-south-african-platinum-group-metals-operations-solar-photovoltaic-projects-south-africa-update-2023-09-22,retrieved_extracted,,2023-09-22,466,2dd494e19c2159918c45aac4129f3c33b5a4fa51426cb8a6ede103ae1c5a6dc3,0,7,marikana,2,,0,0,,0,0,earnings_results;exploration_project,11,2,false,true,false,case_name_only_routine_project_or_corporate_signal,"A Marikana-related name occurs, but the article is dominated by routine project/production/corporate context.",,,
SEC-MEDIA-0903,Engineering News,https://www.engineeringnews.co.za/article/sibanye-stillwater-ssw-platinum-group-metals-operations-solar-photovoltaic-projects-south-africa-update-2022-03-25,https://engineeringnews.co.za/article/sibanye-stillwater-ssw-platinum-group-metals-operations-solar-photovoltaic-projects-south-africa-update-2022-03-25,2022,Sibanye Stillwater Ssw Platinum Group Metals Operations Solar Photovoltaic Projects South Africa Update,secondary_keyword_only_review,https://www.engineeringnews.co.za/article/sibanye-stillwater-ssw-platinum-group-metals-operations-solar-photovoltaic-projects-south-africa-update-2022-03-25,retrieved_extracted,,2022-03-25,482,5d0b6bf7a2fa0a18d834aed48fc70637144285ceaa2bc765d2b70708435e255d,0,5,marikana,2,,0,0,,0,0,earnings_results;exploration_project,12,2,false,true,false,case_name_only_routine_project_or_corporate_signal,"A Marikana-related name occurs, but the article is dominated by routine project/production/corporate context.",,,
SEC-MEDIA-0904,Engineering News,https://www.engineeringnews.co.za/article/sibanye-stillwater-to-build-houses-in-free-state-2019-03-13,https://engineeringnews.co.za/article/sibanye-stillwater-to-build-houses-in-free-state-2019-03-13,2019,Sibanye Stillwater To Build Houses In Free State,secondary_keyword_only_review,https://www.engineeringnews.co.za/article/sibanye-stillwater-to-build-houses-in-free-state-2019-03-13,retrieved_extracted,,2019-03-13,620,7cb9fb7eda1c86e15348ba4b582e49d732a4f6720de9a61ef6e4622a470c2bb3,0,8,,0,,0,0,housing;community;slp,6,3,earnings_results;exploration_project,8,2,false,false,false,sibanye_context_without_case_anchor_review,Sibanye appears with labour/social context but no Marikana/Lonmin anchor; review before exclusion.,,,
SEC-MEDIA-0905,Engineering News,https://www.engineeringnews.co.za/article/sibanye-stillwater-to-hold-agm-electronically-2020-05-19,https://engineeringnews.co.za/article/sibanye-stillwater-to-hold-agm-electronically-2020-05-19,2020,Sibanye Stillwater To Hold Agm Electronically,secondary_keyword_only_review,https://www.engineeringnews.co.za/article/sibanye-stillwater-to-hold-agm-electronically-2020-05-19,retrieved_extracted,,2020-05-19,617,67a82aefb6f885980ce967d14bbe3e1855601cde31cbd6615d8c3976e31ddd11,0,6,,0,,0,0,,0,0,share_price;earnings_results,5,2,false,false,false,ambiguous_secondary_review,Signals are insufficient for a defensible secondary-queue decision.,,,
SEC-MEDIA-0906,Engineering News,https://www.engineeringnews.co.za/article/sibanye-stillwater-to-start-search-for-new-audit-firm-2018-05-04,https://engineeringnews.co.za/article/sibanye-stillwater-to-start-search-for-new-audit-firm-2018-05-04,2018,Sibanye Stillwater To Start Search For New Audit Firm,secondary_keyword_only_review,https://www.engineeringnews.co.za/article/sibanye-stillwater-to-start-search-for-new-audit-firm-2018-05-04,retrieved_extracted,,2018-05-04,379,6bd04f353c27ccb85f1e116fc1316b3b5c5ff1d4c22ee39765b105d51bb72071,0,4,,0,worker_miner,1,1,,0,0,earnings_results,2,1,false,false,false,ambiguous_secondary_review,Signals are insufficient for a defensible secondary-queue decision.,,,
SEC-MEDIA-0907,Engineering News,https://www.engineeringnews.co.za/article/sibanye-stillwater-to-swing-to-h1-profit-2018-08-03,https://engineeringnews.co.za/article/sibanye-stillwater-to-swing-to-h1-profit-2018-08-03,2018,Sibanye Stillwater To Swing To H1 Profit,secondary_keyword_only_review,https://www.engineeringnews.co.za/article/sibanye-stillwater-to-swing-to-h1-profit-2018-08-03,retrieved_extracted,,2018-08-03,696,ec82387009933a1f1875eeefe077cc40dd1a0590ce8b181a3aa14f622b3280c3,0,5,,0,,0,0,,0,0,share_price;earnings_results;production_output,19,3,false,false,false,ambiguous_secondary_review,Signals are insufficient for a defensible secondary-queue decision.,,,
SEC-MEDIA-0908,Engineering News,https://www.engineeringnews.co.za/article/sibanye-stillwater-top-brass-donate-third-of-pay-to-covid-19-fund-2020-05-01,https://engineeringnews.co.za/article/sibanye-stillwater-top-brass-donate-third-of-pay-to-covid-19-fund-2020-05-01,2020,Sibanye Stillwater Top Brass Donate Third Of Pay To Covid 19 Fund,secondary_keyword_only_review,https://www.engineeringnews.co.za/article/sibanye-stillwater-top-brass-donate-third-of-pay-to-covid-19-fund-2020-05-01,retrieved_extracted,,2020-05-01,655,75d0f61912439650ee946fecdbea07b89cb29be4dddb7ed60ef4ba3f3f30f4f2,0,5,,0,wage,2,1,community,1,1,earnings_results,2,1,false,false,false,sibanye_context_without_case_anchor_review,Sibanye appears with labour/social context but no Marikana/Lonmin anchor; review before exclusion.,,,
SEC-MEDIA-0909,Engineering News,https://www.engineeringnews.co.za/article/sibanye-stillwater-top-brass-donate-third-of-pay-to-solidarity-covid-19-fund-2020-04-13,https://engineeringnews.co.za/article/sibanye-stillwater-top-brass-donate-third-of-pay-to-solidarity-covid-19-fund-2020-04-13,2020,Sibanye Stillwater Top Brass Donate Third Of Pay To Solidarity Covid 19 Fund,secondary_keyword_only_review,https://www.engineeringnews.co.za/article/sibanye-stillwater-top-brass-donate-third-of-pay-to-solidarity-covid-19-fund-2020-04-13,retrieved_extracted,,2020-04-13,666,6ee76ac6eb94c4561069cac5f459ec9191fd88f69aad9f88c871e4a79467afb6,0,5,,0,wage,2,1,community,1,1,earnings_results,2,1,false,false,false,sibanye_context_without_case_anchor_review,Sibanye appears with labour/social context but no Marikana/Lonmin anchor; review before exclusion.,,,
SEC-MEDIA-0910,Engineering News,https://www.engineeringnews.co.za/article/sibanye-stillwater-trade-unions-ink-three-year-wage-agreement-for-kroondal-2020-10-23,https://engineeringnews.co.za/article/sibanye-stillwater-trade-unions-ink-three-year-wage-agreement-for-kroondal-2020-10-23,2020,Sibanye Stillwater Trade Unions Ink Three Year Wage Agreement For Kroondal,secondary_keyword_only_review,https://www.engineeringnews.co.za/article/sibanye-stillwater-trade-unions-ink-three-year-wage-agreement-for-kroondal-2020-10-23,retrieved_extracted,,2020-10-23,488,515d3a707f27a52b87ebb0bcc25706d7a8161d902b8ab542e2d6d05bce8f13ba,0,4,,0,worker_miner;wage;union,12,3,,0,0,earnings_results,3,1,false,false,false,sibanye_context_without_case_anchor_review,Sibanye appears with labour/social context but no Marikana/Lonmin anchor; review before exclusion.,,,
SEC-MEDIA-0911,Engineering News,https://www.engineeringnews.co.za/article/sibanye-stillwater-unions-agree-on-three-year-wage-deal-for-kroondal-2017-11-09,https://engineeringnews.co.za/article/sibanye-stillwater-unions-agree-on-three-year-wage-deal-for-kroondal-2017-11-09,2017,Sibanye Stillwater Unions Agree On Three Year Wage Deal For Kroondal,secondary_keyword_only_review,https://www.engineeringnews.co.za/article/sibanye-stillwater-unions-agree-on-three-year-wage-deal-for-kroondal-2017-11-09,retrieved_extracted,,2017-11-09,467,c7d002bb2dc4eae537586d8ff9843eb0071d9ab9902291a7e2aec94c961d9626,0,3,,0,worker_miner;wage;union,13,3,,0,0,earnings_results,2,1,false,false,false,sibanye_context_without_case_anchor_review,Sibanye appears with labour/social context but no Marikana/Lonmin anchor; review before exclusion.,,,
SEC-MEDIA-0912,Engineering News,https://www.engineeringnews.co.za/article/sibanye-stillwater-welcomes-pragmatic-partial-mining-resumption-2020-04-23,https://engineeringnews.co.za/article/sibanye-stillwater-welcomes-pragmatic-partial-mining-resumption-2020-04-23,2020,Sibanye Stillwater Welcomes Pragmatic Partial Mining Resumption,secondary_keyword_only_review,https://www.engineeringnews.co.za/article/sibanye-stillwater-welcomes-pragmatic-partial-mining-resumption-2020-04-23,retrieved_extracted,,2020-04-23,820,d9bbaad816dec03a4583eeaf0f2d9c6ac6f9c798a2306195644e12bf9431b5eb,1,4,marikana,1,,0,0,community,1,1,earnings_results;production_output;exploration_project,5,3,false,false,false,strong_case_context_supported,Body contains a high-specificity Marikana case term reinforced by labour/event/social/governance context.,,,
SEC-MEDIA-0913,Engineering News,https://www.engineeringnews.co.za/article/sibanye-stillwater-wins-ma-advisor-award-for-acquisition-of-stillwater-2018-05-02,https://engineeringnews.co.za/article/sibanye-stillwater-wins-ma-advisor-award-for-acquisition-of-stillwater-2018-05-02,2018,Sibanye Stillwater Wins Ma Advisor Award For Acquisition Of Stillwater,secondary_keyword_only_review,https://www.engineeringnews.co.za/article/sibanye-stillwater-wins-ma-advisor-award-for-acquisition-of-stillwater-2018-05-02,retrieved_extracted,,2018-05-02,464,e4a84cfd3a5b9c360b215ae2ad09a78363f1b4bb68316473bfeb76944894ba5b,0,4,,0,,0,0,,0,0,earnings_results;transaction;commodity_market,8,3,false,true,false,strong_routine_no_case_anchor,Routine corporate/financial/production article with no Marikana/Lonmin case anchor.,,,
SEC-MEDIA-0914,Engineering News,https://www.engineeringnews.co.za/article/sibanye-stillwater-wits-partner-to-digitalise-mining-industry-2018-03-28,https://engineeringnews.co.za/article/sibanye-stillwater-wits-partner-to-digitalise-mining-industry-2018-03-28,2018,Sibanye Stillwater Wits Partner To Digitalise Mining Industry,secondary_keyword_only_review,https://www.engineeringnews.co.za/article/sibanye-stillwater-wits-partner-to-digitalise-mining-industry-2018-03-28,retrieved_extracted,,2018-03-28,963,962267e440f8e0449a89bf613fb0b244dd87401e137ea1daf441c6ccca34aac0,0,6,,0,worker_miner,2,1,,0,0,share_price;earnings_results;production_output;exploration_project,5,4,false,false,false,ambiguous_secondary_review,Signals are insufficient for a defensible secondary-queue decision.,,,
SEC-MEDIA-0915,Engineering News,https://www.engineeringnews.co.za/article/sibanye-stillwater-wits-partner-to-digitalise-mining-industry-2018-04-05,https://engineeringnews.co.za/article/sibanye-stillwater-wits-partner-to-digitalise-mining-industry-2018-04-05,2018,Sibanye Stillwater Wits Partner To Digitalise Mining Industry,secondary_keyword_only_review,https://www.engineeringnews.co.za/article/sibanye-stillwater-wits-partner-to-digitalise-mining-industry-2018-04-05,retrieved_extracted,,2018-04-05,266,c720aba17fa78b1ef7a4987b341682d4d662d137b980f591e44c2966b3dcd7ca,0,0,,0,,0,0,,0,0,earnings_results,2,1,false,false,false,no_case_anchor,"Extracted article text contains no Marikana, Lonmin or Sibanye anchor.",,,
SEC-MEDIA-0916,Engineering News,https://www.engineeringnews.co.za/article/sibanye-stillwaters-first-quarter-earnings-increase-despite-covid-19-disruptions-2021-05-06,https://engineeringnews.co.za/article/sibanye-stillwaters-first-quarter-earnings-increase-despite-covid-19-disruptions-2021-05-06,2021,Sibanye Stillwaters First Quarter Earnings Increase Despite Covid 19 Disruptions,secondary_keyword_only_review,https://www.engineeringnews.co.za/article/sibanye-stillwaters-first-quarter-earnings-increase-despite-covid-19-disruptions-2021-05-06,retrieved_extracted,,2021-05-06,948,4a7a48a91629fff563953de2da5dc1edfce04068edba01c28d2c368a58af42d6,0,10,,0,worker_miner,9,1,,0,0,share_price;earnings_results;production_output;transaction;dividend_rights;exploration_project;commodity_market,18,7,false,true,false,strong_routine_no_case_anchor,Routine corporate/financial/production article with no Marikana/Lonmin case anchor.,,,
SEC-MEDIA-0917,Engineering News,https://www.engineeringnews.co.za/article/sibanye-stillwaters-gold-platinum-reserves-decrease-2018-02-19,https://engineeringnews.co.za/article/sibanye-stillwaters-gold-platinum-reserves-decrease-2018-02-19,2018,Sibanye Stillwaters Gold Platinum Reserves Decrease,secondary_keyword_only_review,https://www.engineeringnews.co.za/article/sibanye-stillwaters-gold-platinum-reserves-decrease-2018-02-19,retrieved_extracted,,2018-02-19,658,176e4eec742fb8620cc44c07b27fee46f2db10b74d90a8bfad4404f0add8265e,0,2,,0,worker_miner;wage,3,2,,0,0,earnings_results;production_output;exploration_project,16,3,false,false,false,sibanye_context_without_case_anchor_review,Sibanye appears with labour/social context but no Marikana/Lonmin anchor; review before exclusion.,,,
SEC-MEDIA-0918,Engineering News,https://www.engineeringnews.co.za/article/sibanye-stillwaters-gold-platinum-reserves-decrease-2018-03-02,https://engineeringnews.co.za/article/sibanye-stillwaters-gold-platinum-reserves-decrease-2018-03-02,2018,Sibanye Stillwaters Gold Platinum Reserves Decrease,secondary_keyword_only_review,https://www.engineeringnews.co.za/article/sibanye-stillwaters-gold-platinum-reserves-decrease-2018-03-02,retrieved_extracted,,2018-03-02,266,c720aba17fa78b1ef7a4987b341682d4d662d137b980f591e44c2966b3dcd7ca,0,0,,0,,0,0,,0,0,earnings_results,2,1,false,false,false,no_case_anchor,"Extracted article text contains no Marikana, Lonmin or Sibanye anchor.",,,
SEC-MEDIA-0919,Engineering News,https://www.engineeringnews.co.za/article/sibanye-stillwaters-integrated-report-highlights-green-metals-spread-2023-04-24,https://engineeringnews.co.za/article/sibanye-stillwaters-integrated-report-highlights-green-metals-spread-2023-04-24,2023,Sibanye Stillwaters Integrated Report Highlights Green Metals Spread,secondary_keyword_only_review,https://www.engineeringnews.co.za/article/sibanye-stillwaters-integrated-report-highlights-green-metals-spread-2023-04-24,retrieved_extracted,,2023-04-24,988,fd460be3f9f173d80f14c7027ef7b61ade5a440e01de2d85fb59efae1e3c88bc,0,10,,0,,0,0,,0,0,earnings_results;production_output;exploration_project,26,3,false,false,false,ambiguous_secondary_review,Signals are insufficient for a defensible secondary-queue decision.,,,
SEC-MEDIA-0920,Engineering News,https://www.engineeringnews.co.za/article/sibanye-stillwaters-integrated-report-highlights-green-metals-spread-2023-05-12,https://engineeringnews.co.za/article/sibanye-stillwaters-integrated-report-highlights-green-metals-spread-2023-05-12,2023,Sibanye Stillwaters Integrated Report Highlights Green Metals Spread,secondary_keyword_only_review,https://www.engineeringnews.co.za/article/sibanye-stillwaters-integrated-report-highlights-green-metals-spread-2023-05-12,retrieved_extracted,,2023-05-12,988,f472c472521d99affe337b6c63b9f8de671a5fb82f335a5887d4b1e080b2987e,0,10,,0,,0,0,,0,0,earnings_results;production_output;exploration_project,25,3,false,false,false,ambiguous_secondary_review,Signals are insufficient for a defensible secondary-queue decision.,,,
SEC-MEDIA-0921,Engineering News,https://www.engineeringnews.co.za/article/sibanye-stillwaters-us-operations-in-the-midst-of-major-growth-phase-2018-11-02,https://engineeringnews.co.za/article/sibanye-stillwaters-us-operations-in-the-midst-of-major-growth-phase-2018-11-02,2018,Sibanye Stillwaters Us Operations In The Midst Of Major Growth Phase,secondary_keyword_only_review,https://www.engineeringnews.co.za/article/sibanye-stillwaters-us-operations-in-the-midst-of-major-growth-phase-2018-11-02,retrieved_extracted,,2018-11-02,1155,ebbac8e26b2c59bcf1b28e5d24b2e4c8b5b3396606100d7a3e47bc80706b49b4,2,9,,0,worker_miner,4,1,,0,0,share_price;earnings_results;production_output;transaction;exploration_project,24,5,false,false,false,lonmin_low_context_review,Lonmin occurs in the body but without enough case/labour/social context for a defensible decision.,,,
SEC-MEDIA-0922,Engineering News,https://www.engineeringnews.co.za/article/sibanye-stillwaters-us-operations-in-the-midst-of-major-growth-phase-2018-11-16,https://engineeringnews.co.za/article/sibanye-stillwaters-us-operations-in-the-midst-of-major-growth-phase-2018-11-16,2018,Sibanye Stillwaters Us Operations In The Midst Of Major Growth Phase,secondary_keyword_only_review,https://www.engineeringnews.co.za/article/sibanye-stillwaters-us-operations-in-the-midst-of-major-growth-phase-2018-11-16,retrieved_extracted,,2018-11-16,1137,912b36fc9934826b702b325798fc7e45025c8ddcca0f898c73049bfa33f70275,2,9,,0,worker_miner,4,1,,0,0,share_price;earnings_results;production_output;transaction;exploration_project,22,5,false,false,false,lonmin_low_context_review,Lonmin occurs in the body but without enough case/labour/social context for a defensible decision.,,,
SEC-MEDIA-0923,Engineering News,https://www.engineeringnews.co.za/article/sibanye-stresses-importance-of-healthy-wetlands-2022-02-02,https://engineeringnews.co.za/article/sibanye-stresses-importance-of-healthy-wetlands-2022-02-02,2022,Sibanye Stresses Importance Of Healthy Wetlands,secondary_keyword_only_review,https://www.engineeringnews.co.za/article/sibanye-stresses-importance-of-healthy-wetlands-2022-02-02,retrieved_extracted,,2022-02-02,867,0d9c95022e2ec7b2f17edd193b863f6a0188547b1b67ffaa65158b49a404e517,0,8,,0,,0,0,community,1,1,earnings_results;exploration_project,4,2,false,false,false,sibanye_context_without_case_anchor_review,Sibanye appears with labour/social context but no Marikana/Lonmin anchor; review before exclusion.,,,
SEC-MEDIA-0924,Engineering News,https://www.engineeringnews.co.za/article/sibanye-supportive-of-south-africas-phased-approach-to-resuming-mining-activity-2020-04-23,https://engineeringnews.co.za/article/sibanye-supportive-of-south-africas-phased-approach-to-resuming-mining-activity-2020-04-23,2020,Sibanye Supportive Of South Africas Phased Approach To Resuming Mining Activity,secondary_keyword_only_review,https://www.engineeringnews.co.za/article/sibanye-supportive-of-south-africas-phased-approach-to-resuming-mining-activity-2020-04-23,retrieved_extracted,,2020-04-23,608,d121aa0ec0a9ed0c17037ebb60c555d2fa1556ff33707e41bfb00eacf3efad58,1,5,,0,worker_miner,1,1,,0,0,earnings_results;production_output,6,2,false,false,false,lonmin_low_context_review,Lonmin occurs in the body but without enough case/labour/social context for a defensible decision.,,,
SEC-MEDIA-0925,Engineering News,https://www.engineeringnews.co.za/article/sibanye-supports-icmm-water-stewardship-maturity-framework-2023-12-14,https://engineeringnews.co.za/article/sibanye-supports-icmm-water-stewardship-maturity-framework-2023-12-14,2023,Sibanye Supports Icmm Water Stewardship Maturity Framework,secondary_keyword_only_review,https://www.engineeringnews.co.za/article/sibanye-supports-icmm-water-stewardship-maturity-framework-2023-12-14,retrieved_extracted,,2023-12-14,945,38855b9426261459ace63fd05390e5cc972745c2f21003a651a2932aeb0ba5a7,0,8,,0,,0,0,community,1,1,earnings_results;production_output;exploration_project,5,3,false,false,false,sibanye_context_without_case_anchor_review,Sibanye appears with labour/social context but no Marikana/Lonmin anchor; review before exclusion.,,,
SEC-MEDIA-0926,Engineering News,https://www.engineeringnews.co.za/article/sibanye-suspends-amcu-members-at-kroondal-2016-06-10,https://engineeringnews.co.za/article/sibanye-suspends-amcu-members-at-kroondal-2016-06-10,2016,Sibanye Suspends Amcu Members At Kroondal,secondary_keyword_only_review,https://www.engineeringnews.co.za/article/sibanye-suspends-amcu-members-at-kroondal-2016-06-10,retrieved_extracted,,2016-06-10,452,9e0219ead523d4e76aa2e6be4a5252b945d257a27a3531ccb8d965f69b658a42,0,4,,0,worker_miner;police;union,10,3,justice_accountability,1,1,earnings_results,2,1,false,false,true,sibanye_context_without_case_anchor_review,Sibanye appears with labour/social context but no Marikana/Lonmin anchor; review before exclusion.,,,
SEC-MEDIA-0927,Engineering News,https://www.engineeringnews.co.za/article/sibanye-suspends-beatrix-4-shaft-operations-following-a-fire-2013-02-20,https://engineeringnews.co.za/article/sibanye-suspends-beatrix-4-shaft-operations-following-a-fire-2013-02-20,2013,Sibanye Suspends Beatrix 4 Shaft Operations Following A Fire,secondary_keyword_only_review,https://www.engineeringnews.co.za/article/sibanye-suspends-beatrix-4-shaft-operations-following-a-fire-2013-02-20,retrieved_extracted,,2013-02-20,474,60c193fcb01ca659beeaf324f3a9134b58e068d2920d2eadffca1b50ab17b3be,0,3,,0,,0,0,,0,0,earnings_results;production_output;exploration_project,8,3,false,false,false,ambiguous_secondary_review,Signals are insufficient for a defensible secondary-queue decision.,,,
SEC-MEDIA-0928,Engineering News,https://www.engineeringnews.co.za/article/sibanye-suspends-gold-guidance-but-reports-strong-first-quarter-earnings-2022-05-05,https://engineeringnews.co.za/article/sibanye-suspends-gold-guidance-but-reports-strong-first-quarter-earnings-2022-05-05,2022,Sibanye Suspends Gold Guidance But Reports Strong First Quarter Earnings,secondary_keyword_only_review,https://www.engineeringnews.co.za/article/sibanye-suspends-gold-guidance-but-reports-strong-first-quarter-earnings-2022-05-05,retrieved_extracted,,2022-05-05,1496,0cae68b228e18ef819ed244f2e91c231ab1885ddb74335867d405c5b6009a7f8,0,12,marikana,3,strike;worker_miner;wage;union,20,4,,0,0,earnings_results;production_output;transaction;exploration_project;commodity_market,38,5,false,true,false,strong_case_context_supported,Body contains a high-specificity Marikana case term reinforced by labour/event/social/governance context.,,,
SEC-MEDIA-0929,Engineering News,https://www.engineeringnews.co.za/article/sibanye-suspends-kloof-4-shaft-operations-after-incident-2023-08-01,https://engineeringnews.co.za/article/sibanye-suspends-kloof-4-shaft-operations-after-incident-2023-08-01,2023,Sibanye Suspends Kloof 4 Shaft Operations After Incident,secondary_keyword_only_review,https://www.engineeringnews.co.za/article/sibanye-suspends-kloof-4-shaft-operations-after-incident-2023-08-01,retrieved_extracted,,2023-08-01,560,85af063336beae5d7ec9c9143542ada9a349db1c7da8ba1f865f7f0caa756b85,0,4,,0,worker_miner;union,4,2,,0,0,earnings_results;production_output;exploration_project,16,3,false,false,false,sibanye_context_without_case_anchor_review,Sibanye appears with labour/social context but no Marikana/Lonmin anchor; review before exclusion.,,,
SEC-MEDIA-0930,Engineering News,https://www.engineeringnews.co.za/article/sibanye-suspends-operations-at-kloof-mine-for-a-day-of-mourning-2018-06-12,https://engineeringnews.co.za/article/sibanye-suspends-operations-at-kloof-mine-for-a-day-of-mourning-2018-06-12,2018,Sibanye Suspends Operations At Kloof Mine For A Day Of Mourning,secondary_keyword_only_review,https://www.engineeringnews.co.za/article/sibanye-suspends-operations-at-kloof-mine-for-a-day-of-mourning-2018-06-12,retrieved_extracted,,2018-06-12,483,56283978e1fcccae000b2f348d866873222e74f3b72c6db9db2e35ec6709982f,0,5,,0,worker_miner;shooting_death,5,2,,0,0,earnings_results;exploration_project,5,2,false,false,false,sibanye_context_without_case_anchor_review,Sibanye appears with labour/social context but no Marikana/Lonmin anchor; review before exclusion.,,,
SEC-MEDIA-0931,Engineering News,https://www.engineeringnews.co.za/article/sibanye-suspends-operations-at-safety-impacted-south-african-mines-adjusts-guidance-2021-12-15,https://engineeringnews.co.za/article/sibanye-suspends-operations-at-safety-impacted-south-african-mines-adjusts-guidance-2021-12-15,2021,Sibanye Suspends Operations At Safety Impacted South African Mines Adjusts Guidance,secondary_keyword_only_review,https://www.engineeringnews.co.za/article/sibanye-suspends-operations-at-safety-impacted-south-african-mines-adjusts-guidance-2021-12-15,retrieved_extracted,,2021-12-15,1120,84cb204d0066e6145ddfd20763bdbe83bbfd8f9015990a7e607209bfa8eae943,0,10,,0,worker_miner;shooting_death,8,2,,0,0,earnings_results;production_output;exploration_project,21,3,false,true,false,sibanye_context_without_case_anchor_review,Sibanye appears with labour/social context but no Marikana/Lonmin anchor; review before exclusion.,,,
SEC-MEDIA-0932,Engineering News,https://www.engineeringnews.co.za/article/sibanye-tables-conditional-settlement-offer-for-south-african-gold-operations-employees-2021-11-18,https://engineeringnews.co.za/article/sibanye-tables-conditional-settlement-offer-for-south-african-gold-operations-employees-2021-11-18,2021,Sibanye Tables Conditional Settlement Offer For South African Gold Operations Employees,secondary_keyword_only_review,https://www.engineeringnews.co.za/article/sibanye-tables-conditional-settlement-offer-for-south-african-gold-operations-employees-2021-11-18,retrieved_extracted,,2021-11-18,761,d33f6cd8e049f8cc8fa526bb65a5cfd8f50c72b5e23d07f8259439b3a4cde2b4,0,4,,0,strike;worker_miner;wage;union,10,4,commission_inquiry,1,1,earnings_results;production_output;transaction,5,3,false,false,false,sibanye_context_without_case_anchor_review,Sibanye appears with labour/social context but no Marikana/Lonmin anchor; review before exclusion.,,,
SEC-MEDIA-0933,Engineering News,https://www.engineeringnews.co.za/article/sibanye-takes-control-of-rustenburg-platinum-mines-nel-steps-down-as-platinum-division-ceo-2016-11-01,https://engineeringnews.co.za/article/sibanye-takes-control-of-rustenburg-platinum-mines-nel-steps-down-as-platinum-division-ceo-2016-11-01,2016,Sibanye Takes Control Of Rustenburg Platinum Mines Nel Steps Down As Platinum Division Ceo,secondary_keyword_only_review,https://www.engineeringnews.co.za/article/sibanye-takes-control-of-rustenburg-platinum-mines-nel-steps-down-as-platinum-division-ceo-2016-11-01,retrieved_extracted,,2016-11-01,800,ffd390d97fad49107d6e3d4247157239022cf878d41610238e97c7aacf4e6fb0,0,10,,0,,0,0,community,1,1,earnings_results;production_output;funding_debt;transaction;exploration_project,7,5,false,false,false,sibanye_context_without_case_anchor_review,Sibanye appears with labour/social context but no Marikana/Lonmin anchor; review before exclusion.,,,
SEC-MEDIA-0934,Engineering News,https://www.engineeringnews.co.za/article/sibanye-takes-control-of-rustenburg-platinum-mines-nel-steps-down-as-platinum-division-ceo-2016-11-11,https://engineeringnews.co.za/article/sibanye-takes-control-of-rustenburg-platinum-mines-nel-steps-down-as-platinum-division-ceo-2016-11-11,2016,Sibanye Takes Control Of Rustenburg Platinum Mines Nel Steps Down As Platinum Division Ceo,secondary_keyword_only_review,https://www.engineeringnews.co.za/article/sibanye-takes-control-of-rustenburg-platinum-mines-nel-steps-down-as-platinum-division-ceo-2016-11-11,retrieved_extracted,,2016-11-11,799,f51701188dee22332045bbc2a66c4fbfe99c6a09a8381ab7fcb02739f1d3bd5f,0,10,,0,,0,0,community,1,1,earnings_results;production_output;funding_debt;transaction;exploration_project,7,5,false,false,false,sibanye_context_without_case_anchor_review,Sibanye appears with labour/social context but no Marikana/Lonmin anchor; review before exclusion.,,,
SEC-MEDIA-0935,Engineering News,https://www.engineeringnews.co.za/article/sibanye-takes-full-control-of-kroondal-for-r1-plus-mine-closure-rehab-costs-2022-01-31,https://engineeringnews.co.za/article/sibanye-takes-full-control-of-kroondal-for-r1-plus-mine-closure-rehab-costs-2022-01-31,2022,Sibanye Takes Full Control Of Kroondal For R1 Plus Mine Closure Rehab Costs,secondary_keyword_only_review,https://www.engineeringnews.co.za/article/sibanye-takes-full-control-of-kroondal-for-r1-plus-mine-closure-rehab-costs-2022-01-31,retrieved_extracted,,2022-01-31,1022,e858d9d0417276bf5cdfc1744db248c3e206c182b6704afc9dec99468850c2e5,0,12,marikana,1,,0,0,commission_inquiry,1,1,share_price;earnings_results;production_output;transaction;exploration_project,11,5,false,false,false,strong_case_context_supported,Body contains a high-specificity Marikana case term reinforced by labour/event/social/governance context.,,,
SEC-MEDIA-0936,Engineering News,https://www.engineeringnews.co.za/article/sibanye-terminates-discussions-with-wcc-2016-02-26,https://engineeringnews.co.za/article/sibanye-terminates-discussions-with-wcc-2016-02-26,2016,Sibanye Terminates Discussions With Wcc,secondary_keyword_only_review,https://www.engineeringnews.co.za/article/sibanye-terminates-discussions-with-wcc-2016-02-26,retrieved_extracted,,2016-02-26,570,449423d2605a27758c7e6596943d23aaea87f7cef7fdc6f15d55fc5cce1da28f,0,7,,0,worker_miner,1,1,,0,0,earnings_results;funding_debt;transaction;exploration_project,9,4,false,false,false,ambiguous_secondary_review,Signals are insufficient for a defensible secondary-queue decision.,,,
SEC-MEDIA-0937,Engineering News,https://www.engineeringnews.co.za/article/sibanye-tests-viability-of-underground-hydroelectric-storage-2021-10-13,https://engineeringnews.co.za/article/sibanye-tests-viability-of-underground-hydroelectric-storage-2021-10-13,2021,Sibanye Tests Viability Of Underground Hydroelectric Storage,secondary_keyword_only_review,https://www.engineeringnews.co.za/article/sibanye-tests-viability-of-underground-hydroelectric-storage-2021-10-13,retrieved_extracted,,2021-10-13,610,b35b16b35daa9f3479162474279083e7256d641c729fd7c82c19fe302b496711,0,4,,0,worker_miner,1,1,community,1,1,earnings_results;exploration_project,6,2,false,false,false,sibanye_context_without_case_anchor_review,Sibanye appears with labour/social context but no Marikana/Lonmin anchor; review before exclusion.,,,
SEC-MEDIA-0938,Engineering News,https://www.engineeringnews.co.za/article/sibanye-to-acquire-us-platinum-miner-for-r30bn-2016-12-09,https://engineeringnews.co.za/article/sibanye-to-acquire-us-platinum-miner-for-r30bn-2016-12-09,2016,Sibanye To Acquire Us Platinum Miner For R30Bn,secondary_keyword_only_review,https://www.engineeringnews.co.za/article/sibanye-to-acquire-us-platinum-miner-for-r30bn-2016-12-09,retrieved_extracted,,2016-12-09,1367,8b9aaa5b7c205712fc5ee9b5bb89f10fc3d35b6f14a9257cd7bc12437b2900b6,0,23,,0,worker_miner,2,1,community,3,1,share_price;earnings_results;production_output;funding_debt;transaction;dividend_rights;exploration_project;commodity_market,30,8,false,true,true,sibanye_context_without_case_anchor_review,Sibanye appears with labour/social context but no Marikana/Lonmin anchor; review before exclusion.,,,
SEC-MEDIA-0939,Engineering News,https://www.engineeringnews.co.za/article/sibanye-to-be-included-in-ftsejse-top-40-index-2016-09-07,https://engineeringnews.co.za/article/sibanye-to-be-included-in-ftsejse-top-40-index-2016-09-07,2016,Sibanye To Be Included In Ftsejse Top 40 Index,secondary_keyword_only_review,https://www.engineeringnews.co.za/article/sibanye-to-be-included-in-ftsejse-top-40-index-2016-09-07,retrieved_extracted,,2016-09-07,466,a5710363bb8d79da87c390772062d405db87550201d34ed3c33e6297d99f5878,0,6,,0,,0,0,,0,0,share_price;earnings_results;commodity_market,6,3,false,false,false,ambiguous_secondary_review,Signals are insufficient for a defensible secondary-queue decision.,,,
SEC-MEDIA-0940,Engineering News,https://www.engineeringnews.co.za/article/sibanye-to-buy-back-up-to-5-of-its-shares-2021-06-01,https://engineeringnews.co.za/article/sibanye-to-buy-back-up-to-5-of-its-shares-2021-06-01,2021,Sibanye To Buy Back Up To 5 Of Its Shares,secondary_keyword_only_review,https://www.engineeringnews.co.za/article/sibanye-to-buy-back-up-to-5-of-its-shares-2021-06-01,retrieved_extracted,,2021-06-01,497,0b8871bd7c463e7a37bf24a1bf177dfedfb348be2abab6f6fa5a1aed17e3f3ad,0,4,,0,worker_miner,1,1,,0,0,share_price;earnings_results;funding_debt;transaction;dividend_rights;commodity_market,11,6,false,false,false,ambiguous_secondary_review,Signals are insufficient for a defensible secondary-queue decision.,,,
SEC-MEDIA-0941,Engineering News,https://www.engineeringnews.co.za/article/sibanye-to-complete-compulsory-acquisition-of-new-century-shares-2023-05-02,https://engineeringnews.co.za/article/sibanye-to-complete-compulsory-acquisition-of-new-century-shares-2023-05-02,2023,Sibanye To Complete Compulsory Acquisition Of New Century Shares,secondary_keyword_only_review,https://www.engineeringnews.co.za/article/sibanye-to-complete-compulsory-acquisition-of-new-century-shares-2023-05-02,retrieved_extracted,,2023-05-02,463,12ce30df28c39d3e0d78799f54a3e5c100a2b0a891b9e1a6c79bb4f7aa51e068,0,4,,0,worker_miner,1,1,,0,0,share_price;earnings_results;production_output;transaction;exploration_project,15,5,false,true,false,strong_routine_no_case_anchor,Routine corporate/financial/production article with no Marikana/Lonmin case anchor.,,,
SEC-MEDIA-0942,Engineering News,https://www.engineeringnews.co.za/article/sibanye-to-consult-labour-on-the-future-of-its-kloof-4-shaft-2023-09-14,https://engineeringnews.co.za/article/sibanye-to-consult-labour-on-the-future-of-its-kloof-4-shaft-2023-09-14,2023,Sibanye To Consult Labour On The Future Of Its Kloof 4 Shaft,secondary_keyword_only_review,https://www.engineeringnews.co.za/article/sibanye-to-consult-labour-on-the-future-of-its-kloof-4-shaft-2023-09-14,retrieved_extracted,,2023-09-14,612,b250e40c8fc1d6401de81be14a8d4d8679d522d9435e04d4540d6c29f005ced4,0,5,,0,,0,0,,0,0,earnings_results;exploration_project,12,2,false,false,false,ambiguous_secondary_review,Signals are insufficient for a defensible secondary-queue decision.,,,
SEC-MEDIA-0943,Engineering News,https://www.engineeringnews.co.za/article/sibanye-to-cut-about-300-jobs-at-us-pgm-operations-2023-11-29,https://engineeringnews.co.za/article/sibanye-to-cut-about-300-jobs-at-us-pgm-operations-2023-11-29,2023,Sibanye To Cut About 300 Jobs At Us Pgm Operations,secondary_keyword_only_review,https://www.engineeringnews.co.za/article/sibanye-to-cut-about-300-jobs-at-us-pgm-operations-2023-11-29,retrieved_extracted,,2023-11-29,516,d89c15b6f93f4f168dad6d910c7df4d79fbfe323af5a579c5ccf0f7158738290,0,5,,0,worker_miner,1,1,,0,0,earnings_results;production_output;exploration_project,5,3,false,true,false,strong_routine_no_case_anchor,Routine corporate/financial/production article with no Marikana/Lonmin case anchor.,,,
SEC-MEDIA-0944,Engineering News,https://www.engineeringnews.co.za/article/sibanye-to-embark-on-refinery-construction-after-upping-stake-in-finnish-lithium-project-to-85-in-october-2022-12-16,https://engineeringnews.co.za/article/sibanye-to-embark-on-refinery-construction-after-upping-stake-in-finnish-lithium-project-to-85-in-october-2022-12-16,2022,Sibanye To Embark On Refinery Construction After Upping Stake In Finnish Lithium Project To 85 In October,secondary_keyword_only_review,https://www.engineeringnews.co.za/article/sibanye-to-embark-on-refinery-construction-after-upping-stake-in-finnish-lithium-project-to-85-in-october-2022-12-16,retrieved_extracted,,2022-12-16,1213,29d8d998e87cd5918f94e8fcaad7ad67fa4813522080fecd2fb509e310fa0039,0,10,,0,,0,0,,0,0,share_price;earnings_results;production_output;funding_debt;transaction;exploration_project;commodity_market,52,7,false,true,false,strong_routine_no_case_anchor,Routine corporate/financial/production article with no Marikana/Lonmin case anchor.,,,
SEC-MEDIA-0945,Engineering News,https://www.engineeringnews.co.za/article/sibanye-to-go-ahead-with-wits-gold-buy-out-2014-03-31,https://engineeringnews.co.za/article/sibanye-to-go-ahead-with-wits-gold-buy-out-2014-03-31,2014,Sibanye To Go Ahead With Wits Gold Buy Out,secondary_keyword_only_review,https://www.engineeringnews.co.za/article/sibanye-to-go-ahead-with-wits-gold-buy-out-2014-03-31,retrieved_extracted,,2014-03-31,594,ff760b7ea46394ad3d647f09d5db7cbed75b317e67e43bbae0ace1f648f30a7d,0,7,,0,,0,0,,0,0,share_price;earnings_results;production_output;transaction;dividend_rights;exploration_project,12,6,false,false,false,ambiguous_secondary_review,Signals are insufficient for a defensible secondary-queue decision.,,,
SEC-MEDIA-0946,Engineering News,https://www.engineeringnews.co.za/article/sibanye-to-go-ahead-with-wits-gold-buy-out-2014-04-11,https://engineeringnews.co.za/article/sibanye-to-go-ahead-with-wits-gold-buy-out-2014-04-11,2014,Sibanye To Go Ahead With Wits Gold Buy Out,secondary_keyword_only_review,https://www.engineeringnews.co.za/article/sibanye-to-go-ahead-with-wits-gold-buy-out-2014-04-11,retrieved_extracted,,2014-04-11,266,c720aba17fa78b1ef7a4987b341682d4d662d137b980f591e44c2966b3dcd7ca,0,0,,0,,0,0,,0,0,earnings_results,2,1,false,false,false,no_case_anchor,"Extracted article text contains no Marikana, Lonmin or Sibanye anchor.",,,
SEC-MEDIA-0947,Engineering News,https://www.engineeringnews.co.za/article/sibanye-to-grow-uranium-output-as-volatile-market-improves-2014-06-13,https://engineeringnews.co.za/article/sibanye-to-grow-uranium-output-as-volatile-market-improves-2014-06-13,2014,Sibanye To Grow Uranium Output As Volatile Market Improves,secondary_keyword_only_review,https://www.engineeringnews.co.za/article/sibanye-to-grow-uranium-output-as-volatile-market-improves-2014-06-13,retrieved_extracted,,2014-06-13,826,36d0f9f7f898fad3df6aebbc2135bc81c7697e61b565e9a395f8d50a44eafa25,0,6,,0,worker_miner,2,1,,0,0,earnings_results;production_output;transaction;exploration_project;commodity_market,21,5,false,true,false,strong_routine_no_case_anchor,Routine corporate/financial/production article with no Marikana/Lonmin case anchor.,,,
SEC-MEDIA-0948,Engineering News,https://www.engineeringnews.co.za/article/sibanye-to-lose-9-452-oz-owing-to-power-failure-2013-03-18,https://engineeringnews.co.za/article/sibanye-to-lose-9-452-oz-owing-to-power-failure-2013-03-18,2013,Sibanye To Lose 9 452 Oz Owing To Power Failure,secondary_keyword_only_review,https://www.engineeringnews.co.za/article/sibanye-to-lose-9-452-oz-owing-to-power-failure-2013-03-18,retrieved_extracted,,2013-03-18,415,1f1cd43702c90afd9a6432f4f38ce8ab4602d1d6319dbf22a2cf5fddd28c0ca1,0,3,,0,strike;worker_miner,2,2,,0,0,earnings_results;production_output,7,2,false,false,false,sibanye_context_without_case_anchor_review,Sibanye appears with labour/social context but no Marikana/Lonmin anchor; review before exclusion.,,,
SEC-MEDIA-0949,Engineering News,https://www.engineeringnews.co.za/article/sibanye-to-proceed-with-buyout-of-shares-from-holders-of-fewer-than-400-shares-2020-12-11,https://engineeringnews.co.za/article/sibanye-to-proceed-with-buyout-of-shares-from-holders-of-fewer-than-400-shares-2020-12-11,2020,Sibanye To Proceed With Buyout Of Shares From Holders Of Fewer Than 400 Shares,secondary_keyword_only_review,https://www.engineeringnews.co.za/article/sibanye-to-proceed-with-buyout-of-shares-from-holders-of-fewer-than-400-shares-2020-12-11,retrieved_extracted,,2020-12-11,619,67109863e1355f034beec2c97f7c0cff2d3749936a802344fe1dd6b49c548616,0,9,,0,worker_miner,1,1,,0,0,share_price;earnings_results;transaction;dividend_rights,14,4,false,false,false,ambiguous_secondary_review,Signals are insufficient for a defensible secondary-queue decision.,,,
SEC-MEDIA-0950,Engineering News,https://www.engineeringnews.co.za/article/sibanye-to-push-burnstone-restart-from-zero-base-2014-06-06,https://engineeringnews.co.za/article/sibanye-to-push-burnstone-restart-from-zero-base-2014-06-06,2014,Sibanye To Push Burnstone Restart From Zero Base,secondary_keyword_only_review,https://www.engineeringnews.co.za/article/sibanye-to-push-burnstone-restart-from-zero-base-2014-06-06,retrieved_extracted,,2014-06-06,797,385387624d5bd054c3ce1ccbe1771f2dd8a1c5d5d68267acb6a47ae4879fdb6c,0,8,,0,,0,0,,0,0,earnings_results;production_output;funding_debt;transaction;exploration_project,8,5,false,false,false,ambiguous_secondary_review,Signals are insufficient for a defensible secondary-queue decision.,,,
SEC-MEDIA-0951,Engineering News,https://www.engineeringnews.co.za/article/sibanye-to-push-burnstone-restart-from-zero-base-2014-06-11,https://engineeringnews.co.za/article/sibanye-to-push-burnstone-restart-from-zero-base-2014-06-11,2014,Sibanye To Push Burnstone Restart From Zero Base,secondary_keyword_only_review,https://www.engineeringnews.co.za/article/sibanye-to-push-burnstone-restart-from-zero-base-2014-06-11,retrieved_extracted,,2014-06-11,266,c720aba17fa78b1ef7a4987b341682d4d662d137b980f591e44c2966b3dcd7ca,0,0,,0,,0,0,,0,0,earnings_results,2,1,false,false,false,no_case_anchor,"Extracted article text contains no Marikana, Lonmin or Sibanye anchor.",,,
SEC-MEDIA-0952,Engineering News,https://www.engineeringnews.co.za/article/sibanye-to-raise-stake-in-finland-lithium-firm-keliber-to-80-2022-06-30,https://engineeringnews.co.za/article/sibanye-to-raise-stake-in-finland-lithium-firm-keliber-to-80-2022-06-30,2022,Sibanye To Raise Stake In Finland Lithium Firm Keliber To 80,secondary_keyword_only_review,https://www.engineeringnews.co.za/article/sibanye-to-raise-stake-in-finland-lithium-firm-keliber-to-80-2022-06-30,retrieved_extracted,,2022-06-30,718,89e0af9853be52efaced136f3a48fa574f8e369851478029eaff0dd549674502,0,6,,0,,0,0,,0,0,share_price;earnings_results;production_output;funding_debt;transaction;exploration_project;commodity_market,18,7,false,true,false,strong_routine_no_case_anchor,Routine corporate/financial/production article with no Marikana/Lonmin case anchor.,,,
SEC-MEDIA-0953,Engineering News,https://www.engineeringnews.co.za/article/sibanye-to-restart-south-african-gold-mines-in-a-phased-manner-2022-06-13,https://engineeringnews.co.za/article/sibanye-to-restart-south-african-gold-mines-in-a-phased-manner-2022-06-13,2022,Sibanye To Restart South African Gold Mines In A Phased Manner,secondary_keyword_only_review,https://www.engineeringnews.co.za/article/sibanye-to-restart-south-african-gold-mines-in-a-phased-manner-2022-06-13,retrieved_extracted,,2022-06-13,567,5b628f56b5d890cf09c9ce12a2eefb16b37572dad5ff3e71d2d4f1c8b9ce2f64,0,3,,0,strike;worker_miner;wage;union,20,4,commission_inquiry,1,1,earnings_results;funding_debt,4,2,false,false,false,sibanye_context_without_case_anchor_review,Sibanye appears with labour/social context but no Marikana/Lonmin anchor; review before exclusion.,,,
SEC-MEDIA-0954,Engineering News,https://www.engineeringnews.co.za/article/sibanye-to-start-labour-consultations-as-beatrix-4-shaft-kloof-1-plant-face-closure-2022-11-01,https://engineeringnews.co.za/article/sibanye-to-start-labour-consultations-as-beatrix-4-shaft-kloof-1-plant-face-closure-2022-11-01,2022,Sibanye To Start Labour Consultations As Beatrix 4 Shaft Kloof 1 Plant Face Closure,secondary_keyword_only_review,https://www.engineeringnews.co.za/article/sibanye-to-start-labour-consultations-as-beatrix-4-shaft-kloof-1-plant-face-closure-2022-11-01,retrieved_extracted,,2022-11-01,1021,79bbd93718f248f4499e5035bf4e4fe0d7de0bdf4779979d4b3962de87e45a46,1,10,marikana,1,union,1,1,commission_inquiry,1,1,earnings_results;transaction;exploration_project,13,3,false,false,false,strong_case_context_supported,Body contains a high-specificity Marikana case term reinforced by labour/event/social/governance context.,,,
SEC-MEDIA-0955,Engineering News,https://www.engineeringnews.co.za/article/sibanye-to-undertake-1bn-rights-offering-to-repay-part-of-stillwater-acquisition-loan-2017-05-11,https://engineeringnews.co.za/article/sibanye-to-undertake-1bn-rights-offering-to-repay-part-of-stillwater-acquisition-loan-2017-05-11,2017,Sibanye To Undertake 1Bn Rights Offering To Repay Part Of Stillwater Acquisition Loan,secondary_keyword_only_review,https://www.engineeringnews.co.za/article/sibanye-to-undertake-1bn-rights-offering-to-repay-part-of-stillwater-acquisition-loan-2017-05-11,retrieved_extracted,,2017-05-11,433,3adea5ca37526a6dcf0115bde5651f51f8ed11f45eae715901fb638bc678c6bf,0,4,,0,worker_miner,1,1,,0,0,earnings_results;production_output;funding_debt;transaction,8,4,false,true,false,strong_routine_no_case_anchor,Routine corporate/financial/production article with no Marikana/Lonmin case anchor.,,,
SEC-MEDIA-0956,Engineering News,https://www.engineeringnews.co.za/article/sibanye-turns-killer-gas-into-electricity-at-beatrix-gold-mine-2015-02-06,https://engineeringnews.co.za/article/sibanye-turns-killer-gas-into-electricity-at-beatrix-gold-mine-2015-02-06,2015,Sibanye Turns Killer Gas Into Electricity At Beatrix Gold Mine,secondary_keyword_only_review,https://www.engineeringnews.co.za/article/sibanye-turns-killer-gas-into-electricity-at-beatrix-gold-mine-2015-02-06,retrieved_extracted,,2015-02-06,1017,c7882d50e30e58b1519e709427dddada622ca051026de8a1420c69c2135df102,0,5,,0,shooting_death,1,1,,0,0,earnings_results;production_output;funding_debt;transaction;exploration_project,10,5,false,false,false,ambiguous_secondary_review,Signals are insufficient for a defensible secondary-queue decision.,,,
SEC-MEDIA-0957,Engineering News,https://www.engineeringnews.co.za/article/sibanye-tweaks-agreements-with-amplats-2020-03-17,https://engineeringnews.co.za/article/sibanye-tweaks-agreements-with-amplats-2020-03-17,2020,Sibanye Tweaks Agreements With Amplats,secondary_keyword_only_review,https://www.engineeringnews.co.za/article/sibanye-tweaks-agreements-with-amplats-2020-03-17,retrieved_extracted,,2020-03-17,775,d880996e25f96857c7f1b222666917027b7fbb13861e7e5285457f3bb5f8620f,0,8,marikana,9,worker_miner,2,1,,0,0,share_price;earnings_results;production_output;transaction;exploration_project,12,5,false,false,false,case_term_low_context_review,A case term occurs but context is insufficient to distinguish substantive treatment from incidental/place/project use.,,,
SEC-MEDIA-0958,Engineering News,https://www.engineeringnews.co.za/article/sibanye-tying-up-new-century-strings-2023-03-30,https://engineeringnews.co.za/article/sibanye-tying-up-new-century-strings-2023-03-30,2023,Sibanye Tying Up New Century Strings,secondary_keyword_only_review,https://www.engineeringnews.co.za/article/sibanye-tying-up-new-century-strings-2023-03-30,retrieved_extracted,,2023-03-30,446,845bb3f640328903944f80f1ff06cee1ec4d982a51dbaf0b92dffe544684b401,0,4,,0,worker_miner,1,1,,0,0,share_price;earnings_results;transaction;exploration_project,10,4,false,false,false,ambiguous_secondary_review,Signals are insufficient for a defensible secondary-queue decision.,,,
SEC-MEDIA-0959,Engineering News,https://www.engineeringnews.co.za/article/sibanye-unions-establish-picketing-rules-in-south-african-gold-wage-negotiation-process-2021-12-14,https://engineeringnews.co.za/article/sibanye-unions-establish-picketing-rules-in-south-african-gold-wage-negotiation-process-2021-12-14,2021,Sibanye Unions Establish Picketing Rules In South African Gold Wage Negotiation Process,secondary_keyword_only_review,https://www.engineeringnews.co.za/article/sibanye-unions-establish-picketing-rules-in-south-african-gold-wage-negotiation-process-2021-12-14,retrieved_extracted,,2021-12-14,751,a95808238207e5e3bdf549a13c949674a56746eb35683005d477899b1853e32d,0,9,,0,worker_miner;wage;union;protest_unrest,24,4,commission_inquiry,1,1,earnings_results,3,1,false,false,false,sibanye_context_without_case_anchor_review,Sibanye appears with labour/social context but no Marikana/Lonmin anchor; review before exclusion.,,,
SEC-MEDIA-0960,Engineering News,https://www.engineeringnews.co.za/article/sibanye-unions-still-unable-to-agree-on-gold-wage-increases-2021-11-24,https://engineeringnews.co.za/article/sibanye-unions-still-unable-to-agree-on-gold-wage-increases-2021-11-24,2021,Sibanye Unions Still Unable To Agree On Gold Wage Increases,secondary_keyword_only_review,https://www.engineeringnews.co.za/article/sibanye-unions-still-unable-to-agree-on-gold-wage-increases-2021-11-24,retrieved_extracted,,2021-11-24,758,606db0a4d5c3eea54b124b1dc50545e23af4654bf8235cee36f3f673d26c3ab4,0,9,,0,worker_miner;wage;union,20,3,commission_inquiry,1,1,earnings_results,2,1,false,false,false,sibanye_context_without_case_anchor_review,Sibanye appears with labour/social context but no Marikana/Lonmin anchor; review before exclusion.,,,
SEC-MEDIA-0961,Engineering News,https://www.engineeringnews.co.za/article/sibanye-updates-h1-earnings-outlook-2016-08-19,https://engineeringnews.co.za/article/sibanye-updates-h1-earnings-outlook-2016-08-19,2016,Sibanye Updates H1 Earnings Outlook,secondary_keyword_only_review,https://www.engineeringnews.co.za/article/sibanye-updates-h1-earnings-outlook-2016-08-19,retrieved_extracted,,2016-08-19,412,53b25b4bbf1db575d091eaaca8aafacc65db8673e65b835c7a2197dde8b3a155,0,3,,0,,0,0,,0,0,share_price;earnings_results,8,2,false,true,false,strong_routine_no_case_anchor,Routine corporate/financial/production article with no Marikana/Lonmin case anchor.,,,
SEC-MEDIA-0962,Engineering News,https://www.engineeringnews.co.za/article/sibanye-ups-2014-production-guidance-2014-06-04,https://engineeringnews.co.za/article/sibanye-ups-2014-production-guidance-2014-06-04,2014,Sibanye Ups 2014 Production Guidance,secondary_keyword_only_review,https://www.engineeringnews.co.za/article/sibanye-ups-2014-production-guidance-2014-06-04,retrieved_extracted,,2014-06-04,455,ecfa2ae2d224228cf5e2f275fc5638b03ebed5b937bf29db473a5e37addd7ea6,0,3,,0,worker_miner,1,1,,0,0,share_price;earnings_results;production_output,9,3,false,true,false,strong_routine_no_case_anchor,Routine corporate/financial/production article with no Marikana/Lonmin case anchor.,,,
SEC-MEDIA-0963,Engineering News,https://www.engineeringnews.co.za/article/sibanye-ups-q1-gold-output-11-awaits-ruling-on-strike-2014-04-24,https://engineeringnews.co.za/article/sibanye-ups-q1-gold-output-11-awaits-ruling-on-strike-2014-04-24,2014,Sibanye Ups Q1 Gold Output 11 Awaits Ruling On Strike,secondary_keyword_only_review,https://www.engineeringnews.co.za/article/sibanye-ups-q1-gold-output-11-awaits-ruling-on-strike-2014-04-24,retrieved_extracted,,2014-04-24,1154,623d5cb0b7bc021577eaeb8be615047d3c12f4c9796a9288c5995f6fdcb1097e,0,9,,0,strike;worker_miner;wage;union,17,4,,0,0,earnings_results;production_output;funding_debt;transaction;dividend_rights;exploration_project,28,6,false,true,true,sibanye_context_without_case_anchor_review,Sibanye appears with labour/social context but no Marikana/Lonmin anchor; review before exclusion.,,,
SEC-MEDIA-0964,Engineering News,https://www.engineeringnews.co.za/article/sibanye-ups-shareholding-in-keliber-to-nearly-85-2022-10-03,https://engineeringnews.co.za/article/sibanye-ups-shareholding-in-keliber-to-nearly-85-2022-10-03,2022,Sibanye Ups Shareholding In Keliber To Nearly 85,secondary_keyword_only_review,https://www.engineeringnews.co.za/article/sibanye-ups-shareholding-in-keliber-to-nearly-85-2022-10-03,retrieved_extracted,,2022-10-03,536,af37ea72c7bf7c30757234932e66cb74dd075d4530093769552239ea1fbd850c,0,5,,0,,0,0,,0,0,share_price;earnings_results;production_output;funding_debt;exploration_project;commodity_market,12,6,false,false,false,ambiguous_secondary_review,Signals are insufficient for a defensible secondary-queue decision.,,,
SEC-MEDIA-0965,Engineering News,https://www.engineeringnews.co.za/article/sibanye-ups-yearly-guidance-as-q3-performance-improves-2013-10-31,https://engineeringnews.co.za/article/sibanye-ups-yearly-guidance-as-q3-performance-improves-2013-10-31,2013,Sibanye Ups Yearly Guidance As Q3 Performance Improves,secondary_keyword_only_review,https://www.engineeringnews.co.za/article/sibanye-ups-yearly-guidance-as-q3-performance-improves-2013-10-31,retrieved_extracted,,2013-10-31,806,e3183d0cece86d7f7f237b9fcf84e334a7de5eb69c59baaa9ad2fe75cdbae255,0,6,,0,strike;wage,5,2,,0,0,share_price;earnings_results;production_output,15,3,false,true,false,sibanye_context_without_case_anchor_review,Sibanye appears with labour/social context but no Marikana/Lonmin anchor; review before exclusion.,,,
SEC-MEDIA-0966,Engineering News,https://www.engineeringnews.co.za/article/sibanye-warns-of-lower-activity-from-blitz-mine-2020-03-23,https://engineeringnews.co.za/article/sibanye-warns-of-lower-activity-from-blitz-mine-2020-03-23,2020,Sibanye Warns Of Lower Activity From Blitz Mine,secondary_keyword_only_review,https://www.engineeringnews.co.za/article/sibanye-warns-of-lower-activity-from-blitz-mine-2020-03-23,retrieved_extracted,,2020-03-23,576,00d4d47fe4a76d5d59b3901e8c100d2448cca5755182b2cac333dc77433affee,0,5,,0,worker_miner,1,1,,0,0,earnings_results;production_output;exploration_project,6,3,false,false,false,ambiguous_secondary_review,Signals are insufficient for a defensible secondary-queue decision.,,,
SEC-MEDIA-0967,Engineering News,https://www.engineeringnews.co.za/article/sibanye-wins-four-nsa-awards-2017-04-07,https://engineeringnews.co.za/article/sibanye-wins-four-nsa-awards-2017-04-07,2017,Sibanye Wins Four Nsa Awards,secondary_keyword_only_review,https://www.engineeringnews.co.za/article/sibanye-wins-four-nsa-awards-2017-04-07,retrieved_extracted,,2017-04-07,434,932a34b8035f4a2a04ae46e8501b6bda48e2b8ae8ec9d04066cb66120723c6e7,0,6,,0,,0,0,,0,0,earnings_results,2,1,false,false,false,ambiguous_secondary_review,Signals are insufficient for a defensible secondary-queue decision.,,,
SEC-MEDIA-0968,Engineering News,https://www.engineeringnews.co.za/article/sibanye-wins-us-thumbs-up-for-stillwater-acquisition-2017-04-18,https://engineeringnews.co.za/article/sibanye-wins-us-thumbs-up-for-stillwater-acquisition-2017-04-18,2017,Sibanye Wins Us Thumbs Up For Stillwater Acquisition,secondary_keyword_only_review,https://www.engineeringnews.co.za/article/sibanye-wins-us-thumbs-up-for-stillwater-acquisition-2017-04-18,retrieved_extracted,,2017-04-18,978,d0f3dbf549a499472e230bcbec6e2a8d0ed6c76769317f7ed0fa8fff146d7f72,0,15,,0,wage,1,1,commission_inquiry,1,1,share_price;earnings_results;funding_debt;transaction;dividend_rights;commodity_market,32,6,false,true,false,sibanye_context_without_case_anchor_review,Sibanye appears with labour/social context but no Marikana/Lonmin anchor; review before exclusion.,,,
SEC-MEDIA-0969,Engineering News,https://www.engineeringnews.co.za/article/sibanye-wins-us-thumbs-up-for-stillwater-acquisition-2017-04-28,https://engineeringnews.co.za/article/sibanye-wins-us-thumbs-up-for-stillwater-acquisition-2017-04-28,2017,Sibanye Wins Us Thumbs Up For Stillwater Acquisition,secondary_keyword_only_review,https://www.engineeringnews.co.za/article/sibanye-wins-us-thumbs-up-for-stillwater-acquisition-2017-04-28,retrieved_extracted,,2017-04-28,975,0c7f07dbf39c4923d5fd380cdd50fb4df339593ae93fa74b7ad969f4c9e2bfe1,0,15,,0,wage,1,1,commission_inquiry,1,1,share_price;earnings_results;funding_debt;transaction;dividend_rights;commodity_market,32,6,false,true,false,sibanye_context_without_case_anchor_review,Sibanye appears with labour/social context but no Marikana/Lonmin anchor; review before exclusion.,,,
SEC-MEDIA-0970,Engineering News,https://www.engineeringnews.co.za/article/sibanye-wits-collaborate-to-make-face-shields-2020-08-21,https://engineeringnews.co.za/article/sibanye-wits-collaborate-to-make-face-shields-2020-08-21,2020,Sibanye Wits Collaborate To Make Face Shields,secondary_keyword_only_review,https://www.engineeringnews.co.za/article/sibanye-wits-collaborate-to-make-face-shields-2020-08-21,retrieved_extracted,,2020-08-21,477,73c64a71c8b8a670c4cfc2ad3811855d7ab6cd3e5a322ad080b7e9ca55fc7b8c,0,6,,0,worker_miner,2,1,community,3,1,earnings_results;exploration_project,3,2,false,false,false,sibanye_context_without_case_anchor_review,Sibanye appears with labour/social context but no Marikana/Lonmin anchor; review before exclusion.,,,
SEC-MEDIA-0971,Engineering News,https://www.engineeringnews.co.za/article/sibanye-works-to-rescue-two-trapped-workers-at-kloof-mine-2018-02-07,https://engineeringnews.co.za/article/sibanye-works-to-rescue-two-trapped-workers-at-kloof-mine-2018-02-07,2018,Sibanye Works To Rescue Two Trapped Workers At Kloof Mine,secondary_keyword_only_review,https://www.engineeringnews.co.za/article/sibanye-works-to-rescue-two-trapped-workers-at-kloof-mine-2018-02-07,retrieved_extracted,,2018-02-07,407,c8fba58b5ec83ebc49f0ea07c6c162cd1b9fb0995a594bf85b15d41b5e4f4d46,0,3,,0,worker_miner;shooting_death,5,2,,0,0,earnings_results;exploration_project,3,2,false,false,true,sibanye_context_without_case_anchor_review,Sibanye appears with labour/social context but no Marikana/Lonmin anchor; review before exclusion.,,,
SEC-MEDIA-0972,Engineering News,https://www.engineeringnews.co.za/article/sibanye-works-to-win-hearts-of-workers-with-care-programme-2014-07-03,https://engineeringnews.co.za/article/sibanye-works-to-win-hearts-of-workers-with-care-programme-2014-07-03,2014,Sibanye Works To Win Hearts Of Workers With Care Programme,secondary_keyword_only_review,https://www.engineeringnews.co.za/article/sibanye-works-to-win-hearts-of-workers-with-care-programme-2014-07-03,retrieved_extracted,,2014-07-03,790,bc3582bc6dd45bbbd4ed31ee45d7d588e478773ae8dac8ce8ad5de5f3c6f38ef,0,11,,0,worker_miner;wage,7,2,housing;community;justice_accountability,4,3,share_price;earnings_results;funding_debt;exploration_project,5,4,false,false,true,sibanye_context_without_case_anchor_review,Sibanye appears with labour/social context but no Marikana/Lonmin anchor; review before exclusion.,,,
SEC-MEDIA-0973,Engineering News,https://www.engineeringnews.co.za/article/sibanye-writes-open-letter-to-amcu-amid-violent-strike-at-its-gold-operations-2018-12-05,https://engineeringnews.co.za/article/sibanye-writes-open-letter-to-amcu-amid-violent-strike-at-its-gold-operations-2018-12-05,2018,Sibanye Writes Open Letter To Amcu Amid Violent Strike At Its Gold Operations,secondary_keyword_only_review,https://www.engineeringnews.co.za/article/sibanye-writes-open-letter-to-amcu-amid-violent-strike-at-its-gold-operations-2018-12-05,retrieved_extracted,,2018-12-05,788,92e7e29cd3cadd77b93d9805633df6616faac8a1ca3d3b668bffc06f8250f51e,0,12,,0,strike;worker_miner;wage;union;protest_unrest,38,5,,0,0,earnings_results,4,1,false,false,true,sibanye_context_without_case_anchor_review,Sibanye appears with labour/social context but no Marikana/Lonmin anchor; review before exclusion.,,,
SEC-MEDIA-0974,Engineering News,https://www.engineeringnews.co.za/article/sibanyes-all-shareholder-approach-2016-08-02,https://engineeringnews.co.za/article/sibanyes-all-shareholder-approach-2016-08-02,2016,Sibanyes All Shareholder Approach,secondary_keyword_only_review,https://www.engineeringnews.co.za/article/sibanyes-all-shareholder-approach-2016-08-02,retrieved_extracted,,2016-08-02,312,82b3afe7ef92ba333fb180940351dd30c210b8f6d84894cd2b4216997d8c862b,0,2,,0,,0,0,,0,0,earnings_results,2,1,false,false,false,ambiguous_secondary_review,Signals are insufficient for a defensible secondary-queue decision.,,,
SEC-MEDIA-0975,Engineering News,https://www.engineeringnews.co.za/article/sibanyes-earnings-skyrocketing-2016-11-04,https://engineeringnews.co.za/article/sibanyes-earnings-skyrocketing-2016-11-04,2016,Sibanyes Earnings Skyrocketing,secondary_keyword_only_review,https://www.engineeringnews.co.za/article/sibanyes-earnings-skyrocketing-2016-11-04,retrieved_extracted,,2016-11-04,615,ff93264d9a3f3486c98509aac8e6f57a5a8ce08c3c6b2be1f40b6c9a1a49f4e4,0,6,,0,,0,0,,0,0,share_price;earnings_results;production_output,24,3,false,true,false,strong_routine_no_case_anchor,Routine corporate/financial/production article with no Marikana/Lonmin case anchor.,,,
SEC-MEDIA-0976,Engineering News,https://www.engineeringnews.co.za/article/sibanyes-first-quarter-gold-production-falls-on-strike-impact-2019-04-09,https://engineeringnews.co.za/article/sibanyes-first-quarter-gold-production-falls-on-strike-impact-2019-04-09,2019,Sibanyes First Quarter Gold Production Falls On Strike Impact,secondary_keyword_only_review,https://www.engineeringnews.co.za/article/sibanyes-first-quarter-gold-production-falls-on-strike-impact-2019-04-09,retrieved_extracted,,2019-04-09,482,3cb25725efe8ec65c83eafffc1bf7e073ba02b3b98a82fb6406e527c17ab0765,0,5,,0,strike;worker_miner;union,5,3,,0,0,earnings_results;production_output,9,2,false,true,true,sibanye_context_without_case_anchor_review,Sibanye appears with labour/social context but no Marikana/Lonmin anchor; review before exclusion.,,,
SEC-MEDIA-0977,Engineering News,https://www.engineeringnews.co.za/article/sibanyes-froneman-appointed-chair-drdgolds-pretorius-as-director-of-the-wgc-2023-10-04,https://engineeringnews.co.za/article/sibanyes-froneman-appointed-chair-drdgolds-pretorius-as-director-of-the-wgc-2023-10-04,2023,Sibanyes Froneman Appointed Chair Drdgolds Pretorius As Director Of The Wgc,secondary_keyword_only_review,https://www.engineeringnews.co.za/article/sibanyes-froneman-appointed-chair-drdgolds-pretorius-as-director-of-the-wgc-2023-10-04,retrieved_extracted,,2023-10-04,695,a2b4edf16db58b6d9c554d0556ea5ae7a92029952d75a51a1ae91f013d219ec0,0,5,,0,,0,0,community,1,1,earnings_results;transaction;exploration_project;commodity_market,6,4,false,false,false,sibanye_context_without_case_anchor_review,Sibanye appears with labour/social context but no Marikana/Lonmin anchor; review before exclusion.,,,
SEC-MEDIA-0978,Engineering News,https://www.engineeringnews.co.za/article/sibanyes-gold-operations-achieve-safety-milestone-2020-01-27,https://engineeringnews.co.za/article/sibanyes-gold-operations-achieve-safety-milestone-2020-01-27,2020,Sibanyes Gold Operations Achieve Safety Milestone,secondary_keyword_only_review,https://www.engineeringnews.co.za/article/sibanyes-gold-operations-achieve-safety-milestone-2020-01-27,retrieved_extracted,,2020-01-27,502,d785ff5de278a08b5657c352e3b28bc439eda5cb789e79d7ade760ae6cb1e49a,0,4,,0,worker_miner,1,1,justice_accountability,1,1,earnings_results;production_output,3,2,false,false,false,sibanye_context_without_case_anchor_review,Sibanye appears with labour/social context but no Marikana/Lonmin anchor; review before exclusion.,,,
SEC-MEDIA-0979,Engineering News,https://www.engineeringnews.co.za/article/sibanyes-gold-operations-offset-impact-of-lower-pgm-prices-2023-08-29,https://engineeringnews.co.za/article/sibanyes-gold-operations-offset-impact-of-lower-pgm-prices-2023-08-29,2023,Sibanyes Gold Operations Offset Impact Of Lower Pgm Prices,secondary_keyword_only_review,https://www.engineeringnews.co.za/article/sibanyes-gold-operations-offset-impact-of-lower-pgm-prices-2023-08-29,retrieved_extracted,,2023-08-29,2115,a033a979e5600f1561cd9a6b4e5a07dd253f1169eaf32fa108a42179d3b0e822,0,12,,0,worker_miner,3,1,housing,1,1,earnings_results;production_output;funding_debt;transaction;dividend_rights;exploration_project;commodity_market,62,7,false,true,false,sibanye_context_without_case_anchor_review,Sibanye appears with labour/social context but no Marikana/Lonmin anchor; review before exclusion.,,,
SEC-MEDIA-0980,Engineering News,https://www.engineeringnews.co.za/article/sibanyes-interim-earnings-boosted-by-higher-prices-weaker-dollar-2020-08-14,https://engineeringnews.co.za/article/sibanyes-interim-earnings-boosted-by-higher-prices-weaker-dollar-2020-08-14,2020,Sibanyes Interim Earnings Boosted By Higher Prices Weaker Dollar,secondary_keyword_only_review,https://www.engineeringnews.co.za/article/sibanyes-interim-earnings-boosted-by-higher-prices-weaker-dollar-2020-08-14,retrieved_extracted,,2020-08-14,745,fb9a12708fcd7cbeb065f533ed144866c3b41dc71c6b73040accd74b02322216,0,5,marikana,1,strike;worker_miner;union,3,3,,0,0,share_price;earnings_results;production_output;commodity_market,25,4,false,true,false,strong_case_context_supported,Body contains a high-specificity Marikana case term reinforced by labour/event/social/governance context.,,,
SEC-MEDIA-0981,Engineering News,https://www.engineeringnews.co.za/article/sibanyes-jse-listed-shares-rise-on-upbeat-trading-update-2020-02-14,https://engineeringnews.co.za/article/sibanyes-jse-listed-shares-rise-on-upbeat-trading-update-2020-02-14,2020,Sibanyes Jse Listed Shares Rise On Upbeat Trading Update,secondary_keyword_only_review,https://www.engineeringnews.co.za/article/sibanyes-jse-listed-shares-rise-on-upbeat-trading-update-2020-02-14,retrieved_extracted,,2020-02-14,483,2373c86bf4aa7f07d8867898c2ef042b5518631b52d3bc2d2f45a5efb5d76c88,0,3,marikana,1,strike;worker_miner,2,2,,0,0,share_price;earnings_results,9,2,false,false,false,strong_case_context_supported,Body contains a high-specificity Marikana case term reinforced by labour/event/social/governance context.,,,
SEC-MEDIA-0982,Engineering News,https://www.engineeringnews.co.za/article/sibanyes-jse-shares-fall-as-it-warns-of-drop-in-earnings-2023-02-21,https://engineeringnews.co.za/article/sibanyes-jse-shares-fall-as-it-warns-of-drop-in-earnings-2023-02-21,2023,Sibanyes Jse Shares Fall As It Warns Of Drop In Earnings,secondary_keyword_only_review,https://www.engineeringnews.co.za/article/sibanyes-jse-shares-fall-as-it-warns-of-drop-in-earnings-2023-02-21,retrieved_extracted,,2023-02-21,713,21a66168ffebb7e43990ce82ca42552e83036a97724bb75337e1dabb9c9dfaf4,0,4,,0,worker_miner;wage,2,2,,0,0,share_price;earnings_results;production_output;commodity_market,17,4,false,true,false,sibanye_context_without_case_anchor_review,Sibanye appears with labour/social context but no Marikana/Lonmin anchor; review before exclusion.,,,
SEC-MEDIA-0983,Engineering News,https://www.engineeringnews.co.za/article/sibanyes-performance-pleasing-despite-gold-downturn-moloko-2013-05-13,https://engineeringnews.co.za/article/sibanyes-performance-pleasing-despite-gold-downturn-moloko-2013-05-13,2013,Sibanyes Performance Pleasing Despite Gold Downturn Moloko,secondary_keyword_only_review,https://www.engineeringnews.co.za/article/sibanyes-performance-pleasing-despite-gold-downturn-moloko-2013-05-13,retrieved_extracted,,2013-05-13,822,b5a1a9a6ee62c9b6b3991405c1321a9d61e8f44e0c50a79c282ea733689616a9,0,8,,0,wage,1,1,,0,0,share_price;earnings_results;production_output;funding_debt;transaction;commodity_market,22,6,false,false,false,ambiguous_secondary_review,Signals are insufficient for a defensible secondary-queue decision.,,,
SEC-MEDIA-0984,Engineering News,https://www.engineeringnews.co.za/article/sibanyes-performance-pleasing-despite-gold-downturn-moloko-2013-05-24,https://engineeringnews.co.za/article/sibanyes-performance-pleasing-despite-gold-downturn-moloko-2013-05-24,2013,Sibanyes Performance Pleasing Despite Gold Downturn Moloko,secondary_keyword_only_review,https://www.engineeringnews.co.za/article/sibanyes-performance-pleasing-despite-gold-downturn-moloko-2013-05-24,retrieved_extracted,,2013-05-24,266,c720aba17fa78b1ef7a4987b341682d4d662d137b980f591e44c2966b3dcd7ca,0,0,,0,,0,0,,0,0,earnings_results,2,1,false,false,false,no_case_anchor,"Extracted article text contains no Marikana, Lonmin or Sibanye anchor.",,,
SEC-MEDIA-0985,Engineering News,https://www.engineeringnews.co.za/article/sibanyes-platinum-asset-acquisitions-nearing-completion-2015-11-30,https://engineeringnews.co.za/article/sibanyes-platinum-asset-acquisitions-nearing-completion-2015-11-30,2015,Sibanyes Platinum Asset Acquisitions Nearing Completion,secondary_keyword_only_review,https://www.engineeringnews.co.za/article/sibanyes-platinum-asset-acquisitions-nearing-completion-2015-11-30,retrieved_extracted,,2015-11-30,547,060d6ebb0b6a13edec0e63b1fdab5ca415b046a4e93e16bf2cbc29303c1d54c1,0,6,,0,,0,0,,0,0,share_price;earnings_results;transaction;commodity_market,7,4,false,false,false,ambiguous_secondary_review,Signals are insufficient for a defensible secondary-queue decision.,,,
SEC-MEDIA-0986,Engineering News,https://www.engineeringnews.co.za/article/sibanyes-q1-gold-production-falls-on-strike-impact-2019-04-19,https://engineeringnews.co.za/article/sibanyes-q1-gold-production-falls-on-strike-impact-2019-04-19,2019,Sibanyes Q1 Gold Production Falls On Strike Impact,secondary_keyword_only_review,https://www.engineeringnews.co.za/article/sibanyes-q1-gold-production-falls-on-strike-impact-2019-04-19,retrieved_extracted,,2019-04-19,266,c720aba17fa78b1ef7a4987b341682d4d662d137b980f591e44c2966b3dcd7ca,0,0,,0,,0,0,,0,0,earnings_results,2,1,false,true,true,no_case_anchor,"Extracted article text contains no Marikana, Lonmin or Sibanye anchor.",,,
SEC-MEDIA-0987,Engineering News,https://www.engineeringnews.co.za/article/sibanyes-r15m-investment-aims-to-unlock-benefits-of-4th-industrial-revolution-for-mining-2017-08-10,https://engineeringnews.co.za/article/sibanyes-r15m-investment-aims-to-unlock-benefits-of-4th-industrial-revolution-for-mining-2017-08-10,2017,Sibanyes R15M Investment Aims To Unlock Benefits Of 4Th Industrial Revolution For Mining,secondary_keyword_only_review,https://www.engineeringnews.co.za/article/sibanyes-r15m-investment-aims-to-unlock-benefits-of-4th-industrial-revolution-for-mining-2017-08-10,retrieved_extracted,,2017-08-10,726,4796cb96ff95ef0c0c6248a34860f3bb1132e56fc73b566ff2296e3960edd74c,0,8,,0,worker_miner,1,1,housing,1,1,earnings_results;exploration_project,3,2,false,false,false,sibanye_context_without_case_anchor_review,Sibanye appears with labour/social context but no Marikana/Lonmin anchor; review before exclusion.,,,
SEC-MEDIA-0988,Engineering News,https://www.engineeringnews.co.za/article/sibanyes-reports-shaft-infrastructure-damage-at-stillwater-west-mine-2023-03-13,https://engineeringnews.co.za/article/sibanyes-reports-shaft-infrastructure-damage-at-stillwater-west-mine-2023-03-13,2023,Sibanyes Reports Shaft Infrastructure Damage At Stillwater West Mine,secondary_keyword_only_review,https://www.engineeringnews.co.za/article/sibanyes-reports-shaft-infrastructure-damage-at-stillwater-west-mine-2023-03-13,retrieved_extracted,,2023-03-13,470,a40fbb656d931c1db2566c062709eb87893d6989ce7c7efdc7b7bd5751d10a54,0,4,,0,worker_miner,1,1,housing,1,1,earnings_results;production_output;exploration_project,10,3,false,false,false,sibanye_context_without_case_anchor_review,Sibanye appears with labour/social context but no Marikana/Lonmin anchor; review before exclusion.,,,
SEC-MEDIA-0989,Engineering News,https://www.engineeringnews.co.za/article/sibanyes-safety-performance-improves-as-initiatives-continue-2019-08-30,https://engineeringnews.co.za/article/sibanyes-safety-performance-improves-as-initiatives-continue-2019-08-30,2019,Sibanyes Safety Performance Improves As Initiatives Continue,secondary_keyword_only_review,https://www.engineeringnews.co.za/article/sibanyes-safety-performance-improves-as-initiatives-continue-2019-08-30,retrieved_extracted,,2019-08-30,688,95243f22db5dec851534197ce8f5ae2aafb93ad2416911e07053127016c6c40d,0,8,,0,strike;worker_miner;union,6,3,,0,0,earnings_results;production_output,7,2,false,false,false,sibanye_context_without_case_anchor_review,Sibanye appears with labour/social context but no Marikana/Lonmin anchor; review before exclusion.,,,
SEC-MEDIA-0990,Engineering News,https://www.engineeringnews.co.za/article/sibanyes-safety-performance-improves-as-initiatives-continue-2019-09-13,https://engineeringnews.co.za/article/sibanyes-safety-performance-improves-as-initiatives-continue-2019-09-13,2019,Sibanyes Safety Performance Improves As Initiatives Continue,secondary_keyword_only_review,https://www.engineeringnews.co.za/article/sibanyes-safety-performance-improves-as-initiatives-continue-2019-09-13,retrieved_extracted,,2019-09-13,661,b8b1ead0e100a64d9f540d821a3a220f538773e9eec78d34dd424b6fab74f2cc,0,7,,0,strike;worker_miner;union,6,3,,0,0,earnings_results;production_output,6,2,false,false,false,sibanye_context_without_case_anchor_review,Sibanye appears with labour/social context but no Marikana/Lonmin anchor; review before exclusion.,,,
SEC-MEDIA-0991,Engineering News,https://www.engineeringnews.co.za/article/sibanyes-south-african-pgms-output-falls-on-power-curtailments-copper-cable-theft-2022-11-03,https://engineeringnews.co.za/article/sibanyes-south-african-pgms-output-falls-on-power-curtailments-copper-cable-theft-2022-11-03,2022,Sibanyes South African Pgms Output Falls On Power Curtailments Copper Cable Theft,secondary_keyword_only_review,https://www.engineeringnews.co.za/article/sibanyes-south-african-pgms-output-falls-on-power-curtailments-copper-cable-theft-2022-11-03,retrieved_extracted,,2022-11-03,1181,40186ac091ca8d99de8843db283245acc6330b9988a0fd3f98ea35d3bd46236b,0,14,marikana,1,worker_miner,1,1,,0,0,earnings_results;production_output;funding_debt;exploration_project,38,4,false,true,false,case_name_only_routine_project_or_corporate_signal,"A Marikana-related name occurs, but the article is dominated by routine project/production/corporate context.",,,
SEC-MEDIA-0992,Engineering News,https://www.engineeringnews.co.za/article/sibanyes-stillwater-acquisition-progresses-as-it-mulls-hiking-equity-component-to-13bn-2017-02-03,https://engineeringnews.co.za/article/sibanyes-stillwater-acquisition-progresses-as-it-mulls-hiking-equity-component-to-13bn-2017-02-03,2017,Sibanyes Stillwater Acquisition Progresses As It Mulls Hiking Equity Component To 13Bn,secondary_keyword_only_review,https://www.engineeringnews.co.za/article/sibanyes-stillwater-acquisition-progresses-as-it-mulls-hiking-equity-component-to-13bn-2017-02-03,retrieved_extracted,,2017-02-03,623,b638682dedfda2dad614dc17ef8e6b59db2f21fdf4f733e19fe1264ce78c1962,0,8,,0,,0,0,,0,0,earnings_results;funding_debt;transaction;commodity_market,10,4,false,true,false,strong_routine_no_case_anchor,Routine corporate/financial/production article with no Marikana/Lonmin case anchor.,,,
SEC-MEDIA-0993,Engineering News,https://www.engineeringnews.co.za/article/sibanyes-stillwater-buy-wins-strong-shareholder-support-2017-04-25,https://engineeringnews.co.za/article/sibanyes-stillwater-buy-wins-strong-shareholder-support-2017-04-25,2017,Sibanyes Stillwater Buy Wins Strong Shareholder Support,secondary_keyword_only_review,https://www.engineeringnews.co.za/article/sibanyes-stillwater-buy-wins-strong-shareholder-support-2017-04-25,retrieved_extracted,,2017-04-25,636,45f33d72eea8c4c756091c09337b96111afc09874507b5b18a53f67bc66bfd8e,0,12,,0,,0,0,,0,0,share_price;earnings_results;funding_debt;transaction;commodity_market,17,5,false,false,false,ambiguous_secondary_review,Signals are insufficient for a defensible secondary-queue decision.,,,
SEC-MEDIA-0994,Engineering News,https://www.engineeringnews.co.za/article/sibanyes-stillwater-deal-to-come-under-april-25-spotlight-2017-03-20,https://engineeringnews.co.za/article/sibanyes-stillwater-deal-to-come-under-april-25-spotlight-2017-03-20,2017,Sibanyes Stillwater Deal To Come Under April 25 Spotlight,secondary_keyword_only_review,https://www.engineeringnews.co.za/article/sibanyes-stillwater-deal-to-come-under-april-25-spotlight-2017-03-20,retrieved_extracted,,2017-03-20,677,50e605c56abac7554cf28908db6339252b558596850dbbf7044fff5902f81f21,0,9,,0,worker_miner,1,1,,0,0,share_price;earnings_results;funding_debt;transaction;dividend_rights,15,5,false,false,false,ambiguous_secondary_review,Signals are insufficient for a defensible secondary-queue decision.,,,
SEC-MEDIA-0995,Engineering News,https://www.engineeringnews.co.za/article/sibanyes-stillwater-deal-to-come-under-april-25-spotlight-2017-03-31,https://engineeringnews.co.za/article/sibanyes-stillwater-deal-to-come-under-april-25-spotlight-2017-03-31,2017,Sibanyes Stillwater Deal To Come Under April 25 Spotlight,secondary_keyword_only_review,https://www.engineeringnews.co.za/article/sibanyes-stillwater-deal-to-come-under-april-25-spotlight-2017-03-31,retrieved_extracted,,2017-03-31,672,be4b72d7759e8e756dfd1641606aaa60fc158f59f17f6d7337a3b2d6e3a7227e,0,9,,0,worker_miner,1,1,,0,0,earnings_results;funding_debt;transaction;dividend_rights,14,4,false,false,false,ambiguous_secondary_review,Signals are insufficient for a defensible secondary-queue decision.,,,
SEC-MEDIA-0996,Engineering News,https://www.engineeringnews.co.za/article/sibanyes-stillwater-mine-suspended-for-4-6-weeks-2022-06-24,https://engineeringnews.co.za/article/sibanyes-stillwater-mine-suspended-for-4-6-weeks-2022-06-24,2022,Sibanyes Stillwater Mine Suspended For 4 6 Weeks,secondary_keyword_only_review,https://www.engineeringnews.co.za/article/sibanyes-stillwater-mine-suspended-for-4-6-weeks-2022-06-24,retrieved_extracted,,2022-06-24,517,5ffa1dafc75cdcbb1e77afcb630b3ff5081eb15048f162688c2c3df88a21bb8c,0,4,,0,worker_miner,1,1,community,1,1,earnings_results;production_output;exploration_project,4,3,false,false,false,sibanye_context_without_case_anchor_review,Sibanye appears with labour/social context but no Marikana/Lonmin anchor; review before exclusion.,,,
SEC-MEDIA-0997,Engineering News,https://www.engineeringnews.co.za/article/sibanyes-stillwater-platinum-deal-edges-forward-2017-01-19,https://engineeringnews.co.za/article/sibanyes-stillwater-platinum-deal-edges-forward-2017-01-19,2017,Sibanyes Stillwater Platinum Deal Edges Forward,secondary_keyword_only_review,https://www.engineeringnews.co.za/article/sibanyes-stillwater-platinum-deal-edges-forward-2017-01-19,retrieved_extracted,,2017-01-19,1225,a367f62a0be34cfa1181b4a019bb5f06c71becffc6a11b153811649373ebea63,0,16,,0,,0,0,community,1,1,share_price;earnings_results;production_output;funding_debt;transaction;exploration_project;commodity_market,32,7,false,false,false,sibanye_context_without_case_anchor_review,Sibanye appears with labour/social context but no Marikana/Lonmin anchor; review before exclusion.,,,
SEC-MEDIA-0998,Engineering News,https://www.engineeringnews.co.za/article/sibanyes-stillwater-platinum-deal-edges-forward-2017-01-27,https://engineeringnews.co.za/article/sibanyes-stillwater-platinum-deal-edges-forward-2017-01-27,2017,Sibanyes Stillwater Platinum Deal Edges Forward,secondary_keyword_only_review,https://www.engineeringnews.co.za/article/sibanyes-stillwater-platinum-deal-edges-forward-2017-01-27,retrieved_extracted,,2017-01-27,1220,1c1a292e5d36ca2ff258052e9707c111bf38e96d4fc2f687f737369ef1fdab4f,0,16,,0,,0,0,community,1,1,share_price;earnings_results;production_output;funding_debt;transaction;exploration_project,31,6,false,false,false,sibanye_context_without_case_anchor_review,Sibanye appears with labour/social context but no Marikana/Lonmin anchor; review before exclusion.,,,
SEC-MEDIA-0999,Engineering News,https://www.engineeringnews.co.za/article/sibanyes-stillwater-platinum-deal-runs-deep-2016-12-09,https://engineeringnews.co.za/article/sibanyes-stillwater-platinum-deal-runs-deep-2016-12-09,2016,Sibanyes Stillwater Platinum Deal Runs Deep,secondary_keyword_only_review,https://www.engineeringnews.co.za/article/sibanyes-stillwater-platinum-deal-runs-deep-2016-12-09,retrieved_extracted,,2016-12-09,1335,8fe29ab89eacec17b523a925b272c77c3baa2d2c2cb8f465b8782fb459e29303,1,21,,0,worker_miner;wage,2,2,community,1,1,share_price;earnings_results;production_output;funding_debt;transaction;dividend_rights;exploration_project,26,7,false,false,false,possible_lonmin_substantive_context,Lonmin appears with labour/event/social/governance signals; direct substantive review is required.,,,
SEC-MEDIA-1000,Engineering News,https://www.engineeringnews.co.za/article/sibanyestops-south-africa-gold-mining-operations-as-strike-begins-2022-03-10,https://engineeringnews.co.za/article/sibanyestops-south-africa-gold-mining-operations-as-strike-begins-2022-03-10,2022,Sibanyestops South Africa Gold Mining Operations As Strike Begins,secondary_keyword_only_review,https://www.engineeringnews.co.za/article/sibanyestops-south-africa-gold-mining-operations-as-strike-begins-2022-03-10,retrieved_extracted,,2022-03-10,591,fdd84c175f197da2538ce0eddd759de9e05cd6294a64fa6ec59ef5285717d1c1,0,8,,0,strike;worker_miner;wage;union,28,4,,0,0,earnings_results;production_output,3,2,false,false,true,sibanye_context_without_case_anchor_review,Sibanye appears with labour/social context but no Marikana/Lonmin anchor; review before exclusion.,,,
SEC-MEDIA-1001,Engineering News,https://www.engineeringnews.co.za/article/silver-is-smart-metal-that-fits-sibanye-stillwaters-green-space-froneman-2021-03-31,https://engineeringnews.co.za/article/silver-is-smart-metal-that-fits-sibanye-stillwaters-green-space-froneman-2021-03-31,2021,Silver Is Smart Metal That Fits Sibanye Stillwaters Green Space Froneman,secondary_keyword_only_review,https://www.engineeringnews.co.za/article/silver-is-smart-metal-that-fits-sibanye-stillwaters-green-space-froneman-2021-03-31,retrieved_extracted,,2021-03-31,1432,878e4c3f00fedb522f599a6f9f9e862ed3b7b3988a194f2cb6dcbf21ba49c444,0,4,,0,wage,1,1,,0,0,earnings_results;production_output;funding_debt;dividend_rights;exploration_project;commodity_market,9,6,false,false,false,ambiguous_secondary_review,Signals are insufficient for a defensible secondary-queue decision.,,,
SEC-MEDIA-1002,Engineering News,https://www.engineeringnews.co.za/article/simplification-of-wul-applications-key-sibanye-2017-08-18,https://engineeringnews.co.za/article/simplification-of-wul-applications-key-sibanye-2017-08-18,2017,Simplification Of Wul Applications Key Sibanye,secondary_keyword_only_review,https://www.engineeringnews.co.za/article/simplification-of-wul-applications-key-sibanye-2017-08-18,retrieved_extracted,,2017-08-18,671,6a770bfdf3d82da5cded0cd0802f04cf53d00e57bc12cdc5965d1d2e9faf76fd,0,1,,0,worker_miner,1,1,,0,0,earnings_results,2,1,false,false,false,ambiguous_secondary_review,Signals are insufficient for a defensible secondary-queue decision.,,,
SEC-MEDIA-1003,Engineering News,https://www.engineeringnews.co.za/article/solidarity-accepts-sibanyes-final-wage-offer-2022-03-02,https://engineeringnews.co.za/article/solidarity-accepts-sibanyes-final-wage-offer-2022-03-02,2022,Solidarity Accepts Sibanyes Final Wage Offer,secondary_keyword_only_review,https://www.engineeringnews.co.za/article/solidarity-accepts-sibanyes-final-wage-offer-2022-03-02,retrieved_extracted,,2022-03-02,603,229a0a6cc6de5e1dd4651031b794fff7def0f67e4a6255f2a4a1b0da1873786a,0,8,,0,strike;worker_miner;wage;union,13,4,housing,1,1,earnings_results,2,1,false,false,false,sibanye_context_without_case_anchor_review,Sibanye appears with labour/social context but no Marikana/Lonmin anchor; review before exclusion.,,,
SEC-MEDIA-1004,Engineering News,https://www.engineeringnews.co.za/article/solidarity-calls-for-action-after-illegal-miners-allegedly-kill-sibanye-stillwater-employee-2022-06-07,https://engineeringnews.co.za/article/solidarity-calls-for-action-after-illegal-miners-allegedly-kill-sibanye-stillwater-employee-2022-06-07,2022,Solidarity Calls For Action After Illegal Miners Allegedly Kill Sibanye Stillwater Employee,secondary_keyword_only_review,https://www.engineeringnews.co.za/article/solidarity-calls-for-action-after-illegal-miners-allegedly-kill-sibanye-stillwater-employee-2022-06-07,retrieved_extracted,,2022-06-07,581,898332c6327198b038bf3e543e2ef153500a0dedd8d36c90e3ad964e00e982a7,0,3,,0,worker_miner;shooting_death;wage;union,14,4,,0,0,earnings_results,2,1,false,false,true,sibanye_context_without_case_anchor_review,Sibanye appears with labour/social context but no Marikana/Lonmin anchor; review before exclusion.,,,
SEC-MEDIA-1005,Engineering News,https://www.engineeringnews.co.za/article/solidarity-meets-sibanye-over-amcus-wage-deal-2016-04-18,https://engineeringnews.co.za/article/solidarity-meets-sibanye-over-amcus-wage-deal-2016-04-18,2016,Solidarity Meets Sibanye Over Amcus Wage Deal,secondary_keyword_only_review,https://www.engineeringnews.co.za/article/solidarity-meets-sibanye-over-amcus-wage-deal-2016-04-18,retrieved_extracted,,2016-04-18,749,7f05340940943288b86056a107f201ec56d9ec967888b13456411e2db950f4c4,0,7,,0,strike;worker_miner;wage;union;protest_unrest,48,5,,0,0,earnings_results;production_output,4,2,false,false,false,sibanye_context_without_case_anchor_review,Sibanye appears with labour/social context but no Marikana/Lonmin anchor; review before exclusion.,,,
SEC-MEDIA-1006,Engineering News,https://www.engineeringnews.co.za/article/solidarity-num-sign-agreements-with-sibanye-to-soften-job-cuts-2014-11-13,https://engineeringnews.co.za/article/solidarity-num-sign-agreements-with-sibanye-to-soften-job-cuts-2014-11-13,2014,Solidarity Num Sign Agreements With Sibanye To Soften Job Cuts,secondary_keyword_only_review,https://www.engineeringnews.co.za/article/solidarity-num-sign-agreements-with-sibanye-to-soften-job-cuts-2014-11-13,retrieved_extracted,,2014-11-13,504,cb2aa1faa5862f59494f94b06169237611deb99c12664f663d7e35b555e0880f,0,5,,0,worker_miner;union,7,2,commission_inquiry,1,1,earnings_results;exploration_project,5,2,false,false,true,sibanye_context_without_case_anchor_review,Sibanye appears with labour/social context but no Marikana/Lonmin anchor; review before exclusion.,,,
SEC-MEDIA-1007,Engineering News,https://www.engineeringnews.co.za/article/solidarity-says-to-meet-with-sibanye-management-on-retrenchments-2013-04-09,https://engineeringnews.co.za/article/solidarity-says-to-meet-with-sibanye-management-on-retrenchments-2013-04-09,2013,Solidarity Says To Meet With Sibanye Management On Retrenchments,secondary_keyword_only_review,https://www.engineeringnews.co.za/article/solidarity-says-to-meet-with-sibanye-management-on-retrenchments-2013-04-09,retrieved_extracted,,2013-04-09,711,8e63b2dcd2fdfadbe1b48274509de652d1f72044b148f2003cfe3b66346cf188,0,4,,0,worker_miner;wage;union,8,3,,0,0,earnings_results;exploration_project,6,2,false,false,true,sibanye_context_without_case_anchor_review,Sibanye appears with labour/social context but no Marikana/Lonmin anchor; review before exclusion.,,,
SEC-MEDIA-1008,Engineering News,https://www.engineeringnews.co.za/article/solidarity-seeks-urgent-interdict-against-sibanye-to-block-immoral-lock-out-2022-03-09,https://engineeringnews.co.za/article/solidarity-seeks-urgent-interdict-against-sibanye-to-block-immoral-lock-out-2022-03-09,2022,Solidarity Seeks Urgent Interdict Against Sibanye To Block Immoral Lock Out,secondary_keyword_only_review,https://www.engineeringnews.co.za/article/solidarity-seeks-urgent-interdict-against-sibanye-to-block-immoral-lock-out-2022-03-09,retrieved_extracted,,2022-03-09,718,e06dc52a85dcd0f3e4c20726e737bbdc51e6b73b68c3a19b0cc3f6d3b728da8b,0,13,,0,strike;worker_miner;shooting_death;wage;union,16,5,housing,1,1,earnings_results,2,1,false,false,false,sibanye_context_without_case_anchor_review,Sibanye appears with labour/social context but no Marikana/Lonmin anchor; review before exclusion.,,,
SEC-MEDIA-1009,Engineering News,https://www.engineeringnews.co.za/article/solidarity-suggests-sibanye-should-undergo-business-rescue-2021-12-06,https://engineeringnews.co.za/article/solidarity-suggests-sibanye-should-undergo-business-rescue-2021-12-06,2021,Solidarity Suggests Sibanye Should Undergo Business Rescue,secondary_keyword_only_review,https://www.engineeringnews.co.za/article/solidarity-suggests-sibanye-should-undergo-business-rescue-2021-12-06,retrieved_extracted,,2021-12-06,684,882bba14205af273e7712521816f0ad7016dc70f69a4d9a1d4704f5eca30f7c7,0,8,,0,worker_miner;wage;union,13,3,housing;commission_inquiry,3,2,earnings_results;commodity_market,3,2,false,false,false,sibanye_context_without_case_anchor_review,Sibanye appears with labour/social context but no Marikana/Lonmin anchor; review before exclusion.,,,
SEC-MEDIA-1010,Engineering News,https://www.engineeringnews.co.za/article/solidarity-to-urge-members-to-accept-sibanyes-revised-gold-wage-offer-2022-02-07,https://engineeringnews.co.za/article/solidarity-to-urge-members-to-accept-sibanyes-revised-gold-wage-offer-2022-02-07,2022,Solidarity To Urge Members To Accept Sibanyes Revised Gold Wage Offer,secondary_keyword_only_review,https://www.engineeringnews.co.za/article/solidarity-to-urge-members-to-accept-sibanyes-revised-gold-wage-offer-2022-02-07,retrieved_extracted,,2022-02-07,635,816bbfe4357d8043ab058a2e65350bc49a6378ffa32a561443706d1601ad8f29,0,7,,0,strike;worker_miner;wage;union,16,4,commission_inquiry,1,1,earnings_results,2,1,false,false,false,sibanye_context_without_case_anchor_review,Sibanye appears with labour/social context but no Marikana/Lonmin anchor; review before exclusion.,,,
SEC-MEDIA-1011,Engineering News,https://www.engineeringnews.co.za/article/solidarity-uasa-members-no-longer-subject-to-lockout-at-sibanyes-gold-mines-2022-03-14,https://engineeringnews.co.za/article/solidarity-uasa-members-no-longer-subject-to-lockout-at-sibanyes-gold-mines-2022-03-14,2022,Solidarity Uasa Members No Longer Subject To Lockout At Sibanyes Gold Mines,secondary_keyword_only_review,https://www.engineeringnews.co.za/article/solidarity-uasa-members-no-longer-subject-to-lockout-at-sibanyes-gold-mines-2022-03-14,retrieved_extracted,,2022-03-14,582,cf93bd924f3f43b62c9d37e15edbc49a338d247cf3698db218070bedcfcbb02c,0,8,,0,strike;worker_miner;wage;union,16,4,,0,0,earnings_results,2,1,false,false,false,sibanye_context_without_case_anchor_review,Sibanye appears with labour/social context but no Marikana/Lonmin anchor; review before exclusion.,,,
SEC-MEDIA-1012,Engineering News,https://www.engineeringnews.co.za/article/south-africa-losing-out-on-billions-of-rands-sibanye-on-millions-owing-to-illegal-mining-2017-07-29,https://engineeringnews.co.za/article/south-africa-losing-out-on-billions-of-rands-sibanye-on-millions-owing-to-illegal-mining-2017-07-29,2017,South Africa Losing Out On Billions Of Rands Sibanye On Millions Owing To Illegal Mining,secondary_keyword_only_review,https://www.engineeringnews.co.za/article/south-africa-losing-out-on-billions-of-rands-sibanye-on-millions-owing-to-illegal-mining-2017-07-29,retrieved_extracted,,2017-07-29,596,3189955564bb3f7db5d31390137eac5f97b3009e168f8f0e0cef10a6b28a2bcf,0,5,,0,worker_miner,8,1,,0,0,earnings_results;production_output,8,2,false,false,false,ambiguous_secondary_review,Signals are insufficient for a defensible secondary-queue decision.,,,
SEC-MEDIA-1013,Engineering News,https://www.engineeringnews.co.za/article/south-african-court-blocks-mine-union-amcu-plans-for-industry-wide-strike-2019-03-15,https://engineeringnews.co.za/article/south-african-court-blocks-mine-union-amcu-plans-for-industry-wide-strike-2019-03-15,2019,South African Court Blocks Mine Union Amcu Plans For Industry Wide Strike,secondary_keyword_only_review,https://www.engineeringnews.co.za/article/south-african-court-blocks-mine-union-amcu-plans-for-industry-wide-strike-2019-03-15,retrieved_extracted,,2019-03-15,560,fbd8eefb8f452c5d197b8695f3d6b809f2728c33885ccc65cf54f7ffc4d71abf,3,2,,0,strike;worker_miner;wage;union,17,4,,0,0,earnings_results;production_output,4,2,false,false,true,strong_lonmin_context_supported,"No high-specificity case term, but Lonmin is repeatedly substantive alongside strong labour/social/governance context.",,,
SEC-MEDIA-1014,Engineering News,https://www.engineeringnews.co.za/article/south-african-government-says-it-intends-to-de-register-amcu-union-2019-04-24,https://engineeringnews.co.za/article/south-african-government-says-it-intends-to-de-register-amcu-union-2019-04-24,2019,South African Government Says It Intends To De Register Amcu Union,secondary_keyword_only_review,https://www.engineeringnews.co.za/article/south-african-government-says-it-intends-to-de-register-amcu-union-2019-04-24,retrieved_extracted,,2019-04-24,294,260da0972e9a61bd6745d64915fb1540bb3c38cdd174535665b03b5af16b110f,0,0,,0,,0,0,,0,0,earnings_results,2,1,false,false,true,no_case_anchor,"Extracted article text contains no Marikana, Lonmin or Sibanye anchor.",,,
SEC-MEDIA-1015,Engineering News,https://www.engineeringnews.co.za/article/south-african-government-says-it-intends-to-deregister-amcu-2019-04-24,https://engineeringnews.co.za/article/south-african-government-says-it-intends-to-deregister-amcu-2019-04-24,2019,South African Government Says It Intends To Deregister Amcu,secondary_keyword_only_review,https://www.engineeringnews.co.za/article/south-african-government-says-it-intends-to-deregister-amcu-2019-04-24,retrieved_extracted,,2019-04-24,495,4646b356e114ad33a422506140126f11e0dafb18c313d44720636a0319c74d9f,1,2,,0,strike;worker_miner;union,14,3,,0,0,earnings_results,3,1,false,false,true,possible_lonmin_substantive_context,Lonmin appears with labour/event/social/governance signals; direct substantive review is required.,,,
SEC-MEDIA-1016,Engineering News,https://www.engineeringnews.co.za/article/sp-revises-outlook-to-positive-for-sibanye-stillwater-2021-05-31,https://engineeringnews.co.za/article/sp-revises-outlook-to-positive-for-sibanye-stillwater-2021-05-31,2021,Sp Revises Outlook To Positive For Sibanye Stillwater,secondary_keyword_only_review,https://www.engineeringnews.co.za/article/sp-revises-outlook-to-positive-for-sibanye-stillwater-2021-05-31,retrieved_extracted,,2021-05-31,695,1dbe3e1c97639a92cb5047650f31e1de2a95ba66442ab7ae20e5fc443b372e4c,0,5,,0,worker_miner,3,1,,0,0,share_price;earnings_results;funding_debt,10,3,false,false,false,ambiguous_secondary_review,Signals are insufficient for a defensible secondary-queue decision.,,,
SEC-MEDIA-1017,Engineering News,https://www.engineeringnews.co.za/article/sp-revises-sibanyes-outlook-to-negative-owing-to-liquidity-concerns-2019-06-14,https://engineeringnews.co.za/article/sp-revises-sibanyes-outlook-to-negative-owing-to-liquidity-concerns-2019-06-14,2019,Sp Revises Sibanyes Outlook To Negative Owing To Liquidity Concerns,secondary_keyword_only_review,https://www.engineeringnews.co.za/article/sp-revises-sibanyes-outlook-to-negative-owing-to-liquidity-concerns-2019-06-14,retrieved_extracted,,2019-06-14,880,87345875d713de4c6947259062bdad9c7836126790b5ddac10e2fe4e46be3c83,4,16,,0,strike;worker_miner;wage;union,17,4,,0,0,earnings_results;production_output;funding_debt;transaction;commodity_market,13,5,false,false,false,strong_lonmin_context_supported,"No high-specificity case term, but Lonmin is repeatedly substantive alongside strong labour/social/governance context.",,,
SEC-MEDIA-1018,Engineering News,https://www.engineeringnews.co.za/article/stillwater-deal-advances-as-sibanye-grasps-26bn-bridge-finance-nettle-2017-02-13,https://engineeringnews.co.za/article/stillwater-deal-advances-as-sibanye-grasps-26bn-bridge-finance-nettle-2017-02-13,2017,Stillwater Deal Advances As Sibanye Grasps 26Bn Bridge Finance Nettle,secondary_keyword_only_review,https://www.engineeringnews.co.za/article/stillwater-deal-advances-as-sibanye-grasps-26bn-bridge-finance-nettle-2017-02-13,retrieved_extracted,,2017-02-13,1223,54f835f6b6143c922438f33fa28a95bc5251b096f0a93da677d197f8d9870a34,0,19,,0,,0,0,community,1,1,share_price;earnings_results;production_output;funding_debt;transaction;dividend_rights;exploration_project;commodity_market,35,8,false,false,false,sibanye_context_without_case_anchor_review,Sibanye appears with labour/social context but no Marikana/Lonmin anchor; review before exclusion.,,,
SEC-MEDIA-1019,Engineering News,https://www.engineeringnews.co.za/article/strike-hit-but-upbeat-sibanye-confident-of-value-uplift-as-precious-metals-shine-2019-02-21,https://engineeringnews.co.za/article/strike-hit-but-upbeat-sibanye-confident-of-value-uplift-as-precious-metals-shine-2019-02-21,2019,Strike Hit But Upbeat Sibanye Confident Of Value Uplift As Precious Metals Shine,secondary_keyword_only_review,https://www.engineeringnews.co.za/article/strike-hit-but-upbeat-sibanye-confident-of-value-uplift-as-precious-metals-shine-2019-02-21,retrieved_extracted,,2019-02-21,711,c361c89cec9a3ecbca18c397b08ff35cf4adc3f7b362d85bd814dd22ac67a4cc,0,5,,0,strike;worker_miner;union,10,3,,0,0,earnings_results;production_output;funding_debt;transaction;exploration_project;commodity_market,14,6,false,false,true,sibanye_context_without_case_anchor_review,Sibanye appears with labour/social context but no Marikana/Lonmin anchor; review before exclusion.,,,
SEC-MEDIA-1020,Engineering News,https://www.engineeringnews.co.za/article/striking-workers-losing-2-years-of-increase-value-as-strike-intensifies-says-sibanye-2022-04-13,https://engineeringnews.co.za/article/striking-workers-losing-2-years-of-increase-value-as-strike-intensifies-says-sibanye-2022-04-13,2022,Striking Workers Losing 2 Years Of Increase Value As Strike Intensifies Says Sibanye,secondary_keyword_only_review,https://www.engineeringnews.co.za/article/striking-workers-losing-2-years-of-increase-value-as-strike-intensifies-says-sibanye-2022-04-13,retrieved_extracted,,2022-04-13,969,208b21b5ab17d0f206e625402f2be03bfb762de70fd651f0485f416db614a4cb,0,12,,0,strike;worker_miner;wage;union;protest_unrest,59,5,,0,0,earnings_results,2,1,false,false,true,sibanye_context_without_case_anchor_review,Sibanye appears with labour/social context but no Marikana/Lonmin anchor; review before exclusion.,,,
SEC-MEDIA-1021,Engineering News,https://www.engineeringnews.co.za/article/strong-platinum-leadership-needed-sibanye-2016-05-13,https://engineeringnews.co.za/article/strong-platinum-leadership-needed-sibanye-2016-05-13,2016,Strong Platinum Leadership Needed Sibanye,secondary_keyword_only_review,https://www.engineeringnews.co.za/article/strong-platinum-leadership-needed-sibanye-2016-05-13,retrieved_extracted,,2016-05-13,603,5e08c48d8679f45413ab2196f2dd4e7a9f527019d240ab88bf6787ec616d873e,0,6,,0,worker_miner;protest_unrest,2,2,community,1,1,share_price;earnings_results;production_output;transaction;dividend_rights,11,5,false,false,false,sibanye_context_without_case_anchor_review,Sibanye appears with labour/social context but no Marikana/Lonmin anchor; review before exclusion.,,,
SEC-MEDIA-1022,Engineering News,https://www.engineeringnews.co.za/article/struggle-continues-amcu-2014-03-18,https://engineeringnews.co.za/article/struggle-continues-amcu-2014-03-18,2014,Struggle Continues Amcu,secondary_keyword_only_review,https://www.engineeringnews.co.za/article/struggle-continues-amcu-2014-03-18,retrieved_extracted,,2014-03-18,461,62f7e78bb26de07309fc9a85c6eb38dbc0055aa60481dc7fca0fdbaf73dd0b67,0,0,,0,strike;worker_miner;wage;union,16,4,housing,1,1,earnings_results,2,1,false,false,true,no_case_anchor,"Extracted article text contains no Marikana, Lonmin or Sibanye anchor.",,,
SEC-MEDIA-1023,Engineering News,https://www.engineeringnews.co.za/article/substituting-rhodium-with-palladium-next-says-sibanye-stillwater-2021-03-25,https://engineeringnews.co.za/article/substituting-rhodium-with-palladium-next-says-sibanye-stillwater-2021-03-25,2021,Substituting Rhodium With Palladium Next Says Sibanye Stillwater,secondary_keyword_only_review,https://www.engineeringnews.co.za/article/substituting-rhodium-with-palladium-next-says-sibanye-stillwater-2021-03-25,retrieved_extracted,,2021-03-25,763,845c38378d66f98be0cf072601f1cc7cb8fc6c1ab1daaa1e82b0f53cab080d43,0,6,,0,,0,0,housing;justice_accountability,2,2,earnings_results;commodity_market,6,2,false,false,false,sibanye_context_without_case_anchor_review,Sibanye appears with labour/social context but no Marikana/Lonmin anchor; review before exclusion.,,,
SEC-MEDIA-1024,Engineering News,https://www.engineeringnews.co.za/article/successful-sibanye-refinancing-demonstrates-local-and-global-finance-partnership-opportunities-2014-05-26,https://engineeringnews.co.za/article/successful-sibanye-refinancing-demonstrates-local-and-global-finance-partnership-opportunities-2014-05-26,2014,Successful Sibanye Refinancing Demonstrates Local And Global Finance Partnership Opportunities,secondary_keyword_only_review,https://www.engineeringnews.co.za/article/successful-sibanye-refinancing-demonstrates-local-and-global-finance-partnership-opportunities-2014-05-26,retrieved_extracted,,2014-05-26,626,37442ba45e85fdac6c11e25700af6b8b7205126cccfff414de5daa74ea16b8a6,0,7,,0,worker_miner,1,1,,0,0,earnings_results;funding_debt;dividend_rights,14,3,false,true,false,strong_routine_no_case_anchor,Routine corporate/financial/production article with no Marikana/Lonmin case anchor.,,,
SEC-MEDIA-1025,Engineering News,https://www.engineeringnews.co.za/article/talbot-and-sibanye-stillwaters-kloof-mine-another-step-closer-to-water-independence-2023-08-17,https://engineeringnews.co.za/article/talbot-and-sibanye-stillwaters-kloof-mine-another-step-closer-to-water-independence-2023-08-17,2023,Talbot And Sibanye Stillwaters Kloof Mine Another Step Closer To Water Independence,secondary_keyword_only_review,https://www.engineeringnews.co.za/article/talbot-and-sibanye-stillwaters-kloof-mine-another-step-closer-to-water-independence-2023-08-17,retrieved_extracted,,2023-08-17,1050,8e217420f5b74f37ca91c8e683370ec038a5294bcd9a99ee622c530e96bdc0dc,0,7,,0,worker_miner,2,1,community,2,1,earnings_results;transaction;exploration_project,8,3,false,false,false,sibanye_context_without_case_anchor_review,Sibanye appears with labour/social context but no Marikana/Lonmin anchor; review before exclusion.,,,
SEC-MEDIA-1026,Engineering News,https://www.engineeringnews.co.za/article/tenova-awarded-sibanye-tailings-retreatment-dfs-contract-2014-07-15,https://engineeringnews.co.za/article/tenova-awarded-sibanye-tailings-retreatment-dfs-contract-2014-07-15,2014,Tenova Awarded Sibanye Tailings Retreatment Dfs Contract,secondary_keyword_only_review,https://www.engineeringnews.co.za/article/tenova-awarded-sibanye-tailings-retreatment-dfs-contract-2014-07-15,retrieved_extracted,,2014-07-15,666,243a8ee3a796529ff237482bd2eb7e715d10518c2c0b87c030f2f7ff77f872d7,0,6,,0,worker_miner,1,1,,0,0,earnings_results;exploration_project,15,2,false,true,false,strong_routine_no_case_anchor,Routine corporate/financial/production article with no Marikana/Lonmin case anchor.,,,
SEC-MEDIA-1027,Engineering News,https://www.engineeringnews.co.za/article/tenova-awarded-sibanye-tailings-retreatment-dfs-contract-2014-07-25,https://engineeringnews.co.za/article/tenova-awarded-sibanye-tailings-retreatment-dfs-contract-2014-07-25,2014,Tenova Awarded Sibanye Tailings Retreatment Dfs Contract,secondary_keyword_only_review,https://www.engineeringnews.co.za/article/tenova-awarded-sibanye-tailings-retreatment-dfs-contract-2014-07-25,retrieved_extracted,,2014-07-25,659,46c9074a43cb5416474102207ddd3ec5abc8af927a1b71603b9a39b9e8a04281,0,6,,0,worker_miner,1,1,,0,0,earnings_results;exploration_project,15,2,false,true,false,strong_routine_no_case_anchor,Routine corporate/financial/production article with no Marikana/Lonmin case anchor.,,,
SEC-MEDIA-1028,Engineering News,https://www.engineeringnews.co.za/article/tharisa-amcu-agree-to-two-year-wage-deal-2018-11-27,https://engineeringnews.co.za/article/tharisa-amcu-agree-to-two-year-wage-deal-2018-11-27,2018,Tharisa Amcu Agree To Two Year Wage Deal,secondary_keyword_only_review,https://www.engineeringnews.co.za/article/tharisa-amcu-agree-to-two-year-wage-deal-2018-11-27,retrieved_extracted,,2018-11-27,351,cd01321108aafe8116a00236b19a10a202893dbca9a85d054f2362107d963123,0,0,,0,worker_miner;wage;union,6,3,,0,0,earnings_results,2,1,false,false,true,no_case_anchor,"Extracted article text contains no Marikana, Lonmin or Sibanye anchor.",,,
SEC-MEDIA-1029,Engineering News,https://www.engineeringnews.co.za/article/third-amcu-strike-will-lift-number-of-striking-workers-to-80-000-union-2014-01-20,https://engineeringnews.co.za/article/third-amcu-strike-will-lift-number-of-striking-workers-to-80-000-union-2014-01-20,2014,Third Amcu Strike Will Lift Number Of Striking Workers To 80 000 Union,secondary_keyword_only_review,https://www.engineeringnews.co.za/article/third-amcu-strike-will-lift-number-of-striking-workers-to-80-000-union-2014-01-20,retrieved_extracted,,2014-01-20,820,8e06b24436d7ae1d7507a4d1d160f7e58e00a7f32c015e6fecae980915eb70af,5,1,,0,strike;worker_miner;wage;union;protest_unrest,41,5,,0,0,earnings_results;funding_debt,3,2,false,false,true,strong_lonmin_context_supported,"No high-specificity case term, but Lonmin is repeatedly substantive alongside strong labour/social/governance context.",,,
SEC-MEDIA-1030,Engineering News,https://www.engineeringnews.co.za/article/third-quarter-sibanye-stillwater-operating-profit-up-41-2017-10-26,https://engineeringnews.co.za/article/third-quarter-sibanye-stillwater-operating-profit-up-41-2017-10-26,2017,Third Quarter Sibanye Stillwater Operating Profit Up 41,secondary_keyword_only_review,https://www.engineeringnews.co.za/article/third-quarter-sibanye-stillwater-operating-profit-up-41-2017-10-26,retrieved_extracted,,2017-10-26,619,558a29abcf1f9fba9476329548d44171a16c64aca292fa267dfcb3682535b9d5,0,2,,0,shooting_death,1,1,,0,0,earnings_results;production_output;exploration_project,13,3,false,false,false,ambiguous_secondary_review,Signals are insufficient for a defensible secondary-queue decision.,,,
SEC-MEDIA-1031,Engineering News,https://www.engineeringnews.co.za/article/third-quarter-sibanye-stillwater-operating-profit-up-41-2017-11-03,https://engineeringnews.co.za/article/third-quarter-sibanye-stillwater-operating-profit-up-41-2017-11-03,2017,Third Quarter Sibanye Stillwater Operating Profit Up 41,secondary_keyword_only_review,https://www.engineeringnews.co.za/article/third-quarter-sibanye-stillwater-operating-profit-up-41-2017-11-03,retrieved_extracted,,2017-11-03,615,0b2e6b5789c890b7febc0f36f5ac98c5ac941bcc58f7e215de8321443668c2ed,0,2,,0,shooting_death,1,1,,0,0,earnings_results;production_output;exploration_project,13,3,false,false,false,ambiguous_secondary_review,Signals are insufficient for a defensible secondary-queue decision.,,,
SEC-MEDIA-1032,Engineering News,https://www.engineeringnews.co.za/article/this-cannot-continue-says-amcu-after-another-fatality-at-sibanye-stillwater-2019-10-14,https://engineeringnews.co.za/article/this-cannot-continue-says-amcu-after-another-fatality-at-sibanye-stillwater-2019-10-14,2019,This Cannot Continue Says Amcu After Another Fatality At Sibanye Stillwater,secondary_keyword_only_review,https://www.engineeringnews.co.za/article/this-cannot-continue-says-amcu-after-another-fatality-at-sibanye-stillwater-2019-10-14,retrieved_extracted,,2019-10-14,616,6a79e8acf1fd23f4fd9ae15e0d50d5e02c75963da905e3ff8fcefce0295e2c85,1,7,,0,worker_miner;shooting_death;union,15,3,justice_accountability,1,1,earnings_results;exploration_project,5,2,false,false,true,possible_lonmin_substantive_context,Lonmin appears with labour/event/social/governance signals; direct substantive review is required.,,,
SEC-MEDIA-1033,Engineering News,https://www.engineeringnews.co.za/article/threat-of-deregistration-motivated-by-state-captured-by-white-monopoly-capital-says-amcu-2019-04-26,https://engineeringnews.co.za/article/threat-of-deregistration-motivated-by-state-captured-by-white-monopoly-capital-says-amcu-2019-04-26,2019,Threat Of Deregistration Motivated By State Captured By White Monopoly Capital Says Amcu,secondary_keyword_only_review,https://www.engineeringnews.co.za/article/threat-of-deregistration-motivated-by-state-captured-by-white-monopoly-capital-says-amcu-2019-04-26,retrieved_extracted,,2019-04-26,1026,b9e4d72a707d616d3690b820a9ec9eccdeb5ae9a644c99a5f6885e54daa55f0e,0,2,,0,strike;worker_miner;wage;union,41,4,,0,0,earnings_results,2,1,false,false,true,sibanye_context_without_case_anchor_review,Sibanye appears with labour/social context but no Marikana/Lonmin anchor; review before exclusion.,,,
SEC-MEDIA-1034,Engineering News,https://www.engineeringnews.co.za/article/three-miners-killed-in-accident-at-sibanye-gold-mine-2018-06-11,https://engineeringnews.co.za/article/three-miners-killed-in-accident-at-sibanye-gold-mine-2018-06-11,2018,Three Miners Killed In Accident At Sibanye Gold Mine,secondary_keyword_only_review,https://www.engineeringnews.co.za/article/three-miners-killed-in-accident-at-sibanye-gold-mine-2018-06-11,retrieved_extracted,,2018-06-11,547,591873744b08d011f7f4cc2f0563f160e634fc74d2f879781c753fabb695cf90,0,7,,0,worker_miner;shooting_death;union,8,3,,0,0,share_price;earnings_results,3,2,false,false,true,sibanye_context_without_case_anchor_review,Sibanye appears with labour/social context but no Marikana/Lonmin anchor; review before exclusion.,,,
SEC-MEDIA-1035,Engineering News,https://www.engineeringnews.co.za/article/trapped-miner-rescued-at-sibanyes-cooke-1-shaft-2016-02-03,https://engineeringnews.co.za/article/trapped-miner-rescued-at-sibanyes-cooke-1-shaft-2016-02-03,2016,Trapped Miner Rescued At Sibanyes Cooke 1 Shaft,secondary_keyword_only_review,https://www.engineeringnews.co.za/article/trapped-miner-rescued-at-sibanyes-cooke-1-shaft-2016-02-03,retrieved_extracted,,2016-02-03,465,e310c71fd44f8dea1db78a5544343939e3c9a417fb050e0008db302297bf040c,0,5,,0,worker_miner,5,1,,0,0,earnings_results;exploration_project,4,2,false,false,true,ambiguous_secondary_review,Signals are insufficient for a defensible secondary-queue decision.,,,
SEC-MEDIA-1036,Engineering News,https://www.engineeringnews.co.za/article/trapped-miners-at-south-africas-sibanye-stillwater-gold-mine-brought-to-surface-2018-02-02,https://engineeringnews.co.za/article/trapped-miners-at-south-africas-sibanye-stillwater-gold-mine-brought-to-surface-2018-02-02,2018,Trapped Miners At South Africas Sibanye Stillwater Gold Mine Brought To Surface,secondary_keyword_only_review,https://www.engineeringnews.co.za/article/trapped-miners-at-south-africas-sibanye-stillwater-gold-mine-brought-to-surface-2018-02-02,retrieved_extracted,,2018-02-02,340,90433c91328f9e02758409995ca038a097ce33052ae2a77b663fa089d2c561d4,0,2,,0,worker_miner,2,1,,0,0,earnings_results,2,1,false,false,true,ambiguous_secondary_review,Signals are insufficient for a defensible secondary-queue decision.,,,
SEC-MEDIA-1037,Engineering News,https://www.engineeringnews.co.za/article/ug2-outperfoms-as-sibanye-stillwater-positions-for-new-world--2019-02-21,https://engineeringnews.co.za/article/ug2-outperfoms-as-sibanye-stillwater-positions-for-new-world--2019-02-21,2019,Ug2 Outperfoms As Sibanye Stillwater Positions For New World,secondary_keyword_only_review,https://www.engineeringnews.co.za/article/ug2-outperfoms-as-sibanye-stillwater-positions-for-new-world--2019-02-21,retrieved_extracted,,2019-02-21,1177,1367e78525bb3cc6a150e0bc2b1963dc7c2309af6d7205b9e7e1ca3828f96f6c,3,14,,0,,0,0,,0,0,share_price;earnings_results;production_output;transaction;exploration_project;commodity_market,17,6,false,false,false,lonmin_low_context_review,Lonmin occurs in the body but without enough case/labour/social context for a defensible decision.,,,
SEC-MEDIA-1038,Engineering News,https://www.engineeringnews.co.za/article/ug2-outperforms-as-sibanye-positions-for-new-world--2019-03-01,https://engineeringnews.co.za/article/ug2-outperforms-as-sibanye-positions-for-new-world--2019-03-01,2019,Ug2 Outperforms As Sibanye Positions For New World,secondary_keyword_only_review,https://www.engineeringnews.co.za/article/ug2-outperforms-as-sibanye-positions-for-new-world--2019-03-01,retrieved_extracted,,2019-03-01,1176,7b41fbb8a6147b76a99fe00638e8acd9ccfc9b63a6eb11ecce79c2a82b6a8b9c,3,14,,0,,0,0,,0,0,share_price;earnings_results;production_output;transaction;exploration_project;commodity_market,17,6,false,false,false,lonmin_low_context_review,Lonmin occurs in the body but without enough case/labour/social context for a defensible decision.,,,
SEC-MEDIA-1039,Engineering News,https://www.engineeringnews.co.za/article/union-membership-verification-at-sibanyes-gold-operations-suspended-2019-01-16,https://engineeringnews.co.za/article/union-membership-verification-at-sibanyes-gold-operations-suspended-2019-01-16,2019,Union Membership Verification At Sibanyes Gold Operations Suspended,secondary_keyword_only_review,https://www.engineeringnews.co.za/article/union-membership-verification-at-sibanyes-gold-operations-suspended-2019-01-16,retrieved_extracted,,2019-01-16,266,c720aba17fa78b1ef7a4987b341682d4d662d137b980f591e44c2966b3dcd7ca,0,0,,0,,0,0,,0,0,earnings_results,2,1,false,false,false,no_case_anchor,"Extracted article text contains no Marikana, Lonmin or Sibanye anchor.",,,
SEC-MEDIA-1040,Engineering News,https://www.engineeringnews.co.za/article/union-membership-verification-at-sibanyes-gold-operations-suspended-2019-01-16-1,https://engineeringnews.co.za/article/union-membership-verification-at-sibanyes-gold-operations-suspended-2019-01-16-1,2019,Union Membership Verification At Sibanyes Gold Operations Suspended,secondary_keyword_only_review,https://www.engineeringnews.co.za/article/union-membership-verification-at-sibanyes-gold-operations-suspended-2019-01-16-1,retrieved_extracted,,2019-01-16,817,b4aa441f7deed51dd7e5009c59768005c3f788c5f4dbee143fe2f3d6d5942908,1,9,,0,strike;worker_miner;wage;union,33,4,commission_inquiry,1,1,earnings_results;transaction,5,2,false,false,false,possible_lonmin_substantive_context,Lonmin appears with labour/event/social/governance signals; direct substantive review is required.,,,
SEC-MEDIA-1041,Engineering News,https://www.engineeringnews.co.za/article/union-reports-fatalities-at-sibanyes-beatrix-mine-2020-10-02,https://engineeringnews.co.za/article/union-reports-fatalities-at-sibanyes-beatrix-mine-2020-10-02,2020,Union Reports Fatalities At Sibanyes Beatrix Mine,secondary_keyword_only_review,https://www.engineeringnews.co.za/article/union-reports-fatalities-at-sibanyes-beatrix-mine-2020-10-02,retrieved_extracted,,2020-10-02,366,d1d57dcc5c5f3e086cb705adc6b0d6bf5f1bec26fb73217f014535d47176b515,0,2,,0,worker_miner;union,9,2,,0,0,earnings_results;exploration_project,3,2,false,false,false,sibanye_context_without_case_anchor_review,Sibanye appears with labour/social context but no Marikana/Lonmin anchor; review before exclusion.,,,
SEC-MEDIA-1042,Engineering News,https://www.engineeringnews.co.za/article/unions-disappointed-with-concessions-made-by-sibanye-2016-04-08,https://engineeringnews.co.za/article/unions-disappointed-with-concessions-made-by-sibanye-2016-04-08,2016,Unions Disappointed With Concessions Made By Sibanye,secondary_keyword_only_review,https://www.engineeringnews.co.za/article/unions-disappointed-with-concessions-made-by-sibanye-2016-04-08,retrieved_extracted,,2016-04-08,435,36fe4a16c293db6a407c92f8cb12aec23780b91ae0d9c3d1a0f3215cfdce219d,0,6,,0,strike;worker_miner;wage;union,21,4,,0,0,earnings_results,2,1,false,false,false,sibanye_context_without_case_anchor_review,Sibanye appears with labour/social context but no Marikana/Lonmin anchor; review before exclusion.,,,
SEC-MEDIA-1043,Engineering News,https://www.engineeringnews.co.za/article/unions-sasol-mining-ink-wage-deal-amcu-members-go-on-strike-2016-11-10,https://engineeringnews.co.za/article/unions-sasol-mining-ink-wage-deal-amcu-members-go-on-strike-2016-11-10,2016,Unions Sasol Mining Ink Wage Deal Amcu Members Go On Strike,secondary_keyword_only_review,https://www.engineeringnews.co.za/article/unions-sasol-mining-ink-wage-deal-amcu-members-go-on-strike-2016-11-10,retrieved_extracted,,2016-11-10,419,c54b1d842c597e986251f709fa475cb55dc9af900946e120f211c522c66930e3,0,0,,0,strike;worker_miner;wage;union,19,4,,0,0,earnings_results,2,1,false,false,true,no_case_anchor,"Extracted article text contains no Marikana, Lonmin or Sibanye anchor.",,,
SEC-MEDIA-1044,Engineering News,https://www.engineeringnews.co.za/article/unions-slate-amplats-state-for-legal-attacks-on-amcu-2014-02-19,https://engineeringnews.co.za/article/unions-slate-amplats-state-for-legal-attacks-on-amcu-2014-02-19,2014,Unions Slate Amplats State For Legal Attacks On Amcu,secondary_keyword_only_review,https://www.engineeringnews.co.za/article/unions-slate-amplats-state-for-legal-attacks-on-amcu-2014-02-19,retrieved_extracted,,2014-02-19,640,3f05e6eed8f96dd946b3a790e60edc62ea3e89a7ffb7b8894e2c8eebfd8dd01f,0,0,marikana,3,strike;worker_miner;shooting_death;wage;union,35,5,justice_accountability,1,1,earnings_results,2,1,false,false,true,strong_case_context_supported,Body contains a high-specificity Marikana case term reinforced by labour/event/social/governance context.,,,
SEC-MEDIA-1045,Engineering News,https://www.engineeringnews.co.za/article/unions-team-up-in-wage-increase-dispute-with-sibanye-in-the-gold-sector-2021-10-01,https://engineeringnews.co.za/article/unions-team-up-in-wage-increase-dispute-with-sibanye-in-the-gold-sector-2021-10-01,2021,Unions Team Up In Wage Increase Dispute With Sibanye In The Gold Sector,secondary_keyword_only_review,https://www.engineeringnews.co.za/article/unions-team-up-in-wage-increase-dispute-with-sibanye-in-the-gold-sector-2021-10-01,retrieved_extracted,,2021-10-01,909,3d88e6837697016e7e553e1ab8efaefd15368476505013113729ff7f3d0f6396,0,18,,0,worker_miner;wage;union,37,3,housing,1,1,earnings_results;production_output;commodity_market,8,3,false,false,false,sibanye_context_without_case_anchor_review,Sibanye appears with labour/social context but no Marikana/Lonmin anchor; review before exclusion.,,,
SEC-MEDIA-1046,Engineering News,https://www.engineeringnews.co.za/article/unions-to-hold-mass-meeting-to-update-workers-on-sibanye-wage-negotiations-2022-02-11,https://engineeringnews.co.za/article/unions-to-hold-mass-meeting-to-update-workers-on-sibanye-wage-negotiations-2022-02-11,2022,Unions To Hold Mass Meeting To Update Workers On Sibanye Wage Negotiations,secondary_keyword_only_review,https://www.engineeringnews.co.za/article/unions-to-hold-mass-meeting-to-update-workers-on-sibanye-wage-negotiations-2022-02-11,retrieved_extracted,,2022-02-11,753,74199937ca4042e73823d307dfe270d0ea7e1ffb46122d39064a12612d296fa5,0,8,,0,strike;worker_miner;wage;union,26,4,commission_inquiry,1,1,earnings_results,2,1,false,false,true,sibanye_context_without_case_anchor_review,Sibanye appears with labour/social context but no Marikana/Lonmin anchor; review before exclusion.,,,
SEC-MEDIA-1047,Engineering News,https://www.engineeringnews.co.za/article/unnurtured-mining-industry-will-disappear-sibanye-stillwater-2017-08-30,https://engineeringnews.co.za/article/unnurtured-mining-industry-will-disappear-sibanye-stillwater-2017-08-30,2017,Unnurtured Mining Industry Will Disappear Sibanye Stillwater,secondary_keyword_only_review,https://www.engineeringnews.co.za/article/unnurtured-mining-industry-will-disappear-sibanye-stillwater-2017-08-30,retrieved_extracted,,2017-08-30,1806,f67bfc657ff5f5b004af66d6a65d86d7f11d00d295e7e4dc5f86dfca84a923c7,0,20,,0,worker_miner,2,1,community,2,1,share_price;earnings_results;production_output;funding_debt;transaction;dividend_rights;commodity_market,25,7,false,false,false,sibanye_context_without_case_anchor_review,Sibanye appears with labour/social context but no Marikana/Lonmin anchor; review before exclusion.,,,
SEC-MEDIA-1048,Engineering News,https://www.engineeringnews.co.za/article/unnurtured-mining-industry-will-disappear-sibanye-stillwater-2017-08-30-1,https://engineeringnews.co.za/article/unnurtured-mining-industry-will-disappear-sibanye-stillwater-2017-08-30-1,2017,Unnurtured Mining Industry Will Disappear Sibanye Stillwater,secondary_keyword_only_review,https://www.engineeringnews.co.za/article/unnurtured-mining-industry-will-disappear-sibanye-stillwater-2017-08-30-1,retrieved_extracted,,2017-08-30,1557,ace99948348d9ed75144e51911fc1c7084c2fc0d9751c4bfc78b51dd791fc2fb,0,16,,0,worker_miner,2,1,community,2,1,share_price;earnings_results;production_output;funding_debt;transaction;dividend_rights;commodity_market,22,7,false,false,false,sibanye_context_without_case_anchor_review,Sibanye appears with labour/social context but no Marikana/Lonmin anchor; review before exclusion.,,,
SEC-MEDIA-1049,Engineering News,https://www.engineeringnews.co.za/article/unprecedented-flooding-erodes-road-to-sibanyes-stillwater-mine-2022-06-14,https://engineeringnews.co.za/article/unprecedented-flooding-erodes-road-to-sibanyes-stillwater-mine-2022-06-14,2022,Unprecedented Flooding Erodes Road To Sibanyes Stillwater Mine,secondary_keyword_only_review,https://www.engineeringnews.co.za/article/unprecedented-flooding-erodes-road-to-sibanyes-stillwater-mine-2022-06-14,retrieved_extracted,,2022-06-14,533,363e08492df3b248f37e05bf610a4824ccb04d30912958e6313c60fa124b55d5,0,4,,0,worker_miner,1,1,,0,0,earnings_results,2,1,false,false,false,ambiguous_secondary_review,Signals are insufficient for a defensible secondary-queue decision.,,,
SEC-MEDIA-1050,Engineering News,https://www.engineeringnews.co.za/article/us-advances-plan-to-protect-flower-near-lithium-project-sibanye-invested-in-2021-10-03,https://engineeringnews.co.za/article/us-advances-plan-to-protect-flower-near-lithium-project-sibanye-invested-in-2021-10-03,2021,Us Advances Plan To Protect Flower Near Lithium Project Sibanye Invested In,secondary_keyword_only_review,https://www.engineeringnews.co.za/article/us-advances-plan-to-protect-flower-near-lithium-project-sibanye-invested-in-2021-10-03,retrieved_extracted,,2021-10-03,595,0b18b056276f44503f3bf0cc1aa6f3f5a8d4cb5112bb940825ba66ab0d299962,0,2,,0,worker_miner,1,1,,0,0,earnings_results;production_output;funding_debt;transaction;exploration_project,10,5,false,true,false,strong_routine_no_case_anchor,Routine corporate/financial/production article with no Marikana/Lonmin case anchor.,,,
SEC-MEDIA-1051,Engineering News,https://www.engineeringnews.co.za/article/us-body-extends-review-of-stillwater-acquisition-sibanye-provides-update-on-reserves-2017-03-03,https://engineeringnews.co.za/article/us-body-extends-review-of-stillwater-acquisition-sibanye-provides-update-on-reserves-2017-03-03,2017,Us Body Extends Review Of Stillwater Acquisition Sibanye Provides Update On Reserves,secondary_keyword_only_review,https://www.engineeringnews.co.za/article/us-body-extends-review-of-stillwater-acquisition-sibanye-provides-update-on-reserves-2017-03-03,retrieved_extracted,,2017-03-03,640,846587f9abb12fb4e02fea5d3a1cfcd8da9df87d30ee279545c7a605074b6631,0,8,marikana,1,worker_miner,2,1,,0,0,earnings_results;production_output;transaction;commodity_market,17,4,false,true,false,case_name_only_routine_project_or_corporate_signal,"A Marikana-related name occurs, but the article is dominated by routine project/production/corporate context.",,,
SEC-MEDIA-1052,Engineering News,https://www.engineeringnews.co.za/article/vast-majority-of-platinum-strikers-wanted-to-work-kweyama-2014-08-22,https://engineeringnews.co.za/article/vast-majority-of-platinum-strikers-wanted-to-work-kweyama-2014-08-22,2014,Vast Majority Of Platinum Strikers Wanted To Work Kweyama,secondary_keyword_only_review,https://www.engineeringnews.co.za/article/vast-majority-of-platinum-strikers-wanted-to-work-kweyama-2014-08-22,retrieved_extracted,,2014-08-22,776,840eea8faedcaaf97148a227f19eb6e8abcdf82c0b43707692b3007c8a429a0d,0,0,,0,strike;worker_miner;shooting_death;wage;union;protest_unrest,9,6,housing;community,3,2,earnings_results,2,1,false,false,false,no_case_anchor,"Extracted article text contains no Marikana, Lonmin or Sibanye anchor.",,,
SEC-MEDIA-1053,Engineering News,https://www.engineeringnews.co.za/article/very-proudly-south-african-sibanye-stillwater-set-to-take-on-world-froneman-2020-02-19,https://engineeringnews.co.za/article/very-proudly-south-african-sibanye-stillwater-set-to-take-on-world-froneman-2020-02-19,2020,Very Proudly South African Sibanye Stillwater Set To Take On World Froneman,secondary_keyword_only_review,https://www.engineeringnews.co.za/article/very-proudly-south-african-sibanye-stillwater-set-to-take-on-world-froneman-2020-02-19,retrieved_extracted,,2020-02-19,565,dcb8c0952f1c4191fbc8aa26d611337cd809e83de511268dbca9bd065b96b709,0,6,,0,,0,0,,0,0,share_price;earnings_results;transaction,6,3,false,false,false,ambiguous_secondary_review,Signals are insufficient for a defensible secondary-queue decision.,,,
SEC-MEDIA-1054,Engineering News,https://www.engineeringnews.co.za/article/violence-erupts-as-sibanye-workers-strike-at-cooke-2017-06-09,https://engineeringnews.co.za/article/violence-erupts-as-sibanye-workers-strike-at-cooke-2017-06-09,2017,Violence Erupts As Sibanye Workers Strike At Cooke,secondary_keyword_only_review,https://www.engineeringnews.co.za/article/violence-erupts-as-sibanye-workers-strike-at-cooke-2017-06-09,retrieved_extracted,,2017-06-09,626,33d97f30feef3d7c8398cce2a9ced25e12fc4292efb36a2d6fde0198ea5731dc,0,7,,0,strike;worker_miner;union;protest_unrest,25,4,community,1,1,earnings_results,2,1,false,false,true,sibanye_context_without_case_anchor_review,Sibanye appears with labour/social context but no Marikana/Lonmin anchor; review before exclusion.,,,
SEC-MEDIA-1055,Engineering News,https://www.engineeringnews.co.za/article/vw-debacle-unlikely-to-hit-platinum-demand-hard-sibanye-2015-10-07,https://engineeringnews.co.za/article/vw-debacle-unlikely-to-hit-platinum-demand-hard-sibanye-2015-10-07,2015,Vw Debacle Unlikely To Hit Platinum Demand Hard Sibanye,secondary_keyword_only_review,https://www.engineeringnews.co.za/article/vw-debacle-unlikely-to-hit-platinum-demand-hard-sibanye-2015-10-07,retrieved_extracted,,2015-10-07,1509,6f1fbceaccf0747b73d2dc77a566f024302c2c69915c1bc324d66747d8d5dd29,0,5,,0,,0,0,,0,0,share_price;earnings_results;transaction,5,3,false,false,false,ambiguous_secondary_review,Signals are insufficient for a defensible secondary-queue decision.,,,
SEC-MEDIA-1056,Engineering News,https://www.engineeringnews.co.za/article/vw-debacle-unlikely-to-hit-platinum-hard-sibanye-2015-10-16,https://engineeringnews.co.za/article/vw-debacle-unlikely-to-hit-platinum-hard-sibanye-2015-10-16,2015,Vw Debacle Unlikely To Hit Platinum Hard Sibanye,secondary_keyword_only_review,https://www.engineeringnews.co.za/article/vw-debacle-unlikely-to-hit-platinum-hard-sibanye-2015-10-16,retrieved_extracted,,2015-10-16,1510,2bac8d40aa8bf09bf9a75b3bf39e4c418744a2d627c8d42fdd28743bb6af02e6,0,5,,0,,0,0,,0,0,share_price;earnings_results;transaction,5,3,false,false,false,ambiguous_secondary_review,Signals are insufficient for a defensible secondary-queue decision.,,,
SEC-MEDIA-1057,Engineering News,https://www.engineeringnews.co.za/article/wait-and-see-approach-only-way-to-determine-amcus-future-2014-07-18,https://engineeringnews.co.za/article/wait-and-see-approach-only-way-to-determine-amcus-future-2014-07-18,2014,Wait And See Approach Only Way To Determine Amcus Future,secondary_keyword_only_review,https://www.engineeringnews.co.za/article/wait-and-see-approach-only-way-to-determine-amcus-future-2014-07-18,retrieved_extracted,,2014-07-18,1863,ceb7a52ec23cc5e7139a6af90f1d713c6ed755ce8e485d1bf3c47d9cee9efadd,0,0,,0,strike;worker_miner;wage;union,123,4,,0,0,earnings_results;production_output;funding_debt;commodity_market,9,4,false,false,false,no_case_anchor,"Extracted article text contains no Marikana, Lonmin or Sibanye anchor.",,,
SEC-MEDIA-1058,Engineering News,https://www.engineeringnews.co.za/article/wallbridge-to-operate-sibanyes-loncan-operations-in-canada-2019-10-30,https://engineeringnews.co.za/article/wallbridge-to-operate-sibanyes-loncan-operations-in-canada-2019-10-30,2019,Wallbridge To Operate Sibanyes Loncan Operations In Canada,secondary_keyword_only_review,https://www.engineeringnews.co.za/article/wallbridge-to-operate-sibanyes-loncan-operations-in-canada-2019-10-30,retrieved_extracted,,2019-10-30,612,c63c18f2f2ef6ec9babd36f3152eb99803484524148f29d9959751459dc28541,2,2,,0,worker_miner,1,1,justice_accountability,2,1,share_price;earnings_results;production_output;exploration_project,6,4,false,false,false,possible_lonmin_substantive_context,Lonmin appears with labour/event/social/governance signals; direct substantive review is required.,,,
SEC-MEDIA-1059,Engineering News,https://www.engineeringnews.co.za/article/wits-gold-secures-future-for-projects-with-sibanye-transaction-2013-12-11,https://engineeringnews.co.za/article/wits-gold-secures-future-for-projects-with-sibanye-transaction-2013-12-11,2013,Wits Gold Secures Future For Projects With Sibanye Transaction,secondary_keyword_only_review,https://www.engineeringnews.co.za/article/wits-gold-secures-future-for-projects-with-sibanye-transaction-2013-12-11,retrieved_extracted,,2013-12-11,763,95fb15d1c63319b90eb4276f00397bedbfb37e648b2748360f3ebb3013732694,0,12,,0,,0,0,,0,0,share_price;earnings_results;funding_debt;transaction;commodity_market,13,5,false,false,false,ambiguous_secondary_review,Signals are insufficient for a defensible secondary-queue decision.,,,
SEC-MEDIA-1060,Engineering News,https://www.engineeringnews.co.za/article/wmi-sibanye-stress-importance-of-innovation-in-a-changing-mining-industry-2022-09-27,https://engineeringnews.co.za/article/wmi-sibanye-stress-importance-of-innovation-in-a-changing-mining-industry-2022-09-27,2022,Wmi Sibanye Stress Importance Of Innovation In A Changing Mining Industry,secondary_keyword_only_review,https://www.engineeringnews.co.za/article/wmi-sibanye-stress-importance-of-innovation-in-a-changing-mining-industry-2022-09-27,retrieved_extracted,,2022-09-27,1050,84f6a713d6b73db667105cf1021d5491593014f04602aac326ceeed5ae95dfcc,0,13,,0,worker_miner,2,1,community,1,1,earnings_results;commodity_market,3,2,false,false,false,sibanye_context_without_case_anchor_review,Sibanye appears with labour/social context but no Marikana/Lonmin anchor; review before exclusion.,,,
SEC-MEDIA-1061,Engineering News,https://www.engineeringnews.co.za/article/zambia-state-firm-says-zijin-sibanye-interested-in-copper-mine-2023-06-26,https://engineeringnews.co.za/article/zambia-state-firm-says-zijin-sibanye-interested-in-copper-mine-2023-06-26,2023,Zambia State Firm Says Zijin Sibanye Interested In Copper Mine,secondary_keyword_only_review,https://www.engineeringnews.co.za/article/zambia-state-firm-says-zijin-sibanye-interested-in-copper-mine-2023-06-26,retrieved_extracted,,2023-06-26,547,efcb0232766067a4bd33dd46b33102f9a998271019106c8bc3c204901a5ffe3e,0,2,,0,,0,0,,0,0,earnings_results;production_output;funding_debt;transaction;exploration_project,13,5,false,false,false,ambiguous_secondary_review,Signals are insufficient for a defensible secondary-queue decision.,,,
SEC-MEDIA-1062,Engineering News,https://www.engineeringnews.co.za/article/zuma-calls-for-end-to-platinum-strike-2014-05-02,https://engineeringnews.co.za/article/zuma-calls-for-end-to-platinum-strike-2014-05-02,2014,Zuma Calls For End To Platinum Strike,secondary_keyword_only_review,https://www.engineeringnews.co.za/article/zuma-calls-for-end-to-platinum-strike-2014-05-02,retrieved_extracted,,2014-05-02,513,0793d2e0060e8bf631a93e60c3a65b1094602b0d6a4c4a074a19918c80f9a741,0,0,,0,strike;worker_miner;wage;union;protest_unrest,17,5,,0,0,earnings_results,2,1,false,false,true,no_case_anchor,"Extracted article text contains no Marikana, Lonmin or Sibanye anchor.",,,
