record_id,source_phase,title,year,publisher,url,fetch_status,fetch_error,extraction_method,fresh_words,fresh_sha256,global_extraction_collision,usable_for_textwide_similarity
OFFICIAL-001,prior_screened_300,AMCU Heads of Argument,2014,AMCU,https://www.justice.gov.za/comm-mrk/docs/201411-HoA-AMCU.pdf,retrieved_extracted,,pypdf,57418,72a14c105c27ddcc6ce49d164390ad7327a16476782b1a21e813d79c803afaeb,false,true
OFFICIAL-002,prior_screened_300,Bapo ba Mogale Heads of Argument,2014,Bapo ba Mogale,https://www.justice.gov.za/comm-mrk/docs/201411-HoA-BapoBaMogale.pdf,retrieved_extracted,,pypdf,4217,d1fde7173357d6dda1d35e9c03a3f0379a1d4225624e197bdd133dba4d5f70cc,false,true
OFFICIAL-003,prior_screened_300,DMR-Shabangu Heads of Argument,2014,DMR / Minister Shabangu,https://www.justice.gov.za/comm-mrk/docs/201411-HoA-DMR-Shabangu.pdf,retrieved_extracted,,pypdf,4322,66bc1e06a21695264c7f2349df24b073c6fd2a24afd314643ff4a7571020eb4c,false,true
OFFICIAL-004,prior_screened_300,Heads of Argument of Evidence Leaders,2014,Evidence Leaders,https://www.justice.gov.za/comm-mrk/docs/201411-HoA-EvidenceLeaders.pdf,retrieved_extracted,,pypdf,169497,75d4af7a0e5bd375738edd77c565b15b73ab97c43837b1ef3d788aba7a611be0,false,true
OFFICIAL-005,prior_screened_300,Heads of Argument on behalf of Families,2014,Families,https://www.justice.gov.za/comm-mrk/docs/201411-HoA-Families.pdf,retrieved_extracted,,pypdf,76233,a9b8f1c82d0978f4dac94ec4df90331e84c95c248a791fcbec47042bb1eb6fed,false,true
OFFICIAL-006,prior_screened_300,Heads of Argument of Injured and Arrested Persons,2014,Injured and Arrested Persons,https://www.justice.gov.za/comm-mrk/docs/201411-HoA-InjuredArrested.pdf,retrieved_extracted,,pypdf,73475,770c6fcb8108ef1b039c79e438a1489cdb442e18de39919fd8b69c66c6b26153,false,true
OFFICIAL-007,prior_screened_300,Lonmin Heads of Argument,2014,Lonmin,https://www.justice.gov.za/comm-mrk/docs/201411-HoA-Lonmin.pdf,retrieved_extracted,,pypdf,45505,f48107132dae77e2661dbee4ab12b78a8afd778a8744fdddd9fe8284409a27ac,false,true
OFFICIAL-008,prior_screened_300,Heads of Argument of the Legal Resources Centre (Phase 1) on behalf of the Ledingoane Family and Bench Marks Foundation,2014,Bench Marks Foundation / Ledingoane Family (represented by Legal Resources Centre),https://www.justice.gov.za/comm-mrk/docs/201411-HoA-LRC.pdf,retrieved_extracted,,pypdf,69796,d0f4fdd08db181ffd47fdeba323238500aa34a18e65f38493e59ef66d4cfa584,false,true
OFFICIAL-009,prior_screened_300,Mthethwa Heads of Argument,2014,Nathi Mthethwa,https://www.justice.gov.za/comm-mrk/docs/201411-HoA-Mthethwa.pdf,retrieved_extracted,,pypdf,6365,3afac08dde92e496a25e85dfaef2f097a85ef16c7c4d2dd25827ff66d0155061,false,true
OFFICIAL-010,prior_screened_300,NUM & Mrs Fundi Heads of Argument,2014,NUM and Mrs Fundi,https://www.justice.gov.za/comm-mrk/docs/201411-HoA-NUM-MrsFundi.pdf,retrieved_extracted,,pypdf,43558,a63cfb5ccb5f9e3df099f74c83a47627fb5b8b838d91e6d11a4938ea74df7ce6,false,true
OFFICIAL-011,prior_screened_300,Ramaphosa Heads of Argument,2014,Cyril Ramaphosa,https://www.justice.gov.za/comm-mrk/docs/201411-HoA-Ramaphosa.pdf,retrieved_extracted,,pypdf,16541,e8348adc3989aac88f6bc48f5e980a7d7ab3dd517951b54963118a2df79a9df4,false,true
OFFICIAL-012,prior_screened_300,SAHRC Heads of Argument,2014,South African Human Rights Commission,https://www.justice.gov.za/comm-mrk/docs/201411-HoA-SAHRC.pdf,retrieved_extracted,,pypdf,174810,bb92706b8a476cd9c19a0e4062a371b7cc88bbc3020a01522def51f2b2ac6f11,false,true
OFFICIAL-013,prior_screened_300,SAPS Heads of Argument,2014,South African Police Service,https://www.justice.gov.za/comm-mrk/docs/201411-HoA-SAPS.pdf,retrieved_extracted,,pypdf,57831,ce2598d1386ecab6371d46baaf5db58662afe87a059b8a094161d0e25403a3dd,false,true
INST-001,prior_screened_300,Marikana Commission of Inquiry: Report on matters of public national and international concern arising out of tragic incidents at Lonmin Mine in Marikana,2015,South African Human Rights Commission mirror of official Farlam report,https://sahrc.org.za/home/21/files/marikana-report-1.pdf,retrieved_extracted,,pypdf,153495,94665832387751bfc73e5f241d0971bf0500a9e28cfc37154b5e621cde8daf07,false,true
INST-002,prior_screened_300,Policy Gap 6: A Review of Platinum Mining in the Bojanala District of the North West Province,2012,Bench Marks Foundation,https://www.bench-marks.org.za/wp-content/uploads/2021/02/rustenburg_review_policy_gap_final_aug_2012.pdf,retrieved_extracted,,pypdf,51202,8f8867497238f8fbf27adf841646975fe945d5271fa51f2099f7b95eaaeccfd1,false,true
INST-005,prior_screened_300,Statement on behalf of the deceased miners' families represented before the Marikana Commission of Inquiry,2013,Socio-Economic Rights Institute of South Africa,https://justice.gov.za/comm-mrk/exhibits/Exhibit-FFF-26.pdf,retrieved_extracted,,pypdf,267,bed492ab350792e9810a2f386182358089507fb54239d342822a236daf2cbcb8,false,true
INST-003,prior_screened_300,Zero Hour: Poor Governance of Mining and the Violation of Environmental Rights in South Africa,2016,Centre for Environmental Rights,https://cer.org.za/wp-content/uploads/2016/06/Zero-Hour-May-2016.pdf,retrieved_extracted,,pypdf,61984,56cf94d44f0f8d3d29cf06b1dad8e80d7bb861d5b5dd3f52b4f4a67d4b8c5c31,false,true
MEDIA-001,prior_screened_300,Lonmin killings hurt SA as mining destination,2012,Mining Weekly,https://www.miningweekly.com/article/lonmin-killings-hurt-sa-as-mining-destination-2012-09-10,retrieved_extracted,,trafilatura,1075,8a5e0963a6594c5db709627c898e024e6dc900b65ced3edda4cc1e6ec556faed,false,true
MEDIA-002,prior_screened_300,Lonmin's killing fields: the inevitable tragic next move,2012,Daily Maverick,https://www.dailymaverick.co.za/article/2012-08-17-lonmins-killing-fields-the-inevitable-tragic-next-move/,retrieved_extracted,,trafilatura,1205,ee8d5601125a5ee0d2947f4f0b1b0f6b78874f51278257bc24c747c34d97fd2f,false,true
MEDIA-003,prior_screened_300,Lonmin: Malema fans the flames but the victims are still out in the cold,2012,Daily Maverick,https://www.dailymaverick.co.za/article/2012-08-18-lonmin-malema-fans-the-flames-but-the-victims-are-still-out-in-the-cold/,retrieved_extracted,,trafilatura,2194,b2ab20803cc9e715d67c71e00c1482142a2f4a57242841d816989f58c45b8029,false,true
MEDIA-004,prior_screened_300,Marikana: Police torture takes centre stage,2012,Daily Maverick,https://www.dailymaverick.co.za/article/2012-08-28-marikana-police-torture-takes-central-stage/,retrieved_extracted,,trafilatura,1236,3e4b51d039b2cd0052306fc2243a9b06e01dfa4382853aef05ad51e87fdd61c7,false,true
MEDIA-005,prior_screened_300,Marikana eyewitness: He raised his hands they shoot him in the head,2012,Daily Maverick,https://www.dailymaverick.co.za/article/2012-09-06-marikana-eyewitness-he-raised-his-hands-they-shoot-him-in-the-head/,retrieved_extracted,,trafilatura,1165,147696b0aff40f5a0385ea1d0351af60c90103a10eb1be49604a5543ebd6ec33,false,true
MEDIA-006,prior_screened_300,Marikana: Mourning families and their forgotten legal rights,2012,Daily Maverick,https://www.dailymaverick.co.za/article/2012-08-28-marikana-mourning-families-and-their-forgotten-legal-rights/,retrieved_extracted,,trafilatura,1357,cc2494df2e3a6e9c504c2cc5647e9785d14707b073f54c94bdbb7ec0f1918a86,false,true
MEDIA-007,prior_screened_300,FIVE MINUTES: SOUTH AFRICA 16 August 2012,2012,Daily Maverick,https://www.dailymaverick.co.za/article/2012-08-16-five-minutes-south-africa-16-august-2012/,retrieved_extracted,,trafilatura,1013,4990477a169e72ba640c1ceceaad864e56a7f8e3a6e696408e26c49a17275eac,false,true
MEDIA-008,prior_screened_300,Lonmin commemorates deceased mineworkers describes massacre as catalyst for change,2013,Mining Weekly,https://www.miningweekly.com/article/lonmin-commemorates-deceased-mineworkers-describes-massacre-as-catalyst-for-change-2013-08-23,retrieved_extracted,,trafilatura,1096,38c4d0b79bdbf7a16952fe0c5ec71d1fd1a4e6ad47826feb14fc6addf3ceb1b1,false,true
MEDIA-009,prior_screened_300,Economy failed miners says AMCUs Mathunjwa,2013,Mining Weekly,https://www.miningweekly.com/article/economy-failed-miners-says-amcus-mathunjwa-2013-08-16,retrieved_extracted,,trafilatura,614,404ef2c575a73e5c1ec735571e6da35f2cbd5a095fed42dce124ec2ee89be046,false,true
MEDIA-010,prior_screened_300,Slain Marikana workers to be remembered,2013,Mining Weekly,https://www.miningweekly.com/article/slain-marikana-workers-to-be-remembered-2013-08-13,retrieved_extracted,,trafilatura,840,22736f343d9e757131add6e5e0b69370f0c5c834d80601700f591ba425605584,false,true
MEDIA-011,prior_screened_300,Marikana one year later: the hell above and below ground,2013,Daily Maverick,https://www.dailymaverick.co.za/article/2013-08-16-marikana-one-year-later-the-hell-above-and-below-ground/,retrieved_extracted,,trafilatura,1744,50d10ee46af277cb83cd6940cca260adf6db710011f17514d5561e92079e3d90,false,true
MEDIA-012,prior_screened_300,Ramaphosa says negotiation was Marikana panacea,2014,Mining Weekly,https://www.miningweekly.com/article/negotiation-was-marikana-panacea-ramaphosa-2014-08-11,retrieved_extracted,,trafilatura,1001,d1e64247a4e028f56d0f7a80121f6609b5f39e2be065a80842e8c98346c6e225,false,true
MEDIA-013,prior_screened_300,Ramaphosa questioned about Marikana inaction,2014,Mining Weekly,https://www.miningweekly.com/article/ramaphosa-questioned-about-marikana-inaction-2014-08-12,retrieved_extracted,,trafilatura,685,87c2c133ce0dc0507a07535330aa446b14d1ae5acfeec7d4abb2572ee6faa0ef,false,true
MEDIA-014,prior_screened_300,Lonmin affirms Farlam report,2015,Mining Weekly,https://www.miningweekly.com/article/lonmin-affirms-farlam-report-2015-08-21,retrieved_extracted,,trafilatura,767,007352323215d8e01db01c88a6bd31ea4c328fe3eb372205db01c2a2f17233f5,false,true
MEDIA-015,prior_screened_300,NUM welcomes further investigation recommendation defends member actions,2015,Mining Weekly,https://www.miningweekly.com/article/num-welcomes-further-investigation-recommendation-defends-member-actions-2015-06-26,retrieved_extracted,,trafilatura,1203,6b01d6937c40c3c8092c2af5bbb47b310ec608544f78992ae0c0c7274559a227,false,true
MEDIA-016,prior_screened_300,Lonmin unveils design proposal for Marikana memorial park showcases new apartments,2017,Mining Weekly,https://www.miningweekly.com/article/lonmin-unveils-design-proposal-for-marikana-memorial-park-showcases-new-apartments-2017-08-15,retrieved_extracted,,trafilatura,907,c4e7db0801cbcbe986814952268d6ffdb185cfbcc4e426e0f577cf811a162255,false,true
MEDIA-017,prior_screened_300,Six years on there is no accountability for the elite police unit shootings at Marikana Scene 2,2018,Daily Maverick,https://www.dailymaverick.co.za/article/2018-08-16-six-years-on-there-is-no-accountability-for-the-elite-police-unit-shootings-at-marikana-scene-2/,retrieved_extracted,,trafilatura,1846,d89e1c49a67208866c7f3147f9f52ee32f4c41f7648b88a4cc155c8fea6dbfa7,false,true
MEDIA-018,prior_screened_300,Sibanye hosts Marikana memorial lecture,2020,Mining Weekly,https://www.miningweekly.com/article/sibanye-hosts-marikana-memorial-lecture-2020-08-14,retrieved_extracted,,trafilatura,1154,7672c7413f01d66b9fb8e65449e7d891417606ca0069e1e1d05c3a0771f650cd,false,true
MEDIA-019,prior_screened_300,Marikana: The unfolding of a never-ending tragedy,2021,Daily Maverick,https://www.dailymaverick.co.za/article/2021-08-14-marikana-the-unfolding-of-a-never-ending-tragedy/,retrieved_extracted,,trafilatura,3077,7f09169d4f87fd79f05e134f171e9cba688791706656c5bbf6ca2dfd6a9c2e32,false,true
MEDIA-020,prior_screened_300,Families of slain Marikana mine workers reflect on decade of betrayal,2022,Daily Maverick,https://www.dailymaverick.co.za/article/2022-08-15-marikana-families-of-slain-mineworkers-reflect-on-10-years-of-betrayal/,retrieved_extracted,,trafilatura,1455,f95c88ec16c15348a5e9ce6988f25d6beec7016b38526b8c8351fdc46df976c4,false,true
MEDIA-021,prior_screened_300,The smell of blood comes back to me as I think of Marikana,2022,Daily Maverick,https://www.dailymaverick.co.za/article/2022-08-15-the-smell-of-blood-comes-back-to-me-as-i-remember-sas-dark-day-in-a-north-west-village/,retrieved_extracted,,trafilatura,501,54c301fe0ab64b925f96965a14fcb33e40b0b0d9b296c3a6dc770286651daa57,false,true
MEDIA-022,prior_screened_300,"Lonmin Q1 2014 mining production down 10%, will revise full-year guidance as result of strikes",2014,Mining Weekly,https://www.miningweekly.com/article/lonmin-q1-2014-mining-production-down-10-will-revise-full-year-guidance-as-result-of-strikes-2014-01-30,retrieved_extracted,,trafilatura,822,59b0e1f282564aa0649c2b0d0ab9af66deccf7af3f3f059ffc6a65b2b98525e8,false,true
MEDIA-023,prior_screened_300,AMCU members defy call to return to work,2014,Engineering News,https://www.engineeringnews.co.za/article/amcu-members-defy-call-to-return-to-work-2014-05-14,retrieved_extracted,,trafilatura,543,b9be85cbe2acd04480c3a1b34f8962c687c61bc6f4c5f89ca24bc7c3c77f3673,false,true
MEDIA-024,prior_screened_300,"Lonmin, AMCU celebrate finalisation of landmark BEE equity deal",2014,Mining Weekly,https://www.miningweekly.com/article/lonmin-amcu-celebrate-finalisation-of-landmark-bee-equity-deal-2014-12-12,retrieved_extracted,,trafilatura,962,13c4f16fd4fdbc0e246ac816784057e08112a5e2962e047bb870e2f00a4ed2ec,false,true
MEDIA-025,prior_screened_300,"Farlam wants workers housed, Mining Charter goes to court, coal firms transform for Eskom",2015,Mining Weekly,https://www.miningweekly.com/article/farlam-wants-workers-housed-mining-charter-goes-to-court-coal-firms-transform-for-eskom-2015-06-26,retrieved_extracted,,trafilatura,854,544d6cd8ce53507cd303b8ceb45b769f69c3067daddd7af006604751cf4949a8,false,true
MEDIA-026,prior_screened_300,"Lonmin cuts workforce, shrinks capex, lowers unit costs",2015,Mining Weekly,https://www.miningweekly.com/article/lonmin-cuts-workforce-shrinks-capex-lowers-unit-costs-2015-11-13,retrieved_extracted,,trafilatura,866,1857d97b03ca3ee49d239d7f7f16114f451ae22af8a1909b33374b40ac80e33e,false,true
MEDIA-027,prior_screened_300,Corobrik's quality face bricks used in the construction of Marikana's housing project,2016,Engineering News,https://www.engineeringnews.co.za/article/corobriks-quality-face-bricks-used-in-the-construction-of-marikanas-housing-project-2016-05-23,retrieved_extracted,,trafilatura,765,5568ca42132bea8aae1e25d6e031d379593c87f8b0ead4302a10fd2d9f8c86eb,false,true
MEDIA-028,prior_screened_300,"Objectives are to cut fixed costs, minimise capex, up efficiencies",2017,Mining Weekly,https://www.miningweekly.com/article/objectives-are-to-cut-fixed-costs-minimise-capex-up-efficiencies-2017-04-07,retrieved_extracted,,trafilatura,793,63eb6dab3a9db88331e0b4dd801b94e51129b171cf3d591fcf06b863e11e2050,false,true
MEDIA-029,prior_screened_300,The lost platinum sector jobs are not coming back,2019,Daily Maverick,https://www.dailymaverick.co.za/article/2019-10-24-the-lost-platinum-sector-jobs-are-not-coming-back/,retrieved_extracted,,trafilatura,1303,1c0a5711e3a5fe9cf99d9c6ebac9f05708b7235000681d54a1caa70f39d9b6ad,false,true
MEDIA-030,prior_screened_300,"One decade on, the Marikana mine has seen a turnaround in fortunes and is making a punchy profit",2022,Daily Maverick,https://www.dailymaverick.co.za/article/2022-08-14-one-decade-on-the-marikana-mine-has-seen-a-turnaround-in-fortunes-and-is-making-a-punchy-profit/,retrieved_extracted,,trafilatura,829,d1bcdcaeaf3aed2fda228c83d7feb10e646c830a69c05fb497672f738f631390,false,true
MEDIA-031,prior_screened_300,Lonmin donates 50 ha of land for residential development,2013,Mining Weekly,https://www.miningweekly.com/article/lonmin-donates-50-ha-of-land-for-residential-development-2013-10-29,retrieved_extracted,,trafilatura,605,07377bb13e65af406c0ea218a3dd019905ee6637c712071a437187de56d062e3,false,true
MEDIA-032,prior_screened_300,80 000 AMCU workers on strike in platinum sector,2014,Mining Weekly,https://www.miningweekly.com/article/80-000-amcu-workers-on-strike-in-platinum-sector-2014-01-23,retrieved_extracted,,trafilatura,1229,1a218aca40020f9714c1744f65370899a56f961d5929a2ad1b18aedb125893bf,false,true
MEDIA-033,prior_screened_300,Strike-hit mothers have no food to put on the table – Lonmin,2014,Mining Weekly,https://www.miningweekly.com/article/strike-hit-mothers-have-no-food-to-put-on-the-table-lonmin-2014-04-03,retrieved_extracted,,trafilatura,1284,9a1a0b9ffe779d6be6db35bcad604ff43697af950d937cc94e7533bead6468e3,false,true
MEDIA-034,prior_screened_300,Miners regress on ARV treatment – Lonmin,2014,Mining Weekly,https://www.miningweekly.com/article/miners-regress-on-arv-treatment-lonmin-2014-04-14,retrieved_extracted,,trafilatura,624,7da8403e80798c715e9e0cf1874c8d8f645317f331115875dd5b6bfef4f3ee0f,false,true
MEDIA-035,prior_screened_300,"AMCU opens strike fund for members, calls for donations",2014,Mining Weekly,https://www.miningweekly.com/article/amcu-opens-strike-fund-for-members-calls-for-donations-2014-04-15,retrieved_extracted,,trafilatura,681,7a4a219605fb8264a9a2b574a8d45c49b16faad2d38f24c01680e073ba8d9941,false,true
MEDIA-036,prior_screened_300,AMCU considering all options – negotiator,2014,Mining Weekly,https://www.miningweekly.com/article/amcu-considering-all-options-negotiator-2014-05-29,retrieved_extracted,,trafilatura,742,3d928ee2f5aaeddabc517084dc7d5583a55546f3654bbbf6ebf0b90647a1334e,false,true
MEDIA-037,prior_screened_300,Housing Miners,2014,Mining Weekly,https://www.miningweekly.com/article/housing-miners-2014-11-11,retrieved_extracted,,trafilatura,1746,15151c25233bed58b6e0883d34d375b7b1b202913f80fa0d8a0e649f0ef81a8b,false,true
MEDIA-038,prior_screened_300,"AMCU stands firm on R12 500 demand, Lonmin calls on union to reconsider 9%",2014,Mining Weekly,https://www.miningweekly.com/article/amcu-stands-firm-on-r12-500-demand-lonmin-calls-on-union-to-reconsider-9-2014-04-03,retrieved_extracted,,trafilatura,812,acdd9b04667d637c52339362aa40693424ccb22411b4b6135078d154b5fa01ac,false,true
MEDIA-039,prior_screened_300,Mining towns get R18bn facelift,2015,Mining Weekly,https://www.miningweekly.com/article/mining-towns-get-r18bn-facelift-2015-07-01,retrieved_extracted,,trafilatura,1622,f0f02ca6b812af09bc9c7ff09e8e2ffec8807bfc1741094b3a71c930ee8d1fb8,false,true
MEDIA-040,prior_screened_300,"Farlam finds against Lonmin, recommends enforced housing delivery",2015,Mining Weekly,https://www.miningweekly.com/article/farlam-finds-against-lonmin-recommends-enforced-housing-delivery-2015-06-25,retrieved_extracted,,trafilatura,2195,0627db5bf833836efec03a82c8f1a48963d182a1d1f7179914a839cb8ccf4ec7,false,true
MEDIA-041,prior_screened_300,Govt commits billions for revitalisation of mining-dependent communities,2016,Mining Weekly,https://www.miningweekly.com/article/govt-commits-billions-for-revitalisation-of-mining-dependent-communities-2016-02-05,retrieved_extracted,,trafilatura,1676,33ae1135c40aca1ba4d5aa98436c3aa6931cf879e47ef1086d4c01d12456aeea,false,true
MEDIA-042,prior_screened_300,Nothing off table as Lonmin pursues value in low platinum price environment,2017,Mining Weekly,https://www.miningweekly.com/article/nothing-off-table-as-lonmin-pursues-value-in-low-platinum-price-environment-2017-04-07,retrieved_extracted,,trafilatura,2194,6c5a142a47678359c868ce86d22295377652056c425c73a223f61a5f1851c716,false,true
MEDIA-043,prior_screened_300,"Sibanye-Stillwater to acquire embattled Lonmin, completes PGMs strategy",2017,Mining Weekly,https://www.miningweekly.com/article/sibanye-stillwater-to-acquire-embattled-lonmin-in-all-share-offer-2017-12-14,retrieved_extracted,,trafilatura,1607,172fd579c9febff2eac3ae31cda6553c8c81694f0a55f2ab80f15df79e4bf6c2,false,true
MEDIA-044,prior_screened_300,Lonmin transaction filed with South Africa's competition authority,2018,Mining Weekly,https://www.miningweekly.com/article/lonmin-transaction-filed-with-south-africas-competition-body-2018-03-30,retrieved_extracted,,trafilatura,461,373db119d41fe79ab61ac435dd5685c428b6952df8a70b02c2e4c54dccbc5b55,false,true
MEDIA-045,prior_screened_300,Reserve Bank approves Sibanye's buyout of Lonmin,2018,Mining Weekly,https://www.miningweekly.com/article/reserve-bank-approves-sibanyes-buyout-of-lonmin-2018-05-15,retrieved_extracted,,trafilatura,613,a01b3107de395862ce2ca00feace6e65d1ea1160b37c56c19f95b520b7f20b38,false,true
MEDIA-046,prior_screened_300,UK regulatory body approves Sibanye's acquisition of Lonmin,2018,Mining Weekly,https://www.miningweekly.com/article/uk-regulatory-body-approves-sibanyes-acquisition-of-lonmin-2018-06-28,retrieved_extracted,,trafilatura,514,a3b85ca32fd23205a10cdc64967337256aff7847926f725bd0897c639a21a862,false,true
MEDIA-047,prior_screened_300,"Tribunal approves Sibanye, Lonmin merger; imposes 6-month moratorium on retrenchments",2018,Mining Weekly,https://www.miningweekly.com/article/tribunal-approves-sibanye-lonmin-merger-imposes-6-month-moratorium-on-retrenchments-2018-11-21,retrieved_extracted,,trafilatura,614,707f39da86515718d82dc3763f73c5d7d31146f7926fd38f333ca2e5909ae8fe,false,true
MEDIA-048,prior_screened_300,"Lonmin undertakes refinancing, delivers on results promise",2018,Mining Weekly,https://www.miningweekly.com/article/lonmin-undertakes-refinancing-delivers-on-results-promise-2018-10-22,retrieved_extracted,,trafilatura,1360,d8eae2bbc8f0cc281457b5b507064eba01c3abe616e847ba8442c9988e66be81,false,true
MEDIA-049,prior_screened_300,"Sibanye, Lonmin merger enters final stretch as AMCU appeal is dismissed",2019,Mining Weekly,https://www.miningweekly.com/article/sibanye-lonmin-merger-enters-final-stretch-as-amcu-appeal-is-dismissed-2019-05-17,retrieved_extracted,,trafilatura,764,9e948cf6e44f167ccf051d37eb95300c88f8d9bb7846081168e9a143a21dc704,false,true
MEDIA-050,prior_screened_300,Rustenburg communities want ConCourt to set aside Sibanye's Lonmin takeover,2019,Mining Weekly,https://www.miningweekly.com/article/rustenburg-communities-want-concourt-to-set-aside-sibanyes-lonmin-takeover-2019-07-19,retrieved_extracted,,trafilatura,768,ffd12c07e9fdc2a758d46f913bde848a4c4a3ede3b3a5c56a13f3aa8eb954339,false,true
MEDIA-051,prior_screened_300,Sibanye plans to cut 5 270 jobs as it restructures Marikana operations,2019,Mining Weekly,https://www.miningweekly.com/article/sibanye-plans-to-cut-5-270-jobs-as-it-restructures-marikana-operations-2019-09-25,retrieved_extracted,,trafilatura,976,46ce993cc2dc9db00649240e3e27dd931d3db013c00ad45880c865a7e5bb5ac8,false,true
MEDIA-052,prior_screened_300,Sibanye-Stillwater intensifies PGMs presence,2019,Mining Weekly,https://www.miningweekly.com/article/sibanye-stillwater-intensifies-pgms-presence-2019-08-23,retrieved_extracted,,trafilatura,1201,091c1865b9ad7823ad00c945b2f744a4c372b10e8894b375f66d76619bc930d9,false,true
MEDIA-053,prior_screened_300,Sibanye confirms final Marikana retrenchment figures,2020,Mining Weekly,https://www.miningweekly.com/article/sibanye-confirms-final-marikana-retrenchment-figures-2020-01-16,retrieved_extracted,,trafilatura,551,8e3412fdfa96ac9ae222c8775c58af18bcb84cb2e9558b16f0c2bfee27d36104,false,true
MEDIA-054,prior_screened_300,"Sibanye launches campaign to reimagine, foster Marikana community of the future",2021,Mining Weekly,https://www.miningweekly.com/article/sibanye-launches-campaign-to-reimagine-foster-marikana-community-of-the-future-2021-04-16,retrieved_extracted,,trafilatura,1227,598a1b05584e0d369935293a55c2fad6547ca24bca8ccbce52128b6592eb8ce7,false,true
MEDIA-055,prior_screened_300,Sibanye to hold webcast series to aid healing and renewal in Marikana,2021,Mining Weekly,https://www.miningweekly.com/article/sibanye-to-hold-webcast-series-to-aid-healing-and-renewal-in-marikana-2021-08-11,retrieved_extracted,,trafilatura,961,0e13ba9a57aed44b9d35b4077e5172e92b4f6e2defc28aebcbe688700acc6474,false,true
MEDIA-056,prior_screened_300,Amcu's Marikana PGM miners demand pay hikes of up to 40% from Sibanye,2022,Daily Maverick,https://www.dailymaverick.co.za/article/2022-05-03-exclusive-amcus-marikana-pgm-miners-demand-pay-hikes-of-up-to-40-from-sibanye/,retrieved_extracted,,trafilatura,615,7e89ee51c4658553917fdfbaf1d29d3a1bad31e7ece63cee9a76d0a3043c4720,false,true
MEDIA-057,prior_screened_300,"Mine workers have seen significant wage growth since Marikana, but social burdens undermine gains",2022,Daily Maverick,https://www.dailymaverick.co.za/article/2022-07-24-mine-workers-have-seen-significant-wage-growth-since-marikana-but-social-burdens-undermine-gains/,retrieved_extracted,,trafilatura,1877,be59b25bad1982d8bc9c0b5dcc2ca2eab1ed4b3a9325d07ec79f124cbac82317,false,true
MEDIA-058,prior_screened_300,Marikana miners: We'll fight another 10 years to taste justice,2022,Daily Maverick,https://www.dailymaverick.co.za/article/2022-08-13-mine-workers-symbolising-sas-tragic-day-well-fight-another-10-years-to-taste-justice/,retrieved_extracted,,trafilatura,2080,ccd19eb5e458c349856f80737d70549815f7425f48ef932ba0811582e76d0112,false,true
CORP-001,prior_screened_300,Lonmin Plc Annual Report and Accounts 2012,2012,Lonmin Plc,https://www.annualreports.com/HostedData/AnnualReportArchive/l/LSE_LMI_2012.pdf,retrieved_no_text,no_body_ge_80_words,,0,,false,false
CORP-002,prior_screened_300,Lonmin Plc Annual Report and Accounts 2013,2013,Lonmin Plc,https://www.annualreports.com/HostedData/AnnualReportArchive/l/LSE_LMI_2013.pdf,retrieved_extracted,,pypdf,122802,d269633bc639acc87ed20b214d18d802f458ad69ce47042b983dbf9d91b33adf,false,true
CORP-003,prior_screened_300,Lonmin Plc Annual Report and Accounts 2014,2014,Lonmin Plc,https://www.annualreports.com/HostedData/AnnualReportArchive/l/LSE_LMI_2014.pdf,retrieved_no_text,no_body_ge_80_words,,0,,false,false
CORP-004,prior_screened_300,Lonmin Plc Annual Report and Accounts 2016,2016,Lonmin Plc,https://www.annualreports.com/HostedData/AnnualReportArchive/l/LSE_LMI_2015.pdf,retrieved_extracted,,pypdf,147501,65958f0fc322584867c0ac28484a9ca56280141635b86a8a009aa99a6e4a9c1f,false,true
CORP-006,prior_screened_300,Lonmin Plc Annual Report and Accounts 2017,2017,Lonmin Plc,https://www.sibanyestillwater.com/wp-content/uploads/transactions/lonmin/final-offer/lonmin-year-end-30september2017.pdf,retrieved_extracted,,pypdf,41631,a69476d8e2ff830470035247b05aa0b7e041efda4a15ac6ca506fba7032cb8bd,false,true
CORP-007,prior_screened_300,Lonmin Plc Annual Report and Accounts 2018,2018,Lonmin Plc,https://www.sibanyestillwater.com/wp-content/uploads/transactions/lonmin/lonmin-annual-report-2018.pdf,retrieved_extracted,,pypdf,98841,dab5f07f117f8f64ea7d1dc5ef724b58335db78d8becf7589a5d0d90c073c015,false,true
CORP-008,prior_screened_300,Sibanye-Stillwater Integrated Report 2019,2019,Sibanye-Stillwater,https://reports.sibanyestillwater.com/2019/,retrieved_extracted,,trafilatura,325,df977e9ab7ce473effc2d861b9e81ea46de34dbf6301a97233e976c1aff0e251,false,true
CORP-009,prior_screened_300,Sibanye-Stillwater Integrated Report 2020,2020,Sibanye-Stillwater,https://reports.sibanyestillwater.com/2020/,retrieved_extracted,,trafilatura,2730,fac8bb110d5ede5abbd11bd0c773542c38250a1f1b3be863ec5cea218f4d6a47,false,true
CORP-010,prior_screened_300,Sibanye-Stillwater Integrated Report 2021,2021,Sibanye-Stillwater,https://reports.sibanyestillwater.com/2021/,retrieved_extracted,,trafilatura,3227,a8044c0fca82f144812525083500f8cec3957662719ca8c250c63eb7d0f5b808,false,true
CORP-011,prior_screened_300,Sibanye-Stillwater Integrated Report 2022,2022,Sibanye-Stillwater,https://reports.sibanyestillwater.com/2022/,retrieved_extracted,,trafilatura,301,d8f3f2663757514e1eda2edd97f984b32166b43c53c6d36aa5f45e266497c1e2,false,true
CORP-012,prior_screened_300,Sibanye-Stillwater Integrated Report 2023,2023,Sibanye-Stillwater,https://reports.sibanyestillwater.com/2023/,retrieved_extracted,,trafilatura,2224,982c54b27a7f3b6e93b36852aa825dc746b68b643cc1493f906d8e5d7c7832ee,false,true
expanded_corporate_candidates__EXP-CORP-001,prior_screened_300,Lonmin Plc Annual Report and Accounts 2010,2010,Lonmin Plc,https://www.annualreports.com/HostedData/AnnualReportArchive/l/LSE_LMI_2010.pdf,retrieved_extracted,,pypdf,91533,533d5b314d83d07d26e6e23e3f77c3c6c3c3a61abe980d4334a47274887c5dae,false,true
expanded_corporate_candidates__EXP-CORP-002,prior_screened_300,Lonmin Plc Annual Report and Accounts 2011,2011,Lonmin Plc,https://www.annualreports.co.uk/HostedData/AnnualReportArchive/l/LSE_LMI_2011.pdf,retrieved_no_text,no_body_ge_80_words,,0,,false,false
EXP-CORP-004,prior_screened_300,Lonmin Plc Sustainable Development Report 2016,2016,Lonmin Plc,https://wikirate-production-storage.fra1.cdn.digitaloceanspaces.com/files/3336301/14042001.pdf,retrieved_extracted,,pypdf,7215,0305307b4198bccbb86086a11a8cb76c9bdde400aa49a5a2b9d7bb4e81b77612,false,true
EXP-CORP-005,prior_screened_300,Lonmin Plc Sustainable Development Report 2018,2018,Lonmin Plc,https://www.sibanyestillwater.com/wp-content/uploads/transactions/lonmin/1548855505-lonmin-sdr-2018.pdf,retrieved_extracted,,pypdf,35874,80268d7f2dc1cb37fff279f429c8cb9491338387d912d1bd48458466a4f0289d,false,true
CORP-NEWS-001,prior_screened_300,Sibanye-Stillwater enters Section 189 consultation with stakeholders at its Marikana operation and associated services,2019,Sibanye-Stillwater,https://www.resource-capital.ch/fileadmin/user_upload/25092019_EN_Sibanye-Stillwater_enters_Section_189_consultation_with_stakeholders_at_its_Marikana_operation_and_associated_services_25Sep2019.pdf,retrieved_extracted,,pypdf,1438,cf1889aa2800aa0c8dd4a0fab7fbe5a38fc2742dc1854146c6514b488e478a42,false,true
CORP-NEWS-002,prior_screened_300,Constitutional Court of South Africa dismisses applications brought by Greater Lonmin Community,2019,Sibanye-Stillwater,https://thevault.exchange/?get_group_doc=245%2F1567694971-WithLogoConstitutionalCourtofSouthAfricadismissesapplicationsbroughtbyGreaterLonminCommunity5Sep2019.pdf,retrieved_extracted,,pypdf,1019,6c7298c0d9333fa9d4cdaeb2f0b762c5297251fb3355ef754e80f6d2af78fae0,false,true
CORP-NEWS-003,prior_screened_300,Sibanye-Stillwater signs three-year PGM wage agreements,2019,Sibanye-Stillwater,https://thevault.exchange/?get_group_doc=245%2F1573812467-sibanye-stillwater-signs-three-year-pgm-agreements-15nov2019.pdf,retrieved_extracted,,pypdf,915,307fbad8eaa5dacb0714a59449e6e66ff139470c3c5252d6c6cfa5d9cf611886,false,true
CORP-NEWS-005,prior_screened_300,Referral of the Platinum wage negotiations dispute to the CCMA for Sibanye-Stillwater’s Rustenburg and Marikana operations,2019,Sibanye-Stillwater,https://thevault.exchange/?get_group_doc=245%2F1569859850-MediareleaseReferralofthePlatinumwagenegotiationsdisputetotheCCMAforSibanye-StillwatersRustenburgandMarikanaoperations30Sep2019.pdf,retrieved_extracted,,pypdf,821,e78ae612e5d3dad931eb34174ad4c7d0c97481c3bab1ea8bd191b171c1ec651e,false,true
CORP-NEWS-006,prior_screened_300,Marikana Commemoration speakers call for positive change in South Africa,2023,Sibanye-Stillwater,https://thevault.exchange/?get_group_doc=245%2F1692017960-MediareleaseMarikanacommemorationcallforpositivechangeinSA14August2023.pdf,retrieved_extracted,,pypdf,1796,3c299ef9de1599c4eb2ce6c0c5ebf368d542a64c0376fe9f0b80f94652589fcf,false,true
CORP-SAT-001,prior_screened_300,SA PGM wage negotiations,2019,Sibanye-Stillwater,https://www.sibanyestillwater.com/features/2019/sa-pgm-wage-negotiations/,retrieved_extracted,,trafilatura,120,281130ac753f39cf2e916790599e23ddc1bcbb57378b4383633223a9b8fc24bf,false,true
CORP-SAT-002,prior_screened_300,Marikana Memorial,2020,Sibanye-Stillwater,https://www.sibanyestillwater.com/features/2020/marikana-memorial/,retrieved_extracted,,trafilatura,1292,49e24cb29abbbd788baad726209355a1ff09d26df81ae312bb98c2dd0d2f6676,false,true
CORP-SAT-003,prior_screened_300,Marikana Renewal,2021,Sibanye-Stillwater,https://www.sibanyestillwater.com/features/2021/marikana-renewal/,retrieved_extracted,,trafilatura,478,2969298d169c91ef5b6f10c857ea1710ee696e94e6a00146ba3e3bb95fa34bd9,false,true
CORP-SAT-004,prior_screened_300,Marikana commemoration 2021,2021,Sibanye-Stillwater,https://www.sibanyestillwater.com/features/2021/marikana-commemoration/,retrieved_extracted,,trafilatura,1688,4fa6b310739a398a1307ac090b20c2a7c9df369c59c3da4d6d59f857771d405e,false,true
EXP-GOV-001,prior_screened_300,Release of the Marikana Commission report,2015,The Presidency / South African Government,https://www.gov.za/news/speeches/president-jacob-zuma-release-marikana-report-25-jun-2015,retrieved_extracted,,trafilatura,2388,94329e929e52daa54c55f42798df85ef0581bcf8ab08f0f602f3f890db2db20a,false,true
EXP-GOV-002,prior_screened_300,North West Human Settlements on Marikana housing project,2015,North West Department of Local Government and Human Settlements / South African Government,https://www.gov.za/speeches/north-west-human-settlements-marikana-housing-project-7-dec-2015-0000,retrieved_extracted,,trafilatura,288,4f52a04c1bd7458f6f22fe246b6e598f4a347eceefd8ffa09412cf18272140aa,false,true
EXP-GOV-003,prior_screened_300,North West Human Settlements on illegal occupants of Marikana houses,2016,North West Human Settlements / South African Government,https://www.gov.za/speeches/illegal-occupants-houses-marikana-stand-be-evicted-19-apr-2016-0000,retrieved_extracted,,trafilatura,202,b5ca3b950b996d9fb802eff8a88eed51a0b048638e506358352d006e82bc4feb,false,true
EXP-GOV-004,prior_screened_300,Government remembers Marikana,2017,South African Government,https://www.gov.za/speeches/government-remembers-marikana-16-aug-2017-0000,retrieved_extracted,,trafilatura,1066,ad5ea50c3d28e5f4c1634555915ddae78c6b997154dabdac16e200e70213ccfb,false,true
EXP-GOV-005,prior_screened_300,Department of Human Settlements Embarks on Major Effort to Revitalise Distressed Mining Towns,2017,Parliament of South Africa,https://www.parliament.gov.za/news/department-human-settlements-embarks-major-effort-revitalise-distressed-mining-towns,retrieved_extracted,,trafilatura,1141,e9df0bcab8bf762154efe94698bbb1fc82273b3c3cd9f454809b348e90767808,false,true
EXP-GOV-010,prior_screened_300,Panel of Experts Report on Policing and Crowd Management,2018,Panel of Experts / Minister of Police,https://cisp.cachefly.net/assets/articles/attachments/84996_pannel_of_experts_2021.pdf,retrieved_extracted,,pypdf,194376,8be1ca547188198fd9698b255d72d6395f007f7b896fdf3c31c16ade4509b1b0,false,true
EXP-GOV-011,prior_screened_300,Parliament requests update from SAPS on implementation of recommendations in Panel of Experts Report,2021,Parliament of South Africa,https://www.gov.za/news/media-statements/parliament-requests-update-saps-implementation-recommendations-panel-experts,retrieved_extracted,,trafilatura,598,b4926865449c2eaeae7bd5fc311f2c4ac42e26287b4923b62ac0e77c6a482a08,false,true
EXP-GOV-012,prior_screened_300,Panel of experts on Farlam Commission briefs Parliament,2017,South African Government News Agency,https://www.sanews.gov.za/south-africa/panel-experts-farlam-commission-briefs-parliament,retrieved_extracted,,trafilatura,650,7a7147b63868b01b966abf64c8ebda2dce74f9fc7267e911511d2bd6de9c7a55,false,true
GOV-SAT-001,prior_screened_300,Government on Marikana related litigation,2023,South African Government / GCIS,https://www.gov.za/news/media-statements/government-marikana-related-litigation-17-aug-2023,retrieved_extracted,,trafilatura,603,4d6d7e4d2f13f3458cd2a96d772980b681fce5564f9a7d6467012152b6702d75,false,true
WEB-GOV-001,prior_screened_300,Minister Nathi Nhleko says closure needed over Marikana,2015,South African Police Service / South African Government,https://www.gov.za/news/media-statements/minister-nathi-nhleko-says-closure-needed-over-marikana-12-aug-2015,retrieved_extracted,,trafilatura,236,79160a443a6534388e8ac6de7dd55de381eb6c977c56d2b785e0bd743882bbe4,false,true
WEB-GOV-002,prior_screened_300,Farlam recommendations being implemented,2016,South African Government News Agency,https://www.sanews.gov.za/south-africa/farlam-recommendations-being-implemented,retrieved_extracted,,trafilatura,976,4a630ee882767ae8709e77319bc9ebebd3878ea18b3155786143203e0bdb397a,false,true
WEB-GOV-003,prior_screened_300,Government remembers Marikana tragedy,2020,Government Communication and Information System,https://www.gcis.gov.za/newsroom/media-releases/government-remembers-marikana-tragedy,retrieved_extracted,,trafilatura,404,89ed791ea730986167fa5dd1745aa5247541b8caf7b180b36a418aa44cd8f3af,false,true
WEB-GOV-004,prior_screened_300,Government commemorates the Marikana tragedy,2022,South African Government,https://www.gov.za/news/media-statements/government-commemorates-marikana-tragedy-16-aug-2022,retrieved_extracted,,trafilatura,1336,40e1254500a38d6e8e649c73efa0f8a249724f913f5b77a1c1837d1e329ab135,false,true
expanded_media_candidates__EXP-MEDIA-001,prior_screened_300,It's business unusual at 'improving' Lonmin – Munroe,2013,Mining Weekly,https://www.miningweekly.com/article/its-business-unusual-at-improving-lonmin-munroe-2013-03-15,retrieved_extracted,,trafilatura,1644,48d28e7773c871ee3ba93ce9b5966aa11c104742062a4d78bfd0102c5e21985f,false,true
expanded_media_candidates__EXP-MEDIA-002,prior_screened_300,Lonmin accelerates union recognition process to ease Marikana tensions,2013,Mining Weekly,https://www.miningweekly.com/article/lonmin-accelerates-union-recognition-process-to-ease-marikana-tensions-2013-05-17,retrieved_extracted,,trafilatura,585,2e07a1f92fe3e9964e5f3dfe7355f0a7c5b8ef01b3b0370eeeb869f5fa049677,false,true
expanded_media_candidates__EXP-MEDIA-003,prior_screened_300,Lonmin to derecognise smaller unions in favour of AMCU,2013,Mining Weekly,https://www.miningweekly.com/article/lonmin-to-derecognise-smaller-unions-in-favour-of-amcu-2013-08-23,retrieved_extracted,,trafilatura,729,3d68673dc4852288b76b42fa83e2387f1c32df8090df9156858bea9160d60cc2,false,true
expanded_media_candidates__EXP-MEDIA-004,prior_screened_300,NUM wants members at Lonmin back,2013,Mining Weekly,https://www.miningweekly.com/article/num-wants-members-at-lonmin-back-2013-07-11,retrieved_extracted,,trafilatura,501,5f06f89f4cad53caa57ac16aeab2388f3a43ebb447cbbf9912789ec0c7d684b5,false,true
expanded_media_candidates__EXP-MEDIA-005,prior_screened_300,NUM member gunned down at Lonmin hostel,2013,Mining Weekly,https://www.miningweekly.com/article/num-member-gunned-down-at-lonmin-hostel-2013-06-03,retrieved_extracted,,trafilatura,616,5e03b0e74c989dc38ea16dc61155e714d55ec8aa1287f25775927b402aacadae,false,true
expanded_media_candidates__EXP-MEDIA-006,prior_screened_300,AMCU postpones Lonmin strike action pending meeting with Motlanthe,2013,Mining Weekly,https://www.miningweekly.com/article/amcu-postpones-strike-action-pending-meeting-with-motlanthe-2013-06-13,retrieved_extracted,,trafilatura,1042,80cef5c3759cc283fc1d83d316a6e940407fe3e9cb453c8bd69c10f61e5ef6e3,false,true
expanded_media_candidates__EXP-MEDIA-007,prior_screened_300,Union puts chamber on spot over alleged Lonmin breach,2013,Mining Weekly,https://www.miningweekly.com/article/union-puts-chamber-on-spot-over-alleged-lonmin-breach-2013-09-06,retrieved_extracted,,trafilatura,1366,1fe537ff0c935cb25231ed86a2ccaae5690d8bd9938ac46a7ed4c71f84a50dcb,false,true
expanded_media_candidates__EXP-MEDIA-008,prior_screened_300,Solidarity gears up for Lonmin strike,2013,Mining Weekly,https://www.miningweekly.com/article/solidarity-gears-up-for-lonmin-strike-2013-08-19,retrieved_extracted,,trafilatura,603,2187cc93a83577be13daa94632fe9c80609d68aae7297e3b6eac5f0d61d87bdd,false,true
expanded_media_candidates__EXP-MEDIA-009,prior_screened_300,An end to platinum miner's single-sex hostels beckons,2014,Mining Weekly,https://www.miningweekly.com/article/an-end-to-platinum-miners-single-sex-hostels-beckons-2014-03-28,retrieved_extracted,,trafilatura,1836,abaf3e97f6b322e2310533511c6e2c98d3aaaf45ac5ee31ce3fdd18691675aab,false,true
expanded_media_candidates__EXP-MEDIA-010,prior_screened_300,Marikana report to Zuma by Tuesday,2015,Mining Weekly,https://www.miningweekly.com/article/marikana-report-to-zuma-by-tuesday-2015-03-30,retrieved_extracted,,trafilatura,495,28163256eb840f5c0763fce243053adbc7f83e4a02b1a1c5c56939132ba845b5,false,true
expanded_media_candidates__EXP-MEDIA-011,prior_screened_300,Marikana Commission: Sowing the killing fields,2012,Daily Maverick,https://www.dailymaverick.co.za/article/2012-11-09-marikana-commission-sowing-the-killing-fields/,retrieved_extracted,,trafilatura,1366,70107f57792368886c5250afe181a2a886299c43bad3a15b37dab6705467cfef,false,true
expanded_media_candidates__EXP-MEDIA-012,prior_screened_300,Marikana Commission: 'Don't single us out' - police,2012,Daily Maverick,https://www.dailymaverick.co.za/article/2012-11-06-marikana-commission-dont-single-us-out-police/,retrieved_extracted,,trafilatura,729,5eb3de69c422b7ae383ae983496deae9f98a2c94cb96318518499d0cf48556fa,false,true
expanded_media_candidates__EXP-MEDIA-013,prior_screened_300,"Marikana Commission: The foiled saviour, Joseph Mathunjwa",2012,Daily Maverick,https://www.dailymaverick.co.za/article/2012-11-29-marikana-commission-the-foiled-saviour-joseph-mathunjwa/,retrieved_extracted,,trafilatura,882,c340c06295226b684e50e464c8537fe636e6345dcfa3d12da0876e020df70ef0,false,true
expanded_media_candidates__EXP-MEDIA-014,prior_screened_300,25 October 2012: A day of reckoning at Marikana,2012,Daily Maverick,https://www.dailymaverick.co.za/article/2012-10-24-25-october-2012-a-day-of-reckoning-at-marikana/,retrieved_extracted,,trafilatura,1933,fa4cb12cb03af059fa13ddf2e895f8f83a51a3360c422065c40a9a86106741f3,false,true
expanded_media_candidates__EXP-MEDIA-015,prior_screened_300,Marikana Commission: Gung-ho Mangwashi Phiyega under scrutiny,2013,Daily Maverick,https://www.dailymaverick.co.za/article/2013-01-24-marikana-commission-gung-ho-mangwashi-phiyega-under-scrutiny/,retrieved_extracted,,trafilatura,796,15481f8473975ff0b5d5abb1cfc48d9ea927c5cf1f32f61b9f78f9fba0d6de20,false,true
expanded_media_candidates__EXP-MEDIA-016,prior_screened_300,Money-kana Commission?,2013,Daily Maverick,https://www.dailymaverick.co.za/article/2013-08-30-money-kana-commission/,retrieved_extracted,,trafilatura,862,daab031f5834011f472d3f1ffac17422dfb0d426090e84404012d92f980a6b0d,false,true
expanded_media_candidates__EXP-MEDIA-017,prior_screened_300,"Marikana Commission: Lies, videotapes and the police's crumbling wall of deceit",2013,Daily Maverick,https://www.dailymaverick.co.za/article/2013-09-16-marikana-commission-lies-videotapes-and-the-polices-crumbling-wall-of-deceit/,retrieved_extracted,,trafilatura,1518,318996d06c98636b46183a1edfe867117efa1dcb6bf70d18a29e7209d5478f9c,false,true
expanded_media_candidates__EXP-MEDIA-018,prior_screened_300,Marikana massacre: More disturbing questions about police planning and objectives,2013,Daily Maverick,https://www.dailymaverick.co.za/article/2013-10-23-marikana-massacre-more-disturbing-questions-about-police-planning-and-objectives/,retrieved_extracted,,trafilatura,1204,d967fe24ba8c22b4886ba2fb5fa1cdb66fb730043ee25fa7994d67088c51d94f,false,true
expanded_media_candidates__EXP-MEDIA-019,prior_screened_300,"Marikana massacre: SAPS, Lonmin, Ramaphosa & time for blood. Miners' blood.",2013,Daily Maverick,https://www.dailymaverick.co.za/article/2013-10-24-marikana-massacre-saps-lonmin-ramaphosa-time-for-blood-miners-blood/,retrieved_extracted,,trafilatura,2039,434b4a48adfadf53a11a36b0949157c37a4f3f1b9e81fc5f93dd0018b4ef9d3b,false,true
expanded_media_candidates__EXP-MEDIA-020,prior_screened_300,"Marikana massacre: Ramaphosa's statement, revisited",2013,Daily Maverick,https://www.dailymaverick.co.za/article/2013-10-25-marikana-massacre-ramaphosas-statement-revisited/,retrieved_extracted,,trafilatura,1222,71757d23196821c4d7f680076d5e4ac96d7d0d5f7a231c69cee552f49b378d45,false,true
expanded_media_candidates__EXP-MEDIA-021,prior_screened_300,"Memories of Marikana, through the eNCA lens",2013,Daily Maverick,https://www.dailymaverick.co.za/article/2013-08-13-memories-of-marikana-through-the-enca-lens/,retrieved_extracted,,trafilatura,1098,363bc3350a6074b2d2efedf77b6a42a5f1366dd003d847b2904c8a518d2b4752,false,true
expanded_media_candidates__EXP-MEDIA-022,prior_screened_300,Marking the anniversary of two mining massacres: So much remains the same,2013,Daily Maverick,https://www.dailymaverick.co.za/article/2013-08-14-marking-the-anniversary-of-two-mining-massacres-so-much-remains-the-same/,retrieved_extracted,,trafilatura,968,9142a00744b8d739564341265b253df9246cb8c68a1d9b39cb98979c7a0f2989,false,true
expanded_media_candidates__EXP-MEDIA-023,prior_screened_300,Marikana massacre: The first of Lonmin's voices are heard,2014,Daily Maverick,https://www.dailymaverick.co.za/article/2014-06-09-marikana-massacre-the-first-of-lonmins-voices-are-heard/,retrieved_extracted,,trafilatura,2316,883551ea427223e6b5e6864a6d57d8996a32a1fb7bf741a889cdd3fea9f1ea4b,false,true
expanded_media_candidates__EXP-MEDIA-024,prior_screened_300,Marikana report: Key findings and recommendations,2015,Daily Maverick,https://www.dailymaverick.co.za/article/2015-06-26-marikana-report-key-findings-and-recommendations/,retrieved_extracted,,trafilatura,1403,4d0f2bdfe6667a9a523d219d2ef56edefe367b167f2ce1e58399618a6ab9c370,false,true
expanded_media_candidates__EXP-MEDIA-025,prior_screened_300,amaBhungane: 'War' looming over Marikana housing evictions,2016,Daily Maverick,https://www.dailymaverick.co.za/article/2016-08-31-amabhungane-war-looming-over-marikana-housing-evictions/,retrieved_extracted,,trafilatura,1432,869362f39c94ffeb0a829a035982688ea657cb50bcc8add6f66799aa67d83f6a,false,true
expanded_media_candidates__EXP-MEDIA-029,prior_screened_300,Marikana: What's been done on SAPS recommendations?,2017,Daily Maverick,https://www.dailymaverick.co.za/article/2017-08-16-marikana-whats-been-done-on-saps-recommendations/,retrieved_extracted,,trafilatura,1215,41d9bb527c923be1fa92ffbf8906f24eab0f63d6c6d65e3d5c8b827a019cface,false,true
expanded_media_candidates__EXP-MEDIA-033,prior_screened_300,Community wants ConCourt to declare R5bn Lonmin deal illegal,2019,Daily Maverick,https://www.dailymaverick.co.za/article/2019-07-21-community-wants-concourt-to-declare-r5bn-lonmin-deal-illegal/,retrieved_extracted,,trafilatura,839,cd1292d424ba9707df82daa697f82cbdd52bd0bf0fb83312544a5a36bfe0f216,false,true
expanded_media_candidates__EXP-MEDIA-035,prior_screened_300,"Marikana massacre: The devastating impact of the narrative painted by business, police and the state",2020,Daily Maverick,https://www.dailymaverick.co.za/article/2020-08-26-marikana-massacre-the-devastating-impact-of-the-narrative-painted-by-business-police-and-the-state/,retrieved_extracted,,trafilatura,1268,645c1d508e2c9a4c0d6feb70aa161810666806158699f8e0395f84ac87f589c6,false,true
expanded_media_candidates__EXP-MEDIA-036,prior_screened_300,"SAPS transformation: Key report gathers dust, snubbing Marikana Commission",2021,Daily Maverick,https://www.dailymaverick.co.za/article/2021-01-17-saps-transformation-key-report-gathers-dust-snubbing-marikana-commission/,retrieved_extracted,,trafilatura,1222,e3662dc659ba36b43d46b37fa37f6d91617ab506ae5025ec27510ed758b33fde,false,true
expanded_media_candidates_02__EXP-MEDIA-037,prior_screened_300,Lonmin workers embark on illegal work stoppage,2013,Mining Weekly,https://www.miningweekly.com/article/illegal-strike-erupts-at-lonmin-2013-03-05,retrieved_extracted,,trafilatura,951,34dbe6c2c206ca1166497038d311a28e617e8ae26a57c23d60a96772ae3f878e,false,true
expanded_media_candidates_02__EXP-MEDIA-038,prior_screened_300,"AMCU, Lonmin find strike-averting meeting point?",2013,Mining Weekly,https://www.miningweekly.com/article/amcu-lonmin-find-strike-averting-meeting-point-deputy-president-2013-06-21,retrieved_extracted,,trafilatura,1132,84b9e8ffd5341fe8cdc1ce4ba83f33ff36eaf3658b2591589769d7a3166ee77e,false,true
expanded_media_candidates_02__EXP-MEDIA-039,prior_screened_300,Lonmin confirms work stoppage across shafts,2013,Mining Weekly,https://www.miningweekly.com/article/lonmin-confirms-work-stoppage-across-shafts-2013-05-14,retrieved_extracted,,trafilatura,570,dc2b8ecee6ff4339ea681bedda5e509cad108fea5ec8021d0a6654f52f0a5235,false,true
expanded_media_candidates_02__EXP-MEDIA-040,prior_screened_300,"AMCU, Lonmin talks reach deadlock, formal arbitration to start",2013,Mining Weekly,https://www.miningweekly.com/article/amcu-lonmin-talks-reach-deadlock-formal-arbitration-to-start-2013-05-23,retrieved_extracted,,trafilatura,538,b057da8f4fe4258be47a2b2c79bb3d95497340a73955a25e1482b2a7e3a002fd,false,true
expanded_media_candidates_02__EXP-MEDIA-041,prior_screened_300,"Lonmin to lose 3 100 oz/d, Implats 2 800 oz/d in production owing to AMCU strike",2014,Mining Weekly,https://www.miningweekly.com/article/lonmin-to-lose-3-100-ozd-implats-2-800-ozd-in-production-owing-to-amcu-strike-2014-01-23,retrieved_extracted,,trafilatura,606,0dcc2364bc7d0fb0cc885e3d93b1c0d4acc88d59150c0e43943ea6baa7a117b1,false,true
expanded_media_candidates_02__EXP-MEDIA-042,prior_screened_300,"AMCU, platinum companies' wage talks stall",2014,Mining Weekly,https://www.miningweekly.com/article/amcu-platinum-companies-wage-talks-stall-2014-02-06,retrieved_extracted,,trafilatura,691,09086ae2e88a510d896dc6ab00972f1373fd3826f7a2ae50ab6d52d32d30bd71,false,true
expanded_media_candidates_02__EXP-MEDIA-043,prior_screened_300,AMCU sidelined as platinum producers take offer directly to employees,2014,Mining Weekly,https://www.miningweekly.com/article/amcu-sidelined-as-platinum-producers-take-offer-directly-to-employees-2014-04-25,retrieved_extracted,,trafilatura,763,ba42ab77c26fbcfa0fa109c0ca0ab52f1196157c10c175b88a87355d1836ec05,false,true
expanded_media_candidates_02__EXP-MEDIA-044,prior_screened_300,"Lonmin hit hardest by strike, third capital raising expected",2014,Mining Weekly,https://www.miningweekly.com/article/lonmin-hit-hardest-by-strike-third-capital-raising-expected-2014-05-22,retrieved_extracted,,trafilatura,622,ae3077052f3bca8f1b55eb9430ca8f3c70f5b754a6462007fdc335138bf0490a,false,true
expanded_media_candidates_02__EXP-MEDIA-045,prior_screened_300,"AMCU rejects platinum offer, sticking to R12 500 demand",2014,Mining Weekly,https://www.miningweekly.com/article/amcu-rejects-platinum-offer-sticking-to-r12-500-demand-2014-01-31,retrieved_extracted,,trafilatura,648,e56bd88901487c16a6a600628dbe96e92a91c64503e96eb66f27a3576989a66a,false,true
expanded_media_candidates_02__EXP-MEDIA-046,prior_screened_300,Farlam Commission: More Marikana massacre secrets and lies,2014,Daily Maverick,https://www.dailymaverick.co.za/article/2014-03-14-farlam-commission-more-marikana-massacre-secrets-and-lies/,retrieved_extracted,,trafilatura,1639,442c923390b3a90d264b476022ef9aa481afe1b185b77360519962865a90f729,false,true
expanded_media_candidates_02__EXP-MEDIA-047,prior_screened_300,"In Marikana, local government's failures in plain sight",2012,Daily Maverick,https://www.dailymaverick.co.za/article/2012-09-10-in-marikana-local-governments-failures-in-plain-sight/,retrieved_extracted,,trafilatura,1246,f64290f4a4a29dcac59baef4c5f30aae20f77dc528817025681af07dfe5ecedb,false,true
expanded_media_candidates_02__EXP-MEDIA-048,prior_screened_300,Cyril Ramaphosa: The true betrayal,2012,Daily Maverick,https://www.dailymaverick.co.za/article/2012-10-27-cyril-ramaphosa-the-true-betrayal/,retrieved_extracted,,trafilatura,1764,b8b96007d123206d6dc204706db0533e760fcd3204b829e8e1d4b6a51fdf38f3,false,true
expanded_media_candidates_02__EXP-MEDIA-049,prior_screened_300,Marikana Commission: Phiyega's testimony begins,2013,Daily Maverick,https://www.dailymaverick.co.za/article/2013-03-15-marikana-commission-phiyegas-testimony-begins/,retrieved_extracted,,trafilatura,1049,cb7ccfc31041334f26e1be864cfb7778ebeab98ddd8dc507df06db0aa5131727,false,true
expanded_media_candidates_02__EXP-MEDIA-050,prior_screened_300,Marikana Commission: Sangoma's death and Phiyega's understanding of truth,2013,Daily Maverick,https://www.dailymaverick.co.za/article/2013-03-26-marikana-commission-sangomas-death-and-phiyegas-understanding-of-truth/,retrieved_extracted,,trafilatura,1370,d32f50bd199f65b09e0bf6a6c8bd3e721f0d4a6c62ac73ae2760ceb94c06b0cb,false,true
expanded_media_candidates_02__EXP-MEDIA-051,prior_screened_300,"Lonmin ops ramping up, normal levels expected by Q1 2015",2014,Mining Weekly,https://www.miningweekly.com/article/lonmin-ops-ramping-up-normal-levels-expected-by-q1-2015-2014-07-25,retrieved_extracted,,trafilatura,1196,4eea80111d2c561af09436a9f9ac007b468f0fa91feff08d180a16ab3d76b0f6,false,true
expanded_media_candidates_02__EXP-MEDIA-052,prior_screened_300,"We made significant progress in Marikana, says Lonmin",2018,Mining Weekly,https://www.miningweekly.com/article/we-made-significant-progress-in-marikana-says-lonmin-2018-08-15,retrieved_extracted,,trafilatura,741,327146befd2fcc72f4b74978544608389cf3e2d2390d036bd46a2f8f38975497,false,true
expanded_media_candidates_batch1__EXP-MEDIA-001,prior_screened_300,The murder fields of Marikana. The cold murder fields of Marikana.,2012,Daily Maverick,https://www.dailymaverick.co.za/article/2012-09-08-the-murder-fields-of-marikana-the-cold-murder-fields-of-marikana/,retrieved_extracted,,trafilatura,2953,385f1969dce95ffb279ceb81bc90943b67f5b2117e071fae87b92c81d0e0171b,false,true
expanded_media_candidates_batch1__EXP-MEDIA-002,prior_screened_300,"Marikana's Small Koppie: 14 dead, 300 metres away from Wonderkop. Why?",2012,Daily Maverick,https://www.dailymaverick.co.za/article/2012-09-08-marikanas-small-koppie-14-dead-300-metres-away-from-wonderkop-why/,retrieved_extracted,,trafilatura,1399,a083a10400ae0558b7301c23b7f5548d2db65297b88f753460d1d9265015e555,false,true
expanded_media_candidates_batch1__EXP-MEDIA-004,prior_screened_300,"Unsafe House, Unsafe Job? The foul truth about living conditions at Marikana",2012,Daily Maverick,https://www.dailymaverick.co.za/article/2012-09-27-unsafe-house-unsafe-job-the-foul-truth-about-living-conditions-at-marikana/,retrieved_extracted,,trafilatura,1465,c9f06df4ead577ee4ce016415656354b9246e8c9c1f70c1fef39c9048379ecae,false,true
expanded_media_candidates_batch1__EXP-MEDIA-005,prior_screened_300,Friendship forged in the depths of the earth and strengthened by the horror of Marikana,2012,Daily Maverick,https://www.dailymaverick.co.za/article/2012-09-26-friendship-forged-in-the-depths-of-the-earth-and-strengthened-by-the-horror-of-marikana/,retrieved_extracted,,trafilatura,3422,8a3600cf6a2a846781c526510ed3c6fb4cd56b4694a5bd85d2b4d40fc473055e,false,true
expanded_media_candidates_batch1__EXP-MEDIA-006,prior_screened_300,Marikana: The debt-hole that fuelled the fire,2012,Daily Maverick,https://www.dailymaverick.co.za/article/2012-10-12-marikana-the-debt-hole-that-fuelled-the-fire/,retrieved_extracted,,trafilatura,1159,5afb1c3183cd912eeef79dea35c44e9f5038374c2d7c61d3d1ec864e031787e4,false,true
expanded_media_candidates_batch1__EXP-MEDIA-007,prior_screened_300,Marikana: Police torturing their way to intimidation,2012,Daily Maverick,https://www.dailymaverick.co.za/article/2012-11-02-marikana-police-torturing-their-way-to-intimidation/,retrieved_extracted,,trafilatura,1439,ae29c5671dc16ae0ab2c73bd833557f49a1f94dabfb2275bfda97530fac98634,false,true
expanded_media_candidates_batch1__EXP-MEDIA-010,prior_screened_300,Marikana murders: The world now believes,2012,Daily Maverick,https://www.dailymaverick.co.za/article/2012-09-10-marikana-murders-the-world-now-believes/,retrieved_extracted,,trafilatura,1320,70d51792b399721c24e538c8efc11c9cc1dcdf30d0266cee5d4ce53f9c3b359c,false,true
expanded_media_candidates_batch1__EXP-MEDIA-011,prior_screened_300,"Marikana, Malema, rebellion, revolution",2012,Daily Maverick,https://www.dailymaverick.co.za/article/2012-09-12-marikana-malema-rebellion-revolution/,retrieved_extracted,,trafilatura,1484,4077012b6f376d1be1924826a67b1a4778a3ae68e2f42e53bdaa311b0cf1fd45,false,true
expanded_media_candidates_batch1__EXP-MEDIA-012,prior_screened_300,Daily Maverick's SA Persons of the Year: The victims of Marikana,2012,Daily Maverick,https://www.dailymaverick.co.za/article/2012-12-31-daily-mavericks-sa-persons-of-the-year-the-victims-of-marikana/,retrieved_extracted,,trafilatura,1227,7f3f0c36ddab49a79c6e6894d2e9561216172078d9af8e727afc8ebcca331889,false,true
expanded_media_candidates_batch1__EXP-MEDIA-015,prior_screened_300,"The Marikana Commission, and skewed access to justice",2013,Daily Maverick,https://www.dailymaverick.co.za/article/2013-08-15-the-marikana-commission-and-skewed-access-to-justice/,retrieved_extracted,,trafilatura,1025,78cefa79c4728b832f7e6bf48de2ce35dc01aa07477e537c71ba22e4f75499d7,false,true
expanded_media_candidates_batch1__EXP-MEDIA-022,prior_screened_300,Marikana – a massacre without criminal consequences,2022,Daily Maverick,https://www.dailymaverick.co.za/article/2022-05-19-marikana-a-massacre-still-without-any-criminal-consequences/,retrieved_extracted,,trafilatura,1139,662491328bf250e1b8187563ca530053f9e72057a6f9345eeea0847181e60699,false,true
expanded_media_candidates_batch1__EXP-MEDIA-023,prior_screened_300,We must fight to ensure that those slain at Marikana did not die in vain,2022,Daily Maverick,https://www.dailymaverick.co.za/article/2022-08-15-we-must-fight-to-ensure-that-those-slain-at-marikana-on-16-august-2012-did-not-die-in-vain/,retrieved_extracted,,trafilatura,1906,c61e5c8ca8c1a876c4f49dc978b4190e0324d20ab1d5042844c539c61631d1a1,false,true
expanded_media_candidates_batch1__EXP-MEDIA-024,prior_screened_300,REPUTATION WRECKING BALL,2012,Mining Weekly,https://www.miningweekly.com/article/reputation-wrecking-ball-2012-09-07,retrieved_extracted,,trafilatura,338,d621d203499d4fc598abcc9eee884ac6d812c5dde6ea6d7521fc17d5a643ec15,false,true
expanded_media_candidates_batch1__EXP-MEDIA-026,prior_screened_300,Lonmin says significant safety records achieved at Marikana,2013,Mining Weekly,https://www.miningweekly.com/article/lonmin-says-significant-safety-records-achieved-at-marikana-2013-01-24,retrieved_extracted,,trafilatura,463,188630772ff26480ecfdf9cc710cb45eb9f66baf512fdf8c872bf9cf716534eb,false,true
expanded_media_candidates_batch1__EXP-MEDIA-030,prior_screened_300,"AMCU to serve strike notice on Lonmin, Implats",2014,Mining Weekly,https://www.miningweekly.com/article/amcu-to-serve-strike-notice-on-lonmin-implats-2014-01-17,retrieved_extracted,,trafilatura,516,0428e5267a1b4c084f80514d1cb0fabb7bf4f698866f12ffd9d84518111546b8,false,true
expanded_media_candidates_batch1__EXP-MEDIA-032,prior_screened_300,AMCU prepared to strike for next six months,2014,Mining Weekly,https://www.miningweekly.com/article/amcu-will-not-return-to-work-without-r12-500-basic-wage-2014-03-27,retrieved_extracted,,trafilatura,594,d354f1cb454e64a8684ac5c328a99ed37b171e4c0d2a286ec4a87156a3f8d542,false,true
expanded_media_candidates_batch1__EXP-MEDIA-033,prior_screened_300,Lonmin aims for May 14 restart in challenge to platinum strike,2014,Mining Weekly,https://www.miningweekly.com/article/lonmin-aims-for-may-14-restart-in-challenge-to-platinum-strike-2014-05-09,retrieved_extracted,,trafilatura,812,b4207285d5fd502b3741b3fdf2c33f08dcba288c0ee9c87031582b64f9f0482f,false,true
expanded_media_candidates_batch1__EXP-MEDIA-034,prior_screened_300,"Uphold overwhelming wish of workers to return, pleads Lonmin",2014,Mining Weekly,https://www.miningweekly.com/article/uphold-overwhelming-wish-of-workers-to-return-pleads-lonmin-2014-05-12,retrieved_extracted,,trafilatura,1890,04b628f9c3614ad31642f11721a17ee868a1d7faf5c02d271c90c5c557204e9c,false,true
expanded_media_candidates_batch1__EXP-MEDIA-035,prior_screened_300,"Platinum majors, AMCU sign wage deal; workers to return Wed",2014,Mining Weekly,https://www.miningweekly.com/article/sa-platinum-job-cuts-in-question-as-wage-deals-to-be-signed-2014-06-24,retrieved_extracted,,trafilatura,1233,37cd2c857898f0c81a2cac8f6e092995a237a0c7c71b26791eb1fab7de90d934,false,true
expanded_media_candidates_batch1__EXP-MEDIA-037,prior_screened_300,Lonmin accused of prolonging platinum strike by hiding revenue,2014,Mining Weekly,https://www.miningweekly.com/article/lonmin-accused-of-prolonging-platinum-strike-by-hiding-revenue-2014-10-24,retrieved_extracted,,trafilatura,757,8c4763d27d707c437cd722a3389a3d2ea1d2b93d96fe60ab395d7c8cb268e24f,false,true
expanded_media_candidates_batch1__EXP-MEDIA-038,prior_screened_300,Lonmin hands over New Marikana primary school to Basic Education dept,2018,Engineering News / Creamer Media,https://www.engineeringnews.co.za/article/lonmin-hands-over-new-marikana-primary-school-to-basic-education-dept-2018-04-06,retrieved_extracted,,trafilatura,651,9bab9b593fc50ff5639673df840c723102c11472515a367d228062efc41cbf1f,false,true
expanded_media_candidates_batch1__EXP-MEDIA-040,prior_screened_300,Recovering platinum miner forging ahead,2013,Engineering News,https://www.engineeringnews.co.za/article/recovering-platinum-miner-forging-ahead-2013-03-15,retrieved_extracted,,trafilatura,2245,9202ab8a166528dd82eb2e5b165ded0bdaa920d87e93cd616f950d3ef6174085,false,true
expanded_media_candidates_batch1__EXP-MEDIA-041,prior_screened_300,Lonmin miners return to work,2013,Engineering News,https://www.engineeringnews.co.za/article/lonmin-miners-return-to-work-2013-05-15,retrieved_extracted,,trafilatura,668,f476d59e370e77de006e34b868a9c84455f3e664937cbc13f6e0444dc7cd2881,false,true
expanded_media_candidates_batch1__EXP-MEDIA-042,prior_screened_300,"Platinum town, striking miner ready for deal",2014,Engineering News,https://www.engineeringnews.co.za/article/platinum-town-striking-miner-ready-for-deal-2014-04-25,retrieved_extracted,,trafilatura,687,470cfa70c6c793a2769b4ef18241f52fa2f8e659c1cfb8947b39527a480ddd3a,false,true
expanded_media_candidates_batch1__EXP-MEDIA-043,prior_screened_300,Profit shifting report false – Lonmin,2014,Engineering News,https://www.engineeringnews.co.za/article/profit-shifting-report-false-lonmin-2014-10-16,retrieved_extracted,,trafilatura,863,5b7dfe1e18f97e5190976b757438855a445632850e78aaa1a374ba0eca837eae,false,true
expanded_media_candidates_batch1__EXP-MEDIA-044,prior_screened_300,"Force majeure with some suppliers, not customers – Lonmin",2014,Engineering News,https://www.engineeringnews.co.za/article/force-majeure-with-some-suppliers-not-customers-lonmin-2014-04-11,retrieved_extracted,,trafilatura,500,76d07a70db07e3d46da1da1e6e873004a4857a17f9a5792a89f088135f906093,false,true
expanded_media_candidates_batch2__EXP-MEDIA-045,prior_screened_300,Volatility now plagues platinum miner's housing allocation,2016,Mining Weekly,https://www.miningweekly.com/article/volatility-now-plagues-platinum-miners-housing-allocation-2016-02-05,retrieved_extracted,,trafilatura,780,d6f308d66b22d570b9921cbe91fd5242a0de01f0083c168de8b6d31594f378a0,false,true
expanded_media_candidates_batch2__EXP-MEDIA-046,prior_screened_300,Lonmin committed to R500m expenditure on employee apartments,2017,Mining Weekly,https://www.miningweekly.com/article/lonmin-committed-to-r500m-expenditure-on-employee-apartments-2017-04-07,retrieved_extracted,,trafilatura,1276,701d21245cb7403a66f79caf92397450cf761e788999de8450d1ed59ed6ff5e8,false,true
expanded_media_candidates_batch2__EXP-MEDIA-047,prior_screened_300,Violent protestors demand 1 500 new jobs from struggling Lonmin,2017,Mining Weekly,https://www.miningweekly.com/article/violent-protestors-demand-1-500-new-jobs-from-struggling-lonmin-2017-05-11,retrieved_extracted,,trafilatura,1161,35b8fd10a68d40c88c1bff43b413d8acf9423e2f2305902c024a0aa99cd00cb9,false,true
expanded_media_candidates_batch2__EXP-MEDIA-048,prior_screened_300,Review Mining Charter's proposed home ownership model,2017,Mining Weekly,https://www.miningweekly.com/article/review-mining-charters-proposed-home-ownership-model-2017-02-10,retrieved_extracted,,trafilatura,912,13d6a6855ce5d224753a2342a1aec47f24972b731051fa33ad171b5d45e4cd06,false,true
expanded_media_candidates_batch2__EXP-MEDIA-049,prior_screened_300,POST MARIKANA MEASURES,2017,Mining Weekly,https://www.miningweekly.com/article/post-marikana-measures-2017-01-27,retrieved_extracted,,trafilatura,429,0fc5faa02c35f0fc6fd54095715e7fd8532d261c499986628ba506f8333640ed,false,true
expanded_media_candidates_batch2__EXP-MEDIA-050,prior_screened_300,Lonmin community wants operations suspended on social failings,2017,Mining Weekly,https://www.miningweekly.com/article/lonmin-community-wants-operations-suspended-on-social-failings-2017-10-25,retrieved_extracted,,trafilatura,616,e6bc1f663cffaa7cb57b1cad9988cbc9fa661b28d2fbe2e6244a0668c453dbc3,false,true
expanded_media_candidates_batch2__EXP-MEDIA-052,prior_screened_300,"Murder at Small Koppie: J'Accuse, Greg Marinovich's way",2016,Daily Maverick,https://www.dailymaverick.co.za/article/2016-03-24-murder-at-small-koppie-jaccuse-greg-marinovichs-way/,retrieved_extracted,,trafilatura,1510,a11bc60adf7cf96a816afa12252ce97685b4d4fc46b48bec69b7fa2875690177,false,true
EXP-MEDIA-053,prior_screened_300,What's mine is mine: How the Bapo Ba Mogale got robbed of R800 million,2016,Daily Maverick,https://www.dailymaverick.co.za/article/2016-10-26-whats-mine-is-mine-how-the-bapo-ba-mogale-got-robbed-of-r800-million/,retrieved_extracted,,trafilatura,3707,fd6d91dcb4b0fc392aae2c295e1ec4b5a621f738413d29ab3dfd148fa8eb59ed,false,true
EXP-MEDIA-054,prior_screened_300,Marikana Massacre: Police absolve 87 of their own,2017,Daily Maverick,https://www.dailymaverick.co.za/article/2017-03-15-marikana-massacre-police-absolve-87-of-their-own/,retrieved_extracted,,trafilatura,1103,55f63bce39dc4bae04128328532f9d65a2298d2182df8fb9d2f5e663bacc2277,false,true
EXP-MEDIA-055,prior_screened_300,"Marikana Massacre: 'He is fine, let him die'",2017,Daily Maverick,https://www.dailymaverick.co.za/article/2017-03-20-marikana-massacre-he-is-fine-let-him-die/,retrieved_extracted,,trafilatura,1362,33d576dfd271d1da6b4b2061ab4d8bb85d8d65c310a1a63badc06be6808c9c4b,false,true
EXP-MEDIA-056,prior_screened_300,Will there ever be accountability for the Marikana Massacre?,2018,Daily Maverick,https://www.dailymaverick.co.za/article/2018-06-15-will-there-ever-be-accountability-for-the-marikana-massacre/,retrieved_extracted,,trafilatura,911,43290c8c05f39e2da5d47dbe5939195623af698ddbf0de774ef8c1f4b7aa1efa,false,true
EXP-MEDIA-057,prior_screened_300,The legacy of Marikana: Accountability urgent to prevent another atrocity,2018,Daily Maverick,https://www.dailymaverick.co.za/article/2018-08-15-the-legacy-of-marikana-accountability-urgent-to-prevent-another-atrocity/,retrieved_extracted,,trafilatura,1290,7756ade416d7615d2aee59262adeae0f9b5adab9c037f4abb89fcc4833f4c8af,false,true
EXP-MEDIA-058,prior_screened_300,"Marikana Massacre – IPID investigates massacred miners' deaths, and SAPS' lies, without the promised funding",2018,Daily Maverick,https://www.dailymaverick.co.za/article/2018-08-30-marikana-massacre-ipid-investigates-massacred-miners-deaths-and-saps-lies-without-the-promised-funding/,retrieved_extracted,,trafilatura,785,67a33d170b0f63bd86eaa008124b58a1ed7dd28fc062bf184aaaf4ed83e7b825,false,true
EXP-MEDIA-059,prior_screened_300,SA still waiting for action on Farlam Commission findings,2019,Daily Maverick,https://www.dailymaverick.co.za/article/2019-08-16-sa-still-waiting-for-action-on-farlam-commission-findings/,retrieved_extracted,,trafilatura,1073,d2183e51c156c3db9feccf6e7ebdb862854152b394ebb4518c2f3ba103881779,false,true
EXP-MEDIA-062,prior_screened_300,Sibanye settles Marikana streaming deal,2020,Engineering News,https://www.engineeringnews.co.za/article/sibanye-settles-marikana-streaming-deal-2020-03-04,retrieved_extracted,,trafilatura,554,6488d18febf7d889e20702030d9cd13253adfe737da4feccae46937913aa4fee,false,true
EXP-MEDIA-064,prior_screened_300,Sibanye-Stillwater hoists first tons from R4bn 4 000-job K4 platinum project,2022,Engineering News,https://www.engineeringnews.co.za/article/first-tons-hoisted-at-marikanas-top-tier-4-000-job-k4-platinum-project-2022-05-16,retrieved_extracted,,trafilatura,809,8dd1984752876434adf2f554091331e1e8f9063bdd80c4e5940eb1b54fcf5bda,false,true
EXP-MEDIA-065,prior_screened_300,"Sibanye reaches wage agreement with NUM, UASA, but AMCU holds out",2022,Engineering News,https://www.engineeringnews.co.za/article/sibanye-reaches-wage-agreement-with-num-uasa-but-amcu-holds-out-2022-09-30,retrieved_extracted,,trafilatura,636,ad28b7d2ccb0529843f7f58650154a89d3389447e323dd561a5be842c1c8cf37,false,true
EXP-MEDIA-068,prior_screened_300,More than 4 000 jobs on the line as Sibanye considers future of four South African PGM shafts,2023,Engineering News,https://www.engineeringnews.co.za/article/more-than-4-000-jobs-on-the-line-as-sibanye-considers-future-of-four-south-african-pgm-shafts-2023-10-25,retrieved_extracted,,trafilatura,994,9c0d5305c0207117d9e94d3bad418771200d28ce5f0c33638dd2f38c151bd686,false,true
EXP-MEDIA-069,prior_screened_300,"For the platinum Industry, Marikana was a ‘Mechanisation Moment’",2019,Daily Maverick,https://www.dailymaverick.co.za/article/2019-08-16-for-the-platinum-industry-marikana-was-a-mechanisation-moment/,retrieved_extracted,,trafilatura,1175,99078126663743e9e6c03a8e7635a2ee465395e3987ba39d7c62af12f333eca2,false,true
EXP-MEDIA-070,prior_screened_300,How the twilight of South Africa’s migrant labour system spawned a social apocalypse,2022,Daily Maverick,https://www.dailymaverick.co.za/article/2022-11-27-how-the-twilight-of-sas-migrant-labour-system-spawned-a-social-apocalypse/,retrieved_extracted,,trafilatura,4078,408beb7bbc3a2328c5916e049bb96e5e09c7d2dec2c6c620081aa9b7679ca465,false,true
EXP-MEDIA-071,prior_screened_300,Cooling of labour militancy in SA’s mines mirrors decline of migrant labour system,2022,Daily Maverick,https://www.dailymaverick.co.za/article/2022-11-28-cooling-of-labour-militancy-in-sas-mines-mirrors-decline-of-migrant-labour-system/,retrieved_extracted,,trafilatura,1245,05f2878d2b20b4ce5376b29d6d59559b73ffd4803409ed65f527d858fd40dd0b,false,true
SAT-EARLY-MEDIA-001,prior_screened_300,Lonmin inks landmark BEE deals with traditional community,2014,Mining Weekly,https://www.miningweekly.com/article/lonmin-inks-landmark-bee-deals-with-traditional-community-2014-07-30,retrieved_extracted,,trafilatura,1140,fc11007861699253489423afb813523928aa0d73308bf07e39fabcda65eb388f,false,true
SAT-EARLY-MEDIA-002,prior_screened_300,Missing millions from Lonmin fund prompts community pay reform,2016,Mining Weekly / Bloomberg,https://www.miningweekly.com/article/missing-millions-from-lonmin-fund-prompts-community-pay-reform-2016-08-04,retrieved_extracted,,trafilatura,737,78f2ecbeb6b301a9621ecb012046d8165cfffd9247a53fe8b604145ce61d386d,false,true
SAT-EARLY-MEDIA-005,prior_screened_300,Bapo cancel protest march against Lonmin after reaching new employment deal,2015,Mining Weekly / African News Agency,https://www.miningweekly.com/article/bapo-cancel-protest-march-against-lonmin-after-reaching-new-employment-deal-2015-06-17,retrieved_extracted,,trafilatura,685,4033ab0f65f7616fe851b36cd763941795c74d5acda5f08f24fb0ad8e324c54f,false,true
SAT-EARLY-MEDIA-006,prior_screened_300,Power shift in unions could mean a difficult time ahead in SA platinum belt,2013,Mining Weekly,https://www.miningweekly.com/article/power-shift-in-unions-could-mean-a-difficult-time-ahead-in-sa-platinum-belt-2013-06-28,retrieved_extracted,,trafilatura,1394,d4d5acdaee305101073ec839ff861f8bd241af6dc8d3192bf494a26cc9defed0,false,true
SAT-EARLY-MEDIA-007,prior_screened_300,Lonmin artisan college forging ahead despite 2012 setbacks,2013,Mining Weekly,https://www.miningweekly.com/article/lonmin-artisan-college-forging-ahead-despite-2012-setbacks-2013-03-05,retrieved_extracted,,trafilatura,752,24f8d6630b6665065c381f4997728dac340b31e4f35c314f8e975d4cfbee3ab6,false,true
SAT-EARLY-MEDIA-008,prior_screened_300,HONOURING AGREEMENTS,2013,Mining Weekly,https://www.miningweekly.com/article/honouring-agreements-2013-03-15,retrieved_extracted,,trafilatura,431,15f9f673a08e890179a41525146b386c5a4aa80c639d1829d3456b8057fe6dc4,false,true
SAT-EARLY-MEDIA-011,prior_screened_300,"Marikana: NPA drops 'common purpose' charges, but critical questions remain",2012,Daily Maverick,https://www.dailymaverick.co.za/article/2012-09-03-marikana-npa-drops-common-purpose-charges-but-critical-questions-remain/,retrieved_extracted,,trafilatura,2239,4e6925580d5d1dd49223cdf984d2f6cf00b425046980802a2b50a2394f3ee9f6,false,true
SAT-EARLY-MEDIA-012,prior_screened_300,A tale of two worlds - Sun City and Marikana,2012,Daily Maverick,https://www.dailymaverick.co.za/article/2012-09-03-a-tale-of-two-worlds-sun-city-and-marikana/,retrieved_extracted,,trafilatura,819,4a9129016d05a5f47ae7c8387ba0d1173ba8fd005ccbb3a25253f11b14f4c5c8,false,true
SAT-EARLY-MEDIA-015,prior_screened_300,NUM Lonmin chairperson shot dead in Marikana,2013,Engineering News / Reuters,https://www.engineeringnews.co.za/article/num-lonmin-chairperson-shot-dead-in-marikana-2013-10-18,retrieved_extracted,,trafilatura,593,567de48c7054daecac4aab8beec77efcde806a62f9978c5fdfce9de750311b5e,false,true
SAT-EARLY-MEDIA-016,prior_screened_300,"Some return to work, others strike",2014,Engineering News / Sapa,https://www.engineeringnews.co.za/article/some-return-to-work-others-strike-2014-05-14,retrieved_extracted,,trafilatura,761,289e6e3ed07ae3c5b3963362eda3d03f882ee39292c3911dd0db416810d5f244,false,true
SAT-EARLY-MEDIA-018,prior_screened_300,Platinum miner aims to complete housing project by 2014,2013,Mining Weekly,https://www.miningweekly.com/article/platinum-miner-aims-to-complete-housing-project-by-2014-2013-03-29,retrieved_extracted,,trafilatura,1090,072c760e097524d8d3bf5272439bb1c4e2f13423e6621716b93d538be4144d92,false,true
SAT-MEDIA-001,prior_screened_300,"Another year, another Marikana commemoration - but betrayal, neglect and injustice are still there",2019,Daily Maverick,https://www.dailymaverick.co.za/article/2019-08-16-another-year-another-marikana-commemoration-but-betrayal-neglect-and-injustice-are-still-there/,retrieved_extracted,,trafilatura,1383,5517a423b9249473887b24c4bfc7918611a3cbc74f58a9aed54f9c392ebba43b,false,true
SAT-MEDIA-002,prior_screened_300,Sibanye-Stillwater defeats mining communities challenging R5.4bn Lonmin merger,2019,Daily Maverick,https://www.dailymaverick.co.za/article/2019-09-09-sibanye-stillwater-defeats-mining-communities-challenging-r5-4bn-lonmin-merger/,retrieved_extracted,,trafilatura,716,59b35ebc0476ec0a636a08bda7ebb668ff238b3ec6d029eb96f86f5128af2e81,false,true
SAT-MEDIA-003,prior_screened_300,"Eight years later, families of killed Marikana miners still seek justice",2020,Daily Maverick,https://www.dailymaverick.co.za/article/2020-08-14-eight-years-later-families-of-killed-marikana-miners-still-seek-justice/,retrieved_extracted,,trafilatura,918,d456110de410dcdac1e383459b88aa6fd9bc8e0bb8ed4f1064a72d5e433da89b,false,true
SAT-MEDIA-013,prior_screened_300,Sibanye files court papers to oppose application to halt R5.2bn Lonmin merger,2019,Mining Weekly,https://www.miningweekly.com/article/sibanye-files-court-papers-to-oppose-application-to-halt-r52bn-lonmin-merger-2019-08-02,retrieved_extracted,,trafilatura,875,c6ff42daff5e93172451b00f4c15cb581c0dd24bd9731e52f59ef9599023d588,false,true
SAT-MEDIA-014,prior_screened_300,Sibanye says ConCourt dismisses GLC's applications,2019,Mining Weekly,https://www.miningweekly.com/article/sibanye-says-concourt-dismisses-glcs-applications-2019-09-05,retrieved_extracted,,trafilatura,573,e2084d3b42c059ad0e73ab0f5d6514a939565357dd8a9b5fadd0b1ff398d52a0,false,true
SAT-MEDIA-015,prior_screened_300,Sibanye-Stillwater restructures historical Lonmin BEE structure,2021,Mining Weekly,https://www.miningweekly.com/article/sibanye-stillwater-restructures-historical-lonmin-bee-structure-2021-04-14,retrieved_extracted,,trafilatura,602,9c4ad49ac0459d83b54b2aa2147ea72aec15213d28c7da7d0ee6efcf5c5e24e0,false,true
SAT4-MEDIA-001,prior_screened_300,Lesson from Marikana: The other side of above-inflation pay rises,2019,Daily Maverick,https://www.dailymaverick.co.za/article/2019-07-10-lesson-from-marikana-the-other-side-of-above-inflation-pay-rises/,retrieved_extracted,,trafilatura,900,509ace3f3096972ac77c772992ac0c5dba6182e19b83a4c3d8f4275a5f075b0b,false,true
SAT4-MEDIA-005,prior_screened_300,Marikana and the police: It's been a decade and the SAPS has learnt nothing,2022,Daily Maverick,https://www.dailymaverick.co.za/article/2022-08-13-marikana-and-the-police-its-been-a-decade-and-theyve-learnt-nothing/,retrieved_extracted,,trafilatura,1747,39677e3767f10f2919bfa67be26e8a673445ea958abbdf166483a7daaa2795de,false,true
SAT4-MEDIA-006,prior_screened_300,Ten years on: The possibility of holding Cyril Ramaphosa personally liable for the Marikana tragedy,2022,Daily Maverick,https://www.dailymaverick.co.za/article/2022-08-15-10-years-on-the-possibility-of-personal-liability-for-ramaphosa-for-marikana/,retrieved_extracted,,trafilatura,1279,df3731e1b2face5369d5492e48fe45d1524deb07d2fdf951f455010b71f17a92,false,true
SAT4-MEDIA-007,prior_screened_300,"Marikana massacre: Ten years on, the truth-tellers still carry the weight of what they uncovered",2022,Daily Maverick,https://www.dailymaverick.co.za/article/2022-08-15-ten-years-on-the-marikana-truth-tellers-still-carry-the-weight-of-what-they-uncovered/,retrieved_extracted,,trafilatura,1907,8e3a6ae1e9cb3656301f8bf5f7cb1ace568906dae6415f4f380c47d6161e70a4,false,true
SAT4-MEDIA-008,prior_screened_300,Marikana bereaved say no healing can occur until someone takes responsibility,2022,Engineering News,https://www.engineeringnews.co.za/article/marikana-bereaved-say-no-healing-can-occur-until-someone-takes-responsibility-2022-08-18,retrieved_extracted,,trafilatura,931,ee9b782991921f40d9dc9bb1d79951f560ec5c832a73094c6a57b5caf016df08,false,true
SAT4-MEDIA-009,prior_screened_300,"Lonmin working hard to improve living conditions, says CEO Magara",2016,Engineering News,https://www.engineeringnews.co.za/article/lonmin-working-hard-to-improve-living-conditions-says-ceo-magara-2016-08-16,retrieved_extracted,,trafilatura,775,23e43a83f32a65009975af0c4301d91ba13621cd3e8243ddedf2145e319c27e5,false,true
SAT4-MEDIA-010,prior_screened_300,South Africa platinum union to restart trust for Marikana miners,2016,Engineering News / Bloomberg,https://www.engineeringnews.co.za/article/south-africa-platinum-union-to-restart-trust-for-marikana-miners-2016-08-15,retrieved_extracted,,trafilatura,454,1a36d3bcd9684bc19504c37dc9d585257151ea6d4e61ece5e54548dddf389091,false,true
SAT4-MEDIA-011,prior_screened_300,AMCU signs three-year wage deal with Lonmin,2016,Engineering News,https://www.engineeringnews.co.za/article/amcu-signs-three-year-wage-deal-with-lonmin-2016-10-31,retrieved_extracted,,trafilatura,731,2be3a326c04778cd13fec83ead57b805506cbd31256977384ba237cf79ff1eaf,false,true
SAT5-MEDIA-003,prior_screened_300,Rights organisations are seeking accountability for failed Marikana housing,2022,Engineering News,https://www.engineeringnews.co.za/article/human-rights-orgs-are-seeking-accountability-for-failed-marikana-housing-2022-08-16,retrieved_extracted,,trafilatura,1142,d5438a3cfbb6a7f9e935c01350a9fb62bf1a236d9362ec7776ba094157feb220,false,true
SAT6-MEDIA-003,prior_screened_300,Court dismisses Riah Phiyega’s attempt to overturn findings of Marikana Commission,2021,Daily Maverick,https://www.dailymaverick.co.za/article/2021-06-20-court-dismisses-riah-phiyegas-attempt-to-overturn-findings-of-marikana-commission/,retrieved_extracted,,trafilatura,1353,ffead02d5356136be3026088a48890bc6f8b25a864f828b63bae73b83b44d2dd,false,true
SAT7-MEDIA-001,prior_screened_300,Marikana Commission: Ramaphosa walks the line,2014,Daily Maverick,https://www.dailymaverick.co.za/article/2014-08-13-marikana-commission-ramaphosa-walks-the-line/,retrieved_extracted,,trafilatura,1565,399383f3bb749b93ab5b841a86439905eb10dca6adf1fe8cd5efb93e6d5a86af,false,true
SAT7-MEDIA-002,prior_screened_300,Marikana Commission: Police’s defence collapsing,2014,Daily Maverick,https://www.dailymaverick.co.za/article/2014-09-09-marikana-commission-polices-defence-collapsing/,retrieved_extracted,,trafilatura,1590,8bddeee80c0e31cabe05171ea375810f426de29ba0fe40bdec2471c789c7cbb2,false,true
SAT8-MEDIA-001,prior_screened_300,Marikana Commission: Mthethwa under fire,2014,Daily Maverick,https://www.dailymaverick.co.za/article/2014-07-16-marikana-commission-mthethwa-under-fire/,retrieved_extracted,,trafilatura,1388,8cb4ed67a1c958a4b90569769a14202902d793f9df91441a307c41ce2d48ffc9,false,true
SAT8-MEDIA-002,prior_screened_300,Marikana Commission: Riah Phiyega's impossibly hazy memory,2014,Daily Maverick,https://www.dailymaverick.co.za/article/2014-09-11-marikana-commission-riah-phiyegas-impossibly-hazy-memory/,retrieved_extracted,,trafilatura,1266,3555c85dec2bc4b4f1a0938e01b0f3ac7f576406707fd102ec72d3cceb36397a,false,true
SAT8-MEDIA-003,prior_screened_300,"Marikana Commission: Under oath, Phiyega’s bald-faced lie exposed",2013,Daily Maverick,https://www.dailymaverick.co.za/article/2013-03-19-marikana-commission-under-oath-phiyegas-bald-faced-lie-exposed/,retrieved_extracted,,trafilatura,1487,86c5260bcfccdd99d5d9c0ac1f591210ff5f14e6164ad16c04a61b8719d286a5,false,true
SAT8-MEDIA-004,prior_screened_300,Marikana Commission: Phiyega’s bad start gets worse,2013,Daily Maverick,https://www.dailymaverick.co.za/article/2013-03-19-marikana-commission-phiyegas-bad-start-gets-worse/,retrieved_extracted,,trafilatura,1067,22ef404803be943cb92c08c3658c151b6e2078fe9874348d3f3ee16f8c236cec,false,true
SAT8-MEDIA-005,prior_screened_300,Marikana: Phiyega on the attack and Malema on new legal and political crusade,2015,Daily Maverick,https://www.dailymaverick.co.za/article/2015-07-03-marikana-phiyega-on-the-attack-and-malema-on-new-legal-and-political-crusade/,retrieved_extracted,,trafilatura,1510,812c510a9f8705e6bfc5e8c7cea77778d0f4ae7420e22c71233ef1333f019a8b,false,true
SAT8-MEDIA-006,prior_screened_300,"Marikana report: Despite the release promise, pressure on Zuma persists",2015,Daily Maverick,https://www.dailymaverick.co.za/article/2015-05-27-marikana-report-despite-the-release-promise-pressure-on-zuma-persists/,retrieved_extracted,,trafilatura,1367,21fd40a9038ca3ed16c8ee10956519ff859efa0f2c3d89ceec319892493f21b4,false,true
WEB-MEDIA-002,prior_screened_300,Marikana and the many faces of justice,2021,Daily Maverick,https://www.dailymaverick.co.za/article/2021-08-22-marikana-and-the-many-faces-of-justice/,retrieved_extracted,,trafilatura,885,9a9ab163828f0bda2e9222878f779d2c05d6e281dd09b780b69fa412d2d2854f,false,true
WEB-MEDIA-003,prior_screened_300,Marikana massacre commemorated with second yearly memorial lecture,2021,Mining Weekly,https://www.miningweekly.com/article/marikanamassacre-commemorated-with-second-yearly-memorial-lecture-2021-08-17,retrieved_extracted,,trafilatura,1156,42b2ada017e412ee67a697c5dc952a09dcb9108f0cdf7f9939062f087010fdc4,false,true
WEB-MEDIA-004,prior_screened_300,Sibanye continues to make reparations at Marikana,2022,Mining Weekly,https://www.miningweekly.com/article/sibanye-continues-to-make-reparations-at-marikana-2022-07-15,retrieved_extracted,,trafilatura,1582,5462b3d466bce5e28b7d7bf963a67924b920c8eb683d5af1f452ea1caf81bcbb,false,true
WEB-MEDIA-007,prior_screened_300,After the Bell: South African miners are by no means earning the 'slave wages' asserted by Amcu leader,2023,Daily Maverick,https://www.dailymaverick.co.za/article/2023-12-10-after-the-bell-sa-miners-are-by-no-means-earning-the-slave-wages-asserted-by-amcus-mathunjwa/,retrieved_extracted,,trafilatura,1017,81608b42685e7dc228970c5de6fa8d4c0c4903308d78ad83529b308ab6cbb31b,false,true
EXP-NGO-001,prior_screened_300,Coping with Unsustainability: Policy Gap 7 – Lonmin 2003–2012,2013,Bench Marks Foundation,https://www.bench-marks.org.za/wp-content/uploads/2021/02/lonmin_report_print-1.pdf,retrieved_extracted,,pypdf,26644,e77a38ef8af75b55db89da538d6419fef4bc388c297d77129e32336e4fd6bea8,false,true
EXP-NGO-002,prior_screened_300,"Platinum for the World Market, Iron Shacks for the Workers: Living and Working Conditions in Marikana Five Years After the Massacre",2017,Bread for the World / Bench Marks Foundation,https://www.brot-fuer-die-welt.de/fileadmin/mediapool/blogs/Dossing_Helle/platinum_for_the_world.final_.pdf,retrieved_extracted,,pypdf,20808,865017d984ea2c9180071d4909a2207365f599ae1351b252628278f3e3dce4ba,false,true
EXP-NGO-003,prior_screened_300,Lonmin Social and Labour Plan Analysis: Qualitative and Quantitative Assessment,2014,South African Human Rights Commission / Marikana Commission,https://sahrc.org.za/home/21/files/Lonmin%20Social%20and%20Labour%20Plan%20Analysis%20Qualitative%20and%20Quantitative%20Assessment%20(Final)[1].pdf,retrieved_extracted,,pypdf,16506,c13dc8f92649b816ad71720506808ebc77c4f5c7cfd32bdece77c009f1c93e7d,false,true
EXP-NGO-004,prior_screened_300,"Nothing has changed for the better, things are worse",2022,Bench Marks Foundation,https://www.bench-marks.org.za/nothing-has-changed-for-the-better-things-are-worse/,retrieved_extracted,,trafilatura,5886,b9d909b2d04157b591135cf39183ec16debfcf6ed87cff46810a56e7f844fc21,false,true
EXP-NGO-005,prior_screened_300,Smoke and Mirrors: Lonmin's failure to address housing conditions at Marikana,2016,Amnesty International,https://www.amnesty.org/en/wp-content/uploads/2021/05/AFR5345522016ENGLISH.pdf,retrieved_extracted,,pypdf,30013,52f682dbf1c259cfb7f6935f6d95a2628acb78d2aa305d4387def6b7b1243bf5,false,true
EXP-NGO-006,prior_screened_300,Carrying the Costs: Human rights impacts in communities affected by platinum mining in South Africa,2018,Swedwatch with Bench Marks Foundation,https://www.bench-marks.org.za/wp-content/uploads/2021/02/carrying_the_costs.pdf,retrieved_extracted,,pypdf,16593,de93912379a291ac94c8ecd92b7b8ecb672a027f9595602ca45eb58a07121a17,false,true
EXP-NGO-008,prior_screened_300,SERI to represent AMCU at the Marikana Commission,2012,Socio-Economic Rights Institute of South Africa,https://www.seri-sa.org/images/stories/seri_mediastatement_amcu_14sep12.pdf,retrieved_extracted,,pypdf,129,20f0462900a993adc3f51ea1d8c2582b52ea162ccaf7e24cbfa14f5926236326,false,true
EXP-NGO-009,prior_screened_300,Civil Society Statement Regarding the Killings at Marikana: A Demand for Justice and Truth,2012,SERI and South African civil-society organisations,https://www.seri-sa.org/images/stories/marikana_civil_society_statement_13_september_2012_.pdf,retrieved_extracted,,pypdf,1323,1ca97c6acd10f6800b5900eee9eea938f3a0f84eb69eadb8acbcf45e83c263f8,false,true
EXP-NGO-010,prior_screened_300,Police Intimidation of Witnesses at Marikana Commission of Inquiry,2012,Socio-Economic Rights Institute of South Africa,https://abahlali.org/node/9299/,retrieved_extracted,,trafilatura,550,bced90f74af3fb30a420976bce27d64be1503bb8917bf48b09f235837c1c2d25,false,true
EXP-NGO-011,prior_screened_300,Families of Marikana deceased demand payment from SAPS,2013,Socio-Economic Rights Institute of South Africa,https://www.seri-sa.org/images/stories/Marikana_damages_pressrelease_28Feb13_final.pdf,retrieved_extracted,,pypdf,386,8e0bb43eb5b97ae5778b4b4f36bf2e7170683ad7948b1f5700be43fa527219b7,false,true
EXP-NGO-013,prior_screened_300,Families of slain Marikana miners want the truth about massacre to be revealed,2020,Socio-Economic Rights Institute of South Africa,https://www.seri-sa.org/images/SERI_Statement-Marikana_families_want_the_truth_revealed.pdf,retrieved_extracted,,pypdf,351,8fd1701a664fb6c50f32eb8c5c1b44fcd71e988bb9210d302dfa65b473612c36,false,true
EXP-NGO-014,prior_screened_300,"Eight years since Marikana, the brutality and lack of accountability continues",2020,Socio-Economic Rights Institute of South Africa,https://www.seri-sa.org/images/SERI_Press_statement_Marikana_8th_anniversary_FINAL.pdf,retrieved_extracted,,pypdf,451,c8184475367f9eb25b02ca432c48792ff04970fd94a21a49dfaa4e6b06c4404b,false,true
EXP-NGO-015,prior_screened_300,SERI commemorates the 9th anniversary of the Marikana massacre,2021,Socio-Economic Rights Institute of South Africa,https://www.seri-sa.org/index.php/more-news/1185-advocacy-seri-commemorates-the-9th-anniversary-of-the-marikana-massacre-15-september-2021,retrieved_extracted,,trafilatura,788,487502314f8eb18e3857c59bf4e5f07dc05258403e26488bbf74c943de4e8a51,false,true
EXP-NGO-016,prior_screened_300,Ten years since the Marikana massacre,2022,Socio-Economic Rights Institute of South Africa,https://seri-sa.org/images/SERI_Press_statement__10_years_since_Marikana_FINAL.pdf,retrieved_extracted,,pypdf,585,bffc92cfd7975028ff8596c4040b70ec3fb46e0e5947eb4fcfda179102669c4c,false,true
EXP-NGO-017,prior_screened_300,11 years later: The victims of the Marikana Massacre still await justice,2023,Socio-Economic Rights Institute of South Africa,https://www.seri-sa.org/images/Final_SERI_Press_statement__Marikana_11th_anniversary.pdf,retrieved_extracted,,pypdf,1010,a9cfb72431d676cf0e5758ebc5e21686be42484ebffe1b14d1f8a54741f36e1a,false,true
EXP-NGO-018,prior_screened_300,Marikana: Response to Solicitor General's Media Briefing,2023,Socio-Economic Rights Institute of South Africa,https://www.seri-sa.org/images/FINAL_SERI_Press_statement__Marikana_claims_2023_20230818.pdf,retrieved_extracted,,pypdf,1218,f781838fdf4c31cdf73a9b8200e543c2cb7b850c33b40f0872f4499cb8fa3c91,false,true
EXP-NGO-019,prior_screened_300,South Africa: Marikana mine killings inquiry must be robust and visibly impartial,2012,Amnesty International,https://www.amnesty.org.uk/knowledge-hub/all-resources/south-africa-marikana-mine-killings-inquiry-must-be-robust-and-visibly-impartial/,retrieved_extracted,,trafilatura,594,5f08199c5434c9ced792e14a07b3292a5f5641e365bf9c6a650f4d9240427d76,false,true
EXP-NGO-020,prior_screened_300,South Africa: Unlawful force and the pattern of concealment: Barriers to accountability for the killings at Marikana,2014,Amnesty International,https://www.amnesty.org/en/wp-content/uploads/2023/05/AFR530042014ENGLISH.pdf,retrieved_extracted,,pypdf,7158,9d579c8881f164feb195535f0682b9f291c6559ef1a5c1038713a02de4513597,false,true
EXP-NGO-021,prior_screened_300,South Africa: President Zuma must urgently make Marikana findings public,2015,Amnesty International,https://www.amnesty.org/en/latest/news/2015/03/south-africa-president-zuma-marikana-findings/,retrieved_extracted,,trafilatura,1061,bf304a8442dc7258e28c85e5f08c04243edb59a4f22ada4fcb5a2b4c136893f1,false,true
EXP-NGO-022,prior_screened_300,South Africa: Marikana Commission Report only partly addresses accountability leaving families with a long struggle for closure,2015,Amnesty International,https://www.amnesty.org/en/wp-content/uploads/2023/06/AFR5321112015ENGLISH.pdf,retrieved_extracted,,pypdf,1223,5b8c3be5fe328157f03f44225a886f553f4120f6a856c2d4a908d23ee1b171c1,false,true
EXP-NGO-023,prior_screened_300,South Africa: Suspend those behind the Marikana killings and subsequent cover-up,2015,Amnesty International,https://www.amnesty.org/en/latest/news/2015/08/south-africa-suspend-those-behind-the-marikana-killings-and-subsequent-cover-up/,retrieved_extracted,,trafilatura,676,ff69776bba03de3a9cc70621340a0e406ea28a0987792242f5ef68a52960bef4,false,true
EXP-NGO-024,prior_screened_300,Families request Marikana Report be released by Friday,2015,SERI / Legal Resources Centre,https://seri-sa.org/images/Marikana_PressStatement_27May15_FINAL.pdf,retrieved_extracted,,pypdf,512,c85838358c6bbc300320a6f1b1f1987b04a6f4b4829127a2a3a3e703823cf370,false,true
EXP-NGO-025,prior_screened_300,Families of Marikana mineworkers file civil claims against Government,2015,SERI / Legal Resources Centre / Wits Law Clinic,https://seri-sa.org/images/Marikana_PressStatement.pdf,retrieved_extracted,,pypdf,421,d6420a24983a682e0c3141c74a1ae498f8e09d987edd0967695003737da238c4,false,true
EXP-NGO-026,prior_screened_300,Constitutional Court dismisses Legal Aid appeal,2015,Socio-Economic Rights Institute of South Africa,https://seri-sa.org/images/MagidiwanaCCPress.pdf,retrieved_extracted,,pypdf,370,3fee4dccaed3616f2604140bcb858d172e1d8118ea0391a6ef847b24dc7b2f90,false,true
EXP-NGO-027,prior_screened_300,Marikana families left in the dark despite President’s assurances to the media,2015,Socio-Economic Rights Institute of South Africa,https://seri-sa.org/images/MarikanaSettlements.pdf,retrieved_extracted,,pypdf,452,52afad35194a53b236d529508ffbd9a713716e22c6cd92a91a6464fc9f5247f4,false,true
EXP-NGO-028,prior_screened_300,SERI stands by claims for damages made by the deceased miners' families against the state,2021,Socio-Economic Rights Institute of South Africa,https://www.seri-sa.org/images/SERI_Press_statement__Marikana_Claims_FINAL.pdf,retrieved_extracted,,pypdf,1168,fa402cd396be0a442f3a438c68d8b3955046d7d104940ad4f2a4def3f9c5bfd6,false,true
EXP-NGO-029,prior_screened_300,Marikana Massacre 9th Commemoration,2021,Socio-Economic Rights Institute of South Africa,https://www.seri-sa.org/images/FINAL_SERI_Press_statement__Marikana_9th_Commemoration.pdf,retrieved_extracted,,pypdf,595,f4478d15090870eccfb4ab28fc740c8760210f20f32f9466184ccd38a402882e,false,true
EXP-NGO-030,prior_screened_300,SERI welcomes the release of the Marikana Panel of Experts Report on Policing and Crowd Management,2021,Socio-Economic Rights Institute of South Africa,https://www.seri-sa.org/images/SERI_Press_statement-Panel_of_Experts_report_-_FINAL.pdf,retrieved_extracted,,pypdf,699,bc887c9d23761aaf82b447fe3f472d155ffda69f3b05cb7402a2b48f2528a4cf,false,true
NGO-SAT-001,prior_screened_300,Update on the Criminal Proceedings against the police for the killing of 37 Miners on 13 & 16 August 2012,2018,Socio-Economic Rights Institute of South Africa,https://www.seri-sa.org/index.php/more-news/822-marikana-update-on-the-criminal-proceedings-against-the-police-for-the-killing-of-37-miners-on-13-16-august-2012-13-august-2018,retrieved_extracted,,trafilatura,651,49c37d26ae853a41c72e5c5bf455c487d5d5cfce64719fde47afdf7012c5272e,false,true
NGO-SAT-002,prior_screened_300,Mining Forum of South Africa and another v Minister of Mineral Resources and others,2019,High Court of South Africa / CER legal archive,https://cer.org.za/virtual-library/judgments/high-courts/mining-forum-of-south-africa-and-another-v-minister-of-mineral-resources-and-others,retrieved_extracted,,trafilatura,274,d5b623a7bdfb49a446b382ee95f71a2c952b60ef0d006395c7b9f9a1f4292278,false,true
NGO-SAT2-001,prior_screened_300,Full Disclosure: The Truth about Corporate Environmental Compliance in South Africa,2015,Centre for Environmental Rights,https://fulldisclosure.cer.org.za/2015/download/CER-Full-Disclosure.pdf,retrieved_extracted,,pypdf,91846,2ab2e47c64061797f2832a6dda04f25d77e59a501478168d4f2239e39b3738c0,false,true
SERI-SAT2-001,prior_screened_300,Department of Justice is Misleading the Public about Marikana Families,2012,Socio-Economic Rights Institute of South Africa,https://www.seri-sa.org/images/stories/press_statement_marikana_28oct12.pdf,retrieved_extracted,,pypdf,517,01d4fe14e970ddae66e1fa661d93eb74245ab9468d2b55b20a7ac551eed13b26,false,true
SERI-SAT2-002,prior_screened_300,SERI to seek international scrutiny of police action by the Marikana Commission of Inquiry,2012,Socio-Economic Rights Institute of South Africa,https://www.seri-sa.org/images/stories/marikana_pressrelease_10oct12.pdf,retrieved_extracted,,pypdf,378,0a515de4a95a0c8fb06d059849f423a4d3b4b3e9993532eded3e34146a9d9670,false,true
SERI-SAT2-003,prior_screened_300,Families to make closing arguments before the Marikana Commission,2014,Socio-Economic Rights Institute of South Africa,https://www.seri-sa.org/images/Marikana_press_statement_10Nov14.pdf,retrieved_extracted,,pypdf,1409,f3a281dae19d23926c72d6b2960a498c43f3fdcdbb32ba461518acae20e1bd30,false,true
SERI-SAT2-004,prior_screened_300,Marikana legal funding: correcting inaccurate reports,2014,Socio-Economic Rights Institute of South Africa,https://www.seri-sa.org/images/Marikana_PressStatement_20Jul14.pdf,retrieved_extracted,,pypdf,667,9365e98e65b99fc70b73f15dc30c0b795354b4ffa200c3e7b4446461cb2de05d,false,true
expanded_official_candidates__EXP-OFFICIAL-001,prior_screened_300,David Bruce Submissions to the Marikana Commission,2014,David Bruce / Marikana Commission,https://www.justice.gov.za/comm-mrk/docs/201411-HoA-DaveBruce.pdf,retrieved_extracted,,pypdf,28695,445751fe135e51ee9f0a5e5721c8b8e6d8739c75f808dfe1c3e48dbd2363c87b,false,true
expanded_official_candidates__EXP-OFFICIAL-002,prior_screened_300,Mabelane Fundi Heads of Argument,2014,Mabelane Fundi / Marikana Commission,https://www.justice.gov.za/comm-mrk/docs/201411-HoA-MabelaneFundi.pdf,retrieved_extracted,,pypdf,8164,d993a9cf69cd149bd64f66d37a72ccf7e584b71202e63f388af3b67f69864367,false,true
expanded_official_candidates__EXP-OFFICIAL-003,prior_screened_300,How can the South African Police Service prevent another Marikana?,2014,Gareth Newham / Institute for Security Studies,https://www.justice.gov.za/comm-mrk/docs/20140409-SeminarPhase02-Newham.pdf,retrieved_extracted,,pypdf,1740,75215b0805fa9f607cb4e84bbfc7957d2202f669cfbcbbdb9b5540e74541bf0f,false,true
expanded_official_candidates__EXP-OFFICIAL-004,prior_screened_300,Explaining violence in strikes,2014,Crispen Chinguno / SWOP,https://www.justice.gov.za/comm-mrk/docs/20140409-SeminarPhase02-Chinguno.pdf,retrieved_extracted,,pypdf,1271,5f013788ec94239c91736e4b4d22cbe4cbeb675f39fb1eb98dd4af2fe9d62d6b,false,true
expanded_official_candidates__EXP-OFFICIAL-005,prior_screened_300,Strike Violence: An Alternative Avenue,2014,Edward Webster / SWOP,https://www.justice.gov.za/comm-mrk/docs/20140409-SeminarPhase02-Webster.pdf,retrieved_extracted,,pypdf,1111,df538cc4fd37355b269ea256d4ee9af426c4d6033c9dc8f04025b8a9344a6269,false,true
expanded_official_candidates__EXP-OFFICIAL-006,prior_screened_300,Understanding the causes and re-thinking the future post the strike wave,2014,Gavin Hartford,https://www.justice.gov.za/comm-mrk/docs/20140409-SeminarPhase02-Hartford.pdf,retrieved_extracted,,pypdf,1189,b1fc61a596dbcd9302e64ba9fb2049856d2c20172e336e2bc972f728cc059720,false,true
expanded_official_candidates__EXP-OFFICIAL-007,prior_screened_300,Mining & Migrancy,2014,Francis Wilson,https://www.justice.gov.za/comm-mrk/docs/20140409-SeminarPhase02-Wison.pdf,retrieved_extracted,,pypdf,1658,f2731e2cf63149ea549c4319765debc7881c6e4320470317d5e5f99f27baeda3,false,true
expanded_official_candidates__EXP-OFFICIAL-008,prior_screened_300,Workers Bypassing Unions: How to Respond?,2014,Ian Macun / Department of Labour,https://www.justice.gov.za/comm-mrk/docs/20140331-SeminarPhase02-platinum.pdf,retrieved_extracted,,pypdf,1626,d9447c150ae6b0fd190f5c0eab46f9902cc963763b481786d72de0cb36eacff6,false,true
expanded_official_candidates__EXP-OFFICIAL-009,prior_screened_300,Resolving labour tensions in African mining – the effective regulation of industrial democracy,2014,John Brand,https://www.justice.gov.za/comm-mrk/docs/20140331-SeminarPhase02-SAIIA-Roundtable.pdf,retrieved_extracted,,pypdf,1235,d976ee20af2b578e936c081f49c6082223b829d09719fcf8d8ad167e0e6e0519,false,true
expanded_official_candidates__EXP-OFFICIAL-010,prior_screened_300,Post-apartheid Trade Union Role and Weaknesses,2014,Sakhela Buhlungu / University of Cape Town,https://www.justice.gov.za/comm-mrk/docs/20140331-SeminarPhase02-UCT.pdf,retrieved_extracted,,pypdf,332,b3d3cc2d8583a6d01e1537ce1d2a31cf505a234bae5ceb1a56284d3d339c5cd7,false,true
expanded_official_candidates__EXP-OFFICIAL-011,prior_screened_300,Opening Statement on behalf of the families of 21 striking miners killed on 16 August 2012,2012,Counsel for the Families / SERI archive,https://www.seri-sa.org/images/stories/marikana_opening_submissions_final.pdf,retrieved_extracted,,pypdf,2198,6100fc8ba9285841383ce758791d0e36dfa68c140c470f5937982924a00d1b0b,false,true
EXP-OFFICIAL-013,prior_screened_300,Lepaaku and Baloyi Families Written Submissions,2014,Lepaaku and Baloyi Families / SERI archive,https://www.seri-sa.org/images/Lepaaku_Baloyi_Heads.pdf,retrieved_extracted,,pypdf,15488,c09bc39d845361f563838c7e312d23807c4d75bab5d99bc570b6e265902998e2,false,true
expanded_official_candidates_batch2__EXP-OFFICIAL-011,prior_screened_300,Submission by CASAC to the Marikana Commission of Inquiry,2013,Council for the Advancement of the South African Constitution (CASAC) / Marikana Commission,https://justice.gov.za/comm-mrk/exhibits/Exhibit-FFF-17.pdf,retrieved_extracted,,pypdf,16315,ad625a0697db7764719cea07b87adce7bf456e0ba8d61004c176f7b80b4f7098,false,true
expanded_official_candidates_batch2__EXP-OFFICIAL-012,prior_screened_300,Statement of Professor Christof Heyns with annexures,2013,Prof Christof Heyns / SAHRC / Marikana Commission,https://www.justice.gov.za/comm-mrk/exhibits/Exhibit-FFF-24.pdf,retrieved_no_text,no_body_ge_80_words,,0,,false,false
EXP-OFFICIAL-015,prior_screened_300,Monene Family Heads of Argument,2014,Monene Family / Marikana Commission,https://www.seri-sa.org/images/Monene_Heads.pdf,retrieved_extracted,,pypdf,9709,ce6d1279aa31a55ad26a42be7fda79a98519d7b83c618c0b22e41469f2f3161d,false,true
DISC-MEDIA-0001,archive_media_post_republication,Lonmins Killing Fields,2012,Daily Maverick,https://www.dailymaverick.co.za/article/2012-08-14-lonmins-killing-fields/,retrieved_extracted,,trafilatura,1239,8c12568b097eaf5088b2bc69f8d7cf039ee44c36ea62092bf6bb79c1e7e81aa1,false,true
DISC-MEDIA-0002,archive_media_post_republication,Lonmin Mining Crisis Precarious Balance No Solution In Sight,2012,Daily Maverick,https://www.dailymaverick.co.za/article/2012-08-15-lonmin-mining-crisis-precarious-balance-no-solution-in-sight/,retrieved_extracted,,trafilatura,960,0425b9e0b5d6443bd4c9e248039a4b07f54bb2ae7da492022ca8d8da72a847e5,false,true
DISC-MEDIA-0003,archive_media_post_republication,Beyond The Chaos At Marikana The Search For The Real Issues,2012,Daily Maverick,https://www.dailymaverick.co.za/article/2012-08-17-beyond-the-chaos-at-marikana-the-search-for-the-real-issues/,retrieved_extracted,,trafilatura,1623,edf1c6138605d38cb5b8f7f6bafb52876b9ac59ab03d210eea107a991ea51097,false,true
DISC-MEDIA-0004,archive_media_post_republication,Reporters Notebook Wonderkop Marikana Friday 17Th,2012,Daily Maverick,https://www.dailymaverick.co.za/article/2012-08-17-reporters-notebook-wonderkop-marikana-friday-17th/,retrieved_extracted,,trafilatura,914,2c199347114f21fa766065f1c27d1ec0ab0858e02053c20882d985ba538ca0da,false,true
DISC-MEDIA-0005,archive_media_post_republication,Lonmin The Unacceptable Face Of Capitalism,2012,Daily Maverick,https://www.dailymaverick.co.za/article/2012-08-20-lonmin-the-unacceptable-face-of-capitalism/,retrieved_extracted,,trafilatura,1180,44613bb417302c3cdd7abfcd2443e36fc3affa1608bb802085ddb5eb244d49c4,false,true
DISC-MEDIA-0006,archive_media_post_republication,Marikana Massacre Global Medias Focus On Tripartite Failures And The Growing Class Divide,2012,Daily Maverick,https://www.dailymaverick.co.za/article/2012-08-20-marikana-massacre-global-medias-focus-on-tripartite-failures-and-the-growing-class-divide/,retrieved_extracted,,trafilatura,974,04d4a1f3e25ca3fc487e3bba51f25d35e7e812ba730a61db82919b1e809ee4e6,false,true
DISC-MEDIA-0007,archive_media_post_republication,Outrage At Marikana Massacre Grows Around The World,2012,Daily Maverick,https://www.dailymaverick.co.za/article/2012-08-20-outrage-at-marikana-massacre-grows-around-the-world/,retrieved_extracted,,trafilatura,971,addfb55131394259868ffc43df8e89157c64d21600680cbf9b9176b3dcd814e0,false,true
DISC-MEDIA-0309,archive_media_post_republication,Marikana Lonmins Disquiet And The Fight For Manhood,2012,Daily Maverick,https://www.dailymaverick.co.za/opinionista/2012-08-20-marikana-lonmins-disquiet-and-the-fight-for-manhood/,retrieved_extracted,,trafilatura,1348,28eddbe3812b35def2472917d10282725da72913130c683c5414639598ccf486,false,true
DISC-MEDIA-0310,archive_media_post_republication,The Lonmin Shootings Could Knobble Cosatu Be Afraid,2012,Daily Maverick,https://www.dailymaverick.co.za/opinionista/2012-08-20-the-lonmin-shootings-could-knobble-cosatu-be-afraid/,retrieved_extracted,,trafilatura,1404,6c0b4ad67a51f642d52b83b3f0be6f01aa109f525a61a66dc01b47d41e3827d0,false,true
DISC-MEDIA-0008,archive_media_post_republication,Analysis A Tough Future For Both Lonmin And Its Metal,2012,Daily Maverick,https://www.dailymaverick.co.za/article/2012-08-21-analysis-a-tough-future-for-both-lonmin-and-its-metal/,retrieved_extracted,,trafilatura,1604,a1ae55b05ba3b6a299305c457b050295e2602fd0427a1981bf28864afda21753,false,true
DISC-MEDIA-0009,archive_media_post_republication,Marikana Where Is The Anc,2012,Daily Maverick,https://www.dailymaverick.co.za/article/2012-08-21-marikana-where-is-the-anc/,retrieved_extracted,,trafilatura,1424,90b69f96113f4f62a4f3a7d12e0ae741315bb81f4658a0a5d6ee2fee0241e06f,false,true
DISC-MEDIA-0010,archive_media_post_republication,A World Away From Its Reality Marikana Dissected Used Abused,2012,Daily Maverick,https://www.dailymaverick.co.za/article/2012-08-22-a-world-away-from-its-reality-marikana-dissected-used-abused/,retrieved_extracted,,trafilatura,1515,169f055a613370904455abf7189c5a2b18d6e7236b47fe24b5af220dceb19df0,false,true
DISC-MEDIA-0011,archive_media_post_republication,Marikana Cabinet Ministers Feel Full Force Of Striking Miners Fury,2012,Daily Maverick,https://www.dailymaverick.co.za/article/2012-08-22-marikana-cabinet-ministers-feel-full-force-of-striking-miners-fury/,retrieved_extracted,,trafilatura,1344,4e7ca8bf8233572e9e323ea0de77d1d1bf8ff82359cdc34517adb97f9c127ca4,false,true
DISC-MEDIA-0012,archive_media_post_republication,Marikana What Really Happened We May Never Know,2012,Daily Maverick,https://www.dailymaverick.co.za/article/2012-08-23-marikana-what-really-happened-we-may-never-know/,retrieved_extracted,,trafilatura,2523,76ef61d43f5f4806e4d550d7b7d4e0a3e1b1324ec16e7a6b8395c7090c6ecebe,false,true
DISC-MEDIA-0013,archive_media_post_republication,Marikana Zuma Reclaims His Soul And His Presidency,2012,Daily Maverick,https://www.dailymaverick.co.za/article/2012-08-23-marikana-zuma-reclaims-his-soul-and-his-presidency/,retrieved_extracted,,trafilatura,1510,3d30e5f1d0d1beeb02afeca1248edff40a1642ce33b8db5ef09222b98a47af1b,false,true
DISC-MEDIA-0014,archive_media_post_republication,Marxism Socialism And The Ghosts Of Marikana,2012,Daily Maverick,https://www.dailymaverick.co.za/article/2012-08-23-marxism-socialism-and-the-ghosts-of-marikana/,retrieved_extracted,,trafilatura,1706,d7cdaf78fef76a143a8a96f60a6fa19b682fb9bfcdaa3bf319d7c13e67886820,false,true
DISC-MEDIA-0015,archive_media_post_republication,Reporters Notebook Num Drowned Out At Uj Meeting On Marikana,2012,Daily Maverick,https://www.dailymaverick.co.za/article/2012-08-23-reporters-notebook-num-drowned-out-at-uj-meeting-on-marikana/,retrieved_extracted,,trafilatura,1007,241c41cbfd6fed26622503cee52b257c487b04dc1ef7c70b42fcd894ee364492,false,true
DISC-MEDIA-0016,archive_media_post_republication,Royal Bafokeng Faces Miners Strike As Lonmin Fallout Spreads,2012,Daily Maverick,https://www.dailymaverick.co.za/article/2012-08-23-royal-bafokeng-faces-miners-strike-as-lonmin-fallout-spreads/,retrieved_extracted,,trafilatura,1155,e73fbbb2e9ecd42e0a5caf5fb2218a3583dcc635e13b7a9a30c938cfdf3caf7a,false,true
DISC-MEDIA-0311,archive_media_post_republication,Marikana Avoidable Unconstitutional And Entirely Predictable,2012,Daily Maverick,https://www.dailymaverick.co.za/opinionista/2012-08-23-marikana-avoidable-unconstitutional-and-entirely-predictable/,retrieved_extracted,,trafilatura,1416,72ab94733021819c5a7f81d29abfb64f7e2a5913f30b7d63ff6525491dfcddf7,false,true
DISC-MEDIA-0017,archive_media_post_republication,Marikana One Week On Sas War With Itself For All To See,2012,Daily Maverick,https://www.dailymaverick.co.za/article/2012-08-24-marikana-one-week-on-sas-war-with-itself-for-all-to-see/,retrieved_extracted,,trafilatura,1607,6ad8c53b2a4f77fd90ec63c73e454671d5e7734b9089f60953035a174a4b8ad9,false,true
DISC-MEDIA-0018,archive_media_post_republication,Marikana The Matter Of Embedded Journalism,2012,Daily Maverick,https://www.dailymaverick.co.za/article/2012-08-24-marikana-the-matter-of-embedded-journalism/,retrieved_extracted,,trafilatura,1702,320feee87bb29e4b5cc8e4e7e5094a7b11564329cce97c9aeb32aa2c34576909,false,true
DISC-MEDIA-0019,archive_media_post_republication,Num Takes Aim At Malema At Jhb Memorial Service For Marikana Victims,2012,Daily Maverick,https://www.dailymaverick.co.za/article/2012-08-24-num-takes-aim-at-malema-at-jhb-memorial-service-for-marikana-victims/,retrieved_extracted,,trafilatura,920,9f5d0bcfe8c2a9fea1676785280ce8199037d8bd90694aaac73a751bec33246c,false,true
DISC-MEDIA-0312,archive_media_post_republication,Lonmin Inquiry Not Bad Not Bad At All,2012,Daily Maverick,https://www.dailymaverick.co.za/opinionista/2012-08-24-lonmin-inquiry-not-bad-not-bad-at-all/,retrieved_extracted,,trafilatura,1245,319bd512da0b9d9c97cab89ae4bfcf288a145a5871ff76705467bd8692bb0f4c,false,true
DISC-MEDIA-0020,archive_media_post_republication,Marikana Selebi And The Murder Of Sas Specialist Policing Skills,2012,Daily Maverick,https://www.dailymaverick.co.za/article/2012-08-27-marikana-selebi-and-the-murder-of-sas-specialist-policing-skills/,retrieved_extracted,,trafilatura,1731,f886351e30fef0fcd66cef1cce5cad58e214b76fcc3b887ff0af79c015d61fd0,false,true
DISC-MEDIA-0021,archive_media_post_republication,Marikana What Price Will Zuma Pay,2012,Daily Maverick,https://www.dailymaverick.co.za/article/2012-08-27-marikana-what-price-will-zuma-pay/,retrieved_extracted,,trafilatura,1436,ab7cbaef26d0912bf3e51a0c2181f20f21bab59d35f84c040c8349908c757c96,false,true
DISC-MEDIA-0313,archive_media_post_republication,Lonmin Strike Why The R4000 Figure Is No Trivial Matter,2012,Daily Maverick,https://www.dailymaverick.co.za/opinionista/2012-08-27-lonmin-strike-why-the-r4000-figure-is-no-trivial-matter/,retrieved_extracted,,trafilatura,823,59e14213fd607d8ff4a382704190cd66902be8860797ad823e070d6ae1f6a524,false,true
DISC-MEDIA-0314,archive_media_post_republication,The Irony Of Lonmin An Award Winning Sustainable Investment,2012,Daily Maverick,https://www.dailymaverick.co.za/opinionista/2012-08-27-the-irony-of-lonmin-an-award-winning-sustainable-investment/,retrieved_extracted,,trafilatura,1024,021a909c5d4136c2a43cff91ca5f381100fcb0eb1d1027e4b52b9a24c718bd2e,false,true
DISC-MEDIA-0022,archive_media_post_republication,Marikana Strike Continues New Tensions Evident,2012,Daily Maverick,https://www.dailymaverick.co.za/article/2012-08-28-marikana-strike-continues-new-tensions-evident/,retrieved_extracted,,trafilatura,901,d52209e2f6d8797776edd8b15807f2cddb7d9afe1b4418448195befed274cf96,false,true
DISC-MEDIA-0315,archive_media_post_republication,Marikana We Should Be Incandescent With Rage,2012,Daily Maverick,https://www.dailymaverick.co.za/opinionista/2012-08-28-marikana-we-should-be-incandescent-with-rage/,retrieved_extracted,,trafilatura,1539,1277cbabc09c7a87e5ef32563609fab3c15a73a6eae6d9ae83305d9ca4aa2e4c,false,true
DISC-MEDIA-0023,archive_media_post_republication,Marikana Survivors May Be Charged With Murdering Own Comrades,2012,Daily Maverick,https://www.dailymaverick.co.za/article/2012-08-30-marikana-survivors-may-be-charged-with-murdering-own-comrades/,retrieved_extracted,,trafilatura,978,8d53f6610b4451bb814a89c5c84aa7a2d3426ea6ee0863014037b82aa30a18f5,false,true
DISC-MEDIA-0024,archive_media_post_republication,Apartheid And The Marikana Murder Charges A Common Purpose Indeed,2012,Daily Maverick,https://www.dailymaverick.co.za/article/2012-08-31-apartheid-and-the-marikana-murder-charges-a-common-purpose-indeed/,retrieved_extracted,,trafilatura,1658,102da609e128447d2b6596f825c17b3ed33fbe3d472a037226fdcfd30f6dda08,false,true
DISC-MEDIA-0316,archive_media_post_republication,Democracy For All Marikana Signals Our Second Chance,2012,Daily Maverick,https://www.dailymaverick.co.za/opinionista/2012-08-31-democracy-for-all-marikana-signals-our-second-chance/,retrieved_extracted,,trafilatura,1789,3e0bb8493e9c512ec0cb82e3a72aae19307051ba171e89c0990cdb97f036ebfd,false,true
DISC-MEDIA-0025,archive_media_post_republication,Far Away From Murder Fields Of Marikana A Funeral,2012,Daily Maverick,https://www.dailymaverick.co.za/article/2012-09-03-far-away-from-murder-fields-of-marikana-a-funeral/,retrieved_extracted,,trafilatura,941,52c094fcb9ee08e42fb6e84db2a2ed098027a7d250b7f166b99d634d7755b6f4,false,true
DISC-MEDIA-0026,archive_media_post_republication,Marikana And Mangaung Where Tragedy And Political Theatre Meet,2012,Daily Maverick,https://www.dailymaverick.co.za/article/2012-09-03-marikana-and-mangaung-where-tragedy-and-political-theatre-meet/,retrieved_extracted,,trafilatura,1219,ebe8f581fa4bfe899dc70e808fcb20a348098397b70ef5b2f759e4719ca12564,false,true
DISC-MEDIA-0027,archive_media_post_republication,Marikana Civil Society Demands Justice And Truth,2012,Daily Maverick,https://www.dailymaverick.co.za/article/2012-09-03-marikana-civil-society-demands-justice-and-truth/,retrieved_extracted,,trafilatura,1161,5d9372d7a9df0d9c6090245e362d4440ab4e08ba856b4ffa8701ab6279988dc9,false,true
DISC-MEDIA-0317,archive_media_post_republication,Marikana Murder Charge Withdrawal The First Glimmer Of Sanity,2012,Daily Maverick,https://www.dailymaverick.co.za/opinionista/2012-09-03-marikana-murder-charge-withdrawal-the-first-glimmer-of-sanity/,retrieved_extracted,,trafilatura,1830,8dad53853a7b607b6406824bf41247956bd78ce51538b438859c754906695449,false,true
DISC-MEDIA-0318,archive_media_post_republication,The Marikana Miners Have Rights Too,2012,Daily Maverick,https://www.dailymaverick.co.za/opinionista/2012-09-03-the-marikana-miners-have-rights-too/,retrieved_extracted,,trafilatura,887,38246018313ccd3e3cba19dab33ef2706fafffb9dd7e562e791e71a8dc5286a5,false,true
DISC-MEDIA-0028,archive_media_post_republication,Marikana A Common Purpose For 162 Miners Freedom,2012,Daily Maverick,https://www.dailymaverick.co.za/article/2012-09-04-marikana-a-common-purpose-for-162-miners-freedom/,retrieved_extracted,,trafilatura,1971,7f532f2c257fd9693784f95d0c4197f9c2a1e70a03042e42137deb82cfa9607e,false,true
DISC-MEDIA-0029,archive_media_post_republication,Marikana Freed Miners Speak Of Torture In Police Cells,2012,Daily Maverick,https://www.dailymaverick.co.za/article/2012-09-04-marikana-freed-miners-speak-of-torture-in-police-cells/,retrieved_extracted,,trafilatura,1054,efed7c656977c2a85ca1228deabfe7f356af47dc7f053ece66362dda4465c762,false,true
DISC-MEDIA-0030,archive_media_post_republication,Lonmin Marikanas Near Total Stay Away,2012,Daily Maverick,https://www.dailymaverick.co.za/article/2012-09-05-lonmin-marikanas-near-total-stay-away/,retrieved_extracted,,trafilatura,712,040bd647b6c1d8212ae22fa8c5f1f90d50bb6679a3a00f5e6aefa8691a7630a0,false,true
DISC-MEDIA-0031,archive_media_post_republication,Marikana Tide Is Turning Against Police As Miners Lay Charge Of Torture,2012,Daily Maverick,https://www.dailymaverick.co.za/article/2012-09-05-marikana-tide-is-turning-against-police-as-miners-lay-charge-of-torture/,retrieved_extracted,,trafilatura,499,6ffa79b41b41b7fc73bbe4edb062c1bad0efcfbad8d7def6bdb54231e6efd97f,false,true
DISC-MEDIA-0032,archive_media_post_republication,Farlam Commission Finding Truths In The Marikana Labyrinth,2012,Daily Maverick,https://www.dailymaverick.co.za/article/2012-09-06-farlam-commission-finding-truths-in-the-marikana-labyrinth/,retrieved_extracted,,trafilatura,1362,34acc8bf0c7fafc1cab9919ff3b6fad50a5bc490a3261102c75b80fc5fdc3136,false,true
DISC-MEDIA-0033,archive_media_post_republication,Marikana A Mining Town On Edge,2012,Daily Maverick,https://www.dailymaverick.co.za/article/2012-09-06-marikana-a-mining-town-on-edge/,retrieved_extracted,,trafilatura,1043,678d7879d44ea08de0ced9bf50c6e8d25f1509aac5bbbbbb84bae84082c10390,false,true
DISC-MEDIA-0034,archive_media_post_republication,Marikana How Much Will It Cost South Africa,2012,Daily Maverick,https://www.dailymaverick.co.za/article/2012-09-06-marikana-how-much-will-it-cost-south-africa/,retrieved_extracted,,trafilatura,1232,1cfd5e35c17c3a7124ccc24cfb04bf93523a54532be86a0990dfd0a678cae370,false,true
DISC-MEDIA-0035,archive_media_post_republication,Marikana Strikers Send Down Tools Or Else Message To Remaining Lonmin Employees,2012,Daily Maverick,https://www.dailymaverick.co.za/article/2012-09-06-marikana-strikers-send-down-tools-or-else-message-to-remaining-lonmin-employees/,retrieved_extracted,,trafilatura,958,bd20bfad814f43e986d18afd132b11c935aa6280ac2d4575ad127c0d44c940b0,false,true
DISC-MEDIA-0319,archive_media_post_republication,World Banks Kim Goes To Joburg But Will He Miss Marikana And Medupi,2012,Daily Maverick,https://www.dailymaverick.co.za/opinionista/2012-09-06-world-banks-kim-goes-to-joburg-but-will-he-miss-marikana-and-medupi/,retrieved_extracted,,trafilatura,852,25d2f261f5b0c83dda9cba15102af8663a9f76c11d46426640fac91daf2989af,false,true
DISC-MEDIA-0036,archive_media_post_republication,Marikana The Investigations Integrity Compromised As Small Koppies Crime Scene Defaced,2012,Daily Maverick,https://www.dailymaverick.co.za/article/2012-09-07-marikana-the-investigations-integrity-compromised-as-small-koppies-crime-scene-defaced/,retrieved_extracted,,trafilatura,1344,0d11f07605a67c9fccd3262c9a2647d69fce5bfb55704ddbd921575729eb358b,false,true
DISC-MEDIA-0320,archive_media_post_republication,Stuck In The Mud In Marikana,2012,Daily Maverick,https://www.dailymaverick.co.za/opinionista/2012-09-07-stuck-in-the-mud-in-marikana/,retrieved_extracted,,trafilatura,743,abcfe0380c222ff09f810073cbd5bf73de9bb1297b7ea2e8235e451f8fdd3301,false,true
DISC-MEDIA-0037,archive_media_post_republication,Analysis The Worthless Marikana Peace Accord,2012,Daily Maverick,https://www.dailymaverick.co.za/article/2012-09-10-analysis-the-worthless-marikana-peace-accord/,retrieved_extracted,,trafilatura,1151,7d7c878f0e0b9b8023e7d25958cc59bbb61f3308e2050b9c6a942ef18b55a858,false,true
DISC-MEDIA-0038,archive_media_post_republication,Marikana Gift Of The Givers Brings Food To Striking Miners,2012,Daily Maverick,https://www.dailymaverick.co.za/article/2012-09-10-marikana-gift-of-the-givers-brings-food-to-striking-miners/,retrieved_extracted,,trafilatura,1320,7b9d233c7673c27f26ceac18ba5bd3ff1e58a44149df4fd6a6c8b6014af66756,false,true
DISC-MEDIA-0039,archive_media_post_republication,Plotting Sas Post Marikana Scenarios Grim Pictures Dominate,2012,Daily Maverick,https://www.dailymaverick.co.za/article/2012-09-11-plotting-sas-post-marikana-scenarios-grim-pictures-dominate/,retrieved_extracted,,trafilatura,1284,10929de8ac687823fd75430b036bb09d950a553d27be9d9eccafcab43c5ea417,false,true
DISC-MEDIA-0040,archive_media_post_republication,Reporters Notebook A Day In Marikanas Theatre Of The Absurd,2012,Daily Maverick,https://www.dailymaverick.co.za/article/2012-09-11-reporters-notebook-a-day-in-marikanas-theatre-of-the-absurd/,retrieved_extracted,,trafilatura,867,8bb66b256056e7af50bad3c9b5648940ce39ffbd8ea8fb49db12291b55a4452c,false,true
DISC-MEDIA-0321,archive_media_post_republication,Marikana Persists Remember The Rule Of Law,2012,Daily Maverick,https://www.dailymaverick.co.za/opinionista/2012-09-12-marikana-persists-remember-the-rule-of-law/,retrieved_extracted,,trafilatura,1204,2b75ed4190bd08ce74b7d989c1b1b6eece40f83615df7677fd97e1820cfabefc,false,true
DISC-MEDIA-0041,archive_media_post_republication,A Possible Way Out Of The Marikana Stand Off,2012,Daily Maverick,https://www.dailymaverick.co.za/article/2012-09-13-a-possible-way-out-of-the-marikana-stand-off/,retrieved_extracted,,trafilatura,677,57a0f84a57567f93562077c6fb2e2ac22a2ae775730fc2b28ec4b86eb2a93125,false,true
DISC-MEDIA-0042,archive_media_post_republication,Reporters Marikana Notebook The Governments Clenched Fist,2012,Daily Maverick,https://www.dailymaverick.co.za/article/2012-09-14-reporters-marikana-notebook-the-governments-clenched-fist/,retrieved_extracted,,trafilatura,897,9d805dad4767814b134fa35757aa5fcaa5a3dae1eb11a39587060b163eb4bb58,false,true
DISC-MEDIA-0043,archive_media_post_republication,How Sam The Banana Man Zemurray Explains Capitalism And Marikana,2012,Daily Maverick,https://www.dailymaverick.co.za/article/2012-09-17-how-sam-the-banana-man-zemurray-explains-capitalism-and-marikana/,retrieved_extracted,,trafilatura,1383,10868289684a57f5e850e5133d2340e57bdbbddd740fa2681d611ac688158f40,false,true
DISC-MEDIA-0044,archive_media_post_republication,In Embracing Marikana The Sacc Revitalises Itself,2012,Daily Maverick,https://www.dailymaverick.co.za/article/2012-09-17-in-embracing-marikana-the-sacc-revitalises-itself/,retrieved_extracted,,trafilatura,1208,8925156736b7ab2a7c14469fac8efd2b809b54c41d94ee5be105c235d133b232,false,true
DISC-MEDIA-0045,archive_media_post_republication,In The Wake Of Marikana Anc Pushing A Self Destruct Button,2012,Daily Maverick,https://www.dailymaverick.co.za/article/2012-09-17-in-the-wake-of-marikana-anc-pushing-a-self-destruct-button/,retrieved_extracted,,trafilatura,1063,7d13638f3a061fa541a337a4dbf6e1e0fa7fccb1b7263b49c05732b5bdaf18e1,false,true
DISC-MEDIA-0046,archive_media_post_republication,Marikana Notebook A Thin Line Between Fear And Hate,2012,Daily Maverick,https://www.dailymaverick.co.za/article/2012-09-17-marikana-notebook-a-thin-line-between-fear-and-hate/,retrieved_extracted,,trafilatura,1408,683b3b5a266e23d2d3cb3496d1f868e60f6c7c3ccf2890940979d4ce6a3a72ac,false,true
DISC-MEDIA-0047,archive_media_post_republication,Preview Cosatu Congress Haunted By The Pall Of Marikana,2012,Daily Maverick,https://www.dailymaverick.co.za/article/2012-09-17-preview-cosatu-congress-haunted-by-the-pall-of-marikana/,retrieved_extracted,,trafilatura,1212,9913248414189220a330b44ccdcc4c303f5d6c0783008274718b4b80bf022eab,false,true
DISC-MEDIA-0048,archive_media_post_republication,Reporters Marikana Notebook Police Intimidation 1 Abandoned Community 0,2012,Daily Maverick,https://www.dailymaverick.co.za/article/2012-09-17-reporters-marikana-notebook-police-intimidation-1-abandoned-community-0/,retrieved_extracted,,trafilatura,1073,564c7769c0c1a973c764789e6c64843b670f31a9a0cb1449c0b2536d3677c92e,false,true
DISC-MEDIA-0049,archive_media_post_republication,Cosatu Congress Allies Talk About Marikana And The Enemies Of The Struggle,2012,Daily Maverick,https://www.dailymaverick.co.za/article/2012-09-18-cosatu-congress-allies-talk-about-marikana-and-the-enemies-of-the-struggle/,retrieved_extracted,,trafilatura,1049,66484beedf9003e5631e9e7f3528cd7b37d882b7918bb56c5e9b4df79a915725,false,true
DISC-MEDIA-0050,archive_media_post_republication,Cosatu On Marikana 10 It Was Brute Force Cosatu On Marikana 20 It Was Not Brute Force,2012,Daily Maverick,https://www.dailymaverick.co.za/article/2012-09-18-cosatu-on-marikana-10-it-was-brute-force-cosatu-on-marikana-20-it-was-not-brute-force/,retrieved_extracted,,trafilatura,1369,dfe903ada0f49c8f6d41c066e36cc31b0c07917dae47ec53a8712076892b4461,false,true
DISC-MEDIA-0051,archive_media_post_republication,Marikana Malemas Police Sponsored Exit,2012,Daily Maverick,https://www.dailymaverick.co.za/article/2012-09-18-marikana-malemas-police-sponsored-exit/,retrieved_extracted,,trafilatura,980,918303edccb0f484e5f12aeed6810ed66aa7db2e2fe741ecdf7a5ef401cf5d5b,false,true
DISC-MEDIA-0052,archive_media_post_republication,Marikana Social Scientists Seek Understanding And Demand Justice,2012,Daily Maverick,https://www.dailymaverick.co.za/article/2012-09-18-marikana-social-scientists-seek-understanding-and-demand-justice/,retrieved_extracted,,trafilatura,859,2b812335d66773711ef22e56609c7ebbce93f5abc031bce1430681d65627443f,false,true
DISC-MEDIA-0053,archive_media_post_republication,Marikana The Strike Ends Now What,2012,Daily Maverick,https://www.dailymaverick.co.za/article/2012-09-19-marikana-the-strike-ends-now-what/,retrieved_extracted,,trafilatura,1190,15091627e53d5fa2932a93fa275a2952b5c901a4bcb4ab2c78766badbbc44d68,false,true
DISC-MEDIA-0054,archive_media_post_republication,Marikana The Strike Might Be Over But The Struggle Continues,2012,Daily Maverick,https://www.dailymaverick.co.za/article/2012-09-19-marikana-the-strike-might-be-over-but-the-struggle-continues/,retrieved_extracted,,trafilatura,1095,8e2195c163fe7f83218078f138ff1ace3c0c639a979d26be9c547cf680b8a771,false,true
DISC-MEDIA-0055,archive_media_post_republication,Cosatu Congress Battling The Rupture Of Mangaung And The Curse Of Marikana,2012,Daily Maverick,https://www.dailymaverick.co.za/article/2012-09-20-cosatu-congress-battling-the-rupture-of-mangaung-and-the-curse-of-marikana/,retrieved_extracted,,trafilatura,1310,7f7b20d169c7ace42faca491a953c45e30de207bae1205c415bb37a743c3460f,false,true
DISC-MEDIA-0056,archive_media_post_republication,Marikana The Next Goal For The Workers Split From Num,2012,Daily Maverick,https://www.dailymaverick.co.za/article/2012-09-20-marikana-the-next-goal-for-the-workers-split-from-num/,retrieved_extracted,,trafilatura,1071,584e71ada919374b65338d5cad8da03817e0e01e869ba5d94342f03f8b298257,false,true
DISC-MEDIA-0057,archive_media_post_republication,Marikanas Theatre Of The Absurd Claims Another Life,2012,Daily Maverick,https://www.dailymaverick.co.za/article/2012-09-20-marikanas-theatre-of-the-absurd-claims-another-life/,retrieved_extracted,,trafilatura,1474,7a41735f5c463fffb074e3b66c0b67631a04a362ce5dd57d10c2d609ce579d95,false,true
DISC-MEDIA-0058,archive_media_post_republication,Bring On The Sanctions Bishop Paul Verryn On Marikana And Poverty,2012,Daily Maverick,https://www.dailymaverick.co.za/article/2012-09-21-bring-on-the-sanctions-bishop-paul-verryn-on-marikana-and-poverty/,retrieved_extracted,,trafilatura,856,8b4311fcc1054305963b213b761073d3d137cbb8c0367264fc1aef8b789cfdf5,false,true
DISC-MEDIA-0059,archive_media_post_republication,The Marikana Effect A Sharp Drop For The Anc In Septembers By Elections,2012,Daily Maverick,https://www.dailymaverick.co.za/article/2012-09-21-the-marikana-effect-a-sharp-drop-for-the-anc-in-septembers-by-elections/,retrieved_extracted,,trafilatura,839,2f848d6129dfa83b9e467516aeb027368b54e39388190d7b2889d69589a55167,false,true
DISC-MEDIA-0060,archive_media_post_republication,Marikana Putting Words To Tragedy,2012,Daily Maverick,https://www.dailymaverick.co.za/article/2012-09-24-marikana-putting-words-to-tragedy/,retrieved_extracted,,trafilatura,2172,de68baaad373baba074816152c8de7ed72c4c1922656ae82469385992b60d7c0,false,true
DISC-MEDIA-0061,archive_media_post_republication,Marikana Shaky Start For The Farlam Commission,2012,Daily Maverick,https://www.dailymaverick.co.za/article/2012-10-02-marikana-shaky-start-for-the-farlam-commission/,retrieved_extracted,,trafilatura,1070,f024f40ff5ca402bfa313ea7e8250be65c1c4237c514efa406b872cff10263c3,false,true
DISC-MEDIA-0062,archive_media_post_republication,Nigerias Marikana Moment Yet Another One,2012,Daily Maverick,https://www.dailymaverick.co.za/article/2012-10-04-nigerias-marikana-moment-yet-another-one/,retrieved_extracted,,trafilatura,1043,f37502148f6e32a371963ff847c4556588702774ee885d84d4719c5a72d3aff7,false,true
DISC-MEDIA-0063,archive_media_post_republication,Police To People Of Makause March And Therell Be Another Marikana,2012,Daily Maverick,https://www.dailymaverick.co.za/article/2012-10-05-police-to-people-of-makause-march-and-therell-be-another-marikana/,retrieved_extracted,,trafilatura,1263,bb30c08cfe1f68c21af012c707a334eec7e9dce3e7f8f7f01b2278dd15f86cf6,false,true
DISC-MEDIA-0322,archive_media_post_republication,Water Fail Farlam Commission Bows To Industry Secrecy,2012,Daily Maverick,https://www.dailymaverick.co.za/opinionista/2012-10-10-water-fail-farlam-commission-bows-to-industry-secrecy/,retrieved_extracted,,trafilatura,925,4ff38d9a3db5b4d4391b696ffa5a658c93fb72ac75903f2d3aebd42c95f1ba94,false,true
DISC-MEDIA-0323,archive_media_post_republication,Marikana Prequel Num And The Murders That Started It All,2012,Daily Maverick,https://www.dailymaverick.co.za/opinionista/2012-10-12-marikana-prequel-num-and-the-murders-that-started-it-all/,retrieved_extracted,,trafilatura,2899,78445ef80f0150182ef25f99d4315e192bc6803e0029d1c337809b42298488f3,false,true
SEC-MEDIA-0001,archive_media_post_republication,Down With Amcu And Malema Cosatu And Mk Sing From The Same Song Sheet,2012,Daily Maverick,https://www.dailymaverick.co.za/article/2012-10-15-down-with-amcu-and-malema-cosatu-and-mk-sing-from-the-same-song-sheet/,retrieved_extracted,,trafilatura,871,994adf7d99dee1ac61a42b8d2278705164d5d3dc9ec97c786fac4e41a7ddc72f,false,true
DISC-MEDIA-0064,archive_media_post_republication,Marikana Tragedy Marches Towards Platinum Rebellion,2012,Daily Maverick,https://www.dailymaverick.co.za/article/2012-10-15-marikana-tragedy-marches-towards-platinum-rebellion/,retrieved_extracted,,trafilatura,1910,5ca31b1beab861ffa0df7df4b64b6570e2e48d7228e859e6c404f784f9ad23dd,false,true
DISC-MEDIA-0065,archive_media_post_republication,Marikana After Wave Of Arrests Miners To Return To Strike,2012,Daily Maverick,https://www.dailymaverick.co.za/article/2012-10-18-marikana-after-wave-of-arrests-miners-to-return-to-strike/,retrieved_extracted,,trafilatura,1119,3e492bdb7787406266712b13d4a8c859fb5a9dc93ad97ee21b602de6ecc22852,false,true
SEC-MEDIA-0115,archive_media_post_republication,From The Nums Ashes Amcu Will Rise And Rise,2012,Daily Maverick,https://www.dailymaverick.co.za/opinionista/2012-10-19-from-the-nums-ashes-amcu-will-rise-and-rise/,retrieved_extracted,,trafilatura,1149,dc5bb76e3a1cbfe34519cf82222bab2f3b0d38ba3a8c2a41a6c611a0b3bb5457,false,true
DISC-MEDIA-0324,archive_media_post_republication,In The Thick Of Marikana The Lessons No Journalism School Can Teach You,2012,Daily Maverick,https://www.dailymaverick.co.za/opinionista/2012-10-22-in-the-thick-of-marikana-the-lessons-no-journalism-school-can-teach-you/,retrieved_extracted,,trafilatura,1419,66d35f7875bbeeb7c0859000b702eb3bdbf9bfe0891dcb0f0efed28527a356a7,false,true
DISC-MEDIA-0066,archive_media_post_republication,Death Threats Blazing Guns Police Intimidation Spikes Alongside The Marikana Commission,2012,Daily Maverick,https://www.dailymaverick.co.za/article/2012-10-23-death-threats-blazing-guns-police-intimidation-spikes-alongside-the-marikana-commission/,retrieved_extracted,,trafilatura,726,ac037daedc036c03ecdf09604e6ab79b4e431fee6afb7514ec2b0ca2ca617e74,false,true
DISC-MEDIA-0067,archive_media_post_republication,Marikana Commission Lawyers Draw Up Battle Lines,2012,Daily Maverick,https://www.dailymaverick.co.za/article/2012-10-23-marikana-commission-lawyers-draw-up-battle-lines/,retrieved_extracted,,trafilatura,850,a3608f03a2fd1f0c5e2ba94b0a2c4e299bac61c4c5f56343d4aba3bdaac81ad2,false,true
DISC-MEDIA-0068,archive_media_post_republication,Marikana Commission More Sides Pitch In More Mud Flung In Ramaphosas Face,2012,Daily Maverick,https://www.dailymaverick.co.za/article/2012-10-24-marikana-commission-more-sides-pitch-in-more-mud-flung-in-ramaphosas-face/,retrieved_extracted,,trafilatura,1001,ab71ad494d983bec5e9612dab03c6be4f82838309617ba07b2e81d1bcc22e94b,false,true
DISC-MEDIA-0069,archive_media_post_republication,Marikana Commission Check Book Justice As Dead Miners Families Must Pay Their Own Way,2012,Daily Maverick,https://www.dailymaverick.co.za/article/2012-10-29-marikana-commission-check-book-justice-as-dead-miners-families-must-pay-their-own-way/,retrieved_extracted,,trafilatura,1054,26ac8136dd4c27b9c303e8809ed406b89f651438eb494f4e764098647cbd25d0,false,true
DISC-MEDIA-0070,archive_media_post_republication,Marikana Commission Travel Pains For The Families,2012,Daily Maverick,https://www.dailymaverick.co.za/article/2012-10-30-marikana-commission-travel-pains-for-the-families/,retrieved_extracted,,trafilatura,1118,978b082b4ad92235946303b0ac3dac6193b5583847632356e5399b94d8b722bd,false,true
DISC-MEDIA-0071,archive_media_post_republication,Marikana Commission Colonel Johannes Bothas Tough Day At The Office,2012,Daily Maverick,https://www.dailymaverick.co.za/article/2012-10-31-marikana-commission-colonel-johannes-bothas-tough-day-at-the-office/,retrieved_extracted,,trafilatura,1073,b7983aef39d6287e64d6bf4192996a76b5baaf51a47ef32872269816d78c4bd5,false,true
DISC-MEDIA-0072,archive_media_post_republication,Marikana Commission Dali Mpofu Drops New Torture Bombshell,2012,Daily Maverick,https://www.dailymaverick.co.za/article/2012-10-31-marikana-commission-dali-mpofu-drops-new-torture-bombshell/,retrieved_extracted,,trafilatura,528,9b91703d6d9bec0af92435b8f221d9bd671bdea78a9fcf090550de989c487007,false,true
DISC-MEDIA-0073,archive_media_post_republication,Marikana Commission The Forensic Expert Who Saw Little Heard Nothing Couldnt Say Much,2012,Daily Maverick,https://www.dailymaverick.co.za/article/2012-11-01-marikana-commission-the-forensic-expert-who-saw-little-heard-nothing-couldnt-say-much/,retrieved_extracted,,trafilatura,1091,6fbbe6caf13f5f198e1d9213e653147129be248a0809aa136eda847bd932b109,false,true
DISC-MEDIA-0325,archive_media_post_republication,Marikana Who Murdered Num Branch Secretary Daluvuyo Bongo,2012,Daily Maverick,https://www.dailymaverick.co.za/opinionista/2012-11-02-marikana-who-murdered-num-branch-secretary-daluvuyo-bongo/,retrieved_extracted,,trafilatura,2318,ba0fb09922e1f5807ecba042254928f5d28b2a33babc3bb3f3f38aeea40d0d74,false,true
DISC-MEDIA-0074,archive_media_post_republication,Marikana Commission Prima Facie Case For Tampering With Evidence,2012,Daily Maverick,https://www.dailymaverick.co.za/article/2012-11-06-marikana-commission-prima-facie-case-for-tampering-with-evidence/,retrieved_extracted,,trafilatura,980,b5b922bd7c232763e0a8e6c43007259ca0b22e54d3221b5c6985f16b0cd6e7c8,false,true
DISC-MEDIA-0326,archive_media_post_republication,Marikana A Cover Up For All To See,2012,Daily Maverick,https://www.dailymaverick.co.za/opinionista/2012-11-06-marikana-a-cover-up-for-all-to-see/,retrieved_extracted,,trafilatura,837,242f62f2211dcb7f97fa505b73405f0177102f8a4732d661cd1091a41ee786e7,false,true
DISC-MEDIA-0075,archive_media_post_republication,Marikana Commission Police Play Their Case,2012,Daily Maverick,https://www.dailymaverick.co.za/article/2012-11-12-marikana-commission-police-play-their-case/,retrieved_extracted,,trafilatura,1016,2099e014b9820dc85234390e4e6354a6ceeb086dc807ecc80700b26fb874e6de,false,true
DISC-MEDIA-0076,archive_media_post_republication,Painting Marikanas Tragedy,2012,Daily Maverick,https://www.dailymaverick.co.za/article/2012-11-13-painting-marikanas-tragedy/,retrieved_extracted,,trafilatura,1563,0489746c0b15d4cb5c3d033e77a9ca837b03d3aceedcb80cd24a03a648b15c55,false,true
DISC-MEDIA-0077,archive_media_post_republication,Marikana Commission Bishop Seoka Blames Police Unions And Lonmin,2012,Daily Maverick,https://www.dailymaverick.co.za/article/2012-11-15-marikana-commission-bishop-seoka-blames-police-unions-and-lonmin/,retrieved_extracted,,trafilatura,914,ae6be7be7cd7f00081d4ffe7fec44b3ea1fbad44ac36fbb5aeb161b9c3bfce94,false,true
DISC-MEDIA-0078,archive_media_post_republication,Marikana Commission Spotty Police Evidence Continues,2012,Daily Maverick,https://www.dailymaverick.co.za/article/2012-11-16-marikana-commission-spotty-police-evidence-continues/,retrieved_extracted,,trafilatura,1032,92c9689e4fb51b9e06cb7f579e8418e31dd91b1a2a6b8f6e2ba63c2db2be7ea8,false,true
DISC-MEDIA-0079,archive_media_post_republication,Marikana Commission Did The Police Throw Away Their Own Rulebook,2012,Daily Maverick,https://www.dailymaverick.co.za/article/2012-11-20-marikana-commission-did-the-police-throw-away-their-own-rulebook/,retrieved_extracted,,trafilatura,876,e285010a2231079f924b71f3c6a49a39f9917f671e3c6429e63e325aeb444016,false,true
DISC-MEDIA-0080,archive_media_post_republication,Marikana Commission What Happened Before 16 August Lonmin And Police Videos Failed To Capture Crucial Evidence,2012,Daily Maverick,https://www.dailymaverick.co.za/article/2012-11-21-marikana-commission-what-happened-before-16-august-lonmin-and-police-videos-failed-to-capture-crucial-evidence/,retrieved_extracted,,trafilatura,528,3d38d2a24a8cad8b7a18e7b04a21c335f225c3ea140b786d9e2c80d9fb55697b,false,true
DISC-MEDIA-0081,archive_media_post_republication,Marikana Commission Better Videos Of 16 August But Still Not Much To See,2012,Daily Maverick,https://www.dailymaverick.co.za/article/2012-11-22-marikana-commission-better-videos-of-16-august-but-still-not-much-to-see/,retrieved_extracted,,trafilatura,729,bd45cebb6e42c823a0d131e6fe9e7e141393516d5443039701272638ccd247ea,false,true
DISC-MEDIA-0082,archive_media_post_republication,Marikana Commission Cops Lonmin Hit Back At Bishop Seoka,2012,Daily Maverick,https://www.dailymaverick.co.za/article/2012-11-23-marikana-commission-cops-lonmin-hit-back-at-bishop-seoka/,retrieved_extracted,,trafilatura,1176,bb6e48465018ae9e6ab9f994f96762488f3c5712d23ad19e8a52e199a0304c64,false,true
DISC-MEDIA-0083,archive_media_post_republication,Marikana Commission Weapons That Kill And A Row Over Subpoenas,2012,Daily Maverick,https://www.dailymaverick.co.za/article/2012-11-27-marikana-commission-weapons-that-kill-and-a-row-over-subpoenas/,retrieved_extracted,,trafilatura,742,f0d5ed630d1c500c0374a77c753a61c09a5d9749a05cda547e4d992f80059b01,false,true
DISC-MEDIA-0084,archive_media_post_republication,Marikana Commission Amcu President Flays Num,2012,Daily Maverick,https://www.dailymaverick.co.za/article/2012-11-28-marikana-commission-amcu-president-flays-num/,retrieved_extracted,,trafilatura,847,b7e0806e2333456f712d687675bff41fb3087f338b8958dff69fb7cd00e681af,false,true
DISC-MEDIA-0085,archive_media_post_republication,Marikana Commission Joseph Mathunjwa Locks Horns With Police,2012,Daily Maverick,https://www.dailymaverick.co.za/article/2012-11-30-marikana-commission-joseph-mathunjwa-locks-horns-with-police/,retrieved_extracted,,trafilatura,679,c94efc20bc1b804c907a0a75b1eee8c9476ce5bba1bfaed743647d62598e9556,false,true
DISC-MEDIA-0086,archive_media_post_republication,Marikana Who Shot First,2012,Daily Maverick,https://www.dailymaverick.co.za/article/2012-11-30-marikana-who-shot-first/,retrieved_extracted,,trafilatura,1038,744622d22b6e724d8b527c423a97e2569c35a7dd01e8f16b8ce12c8a507459d0,false,true
DISC-MEDIA-0087,archive_media_post_republication,Union Poster Feel It Western Cape Marikana Is Here,2012,Daily Maverick,https://www.dailymaverick.co.za/article/2012-11-30-union-poster-feel-it-western-cape-marikana-is-here/,retrieved_extracted,,trafilatura,1327,e670c9be0b8b646a0c8f25185cdb8db0f2327954dbbc03729b9ffea969bc99a7,false,true
DISC-MEDIA-0088,archive_media_post_republication,Marikana Commission Joseph Mathunjwa Still Stands His Ground,2012,Daily Maverick,https://www.dailymaverick.co.za/article/2012-12-04-marikana-commission-joseph-mathunjwa-still-stands-his-ground/,retrieved_extracted,,trafilatura,669,8274dd8237f72da1ce8eb556b97eda19ed6bedcc0f2c86b63274c857d2f13d62,false,true
DISC-MEDIA-0089,archive_media_post_republication,Marikana Commission Cornered Mathunjwa Let Out By Dumisa Ntsebeza,2012,Daily Maverick,https://www.dailymaverick.co.za/article/2012-12-05-marikana-commission-cornered-mathunjwa-let-out-by-dumisa-ntsebeza/,retrieved_extracted,,trafilatura,820,8d6dd1b806ee50166d4c28400942d9f9ff36430dd5ee6a57824fcc0629de061b,false,true
DISC-MEDIA-0090,archive_media_post_republication,Zuma Marikana Exposed Organisational Challenges,2012,Daily Maverick,https://www.dailymaverick.co.za/article/2012-12-16-zuma-marikana-exposed-organisational-challenges/,retrieved_extracted,,trafilatura,380,6b99fa84a88c771f8bace0b509dfe82b030a122bd839322b63bf9845dbeb3075,false,true
DISC-MEDIA-0091,archive_media_post_republication,2013 The Lingering Spectre Of Marikana,2013,Daily Maverick,https://www.dailymaverick.co.za/article/2013-01-11-2013-the-lingering-spectre-of-marikana/,retrieved_extracted,,trafilatura,916,09bdd67e61249b067fd36fcbeadf3e76d7088e941c851129a079f155fe1f636a,false,true
DISC-MEDIA-0092,archive_media_post_republication,Marikana Commission Num Takes The Stand,2013,Daily Maverick,https://www.dailymaverick.co.za/article/2013-01-25-marikana-commission-num-takes-the-stand/,retrieved_extracted,,trafilatura,858,a56524f333fd679f61093ce17b176c91de9b0d3290c7715a6ef989468560da1d,false,true
DISC-MEDIA-0093,archive_media_post_republication,Heartfelt Hard Painful Songs Of Marikana,2013,Daily Maverick,https://www.dailymaverick.co.za/article/2013-01-28-heartfelt-hard-painful-songs-of-marikana/,retrieved_extracted,,trafilatura,1002,bdff10b417d5b67c8581103aa24e4bb25429929fd73b05ebb42bd31d497db2b9,false,true
DISC-MEDIA-0094,archive_media_post_republication,Truth Lies The Saga Of The Marikana Massacre Continues,2013,Daily Maverick,https://www.dailymaverick.co.za/article/2013-01-29-truth-lies-the-saga-of-the-marikana-massacre-continues/,retrieved_extracted,,trafilatura,2016,b0cdd09d9f2d043b4b1e9f094ccda5a87b735d7be40ad180c7f90531c25ef218,false,true
DISC-MEDIA-0095,archive_media_post_republication,Marikana Commission Num In A Deep Hole Over The Fight That Started It All,2013,Daily Maverick,https://www.dailymaverick.co.za/article/2013-02-01-marikana-commission-num-in-a-deep-hole-over-the-fight-that-started-it-all/,retrieved_extracted,,trafilatura,1015,74715e7fcc5fdfe3d09d1ae1ab10f0c91c0f31effb59356b8c01a15d5dd94e27,false,true
DISC-MEDIA-0471,archive_media_post_republication,Lonmin Nominated Worst Company Of The Year By Npos,2013,Engineering News,https://www.engineeringnews.co.za/article/lonmin-nominated-worst-company-of-the-year-by-npos-2013-02-01,retrieved_extracted,,trafilatura,898,08f093c41b22f2c93d93eb7591047e9fb51a87849d05c2514e7475188ef6ff02,false,true
DISC-MEDIA-0096,archive_media_post_republication,Black Valentine 2013 Love In The Time Of Marikana Nkandla Anene Booysens,2013,Daily Maverick,https://www.dailymaverick.co.za/article/2013-02-14-black-valentine-2013-love-in-the-time-of-marikana-nkandla-anene-booysens/,retrieved_extracted,,trafilatura,1669,b6d5f46ec33ffc6fe3f01f9658f88528b8b5e65a9d9996890e8c58700fd3e286,false,true
SEC-MEDIA-0003,archive_media_post_republication,Rustenburg Amcu And Num Call A Truce For Now,2013,Daily Maverick,https://www.dailymaverick.co.za/article/2013-02-20-rustenburg-amcu-and-num-call-a-truce-for-now/,retrieved_extracted,,trafilatura,1275,4364efceb77eb2a8916fff849694dd84e3bb5a70bfe1e5c853ba35028dea707d,false,true
DISC-MEDIA-0441,archive_media_post_republication,Lonmin Consults Unions,2013,Engineering News,https://www.engineeringnews.co.za/article/lonmin-consults-unions-2013-03-01,retrieved_extracted,,trafilatura,441,c0dc0335afa5c970b5577216b89b9193f9c9c3a089317b09d55d3705deef13b7,false,true
DISC-MEDIA-0557,archive_media_post_republication,Marikana Families Sue Police For Millions,2013,Engineering News,https://www.engineeringnews.co.za/article/marikana-families-sue-police-for-millions-2013-03-01,retrieved_extracted,,trafilatura,650,cf810a1e1c182c9235b315fe21f1606b8be625c0ae6207d1665bd87e3bd2dade,false,true
DISC-MEDIA-0097,archive_media_post_republication,Marikana Aftermath As The Commission Plays On Theres Still No Equality Before The Law,2013,Daily Maverick,https://www.dailymaverick.co.za/article/2013-03-04-marikana-aftermath-as-the-commission-plays-on-theres-still-no-equality-before-the-law/,retrieved_extracted,,trafilatura,2205,f536bdd0337a60a8a5439c8c81448251540532d618a9a14eb5bbca7a8624dc7e,false,true
SEC-MEDIA-0264,archive_media_post_republication,Amplats Signs With Amcu,2013,Engineering News,https://www.engineeringnews.co.za/article/amplats-signs-with-amcu-2013-03-04,retrieved_extracted,,trafilatura,535,55e8777b17dc054fc5d7afdb6da9db2d2b631a061bd77d2536b6af95ef2169ce,false,true
DISC-MEDIA-0409,archive_media_post_republication,Illegal Strike Erupts At Lonmin,2013,Engineering News,https://www.engineeringnews.co.za/article/illegal-strike-erupts-at-lonmin-2013-03-05,retrieved_extracted,,trafilatura,953,2961fb6a558248f33954c478cfd521b488e664ca53d6b08a7897e6addcc7ef3f,false,true
DISC-MEDIA-0098,archive_media_post_republication,Marikana Commission Why Did Non Employees Join The Strike,2013,Daily Maverick,https://www.dailymaverick.co.za/article/2013-03-14-marikana-commission-why-did-non-employees-join-the-strike/,retrieved_extracted,,trafilatura,922,c90cf246ba23e71e22e5950d224ce3345bf500bae66237673b98d91ac245484c,false,true
DISC-MEDIA-0099,archive_media_post_republication,Marikana How Much And When Did Zuma Know,2013,Daily Maverick,https://www.dailymaverick.co.za/article/2013-03-18-marikana-how-much-and-when-did-zuma-know/,retrieved_extracted,,trafilatura,1121,1304859e500a77f8493c11533e04ca79208c64f5c70518166ad0fa0fa88da07d,false,true
DISC-MEDIA-0100,archive_media_post_republication,Farlams Site Visit Brings Community Closer To Commission,2013,Daily Maverick,https://www.dailymaverick.co.za/article/2013-03-22-farlams-site-visit-brings-community-closer-to-commission/,retrieved_extracted,,trafilatura,819,164e2c3c2e680e35b2e3c2363a5bc864ef674ec30aa3ca6020363fce6d886261,false,true
DISC-MEDIA-0101,archive_media_post_republication,Analysis The Future Of South Africas Labour Market Post Marikana,2013,Daily Maverick,https://www.dailymaverick.co.za/article/2013-03-25-analysis-the-future-of-south-africas-labour-market-post-marikana/,retrieved_extracted,,trafilatura,1080,ebc250ce0809b8a43ba1115edb9bdb556ce37b7f34d3cb395b6dd3618c77dcc8,false,true
DISC-MEDIA-0102,archive_media_post_republication,Born In Post Marikana Anger Workers Socialist Party Enters Sa Politics,2013,Daily Maverick,https://www.dailymaverick.co.za/article/2013-03-25-born-in-post-marikana-anger-workers-socialist-party-enters-sa-politics/,retrieved_extracted,,trafilatura,1787,f5934397c75be1f848c24f6c1c92ea0feca32228c00173fee45db5a3eeea2067,false,true
DISC-MEDIA-0103,archive_media_post_republication,Marikana Commission Phiyega Continues To Play Dumb,2013,Daily Maverick,https://www.dailymaverick.co.za/article/2013-03-27-marikana-commission-phiyega-continues-to-play-dumb/,retrieved_extracted,,trafilatura,841,a8ffca0a7f9e0919cac7b54652c7ab02281e4959d24ba3bd6e06a0d13b4a63a9,false,true
DISC-MEDIA-0104,archive_media_post_republication,Marikana Commission Why Did Apartheid Lessons Not Inform Police Action On 16 August,2013,Daily Maverick,https://www.dailymaverick.co.za/article/2013-03-28-marikana-commission-why-did-apartheid-lessons-not-inform-police-action-on-16-august/,retrieved_extracted,,trafilatura,1035,eeff68b61e0e2025546d87e6c768d91401df74fe1d18949d1ab2cbc5c0753927,false,true
DISC-MEDIA-0105,archive_media_post_republication,Marikana Commission As Bizos Cross Exam Ends Phiyega Is Still Not Forthcoming,2013,Daily Maverick,https://www.dailymaverick.co.za/article/2013-04-03-marikana-commission-as-bizos-cross-exam-ends-phiyega-is-still-not-forthcoming/,retrieved_extracted,,trafilatura,984,1635a8c667af9249184a93f41caf13626568e0f1b1ae6b1612a4d616eda60a95,false,true
DISC-MEDIA-0106,archive_media_post_republication,Marikana Commission Move To Pretoria Halts As Phiyega Grilling Continues,2013,Daily Maverick,https://www.dailymaverick.co.za/article/2013-04-04-marikana-commission-move-to-pretoria-halts-as-phiyega-grilling-continues/,retrieved_extracted,,trafilatura,883,69f277af027400aa4c6807ceeb11db04cf508d97d29febe6969b6b41ca1ac480,false,true
DISC-MEDIA-0107,archive_media_post_republication,Marikana Commission Zooms In On Phiyegas Changed Affidavit,2013,Daily Maverick,https://www.dailymaverick.co.za/article/2013-04-05-marikana-commission-zooms-in-on-phiyegas-changed-affidavit/,retrieved_extracted,,trafilatura,861,bd280d6393b9111b8d9e583c1d72c047d1511127224b3fef1ecdda1249967283,false,true
DISC-MEDIA-0574,archive_media_post_republication,Marikana Students To Qualify With Matric Certificate And Technical Diploma,2013,Engineering News,https://www.engineeringnews.co.za/article/marikana-students-to-qualify-with-matric-certificate-and-technical-diploma-2013-04-05,retrieved_extracted,,trafilatura,1019,65ed91f8e88497ef236cebf10282b37d1e1a6eba61a4dffe7c831314708f00b5,false,true
SEC-MEDIA-0004,archive_media_post_republication,The Numamcu Cold War Moves To Bargaining Councils,2013,Daily Maverick,https://www.dailymaverick.co.za/article/2013-04-09-the-numamcu-cold-war-moves-to-bargaining-councils/,retrieved_extracted,,trafilatura,1109,ce1d8527030f3f783b9db790287268e882007cfc31ecd9b9a61446572fe20d68,false,true
DISC-MEDIA-0108,archive_media_post_republication,In Pictures The Children Of Marikana,2013,Daily Maverick,https://www.dailymaverick.co.za/article/2013-04-12-in-pictures-the-children-of-marikana/,retrieved_extracted,,trafilatura,396,f7eebe870a4f8208864e41cac9645c96ca5bc9c830443a1384c4db2ec0eac836,false,true
DISC-MEDIA-0109,archive_media_post_republication,Marikana Commission Continues As Does The Grilling Of Riah Phiyega,2013,Daily Maverick,https://www.dailymaverick.co.za/article/2013-04-17-marikana-commission-continues-as-does-the-grilling-of-riah-phiyega/,retrieved_extracted,,trafilatura,831,4551decb6f74db5409555bea973f34f9298f15434f1faeed7629947748d261df,false,true
DISC-MEDIA-0110,archive_media_post_republication,Marikana Commission Phiyega Not Sure Who Killed The Miners,2013,Daily Maverick,https://www.dailymaverick.co.za/article/2013-04-18-marikana-commission-phiyega-not-sure-who-killed-the-miners/,retrieved_extracted,,trafilatura,812,4b68b0c0ed04d54ae18c74a5a9c0d2c3a44e9d8efa4de4741d2040938fed02c0,false,true
DISC-MEDIA-0111,archive_media_post_republication,Marikana Commission Another I Dont Know Marathon From Riah Phiyega,2013,Daily Maverick,https://www.dailymaverick.co.za/article/2013-04-19-marikana-commission-another-i-dont-know-marathon-from-riah-phiyega/,retrieved_extracted,,trafilatura,937,16599f467e919f402e756b4d4248998cbba0f4fd13e9ac01f816b379ca0e56b8,false,true
DISC-MEDIA-0327,archive_media_post_republication,Boston Exposes Saps Shortfall After Marikana,2013,Daily Maverick,https://www.dailymaverick.co.za/opinionista/2013-04-22-boston-exposes-saps-shortfall-after-marikana/,retrieved_extracted,,trafilatura,1508,3eb2e0b433d6dbc05c1ee722b11adf222fdfc430fdb9ead62d77019194c9caf9,false,true
DISC-MEDIA-0575,archive_media_post_republication,Marikana Tradgedy Has Changed Industry Forever Consultancy,2013,Engineering News,https://www.engineeringnews.co.za/article/marikana-tradgedy-has-changed-industry-forever-consultancy-2013-04-26,retrieved_extracted,,trafilatura,1160,2fae98f8bd2f1d93e13e6f0cf43b10d996e4edb3773075aa72d9e57dabf990af,false,true
DISC-MEDIA-0112,archive_media_post_republication,Police Boss Before Marikana Operation There Will Be Bloodshed,2013,Daily Maverick,https://www.dailymaverick.co.za/article/2013-04-30-police-boss-before-marikana-operation-there-will-be-bloodshed/,retrieved_extracted,,trafilatura,1212,e6a888eed6c84cd1a4bec04bc6e10ff210c5221a87c92e5d1439e6eda74b7dd7,false,true
DISC-MEDIA-0113,archive_media_post_republication,Marikana Unfreedom Day Land Occupation Ends In Violent Workers Day Eviction,2013,Daily Maverick,https://www.dailymaverick.co.za/article/2013-05-02-marikana-unfreedom-day-land-occupation-ends-in-violent-workers-day-eviction/,retrieved_extracted,,trafilatura,1696,03f58b96a26fd0dd460f62e5a70b4c559ada04f26336bdbeae7d5d09c113f99e,false,true
DISC-MEDIA-0114,archive_media_post_republication,Marikana Commission Annandale In The Hot Seat,2013,Daily Maverick,https://www.dailymaverick.co.za/article/2013-05-03-marikana-commission-annandale-in-the-hot-seat/,retrieved_extracted,,trafilatura,745,707ec06f3fddd0b3db9e1fc9c15a70d70adf2f42447a4d962a79d143ea70e3d2,false,true
DISC-MEDIA-0115,archive_media_post_republication,Marikana Commission Mpembe Threatened By Cops For Marikana Deaths,2013,Daily Maverick,https://www.dailymaverick.co.za/article/2013-05-07-marikana-commission-mpembe-threatened-by-cops-for-marikana-deaths/,retrieved_extracted,,trafilatura,711,f4dce0bad4409c40d5c1790efd4da6826133b11c7141f90f9d2bd3126feeef3a,false,true
DISC-MEDIA-0116,archive_media_post_republication,Marikana Commission The Death Toll Mounts,2013,Daily Maverick,https://www.dailymaverick.co.za/article/2013-05-08-marikana-commission-the-death-toll-mounts/,retrieved_extracted,,trafilatura,822,4bd0d24a84b5772f35ed1927df4df46ec30959e4727b8338fe071712de91f27a,false,true
SEC-MEDIA-0241,archive_media_post_republication,Amcu To Submit Labour Demands Directly To Companies,2013,Engineering News,https://www.engineeringnews.co.za/article/amcu-to-submit-labour-demands-directly-to-companies-2013-05-09,retrieved_extracted,,trafilatura,1045,61cc2c095eba4046f871232010974deb11c58c2e6dde542dfa6ae0459b757dd2,false,true
DISC-MEDIA-0530,archive_media_post_republication,Lonmin Welcomes Amcus Referral Of Union Negotiations To Ccma,2013,Engineering News,https://www.engineeringnews.co.za/article/lonmin-welcomes-amcus-referral-of-union-negotiations-to-ccma-2013-05-09,retrieved_extracted,,trafilatura,500,ad7f983ee38c20a8a323ffc69fdc730ce61afa06de2a18c6505dcf871eda4256,false,true
DISC-MEDIA-0481,archive_media_post_republication,Lonmin Raises Full Year Output Guidance To 700 000 Oz,2013,Engineering News,https://www.engineeringnews.co.za/article/lonmin-raises-full-year-output-guidance-to-700-000-oz-2013-05-13,retrieved_extracted,,trafilatura,1270,0ffca231a23cddbde00ebdc7a147d09f703a52ad06e7ce9750a08ff6498caddb,false,true
DISC-MEDIA-0117,archive_media_post_republication,Marikana Fear And Terror At The Unions Battlefield,2013,Daily Maverick,https://www.dailymaverick.co.za/article/2013-05-14-marikana-fear-and-terror-at-the-unions-battlefield/,retrieved_extracted,,trafilatura,2474,5cd221e31cb86450c173df5089eb7b3f05056cd458a88cdadbc739edeb91e950,false,true
SEC-MEDIA-0005,archive_media_post_republication,Negotiating Season Amcus Headache Mathunjwas Migraine,2013,Daily Maverick,https://www.dailymaverick.co.za/article/2013-05-14-negotiating-season-amcus-headache-mathunjwas-migraine/,retrieved_extracted,,trafilatura,1281,86a11b6058d2a7551a80eac73209ecde588dce3c8226f51cf8f8353ef58bfd5a,false,true
DISC-MEDIA-0328,archive_media_post_republication,Marikana A Downward Spiral,2013,Daily Maverick,https://www.dailymaverick.co.za/opinionista/2013-05-14-marikana-a-downward-spiral/,retrieved_extracted,,trafilatura,1214,1e0ef290c2d7535f7da253d76ba3a03df5923e71c7404ab91353fb3b6562283f,false,true
DISC-MEDIA-0687,archive_media_post_republication,Workers At Lonmin Operations On Wildcat Strike,2013,Engineering News,https://www.engineeringnews.co.za/article/workers-at-lonmin-operations-on-wildcat-strike-2013-05-14,retrieved_extracted,,trafilatura,349,2574c114a495fe74af0445700dc8e8b37ba0f1f8424e68a40987f8483d92c415,false,true
DISC-MEDIA-0540,archive_media_post_republication,Lonmins Strike Ends Amplats Braced For Trouble,2013,Engineering News,https://www.engineeringnews.co.za/article/lonmins-strike-ends-amplats-braced-for-trouble-2013-05-16,retrieved_extracted,,trafilatura,587,46dd18ed607f1f8d27a4851bc09c7ea8f013b1f87054e2fd47686e17540f1455,false,true
DISC-MEDIA-0584,archive_media_post_republication,Ministers To Visit Marikana,2013,Engineering News,https://www.engineeringnews.co.za/article/ministers-to-visit-marikana-2013-05-16,retrieved_extracted,,trafilatura,641,87e6125bf1cc5f114f898e1c3a614298930cb3868fffae85d746158c218a6e6d,false,true
SEC-MEDIA-0233,archive_media_post_republication,Amcu Threatens To Bring South Africa To Standstill,2013,Engineering News,https://www.engineeringnews.co.za/article/amcu-threatens-to-bring-south-africa-to-standstill-2013-05-17,retrieved_extracted,,trafilatura,938,c98c43c3aae2343549e05d79706daa27661d4610231db6bcd40db5be421de81f,false,true
DISC-MEDIA-0329,archive_media_post_republication,Welcome To Marikana Cape Town,2013,Daily Maverick,https://www.dailymaverick.co.za/opinionista/2013-05-22-welcome-to-marikana-cape-town/,retrieved_extracted,,trafilatura,1224,6ee460213753281f17fafa583f0fd8a9cb1276530d20966d9c9efbd3fedeb6da,false,true
DISC-MEDIA-0420,archive_media_post_republication,Lonmin Amcu Fail To Reach Agreement On Union Recognition,2013,Engineering News,https://www.engineeringnews.co.za/article/lonmin-amcu-fail-to-reach-agreement-on-union-recognition-2013-05-22,retrieved_extracted,,trafilatura,571,21effcbc4f0af8a30d20560227ea1541117d4a2c433f6e2b81191e5695cd4075,false,true
DISC-MEDIA-0591,archive_media_post_republication,Num Has Until July To Regain Majority At Lonmin,2013,Engineering News,https://www.engineeringnews.co.za/article/num-has-until-july-to-regain-majority-at-lonmin-2013-05-29,retrieved_extracted,,trafilatura,602,15764e7804957d07838be7660a1fdc3d5fb449ac46fa81c8bfa017bfc60889f7,false,true
DISC-MEDIA-0119,archive_media_post_republication,Num Amcu Marikana Tis The Season To Be Bloody,2013,Daily Maverick,https://www.dailymaverick.co.za/article/2013-06-04-num-amcu-marikana-tis-the-season-to-be-bloody/,retrieved_extracted,,trafilatura,1785,00172246851c260d8081b8bf7f0161e0f964817696cedb552c384c762ab0d1c2,false,true
DISC-MEDIA-0371,archive_media_post_republication,Amcu Threatens To Strike At Lonmin Operations,2013,Engineering News,https://www.engineeringnews.co.za/article/amcu-threatens-to-strike-at-lonmin-operations-2013-06-06,retrieved_extracted,,trafilatura,606,aef0547eebff22a93149ccb8c07948357409fa59d8781c07a796fcbe8587f52a,false,true
DISC-MEDIA-0120,archive_media_post_republication,Back To Square One Another Lonmin Strike Looms,2013,Daily Maverick,https://www.dailymaverick.co.za/article/2013-06-07-back-to-square-one-another-lonmin-strike-looms/,retrieved_extracted,,trafilatura,1137,7f4f0859a2a67528b3b4690d62734a7e8d71f1afd0489064de1f5576a871bd10,false,true
DISC-MEDIA-0121,archive_media_post_republication,The Other Marikana,2013,Daily Maverick,https://www.dailymaverick.co.za/article/2013-06-21-the-other-marikana/,retrieved_extracted,,trafilatura,769,66e2445fd9b643643a647bf7fba81d59e148933934922c38cb5ac3eae4de1de3,false,true
SEC-MEDIA-0184,archive_media_post_republication,Amcu Outdoes Num Demands 150 Pay Rise For Entry Level Gold Miners,2013,Engineering News,https://www.engineeringnews.co.za/article/amcu-outdoes-num-demands-150-pay-rise-for-entry-level-gold-miners-2013-06-25,retrieved_extracted,,trafilatura,1356,3406e448a293626ade1b3e1351faf4a36a7c315c4bdb366cc8af802e24e201c6,false,true
DISC-MEDIA-0495,archive_media_post_republication,Lonmin Says Amcu Arbitration Postponed Until July,2013,Engineering News,https://www.engineeringnews.co.za/article/lonmin-says-amcu-arbitration-postponed-until-july-2013-06-26,retrieved_extracted,,trafilatura,465,851d383de9758bcf554140dda5ef72541e6a27f98c3a6f805d324a7087769473,false,true
SEC-MEDIA-0007,archive_media_post_republication,Agreement For A Sustainable Mining Industry Amcu Needs More Time,2013,Daily Maverick,https://www.dailymaverick.co.za/article/2013-07-04-agreement-for-a-sustainable-mining-industry-amcu-needs-more-time/,retrieved_extracted,,trafilatura,1053,82f84f7e6ee78e9c786ed2908907e6dacbe1093d126c0145b87552408ad5d4d4,false,true
DISC-MEDIA-0497,archive_media_post_republication,Lonmin Says Num Brings Court Application Date Set For July 10,2013,Engineering News,https://www.engineeringnews.co.za/article/lonmin-says-num-brings-court-application-date-set-for-july-10-2013-07-08,retrieved_extracted,,trafilatura,711,ebb01e1b5edc3d819a02927cdbc8f2bdb73739a60afd2cb4f5060c3708193b9e,false,true
DISC-MEDIA-0122,archive_media_post_republication,As Farlam Returns The Truth About The Massacre Remains A Distant Perhaps Impossible Goal,2013,Daily Maverick,https://www.dailymaverick.co.za/article/2013-07-12-as-farlam-returns-the-truth-about-the-massacre-remains-a-distant-perhaps-impossible-goal/,retrieved_extracted,,trafilatura,2169,c8ce23703e564806b6dfaeb743f5fd48cf1a8dffc47143e322b71f9cd7fea38a,false,true
DISC-MEDIA-0123,archive_media_post_republication,The Truth Endangered Miners Representatives Withdraw From Farlam Commission,2013,Daily Maverick,https://www.dailymaverick.co.za/article/2013-07-18-the-truth-endangered-miners-representatives-withdraw-from-farlam-commission/,retrieved_extracted,,trafilatura,997,3e9e88cd26440ed9328d428dbd8f0ce056ae4dd3a66e4cd57eeff80bb2b882ea,false,true
DISC-MEDIA-0124,archive_media_post_republication,The Issue Of Marikana Commission Funding Could Go To Constitutional Court,2013,Daily Maverick,https://www.dailymaverick.co.za/article/2013-07-19-the-issue-of-marikana-commission-funding-could-go-to-constitutional-court/,retrieved_extracted,,trafilatura,490,de68053c03be3aedc6fa3602878a16065f322781cb2df2f2b7fd259c838ddaf6,false,true
DISC-MEDIA-0330,archive_media_post_republication,Marikana Commission More Questions Than Answers,2013,Daily Maverick,https://www.dailymaverick.co.za/opinionista/2013-08-01-marikana-commission-more-questions-than-answers/,retrieved_extracted,,trafilatura,1136,afe6e832c9f5945f443cf693a503a5adec07d15d2a79d9e0da05633f6aa9cedb,false,true
DISC-MEDIA-0125,archive_media_post_republication,Another Week Another Murder In Marikana,2013,Daily Maverick,https://www.dailymaverick.co.za/article/2013-08-13-another-week-another-murder-in-marikana/,retrieved_extracted,,trafilatura,512,a0789293b0bf4de6b77f6db96519ec9584ad9e8d8cc5471c036d27075290208d,false,true
DISC-MEDIA-0126,archive_media_post_republication,Marikana Prepares To Honour The Fallen,2013,Daily Maverick,https://www.dailymaverick.co.za/article/2013-08-14-marikana-prepares-to-honour-the-fallen/,retrieved_extracted,,trafilatura,1058,1c47f07e40fceb504da22de711ca1eaa406184f9f25eb8bbbb71554b79fc890d,false,true
DISC-MEDIA-0331,archive_media_post_republication,2014 The Marikana Vote,2013,Daily Maverick,https://www.dailymaverick.co.za/opinionista/2013-08-15-2014-the-marikana-vote/,retrieved_extracted,,trafilatura,1045,8ff61fadd1e8ec7defa9a40cc24c7cd5af7adfcc6dd1ae59b31e864a201a390c,false,true
DISC-MEDIA-0127,archive_media_post_republication,Images Of Marikana August 16 2013,2013,Daily Maverick,https://www.dailymaverick.co.za/article/2013-08-16-images-of-marikana-august-16-2013/,retrieved_extracted,,trafilatura,424,2d083b93f1cad979de785a9b8d68ab20eec0069503490df5b87dee361b255bd5,false,true
DISC-MEDIA-0128,archive_media_post_republication,Marikana The Lives Of Others,2013,Daily Maverick,https://www.dailymaverick.co.za/article/2013-08-16-marikana-the-lives-of-others/,retrieved_extracted,,trafilatura,1170,49670a937a30f510a956112d90ee944eb3e7e39c4c83c327ae3291af4106b5ff,false,true
DISC-MEDIA-0129,archive_media_post_republication,Marikana To Anc We Dont Want You Anyway,2013,Daily Maverick,https://www.dailymaverick.co.za/article/2013-08-16-marikana-to-anc-we-dont-want-you-anyway/,retrieved_extracted,,trafilatura,826,e40732cf3d9a4040c7756ab7a85a63e3647038f240631a00e6fc86b730cecacc,false,true
DISC-MEDIA-0130,archive_media_post_republication,Marikana Healing Sans Government The Anc Or Num,2013,Daily Maverick,https://www.dailymaverick.co.za/article/2013-08-19-marikana-healing-sans-government-the-anc-or-num/,retrieved_extracted,,trafilatura,1073,1491e41c8857d005f22bdcad7251dac19b637e13497cba996b8bb80f0da04b50,false,true
DISC-MEDIA-0131,archive_media_post_republication,When Theatre Met The Marikana Massacre,2013,Daily Maverick,https://www.dailymaverick.co.za/article/2013-08-21-when-theatre-met-the-marikana-massacre/,retrieved_extracted,,trafilatura,978,c5c001ff50db2b7fca915f3bf1ae541ef09c785baa05d031e7da02432e317048,false,true
DISC-MEDIA-0332,archive_media_post_republication,Is There Hope For The Marikana Commission,2013,Daily Maverick,https://www.dailymaverick.co.za/opinionista/2013-08-23-is-there-hope-for-the-marikana-commission/,retrieved_extracted,,trafilatura,1257,bcdb544cc71ae1a4b156807847d6d44cc43479ee69989d0397d17e770378e4f5,false,true
DISC-MEDIA-0132,archive_media_post_republication,Citizens4Marikana Crowdfunding For Miners Legal Fees,2013,Daily Maverick,https://www.dailymaverick.co.za/article/2013-08-28-citizens4marikana-crowdfunding-for-miners-legal-fees/,retrieved_extracted,,trafilatura,1525,f414fef09bbd47580051da66352b4bd6aacae9e2d961afb7062f89f81420e5f5,false,true
DISC-MEDIA-0333,archive_media_post_republication,The Marikana Commission Funding Farce An Injustice To Citizens,2013,Daily Maverick,https://www.dailymaverick.co.za/opinionista/2013-08-30-the-marikana-commission-funding-farce-an-injustice-to-citizens/,retrieved_extracted,,trafilatura,769,297b49c076d858dcffdf02a0a08c3152f63d1347305a7420ea427974ca58277d,false,true
DISC-MEDIA-0625,archive_media_post_republication,Sa Mining Challenges About Far More Than Marikana Migrant Labour Manuel,2013,Engineering News,https://www.engineeringnews.co.za/article/sa-mining-challenges-about-far-more-than-marikana-migrant-labour-manuel-2013-08-30,retrieved_extracted,,trafilatura,1006,26ff2d1de374a170e399ba3d7c32595be9fc554eecff0d9cd65261307911efb7,false,true
DISC-MEDIA-0631,archive_media_post_republication,Several Labour Lessons Learnt From Marikana Tragedy Mpofu,2013,Engineering News,https://www.engineeringnews.co.za/article/several-labour-lessons-learnt-from-marikana-tragedy-mpofu-2013-09-04,retrieved_extracted,,trafilatura,777,98e759f4784c6d977f9e6f00953a67e51919f7aa5df733f64e369249d89e07f8,false,true
SEC-MEDIA-0008,archive_media_post_republication,All That Glitters Compromises In Gold Strike Amcu Claims Conspiracy,2013,Daily Maverick,https://www.dailymaverick.co.za/article/2013-09-05-all-that-glitters-compromises-in-gold-strike-amcu-claims-conspiracy/,retrieved_extracted,,trafilatura,1053,43c9944e28289ead1a4744cead7616d66af621a70d8de0b26672fed07befb0b9,false,true
DISC-MEDIA-0133,archive_media_post_republication,Marikana Injured Step Up Their Fight For Legal Help And Ultimately Farlam Commissions Relevance,2013,Daily Maverick,https://www.dailymaverick.co.za/article/2013-09-06-marikana-injured-step-up-their-fight-for-legal-help-and-ultimately-farlam-commissions-relevance/,retrieved_extracted,,trafilatura,953,2aec945c8b55e03b828669907151d012c19d2ed2e7beaa7210572d4a8527d323,false,true
DISC-MEDIA-0134,archive_media_post_republication,Cyril Remember Marikana,2013,Daily Maverick,https://www.dailymaverick.co.za/article/2013-09-11-cyril-remember-marikana/,retrieved_extracted,,trafilatura,785,e2ebe4a23e446c2501516ad1303b8f27af48bd7e957b1e006b096e28071daf87,false,true
DISC-MEDIA-0135,archive_media_post_republication,Marikana Police Lied Faked Farlam Commission Evidence,2013,Daily Maverick,https://www.dailymaverick.co.za/article/2013-09-20-marikana-police-lied-faked-farlam-commission-evidence/,retrieved_extracted,,trafilatura,698,69f696909bf5c7eb81017cf6173715142cc0034b18fc1520a79b9d8243c90833,false,true
SEC-MEDIA-0327,archive_media_post_republication,False Evidence By Saps To Implicate Amcu In Threats To Kill Police Officers,2013,Engineering News,https://www.engineeringnews.co.za/article/false-evidence-by-saps-to-implicate-amcu-in-threats-to-kill-police-officers-2013-09-23,retrieved_extracted,,trafilatura,697,2afaefc3aad78138d55c55881de21742c05ee9ee738e9518de84f4dddf5ce5df,false,true
DISC-MEDIA-0136,archive_media_post_republication,Marikana Malemas 2014 Battle Begins,2013,Daily Maverick,https://www.dailymaverick.co.za/article/2013-10-14-marikana-malemas-2014-battle-begins/,retrieved_extracted,,trafilatura,822,8104269ffdf05888b8c6f997b756d61997ff2ba2f24bc1f41e1e08d645cd4bf6,false,true
DISC-MEDIA-0137,archive_media_post_republication,Marikana Commission Chronicle Of Death Foretold And Planned For By Saps,2013,Daily Maverick,https://www.dailymaverick.co.za/article/2013-10-15-marikana-commission-chronicle-of-death-foretold-and-planned-for-by-saps/,retrieved_extracted,,trafilatura,872,1345c64e94df144d8249719ecdb89fd0c656203b4f0c9fa10f1ee8c69d98330f,false,true
DISC-MEDIA-0138,archive_media_post_republication,The State Vs The People Vs The Police Finally Court Victory For Marikana Survivors,2013,Daily Maverick,https://www.dailymaverick.co.za/article/2013-10-15-the-state-vs-the-people-vs-the-police-finally-court-victory-for-marikana-survivors/,retrieved_extracted,,trafilatura,1718,adb2c3e6b66adb2a2276dc85d1c89b342c3c302d6c2dc67a9e46666bbe17b68f,false,true
DISC-MEDIA-0659,archive_media_post_republication,Solidarity Rejects Lonmin Wage Offer,2013,Engineering News,https://www.engineeringnews.co.za/article/solidarity-rejects-lonmin-wage-offer-2013-10-31,retrieved_extracted,,trafilatura,738,b70c3cdf7bf325451ee4b104d5cd823696c58bd9e30cf2a12836c4af4d43eed7,false,true
DISC-MEDIA-0139,archive_media_post_republication,Marikana Massacre 55 Seconds Later Cease Fire What Cease Fire,2013,Daily Maverick,https://www.dailymaverick.co.za/article/2013-11-06-marikana-massacre-55-seconds-later-cease-fire-what-cease-fire/,retrieved_extracted,,trafilatura,1166,874ba5599d1d174c165a7924058286204fcd476f41e1e250c69ee9c9b385749d,false,true
DISC-MEDIA-0503,archive_media_post_republication,Lonmin Share Price Rises As Company Reports Higher Fy Production Earnings,2013,Engineering News,https://www.engineeringnews.co.za/article/lonmin-share-price-rises-as-company-reports-higher-fy-production-earnings-2013-11-11,retrieved_extracted,,trafilatura,847,6c62d28c8f99b54860e9d6f8f035443885952acdb2322a55abf2982372bd9d78,false,true
DISC-MEDIA-0140,archive_media_post_republication,Seris Fight For Justice And Reconciliation From The Trc To Farlam,2013,Daily Maverick,https://www.dailymaverick.co.za/article/2013-11-28-seris-fight-for-justice-and-reconciliation-from-the-trc-to-farlam/,retrieved_extracted,,trafilatura,1387,6753608df4729e3e9251dd39fb7f9109c38b7733a12cad8906a62eb9b587ee51,false,true
SEC-MEDIA-0372,archive_media_post_republication,Implats Says Amcu Wage Talks To Resume In 2014,2013,Engineering News,https://www.engineeringnews.co.za/article/implats-says-amcu-wage-talks-to-resume-in-2014-2013-12-12,retrieved_extracted,,trafilatura,651,bbbcdb8157abc33dd53eb4bc219c9a613c994ff2e583f87344c89e8db6e4ced0,false,true
SEC-MEDIA-0010,archive_media_post_republication,Platinum Politics Under Pressure To Deliver Amcu Shifts To Damage Control,2014,Daily Maverick,https://www.dailymaverick.co.za/article/2014-01-14-platinum-politics-under-pressure-to-deliver-amcu-shifts-to-damage-control/,retrieved_extracted,,trafilatura,772,9bbc79964d4a49dfaa2043ae3b5b7ca8e9b1b1b45ca6067cd6c17520e17ee073,false,true
SEC-MEDIA-0198,archive_media_post_republication,Amcu Reiterates Implats Strike Threat,2014,Engineering News,https://www.engineeringnews.co.za/article/amcu-reiterates-implats-strike-threat-2014-01-15,retrieved_extracted,,trafilatura,508,09aac28e2f451ec7fdb64eaae3693aedac81eed676c657209856627f82a127ec,false,true
SEC-MEDIA-0229,archive_media_post_republication,Amcu Strike Extends To The Gold Sector As Strike Notices Issued,2014,Engineering News,https://www.engineeringnews.co.za/article/amcu-strike-extends-to-the-gold-sector-as-strike-notices-issued-2014-01-20,retrieved_extracted,,trafilatura,679,2638b635896bbdb91e5fead6aa79eb28261c6069432be5bf811d8098a4ecf653,false,true
SEC-MEDIA-1029,archive_media_post_republication,Third Amcu Strike Will Lift Number Of Striking Workers To 80 000 Union,2014,Engineering News,https://www.engineeringnews.co.za/article/third-amcu-strike-will-lift-number-of-striking-workers-to-80-000-union-2014-01-20,retrieved_extracted,,trafilatura,820,83c5e6feb75e32c36caf98bc37e57f362991a902a26ce510088e2d6c0e52de05,false,true
SEC-MEDIA-0011,archive_media_post_republication,Platinum Strikes To Amcu Its About More Than Just The Money,2014,Daily Maverick,https://www.dailymaverick.co.za/article/2014-01-22-platinum-strikes-to-amcu-its-about-more-than-just-the-money/,retrieved_extracted,,trafilatura,1086,34eda634062f9d4a8123c520c1d0c8f5c4dbb081b673f2ed69c258c2e82db07f,false,true
SEC-MEDIA-0389,archive_media_post_republication,Labour Court Puts Temporary Hold On Amcus Planned Gold Strike,2014,Engineering News,https://www.engineeringnews.co.za/article/labour-court-puts-temporary-hold-on-amcus-planned-gold-strike-2014-01-22,retrieved_extracted,,trafilatura,705,1fa6940b2187fccb25612c306a5f7bd68cc4a9151e2a0f19fc265bf742160daf,false,true
DISC-MEDIA-0142,archive_media_post_republication,Amcu At Marikana Malibelinye Linye Asiye In One Voice We Are Not Going,2014,Daily Maverick,https://www.dailymaverick.co.za/article/2014-01-24-amcu-at-marikana-malibelinye-linye-asiye-in-one-voice-we-are-not-going/,retrieved_extracted,,trafilatura,350,d5e831213c2ae1a9974975f89c5c4b94dc84ff3ac82727f4d20b451bbd756dbe,false,true
SEC-MEDIA-0293,archive_media_post_republication,Ccma Facilitated Talks Continue Constructively Amcu Expects New Offer,2014,Engineering News,https://www.engineeringnews.co.za/article/ccma-facilitated-talks-continue-constructively-amcu-expects-new-offer-2014-01-28,retrieved_extracted,,trafilatura,623,211671589395777d587a888e62a9f1de53e263aa4d5802b710f9fc71304b43c1,false,true
SEC-MEDIA-0012,archive_media_post_republication,Amcu Holds Firm On Platinum Strike,2014,Daily Maverick,https://www.dailymaverick.co.za/article/2014-01-30-amcu-holds-firm-on-platinum-strike/,retrieved_extracted,,trafilatura,879,a3a7b841371a194086d2508c3a48bd00004a0fd8f998f91fbab954ab31787599,false,true
DISC-MEDIA-0512,archive_media_post_republication,Lonmin Takes Stock Highlights Focus On Improving Living Conditions,2014,Engineering News,https://www.engineeringnews.co.za/article/lonmin-takes-stock-highlights-focus-on-improving-living-conditions-2014-02-04,retrieved_extracted,,trafilatura,789,00a642c1da7c5a657b1fda1c31e7781b0e21611edb2101c4bc34886dc73a3076,false,true
SEC-MEDIA-0493,archive_media_post_republication,Platinum Strikes Costing Sa R400 Milion A Day,2014,Engineering News,https://www.engineeringnews.co.za/article/platinum-strikes-costing-sa-r400-milion-a-day-2014-02-04,retrieved_extracted,,trafilatura,752,3337b5b1086afc9af4884c940ca7ede333c5e07d1949a5837d5fd34e4c3c4766,false,true
DISC-MEDIA-0143,archive_media_post_republication,Higher Stocks Give Lonmin Breathing Space During Strike,2014,Daily Maverick,https://www.dailymaverick.co.za/article/2014-02-05-higher-stocks-give-lonmin-breathing-space-during-strike/,retrieved_extracted,,trafilatura,633,76c52e9433770fa9ebbbac6a21af7d798500550b959e72717dfb3499a3df09d3,false,true
SEC-MEDIA-0178,archive_media_post_republication,Amcu Miner Shot Dead In Limpopo Amplats,2014,Engineering News,https://www.engineeringnews.co.za/article/amcu-miner-shot-dead-in-limpopo-amplats-2014-02-10,retrieved_extracted,,trafilatura,630,7c050c1131b3a0481b31a9cad8b593c765bd007115bab7c15cfccbcef3d15a4a,false,true
SEC-MEDIA-0516,archive_media_post_republication,Sa Platinum Firms To Meet Mediators Tuesday Amcu,2014,Engineering News,https://www.engineeringnews.co.za/article/sa-platinum-firms-to-meet-mediators-tuesday-amcu-2014-02-10,retrieved_extracted,,trafilatura,498,0d09b66aa0df4baad7b604fd5aaef1c06963220935a72f47190cd4be90af9c8f,false,true
SEC-MEDIA-0228,archive_media_post_republication,Amcu Strike Could Force Closure Of Platinum Companies Warns Uasa,2014,Engineering News,https://www.engineeringnews.co.za/article/amcu-strike-could-force-closure-of-platinum-companies-warns-uasa-2014-02-12,retrieved_extracted,,trafilatura,749,18efc7913660df1120fe2019f12aff458dd65c6386413dd81f4f893d6bd805f2,false,true
SEC-MEDIA-0292,archive_media_post_republication,Ccma Amcu To Meet On Friday,2014,Engineering News,https://www.engineeringnews.co.za/article/ccma-amcu-to-meet-on-friday-2014-02-13,retrieved_extracted,,trafilatura,416,3c2c25879c56d95b3cbf567261acb2ae1c200ab10825acf461dcb997f4bee454,false,true
SEC-MEDIA-0317,archive_media_post_republication,Dol Denies Amcu Deregistration Claims,2014,Engineering News,https://www.engineeringnews.co.za/article/dol-denies-amcu-deregistration-claims-2014-02-13,retrieved_extracted,,trafilatura,632,0af90e474a523ef1fef1687971e36b2d8bd8613df25a4a1953ea97b53cc0e99e,false,true
SEC-MEDIA-0147,archive_media_post_republication,Amcu Ccma Talks Postponed Until Monday,2014,Engineering News,https://www.engineeringnews.co.za/article/amcu-ccma-talks-postponed-until-monday-2014-02-14,retrieved_extracted,,trafilatura,392,85185f2b1821b3c3e429fd9a8e1f6333891c157f3809133ea7e475dcf9f4b6a2,false,true
SEC-MEDIA-0265,archive_media_post_republication,Amplats Sues Amcu Union For Platinum Strike Damages,2014,Engineering News,https://www.engineeringnews.co.za/article/amplats-sues-amcu-union-for-platinum-strike-damages-2014-02-17,retrieved_extracted,,trafilatura,837,b998368ce54e97fa506969bf29b389d85f3a4724549641adce544a2adfd6cb8e,false,true
SEC-MEDIA-1044,archive_media_post_republication,Unions Slate Amplats State For Legal Attacks On Amcu,2014,Engineering News,https://www.engineeringnews.co.za/article/unions-slate-amplats-state-for-legal-attacks-on-amcu-2014-02-19,retrieved_extracted,,trafilatura,640,667c49d988cdd7fa6fc1c8d65fe2c21a3475837af262fef61d72fdffa26b7957,false,true
SEC-MEDIA-0254,archive_media_post_republication,Amcu Willing To Move On Wage Demands Wants To Negotiate Directly With Ceos,2014,Engineering News,https://www.engineeringnews.co.za/article/amcu-willing-to-move-on-wage-demands-wants-to-negotiate-directly-with-ceos-2014-02-20,retrieved_extracted,,trafilatura,957,4b759b2b255eb9ea52c0b91b151422b09baa851af8f4a843a38b156eb123687e,false,true
SEC-MEDIA-0524,archive_media_post_republication,Shabangu Denies Encouraging Amplats To Sue Amcu,2014,Engineering News,https://www.engineeringnews.co.za/article/shabangu-denies-encouraging-amplats-to-sue-amcu-2014-02-21,retrieved_extracted,,trafilatura,936,ccda67f9a42e7f9a0d22aee67d0fc5014189f5215db119cd63dd6dfeccb66b23,false,true
DISC-MEDIA-0144,archive_media_post_republication,Marikana Commission The Long Game Reveals Itself,2014,Daily Maverick,https://www.dailymaverick.co.za/article/2014-02-25-marikana-commission-the-long-game-reveals-itself/,retrieved_extracted,,trafilatura,1480,0524d92badc91d6a2d42100eeee11c3aca62c0f5299702ac2dcc6539b7aaa00c,false,true
DISC-MEDIA-0448,archive_media_post_republication,Lonmin Denies Media Claims Of Rebuff By Marikana Community Over Equity,2014,Engineering News,https://www.engineeringnews.co.za/article/lonmin-denies-media-claims-of-rebuff-by-marikana-community-over-equity-2014-02-28,retrieved_extracted,,trafilatura,495,249fd01693a318c77ce65d6c616df268a6d45c79a2e0a6e06fcc7d404d74e6c8,false,true
SEC-MEDIA-0475,archive_media_post_republication,Platinum Bosses Plead With Amcu To Return To Work,2014,Engineering News,https://www.engineeringnews.co.za/article/platinum-bosses-plead-with-amcu-to-return-to-work-2014-02-28,retrieved_extracted,,trafilatura,1528,68da58dafc3a6fa2ed2633f7d04a16b9cbc2bbf018f361b5cf503dfc565ddfdb,false,true
SEC-MEDIA-0483,archive_media_post_republication,Platinum Producers Amcu To Resume Talks On Monday,2014,Engineering News,https://www.engineeringnews.co.za/article/platinum-producers-amcu-to-resume-talks-on-monday-2014-02-28,retrieved_extracted,,trafilatura,386,21a495c0d9f5a15cf3b18a31219db6a2fb70eb9ec5aec1f4da8ac99936aa8ee4,false,true
SEC-MEDIA-0206,archive_media_post_republication,Amcu Revised Demand Still Unaffordable,2014,Engineering News,https://www.engineeringnews.co.za/article/amcu-revised-demand-still-unaffordable-2014-03-05,retrieved_extracted,,trafilatura,561,7defcc8b2336eda46fbac7b2cfee56a59515bf883caa5f9156150372804ab3d4,false,true
SEC-MEDIA-0013,archive_media_post_republication,Platinum Strike The Negotiation Tables Depressing Emptiness,2014,Daily Maverick,https://www.dailymaverick.co.za/article/2014-03-06-platinum-strike-the-negotiation-tables-depressing-emptiness/,retrieved_extracted,,trafilatura,786,772403d2dc6df01a39fd9f311743e6905b8ee89a64bf7f21f21dd3f0450eaa53,false,true
SEC-MEDIA-0014,archive_media_post_republication,In Pictures Amcu Takes To The Union Buildings,2014,Daily Maverick,https://www.dailymaverick.co.za/article/2014-03-07-in-pictures-amcu-takes-to-the-union-buildings/,retrieved_extracted,,trafilatura,285,c5884445173a98d1653e1fff3f50f845061dd471576caac845e51d55844c315e,false,true
SEC-MEDIA-0015,archive_media_post_republication,Amcus Mathunjwa Last Six Weeks Of Platinum Strike Was Like A Warm Up,2014,Daily Maverick,https://www.dailymaverick.co.za/article/2014-03-11-amcus-mathunjwa-last-six-weeks-of-platinum-strike-was-like-a-warm-up/,retrieved_extracted,,trafilatura,1539,c92bf18b0a31093aa0894226a9010edc21de1896d323da13d812c7d7fa5e28bb,false,true
SEC-MEDIA-0236,archive_media_post_republication,Amcu To March To Amplats Offices On Tuesday,2014,Engineering News,https://www.engineeringnews.co.za/article/amcu-to-march-to-amplats-offices-on-tuesday-2014-03-17,retrieved_extracted,,trafilatura,629,5634a003c6617618ad8c1caa6ecebeb741b089a1c28b9b05f38dad2f989e1bf4,false,true
SEC-MEDIA-0385,archive_media_post_republication,Labour Court Amcu Gold Strike Return Date Postponed,2014,Engineering News,https://www.engineeringnews.co.za/article/labour-court-amcu-gold-strike-return-date-postponed-2014-03-17,retrieved_extracted,,trafilatura,463,c5717f6432be00b773b7153a36c3b168170ab905dd371db91ac3a773991d3c4f,false,true
SEC-MEDIA-0016,archive_media_post_republication,Amcu Takes Platinum Fight To Heart Of Amplats,2014,Daily Maverick,https://www.dailymaverick.co.za/article/2014-03-19-amcu-takes-platinum-fight-to-heart-of-amplats/,retrieved_extracted,,trafilatura,1545,f38f92c2951fac80f4fb991b79b9e905fb72e95d1762639d6b595f247bc0ff0a,false,true
SEC-MEDIA-0519,archive_media_post_republication,Safrica Deputy President To Meet Mining Firms Unions As Platinum Strike Drags On,2014,Engineering News,https://www.engineeringnews.co.za/article/safrica-deputy-president-to-meet-mining-firms-unions-as-platinum-strike-drags-on-2014-03-24,retrieved_extracted,,trafilatura,681,aeceb8879d4752f8b15454f27c87fca0fb325747ca8a9448fc699b0663e66923,false,true
SEC-MEDIA-0017,archive_media_post_republication,Platinum Strikes Two Months Into Starving Negotiations,2014,Daily Maverick,https://www.dailymaverick.co.za/article/2014-03-26-platinum-strikes-two-months-into-starving-negotiations/,retrieved_extracted,,trafilatura,1089,0f6051d993140762773f056ad111dc9a99641fd7686fc8b303c2a92e6de1c50f,false,true
SEC-MEDIA-0322,archive_media_post_republication,Eff Supports Amcu Strike,2014,Engineering News,https://www.engineeringnews.co.za/article/eff-supports-amcu-strike-2014-03-26,retrieved_extracted,,trafilatura,840,2b71ac83065237866dd26cbdbedfc0c5f12b1f900868f0784b98255d7a1300fc,false,true
DISC-MEDIA-0145,archive_media_post_republication,Marikana Commission A Cop Who Stands For Truth And Accountability,2014,Daily Maverick,https://www.dailymaverick.co.za/article/2014-03-27-marikana-commission-a-cop-who-stands-for-truth-and-accountability/,retrieved_extracted,,trafilatura,1781,fd1bb4606825594ba26531ccb1f1072485c6f5f4cdd5268f46b94ad2f8b6a63d,false,true
SEC-MEDIA-0150,archive_media_post_republication,Amcu Coal Gold Strike Not Approved Nedlac,2014,Engineering News,https://www.engineeringnews.co.za/article/amcu-coal-gold-strike-not-approved-nedlac-2014-03-28,retrieved_extracted,,trafilatura,582,24e14fa3bb73e264e65afe1ebc9e569556f8ada15561cdc5f422038eb0446a65,false,true
DISC-MEDIA-0146,archive_media_post_republication,Marikana Commission Phase Two The Big Picture,2014,Daily Maverick,https://www.dailymaverick.co.za/article/2014-03-31-marikana-commission-phase-two-the-big-picture/,retrieved_extracted,,trafilatura,961,233c9357505010d49dccad2e5b5124c3590829f3bbf76f69131a22105bddf890,false,true
SEC-MEDIA-0018,archive_media_post_republication,Platinum Strike Miners Share Their Ordeal,2014,Daily Maverick,https://www.dailymaverick.co.za/article/2014-04-04-platinum-strike-miners-share-their-ordeal/,retrieved_extracted,,trafilatura,1172,d87b6f34a2d5f84dfd3fc60114e4ed5c74e1ff74bbdc45fdb88ac405141c4ad5,false,true
DISC-MEDIA-0147,archive_media_post_republication,Marikana Commission Phase Two Migrancy,2014,Daily Maverick,https://www.dailymaverick.co.za/article/2014-04-10-marikana-commission-phase-two-migrancy/,retrieved_extracted,,trafilatura,1044,2bf97e01fd4876380fcbbc33567558ded5388425ece34862ce405f3421c12133,false,true
DISC-MEDIA-0148,archive_media_post_republication,Will Marikanas Mr X Be A Game Changer,2014,Daily Maverick,https://www.dailymaverick.co.za/article/2014-04-15-will-marikanas-mr-x-be-a-game-changer/,retrieved_extracted,,trafilatura,2369,273b0db51341b59e72b0a0a31817b4975ea188d2003a0dea9f0815b43d7b3bf3,false,true
SEC-MEDIA-0019,archive_media_post_republication,Platinum Strikes Discussions To Determine Platinum Belt Amcus Future,2014,Daily Maverick,https://www.dailymaverick.co.za/article/2014-04-23-platinum-strikes-discussions-to-determine-platinum-belt-amcus-future/,retrieved_extracted,,trafilatura,1111,201908b8111714eb5f779e41a5414053ed2a80622aecee197528a5305f670187,false,true
SEC-MEDIA-0489,archive_media_post_republication,Platinum Strike Slashes Amplats Q1 Output By 39,2014,Engineering News,https://www.engineeringnews.co.za/article/platinum-strike-slashes-amplats-q1-output-by-39-2014-04-24,retrieved_extracted,,trafilatura,969,3d01941d7620179f43582242f7ad0d13f1ab99f43df82b1b6b3b22f2ede99c19,false,true
SEC-MEDIA-0520,archive_media_post_republication,Safricas Amcu Says Wage Offer May Not Be Ready For Vote,2014,Engineering News,https://www.engineeringnews.co.za/article/safricas-amcu-says-wage-offer-may-not-be-ready-for-vote-2014-04-24,retrieved_extracted,,trafilatura,409,ee2ebaa13d733f7e503fd52a5827d4aeb8952905ac2093748ed3b94fdc0060c3,false,true
DISC-MEDIA-0149,archive_media_post_republication,A Luta Continua Amcu Decides In Zuma Free Marikana,2014,Daily Maverick,https://www.dailymaverick.co.za/article/2014-04-30-a-luta-continua-amcu-decides-in-zuma-free-marikana/,retrieved_extracted,,trafilatura,1017,f3c8fc21d17e981dd5faa7e1c5243faaaaffa12a1a4b82d8d74ea064ebbc9a76,false,true
DISC-MEDIA-0150,archive_media_post_republication,Khayelitsha May Day Rally Silence On Zuma Nkandla And Marikana Not So On Enemies Of The Revolution,2014,Daily Maverick,https://www.dailymaverick.co.za/article/2014-05-02-khayelitsha-may-day-rally-silence-on-zuma-nkandla-and-marikana-not-so-on-enemies-of-the-revolution/,retrieved_extracted,,trafilatura,1593,6a15e412c441408d89864d92e99df304d1c9107d077bd73631762bff257b5902,false,true
DISC-MEDIA-0386,archive_media_post_republication,Community Lonmin To Pursue Equity Trust For Development,2014,Engineering News,https://www.engineeringnews.co.za/article/community-lonmin-to-pursue-equity-trust-for-development-2014-05-02,retrieved_extracted,,trafilatura,389,305620600bc5c46d3eebbc85b4fe87fbabff9cd448f00e8109a650988a2bb54a,false,true
SEC-MEDIA-0437,archive_media_post_republication,No Current Negotiations After Amcu Members Resoundingly Rejected Latest Offer Mathunjwa,2014,Engineering News,https://www.engineeringnews.co.za/article/no-current-negotiations-after-amcu-members-resoundingly-rejected-latest-offer-mathunjwa-2014-05-05,retrieved_extracted,,trafilatura,1389,e9d9c16aedb1a91bd536935f6f38342fbd101d6c2fd70e0ea91f39f78b184c3d,false,true
DISC-MEDIA-0151,archive_media_post_republication,Elections In Marikana The Mining Belt Makes Its Mark In Pictures,2014,Daily Maverick,https://www.dailymaverick.co.za/article/2014-05-07-elections-in-marikana-the-mining-belt-makes-its-mark-in-pictures/,retrieved_extracted,,trafilatura,122,4dd581d3b519f48f927b49015654a236978665746115dc65d73cd30e2a876f4c,false,true
SEC-MEDIA-0497,archive_media_post_republication,Producers To Oppose Amcu Direct Communication Court Application,2014,Engineering News,https://www.engineeringnews.co.za/article/producers-to-oppose-amcu-direct-communication-court-application-2014-05-14,retrieved_extracted,,trafilatura,762,576fc0a2dcac06fe7b5d5ddd3bcfd042d2aae883acb3dc160e8edc7cb3bf286f,false,true
DISC-MEDIA-0152,archive_media_post_republication,Marikana Commission Man And His Truth A Story Of The Policemen Who Was Not Afraid,2014,Daily Maverick,https://www.dailymaverick.co.za/article/2014-05-15-marikana-commission-man-and-his-truth-a-story-of-the-policemen-who-was-not-afraid/,retrieved_extracted,,trafilatura,3660,f36e386da42755916e6dee502ee45d07f44fc38ab1282241ec70a5f8182997bd,false,true
DISC-MEDIA-0153,archive_media_post_republication,Platinum Strikes The Marikana Standoff Continues,2014,Daily Maverick,https://www.dailymaverick.co.za/article/2014-05-15-platinum-strikes-the-marikana-standoff-continues/,retrieved_extracted,,trafilatura,1164,e45c7adb4253829849d0308e1dbd34382f3908b1c93f9f53cd4e385857387130,false,true
DISC-MEDIA-0154,archive_media_post_republication,Marikana Commission All For Nought,2014,Daily Maverick,https://www.dailymaverick.co.za/article/2014-05-19-marikana-commission-all-for-nought/,retrieved_extracted,,trafilatura,753,551763d048bff0779b6f459644d413f2b1b03e26a0566b46656663abfdacab42,false,true
DISC-MEDIA-0518,archive_media_post_republication,Lonmin To Oppose Amcu Labour Court Interdict,2014,Engineering News,https://www.engineeringnews.co.za/article/lonmin-to-oppose-amcu-labour-court-interdict-2014-05-19,retrieved_extracted,,trafilatura,793,f1b454e73e779a0624625df019f8cea5e1e575c01b91e38260b25d3b942e4df5,false,true
SEC-MEDIA-0429,archive_media_post_republication,Nedlac Wants Platinum Strike Resolved,2014,Engineering News,https://www.engineeringnews.co.za/article/nedlac-wants-platinum-strike-resolved-2014-05-19,retrieved_extracted,,trafilatura,603,7eba0933e2a94500acde869fe16a8e07479ffdb480a5607a7a5f05502c67f1a4,false,true
SEC-MEDIA-0020,archive_media_post_republication,Platinum Strikes Lets See Yo Cards Boys,2014,Daily Maverick,https://www.dailymaverick.co.za/article/2014-05-20-platinum-strikes-lets-see-yo-cards-boys/,retrieved_extracted,,trafilatura,1073,7e3b345498e471ec56b705db0d7b973a1d0eb11ebe9effefbe5cd69f112bf304,false,true
SEC-MEDIA-0482,archive_media_post_republication,Platinum Producers Amcu Agree To Labour Court Mediation,2014,Engineering News,https://www.engineeringnews.co.za/article/platinum-producers-amcu-agree-to-labour-court-mediation-2014-05-20,retrieved_extracted,,trafilatura,491,699e109a9373ab26d37f2afdd9e2b807a0e9f090a6086cff6c996a633dfbb405,false,true
SEC-MEDIA-0194,archive_media_post_republication,Amcu Producers Optimistic About Talks,2014,Engineering News,https://www.engineeringnews.co.za/article/amcu-producers-optimistic-about-talks-2014-05-21,retrieved_extracted,,trafilatura,621,b0fa950ed07cc84c99f944cea9234e06f847427c1b7ef818d33d1dfa7bbe76bd,false,true
SEC-MEDIA-0490,archive_media_post_republication,Platinum Strike Threatens Contractor Longevity,2014,Engineering News,https://www.engineeringnews.co.za/article/platinum-strike-threatens-contractor-longevity-2014-05-23,retrieved_extracted,,trafilatura,1027,845e3d8b139cf3369408d75418b1dda2793008e83d03d61d1304f70661851413,false,true
DISC-MEDIA-0155,archive_media_post_republication,A Roadshow Like No Other Striking Marikana Miners Looking To Win Hearts And Minds,2014,Daily Maverick,https://www.dailymaverick.co.za/article/2014-05-26-a-roadshow-like-no-other-striking-marikana-miners-looking-to-win-hearts-and-minds/,retrieved_extracted,,trafilatura,1264,7e698819bb7341e5d2f5ce056ae000350e18900285b0d42c7b6a94c0883408f9,false,true
SEC-MEDIA-0021,archive_media_post_republication,Platinum Strikes Hope For The Next Step But Which Way,2014,Daily Maverick,https://www.dailymaverick.co.za/article/2014-05-27-platinum-strikes-hope-for-the-next-step-but-which-way/,retrieved_extracted,,trafilatura,1210,99aa9ba7eac229e51f0750f025723b69f2d3093a804d7d50255ad7c29543ee95,false,true
SEC-MEDIA-0425,archive_media_post_republication,Minister Sets Up Technical Team To Resolve Platinum Strike,2014,Engineering News,https://www.engineeringnews.co.za/article/minister-sets-up-technical-team-to-resolve-platinum-strike-2014-05-28,retrieved_extracted,,trafilatura,562,c7f437ddc36911cd9323347db4db15df7041e998232e8f8b0805ca22867139f8,false,true
DISC-MEDIA-0334,archive_media_post_republication,When The New Repeats The Old Marikana Haunts New Zuma Cabinet,2014,Daily Maverick,https://www.dailymaverick.co.za/opinionista/2014-05-29-when-the-new-repeats-the-old-marikana-haunts-new-zuma-cabinet/,retrieved_extracted,,trafilatura,982,ad60abfaf0bc02ca00f51440080a543d464241d128bb081ddbea5327c5aa1c03,false,true
SEC-MEDIA-0258,archive_media_post_republication,Amplats Implats Refute Amcu Tax Wage Evasion Claims,2014,Engineering News,https://www.engineeringnews.co.za/article/amplats-implats-refute-amcu-tax-wage-evasion-claims-2014-05-30,retrieved_extracted,,trafilatura,647,e8224d93031acaa2fb45db4da4c01c137401f12633025471e7011b5f112362fe,false,true
SEC-MEDIA-0022,archive_media_post_republication,Platinum Strikes The Battle Intensifies,2014,Daily Maverick,https://www.dailymaverick.co.za/article/2014-06-02-platinum-strikes-the-battle-intensifies/,retrieved_extracted,,trafilatura,1214,32cb88d8c5fdd1bf42fbc5309d0bffc0f48a515f49b512f93c6389f96543f083,false,true
SEC-MEDIA-0392,archive_media_post_republication,Labour Court Rules Against Amcu,2014,Engineering News,https://www.engineeringnews.co.za/article/labour-court-rules-against-amcu-2014-06-02,retrieved_extracted,,trafilatura,575,8a35146aa8094a6280982413d469783da8519babe042317460f30ca9dc8d143e,false,true
SEC-MEDIA-0477,archive_media_post_republication,Platinum Companies Considering Amcus Latest Wage Proposal,2014,Engineering News,https://www.engineeringnews.co.za/article/platinum-companies-considering-amcus-latest-wage-proposal-2014-06-04,retrieved_extracted,,trafilatura,764,bd673d60d3409275bb9c28cbdf494fe1814b111ea6d7dc52e2785fd76a3bb6fb,false,true
SEC-MEDIA-0622,archive_media_post_republication,Sibanye Eyes Platinum Opportunities As Sector Overdue For Consolidation,2014,Engineering News,https://www.engineeringnews.co.za/article/sibanye-eyes-platinum-opportunities-as-sector-overdue-for-consolidation-2014-06-04,retrieved_extracted,,trafilatura,807,648a2b0ad8c033baefb345bfc0ef6eed585d0accdddacdcc412133f0ef226aad,false,true
SEC-MEDIA-0169,archive_media_post_republication,Amcu Labour Case In Court,2014,Engineering News,https://www.engineeringnews.co.za/article/amcu-labour-case-in-court-2014-06-05,retrieved_extracted,,trafilatura,560,38b9c39d11555daab6b47cd5adb2c42710f7146befb425384000a0d7e172ae5d,false,true
SEC-MEDIA-0024,archive_media_post_republication,Amcu Strike Ramathlodis Platinum Team Fizzles,2014,Daily Maverick,https://www.dailymaverick.co.za/article/2014-06-09-amcu-strike-ramathlodis-platinum-team-fizzles/,retrieved_extracted,,trafilatura,1439,03d2086f28838ea1005b75f2b03df22b0c950a52ab7d3a6da4390a405bef3cd2,false,true
SEC-MEDIA-0025,archive_media_post_republication,Platinum Strike Ramatlhodi Out No End In Sight Whats Next,2014,Daily Maverick,https://www.dailymaverick.co.za/article/2014-06-09-platinum-strike-ramatlhodi-out-no-end-in-sight-whats-next/,retrieved_extracted,,trafilatura,964,3aff22d9856479bdedee4497fdafffdc98a7443e6dbae84c234cf446724d04ff,false,true
SEC-MEDIA-0280,archive_media_post_republication,As Stakeholders Negotiate Platinum Strike Costs Rise,2014,Engineering News,https://www.engineeringnews.co.za/article/as-stakeholders-negotiate-platinum-strike-costs-rise-2014-06-09,retrieved_extracted,,trafilatura,591,fc7baf429f25e6781e1869569c2311d658f082423e2eeb1c0c76af64881830e5,false,true
SEC-MEDIA-0424,archive_media_post_republication,Minister Pleads For Resolution At Mondays Platinum Strike Meeting,2014,Engineering News,https://www.engineeringnews.co.za/article/minister-pleads-for-resolution-at-mondays-platinum-strike-meeting-2014-06-09,retrieved_extracted,,trafilatura,672,e8ff98ebbf2f38e25a8a4056cd97aace98d5bab805b0aa16016c86d7b0ae6402,false,true
SEC-MEDIA-0026,archive_media_post_republication,Platinum Strike Mining Minister Claims Hollow Victory,2014,Daily Maverick,https://www.dailymaverick.co.za/article/2014-06-11-platinum-strike-mining-minister-claims-hollow-victory/,retrieved_extracted,,trafilatura,1173,dcecda83247c3923fef670f6f16a4577fa0c0d4ac3577479894f1e0575c9086d,false,true
SEC-MEDIA-0027,archive_media_post_republication,Platinum Strike Wages Politics And The Ancs False Boogeymen,2014,Daily Maverick,https://www.dailymaverick.co.za/article/2014-06-11-platinum-strike-wages-politics-and-the-ancs-false-boogeymen/,retrieved_extracted,,trafilatura,1143,0c9d252476208bd3ab4d704a0917b3cbf135da8f914c24954426ab1c1848e073,false,true
SEC-MEDIA-0028,archive_media_post_republication,Platinum Strike Never Ending Story Set To End,2014,Daily Maverick,https://www.dailymaverick.co.za/article/2014-06-12-platinum-strike-never-ending-story-set-to-end/,retrieved_extracted,,trafilatura,888,347fe91d70398cccc28bd9cf8eab5d8e9cf934482c4cb5c5d52bab995f71cb93,false,true
SEC-MEDIA-0188,archive_media_post_republication,Amcu Platinum Producers Agree On In Principle Undertakings,2014,Engineering News,https://www.engineeringnews.co.za/article/amcu-platinum-producers-agree-on-in-principle-undertakings-2014-06-12,retrieved_extracted,,trafilatura,706,d012da435220aae2ad57557e78b7114e2646a05085351336ee231db7fc3197ac,false,true
DISC-MEDIA-0156,archive_media_post_republication,Marikana Commission When Warning Shots Kill And Wound,2014,Daily Maverick,https://www.dailymaverick.co.za/article/2014-06-17-marikana-commission-when-warning-shots-kill-and-wound/,retrieved_extracted,,trafilatura,3081,2554186a0bd9efdd7f155dc99d684c2fd2c9d6670ac1276498afc5d3d0da0370,false,true
SEC-MEDIA-0417,archive_media_post_republication,Mining Companies Reviewing Amcu Response To Wage Offer,2014,Engineering News,https://www.engineeringnews.co.za/article/mining-companies-reviewing-amcu-response-to-wage-offer-2014-06-17,retrieved_extracted,,trafilatura,491,9f16f109a7f0536b139c1fbe91edf34e68008cd438819d91f7da184abd487721,false,true
SEC-MEDIA-0416,archive_media_post_republication,Mining Companies Meet With Amcu Over New Demands,2014,Engineering News,https://www.engineeringnews.co.za/article/mining-companies-meet-with-amcu-over-new-demands-2014-06-19,retrieved_extracted,,trafilatura,480,bb6b5c77e7c3310e61db5f5997885936425f45769ec9ebbc8a42ef1b135bfe9a,false,true
SEC-MEDIA-0476,archive_media_post_republication,Platinum Companies Amcu Meetings Continue,2014,Engineering News,https://www.engineeringnews.co.za/article/platinum-companies-amcu-meetings-continue-2014-06-20,retrieved_extracted,,trafilatura,683,24c96f98eba7cb53c8e8f71ea84a554207bc9201384e641e90dc418cf78741ca,false,true
SEC-MEDIA-0029,archive_media_post_republication,Platinum Strike No More After Losing R10 6 Billion In Wages Miners Claim Victory,2014,Daily Maverick,https://www.dailymaverick.co.za/article/2014-06-23-platinum-strike-no-more-after-losing-r10-6-billion-in-wages-miners-claim-victory/,retrieved_extracted,,trafilatura,1252,93ef6b2af52ac21f36da73469c7cfc967bd9a4df6b05e5ca8eced7fcdc5096ff,false,true
SEC-MEDIA-0237,archive_media_post_republication,Amcu To Meet With Members To Discuss Companies Response,2014,Engineering News,https://www.engineeringnews.co.za/article/amcu-to-meet-with-members-to-discuss-companies-response-2014-06-23,retrieved_extracted,,trafilatura,548,e051cb6580cc12f274349f6e0c4f74e39892937c42fb2403125918f06a3a7d1f,false,true
SEC-MEDIA-0485,archive_media_post_republication,Platinum Strike Experience Should Strengthen Collective Bargaining Davies,2014,Engineering News,https://www.engineeringnews.co.za/article/platinum-strike-experience-should-strengthen-collective-bargaining-davies-2014-06-24,retrieved_extracted,,trafilatura,658,0de2753fd8869603c9af3ceb118d0a2f964b6a68d00d6d9c7f530fc05fca383e,false,true
DISC-MEDIA-0157,archive_media_post_republication,Marikana Commission Mr X Mr White,2014,Daily Maverick,https://www.dailymaverick.co.za/article/2014-06-26-marikana-commission-mr-x-mr-white/,retrieved_extracted,,trafilatura,1373,1fcda3597d844570d6d8dfa37cff36d459d7dfa839f664907a7d5846a1e2a43d,false,true
SEC-MEDIA-0030,archive_media_post_republication,Groundup Who Won The Platinum Strike The Figures Speak.,2014,Daily Maverick,https://www.dailymaverick.co.za/article/2014-06-27-groundup-who-won-the-platinum-strike-the-figures-speak./,retrieved_extracted,,trafilatura,2015,2aa3ba31272e2191a191a433c3e5ec14424364a9f9e2512a520f93c9c7f00891,false,true
SEC-MEDIA-0031,archive_media_post_republication,Op Ed Amcu Victory Is More Than Just About The Figures,2014,Daily Maverick,https://www.dailymaverick.co.za/article/2014-06-29-op-ed-amcu-victory-is-more-than-just-about-the-figures/,retrieved_extracted,,trafilatura,774,a58257a3728fadf6b5192146d4a982e5a5590571ea38159c7fcc7d75567a71d8,false,true
SEC-MEDIA-0116,archive_media_post_republication,After The Platinum Strike We Dare Not Fail Now,2014,Daily Maverick,https://www.dailymaverick.co.za/opinionista/2014-06-30-after-the-platinum-strike-we-dare-not-fail-now/,retrieved_extracted,,trafilatura,1192,772e671ce3561e28090cccd2e10526a64a18d30ccedebf4f45ef7f69a833e325,false,true
SEC-MEDIA-0117,archive_media_post_republication,Lessons From The Platinum Strike The Poison Of Inequality,2014,Daily Maverick,https://www.dailymaverick.co.za/opinionista/2014-07-01-lessons-from-the-platinum-strike-the-poison-of-inequality/,retrieved_extracted,,trafilatura,1058,5b5f462275232d55803d9262bc35d7fe857fd0188cf29f449214dca75b5476ef,false,true
DISC-MEDIA-0158,archive_media_post_republication,Marikana Commission Mr Xs Testimony Collapses Under Cross Examination,2014,Daily Maverick,https://www.dailymaverick.co.za/article/2014-07-04-marikana-commission-mr-xs-testimony-collapses-under-cross-examination/,retrieved_extracted,,trafilatura,1489,a4cb347a12fcde897a8d9fdf6956d8b26ca161cb2473cd97d3c4389c01415e3d,false,true
DISC-MEDIA-0159,archive_media_post_republication,Daily Vox The Forgotten People Of Marikana,2014,Daily Maverick,https://www.dailymaverick.co.za/article/2014-07-10-daily-vox-the-forgotten-people-of-marikana/,retrieved_extracted,,trafilatura,542,5392b68dc0672f594bf51e8c61ef3d8c6874ffdb6be77efe9e8bff549903bb07,false,true
DISC-MEDIA-0160,archive_media_post_republication,Marikana Commission Mthethwa Chooses Middle Road,2014,Daily Maverick,https://www.dailymaverick.co.za/article/2014-07-15-marikana-commission-mthethwa-chooses-middle-road/,retrieved_extracted,,trafilatura,1374,06593111a456e3da54806d49c5f61954384a32434c4fffde371fea00c9c43b1d,false,true
SEC-MEDIA-0397,archive_media_post_republication,Living Wages Living Allowances And The Platinum Strike,2014,Engineering News,https://www.engineeringnews.co.za/article/living-wages-living-allowances-and-the-platinum-strike-2014-07-18,retrieved_extracted,,trafilatura,1212,72dbc89d5a9f224fe40e8b0bac7a139283502577c6a78f5cd20a883f0164515c,false,true
DISC-MEDIA-0161,archive_media_post_republication,The Buffalo Prince And The Marikana Commission,2014,Daily Maverick,https://www.dailymaverick.co.za/article/2014-08-11-the-buffalo-prince-and-the-marikana-commission/,retrieved_extracted,,trafilatura,1816,38761916c3cde16b80bd97d308b721650f64709a11e941130548356866a074fa,false,true
DISC-MEDIA-0612,archive_media_post_republication,Ramaphosa To Testify At Farlam Commission,2014,Engineering News,https://www.engineeringnews.co.za/article/ramaphosa-to-testify-at-farlam-commission-2014-08-11,retrieved_extracted,,trafilatura,720,d0233456fc103ef28b2705a7bf865468fb1529dde183fb4f11bc69ece770e562,false,true
SEC-MEDIA-0283,archive_media_post_republication,Black Owned Merafes Doubles Earnings Benefits From Platinum Strike,2014,Engineering News,https://www.engineeringnews.co.za/article/black-owned-merafes-doubles-earnings-benefits-from-platinum-strike-2014-08-12,retrieved_extracted,,trafilatura,1191,4243e6cd7fce326231de755a2775f3d4d99739cafbb4a27027f1042934d527b7,false,true
DISC-MEDIA-0162,archive_media_post_republication,Marikana Commission Families Speak,2014,Daily Maverick,https://www.dailymaverick.co.za/article/2014-08-14-marikana-commission-families-speak/,retrieved_extracted,,trafilatura,989,d4de8797dd6d9f731c6c84bdc778c4f0e98bd0c5b2deb9388f152d6181192b8d,false,true
DISC-MEDIA-0163,archive_media_post_republication,Marikana Two Years On Cape Towns Protest Artists Remember The Dead,2014,Daily Maverick,https://www.dailymaverick.co.za/article/2014-08-15-marikana-two-years-on-cape-towns-protest-artists-remember-the-dead/,retrieved_extracted,,trafilatura,1115,9cf6ddb4f49ba7ae6d67b4cf9b55e404ab5a06b60afb404287a9cd592a15329c,false,true
DISC-MEDIA-0164,archive_media_post_republication,Editorial Never Forget Marikana,2014,Daily Maverick,https://www.dailymaverick.co.za/article/2014-08-17-editorial-never-forget-marikana/,retrieved_extracted,,trafilatura,1642,eec1383316fbc70871cf7ac06461c5ea82b9d75f26c889408e18ebf078800a92,false,true
SEC-MEDIA-0235,archive_media_post_republication,Amcu To Fight Amplats Sale,2014,Engineering News,https://www.engineeringnews.co.za/article/amcu-to-fight-amplats-sale-2014-08-18,retrieved_extracted,,trafilatura,589,37a926a86a7484d73e45cb3dd6e857068243d7f9473c969b962fb3eaa93076af,false,true
DISC-MEDIA-0165,archive_media_post_republication,Marikana Where Art Thou,2014,Daily Maverick,https://www.dailymaverick.co.za/article/2014-08-19-marikana-where-art-thou/,retrieved_extracted,,trafilatura,1148,1de955b30631077165e4c12217f5cee4f164ed6915790ee17b463ae6f55a9a49,false,true
SEC-MEDIA-0484,archive_media_post_republication,Platinum Strike Consequences Starting To Take Shape,2014,Engineering News,https://www.engineeringnews.co.za/article/platinum-strike-consequences-starting-to-take-shape-2014-08-22,retrieved_extracted,,trafilatura,1286,bab42885056201948e39fcffe9660aff2a662a49b26a7e1719de6e1303d2e73f,false,true
DISC-MEDIA-0335,archive_media_post_republication,Marikana Not The Place For Political Grandstanding,2014,Daily Maverick,https://www.dailymaverick.co.za/opinionista/2014-08-25-marikana-not-the-place-for-political-grandstanding/,retrieved_extracted,,trafilatura,806,9da601479417fa6c0c730bf77c2ddc27d748e6379e0e1f5b32360c64690abe9e,false,true
DISC-MEDIA-0166,archive_media_post_republication,Marikana Commission Minister Shabangu Cant Act,2014,Daily Maverick,https://www.dailymaverick.co.za/article/2014-08-26-marikana-commission-minister-shabangu-cant-act/,retrieved_extracted,,trafilatura,1195,20cba87c94a33dae70abb76b941ef1f58ee0841a3a31ea880e2c4550c972a000,false,true
DISC-MEDIA-0167,archive_media_post_republication,Marikana When Comrades Clash It Is The Truth That Suffers,2014,Daily Maverick,https://www.dailymaverick.co.za/article/2014-09-01-marikana-when-comrades-clash-it-is-the-truth-that-suffers/,retrieved_extracted,,trafilatura,2293,191fa5cf1e9e860da1f1bddd31d7c50c3311d729f9cd83a438b958e9735a7766,false,true
DISC-MEDIA-0168,archive_media_post_republication,Marikana Commission Lonmin Under A Scorching Spotlight,2014,Daily Maverick,https://www.dailymaverick.co.za/article/2014-09-15-marikana-commission-lonmin-under-a-scorching-spotlight/,retrieved_extracted,,trafilatura,1793,9fb8e05c046785f767f3530defa06a824d71418c411a211831128576201dad58,false,true
DISC-MEDIA-0169,archive_media_post_republication,Marikana Commission Questions Unanswered,2014,Daily Maverick,https://www.dailymaverick.co.za/article/2014-09-17-marikana-commission-questions-unanswered/,retrieved_extracted,,trafilatura,1109,14dae258a5d62507637f2e4fa506c170906873fa2d9f5655ae1965d6d0abd1b9,false,true
DISC-MEDIA-0336,archive_media_post_republication,Without A Trace Lonmins Bermuda Connection,2014,Daily Maverick,https://www.dailymaverick.co.za/opinionista/2014-09-19-without-a-trace-lonmins-bermuda-connection/,retrieved_extracted,,trafilatura,1231,8dc59ef07fd494b4df228baa5f65694b913d0ca32d1d66d53e7f24b45effbbd7,false,true
DISC-MEDIA-0447,archive_media_post_republication,Lonmin Denies Allegations Of Tax Evasion,2014,Engineering News,https://www.engineeringnews.co.za/article/lonmin-denies-allegations-of-tax-evasion-2014-09-23,retrieved_extracted,,trafilatura,668,43b730a22dbe6edd88d5a64bd15847102a109b4b88627098845bc46e3e079491,false,true
DISC-MEDIA-0170,archive_media_post_republication,Marikana Sceptical Miners Await An End To The Farlam Commission,2014,Daily Maverick,https://www.dailymaverick.co.za/article/2014-09-25-marikana-sceptical-miners-await-an-end-to-the-farlam-commission/,retrieved_extracted,,trafilatura,1022,ad6ee619b3c8c04872ce16891d5b10885fa327a764bd985778f9a0dc5064b834,false,true
SEC-MEDIA-0492,archive_media_post_republication,Platinum Strikers Could Have Shot Themselves In The Foot,2014,Engineering News,https://www.engineeringnews.co.za/article/platinum-strikers-could-have-shot-themselves-in-the-foot-2014-09-26,retrieved_extracted,,trafilatura,992,0d86b0b364f3713aa14654ab51985948be59920f76038c70d43b4c7c3762c66d,false,true
DISC-MEDIA-0171,archive_media_post_republication,Marikana The Musical A Tale Of Democracys Pitfalls,2014,Daily Maverick,https://www.dailymaverick.co.za/article/2014-10-09-marikana-the-musical-a-tale-of-democracys-pitfalls/,retrieved_extracted,,trafilatura,805,d83fbd5a8bfe766a7cbb884575501d13234e16c34669627ff95645a0d06c865d,false,true
DISC-MEDIA-0172,archive_media_post_republication,Marikana Dont Touch Lonmin On Its Bermuda,2014,Daily Maverick,https://www.dailymaverick.co.za/article/2014-10-12-marikana-dont-touch-lonmin-on-its-bermuda/,retrieved_extracted,,trafilatura,1369,a49692b7fb4ee4c2ec694b2ed3e046c7463c736f784a0875f66ce7660926dd6e,false,true
DISC-MEDIA-0173,archive_media_post_republication,Marikana The List Of Accused,2014,Daily Maverick,https://www.dailymaverick.co.za/article/2014-10-31-marikana-the-list-of-accused/,retrieved_extracted,,trafilatura,1534,cb2d40e57468919e84b4b4824933a798b4bbaeb938f5ec61c20158b5265671df,false,true
DISC-MEDIA-0174,archive_media_post_republication,Marikana How The Police Constructed Their Story,2014,Daily Maverick,https://www.dailymaverick.co.za/article/2014-11-05-marikana-how-the-police-constructed-their-story/,retrieved_extracted,,trafilatura,723,9ac96d67a5bf2608769e0c5efad6d229527a309e5f9c461a1663c668ef9b638f,false,true
DISC-MEDIA-0175,archive_media_post_republication,Marikana Lonmins Broken Promises,2014,Daily Maverick,https://www.dailymaverick.co.za/article/2014-11-05-marikana-lonmins-broken-promises/,retrieved_extracted,,trafilatura,597,60cb3d9254e7e7337e758879274b8f85b4957b3dbcaab5c8c83cf7079474a801,false,true
DISC-MEDIA-0176,archive_media_post_republication,Marikana Phiyega Not Fit For Office,2014,Daily Maverick,https://www.dailymaverick.co.za/article/2014-11-05-marikana-phiyega-not-fit-for-office/,retrieved_extracted,,trafilatura,764,4488f56e50a582254c2f7c3f5f5d2d9d1ca134d7f5536bf0d4212c4f5213df84,false,true
DISC-MEDIA-0177,archive_media_post_republication,Marikana Time To Meet The Commissioners,2014,Daily Maverick,https://www.dailymaverick.co.za/article/2014-11-07-marikana-time-to-meet-the-commissioners/,retrieved_extracted,,trafilatura,1358,58006e43bfb13dfa804ee849a245a596043bda91ceedf133f8713d4802dd082a,false,true
DISC-MEDIA-0178,archive_media_post_republication,Marikana Commission Ramaphosa Mpofus Number One,2014,Daily Maverick,https://www.dailymaverick.co.za/article/2014-11-13-marikana-commission-ramaphosa-mpofus-number-one/,retrieved_extracted,,trafilatura,1324,a040a78f306819f21f3a8f9b0f295d4db22040e7be83a8776c8c3cfef4f60ab5,false,true
DISC-MEDIA-0179,archive_media_post_republication,Marikana Commission Compensate The Relatives,2014,Daily Maverick,https://www.dailymaverick.co.za/article/2014-11-14-marikana-commission-compensate-the-relatives/,retrieved_extracted,,trafilatura,1329,bd230b2b93765d0b75b398f7b8a21571991c4d76b71ff427b29a58210c9954c2,false,true
DISC-MEDIA-0180,archive_media_post_republication,The Closing Of The Marikana Commission The Thin Blue Lie,2014,Daily Maverick,https://www.dailymaverick.co.za/article/2014-11-18-the-closing-of-the-marikana-commission-the-thin-blue-lie/,retrieved_extracted,,trafilatura,1609,fe070568471090676eca82193c76d5b2810fcc6a94b566aa051c7959ca9aa647,false,true
DISC-MEDIA-0181,archive_media_post_republication,Op Ed After Marikana Commission What Now,2014,Daily Maverick,https://www.dailymaverick.co.za/article/2014-11-26-op-ed-after-marikana-commission-what-now/,retrieved_extracted,,trafilatura,1931,c0c280e95598daa50b34d98909b86a147b9b8d14766b69688677c80a626d9872,false,true
DISC-MEDIA-0436,archive_media_post_republication,Lonmin Communities Celebrate Conclusion Of Bee Deals,2014,Engineering News,https://www.engineeringnews.co.za/article/lonmin-communities-celebrate-conclusion-of-bee-deals-2014-12-04,retrieved_extracted,,trafilatura,977,e68aa60fff2d7ed3d79938495f817abb2d69e1397dfcef3c0a9a591e111bb312,false,true
DISC-MEDIA-0433,archive_media_post_republication,Lonmin Closes Bee Equity Gap,2014,Engineering News,https://www.engineeringnews.co.za/article/lonmin-closes-bee-equity-gap-2014-12-05,retrieved_extracted,,trafilatura,574,babae38c15649751a3416732387d60a64c123ee576443580408fbc964537222a,false,true
SEC-MEDIA-0033,archive_media_post_republication,Mining And Money Sibanyes Struggle To Avoid A Repeat Of History,2015,Daily Maverick,https://www.dailymaverick.co.za/article/2015-03-16-mining-and-money-sibanyes-struggle-to-avoid-a-repeat-of-history/,retrieved_extracted,,trafilatura,1423,41cef8b6b65ffd4549d131f37cc9332bb4c0cb0d9ec867bb8113c42ef136d7e6,false,true
DISC-MEDIA-0389,archive_media_post_republication,Community Members Challenge Legality Of R564M Lonmin Bee Deal,2015,Engineering News,https://www.engineeringnews.co.za/article/community-members-challenge-legality-of-r564m-lonmin-bee-deal-2015-03-17,retrieved_extracted,,trafilatura,1025,c0435d67c6d8eb88ff198fdbbd014d50ec5ee82f2976825323b26db1006f095d,false,true
DISC-MEDIA-0182,archive_media_post_republication,Marikana Report Time For Justice But Will Phiyega Be Fired,2015,Daily Maverick,https://www.dailymaverick.co.za/article/2015-03-31-marikana-report-time-for-justice-but-will-phiyega-be-fired/,retrieved_extracted,,trafilatura,2028,eabcb5bc57083ebd41807fe6264b8a6ba2f34e6858db8b5dd5acc69d83c7e84b,false,true
DISC-MEDIA-0338,archive_media_post_republication,Post Marikana Sa Birthing The New Student Politics,2015,Daily Maverick,https://www.dailymaverick.co.za/opinionista/2015-04-07-post-marikana-sa-birthing-the-new-student-politics/,retrieved_extracted,,trafilatura,1270,f7e657517d373af5385ae86ad881cb0d593e463957500dcb31bc8f9a940c164a,false,true
DISC-MEDIA-0339,archive_media_post_republication,Rhodeshasfallen But Dont Forget Marikana Xenophobia Poverty,2015,Daily Maverick,https://www.dailymaverick.co.za/opinionista/2015-04-09-rhodeshasfallen-but-dont-forget-marikana-xenophobia-poverty/,retrieved_extracted,,trafilatura,918,f004e7be62fc7f5142d05a186f21be316dd9145e342d73fe415bc0e64b019a98,false,true
DISC-MEDIA-0183,archive_media_post_republication,Open Letter To President Zuma From The Marikana Support Campaign,2015,Daily Maverick,https://www.dailymaverick.co.za/article/2015-05-06-open-letter-to-president-zuma-from-the-marikana-support-campaign/,retrieved_extracted,,trafilatura,825,fb9a64bf892266d2e15bb5137b3fea1b7d644dcbf314d83187337ad79861f066,false,true
DISC-MEDIA-0449,archive_media_post_republication,Lonmin Discussing Cost Reductions For Sake Of Company Employees,2015,Engineering News,https://www.engineeringnews.co.za/article/lonmin-discussing-cost-reductions-for-sake-of-company-employees-2015-05-07,retrieved_extracted,,trafilatura,577,6c1b4e2131c2ae34ad63cf30481a13474b50000c84d8de2a20b0a8c56645bc7c,false,true
DISC-MEDIA-0595,archive_media_post_republication,Num To Fight Lonmin Job Losses,2015,Engineering News,https://www.engineeringnews.co.za/article/num-to-fight-lonmin-job-losses-2015-05-08,retrieved_extracted,,trafilatura,611,b250656bd53c5fc97abea0a09d45ef1b4b64fcac541e6ba5b2936842a8395577,false,true
DISC-MEDIA-0609,archive_media_post_republication,President Zuma To Release Marikana Report To The Public In Due Course,2015,Engineering News,https://www.engineeringnews.co.za/article/president-zuma-to-release-marikana-report-to-the-public-in-due-course-2015-05-11,retrieved_extracted,,trafilatura,500,d1e27e23ed3d4091c8acbe38d97cf1c89adb35abcac8685a727fbfd8c5f67bba,false,true
DISC-MEDIA-0184,archive_media_post_republication,Marikana Massacre Pressure Continues While The President Considers Report,2015,Daily Maverick,https://www.dailymaverick.co.za/article/2015-05-12-marikana-massacre-pressure-continues-while-the-president-considers-report/,retrieved_extracted,,trafilatura,1154,60cc434506e622d5e8822c74786ed7efb85e9e2161eec5a136334c876e83c492,false,true
DISC-MEDIA-0185,archive_media_post_republication,Another Perfect Storm Will Marikana Be Zumas New Nkandla,2015,Daily Maverick,https://www.dailymaverick.co.za/article/2015-05-15-another-perfect-storm-will-marikana-be-zumas-new-nkandla/,retrieved_extracted,,trafilatura,1407,17ccc56d9b71388fc1a7f96405244610534b302569aa19d819f8b93afb57e090,false,true
DISC-MEDIA-0186,archive_media_post_republication,Marikana Report In The Hands Of God And Zuma,2015,Daily Maverick,https://www.dailymaverick.co.za/article/2015-05-25-marikana-report-in-the-hands-of-god-and-zuma/,retrieved_extracted,,trafilatura,1175,58df196bfe241a87280aff49655cdc031f0a61f41e3a80ef3e71428a31a00104,false,true
DISC-MEDIA-0569,archive_media_post_republication,Marikana Miners Go To Court To Force Zuma To Release Report,2015,Engineering News,https://www.engineeringnews.co.za/article/marikana-miners-go-to-court-to-force-zuma-to-release-report-2015-05-25,retrieved_extracted,,trafilatura,761,9c6f36f17c09419ca92da2a742c33de7650f97d95beed52d1b28c8b71cec3567,false,true
DISC-MEDIA-0608,archive_media_post_republication,Presidency Rejects Marikana Lawyers Claims,2015,Engineering News,https://www.engineeringnews.co.za/article/presidency-rejects-marikana-lawyers-claims-2015-05-25,retrieved_extracted,,trafilatura,907,2ec0673c5138ea61c597d276f7d8ea17cc94fe137dbdd94384c480b4483afec7,false,true
DISC-MEDIA-0187,archive_media_post_republication,Marikana Report Coming To Court,2015,Daily Maverick,https://www.dailymaverick.co.za/article/2015-05-26-marikana-report-coming-to-court/,retrieved_extracted,,trafilatura,872,8e5fa412f895b6b6fdb4b207bf38359e5ff513ded3d4a899c03ff2ea154e692e,false,true
DISC-MEDIA-0188,archive_media_post_republication,Parliament Diary Placards A Date For The Marikana Report And An F Bomb,2015,Daily Maverick,https://www.dailymaverick.co.za/article/2015-05-26-parliament-diary-placards-a-date-for-the-marikana-report-and-an-f-bomb/,retrieved_extracted,,trafilatura,1229,69eebf878ff7602272e4d64e6eb33cfc4f34fe61233b5907b59be1221e277bb1,false,true
DISC-MEDIA-0689,archive_media_post_republication,Zuma Promises To Release Marikana Report,2015,Engineering News,https://www.engineeringnews.co.za/article/zuma-promises-to-release-marikana-report-2015-05-26,retrieved_extracted,,trafilatura,442,6fcc1cb2aeb96830a8994a302ce6f1432880df764e6083fb6c76295d00a50f37,false,true
DISC-MEDIA-0340,archive_media_post_republication,Marikana The Breakdown In More Ways Than One,2015,Daily Maverick,https://www.dailymaverick.co.za/opinionista/2015-06-02-marikana-the-breakdown-in-more-ways-than-one/,retrieved_extracted,,trafilatura,1557,944cc74f52b3c897fe12b4698806a8ec2600589a8c60cf7266d6a78a3d43d7f9,false,true
DISC-MEDIA-0189,archive_media_post_republication,Marikana Report Court Papers Filed,2015,Daily Maverick,https://www.dailymaverick.co.za/article/2015-06-03-marikana-report-court-papers-filed/,retrieved_extracted,,trafilatura,853,2bab232b9a9c9057cca0d1d7e795ba598321496fc36e3ef7493800ac7dd1cd9c,false,true
DISC-MEDIA-0415,archive_media_post_republication,Legal Action Looming Over Marikana Report,2015,Engineering News,https://www.engineeringnews.co.za/article/legal-action-looming-over-marikana-report-2015-06-03,retrieved_extracted,,trafilatura,528,9292e69d5293035b35826acc76b9e0ea717ad8949f728cbba08472bad7e57f49,false,true
DISC-MEDIA-0190,archive_media_post_republication,Marikana Report The Pain While President Zuma Applies His Mind,2015,Daily Maverick,https://www.dailymaverick.co.za/article/2015-06-08-marikana-report-the-pain-while-president-zuma-applies-his-mind/,retrieved_extracted,,trafilatura,907,cff80b847a2ce0d94e10eee6fcb8767e990d6f495ffa9bfc668516dc57131f9a,false,true
DISC-MEDIA-0393,archive_media_post_republication,Court To Hear Urgent Marikana Application,2015,Engineering News,https://www.engineeringnews.co.za/article/court-to-hear-urgent-marikana-application-2015-06-08,retrieved_extracted,,trafilatura,807,75c133f718eb597b2f6845c1b812b6927426b69c7334f51afe77e6c5b8059794,false,true
DISC-MEDIA-0414,archive_media_post_republication,Judge To Take Time To Consider Judgment On Marikana Report,2015,Engineering News,https://www.engineeringnews.co.za/article/judge-to-take-time-to-consider-judgment-on-marikana-report-2015-06-09,retrieved_extracted,,trafilatura,794,91e3281bf966ceb079ffc65d09fbc9f144cd960d1d0a45a79c53c3202734b0d0,false,true
DISC-MEDIA-0387,archive_media_post_republication,Community Members Accelerate Bid Against Key R564M Lonmin Bee Deal,2015,Engineering News,https://www.engineeringnews.co.za/article/community-members-accelerate-bid-against-key-r564m-lonmin-bee-deal-2015-06-11,retrieved_extracted,,trafilatura,1305,facf30d00fda7365fe0fffdaf42b1654e65b3eb46a2dc9a6325e69695446d161,false,true
DISC-MEDIA-0553,archive_media_post_republication,Marikana Application Dismissed,2015,Engineering News,https://www.engineeringnews.co.za/article/marikana-application-dismissed-2015-06-15,retrieved_extracted,,trafilatura,700,a4cee567135b1995792f0a7bc66cd42762240315588210d2c172cc705dc40ef2,false,true
DISC-MEDIA-0465,archive_media_post_republication,Lonmin Launches Youth Training Programme,2015,Engineering News,https://www.engineeringnews.co.za/article/lonmin-launches-youth-training-programme-2015-06-19,retrieved_extracted,,trafilatura,414,a67f0521e173107a1cad2d949a83099f3c23a305a0e7861ab916768441b98654,false,true
DISC-MEDIA-0598,archive_media_post_republication,Opposition Parties Condemn Zumas Defence On Marikana Cops,2015,Engineering News,https://www.engineeringnews.co.za/article/opposition-parties-condemn-zumas-defence-on-marikana-cops-2015-06-24,retrieved_extracted,,trafilatura,834,5f90b39db206f18abc48e7c1e527747c3d22e9f21ee1d99011891aeefe851888,false,true
DISC-MEDIA-0191,archive_media_post_republication,Marikana The Day President Zuma Added Insult To Injury,2015,Daily Maverick,https://www.dailymaverick.co.za/article/2015-06-25-marikana-the-day-president-zuma-added-insult-to-injury/,retrieved_extracted,,trafilatura,960,03ddd7a2a088b16d8632766d74f989761bfd3df9522232278c874c049891c501,false,true
DISC-MEDIA-0690,archive_media_post_republication,Zuma Set To Release Marikana Report On Thursday,2015,Engineering News,https://www.engineeringnews.co.za/article/zuma-set-to-release-marikana-report-on-thursday-2015-06-25,retrieved_extracted,,trafilatura,430,3b38e414bd433ab189a80ce0adc812449da4391dec761ea65a029d44a1806c8f,false,true
DISC-MEDIA-0192,archive_media_post_republication,Marikana Report The Continuing Injustice For The People Of A Lesser God,2015,Daily Maverick,https://www.dailymaverick.co.za/article/2015-06-26-marikana-report-the-continuing-injustice-for-the-people-of-a-lesser-god/,retrieved_extracted,,trafilatura,1700,c12ce0b18d7681c184954ad07d11331d15f6a2ac4d1be17b3c2905c6da5794fa,false,true
DISC-MEDIA-0341,archive_media_post_republication,Judge Farlams Accidental Massacre,2015,Daily Maverick,https://www.dailymaverick.co.za/opinionista/2015-06-26-judge-farlams-accidental-massacre/,retrieved_extracted,,trafilatura,1167,c08685106af0758e709a413f7b2abbf9c0223765d08bbba72f5d3b600ea40c14,false,true
DISC-MEDIA-0385,archive_media_post_republication,Commission Of Inquiry Into The Marikana Massacre Outcomes,2015,Engineering News,https://www.engineeringnews.co.za/article/commission-of-inquiry-into-the-marikana-massacre-outcomes-2015-06-26,retrieved_extracted,,trafilatura,317,59cfba9527d24fd21649620ca83d9b32407c3fb3e76e6f3cb68962f2beb31c8e,false,true
DISC-MEDIA-0555,archive_media_post_republication,Marikana Commission Findings To Be Implemented Zuma,2015,Engineering News,https://www.engineeringnews.co.za/article/marikana-commission-findings-to-be-implemented-zuma-2015-06-26,retrieved_extracted,,trafilatura,502,b0ad86063b5f6bc94b4352b07bac377172085cc9e2f35fea668f477cd2fcb593,false,true
DISC-MEDIA-0193,archive_media_post_republication,Marikana Report Aftermath This Is Too Painful,2015,Daily Maverick,https://www.dailymaverick.co.za/article/2015-06-29-marikana-report-aftermath-this-is-too-painful/,retrieved_extracted,,trafilatura,874,37c605a11742e9ab6af8dedb12c91be382608b08f653d18fe28d3d91040bc986,false,true
DISC-MEDIA-0194,archive_media_post_republication,Op Ed In The Shadow Of Marikana A Lost Opportunity For Justice,2015,Daily Maverick,https://www.dailymaverick.co.za/article/2015-06-29-op-ed-in-the-shadow-of-marikana-a-lost-opportunity-for-justice/,retrieved_extracted,,trafilatura,1914,db8927b4f0e6a54c2fa0fb0a20a35eb7e0937959e3af6100f287dd3e67a83010,false,true
DISC-MEDIA-0342,archive_media_post_republication,South Africa Post Marikana Report Still Waiting For Leadership,2015,Daily Maverick,https://www.dailymaverick.co.za/opinionista/2015-06-29-south-africa-post-marikana-report-still-waiting-for-leadership/,retrieved_extracted,,trafilatura,1096,a30d339067d080a9419e340253f8ee7a16dfadbd9902a0950f5ee3f3ed2d1499,false,true
DISC-MEDIA-0398,archive_media_post_republication,Farlam Report Raises Issues About Mining Stability As A Whole,2015,Engineering News,https://www.engineeringnews.co.za/article/farlam-report-raises-issues-about-mining-stability-as-a-whole-2015-06-29,retrieved_extracted,,trafilatura,1444,21e5769182bed007ea3a85fa967d32cabc26e87185a1d4ec09a7861d9801c92b,false,true
DISC-MEDIA-0195,archive_media_post_republication,After Marikana Report The Widows Talk About Life Of Hardship And Pain,2015,Daily Maverick,https://www.dailymaverick.co.za/article/2015-06-30-after-marikana-report-the-widows-talk-about-life-of-hardship-and-pain/,retrieved_extracted,,trafilatura,1080,fab2b4dd1d06197c03bca29ee95371a72028d663888029b28a63fbf6ee3876c2,false,true
DISC-MEDIA-0196,archive_media_post_republication,The Curious Case Of The Ancs Post Marikana Silence,2015,Daily Maverick,https://www.dailymaverick.co.za/article/2015-06-30-the-curious-case-of-the-ancs-post-marikana-silence/,retrieved_extracted,,trafilatura,1058,08fd1015fca4e001b192d1cd9f13605df59d9341eebf4d70347c91798d5f0f7b,false,true
DISC-MEDIA-0197,archive_media_post_republication,Women Of Marikana Lodge World Bank Complaint Against Lonmin,2015,Daily Maverick,https://www.dailymaverick.co.za/article/2015-06-30-women-of-marikana-lodge-world-bank-complaint-against-lonmin/,retrieved_extracted,,trafilatura,908,c45ad5bcb69ea1ae9171a9afe3c8cf1bf08a3216f8cd727f74d2fad6e2ca5940,false,true
DISC-MEDIA-0198,archive_media_post_republication,Podcast Marikana The Fallout,2015,Daily Maverick,https://www.dailymaverick.co.za/article/2015-07-01-podcast-marikana-the-fallout/,retrieved_extracted,,trafilatura,99,3b86c994b8a29bf85e51182f1c6cec14feb4b8792db617c18a3fdc90898a53d6,false,true
DISC-MEDIA-0343,archive_media_post_republication,Marikana Reflects The Accountability Deficit Of Zumas Administration,2015,Daily Maverick,https://www.dailymaverick.co.za/opinionista/2015-07-06-marikana-reflects-the-accountability-deficit-of-zumas-administration/,retrieved_extracted,,trafilatura,726,c7b4434e861430f9b4fe28b53e1fde69121ba9c67c8f0203b60ff666161d7fe1,false,true
DISC-MEDIA-0199,archive_media_post_republication,Baggage Or Collateral Damage Marikana And Ramaphosas Path To The Presidency,2015,Daily Maverick,https://www.dailymaverick.co.za/article/2015-07-07-baggage-or-collateral-damage-marikana-and-ramaphosas-path-to-the-presidency/,retrieved_extracted,,trafilatura,1400,b58047e8ceca57731d40714cb31638ec3cee65e7ba019206c4c17f9faa08ebed,false,true
DISC-MEDIA-0200,archive_media_post_republication,Marikana Will Saps Do The Right Thing,2015,Daily Maverick,https://www.dailymaverick.co.za/article/2015-07-08-marikana-will-saps-do-the-right-thing/,retrieved_extracted,,trafilatura,1129,c5090a0bd286774e04920eb4a80ec259c23006016ad1a0a8c5cffc18b1aba7de,false,true
DISC-MEDIA-0572,archive_media_post_republication,Marikana Report Response,2015,Engineering News,https://www.engineeringnews.co.za/article/marikana-report-response-2015-07-10,retrieved_extracted,,trafilatura,691,e1f12e68430b21cab13379066fbc9a3329f3230f8eea044943b4eb539b791314,false,true
DISC-MEDIA-0201,archive_media_post_republication,Marikanas Deep Throat Charge Brigadier Malahlela Unravel Police Lies And Deceit,2015,Daily Maverick,https://www.dailymaverick.co.za/article/2015-07-20-marikanas-deep-throat-charge-brigadier-malahlela-unravel-police-lies-and-deceit/,retrieved_extracted,,trafilatura,1529,6a006d126f9ffe29c2ede784a8b0e0b9ee748586bd991cd67e78607f1e40a61a,false,true
DISC-MEDIA-0594,archive_media_post_republication,Num Shocked By Lonmin Cutting Thousands Of Jobs,2015,Engineering News,https://www.engineeringnews.co.za/article/num-shocked-by-lonmin-cutting-thousands-of-jobs-2015-07-24,retrieved_extracted,,trafilatura,750,28d2fb7d7d1375faa03f021ee0ba35524a1c6a329e064edd7884ce718e91775a,false,true
DISC-MEDIA-0202,archive_media_post_republication,Op Ed Marikana Justice Delayed Is Justice Denied,2015,Daily Maverick,https://www.dailymaverick.co.za/article/2015-07-30-op-ed-marikana-justice-delayed-is-justice-denied/,retrieved_extracted,,trafilatura,552,326a71d5d2bed8f50c483a3ebb7bea5b76fedfc65da4a2d0940e6d6c07b5dfb2,false,true
DISC-MEDIA-0344,archive_media_post_republication,Marikana A Lesson In The Vulnerability Of The Black Body,2015,Daily Maverick,https://www.dailymaverick.co.za/opinionista/2015-08-12-marikana-a-lesson-in-the-vulnerability-of-the-black-body/,retrieved_extracted,,trafilatura,1297,46da213a8985e9640a29cfb84c345d36848455480aba01dd775b281d21bdf0b2,false,true
DISC-MEDIA-0558,archive_media_post_republication,Marikana Families Sue Police Minister,2015,Engineering News,https://www.engineeringnews.co.za/article/marikana-families-sue-police-minister-2015-08-12,retrieved_extracted,,trafilatura,608,3437129958cc36058fd5bc5e75b95ae9c40afe44731ec5a76b4bb47632dd0c2c,false,true
DISC-MEDIA-0203,archive_media_post_republication,Marikana Families To Nhleko Payusthemoney,2015,Daily Maverick,https://www.dailymaverick.co.za/article/2015-08-14-marikana-families-to-nhleko-payusthemoney/,retrieved_extracted,,trafilatura,1144,50cb9598719a7b7d3bbc848ec761ffcd84071427a853e49844509d9f2073745a,false,true
DISC-MEDIA-0204,archive_media_post_republication,Marikana Three Years On Political Posturing Vs The Quest For Truth And Closure,2015,Daily Maverick,https://www.dailymaverick.co.za/article/2015-08-14-marikana-three-years-on-political-posturing-vs-the-quest-for-truth-and-closure/,retrieved_extracted,,trafilatura,1261,d33d8ecb84bc79c1efe892af4f53d527a75958bed274feb7555aa70a03a4a876,false,true
DISC-MEDIA-0205,archive_media_post_republication,Marikana Three Years On Workers Call For Justice But Justice Doesnt Come,2015,Daily Maverick,https://www.dailymaverick.co.za/article/2015-08-17-marikana-three-years-on-workers-call-for-justice-but-justice-doesnt-come/,retrieved_extracted,,trafilatura,835,d3628d0f9a57993d8febf3df1688c99e3b80e8e30781b22c669ac7b3f5b355f9,false,true
DISC-MEDIA-0206,archive_media_post_republication,Marikana I Dont See Any Difference In Living Conditions,2015,Daily Maverick,https://www.dailymaverick.co.za/article/2015-08-18-marikana-i-dont-see-any-difference-in-living-conditions/,retrieved_extracted,,trafilatura,1157,56c1d8515ce18f56af1f51cf4e753040a019da40c8adb186eda37a0f5e84605f,false,true
DISC-MEDIA-0207,archive_media_post_republication,Analysis Marikana And Roodepoort Reflect South Africas Policing Crisis,2015,Daily Maverick,https://www.dailymaverick.co.za/article/2015-08-20-analysis-marikana-and-roodepoort-reflect-south-africas-policing-crisis/,retrieved_extracted,,trafilatura,1290,b98108185682c62a7f78da92eda942ae4e44308528487c5fd7ccec9e4e4b990b,false,true
SEC-MEDIA-0267,archive_media_post_republication,Anc Sold Its People To The Highest Bidder Says Amcu Leader,2015,Engineering News,https://www.engineeringnews.co.za/article/anc-sold-its-people-to-the-highest-bidder-says-amcu-leader-2015-08-21,retrieved_extracted,,trafilatura,649,1170d8c97225baff0b3512644c34ebff665289cb931c734434dfaa326a618a23,false,true
DISC-MEDIA-0208,archive_media_post_republication,Parliament Nhleko Is Impressive But Marikana Victims Are Still Waiting,2015,Daily Maverick,https://www.dailymaverick.co.za/article/2015-09-03-parliament-nhleko-is-impressive-but-marikana-victims-are-still-waiting/,retrieved_extracted,,trafilatura,969,cd6c4a800ea7e2157b143719425b9e9f0710f2445b081e47760ad86581abf315,false,true
DISC-MEDIA-0209,archive_media_post_republication,Marikana Another Delay And A Hint Of Compensation,2015,Daily Maverick,https://www.dailymaverick.co.za/article/2015-09-15-marikana-another-delay-and-a-hint-of-compensation/,retrieved_extracted,,trafilatura,781,b2cea9c13b51d223db8ccb66da0b8928605425d0028f281a5579724929e7cd24,false,true
DISC-MEDIA-0565,archive_media_post_republication,Marikana Legal Aid What We Wanted Organisation,2015,Engineering News,https://www.engineeringnews.co.za/article/marikana-legal-aid-what-we-wanted-organisation-2015-09-25,retrieved_extracted,,trafilatura,732,1acb12a5755c47760c451cf62f60c817c521f4a4790a4cea0cbf318d2a87bc57,false,true
DISC-MEDIA-0210,archive_media_post_republication,Marikana Zuma Opens Compensation Discussions,2015,Daily Maverick,https://www.dailymaverick.co.za/article/2015-09-29-marikana-zuma-opens-compensation-discussions/,retrieved_extracted,,trafilatura,1061,a646bec17f7ebb0818c66dc2370c7ec4a106813491fd24b341abd90db3081ccd,false,true
DISC-MEDIA-0688,archive_media_post_republication,Zuma Fast Tracks Compensation For Marikana Families,2015,Engineering News,https://www.engineeringnews.co.za/article/zuma-fast-tracks-compensation-for-marikana-families-2015-09-30,retrieved_extracted,,trafilatura,638,eaa68f334a8fe69b43b8b7c85cf3785eac1f2e0ce1184535169feeeffd6fc57d,false,true
DISC-MEDIA-0211,archive_media_post_republication,Op Ed Piketty Misses The Mark On Marikana,2015,Daily Maverick,https://www.dailymaverick.co.za/article/2015-10-06-op-ed-piketty-misses-the-mark-on-marikana/,retrieved_extracted,,trafilatura,1951,9e1e22e9015817df5be097294b4ed6d4cca8564d458612ba1daf970c0f4e4f57,false,true
DISC-MEDIA-0502,archive_media_post_republication,Lonmin Shanduka Black Umbrellas Partnership Contributes Positively To Small Business Development,2015,Engineering News,https://www.engineeringnews.co.za/article/lonmin-shanduka-black-umbrellas-partnership-contributes-positively-to-small-business-development-2015-10-09,retrieved_extracted,,trafilatura,805,b29e5039bd2bb6cd508bfd4c0c5d279b4a1b5205b276a741c3189d2c5bda95cb,false,true
DISC-MEDIA-0408,archive_media_post_republication,Govt To Expedite Processing Of Marikana Civil Claims,2015,Engineering News,https://www.engineeringnews.co.za/article/govt-to-expedite-processing-of-marikana-civil-claims-2015-10-14,retrieved_extracted,,trafilatura,451,e76cfe0f2c65d9fac04f449ec1ef422205ffd344231c7144ae7fcb564ec55d4c,false,true
DISC-MEDIA-0212,archive_media_post_republication,Parliament Diary Marikana Still Dogs Ramaphosa,2015,Daily Maverick,https://www.dailymaverick.co.za/article/2015-11-12-parliament-diary-marikana-still-dogs-ramaphosa/,retrieved_extracted,,trafilatura,1011,52a2998a1e3cb9f5238df42809c40b418464fb2833507bc221a47c1603708c1a,false,true
DISC-MEDIA-0213,archive_media_post_republication,Marikana Cyril Cited Compensation Slated,2015,Daily Maverick,https://www.dailymaverick.co.za/article/2015-11-13-marikana-cyril-cited-compensation-slated/,retrieved_extracted,,trafilatura,860,072e45d6ee4592df0ee18c975bbacdacecba000f8229f2c34595efd17553b9df,false,true
DISC-MEDIA-0214,archive_media_post_republication,Marikana What Compensation Discussions,2015,Daily Maverick,https://www.dailymaverick.co.za/article/2015-12-07-marikana-what-compensation-discussions/,retrieved_extracted,,trafilatura,969,2021d8bfbb755d86b0021a9828a610d81f7872f1ceb815a9dcadc9a26186a9b1,false,true
DISC-MEDIA-0215,archive_media_post_republication,Presidency Marikana Compensation Talks To Begin In January,2015,Daily Maverick,https://www.dailymaverick.co.za/article/2015-12-08-presidency-marikana-compensation-talks-to-begin-in-january/,retrieved_extracted,,trafilatura,795,ea34b4be09b60454757f917c260f5516d22d87d0a77b5c4019865ba45c99cad4,false,true
DISC-MEDIA-0493,archive_media_post_republication,Lonmin Rights Issue Undersubscribed,2015,Engineering News,https://www.engineeringnews.co.za/article/lonmin-rights-issue-undersubscribed-2015-12-11,retrieved_extracted,,trafilatura,581,29654205f94658e0b84042de602e508143bca3cfcba96b3f4c340911b64a1b35,false,true
DISC-MEDIA-0411,archive_media_post_republication,Independent Panel Of Experts To Help Implement Farlam Commission Findings,2016,Engineering News,https://www.engineeringnews.co.za/article/independent-panel-of-experts-to-help-implement-farlam-commission-findings-2016-01-25,retrieved_extracted,,trafilatura,517,da17392a66fc5b7d43a96af39fc82314a7db3c20238daae90bf50ef55bb94fe5,false,true
DISC-MEDIA-0376,archive_media_post_republication,Announcement On Farlam Inquiry Soon Nhleko,2016,Engineering News,https://www.engineeringnews.co.za/article/announcement-on-farlam-inquiry-soon-nhleko-2016-04-22,retrieved_extracted,,trafilatura,580,85f55e090022ba5dc9e09f71d1aa5615d6fe78d9b493463d13d7979bf8702b6b,false,true
DISC-MEDIA-0216,archive_media_post_republication,Marikana Phiyegas Inquiry Begins As Compensation Is Still Elusive,2016,Daily Maverick,https://www.dailymaverick.co.za/article/2016-05-05-marikana-phiyegas-inquiry-begins-as-compensation-is-still-elusive/,retrieved_extracted,,trafilatura,979,a0ac87bc7ed83ed0873dfec641c35e10a984c9c1a67cfa25c12106c2a3944ff9,false,true
SEC-MEDIA-0239,archive_media_post_republication,Amcu To Set Wage Demands For Platinum Sector,2016,Engineering News,https://www.engineeringnews.co.za/article/amcu-to-set-wage-demands-for-platinum-sector-2016-05-16,retrieved_extracted,,trafilatura,625,c5d4b88f22a33900463b1c52c676cc4a113ff85f8d1259d701c3712ad0e4439d,false,true
DISC-MEDIA-0217,archive_media_post_republication,Shadow Play State Security Marikana And A Bogus Union,2016,Daily Maverick,https://www.dailymaverick.co.za/article/2016-06-02-shadow-play-state-security-marikana-and-a-bogus-union/,retrieved_extracted,,trafilatura,1982,5b5630b157dd7720dc5498d1cdf45454cdfde540c47b548b8d23109c5379725f,false,true
DISC-MEDIA-0218,archive_media_post_republication,Op Ed From Soweto To Marikana Police Action And Inaction Then And Now,2016,Daily Maverick,https://www.dailymaverick.co.za/article/2016-06-16-op-ed-from-soweto-to-marikana-police-action-and-inaction-then-and-now/,retrieved_extracted,,trafilatura,1451,ad571b533be577943007fcca07624772481ef90339fe041d99d3f0b8b1e54538,false,true
DISC-MEDIA-0453,archive_media_post_republication,Lonmin Employee Dies After Fall Of Ground,2016,Engineering News,https://www.engineeringnews.co.za/article/lonmin-employee-dies-after-fall-of-ground-2016-07-04,retrieved_extracted,,trafilatura,377,12b1e410905842fc4504dfa8cf19e99024b97f9a3b4697aa270ff746ce115458,false,true
SEC-MEDIA-0230,archive_media_post_republication,Amcu Tables Wage Demand In The Platinum Sector,2016,Engineering News,https://www.engineeringnews.co.za/article/amcu-tables-wage-demand-in-the-platinum-sector-2016-07-12,retrieved_extracted,,trafilatura,503,d69fec26d9d5c5e9a2aa13104d21224cd820ca4629b2b2198dc0a5752072d5ba,false,true
DISC-MEDIA-0437,archive_media_post_republication,Lonmin Community Builds Leader A Palace With Funds Probe Finds,2016,Engineering News,https://www.engineeringnews.co.za/article/lonmin-community-builds-leader-a-palace-with-funds-probe-finds-2016-08-01,retrieved_extracted,,trafilatura,551,d5b6947f664f3373cab17970a1b049166d63d3493ada812d3b9daf2fcc011ff7,false,true
DISC-MEDIA-0220,archive_media_post_republication,Marikana The Missing Consequences Of A Massacre,2016,Daily Maverick,https://www.dailymaverick.co.za/article/2016-08-11-marikana-the-missing-consequences-of-a-massacre/,retrieved_extracted,,trafilatura,997,666496f61cc83492ed03fc36b7d314e1d04ab4db0ea55267cdc96c5be550c13a,false,true
DISC-MEDIA-0374,archive_media_post_republication,Amnesty Condemns Lonmin Housing As Miner Sees More Spending Cuts,2016,Engineering News,https://www.engineeringnews.co.za/article/amnesty-condemns-lonmin-housing-as-miner-sees-more-spending-cuts-2016-08-15,retrieved_extracted,,trafilatura,694,218b40d0d6d7c6218276f1f290f0840f03b7c4f6d9871f007c1cdc979f5b2bd8,false,true
DISC-MEDIA-0221,archive_media_post_republication,Marikana And The Feesmustfall Generation Behind The Drama Lies Sas Challenge,2016,Daily Maverick,https://www.dailymaverick.co.za/article/2016-08-16-marikana-and-the-feesmustfall-generation-behind-the-drama-lies-sas-challenge/,retrieved_extracted,,trafilatura,1033,070d55efbc24b31605176b6b0d7a283212cbd275a30f5a077af0ea6a433fa649,false,true
DISC-MEDIA-0222,archive_media_post_republication,Marikana On Edge Occupiers Ready To Defend In Housing Showdown,2016,Daily Maverick,https://www.dailymaverick.co.za/article/2016-09-18-marikana-on-edge-occupiers-ready-to-defend-in-housing-showdown/,retrieved_extracted,,trafilatura,1116,cc25d0e4f5a96c850d25faaa3ba544adb624dcb383d64db971ef0f0d3bc28e9a,false,true
DISC-MEDIA-0345,archive_media_post_republication,A Burning Bus Are We Headed For Marikana Mk Ii,2016,Daily Maverick,https://www.dailymaverick.co.za/opinionista/2016-10-13-a-burning-bus-are-we-headed-for-marikana-mk-ii/,retrieved_extracted,,trafilatura,1442,86fedc37865ae2c6f6081fafa573f97614edb25ec7102e53107371a2f085801b,false,true
DISC-MEDIA-0607,archive_media_post_republication,Poverty Led To Marikana Tragedy Says Mahumapelo,2016,Engineering News,https://www.engineeringnews.co.za/article/poverty-led-to-marikana-tragedy-says-mahumapelo-2016-12-05,retrieved_extracted,,trafilatura,654,f8eabe2d48059725df462bc88dece991cd2918d787299e8ca2633a8f6d464b70,false,true
DISC-MEDIA-0223,archive_media_post_republication,Marikana Sikhale Sonke Withdraws From Lonmin Mediations,2016,Daily Maverick,https://www.dailymaverick.co.za/article/2016-12-06-marikana-sikhale-sonke-withdraws-from-lonmin-mediations/,retrieved_extracted,,trafilatura,1032,63eed5cfac0d354ab42cac9b251add3639ef532772bb2af8f06eb6de235bae8a,false,true
DISC-MEDIA-0224,archive_media_post_republication,Marikana More Than Four Years After The Massacre That Shocked The World Charges Against Police Finally Laid,2016,Daily Maverick,https://www.dailymaverick.co.za/article/2016-12-12-marikana-more-than-four-years-after-the-massacre-that-shocked-the-world-charges-against-police-finally-laid/,retrieved_extracted,,trafilatura,1617,79d7673fbdde6195a116151c707c1420d2d67a6651f31af9b63fd36e72b78e15,false,true
DISC-MEDIA-0405,archive_media_post_republication,Government Ready To Compensate Marikana Victims Zuma,2016,Engineering News,https://www.engineeringnews.co.za/article/government-ready-to-compensate-marikana-victims-zuma-2016-12-12,retrieved_extracted,,trafilatura,687,64b73f39b797a931dd6bd52a2f6c702514268d81af65b4aef432c276140eb51f,false,true
DISC-MEDIA-0434,archive_media_post_republication,Lonmin Commits To Revising Housing Plan,2016,Engineering News,https://www.engineeringnews.co.za/article/lonmin-commits-to-revising-housing-plan-2016-12-12,retrieved_extracted,,trafilatura,486,31b5338e058c33823bc0d09a6cd9ce1c416c87aa3b85e29c651e1bd7bed76eb0,false,true
DISC-MEDIA-0470,archive_media_post_republication,Lonmin Must Improve Housing Plan Or Face Losing Its Mining Rights,2016,Engineering News,https://www.engineeringnews.co.za/article/lonmin-must-improve-housing-plan-or-face-losing-its-mining-rights-2016-12-12,retrieved_extracted,,trafilatura,669,4d25532cc7144d6148c4132db95470b78bf8d84e5e6d86252fda8d4e941ccffb,false,true
DISC-MEDIA-0225,archive_media_post_republication,Marikana Lonmin Defends Housing Plan,2016,Daily Maverick,https://www.dailymaverick.co.za/article/2016-12-13-marikana-lonmin-defends-housing-plan/,retrieved_extracted,,trafilatura,1009,97f53eb0d422a7d1dd07204489c4dfc5f9217ec824d723dc329ddacec519976e,false,true
DISC-MEDIA-0363,archive_media_post_republication,Amcu Blasts Zuma Over Marikana Plan,2016,Engineering News,https://www.engineeringnews.co.za/article/amcu-blasts-zuma-over-marikana-plan-2016-12-13-1,retrieved_extracted,,trafilatura,964,f8d38b13acaf84ebef6c02277721235545a2128f4e90ee996d10001a8e0ef9b4,false,true
DISC-MEDIA-0226,archive_media_post_republication,Whats Mine Is Mine Lonmin And The Dangerous Art Of Intimidation,2016,Daily Maverick,https://www.dailymaverick.co.za/article/2016-12-14-whats-mine-is-mine-lonmin-and-the-dangerous-art-of-intimidation/,retrieved_extracted,,trafilatura,2273,271f76a5e352c096ea4d11d8af7fc1f078d55062373cab0b3072b6d7be19691e,false,true
DISC-MEDIA-0227,archive_media_post_republication,Eff Activists Marikana Murder Charges Politically Motivated Say Supporters,2017,Daily Maverick,https://www.dailymaverick.co.za/article/2017-01-09-eff-activists-marikana-murder-charges-politically-motivated-say-supporters/,retrieved_extracted,,trafilatura,837,cf6ca9f83ce0fe7681abdaf5a62d2331b339ae1d3770f443f951d8959b4c205b,false,true
DISC-MEDIA-0604,archive_media_post_republication,Platinum Price Upturn Needed To Sustain Industry Lonmin,2017,Engineering News,https://www.engineeringnews.co.za/article/platinum-price-upturn-needed-to-sustain-industry-lonmin-2017-01-20,retrieved_extracted,,trafilatura,864,0b4ab9a39aff3add13f980fb0f1cc0312c9cb4a3ef5ea471ca612c0904ab6712,false,true
DISC-MEDIA-0230,archive_media_post_republication,Groundup Marikana Cape Town Lawyer Calls For State To Expropriate Land,2017,Daily Maverick,https://www.dailymaverick.co.za/article/2017-02-13-groundup-marikana-cape-town-lawyer-calls-for-state-to-expropriate-land/,retrieved_extracted,,trafilatura,497,04033cbba27e924e42ac70ba2c8a7c17fac9a44a5ee844df67759395e711eb08,false,true
DISC-MEDIA-0231,archive_media_post_republication,Groundup Marikana Settlement Judge Must Rule Whether To Compel State To Buy Compensate Or Evict,2017,Daily Maverick,https://www.dailymaverick.co.za/article/2017-02-16-groundup-marikana-settlement-judge-must-rule-whether-to-compel-state-to-buy-compensate-or-evict/,retrieved_extracted,,trafilatura,1010,d4d0bea4222a0486e4dbddf67bcff1992229d1e39eeaa0abd1c9865b8fc9d672,false,true
DISC-MEDIA-0571,archive_media_post_republication,Marikana Mineworkers In Court For 2012 Incidents,2017,Engineering News,https://www.engineeringnews.co.za/article/marikana-mineworkers-in-court-for-2012-incidents-2017-02-21,retrieved_extracted,,trafilatura,555,0196247bd16703b2356ca26b62e2873857b93230a8cba035b9a5ea4d833d7c50,false,true
DISC-MEDIA-0548,archive_media_post_republication,Magara Seizes Lonmin Coo Opportunity As He Grasps Low Price Nettle,2017,Engineering News,https://www.engineeringnews.co.za/article/magara-seizes-lonmin-coo-opportunity-as-he-grasps-low-price-nettle-2017-03-13,retrieved_extracted,,trafilatura,1387,94976b85778bcb2112291d3749be5f4801a22cd6c19073a6e92f61990a558d49,false,true
DISC-MEDIA-0404,archive_media_post_republication,Government Confirms Lawsuits From Marikana Victims Total Close To R12Bn,2017,Engineering News,https://www.engineeringnews.co.za/article/government-confirms-lawsuits-from-marikana-victims-total-close-to-r12bn-2017-03-15,retrieved_extracted,,trafilatura,756,e24514ba0d76d500eda3bca1d868744fc77e6842cc74386088accc1f694f4152,false,true
DISC-MEDIA-0583,archive_media_post_republication,Minings Biggest Loser Lonmin Is Burning Cash To Stay Alive,2017,Engineering News,https://www.engineeringnews.co.za/article/minings-biggest-loser-lonmin-is-burning-cash-to-stay-alive-2017-03-17,retrieved_extracted,,trafilatura,1120,bc33ea1e530165c493e42ae2d3273db44d22d1722412437f6177b699445a4237,false,true
DISC-MEDIA-0232,archive_media_post_republication,Succession Chronicles Marikana Ramaphosas Cross,2017,Daily Maverick,https://www.dailymaverick.co.za/article/2017-05-08-succession-chronicles-marikana-ramaphosas-cross/,retrieved_extracted,,trafilatura,1543,c06cd202a6ba9b2eec1e9934b3a2834edaf4e464b1b67b18aee53dde0338af50,false,true
DISC-MEDIA-0233,archive_media_post_republication,Ww We Reject Ramaphosas Marikana Apology Azapo,2017,Daily Maverick,https://www.dailymaverick.co.za/article/2017-05-08-ww-we-reject-ramaphosas-marikana-apology-azapo/,retrieved_extracted,,trafilatura,336,f9480bd7b7f780332e0de8dfff1938c04efbb36b9da742db1a76a1c8859bfd9b,false,true
DISC-MEDIA-0346,archive_media_post_republication,Marikana Unmasking Ramaphosas Rhetoric Narrow Apology And Lies,2017,Daily Maverick,https://www.dailymaverick.co.za/opinionista/2017-06-13-marikana-unmasking-ramaphosas-rhetoric-narrow-apology-and-lies/,retrieved_extracted,,trafilatura,1450,cd01da148269c1380526b9d0004b480d0bd42fca41485af3df42b3ea9d4152c7,false,true
DISC-MEDIA-0234,archive_media_post_republication,Never Forget Marikana Interview With The Allan Paton Award Winner Greg Marinovich,2017,Daily Maverick,https://www.dailymaverick.co.za/article/2017-06-26-never-forget-marikana-interview-with-the-allan-paton-award-winner-greg-marinovich/,retrieved_extracted,,trafilatura,1047,8f605e42357fcc461a48424e2448170d4ca17f0c7aa446d9cb479d635ded75b9,false,true
DISC-MEDIA-0541,archive_media_post_republication,Lonminshowcases Career Opportunities Beyond Mining To Youth,2017,Engineering News,https://www.engineeringnews.co.za/article/lonminshowcases-career-opportunities-beyond-mining-to-youth-2017-06-30,retrieved_extracted,,trafilatura,1038,d87e7cc6074cee510062355234a1a31cbf729f57eb203931b33a3ba79abf91f4,false,true
DISC-MEDIA-0235,archive_media_post_republication,Whats Mine Is Mine Lonmin And The Secret Claim On Marikana Land,2017,Daily Maverick,https://www.dailymaverick.co.za/article/2017-07-27-whats-mine-is-mine-lonmin-and-the-secret-claim-on-marikana-land/,retrieved_extracted,,trafilatura,1593,86c8a160c9263e62f682b4a2206f5c990f7d44cf6704236a26d7848c0b30a798,false,true
DISC-MEDIA-0564,archive_media_post_republication,Marikana Lawyers Government Mull Compensation,2017,Engineering News,https://www.engineeringnews.co.za/article/marikana-lawyers-government-mull-compensation-2017-08-01,retrieved_extracted,,trafilatura,462,ded1dfdcc9c29f567cead9cb7c0be7ad018691ba4b210a6c2ab718fac2505def,false,true
DISC-MEDIA-0657,archive_media_post_republication,Solidarity Concerned Over Loss Of Recognition At Lonmin,2017,Engineering News,https://www.engineeringnews.co.za/article/solidarity-concerned-over-loss-of-recognition-at-lonmin-2017-08-07,retrieved_extracted,,trafilatura,534,4d0512cf261c652ec8f62ebebb33a6c83e9268866b98f67f20ab715db43ed663,false,true
DISC-MEDIA-0236,archive_media_post_republication,Five Years Later We Havent Learnt Anything From Marikana,2017,Daily Maverick,https://www.dailymaverick.co.za/article/2017-08-15-five-years-later-we-havent-learnt-anything-from-marikana/,retrieved_extracted,,trafilatura,1155,0bd0b7feca570c606ac6aaa7b8309bdc3ed85b1a604d25b8842380cc9ccf2164,false,true
DISC-MEDIA-0237,archive_media_post_republication,Op Ed Marikana Five Years Of Injustice,2017,Daily Maverick,https://www.dailymaverick.co.za/article/2017-08-15-op-ed-marikana-five-years-of-injustice/,retrieved_extracted,,trafilatura,1198,8f01a971b61750557a1b3d377f975d4ae92b83782db4d2c8c71d628208c5131e,false,true
DISC-MEDIA-0662,archive_media_post_republication,South Africa Must Prosecute 2012 Marikana Deaths Amnesty Says,2017,Engineering News,https://www.engineeringnews.co.za/article/south-africa-must-prosecute-2012-marikana-deaths-amnesty-says-2017-08-15,retrieved_extracted,,trafilatura,567,8599e91bc9ab02f46edf345fcdffd14eb6a53d631d5030619ce55504f77e8794,false,true
DISC-MEDIA-0238,archive_media_post_republication,Iss Today Marikana Demands Truth Justice And Accountability,2017,Daily Maverick,https://www.dailymaverick.co.za/article/2017-08-16-iss-today-marikana-demands-truth-justice-and-accountability/,retrieved_extracted,,trafilatura,967,9e0bb564af5a637e4fccdf7d7c57d20b294091b484ed01a8ac88ff0d2b7b76e4,false,true
DISC-MEDIA-0567,archive_media_post_republication,Marikana Massacre To Be Commemorated At Hillside Where Massacre Occurred,2017,Engineering News,https://www.engineeringnews.co.za/article/marikana-massacre-to-be-commemorated-at-hillside-where-massacre-occurred-2017-08-16,retrieved_extracted,,trafilatura,580,f20eb66bb1f2e852183e29bab6c1e9bbb203fd131b072fe8bb266f9f6b47d066,false,true
DISC-MEDIA-0239,archive_media_post_republication,Marikana Five Years Later Thousands Gather On The Koppie To Pay Tribute To The 34 Miners,2017,Daily Maverick,https://www.dailymaverick.co.za/article/2017-08-17-marikana-five-years-later-thousands-gather-on-the-koppie-to-pay-tribute-to-the-34-miners/,retrieved_extracted,,trafilatura,456,8198138748820133ffe25845e3f907563a685a5657b71886ec8548cbd895fed7,false,true
DISC-MEDIA-0240,archive_media_post_republication,Groundup Lonmin Link To Casac Questioned,2017,Daily Maverick,https://www.dailymaverick.co.za/article/2017-08-22-groundup-lonmin-link-to-casac-questioned/,retrieved_extracted,,trafilatura,1276,e453a25d91f0d7c3074f6b784117370bed919b896020f2144a4ddd57ca4d88d3,false,true
DISC-MEDIA-0241,archive_media_post_republication,Anc Leadership Race Dlamini Zumas Incredible Marikana Misstep,2017,Daily Maverick,https://www.dailymaverick.co.za/article/2017-08-24-anc-leadership-race-dlamini-zumas-incredible-marikana-misstep/,retrieved_extracted,,trafilatura,1170,9c5eee54df820187092a90d441e48da3d370a5d42207bf122f84af97f83bfc4a,false,true
DISC-MEDIA-0242,archive_media_post_republication,Groundup Marikana Lonmins Dodgy Housing Record,2017,Daily Maverick,https://www.dailymaverick.co.za/article/2017-09-04-groundup-marikana-lonmins-dodgy-housing-record/,retrieved_extracted,,trafilatura,1618,2027baeeaa464877bbc9fffec5c714b4bb5a408ed6e89383064d7ae5dd34223d,false,true
DISC-MEDIA-0243,archive_media_post_republication,Groundup Facts And Myths About The Judgment On The Marikana Informal Settlement In Philippi,2017,Daily Maverick,https://www.dailymaverick.co.za/article/2017-09-06-groundup-facts-and-myths-about-the-judgment-on-the-marikana-informal-settlement-in-philippi/,retrieved_extracted,,trafilatura,1514,8de5bbacd4e538307198b68cefb04e0aa138e2b04e165aba9da2fc8606860d45,false,true
DISC-MEDIA-0244,archive_media_post_republication,Analysis Saps Fails To Transform Into Public Service Post Marikana,2017,Daily Maverick,https://www.dailymaverick.co.za/article/2017-09-08-analysis-saps-fails-to-transform-into-public-service-post-marikana/,retrieved_extracted,,trafilatura,1477,b7f945bb5d8544e7b244e76db39a56b81aab733ce158e83f69fec6ec3d7199eb,false,true
DISC-MEDIA-0347,archive_media_post_republication,From The Inside The Other Marikana And Its Implications,2017,Daily Maverick,https://www.dailymaverick.co.za/opinionista/2017-09-10-from-the-inside-the-other-marikana-and-its-implications/,retrieved_extracted,,trafilatura,1189,222cd22249849a7ddfec616df96ffd9bd30f28b092f3fbf55cfec05b75cd9bbf,false,true
DISC-MEDIA-0245,archive_media_post_republication,Letter To The Editor Helen Zilles Facts Are Wrong On Marikana Housing Issue,2017,Daily Maverick,https://www.dailymaverick.co.za/article/2017-09-14-letter-to-the-editor-helen-zilles-facts-are-wrong-on-marikana-housing-issue/,retrieved_extracted,,trafilatura,1155,3bd6e2b65ebd95f1bf116534a56a5b28e9429830b9bebba455b5630c9db33ec5,false,true
DISC-MEDIA-0247,archive_media_post_republication,Groundup Marikana Residents Say Theyve Lost Faith In The Police,2017,Daily Maverick,https://www.dailymaverick.co.za/article/2017-10-02-groundup-marikana-residents-say-theyve-lost-faith-in-the-police/,retrieved_extracted,,trafilatura,640,abdcc2cc73e408f8bd7314d72a5d9b0ed584eeb9bbafb9e5bea1d7ba4f0f4ead,false,true
DISC-MEDIA-0248,archive_media_post_republication,Groundup Police Dont Listen To Us Marikana Residents Tell Fikile Mbalula,2017,Daily Maverick,https://www.dailymaverick.co.za/article/2017-10-04-groundup-police-dont-listen-to-us-marikana-residents-tell-fikile-mbalula/,retrieved_extracted,,trafilatura,847,aa4d5e8e9711202dfa23e7a7717c27dd83d2a38fa7be73a161facebac5329442,false,true
DISC-MEDIA-0249,archive_media_post_republication,Groundup An Open Letter To The Authorities About Marikana Informal Settlement,2017,Daily Maverick,https://www.dailymaverick.co.za/article/2017-10-05-groundup-an-open-letter-to-the-authorities-about-marikana-informal-settlement/,retrieved_extracted,,trafilatura,825,00ec808a50f068e6b2b219d3567883b8eced23bba135888e36802719655c8f1b,false,true
DISC-MEDIA-0250,archive_media_post_republication,Cape Town Paying The Price To Live In Marikana,2017,Daily Maverick,https://www.dailymaverick.co.za/article/2017-10-06-cape-town-paying-the-price-to-live-in-marikana/,retrieved_extracted,,trafilatura,868,d681f61cef176a0812d0a3f97331cd2292bbf8b76319bf04f863c46d964241d0,false,true
DISC-MEDIA-0410,archive_media_post_republication,Improving Miners Lives Best Way Of Honouring Marikana Victims Zuma,2017,Engineering News,https://www.engineeringnews.co.za/article/improving-miners-lives-best-way-of-honouring-marikana-victims-zuma-2017-10-09-1,retrieved_extracted,,trafilatura,544,2ba728911f5dd054ca3f211263e26cce183a060eef1016caea785c467c2656cc,false,true
DISC-MEDIA-0655,archive_media_post_republication,Sixth Death In Lonmin In Three Months,2017,Engineering News,https://www.engineeringnews.co.za/article/sixth-death-in-lonmin-in-three-months-2017-10-19,retrieved_extracted,,trafilatura,973,4f736a7f6573804deab85da64fff7579d0d13be126f11a9c368bf334b1a1e727,false,true
DISC-MEDIA-0251,archive_media_post_republication,Marikana Survivors Of The Massacre Are Still Hounded And Assassinated Amid Rumoured Hit List,2017,Daily Maverick,https://www.dailymaverick.co.za/article/2017-10-20-marikana-survivors-of-the-massacre-are-still-hounded-and-assassinated-amid-rumoured-hit-list/,retrieved_extracted,,trafilatura,1565,06695deef2b93bc6832fe14080abc2df06a238a7d6bddfcfebfe596019f28c6b,false,true
DISC-MEDIA-0531,archive_media_post_republication,Lonmin Will Dismiss 1 139 Employees By December Claims Solidarity,2017,Engineering News,https://www.engineeringnews.co.za/article/lonmin-will-dismiss-1-139-employees-by-december-claims-solidarity-2017-10-23,retrieved_extracted,,trafilatura,553,6f18d48727a821dfd6c11f20a529d6d8321a60e8b55ddd94d573f78d3ce40010,false,true
DISC-MEDIA-0660,archive_media_post_republication,Solidarity Requests Labour Court To Review Lonmins Withdrawal Of Solidaritys Rights Recognition,2017,Engineering News,https://www.engineeringnews.co.za/article/solidarity-requests-labour-court-to-review-lonmins-withdrawal-of-solidaritys-rights-recognition-2017-10-24,retrieved_extracted,,trafilatura,708,d0b64050b4476e0b1af0982ddbbb47a4dc47a5a84be3cad65c294b456a044533,false,true
SEC-MEDIA-0196,archive_media_post_republication,Amcu Rebuts As Libellous Allegations That It Is Behind Ongoing Bloodshed,2017,Engineering News,https://www.engineeringnews.co.za/article/amcu-rebuts-as-libellous-allegations-that-it-is-behind-ongoing-bloodshed-2017-10-27,retrieved_extracted,,trafilatura,722,6f0ac0227ceb6c168fbda1766972e63a595f86fc9406c00c8244d46b649f69b8,false,true
DISC-MEDIA-0252,archive_media_post_republication,Op Ed Global Developmental Financial Institution Needs To Be Accountable On Lonmin And Sassa,2017,Daily Maverick,https://www.dailymaverick.co.za/article/2017-11-01-op-ed-global-developmental-financial-institution-needs-to-be-accountable-on-lonmin-and-sassa/,retrieved_extracted,,trafilatura,1599,c502bbcbc7e07de082532df55d742f2716b008f14551fc1d5258c28816710660,false,true
DISC-MEDIA-0667,archive_media_post_republication,Surviving On 3Oz Has Lonmin In Race Against Time,2017,Engineering News,https://www.engineeringnews.co.za/article/surviving-on-3oz-has-lonmin-in-race-against-time-2017-11-09,retrieved_extracted,,trafilatura,1012,ab922fa4add370586f4c02f426cfd767eedcddd617a91ce80401d0c5dd9657ac,false,true
DISC-MEDIA-0396,archive_media_post_republication,Employees Demand Solidaritys Recognition As Trade Union At Lonmin,2017,Engineering News,https://www.engineeringnews.co.za/article/employees-demand-solidaritys-recognition-as-trade-union-at-lonmin-2017-11-10,retrieved_extracted,,trafilatura,538,4e8abb742c15b35ef1a15a40b1da15954d05c9903be2535d347ac72cf78a593a,false,true
DISC-MEDIA-0650,archive_media_post_republication,Sibanye Stillwater To Acquire Embattled Lonmin In All Share Offer,2017,Engineering News,https://www.engineeringnews.co.za/article/sibanye-stillwater-to-acquire-embattled-lonmin-in-all-share-offer-2017-12-14,retrieved_extracted,,trafilatura,1609,4963f3907d89f0af1327ce072eb757aab45c04a7a16ad7ba6d1997a9fad89b3b,false,true
DISC-MEDIA-0365,archive_media_post_republication,Amcu Laments Lack Of Consultation Over Sibanye Stillwaters Acquisition Of Lonmin,2017,Engineering News,https://www.engineeringnews.co.za/article/amcu-laments-lack-of-consultation-over-sibanye-stillwaters-acquisition-of-lonmin-2017-12-15,retrieved_extracted,,trafilatura,655,ca09e1748b29c21a789530c8bd4f7d7cd7601dc764480f4e71e2bc6ed227ee27,false,true
DISC-MEDIA-0619,archive_media_post_republication,Retention Of Jobs Critical Following Sibanye Lonmin Deal Zwane,2017,Engineering News,https://www.engineeringnews.co.za/article/retention-of-jobs-critical-following-sibanye-lonmin-deal-zwane-2017-12-15,retrieved_extracted,,trafilatura,352,9053802b22d12a0d6255b6f6fc0ef845facaf423fa12004c6c29e6ebfc1b5bc0,false,true
DISC-MEDIA-0651,archive_media_post_republication,Sibanye Stillwater To Lonmins Rescue,2017,Engineering News,https://www.engineeringnews.co.za/article/sibanye-stillwater-to-lonmins-rescue-2017-12-19,retrieved_extracted,,trafilatura,507,f5791d7e79cd76f87aa55a3105b2fd7874f63fb8397bf721eeb6ac920ff2dc8b,false,true
DISC-MEDIA-0593,archive_media_post_republication,Num Says Branch Leader At Lonmin Unit Shot Dead,2018,Engineering News,https://www.engineeringnews.co.za/article/num-says-branch-leader-at-lonmin-unit-shot-dead-2018-01-19,retrieved_extracted,,trafilatura,532,f12d40a7e1ca345aa47fc64be449144000ae1e4e154c7a4952cac7cdf969b8d3,false,true
DISC-MEDIA-0253,archive_media_post_republication,Open Letter To Cyril Ramaphosa Use Your Power To Make Reparation Over Marikana,2018,Daily Maverick,https://www.dailymaverick.co.za/article/2018-02-15-open-letter-to-cyril-ramaphosa-use-your-power-to-make-reparation-over-marikana/,retrieved_extracted,,trafilatura,548,5fccc9cbaec711d5df3deb267529a024b954e1c561509d905ef0d382cbf4ad66,false,true
DISC-MEDIA-0397,archive_media_post_republication,Families Of Slain Marikana Miners Call On Ramaphosa To Turn His Promises Into Action,2018,Engineering News,https://www.engineeringnews.co.za/article/families-of-slain-marikana-miners-call-on-ramaphosa-to-turn-his-promises-into-action-2018-02-22,retrieved_extracted,,trafilatura,862,1cd08ba680250afc6901dcd4c4eda75efdec2778b1ea38c5415abfd771b0b0a9,false,true
DISC-MEDIA-0254,archive_media_post_republication,9 Senior Police Officials To Appear For Marikana Murders,2018,Daily Maverick,https://www.dailymaverick.co.za/article/2018-03-15-9-senior-police-officials-to-appear-for-marikana-murders/,retrieved_extracted,,trafilatura,247,afe6e841075269442cb8a7ba40607056a7475f4b787447884eb57b452addde8a,false,true
DISC-MEDIA-0255,archive_media_post_republication,Groundup Marikana Workers Live In Dire Conditions Three Years After Farlam Report,2018,Daily Maverick,https://www.dailymaverick.co.za/article/2018-03-20-groundup-marikana-workers-live-in-dire-conditions-three-years-after-farlam-report/,retrieved_extracted,,trafilatura,693,388e7b1ec42ffe76217ead6bcbb1047d770bd37f68239ff977e2d3d7f7a74066,false,true
DISC-MEDIA-0524,archive_media_post_republication,Lonmin Transaction Filed With South Africas Competition Body,2018,Engineering News,https://www.engineeringnews.co.za/article/lonmin-transaction-filed-with-south-africas-competition-body-2018-03-30,retrieved_extracted,,trafilatura,463,b99eaddd9679a7cee5414fa049ba026f035cf82bb0de9ed5c2a51065986959cd,false,true
DISC-MEDIA-0463,archive_media_post_republication,Lonmin Launches Community Grievance System,2018,Engineering News,https://www.engineeringnews.co.za/article/lonmin-launches-community-grievance-system-2018-04-25,retrieved_extracted,,trafilatura,603,6a75d974ff00ed1f40904d1b835fd293116931edaef0b00a037be1cbc3ce8ca9,false,true
DISC-MEDIA-0431,archive_media_post_republication,Lonmin Ceo Pleads For Consolidation Approval To Save 20 000 Jobs,2018,Engineering News,https://www.engineeringnews.co.za/article/lonmin-ceo-pleads-for-consolidation-approval-to-save-20-000-jobs-2018-05-14,retrieved_extracted,,trafilatura,1172,0e389ad7a41e7c529d9c90d4262eb5791420aa913626f88c13bfd027862c35c8,false,true
DISC-MEDIA-0383,archive_media_post_republication,Britains Competition Watchdog To Look Into Sibanye Lonmin Deal,2018,Engineering News,https://www.engineeringnews.co.za/article/britains-competition-watchdog-to-look-into-sibanye-lonmin-deal-2018-05-15,retrieved_extracted,,trafilatura,772,a1cd7ee349ed4c32d3de2e488e7f843427e2f6a4edb540d28e1f0381b8f3eee7,false,true
DISC-MEDIA-0634,archive_media_post_republication,Sibanye Ceo Confident Of Lonmin Takeover Despite Cash Burn,2018,Engineering News,https://www.engineeringnews.co.za/article/sibanye-ceo-confident-of-lonmin-takeover-despite-cash-burn-2018-05-18,retrieved_extracted,,trafilatura,758,dbbd89783731af3fa68be0d6d7a0d58914f5a2363583b3e96c9683bf12dc1138,false,true
DISC-MEDIA-0256,archive_media_post_republication,Found Not Guilty By Court Marikana Activist Warns Of Cops Pursuing Political Agendas,2018,Daily Maverick,https://www.dailymaverick.co.za/article/2018-05-22-found-not-guilty-by-court-marikana-activist-warns-of-cops-pursuing-political-agendas/,retrieved_extracted,,trafilatura,878,f6413cfa82cd9dcbf6808aae1c56bd71ea56c69ffae2e6a09841365bf29279a9,false,true
DISC-MEDIA-0392,archive_media_post_republication,Consolidation Needed To Save Jobs Lonmin,2018,Engineering News,https://www.engineeringnews.co.za/article/consolidation-needed-to-save-jobs-lonmin-2018-05-25,retrieved_extracted,,trafilatura,1151,c7989b90fdb6c4c503ae14dd195abb7081578f9eb6d2fdbfed8f53e7be4c191e,false,true
DISC-MEDIA-0399,archive_media_post_republication,Farlam Unhappy With Snail Pace In Implementation Of His Marikana Recommendations,2018,Engineering News,https://www.engineeringnews.co.za/article/farlam-unhappy-with-snail-pace-in-implementation-of-his-marikana-recommendations-2018-08-16,retrieved_extracted,,trafilatura,795,fb4af15fae39d71e0ef589961582617a7397b0312b752463da2a9c64440bfe30,false,true
DISC-MEDIA-0636,archive_media_post_republication,Sibanye Expects Lonmin Competition Finality October,2018,Engineering News,https://www.engineeringnews.co.za/article/sibanye-expects-lonmin-competition-finality-october-2018-08-27,retrieved_extracted,,trafilatura,941,9bdfca7d228dbe167f21a05611a2b66211edb0c050ddb3558a18e1855b3a39e4,false,true
DISC-MEDIA-0648,archive_media_post_republication,Sibanye Stillwater Expects Lonmin Competition Finality In October,2018,Engineering News,https://www.engineeringnews.co.za/article/sibanye-stillwater-expects-lonmin-competition-finality-in-october-2018-08-27,retrieved_extracted,,trafilatura,942,cb0ffd900eb6dc5de07f4cf970112ea80b6d1042d3f33f58d72d45331c15a68a,false,true
DISC-MEDIA-0391,archive_media_post_republication,Competition Watchdog Imposes Conditions On Sibanye Lonmin Deal,2018,Engineering News,https://www.engineeringnews.co.za/article/competition-watchdog-imposes-conditions-on-sibanye-lonmin-deal-2018-09-18,retrieved_extracted,,trafilatura,563,6b99515c4fd40816fa3973f62d094b96d59668a68442e50f4d2cd45e93393db1,false,true
DISC-MEDIA-0381,archive_media_post_republication,Bid To Have Lonmins Mining Licence Suspended Heads To Court,2018,Engineering News,https://www.engineeringnews.co.za/article/bid-to-have-lonmins-mining-licence-suspended-heads-to-court-2018-10-25,retrieved_extracted,,trafilatura,1304,bcfb8994048e81582ed641412bd5e0f88bf97aaaa568386dc69e22ad61831200,false,true
DISC-MEDIA-0257,archive_media_post_republication,Lonmin Says It Is A Victim Of Vexatious Litigation,2018,Daily Maverick,https://www.dailymaverick.co.za/article/2018-10-29-lonmin-says-it-is-a-victim-of-vexatious-litigation/,retrieved_extracted,,trafilatura,761,da45201c478c73035a71074cf39a7290bbf1f2c6ee24c29623b7132d47308927,false,true
DISC-MEDIA-0348,archive_media_post_republication,Marikana The Axe Forgets But The Tree Remembers,2018,Daily Maverick,https://www.dailymaverick.co.za/opinionista/2018-11-07-marikana-the-axe-forgets-but-the-tree-remembers/,retrieved_extracted,,trafilatura,1044,bf99256c43ed1430c38ac30e319b6eb4d7589688db101d258a4fc058b8d36667,false,true
DISC-MEDIA-0677,archive_media_post_republication,Tribunal To Hold Sibanye Lonmin Merger Hearing Next Week,2018,Engineering News,https://www.engineeringnews.co.za/article/tribunal-to-hold-sibanye-lonmin-merger-hearing-next-week-2018-11-09,retrieved_extracted,,trafilatura,721,0863a93450dd7a3429a7404ca2e137c02af4b94c146bf9dc657da4910e6f5e3a,false,true
DISC-MEDIA-0533,archive_media_post_republication,Lonmins Biggest Union Wants Sibanye Deal Stopped Over Job Cuts,2018,Engineering News,https://www.engineeringnews.co.za/article/lonmins-biggest-union-wants-sibanye-deal-stopped-over-job-cuts-2018-11-13,retrieved_extracted,,trafilatura,624,3df79825899b92496908001b87094deec1924ad177c687b9d97ec936854925cb,false,true
DISC-MEDIA-0368,archive_media_post_republication,Amcu Moves To Overturn Sibanyes Lonmin Deal,2018,Engineering News,https://www.engineeringnews.co.za/article/amcu-moves-to-overturn-sibanyes-lonmin-deal-2018-12-20,retrieved_extracted,,trafilatura,449,9d1802c34777fea746142b808e317081bc0e5746c1377f15c8d8d9f5633cdca5,false,true
DISC-MEDIA-0349,archive_media_post_republication,Da Appropriation Of Marikana And Life Esidimeni Names Is Crude Partly Political Electioneering,2019,Daily Maverick,https://www.dailymaverick.co.za/opinionista/2019-01-18-da-appropriation-of-marikana-and-life-esidimeni-names-is-crude-partly-political-electioneering/,retrieved_extracted,,trafilatura,1063,1643df384cac32664c7777c6d6c482221db3fcf004df2ed9c96ade7e12c372cc,false,true
SEC-MEDIA-1013,archive_media_post_republication,South African Court Blocks Mine Union Amcu Plans For Industry Wide Strike,2019,Engineering News,https://www.engineeringnews.co.za/article/south-african-court-blocks-mine-union-amcu-plans-for-industry-wide-strike-2019-03-15,retrieved_extracted,,trafilatura,560,8d721583cd37a8a0bfb3bd2d053f589e1c06862d57afc760afddb4d85c51729a,false,true
DISC-MEDIA-0369,archive_media_post_republication,Amcu Slams Lonmin Sibanye Merger Over Magnitude Of Job Losses At Appeal Court,2019,Engineering News,https://www.engineeringnews.co.za/article/amcu-slams-lonmin-sibanye-merger-over-magnitude-of-job-losses-at-appeal-court-2019-04-08,retrieved_extracted,,trafilatura,902,b97064b807c8aacc8e94ac77d28a255b756541453e725582f1b17c1906ce8151,false,true
SEC-MEDIA-0040,archive_media_post_republication,The Balance In Sas Bloody Strike At Sibanye Stillwaters Mines Tips Slightly,2019,Daily Maverick,https://www.dailymaverick.co.za/article/2019-04-09-the-balance-in-sas-bloody-strike-at-sibanye-stillwaters-mines-tips-slightly/,retrieved_extracted,,trafilatura,823,eb9deaba06078f8a3f72255cb3ef9809b0c9f8f149e51e32ec0bea4981bf1f20,false,true
DISC-MEDIA-0258,archive_media_post_republication,Lonmin Case Shows How Hard It Is To Hold Mines To Account,2019,Daily Maverick,https://www.dailymaverick.co.za/article/2019-04-26-lonmin-case-shows-how-hard-it-is-to-hold-mines-to-account/,retrieved_extracted,,trafilatura,1070,ac870e618ad12c00e5e1fe069318c0cfed25947d9a55de781719bbaeae730881,false,true
SEC-MEDIA-0044,archive_media_post_republication,Deregistration Threat To Amcu Calls For Active Union Solidarity,2019,Daily Maverick,https://www.dailymaverick.co.za/article/2019-04-29-deregistration-threat-to-amcu-calls-for-active-union-solidarity/,retrieved_extracted,,trafilatura,577,95a8ef11d00a51921a70ecd2c3a3aae04e972d69ba40b5acc6f94e1bf848f369,false,true
DISC-MEDIA-0570,archive_media_post_republication,Marikana Mineworkers Case Postponed Again,2019,Engineering News,https://www.engineeringnews.co.za/article/marikana-mineworkers-case-postponed-again-2019-05-07,retrieved_extracted,,trafilatura,617,a521244bcc4799117fe8e02b1a791a537e87eb935e430230b6e0f0113aaff875,false,true
DISC-MEDIA-0466,archive_media_post_republication,Lonmin Likely To Cut Fewer Jobs Due To Revenue Boost Ceo,2019,Engineering News,https://www.engineeringnews.co.za/article/lonmin-likely-to-cut-fewer-jobs-due-to-revenue-boost-ceo-2019-05-15,retrieved_extracted,,trafilatura,747,c9616743852eab02e856c69a6fdff46d866e3ed6ac5447c7e33ea5a8c9aa366e,false,true
SEC-MEDIA-0877,archive_media_post_republication,Sibanye Stillwater Plans To Resume Dividend Payments In 2020,2019,Engineering News,https://www.engineeringnews.co.za/article/sibanye-stillwater-plans-to-resume-dividend-payments-in-2020-2019-05-16,retrieved_extracted,,trafilatura,664,e41470a6f9dc472b008a6bc43a1b3863bf1cdbd9baf200aa3bc9dfd8b3ffe1f3,false,true
DISC-MEDIA-0476,archive_media_post_republication,Lonmin Plans To Cut 4 100 Workers As It Closes Platinum Mines,2019,Engineering News,https://www.engineeringnews.co.za/article/lonmin-plans-to-cut-4-100-workers-as-it-closes-platinum-mines-2019-05-21,retrieved_extracted,,trafilatura,427,2f9c25b362167103bf6d5457adc350cecfa3c8b0b27c04aa95c05906ec65611c,false,true
DISC-MEDIA-0259,archive_media_post_republication,Sibanye Stillwater Ceo Explains Why He Has Drawn A Line In The Sand On Lonmin Deal,2019,Daily Maverick,https://www.dailymaverick.co.za/article/2019-05-22-sibanye-stillwater-ceo-explains-why-he-has-drawn-a-line-in-the-sand-on-lonmin-deal/,retrieved_extracted,,trafilatura,788,a5d18f435c6c74054cc057e7e9b4fb433aecded27c05b9615b56a83a6a30b7ec,false,true
DISC-MEDIA-0601,archive_media_post_republication,Pic Faces Dilemma Over Backing Lonmin Deal,2019,Engineering News,https://www.engineeringnews.co.za/article/pic-faces-dilemma-over-backing-lonmin-deal-2019-05-23,retrieved_extracted,,trafilatura,772,7aab2a163294328ed9dc0a60af389c815af1c4f59fbd91fc00aafb050603c047,false,true
DISC-MEDIA-0260,archive_media_post_republication,After Gobbling Up Lonmin The Sibanye Juggernaut Rolls On,2019,Daily Maverick,https://www.dailymaverick.co.za/article/2019-05-28-after-gobbling-up-lonmin-the-sibanye-juggernaut-rolls-on/,retrieved_extracted,,trafilatura,784,9b106b5021951918b0ea4b13e140525db75f1d52577fc88ec92b132f7cc0ca79,false,true
SEC-MEDIA-0125,archive_media_post_republication,After Ma Spree Sibanye Is Now The Worlds Largest Platinum Miner,2019,Engineering News,https://www.engineeringnews.co.za/article/after-ma-spree-sibanye-is-now-the-worlds-largest-platinum-miner-2019-05-30,retrieved_extracted,,trafilatura,867,8a9eb7509358114db76735902ce84fe62330887576f715713aa2de0b23e8f40f,false,true
DISC-MEDIA-0620,archive_media_post_republication,Rights Groups Demand Police Accountability For Marikana Massacre,2019,Engineering News,https://www.engineeringnews.co.za/article/rights-groups-demand-police-accountability-for-marikana-massacre-2019-06-11,retrieved_extracted,,trafilatura,706,0e8f6d0e9c632c26b57894fa3875f2cf996fae30adfd8825045a00e736724aa4,false,true
DISC-MEDIA-0262,archive_media_post_republication,Obituary After The Marikana Massacre The Writing Was On The Wall For Lonmin,2019,Daily Maverick,https://www.dailymaverick.co.za/article/2019-06-12-obituary-after-the-marikana-massacre-the-writing-was-on-the-wall-for-lonmin/,retrieved_extracted,,trafilatura,1225,9cd4141e25807f8404523efe5eb26438a45930494423be1ba253c30e31a28bdb,false,true
SEC-MEDIA-0213,archive_media_post_republication,Amcu Seeks Basic Wage Of R17 000 For Members In Platinum Sector,2019,Engineering News,https://www.engineeringnews.co.za/article/amcu-seeks-basic-wage-of-r17-000-for-members-in-platinum-sector-2019-06-14,retrieved_extracted,,trafilatura,1095,ec48ba2f4e9397dd7fb5bfdf8842bf1b22e4bac778cc3c10000d4d667fe89d2a,false,true
DISC-MEDIA-0394,archive_media_post_republication,Defence Blasts Ipid For Shoddy Investigation After Marikana Shooting In 2012,2019,Engineering News,https://www.engineeringnews.co.za/article/defence-blasts-ipid-for-shoddy-investigation-after-marikana-shooting-in-2012-2019-06-14,retrieved_extracted,,trafilatura,937,96f33dea53fc74ddbbd028da7ca302603433c5937dfebe02dcb5f01fb22e9b27,false,true
SEC-MEDIA-1017,archive_media_post_republication,Sp Revises Sibanyes Outlook To Negative Owing To Liquidity Concerns,2019,Engineering News,https://www.engineeringnews.co.za/article/sp-revises-sibanyes-outlook-to-negative-owing-to-liquidity-concerns-2019-06-14,retrieved_extracted,,trafilatura,880,5bc7f6d81e9dbeee73c577b66899d971639f6658dfc4bcd529b83bf18e37bfe1,false,true
DISC-MEDIA-0661,archive_media_post_republication,Solidarity Says Courts Ruling Against Amcu Agency Fee At Lonmin Is Victory For Workers,2019,Engineering News,https://www.engineeringnews.co.za/article/solidarity-says-courts-ruling-against-amcu-agency-fee-at-lonmin-is-victory-for-workers-2019-06-25,retrieved_extracted,,trafilatura,606,0a69a1ab50407eabf4c30ea329cf6672b7d12a7a47c159fd847cf047082aa65d,false,true
SEC-MEDIA-0478,archive_media_post_republication,Platinum Giants Eye Sibanyes Gold Mining Deal As Wage Yardstick,2019,Engineering News,https://www.engineeringnews.co.za/article/platinum-giants-eye-sibanyes-gold-mining-deal-as-wage-yardstick-2019-07-18,retrieved_extracted,,trafilatura,841,5a5fe17b925d470640d1496b42891d913b23f16a7c541a6fbba14bc744217e8c,false,true
DISC-MEDIA-0263,archive_media_post_republication,Its A Done Deal Sibanye Tells Mining Communities Challenging R5Bn Lonmin Merger,2019,Daily Maverick,https://www.dailymaverick.co.za/article/2019-08-05-its-a-done-deal-sibanye-tells-mining-communities-challenging-r5bn-lonmin-merger/,retrieved_extracted,,trafilatura,910,98c115b43467d1a806768ca73d526bda876b5b856c2bf66f3d5fce687f4c3c5a,false,true
SEC-MEDIA-0251,archive_media_post_republication,Amcu Warns Of Possible Sibanye Platinum Strike As Negotiations Continue,2019,Engineering News,https://www.engineeringnews.co.za/article/amcu-warns-of-possible-sibanye-platinum-strike-as-negotiations-continue-2019-08-13,retrieved_extracted,,trafilatura,981,52109dc6aeaf22b53f19db0cd38e7803cd80773da89518e399d8da9cb8079271,false,true
DISC-MEDIA-0606,archive_media_post_republication,Policemen Mineworkers In Court Ahead Of 7Th Marikana Massacre Commemoration,2019,Engineering News,https://www.engineeringnews.co.za/article/policemen-mineworkers-in-court-ahead-of-7th-marikana-massacre-commemoration-2019-08-14,retrieved_extracted,,trafilatura,1229,71ac778613ad1518bb0cc2508bc910c43942a8df173571c0edba042a35eb5161,false,true
DISC-MEDIA-0350,archive_media_post_republication,As We Commemorate Marikana Reconciliation Should Be Our Priority,2019,Daily Maverick,https://www.dailymaverick.co.za/opinionista/2019-08-15-as-we-commemorate-marikana-reconciliation-should-be-our-priority/,retrieved_extracted,,trafilatura,467,f598e04a4656e4c042e3e1d93934382164c6f852ee8e83490a6b91b1e419c25e,false,true
DISC-MEDIA-0264,archive_media_post_republication,Marikana Fighting Crime Shouldnt Trump Sas Public Order Policing,2019,Daily Maverick,https://www.dailymaverick.co.za/article/2019-08-16-marikana-fighting-crime-shouldnt-trump-sas-public-order-policing/,retrieved_extracted,,trafilatura,996,a4468723b8df96b620f1e532e093ed6928b8e9053b190a2cc7fe44760520ef9d,false,true
DISC-MEDIA-0407,archive_media_post_republication,Govt Observes Anniversary Of Marikana Tragedy,2019,Engineering News,https://www.engineeringnews.co.za/article/govt-observes-anniversary-of-marikana-tragedy-2019-08-16,retrieved_extracted,,trafilatura,613,198d40a7347928119a3f280361433f4b41be2c3c1b5de14935993f3897c3a98c,false,true
DISC-MEDIA-0627,archive_media_post_republication,Sacp Remembers Marikana Tragedy Calls For Unity Against Economic Exploitation,2019,Engineering News,https://www.engineeringnews.co.za/article/sacp-remembers-marikana-tragedy-calls-for-unity-against-economic-exploitation-2019-08-16,retrieved_extracted,,trafilatura,605,d2602530ed89e62754844a2b07c7f75d4ad8768245d573f653f3cb2e17026eaf,false,true
DISC-MEDIA-0630,archive_media_post_republication,Seven Years Since Marikana Massacre And Still No Justice Says Rights Institute,2019,Engineering News,https://www.engineeringnews.co.za/article/seven-years-since-marikana-massacre-and-still-no-justice-says-rights-institute-2019-08-16,retrieved_extracted,,trafilatura,670,15f896f9a4fdf1185d10a8e96a60f3b52908aa27a149cc2227d449749cf5a572,false,true
DISC-MEDIA-0265,archive_media_post_republication,Marikana The Seven Year Struggle,2019,Daily Maverick,https://www.dailymaverick.co.za/article/2019-08-17-marikana-the-seven-year-struggle/,retrieved_extracted,,trafilatura,95,bd5844b36804fec5a23c3e5b97aa4d1c9bc470f0a7d9ce13efa30d1dca04e9dd,false,true
DISC-MEDIA-0351,archive_media_post_republication,Marikana Memories A Place Of Hard Hearts Cold Courage And Brutal Vengeance,2019,Daily Maverick,https://www.dailymaverick.co.za/opinionista/2019-08-18-marikana-memories-a-place-of-hard-hearts-cold-courage-and-brutal-vengeance/,retrieved_extracted,,trafilatura,2518,35d87b55c8fa1edd9c16f50d5164b15b7c0bd1b5697f5b29a680176429c345b9,false,true
SEC-MEDIA-0706,archive_media_post_republication,Sibanye Looks Forward To More Positive Second Half Performance,2019,Engineering News,https://www.engineeringnews.co.za/article/sibanye-looks-forward-to-more-positive-second-half-performance-2019-08-29,retrieved_extracted,,trafilatura,1919,171dd9e3873c8ec1933a125019b45dbe25f743929bf6baa7ce6d5d5ea0cc947f,false,true
SEC-MEDIA-0049,archive_media_post_republication,Mathunjwa Evoking God And Hitler Remains At Amcu Helm As Platinum Wage Talks Rumble On,2019,Daily Maverick,https://www.dailymaverick.co.za/article/2019-09-22-mathunjwa-evoking-god-and-hitler-remains-at-amcu-helm-as-platinum-wage-talks-rumble-on/,retrieved_extracted,,trafilatura,753,6fbf9a23a8fe06b15f67fbebc2d603235cb19e9065b7cf1908bded753e8985b2,false,true
DISC-MEDIA-0266,archive_media_post_republication,5270 Jobs On Chopping Block As Sibanye Restructures Marikana,2019,Daily Maverick,https://www.dailymaverick.co.za/article/2019-09-26-5270-jobs-on-chopping-block-as-sibanye-restructures-marikana/,retrieved_extracted,,trafilatura,459,5a78c786c9598848126d06ded246b06eed4a762dd83cb6ef5b1c5555e1cec6d7,false,true
DISC-MEDIA-0654,archive_media_post_republication,Sibanyes Marikana Restructuring Good In The Long Run Say Market Commentators,2019,Engineering News,https://www.engineeringnews.co.za/article/sibanyes-marikana-restructuring-good-in-the-long-run-say-market-commentators-2019-09-26,retrieved_extracted,,trafilatura,656,b68c3c4f6fe9c0979e76383d89aa6b77b165b3b2dea3f3179b23690e2461bb62,false,true
DISC-MEDIA-0628,archive_media_post_republication,Sanco Wants Government To Intervene To Halt Looming Job Cut In Marikana,2019,Engineering News,https://www.engineeringnews.co.za/article/sanco-wants-government-to-intervene-to-halt-looming-job-cut-in-marikana-2019-09-27,retrieved_extracted,,trafilatura,518,1d66312dcc9c4a211b73af75a79477f6a9738cc9bf68b555154e79e1e90da1d1,false,true
SEC-MEDIA-0197,archive_media_post_republication,Amcu Refers Platinum Wage Talks With Sibanye To Ccma,2019,Engineering News,https://www.engineeringnews.co.za/article/amcu-refers-platinum-wage-talks-with-sibanye-to-ccma-2019-10-01,retrieved_extracted,,trafilatura,443,46668e66e86dbd23c73f91546aeb37bad1a7ea429015855c9e7744934a996ff7,false,true
SEC-MEDIA-0577,archive_media_post_republication,Sibanye Ceo Sees Wage Strike Unlikely At Platinum Mines,2019,Engineering News,https://www.engineeringnews.co.za/article/sibanye-ceo-sees-wage-strike-unlikely-at-platinum-mines-2019-10-25,retrieved_extracted,,trafilatura,423,84d676efb9be823be84e718c07596a2fc84722a3ffdddbe05ec3cf34b3316cbd,false,true
DISC-MEDIA-0401,archive_media_post_republication,Former Top Cop Back In The Dock Over Shooting Of 30 Mine Workers At Marikana,2019,Engineering News,https://www.engineeringnews.co.za/article/former-top-cop-back-in-the-dock-over-shooting-of-30-mine-workers-at-marikana-2019-10-29,retrieved_extracted,,trafilatura,585,bb3c6b29fd825db2f53928fca4b5a39f3436c35d1001f7e4a6772d0943457089,false,true
DISC-MEDIA-0267,archive_media_post_republication,Num Member Shot Dead In Marikana As Platinum Belt Tensions Heat Up,2019,Daily Maverick,https://www.dailymaverick.co.za/article/2019-11-01-num-member-shot-dead-in-marikana-as-platinum-belt-tensions-heat-up/,retrieved_extracted,,trafilatura,382,c6dc532da98649342be7c399e5127157ea83f2c1ae790e62bbc5339edd4685dd,false,true
DISC-MEDIA-0352,archive_media_post_republication,Peace Process In Jeopardy As Another Marikana Num Member Is Murdered,2019,Daily Maverick,https://www.dailymaverick.co.za/opinionista/2019-11-06-peace-process-in-jeopardy-as-another-marikana-num-member-is-murdered/,retrieved_extracted,,trafilatura,509,0dfd3c5b1a7ec8e8db4e2592e377ec712cfa74a093a85ef0db57801208811018,false,true
SEC-MEDIA-0212,archive_media_post_republication,Amcu Says Workers In Platinum Sector May Back Wage Offers,2019,Engineering News,https://www.engineeringnews.co.za/article/amcu-says-workers-in-platinum-sector-may-back-wage-offers-2019-11-07,retrieved_extracted,,trafilatura,586,ae3638893032bbf403923fdf4632a0341b459b550042cdf26372e8a42cbbc7cc,false,true
SEC-MEDIA-0052,archive_media_post_republication,Amcu Again Says That Platinum Wage Deals Will Be Signed,2019,Daily Maverick,https://www.dailymaverick.co.za/article/2019-11-15-amcu-again-says-that-platinum-wage-deals-will-be-signed/,retrieved_extracted,,trafilatura,409,2e83c84ceea0e3f148d53a171c761e0237ea5b34ba7d7e3336d9858ff4fa65e9,false,true
DISC-MEDIA-0268,archive_media_post_republication,Num Holds Its Marikana Rally Vows To Regain Lost Platinum Belt Ground,2019,Daily Maverick,https://www.dailymaverick.co.za/article/2019-11-18-num-holds-its-marikana-rally-vows-to-regain-lost-platinum-belt-ground/,retrieved_extracted,,trafilatura,774,2a82c7d56795715392bfd3fc06f4f9ffaf3b2efa443263a8ff146d271f594ffa,false,true
DISC-MEDIA-0269,archive_media_post_republication,Two Unions Vie For Power In Marikana And The Result Can Be Murder,2019,Daily Maverick,https://www.dailymaverick.co.za/article/2019-11-21-two-unions-vie-for-power-in-marikana-and-the-result-can-be-murder/,retrieved_extracted,,trafilatura,1064,e419f58be1b1fa06faedc74097fa77d1a6c3eea0367c8904d414fc22f5b35a86,false,true
DISC-MEDIA-0270,archive_media_post_republication,Marikana In A Starring Role As Sibanye Stillwater Swings Back To Profit,2020,Daily Maverick,https://www.dailymaverick.co.za/article/2020-02-19-marikana-in-a-starring-role-as-sibanye-stillwater-swings-back-to-profit/,retrieved_extracted,,trafilatura,635,77f0cc914005750b0cc6004c6d755566b0be342301ab415abd9583ea874ffd1c,false,true
DISC-MEDIA-0271,archive_media_post_republication,Marikana Occupiers Reach Landmark Agreement With Property Owners,2020,Daily Maverick,https://www.dailymaverick.co.za/article/2020-03-08-marikana-occupiers-reach-landmark-agreement-with-property-owners/,retrieved_extracted,,trafilatura,844,589a94ee9a7abeb4a6244cd469502ca3e3a7725defcc453909236e57ab710256,false,true
DISC-MEDIA-0353,archive_media_post_republication,Dear President Ramaphosa Rein In The Security Forces Before We Have Another Marikana,2020,Daily Maverick,https://www.dailymaverick.co.za/opinionista/2020-04-14-dear-president-ramaphosa-rein-in-the-security-forces-before-we-have-another-marikana/,retrieved_extracted,,trafilatura,786,0c967136c0913ea637c9517d6c7552939577c0b13ca335348cf61b5cf6a78b6f,false,true
SEC-MEDIA-0764,archive_media_post_republication,Sibanye Reports Record Earnings Record Gold Safety Cut Debt Ratio,2020,Engineering News,https://www.engineeringnews.co.za/article/sibanye-reports-record-earnings-record-gold-safety-cut-debt-ratio-2020-05-12,retrieved_extracted,,trafilatura,2030,73144e148f75fc730b3541a7847baba8b1b73a6eadfa5cd3b117e0764a8c187e,false,true
DISC-MEDIA-0272,archive_media_post_republication,Call For Saps To Apply Marikana Recommendations When Dealing With Civil Unrest,2020,Daily Maverick,https://www.dailymaverick.co.za/article/2020-07-28-call-for-saps-to-apply-marikana-recommendations-when-dealing-with-civil-unrest/,retrieved_extracted,,trafilatura,1061,dd3f09ff4efb1f95b75214e527e54ed6497fd1e537b6eab7f6d05addb7eedd0c,false,true
DISC-MEDIA-0273,archive_media_post_republication,Marikana Massacre Political Will Is Urgently Needed To Deliver Overdue Justice,2020,Daily Maverick,https://www.dailymaverick.co.za/article/2020-08-14-marikana-massacre-political-will-is-urgently-needed-to-deliver-overdue-justice/,retrieved_extracted,,trafilatura,1503,c6bc2cc7a3ad9fbeea2ba2e93cd2beabb997264ab880b9e2af0e3329676767ea,false,true
DISC-MEDIA-0274,archive_media_post_republication,Remembering And Renewal Thoughts On Building A Positive Future For The Marikana Region,2020,Daily Maverick,https://www.dailymaverick.co.za/article/2020-08-14-remembering-and-renewal-thoughts-on-building-a-positive-future-for-the-marikana-region/,retrieved_extracted,,trafilatura,1196,38c606e4dec46d4f8bb0557c255d39af52044b04620d10d0207bda5b7940132d,false,true
DISC-MEDIA-0354,archive_media_post_republication,Marikana The Long Wait For Truth Justice And Compensation,2020,Daily Maverick,https://www.dailymaverick.co.za/opinionista/2020-08-14-marikana-the-long-wait-for-truth-justice-and-compensation/,retrieved_extracted,,trafilatura,619,1f58e49c26aac36f5030e2e5a16740ba1ba6c50dbe622aa047dd9e9b8eaeb4a3,false,true
DISC-MEDIA-0275,archive_media_post_republication,Remembering Marikana Dali Mpofu Demands An Apology And Compensation By 31 August,2020,Daily Maverick,https://www.dailymaverick.co.za/article/2020-08-17-remembering-marikana-dali-mpofu-demands-an-apology-and-compensation-by-31-august/,retrieved_extracted,,trafilatura,939,bdc13fe7b4ed8c629e79ef2aff4934c529fb505480a91f889bd8f7da93f88c78,false,true
DISC-MEDIA-0276,archive_media_post_republication,Marikana Experts Report Points The Way To Better Policing,2020,Daily Maverick,https://www.dailymaverick.co.za/article/2020-08-18-marikana-experts-report-points-the-way-to-better-policing/,retrieved_extracted,,trafilatura,963,48ed87ce3157134c39ed71475547c6906973f2330d19730b6a71fa3289e354fd,false,true
DISC-MEDIA-0277,archive_media_post_republication,Judge Farlam Someone Could Come Forward To Solve Marikana Mystery,2020,Daily Maverick,https://www.dailymaverick.co.za/article/2020-08-19-judge-farlam-someone-could-come-forward-to-solve-marikana-mystery/,retrieved_extracted,,trafilatura,1071,3f4d4d58fc05092d747404e252b9c02163504482bc69027884eb3a0764e7a2d3,false,true
DISC-MEDIA-0278,archive_media_post_republication,The Missing R617 Million Can The Bapo Ba Mogale Retrieve Their Stolen Funds,2020,Daily Maverick,https://www.dailymaverick.co.za/article/2020-08-21-the-missing-r617-million-can-the-bapo-ba-mogale-retrieve-their-stolen-funds/,retrieved_extracted,,trafilatura,1899,cfd41943d0b9eb6bb3b3b5b2e697b63529097b4deaf0e9c6a2778cfd5087f955,false,true
DISC-MEDIA-0279,archive_media_post_republication,Sibanye Stillwater Ceo Says Marikana Wont Be Swept Under The Carpet,2020,Daily Maverick,https://www.dailymaverick.co.za/article/2020-09-10-sibanye-stillwater-ceo-says-marikana-wont-be-swept-under-the-carpet/,retrieved_extracted,,trafilatura,426,a8d89ae8f4c82ff11cecc759accf50ec0027fd4efc17e9218520bd35554a6517,false,true
DISC-MEDIA-0355,archive_media_post_republication,Mauritius To Marikana Lessons For Zondo From Past Commissions,2020,Daily Maverick,https://www.dailymaverick.co.za/opinionista/2020-10-05-mauritius-to-marikana-lessons-for-zondo-from-past-commissions/,retrieved_extracted,,trafilatura,2387,db410cbc56031ec1ebcc34d90cda23ef1389bcf5383154385fb32883a85518c0,false,true
SEC-MEDIA-0063,archive_media_post_republication,Earnings Surge For Gold Fields And Its Offspring Sibanye Which Is Shock Expanding In Sa,2021,Daily Maverick,https://www.dailymaverick.co.za/article/2021-02-18-earnings-surge-for-gold-fields-and-its-offspring-sibanye-which-is-shock-expanding-in-sa/,retrieved_extracted,,trafilatura,828,2404cc4e1ef1fcf8855848e5a81eaa310d44a6711047dd91b6fdf30489a8175b,false,true
DISC-MEDIA-0280,archive_media_post_republication,Saps Cherry Picks From 136 Recommendations On Democratic Policing By Expert Panel On Marikana Massacre,2021,Daily Maverick,https://www.dailymaverick.co.za/article/2021-03-29-saps-cherry-picks-from-136-recommendations-on-democratic-policing-by-expert-panel-on-marikana-massacre/,retrieved_extracted,,trafilatura,1455,cb480b359d7fd197ec8fd6f1503efdb0be583a12d4313647326269e02fb96d4b,false,true
DISC-MEDIA-0281,archive_media_post_republication,Residents Left To Pick Up The Pieces Following Devastating Fire In Cato Manors Marikana,2021,Daily Maverick,https://www.dailymaverick.co.za/article/2021-04-30-residents-left-to-pick-up-the-pieces-following-devastating-fire-in-cato-manors-marikana/,retrieved_extracted,,trafilatura,546,361416af66b41062dc73820c7f81f91c3ec271d8f96342a0e2617cddf9b9e7ab,false,true
DISC-MEDIA-0576,archive_media_post_republication,Marikana Trial Miners May Have Been In Possession Of 60 Rounds Of Ammunition Defence Lawyer,2021,Engineering News,https://www.engineeringnews.co.za/article/marikana-trial-miners-may-have-been-in-possession-of-60-rounds-of-ammunition---defence-lawyer-2021-05-25,retrieved_extracted,,trafilatura,906,dc04f9a81a13a1497fe6a7c5cbd950f24d45479063ed68857df672aba0cee3ab,false,true
DISC-MEDIA-0577,archive_media_post_republication,Marikana Trial Provoked Miners Posed No Threat When Tear Gas Stun Grenades Were Fired At Them,2021,Engineering News,https://www.engineeringnews.co.za/article/marikana-trial-provoked-miners-posed-no-threat-when-tear-gas-stun-grenades-were-fired-at-them-2021-05-27,retrieved_extracted,,trafilatura,1075,9dc7ac5bdf4f0c29c6227dfc485b20eec04df71f43bb36297ab765a40ec5a80b,false,true
DISC-MEDIA-0282,archive_media_post_republication,The Only Way To Honour Massacred Miners Of Marikana Is For Miners To Own 51 Of Mines Xolani Dube,2021,Daily Maverick,https://www.dailymaverick.co.za/article/2021-08-11-the-only-way-to-honour-massacred-miners-of-marikana-is-for-miners-to-own-51-of-mines-xolani-dube/,retrieved_extracted,,trafilatura,524,71cd44198413808c7078a4641773e86292a725ced56f43cd9e4ff7d400a1af7b,false,true
DISC-MEDIA-0372,archive_media_post_republication,Amcu To Commemorate Marikana Celebrate Womens Month With Upcoming Events,2021,Engineering News,https://www.engineeringnews.co.za/article/amcu-to-commemorate-marikana-celebrate-womens-month-with-upcoming-events-2021-08-11,retrieved_extracted,,trafilatura,663,ba9bcdefff3afe34da28b4a8ff0de6d8962d9355a32ebc379121fcf86eb4fc93,false,true
DISC-MEDIA-0283,archive_media_post_republication,Marikana Massacre South Africa May Be Grappling With Whose Pain Is More Worthy Of Nationwide Recognition,2021,Daily Maverick,https://www.dailymaverick.co.za/article/2021-08-14-marikana-massacre-south-africa-may-be-grappling-with-whose-pain-is-more-worthy-of-nationwide-recognition/,retrieved_extracted,,trafilatura,850,9c999a90d0798dc1a1f84a597dee87f9db58e9500e4183ef0cd08e06367bab0e,false,true
DISC-MEDIA-0284,archive_media_post_republication,Marikana Residents Struggle For Their Livelihoods And Dignity In The Dust And Degradation,2021,Daily Maverick,https://www.dailymaverick.co.za/article/2021-08-16-marikana-residents-struggle-for-their-livelihoods-and-dignity-in-the-dust-and-degradation/,retrieved_extracted,,trafilatura,2247,538c2df101c8971f06f3014dd38323c37553fff3a8335c3538b06828bc81a288,false,true
DISC-MEDIA-0285,archive_media_post_republication,This Week Nine Years After 34 Miners Were Killed At Marikana South Africa Continues To Mourn,2021,Daily Maverick,https://www.dailymaverick.co.za/article/2021-08-16-this-week-nine-years-after-34-miners-were-killed-at-marikana-south-africa-continues-to-mourn/,retrieved_extracted,,trafilatura,538,20c563f93a5e9b293eea00fb2c56ec04a605c2cdaf2eac81089fda81f9064b23,false,true
DISC-MEDIA-0287,archive_media_post_republication,Returning To Marikana Seeing That Koppie Where The Bodies Once Lay Was Tough,2021,Daily Maverick,https://www.dailymaverick.co.za/article/2021-08-17-returning-to-marikana-seeing-that-koppie-where-the-bodies-once-lay-was-tough/,retrieved_extracted,,trafilatura,419,11f02e8e9df357b7fc4dee8de436a4ab23115a58650c41c0629f131fbc28fab4,false,true
DISC-MEDIA-0356,archive_media_post_republication,The Marikana Memorial Lecture Lessons We Learnt From That Fateful Day,2021,Daily Maverick,https://www.dailymaverick.co.za/opinionista/2021-08-17-the-marikana-memorial-lecture-lessons-we-learnt-from-that-fateful-day/,retrieved_extracted,,trafilatura,933,85885c7ae8a320961a771d221d26bdff9967c31bc3212e22561eb33225ce1dbe,false,true
DISC-MEDIA-0578,archive_media_post_republication,Marikanamassacre Commemorated With Second Yearly Memorial Lecture,2021,Engineering News,https://www.engineeringnews.co.za/article/marikanamassacre-commemorated-with-second-yearly-memorial-lecture-2021-08-17,retrieved_extracted,,trafilatura,1158,ca90bd656cfc4c1313f9e35664e70b4173190ccf4645ecb2f1a27fba81e013f2,false,true
DISC-MEDIA-0357,archive_media_post_republication,I Heard The Machine Gun Fire Sound Of Police Shooting Down The Mineworkers In Marikana How Did We Come To This,2021,Daily Maverick,https://www.dailymaverick.co.za/opinionista/2021-08-18-i-heard-the-machine-gun-fire-sound-of-police-shooting-down-the-mineworkers-in-marikana-how-did-we-come-to-this/,retrieved_extracted,,trafilatura,938,b5b449e23dd9a57302d4cfd78d2e8b2586aaa1f045294927a489421a5cd7b76c,false,true
DISC-MEDIA-0364,archive_media_post_republication,Amcu Calls For Inquest Into South African Mining Fatalities Another Person Dies At Marikana,2021,Engineering News,https://www.engineeringnews.co.za/article/amcu-calls-for-inquest-into-south-african-mining-fatalities-another-person-dies-at-marikana-2021-11-23,retrieved_extracted,,trafilatura,638,b7ac5bd50d810b18db59b406f3e62e66e3b9f7b2dc6691e33e3c2c583cbe2a05,false,true
SEC-MEDIA-0559,archive_media_post_republication,Sibanye Awards 51 Bursaries,2022,Engineering News,https://www.engineeringnews.co.za/article/sibanye-awards-51-bursaries-2022-02-07,retrieved_extracted,,trafilatura,517,10e519263c70ea72d309c701063841a93b58df4a923136306c5f5c222a7d2509,false,true
DISC-MEDIA-0358,archive_media_post_republication,We Remember Marikana Will The Government And President Ramaphosa Also Remember The Massacre 10 Years Later,2022,Daily Maverick,https://www.dailymaverick.co.za/opinionista/2022-02-22-we-remember-marikana-will-the-government-and-president-ramaphosa-also-remember-the-massacre-10-years-later/,retrieved_extracted,,trafilatura,655,3b12394e56ef069bf74e65bc6683f799c6e5389a9290ab8185e044e1e4d7b58d,false,true
DISC-MEDIA-0288,archive_media_post_republication,Marikana A Peoples History An Analysis Of Scene Two Of The Massacre,2022,Daily Maverick,https://www.dailymaverick.co.za/article/2022-04-18-marikana-a-peoples-history-an-analysis-of-scene-two-of-the-massacre/,retrieved_extracted,,trafilatura,1516,9ca0ad26af9b6068fa7f8c3cbda33c392dee9b021857142a96db648a05fcd3f3,false,true
SEC-MEDIA-0928,archive_media_post_republication,Sibanye Suspends Gold Guidance But Reports Strong First Quarter Earnings,2022,Engineering News,https://www.engineeringnews.co.za/article/sibanye-suspends-gold-guidance-but-reports-strong-first-quarter-earnings-2022-05-05,retrieved_extracted,,trafilatura,1496,879d4f0d906c2301ffde0ab899270aa9874ea39ad06a6034bd0f779e972342f9,false,true
DISC-MEDIA-0359,archive_media_post_republication,Minister Thulas Nxesi Beware Another Marikana Brewing While You Sleep,2022,Daily Maverick,https://www.dailymaverick.co.za/opinionista/2022-05-08-minister-thulas-nxesi-beware-another-marikana-brewing-while-you-sleep/,retrieved_extracted,,trafilatura,784,4c734e06f951e219de5107c887924d79550bdfca9e36b84e64774877adb9010f,false,true
SEC-MEDIA-0086,archive_media_post_republication,Sibanye Ceo Froneman Explains R300M Renumeration Package,2022,Daily Maverick,https://www.dailymaverick.co.za/article/2022-05-15-sibanye-ceo-froneman-explains-r300m-renumeration-package/,retrieved_extracted,,trafilatura,1316,3ca569b9b128359dffcd46d3071202a9b79102e417cb70087bfabf831dfb329e,false,true
DISC-MEDIA-0289,archive_media_post_republication,Academics In Depth Account Of Marikana Massacre Marred By Curious Omissions,2022,Daily Maverick,https://www.dailymaverick.co.za/article/2022-05-18-academics-in-depth-account-of-marikana-massacre-marred-by-curious-omissions/,retrieved_extracted,,trafilatura,1602,285093a2ce8936a7d2b5a732be05848ca7c1a69fd3bf637c9b9a9a54ea8d78c9,false,true
SEC-MEDIA-0087,archive_media_post_republication,Sibanye Stillwater In Mediation With Striking Unions While Wage Talks Remain Deadlocked,2022,Daily Maverick,https://www.dailymaverick.co.za/article/2022-05-29-sibanye-stillwater-in-mediation-with-striking-unions-while-wage-talks-remain-deadlocked/,retrieved_extracted,,trafilatura,905,b3074cfd6b6b8c35ee1a7f5e8abbb62c2c0c338ed323eb290051f222aac00643,false,true
DISC-MEDIA-0290,archive_media_post_republication,Marikana Informal Settlement Families Still In Land Limbo Five Years After Landmark Ruling,2022,Daily Maverick,https://www.dailymaverick.co.za/article/2022-06-23-marikana-informal-settlement-families-still-in-land-limbo-five-years-after-landmark-ruling/,retrieved_extracted,,trafilatura,782,91e0a19bf26758493c8afe27d97f508617d3f89e380b74ecb2d234daf10cd1f9,false,true
DISC-MEDIA-0291,archive_media_post_republication,Justice For Marikana Community Suffers A Blow After Activist Gunned Down At Her Front Door,2022,Daily Maverick,https://www.dailymaverick.co.za/article/2022-06-28-justice-for-marikana-community-suffers-a-blow-after-activist-gunned-down-at-her-front-door/,retrieved_extracted,,trafilatura,1045,da286c5706375186db638b2c0f060cc1cd444d28160eb4043b0fce1e1d9dcd71,false,true
DISC-MEDIA-0292,archive_media_post_republication,All Marikana Reparations Must Be Settled By End Of August Solicitor General,2022,Daily Maverick,https://www.dailymaverick.co.za/article/2022-08-10-all-marikana-reparations-must-be-settled-by-end-of-august-solicitor-general/,retrieved_extracted,,trafilatura,696,1441f9fc4aabda21696afc9700291d510a1d6435c02ddbc07fd06e54be24183b,false,true
DISC-MEDIA-0599,archive_media_post_republication,Outstanding Marikana Matters Set For Completion By Month End,2022,Engineering News,https://www.engineeringnews.co.za/article/outstanding-marikana-matters-set-for-completion-by-month-end-2022-08-10,retrieved_extracted,,trafilatura,1029,dac948483656d0f9c4705fe646e42f40b76cd4b8e8d430a6bb10041964e71083,false,true
DISC-MEDIA-0293,archive_media_post_republication,The Legacy Of The Marikana Massacre Ten Years Later,2022,Daily Maverick,https://www.dailymaverick.co.za/article/2022-08-11-the-legacy-of-the-marikana-massacre-ten-years-later/,retrieved_extracted,,trafilatura,1237,0886ef3f59d5a6f4c83f0e537faba09ca53ebdb046bbc2434cd0ec7c63944ce2,false,true
DISC-MEDIA-0294,archive_media_post_republication,A Decade Since The Marikana Massacre A Century Since The Rand Revolt,2022,Daily Maverick,https://www.dailymaverick.co.za/article/2022-08-14-a-decade-since-the-marikana-massacre-a-century-since-the-rand-revolt/,retrieved_extracted,,trafilatura,1143,795aac7d2a88f4226b3098be8fdffd56d0c633e439e973190b3346d3f467bb38,false,true
DISC-MEDIA-0295,archive_media_post_republication,Marikana Massacre 10 Years Later,2022,Daily Maverick,https://www.dailymaverick.co.za/article/2022-08-15-marikana-massacre-10-years-later/,retrieved_extracted,,trafilatura,103,3af9a39e7207a95a710c8b092a74c281775788c93a0b347c63195f5881e9b7b0,false,true
DISC-MEDIA-0296,archive_media_post_republication,This Week Remembering The Marikana Massacre World Humanitarian Day And Land Conference,2022,Daily Maverick,https://www.dailymaverick.co.za/article/2022-08-15-this-week-remembering-the-marikana-massacre-world-humanitarian-day-and-land-conference/,retrieved_extracted,,trafilatura,1554,154b8ceb7006abbcd65a011c1fe22441a9476b46580332fdef55bbaa8f8f8c05,false,true
DISC-MEDIA-0297,archive_media_post_republication,The Great Crime Of Marikana And The Deadly Mistakes Made By Police,2022,Daily Maverick,https://www.dailymaverick.co.za/article/2022-08-16-the-great-crime-of-marikana-and-the-deadly-mistakes-made-by-police/,retrieved_extracted,,trafilatura,930,40e3418b419cfb3e13c8b036f6ccfe250d4903304b00f72d9da7e984bf631561,false,true
DISC-MEDIA-0298,archive_media_post_republication,People Gather On Marikanas Koppie Of Death To Reflect On 10 Years Of Lingering Pain And Hanging Promises,2022,Daily Maverick,https://www.dailymaverick.co.za/article/2022-08-17-people-gather-on-marikanas-koppie-of-death-to-reflect-on-10-years-of-lingering-pain-and-hanging-promises/,retrieved_extracted,,trafilatura,194,7b25923fae9b3929e67ad4d0050459ac9d539d0ec3f2ec0dff2a4efc35c4362b,false,true
DISC-MEDIA-0360,archive_media_post_republication,Lets Never Forget The Marikana Massacre And Start The Daunting Task Of Building A Social Pact,2022,Daily Maverick,https://www.dailymaverick.co.za/opinionista/2022-08-18-lets-never-forget-the-marikana-massacre-and-start-the-daunting-task-of-building-a-social-pact/,retrieved_extracted,,trafilatura,1201,126a69b6f00980c94b0f71b1bc8ce89ef7a592af3b28b2b22cf4933ed1587828,false,true
DISC-MEDIA-0299,archive_media_post_republication,Marikana Massacre Mapped Why Operational Commander Brigadier Adrian Calitz Must Face Justice,2022,Daily Maverick,https://www.dailymaverick.co.za/article/2022-09-06-marikana-massacre-mapped-why-operational-commander-brigadier-adrian-calitz-must-face-justice/,retrieved_extracted,,trafilatura,2908,af4290b354073ab0b6704b475e558bbe4847eacef1bbd434010fbb931c6d48e9,false,true
DISC-MEDIA-0300,archive_media_post_republication,Wits To Name Amic Deck Landmark After Mining Firm Students Demand It Be Named After Marikana,2022,Daily Maverick,https://www.dailymaverick.co.za/article/2022-09-23-wits-to-name-amic-deck-landmark-after-mining-firm-students-demand-it-be-named-after-marikana/,retrieved_extracted,,trafilatura,422,55966bacfd91eda497632371e78b5d8f8366f7d03cafeea5c337b15e08103394,false,true
SEC-MEDIA-0099,archive_media_post_republication,Sibanyes Pgm Unit Reaches Pay Deal With Num And Uasa Amcu Declares Dispute,2022,Daily Maverick,https://www.dailymaverick.co.za/article/2022-10-02-sibanyes-pgm-unit-reaches-pay-deal-with-num-and-uasa-amcu-declares-dispute/,retrieved_extracted,,trafilatura,590,46ca213eea7e01ce43c6bd03a7e40c6bcd9e77bef4138d26b092f01485f96878,false,true
SEC-MEDIA-0102,archive_media_post_republication,Sibanye Amcu Sign Five Year Wage Deal As Union Unrest Declines In Pgm Sector,2022,Daily Maverick,https://www.dailymaverick.co.za/article/2022-10-30-sibanye-amcu-sign-five-year-wage-deal-as-union-unrest-declines-in-pgm-sector/,retrieved_extracted,,trafilatura,638,2b82b1651674d61d72b8fff449fb2b39cc9185a514193d3ef62e65ade8ead1f0,false,true
DISC-MEDIA-0301,archive_media_post_republication,From A Mega Project To An Upgrade Marikana Soutpan Families Are Still Waiting,2022,Daily Maverick,https://www.dailymaverick.co.za/article/2022-11-02-from-a-mega-project-to-an-upgrade-marikana-soutpan-families-are-still-waiting/,retrieved_extracted,,trafilatura,794,09037be0e9a3e8ea1b7d4cace4314c5ce65466e9bd8c034ca37096631be42a16,false,true
DISC-MEDIA-0302,archive_media_post_republication,Marikana Rights Defender Christinah Mdau Leads Fight Against Mine,2023,Daily Maverick,https://www.dailymaverick.co.za/article/2023-08-04-marikana-rights-defender-christinah-mdau-leads-fight-against-mine/,retrieved_extracted,,trafilatura,688,1d1e6b3c61688483672cededfac39f6c0559fe2d683c5ac91b74396fe1caa730,false,true
DISC-MEDIA-0303,archive_media_post_republication,Stop Feeding Those Miners Imtiaz Sooliman Recounts Chilling Phone Calls During 2012 Marikana Strike,2023,Daily Maverick,https://www.dailymaverick.co.za/article/2023-08-14-stop-feeding-those-miners-imtiaz-sooliman-recounts-chilling-phone-calls-during-2012-marikana-strike/,retrieved_extracted,,trafilatura,1133,5231aeb62760334b937c7b829f1e68eeb5d22ddcb3b384c046858510b801f9e6,false,true
DISC-MEDIA-0304,archive_media_post_republication,This Week Sa Marks 11 Years Since The Marikana Massacre And The Udf Celebrates 40Th Anniversary,2023,Daily Maverick,https://www.dailymaverick.co.za/article/2023-08-14-this-week-sa-marks-11-years-since-the-marikana-massacre-and-the-udf-celebrates-40th-anniversary/,retrieved_extracted,,trafilatura,1252,efd5b6d54c3d1044f4a93ff57659bd0c488d3522bfce8fbeb3f15c0469f0fc03,false,true
DISC-MEDIA-0568,archive_media_post_republication,Marikana Memorial Lecture Speakers Issue Call To Rebuild,2023,Engineering News,https://www.engineeringnews.co.za/article/marikana-memorial-lecture-speakers-issue-call-to-rebuild-2023-08-14,retrieved_extracted,,trafilatura,1518,bb5555584333bb5eb2fa1032dbfd63e43345cf80bc97f8e4473b44dc17c9db4f,false,true
DISC-MEDIA-0305,archive_media_post_republication,Justice Delayed Is Justice Denied 11 Years Since The Marikana Massacre And Still No Closure,2023,Daily Maverick,https://www.dailymaverick.co.za/article/2023-08-15-justice-delayed-is-justice-denied-11-years-since-the-marikana-massacre-and-still-no-closure/,retrieved_extracted,,trafilatura,936,d952d2045ef0ea5fad8951be194ce5e7567ca00a46538597e37f397a1fb2a410,false,true
DISC-MEDIA-0306,archive_media_post_republication,Witnessing The Shooting Of People At Marikana Left A Massive Scar Felix Dlangamandla Re Examines His Images From That Bloody Day,2023,Daily Maverick,https://www.dailymaverick.co.za/article/2023-08-15-witnessing-the-shooting-of-people-at-marikana-left-a-massive-scar-felix-dlangamandla-re-examines-his-images-from-that-bloody-day/,retrieved_extracted,,trafilatura,3801,a513a989de43430d10b0ef5e4f680b1ff2e81446729579df32655f9bdde32b3e,false,true
DISC-MEDIA-0361,archive_media_post_republication,Marikana 11 Years On Where Little Has Changed And Justice Still Evades Us,2023,Daily Maverick,https://www.dailymaverick.co.za/opinionista/2023-08-15-marikana-11-years-on-where-little-has-changed-and-justice-still-evades-us/,retrieved_extracted,,trafilatura,847,68b8c75bb8cbf79b4a9d7c96ea08221f56f106aaae34c34a6286df9624787a4a,false,true
DISC-MEDIA-0307,archive_media_post_republication,Remember Marikana Also Mourn Victims Of Sa Everyday Violence,2023,Daily Maverick,https://www.dailymaverick.co.za/article/2023-08-16-remember-marikana-also-mourn-victims-of-sa-everyday-violence/,retrieved_extracted,,trafilatura,1641,9020617a9ecf5d1d8f4c2eb539f8a468debd4fad03a2a7fcdf40b4c4325a0d6e,false,true
DISC-MEDIA-0406,archive_media_post_republication,Govt Has Paid Over R330M In Taxpayer Money In Marikana Litigation,2023,Engineering News,https://www.engineeringnews.co.za/article/govt-has-paid-over-r330m-in-taxpayer-money-in-marikana-litigation-2023-08-17,retrieved_extracted,,trafilatura,660,2fa99852690d3ba4807306f7bc6443b153406bb3d01fa66f4071d2df96920e01,false,true
DISC-MEDIA-0308,archive_media_post_republication,Marikana Massacre Victims Families Receive R330 Million From Government 11 Years Later Claims Still Pending,2023,Daily Maverick,https://www.dailymaverick.co.za/article/2023-08-18-marikana-massacre-victims-families-receive-r330-million-from-government-11-years-later-claims-still-pending/,retrieved_extracted,,trafilatura,614,575b818c5e6fa2904c56cc3530405c6ee54d3da0b1cbf90af22e4a0b861c8bdd,false,true
