record_id,stakeholder_group,status,method,words,text_sha256,error
CORP-001,investor,retrieved_extracted,pymupdf,97635,69d7e0cfc85171f0ab5d28bdb78d1133d1d8238a7011ed9386679f55068f27c5,
CORP-002,investor,retrieved_extracted,pypdf,122802,d269633bc639acc87ed20b214d18d802f458ad69ce47042b983dbf9d91b33adf,
CORP-003,investor,retrieved_extracted,pymupdf,114947,8fe1b018c47e5e4987ebb90fe91a004a7892eaf0bc0fc287139ff73cdb67e48a,
CORP-004,investor,retrieved_extracted,pypdf,147501,65958f0fc322584867c0ac28484a9ca56280141635b86a8a009aa99a6e4a9c1f,
CORP-006,investor,retrieved_extracted,pypdf,41631,a69476d8e2ff830470035247b05aa0b7e041efda4a15ac6ca506fba7032cb8bd,
CORP-008,investor,retrieved_extracted,trafilatura,325,df977e9ab7ce473effc2d861b9e81ea46de34dbf6301a97233e976c1aff0e251,
CORP-009,investor,retrieved_extracted,trafilatura,2730,fac8bb110d5ede5abbd11bd0c773542c38250a1f1b3be863ec5cea218f4d6a47,
CORP-NEWS-001,investor,retrieved_extracted,pypdf,1438,cf1889aa2800aa0c8dd4a0fab7fbe5a38fc2742dc1854146c6514b488e478a42,
CORP-NEWS-003,investor,retrieved_extracted,pypdf,915,307fbad8eaa5dacb0714a59449e6e66ff139470c3c5252d6c6cfa5d9cf611886,
CORP-NEWS-005,investor,retrieved_extracted,pypdf,821,e78ae612e5d3dad931eb34174ad4c7d0c97481c3bab1ea8bd191b171c1ec651e,
CORP-SAT-001,investor,retrieved_extracted,trafilatura,120,281130ac753f39cf2e916790599e23ddc1bcbb57378b4383633223a9b8fc24bf,
CORP-SAT-002,investor,retrieved_extracted,trafilatura,1292,49e24cb29abbbd788baad726209355a1ff09d26df81ae312bb98c2dd0d2f6676,
CORP-SAT-003,investor,retrieved_extracted,trafilatura,478,2969298d169c91ef5b6f10c857ea1710ee696e94e6a00146ba3e3bb95fa34bd9,
CORP-SAT-004,investor,retrieved_extracted,trafilatura,1688,4fa6b310739a398a1307ac090b20c2a7c9df369c59c3da4d6d59f857771d405e,
DISC-MEDIA-0001,labour,retrieved_extracted,trafilatura,1239,8c12568b097eaf5088b2bc69f8d7cf039ee44c36ea62092bf6bb79c1e7e81aa1,
DISC-MEDIA-0002,investor,retrieved_extracted,trafilatura,960,0425b9e0b5d6443bd4c9e248039a4b07f54bb2ae7da492022ca8d8da72a847e5,
DISC-MEDIA-0003,labour,retrieved_extracted,trafilatura,1623,edf1c6138605d38cb5b8f7f6bafb52876b9ac59ab03d210eea107a991ea51097,
DISC-MEDIA-0004,labour,retrieved_extracted,trafilatura,914,2c199347114f21fa766065f1c27d1ec0ab0858e02053c20882d985ba538ca0da,
DISC-MEDIA-0005,investor,retrieved_extracted,trafilatura,1180,44613bb417302c3cdd7abfcd2443e36fc3affa1608bb802085ddb5eb244d49c4,
DISC-MEDIA-0006,labour,retrieved_extracted,trafilatura,974,04d4a1f3e25ca3fc487e3bba51f25d35e7e812ba730a61db82919b1e809ee4e6,
DISC-MEDIA-0007,government,retrieved_extracted,trafilatura,971,addfb55131394259868ffc43df8e89157c64d21600680cbf9b9176b3dcd814e0,
DISC-MEDIA-0008,investor,retrieved_extracted,trafilatura,1604,a1ae55b05ba3b6a299305c457b050295e2602fd0427a1981bf28864afda21753,
DISC-MEDIA-0009,labour,retrieved_extracted,trafilatura,1424,90b69f96113f4f62a4f3a7d12e0ae741315bb81f4658a0a5d6ee2fee0241e06f,
DISC-MEDIA-0010,government,retrieved_extracted,trafilatura,1515,169f055a613370904455abf7189c5a2b18d6e7236b47fe24b5af220dceb19df0,
DISC-MEDIA-0011,government,retrieved_extracted,trafilatura,1344,4e7ca8bf8233572e9e323ea0de77d1d1bf8ff82359cdc34517adb97f9c127ca4,
DISC-MEDIA-0012,government,retrieved_extracted,trafilatura,2523,76ef61d43f5f4806e4d550d7b7d4e0a3e1b1324ec16e7a6b8395c7090c6ecebe,
DISC-MEDIA-0014,government,retrieved_extracted,trafilatura,1706,d7cdaf78fef76a143a8a96f60a6fa19b682fb9bfcdaa3bf319d7c13e67886820,
DISC-MEDIA-0015,labour,retrieved_extracted,trafilatura,1007,241c41cbfd6fed26622503cee52b257c487b04dc1ef7c70b42fcd894ee364492,
DISC-MEDIA-0016,labour,retrieved_extracted,trafilatura,1155,e73fbbb2e9ecd42e0a5caf5fb2218a3583dcc635e13b7a9a30c938cfdf3caf7a,
DISC-MEDIA-0017,labour,retrieved_extracted,trafilatura,1607,6ad8c53b2a4f77fd90ec63c73e454671d5e7734b9089f60953035a174a4b8ad9,
DISC-MEDIA-0018,government,retrieved_extracted,trafilatura,1702,320feee87bb29e4b5cc8e4e7e5094a7b11564329cce97c9aeb32aa2c34576909,
DISC-MEDIA-0019,labour,retrieved_extracted,trafilatura,920,9f5d0bcfe8c2a9fea1676785280ce8199037d8bd90694aaac73a751bec33246c,
DISC-MEDIA-0020,government,retrieved_extracted,trafilatura,1731,f886351e30fef0fcd66cef1cce5cad58e214b76fcc3b887ff0af79c015d61fd0,
DISC-MEDIA-0021,government,retrieved_extracted,trafilatura,1436,ab7cbaef26d0912bf3e51a0c2181f20f21bab59d35f84c040c8349908c757c96,
DISC-MEDIA-0022,government,retrieved_extracted,trafilatura,901,d52209e2f6d8797776edd8b15807f2cddb7d9afe1b4418448195befed274cf96,
DISC-MEDIA-0023,government,retrieved_extracted,trafilatura,978,8d53f6610b4451bb814a89c5c84aa7a2d3426ea6ee0863014037b82aa30a18f5,
DISC-MEDIA-0024,government,retrieved_extracted,trafilatura,1658,102da609e128447d2b6596f825c17b3ed33fbe3d472a037226fdcfd30f6dda08,
DISC-MEDIA-0025,government,retrieved_extracted,trafilatura,941,52c094fcb9ee08e42fb6e84db2a2ed098027a7d250b7f166b99d634d7755b6f4,
DISC-MEDIA-0026,government,retrieved_extracted,trafilatura,1219,ebe8f581fa4bfe899dc70e808fcb20a348098397b70ef5b2f759e4719ca12564,
DISC-MEDIA-0027,NGO,retrieved_extracted,trafilatura,1161,5d9372d7a9df0d9c6090245e362d4440ab4e08ba856b4ffa8701ab6279988dc9,
DISC-MEDIA-0028,government,retrieved_extracted,trafilatura,1971,7f532f2c257fd9693784f95d0c4197f9c2a1e70a03042e42137deb82cfa9607e,
DISC-MEDIA-0029,government,retrieved_extracted,trafilatura,1054,efed7c656977c2a85ca1228deabfe7f356af47dc7f053ece66362dda4465c762,
DISC-MEDIA-0030,investor,retrieved_extracted,trafilatura,712,040bd647b6c1d8212ae22fa8c5f1f90d50bb6679a3a00f5e6aefa8691a7630a0,
DISC-MEDIA-0031,government,retrieved_extracted,trafilatura,499,6ffa79b41b41b7fc73bbe4edb062c1bad0efcfbad8d7def6bdb54231e6efd97f,
DISC-MEDIA-0032,government,retrieved_extracted,trafilatura,1362,34acc8bf0c7fafc1cab9919ff3b6fad50a5bc490a3261102c75b80fc5fdc3136,
DISC-MEDIA-0033,investor,retrieved_extracted,trafilatura,1043,678d7879d44ea08de0ced9bf50c6e8d25f1509aac5bbbbbb84bae84082c10390,
DISC-MEDIA-0034,labour,retrieved_extracted,trafilatura,1232,1cfd5e35c17c3a7124ccc24cfb04bf93523a54532be86a0990dfd0a678cae370,
DISC-MEDIA-0036,government,retrieved_extracted,trafilatura,1344,0d11f07605a67c9fccd3262c9a2647d69fce5bfb55704ddbd921575729eb358b,
DISC-MEDIA-0037,labour,retrieved_extracted,trafilatura,1151,7d7c878f0e0b9b8023e7d25958cc59bbb61f3308e2050b9c6a942ef18b55a858,
DISC-MEDIA-0038,investor,retrieved_extracted,trafilatura,1320,7b9d233c7673c27f26ceac18ba5bd3ff1e58a44149df4fd6a6c8b6014af66756,
DISC-MEDIA-0040,labour,retrieved_extracted,trafilatura,867,8bb66b256056e7af50bad3c9b5648940ce39ffbd8ea8fb49db12291b55a4452c,
DISC-MEDIA-0041,investor,retrieved_extracted,trafilatura,677,57a0f84a57567f93562077c6fb2e2ac22a2ae775730fc2b28ec4b86eb2a93125,
DISC-MEDIA-0042,government,retrieved_extracted,trafilatura,897,9d805dad4767814b134fa35757aa5fcaa5a3dae1eb11a39587060b163eb4bb58,
DISC-MEDIA-0044,government,retrieved_extracted,trafilatura,1208,8925156736b7ab2a7c14469fac8efd2b809b54c41d94ee5be105c235d133b232,
DISC-MEDIA-0045,government,retrieved_extracted,trafilatura,1063,7d13638f3a061fa541a337a4dbf6e1e0fa7fccb1b7263b49c05732b5bdaf18e1,
DISC-MEDIA-0046,government,retrieved_extracted,trafilatura,1408,683b3b5a266e23d2d3cb3496d1f868e60f6c7c3ccf2890940979d4ce6a3a72ac,
DISC-MEDIA-0047,labour,retrieved_extracted,trafilatura,1212,9913248414189220a330b44ccdcc4c303f5d6c0783008274718b4b80bf022eab,
DISC-MEDIA-0048,government,retrieved_extracted,trafilatura,1073,564c7769c0c1a973c764789e6c64843b670f31a9a0cb1449c0b2536d3677c92e,
DISC-MEDIA-0050,labour,retrieved_extracted,trafilatura,1369,dfe903ada0f49c8f6d41c066e36cc31b0c07917dae47ec53a8712076892b4461,
DISC-MEDIA-0051,government,retrieved_extracted,trafilatura,980,918303edccb0f484e5f12aeed6810ed66aa7db2e2fe741ecdf7a5ef401cf5d5b,
DISC-MEDIA-0052,community,retrieved_extracted,trafilatura,859,2b812335d66773711ef22e56609c7ebbce93f5abc031bce1430681d65627443f,
DISC-MEDIA-0053,labour,retrieved_extracted,trafilatura,1190,15091627e53d5fa2932a93fa275a2952b5c901a4bcb4ab2c78766badbbc44d68,
DISC-MEDIA-0054,government,retrieved_extracted,trafilatura,1095,8e2195c163fe7f83218078f138ff1ace3c0c639a979d26be9c547cf680b8a771,
DISC-MEDIA-0055,labour,retrieved_extracted,trafilatura,1310,7f7b20d169c7ace42faca491a953c45e30de207bae1205c415bb37a743c3460f,
DISC-MEDIA-0056,labour,retrieved_extracted,trafilatura,1071,584e71ada919374b65338d5cad8da03817e0e01e869ba5d94342f03f8b298257,
DISC-MEDIA-0057,government,retrieved_extracted,trafilatura,1474,7a41735f5c463fffb074e3b66c0b67631a04a362ce5dd57d10c2d609ce579d95,
DISC-MEDIA-0058,government,retrieved_extracted,trafilatura,856,8b4311fcc1054305963b213b761073d3d137cbb8c0367264fc1aef8b789cfdf5,
DISC-MEDIA-0059,government,retrieved_extracted,trafilatura,839,2f848d6129dfa83b9e467516aeb027368b54e39388190d7b2889d69589a55167,
DISC-MEDIA-0060,government,retrieved_extracted,trafilatura,2172,de68baaad373baba074816152c8de7ed72c4c1922656ae82469385992b60d7c0,
DISC-MEDIA-0061,government,retrieved_extracted,trafilatura,1070,f024f40ff5ca402bfa313ea7e8250be65c1c4237c514efa406b872cff10263c3,
DISC-MEDIA-0062,government,retrieved_extracted,trafilatura,1043,f37502148f6e32a371963ff847c4556588702774ee885d84d4719c5a72d3aff7,
DISC-MEDIA-0064,labour,retrieved_extracted,trafilatura,1910,5ca31b1beab861ffa0df7df4b64b6570e2e48d7228e859e6c404f784f9ad23dd,
DISC-MEDIA-0065,government,retrieved_extracted,trafilatura,1119,3e492bdb7787406266712b13d4a8c859fb5a9dc93ad97ee21b602de6ecc22852,
DISC-MEDIA-0066,government,retrieved_extracted,trafilatura,726,ac037daedc036c03ecdf09604e6ab79b4e431fee6afb7514ec2b0ca2ca617e74,
DISC-MEDIA-0067,government,retrieved_extracted,trafilatura,850,a3608f03a2fd1f0c5e2ba94b0a2c4e299bac61c4c5f56343d4aba3bdaac81ad2,
DISC-MEDIA-0068,government,retrieved_extracted,trafilatura,1001,ab71ad494d983bec5e9612dab03c6be4f82838309617ba07b2e81d1bcc22e94b,
DISC-MEDIA-0069,community,retrieved_extracted,trafilatura,1054,26ac8136dd4c27b9c303e8809ed406b89f651438eb494f4e764098647cbd25d0,
DISC-MEDIA-0070,government,retrieved_extracted,trafilatura,1118,978b082b4ad92235946303b0ac3dac6193b5583847632356e5399b94d8b722bd,
DISC-MEDIA-0071,government,retrieved_extracted,trafilatura,1073,b7983aef39d6287e64d6bf4192996a76b5baaf51a47ef32872269816d78c4bd5,
DISC-MEDIA-0072,government,retrieved_extracted,trafilatura,528,9b91703d6d9bec0af92435b8f221d9bd671bdea78a9fcf090550de989c487007,
DISC-MEDIA-0073,government,retrieved_extracted,trafilatura,1091,6fbbe6caf13f5f198e1d9213e653147129be248a0809aa136eda847bd932b109,
DISC-MEDIA-0074,government,retrieved_extracted,trafilatura,980,b5b922bd7c232763e0a8e6c43007259ca0b22e54d3221b5c6985f16b0cd6e7c8,
DISC-MEDIA-0075,government,retrieved_extracted,trafilatura,1016,2099e014b9820dc85234390e4e6354a6ceeb086dc807ecc80700b26fb874e6de,
DISC-MEDIA-0076,community,retrieved_extracted,trafilatura,1563,0489746c0b15d4cb5c3d033e77a9ca837b03d3aceedcb80cd24a03a648b15c55,
DISC-MEDIA-0077,government,retrieved_extracted,trafilatura,914,ae6be7be7cd7f00081d4ffe7fec44b3ea1fbad44ac36fbb5aeb161b9c3bfce94,
DISC-MEDIA-0078,government,retrieved_extracted,trafilatura,1032,92c9689e4fb51b9e06cb7f579e8418e31dd91b1a2a6b8f6e2ba63c2db2be7ea8,
DISC-MEDIA-0079,government,retrieved_extracted,trafilatura,876,e285010a2231079f924b71f3c6a49a39f9917f671e3c6429e63e325aeb444016,
DISC-MEDIA-0080,government,retrieved_extracted,trafilatura,528,3d38d2a24a8cad8b7a18e7b04a21c335f225c3ea140b786d9e2c80d9fb55697b,
DISC-MEDIA-0081,government,retrieved_extracted,trafilatura,729,bd45cebb6e42c823a0d131e6fe9e7e141393516d5443039701272638ccd247ea,
DISC-MEDIA-0082,government,retrieved_extracted,trafilatura,1176,bb6e48465018ae9e6ab9f994f96762488f3c5712d23ad19e8a52e199a0304c64,
DISC-MEDIA-0083,government,retrieved_extracted,trafilatura,742,f0d5ed630d1c500c0374a77c753a61c09a5d9749a05cda547e4d992f80059b01,
DISC-MEDIA-0084,labour,retrieved_extracted,trafilatura,847,b7e0806e2333456f712d687675bff41fb3087f338b8958dff69fb7cd00e681af,
DISC-MEDIA-0086,labour,retrieved_extracted,trafilatura,1038,744622d22b6e724d8b527c423a97e2569c35a7dd01e8f16b8ce12c8a507459d0,
DISC-MEDIA-0087,labour,retrieved_extracted,trafilatura,1327,e670c9be0b8b646a0c8f25185cdb8db0f2327954dbbc03729b9ffea969bc99a7,
DISC-MEDIA-0088,labour,retrieved_extracted,trafilatura,669,8274dd8237f72da1ce8eb556b97eda19ed6bedcc0f2c86b63274c857d2f13d62,
DISC-MEDIA-0089,labour,retrieved_extracted,trafilatura,820,8d6dd1b806ee50166d4c28400942d9f9ff36430dd5ee6a57824fcc0629de061b,
DISC-MEDIA-0090,labour,retrieved_extracted,trafilatura,380,6b99fa84a88c771f8bace0b509dfe82b030a122bd839322b63bf9845dbeb3075,
DISC-MEDIA-0091,government,retrieved_extracted,trafilatura,916,09bdd67e61249b067fd36fcbeadf3e76d7088e941c851129a079f155fe1f636a,
DISC-MEDIA-0092,labour,retrieved_extracted,trafilatura,858,a56524f333fd679f61093ce17b176c91de9b0d3290c7715a6ef989468560da1d,
DISC-MEDIA-0093,labour,retrieved_extracted,trafilatura,1002,bdff10b417d5b67c8581103aa24e4bb25429929fd73b05ebb42bd31d497db2b9,
DISC-MEDIA-0094,government,retrieved_extracted,trafilatura,2016,b0cdd09d9f2d043b4b1e9f094ccda5a87b735d7be40ad180c7f90531c25ef218,
DISC-MEDIA-0095,labour,retrieved_extracted,trafilatura,1015,74715e7fcc5fdfe3d09d1ae1ab10f0c91c0f31effb59356b8c01a15d5dd94e27,
DISC-MEDIA-0096,government,retrieved_extracted,trafilatura,1669,b6d5f46ec33ffc6fe3f01f9658f88528b8b5e65a9d9996890e8c58700fd3e286,
DISC-MEDIA-0097,government,retrieved_extracted,trafilatura,2205,f536bdd0337a60a8a5439c8c81448251540532d618a9a14eb5bbca7a8624dc7e,
DISC-MEDIA-0098,government,retrieved_extracted,trafilatura,922,c90cf246ba23e71e22e5950d224ce3345bf500bae66237673b98d91ac245484c,
DISC-MEDIA-0099,government,retrieved_extracted,trafilatura,1121,1304859e500a77f8493c11533e04ca79208c64f5c70518166ad0fa0fa88da07d,
DISC-MEDIA-0100,government,retrieved_extracted,trafilatura,819,164e2c3c2e680e35b2e3c2363a5bc864ef674ec30aa3ca6020363fce6d886261,
DISC-MEDIA-0101,labour,retrieved_extracted,trafilatura,1080,ebc250ce0809b8a43ba1115edb9bdb556ce37b7f34d3cb395b6dd3618c77dcc8,
DISC-MEDIA-0102,government,retrieved_extracted,trafilatura,1787,f5934397c75be1f848c24f6c1c92ea0feca32228c00173fee45db5a3eeea2067,
DISC-MEDIA-0103,government,retrieved_extracted,trafilatura,841,a8ffca0a7f9e0919cac7b54652c7ab02281e4959d24ba3bd6e06a0d13b4a63a9,
DISC-MEDIA-0104,government,retrieved_extracted,trafilatura,1035,eeff68b61e0e2025546d87e6c768d91401df74fe1d18949d1ab2cbc5c0753927,
DISC-MEDIA-0105,government,retrieved_extracted,trafilatura,984,1635a8c667af9249184a93f41caf13626568e0f1b1ae6b1612a4d616eda60a95,
DISC-MEDIA-0106,government,retrieved_extracted,trafilatura,883,69f277af027400aa4c6807ceeb11db04cf508d97d29febe6969b6b41ca1ac480,
DISC-MEDIA-0107,government,retrieved_extracted,trafilatura,861,bd280d6393b9111b8d9e583c1d72c047d1511127224b3fef1ecdda1249967283,
DISC-MEDIA-0109,government,retrieved_extracted,trafilatura,831,4551decb6f74db5409555bea973f34f9298f15434f1faeed7629947748d261df,
DISC-MEDIA-0110,government,retrieved_extracted,trafilatura,812,4b68b0c0ed04d54ae18c74a5a9c0d2c3a44e9d8efa4de4741d2040938fed02c0,
DISC-MEDIA-0111,government,retrieved_extracted,trafilatura,937,16599f467e919f402e756b4d4248998cbba0f4fd13e9ac01f816b379ca0e56b8,
DISC-MEDIA-0112,government,retrieved_extracted,trafilatura,1212,e6a888eed6c84cd1a4bec04bc6e10ff210c5221a87c92e5d1439e6eda74b7dd7,
DISC-MEDIA-0113,labour,retrieved_extracted,trafilatura,1696,03f58b96a26fd0dd460f62e5a70b4c559ada04f26336bdbeae7d5d09c113f99e,
DISC-MEDIA-0114,government,retrieved_extracted,trafilatura,745,707ec06f3fddd0b3db9e1fc9c15a70d70adf2f42447a4d962a79d143ea70e3d2,
DISC-MEDIA-0115,government,retrieved_extracted,trafilatura,711,f4dce0bad4409c40d5c1790efd4da6826133b11c7141f90f9d2bd3126feeef3a,
DISC-MEDIA-0116,government,retrieved_extracted,trafilatura,822,4bd0d24a84b5772f35ed1927df4df46ec30959e4727b8338fe071712de91f27a,
DISC-MEDIA-0117,labour,retrieved_extracted,trafilatura,2474,5cd221e31cb86450c173df5089eb7b3f05056cd458a88cdadbc739edeb91e950,
DISC-MEDIA-0119,labour,retrieved_extracted,trafilatura,1785,00172246851c260d8081b8bf7f0161e0f964817696cedb552c384c762ab0d1c2,
DISC-MEDIA-0120,labour,retrieved_extracted,trafilatura,1137,7f4f0859a2a67528b3b4690d62734a7e8d71f1afd0489064de1f5576a871bd10,
DISC-MEDIA-0121,community,retrieved_extracted,trafilatura,769,66e2445fd9b643643a647bf7fba81d59e148933934922c38cb5ac3eae4de1de3,
DISC-MEDIA-0122,government,retrieved_extracted,trafilatura,2169,c8ce23703e564806b6dfaeb743f5fd48cf1a8dffc47143e322b71f9cd7fea38a,
DISC-MEDIA-0123,government,retrieved_extracted,trafilatura,997,3e9e88cd26440ed9328d428dbd8f0ce056ae4dd3a66e4cd57eeff80bb2b882ea,
DISC-MEDIA-0124,government,retrieved_extracted,trafilatura,490,de68053c03be3aedc6fa3602878a16065f322781cb2df2f2b7fd259c838ddaf6,
DISC-MEDIA-0125,labour,retrieved_extracted,trafilatura,512,a0789293b0bf4de6b77f6db96519ec9584ad9e8d8cc5471c036d27075290208d,
DISC-MEDIA-0126,labour,retrieved_extracted,trafilatura,1058,1c47f07e40fceb504da22de711ca1eaa406184f9f25eb8bbbb71554b79fc890d,
DISC-MEDIA-0127,labour,retrieved_extracted,trafilatura,424,2d083b93f1cad979de785a9b8d68ab20eec0069503490df5b87dee361b255bd5,
DISC-MEDIA-0128,labour,retrieved_extracted,trafilatura,1170,49670a937a30f510a956112d90ee944eb3e7e39c4c83c327ae3291af4106b5ff,
DISC-MEDIA-0129,labour,retrieved_extracted,trafilatura,826,e40732cf3d9a4040c7756ab7a85a63e3647038f240631a00e6fc86b730cecacc,
DISC-MEDIA-0130,labour,retrieved_extracted,trafilatura,1073,1491e41c8857d005f22bdcad7251dac19b637e13497cba996b8bb80f0da04b50,
DISC-MEDIA-0131,investor,retrieved_extracted,trafilatura,978,c5c001ff50db2b7fca915f3bf1ae541ef09c785baa05d031e7da02432e317048,
DISC-MEDIA-0132,government,retrieved_extracted,trafilatura,1525,f414fef09bbd47580051da66352b4bd6aacae9e2d961afb7062f89f81420e5f5,
DISC-MEDIA-0133,government,retrieved_extracted,trafilatura,953,2aec945c8b55e03b828669907151d012c19d2ed2e7beaa7210572d4a8527d323,
DISC-MEDIA-0134,government,retrieved_extracted,trafilatura,785,e2ebe4a23e446c2501516ad1303b8f27af48bd7e957b1e006b096e28071daf87,
DISC-MEDIA-0135,government,retrieved_extracted,trafilatura,698,69f696909bf5c7eb81017cf6173715142cc0034b18fc1520a79b9d8243c90833,
DISC-MEDIA-0136,government,retrieved_extracted,trafilatura,822,8104269ffdf05888b8c6f997b756d61997ff2ba2f24bc1f41e1e08d645cd4bf6,
DISC-MEDIA-0137,government,retrieved_extracted,trafilatura,872,1345c64e94df144d8249719ecdb89fd0c656203b4f0c9fa10f1ee8c69d98330f,
DISC-MEDIA-0138,government,retrieved_extracted,trafilatura,1718,adb2c3e6b66adb2a2276dc85d1c89b342c3c302d6c2dc67a9e46666bbe17b68f,
DISC-MEDIA-0139,government,retrieved_extracted,trafilatura,1166,874ba5599d1d174c165a7924058286204fcd476f41e1e250c69ee9c9b385749d,
DISC-MEDIA-0140,government,retrieved_extracted,trafilatura,1387,6753608df4729e3e9251dd39fb7f9109c38b7733a12cad8906a62eb9b587ee51,
DISC-MEDIA-0142,labour,retrieved_extracted,trafilatura,350,d5e831213c2ae1a9974975f89c5c4b94dc84ff3ac82727f4d20b451bbd756dbe,
DISC-MEDIA-0143,labour,retrieved_extracted,trafilatura,633,76c52e9433770fa9ebbbac6a21af7d798500550b959e72717dfb3499a3df09d3,
DISC-MEDIA-0144,government,retrieved_extracted,trafilatura,1480,0524d92badc91d6a2d42100eeee11c3aca62c0f5299702ac2dcc6539b7aaa00c,
DISC-MEDIA-0145,government,retrieved_extracted,trafilatura,1781,fd1bb4606825594ba26531ccb1f1072485c6f5f4cdd5268f46b94ad2f8b6a63d,
DISC-MEDIA-0146,labour,retrieved_extracted,trafilatura,961,233c9357505010d49dccad2e5b5124c3590829f3bbf76f69131a22105bddf890,
DISC-MEDIA-0147,labour,retrieved_extracted,trafilatura,1044,2bf97e01fd4876380fcbbc33567558ded5388425ece34862ce405f3421c12133,
DISC-MEDIA-0148,government,retrieved_extracted,trafilatura,2369,273b0db51341b59e72b0a0a31817b4975ea188d2003a0dea9f0815b43d7b3bf3,
DISC-MEDIA-0149,labour,retrieved_extracted,trafilatura,1017,f3c8fc21d17e981dd5faa7e1c5243faaaaffa12a1a4b82d8d74ea064ebbc9a76,
DISC-MEDIA-0150,labour,retrieved_extracted,trafilatura,1593,6a15e412c441408d89864d92e99df304d1c9107d077bd73631762bff257b5902,
DISC-MEDIA-0152,government,retrieved_extracted,trafilatura,3660,f36e386da42755916e6dee502ee45d07f44fc38ab1282241ec70a5f8182997bd,
DISC-MEDIA-0153,labour,retrieved_extracted,trafilatura,1164,e45c7adb4253829849d0308e1dbd34382f3908b1c93f9f53cd4e385857387130,
DISC-MEDIA-0154,government,retrieved_extracted,trafilatura,753,551763d048bff0779b6f459644d413f2b1b03e26a0566b46656663abfdacab42,
DISC-MEDIA-0155,labour,retrieved_extracted,trafilatura,1264,7e698819bb7341e5d2f5ce056ae000350e18900285b0d42c7b6a94c0883408f9,
DISC-MEDIA-0156,government,retrieved_extracted,trafilatura,3081,2554186a0bd9efdd7f155dc99d684c2fd2c9d6670ac1276498afc5d3d0da0370,
DISC-MEDIA-0157,government,retrieved_extracted,trafilatura,1373,1fcda3597d844570d6d8dfa37cff36d459d7dfa839f664907a7d5846a1e2a43d,
DISC-MEDIA-0158,government,retrieved_extracted,trafilatura,1489,a4cb347a12fcde897a8d9fdf6956d8b26ca161cb2473cd97d3c4389c01415e3d,
DISC-MEDIA-0159,investor,retrieved_extracted,trafilatura,542,5392b68dc0672f594bf51e8c61ef3d8c6874ffdb6be77efe9e8bff549903bb07,
DISC-MEDIA-0160,government,retrieved_extracted,trafilatura,1374,06593111a456e3da54806d49c5f61954384a32434c4fffde371fea00c9c43b1d,
DISC-MEDIA-0161,government,retrieved_extracted,trafilatura,1816,38761916c3cde16b80bd97d308b721650f64709a11e941130548356866a074fa,
DISC-MEDIA-0162,government,retrieved_extracted,trafilatura,989,d4de8797dd6d9f731c6c84bdc778c4f0e98bd0c5b2deb9388f152d6181192b8d,
DISC-MEDIA-0163,community,retrieved_extracted,trafilatura,1115,9cf6ddb4f49ba7ae6d67b4cf9b55e404ab5a06b60afb404287a9cd592a15329c,
DISC-MEDIA-0164,government,retrieved_extracted,trafilatura,1642,eec1383316fbc70871cf7ac06461c5ea82b9d75f26c889408e18ebf078800a92,
DISC-MEDIA-0165,government,retrieved_extracted,trafilatura,1148,1de955b30631077165e4c12217f5cee4f164ed6915790ee17b463ae6f55a9a49,
DISC-MEDIA-0166,labour,retrieved_extracted,trafilatura,1195,20cba87c94a33dae70abb76b941ef1f58ee0841a3a31ea880e2c4550c972a000,
DISC-MEDIA-0167,government,retrieved_extracted,trafilatura,2293,191fa5cf1e9e860da1f1bddd31d7c50c3311d729f9cd83a438b958e9735a7766,
DISC-MEDIA-0168,investor,retrieved_extracted,trafilatura,1793,9fb8e05c046785f767f3530defa06a824d71418c411a211831128576201dad58,
DISC-MEDIA-0169,government,retrieved_extracted,trafilatura,1109,14dae258a5d62507637f2e4fa506c170906873fa2d9f5655ae1965d6d0abd1b9,
DISC-MEDIA-0170,government,retrieved_extracted,trafilatura,1022,ad6ee619b3c8c04872ce16891d5b10885fa327a764bd985778f9a0dc5064b834,
DISC-MEDIA-0171,government,retrieved_extracted,trafilatura,805,d83fbd5a8bfe766a7cbb884575501d13234e16c34669627ff95645a0d06c865d,
DISC-MEDIA-0172,investor,retrieved_extracted,trafilatura,1369,a49692b7fb4ee4c2ec694b2ed3e046c7463c736f784a0875f66ce7660926dd6e,
DISC-MEDIA-0173,government,retrieved_extracted,trafilatura,1534,cb2d40e57468919e84b4b4824933a798b4bbaeb938f5ec61c20158b5265671df,
DISC-MEDIA-0174,government,retrieved_extracted,trafilatura,723,9ac96d67a5bf2608769e0c5efad6d229527a309e5f9c461a1663c668ef9b638f,
DISC-MEDIA-0176,government,retrieved_extracted,trafilatura,764,4488f56e50a582254c2f7c3f5f5d2d9d1ca134d7f5536bf0d4212c4f5213df84,
DISC-MEDIA-0177,government,retrieved_extracted,trafilatura,1358,58006e43bfb13dfa804ee849a245a596043bda91ceedf133f8713d4802dd082a,
DISC-MEDIA-0178,government,retrieved_extracted,trafilatura,1324,a040a78f306819f21f3a8f9b0f295d4db22040e7be83a8776c8c3cfef4f60ab5,
DISC-MEDIA-0180,government,retrieved_extracted,trafilatura,1609,fe070568471090676eca82193c76d5b2810fcc6a94b566aa051c7959ca9aa647,
DISC-MEDIA-0181,government,retrieved_extracted,trafilatura,1931,c0c280e95598daa50b34d98909b86a147b9b8d14766b69688677c80a626d9872,
DISC-MEDIA-0182,government,retrieved_extracted,trafilatura,2028,eabcb5bc57083ebd41807fe6264b8a6ba2f34e6858db8b5dd5acc69d83c7e84b,
DISC-MEDIA-0183,government,retrieved_extracted,trafilatura,825,fb9a64bf892266d2e15bb5137b3fea1b7d644dcbf314d83187337ad79861f066,
DISC-MEDIA-0184,investor,retrieved_extracted,trafilatura,1154,60cc434506e622d5e8822c74786ed7efb85e9e2161eec5a136334c876e83c492,
DISC-MEDIA-0185,government,retrieved_extracted,trafilatura,1407,17ccc56d9b71388fc1a7f96405244610534b302569aa19d819f8b93afb57e090,
DISC-MEDIA-0186,government,retrieved_extracted,trafilatura,1175,58df196bfe241a87280aff49655cdc031f0a61f41e3a80ef3e71428a31a00104,
DISC-MEDIA-0187,labour,retrieved_extracted,trafilatura,872,8e5fa412f895b6b6fdb4b207bf38359e5ff513ded3d4a899c03ff2ea154e692e,
DISC-MEDIA-0188,government,retrieved_extracted,trafilatura,1229,69eebf878ff7602272e4d64e6eb33cfc4f34fe61233b5907b59be1221e277bb1,
DISC-MEDIA-0189,labour,retrieved_extracted,trafilatura,853,2bab232b9a9c9057cca0d1d7e795ba598321496fc36e3ef7493800ac7dd1cd9c,
DISC-MEDIA-0190,labour,retrieved_extracted,trafilatura,907,cff80b847a2ce0d94e10eee6fcb8767e990d6f495ffa9bfc668516dc57131f9a,
DISC-MEDIA-0191,government,retrieved_extracted,trafilatura,960,03ddd7a2a088b16d8632766d74f989761bfd3df9522232278c874c049891c501,
DISC-MEDIA-0192,government,retrieved_extracted,trafilatura,1700,c12ce0b18d7681c184954ad07d11331d15f6a2ac4d1be17b3c2905c6da5794fa,
DISC-MEDIA-0193,government,retrieved_extracted,trafilatura,874,37c605a11742e9ab6af8dedb12c91be382608b08f653d18fe28d3d91040bc986,
DISC-MEDIA-0194,government,retrieved_extracted,trafilatura,1914,db8927b4f0e6a54c2fa0fb0a20a35eb7e0937959e3af6100f287dd3e67a83010,
DISC-MEDIA-0195,government,retrieved_extracted,trafilatura,1080,fab2b4dd1d06197c03bca29ee95371a72028d663888029b28a63fbf6ee3876c2,
DISC-MEDIA-0196,labour,retrieved_extracted,trafilatura,1058,08fd1015fca4e001b192d1cd9f13605df59d9341eebf4d70347c91798d5f0f7b,
DISC-MEDIA-0197,investor,retrieved_extracted,trafilatura,908,c45ad5bcb69ea1ae9171a9afe3c8cf1bf08a3216f8cd727f74d2fad6e2ca5940,
DISC-MEDIA-0199,government,retrieved_extracted,trafilatura,1400,b58047e8ceca57731d40714cb31638ec3cee65e7ba019206c4c17f9faa08ebed,
DISC-MEDIA-0200,government,retrieved_extracted,trafilatura,1129,c5090a0bd286774e04920eb4a80ec259c23006016ad1a0a8c5cffc18b1aba7de,
DISC-MEDIA-0201,government,retrieved_extracted,trafilatura,1529,6a006d126f9ffe29c2ede784a8b0e0b9ee748586bd991cd67e78607f1e40a61a,
DISC-MEDIA-0202,government,retrieved_extracted,trafilatura,552,326a71d5d2bed8f50c483a3ebb7bea5b76fedfc65da4a2d0940e6d6c07b5dfb2,
DISC-MEDIA-0203,government,retrieved_extracted,trafilatura,1144,50cb9598719a7b7d3bbc848ec761ffcd84071427a853e49844509d9f2073745a,
DISC-MEDIA-0204,government,retrieved_extracted,trafilatura,1261,d33d8ecb84bc79c1efe892af4f53d527a75958bed274feb7555aa70a03a4a876,
DISC-MEDIA-0205,labour,retrieved_extracted,trafilatura,835,d3628d0f9a57993d8febf3df1688c99e3b80e8e30781b22c669ac7b3f5b355f9,
DISC-MEDIA-0206,community,retrieved_extracted,trafilatura,1157,56c1d8515ce18f56af1f51cf4e753040a019da40c8adb186eda37a0f5e84605f,
DISC-MEDIA-0207,government,retrieved_extracted,trafilatura,1290,b98108185682c62a7f78da92eda942ae4e44308528487c5fd7ccec9e4e4b990b,
DISC-MEDIA-0208,government,retrieved_extracted,trafilatura,969,cd6c4a800ea7e2157b143719425b9e9f0710f2445b081e47760ad86581abf315,
DISC-MEDIA-0209,government,retrieved_extracted,trafilatura,781,b2cea9c13b51d223db8ccb66da0b8928605425d0028f281a5579724929e7cd24,
DISC-MEDIA-0210,government,retrieved_extracted,trafilatura,1061,a646bec17f7ebb0818c66dc2370c7ec4a106813491fd24b341abd90db3081ccd,
DISC-MEDIA-0211,labour,retrieved_extracted,trafilatura,1951,9e1e22e9015817df5be097294b4ed6d4cca8564d458612ba1daf970c0f4e4f57,
DISC-MEDIA-0212,government,retrieved_extracted,trafilatura,1011,52a2998a1e3cb9f5238df42809c40b418464fb2833507bc221a47c1603708c1a,
DISC-MEDIA-0213,government,retrieved_extracted,trafilatura,860,072e45d6ee4592df0ee18c975bbacdacecba000f8229f2c34595efd17553b9df,
DISC-MEDIA-0214,government,retrieved_extracted,trafilatura,969,2021d8bfbb755d86b0021a9828a610d81f7872f1ceb815a9dcadc9a26186a9b1,
DISC-MEDIA-0215,government,retrieved_extracted,trafilatura,795,ea34b4be09b60454757f917c260f5516d22d87d0a77b5c4019865ba45c99cad4,
DISC-MEDIA-0216,government,retrieved_extracted,trafilatura,979,a0ac87bc7ed83ed0873dfec641c35e10a984c9c1a67cfa25c12106c2a3944ff9,
DISC-MEDIA-0217,government,retrieved_extracted,trafilatura,1982,5b5630b157dd7720dc5498d1cdf45454cdfde540c47b548b8d23109c5379725f,
DISC-MEDIA-0218,government,retrieved_extracted,trafilatura,1451,ad571b533be577943007fcca07624772481ef90339fe041d99d3f0b8b1e54538,
DISC-MEDIA-0220,labour,retrieved_extracted,trafilatura,997,666496f61cc83492ed03fc36b7d314e1d04ab4db0ea55267cdc96c5be550c13a,
DISC-MEDIA-0221,labour,retrieved_extracted,trafilatura,1033,070d55efbc24b31605176b6b0d7a283212cbd275a30f5a077af0ea6a433fa649,
DISC-MEDIA-0222,government,retrieved_extracted,trafilatura,1116,cc25d0e4f5a96c850d25faaa3ba544adb624dcb383d64db971ef0f0d3bc28e9a,
DISC-MEDIA-0223,investor,retrieved_extracted,trafilatura,1032,63eed5cfac0d354ab42cac9b251add3639ef532772bb2af8f06eb6de235bae8a,
DISC-MEDIA-0224,government,retrieved_extracted,trafilatura,1617,79d7673fbdde6195a116151c707c1420d2d67a6651f31af9b63fd36e72b78e15,
DISC-MEDIA-0226,investor,retrieved_extracted,trafilatura,2273,271f76a5e352c096ea4d11d8af7fc1f078d55062373cab0b3072b6d7be19691e,
DISC-MEDIA-0227,government,retrieved_extracted,trafilatura,837,cf6ca9f83ce0fe7681abdaf5a62d2331b339ae1d3770f443f951d8959b4c205b,
DISC-MEDIA-0230,government,retrieved_extracted,trafilatura,497,04033cbba27e924e42ac70ba2c8a7c17fac9a44a5ee844df67759395e711eb08,
DISC-MEDIA-0231,government,retrieved_extracted,trafilatura,1010,d4d0bea4222a0486e4dbddf67bcff1992229d1e39eeaa0abd1c9865b8fc9d672,
DISC-MEDIA-0232,government,retrieved_extracted,trafilatura,1543,c06cd202a6ba9b2eec1e9934b3a2834edaf4e464b1b67b18aee53dde0338af50,
DISC-MEDIA-0233,labour,retrieved_extracted,trafilatura,336,f9480bd7b7f780332e0de8dfff1938c04efbb36b9da742db1a76a1c8859bfd9b,
DISC-MEDIA-0234,government,retrieved_extracted,trafilatura,1047,8f605e42357fcc461a48424e2448170d4ca17f0c7aa446d9cb479d635ded75b9,
DISC-MEDIA-0235,community,retrieved_extracted,trafilatura,1593,86c8a160c9263e62f682b4a2206f5c990f7d44cf6704236a26d7848c0b30a798,
DISC-MEDIA-0236,labour,retrieved_extracted,trafilatura,1155,0bd0b7feca570c606ac6aaa7b8309bdc3ed85b1a604d25b8842380cc9ccf2164,
DISC-MEDIA-0237,government,retrieved_extracted,trafilatura,1198,8f01a971b61750557a1b3d377f975d4ae92b83782db4d2c8c71d628208c5131e,
DISC-MEDIA-0238,government,retrieved_extracted,trafilatura,967,9e0bb564af5a637e4fccdf7d7c57d20b294091b484ed01a8ac88ff0d2b7b76e4,
DISC-MEDIA-0239,labour,retrieved_extracted,trafilatura,456,8198138748820133ffe25845e3f907563a685a5657b71886ec8548cbd895fed7,
DISC-MEDIA-0240,NGO,retrieved_extracted,trafilatura,1276,e453a25d91f0d7c3074f6b784117370bed919b896020f2144a4ddd57ca4d88d3,
DISC-MEDIA-0243,community,retrieved_extracted,trafilatura,1514,8de5bbacd4e538307198b68cefb04e0aa138e2b04e165aba9da2fc8606860d45,
DISC-MEDIA-0244,government,retrieved_extracted,trafilatura,1477,b7f945bb5d8544e7b244e76db39a56b81aab733ce158e83f69fec6ec3d7199eb,
DISC-MEDIA-0245,government,retrieved_extracted,trafilatura,1155,3bd6e2b65ebd95f1bf116534a56a5b28e9429830b9bebba455b5630c9db33ec5,
DISC-MEDIA-0247,government,retrieved_extracted,trafilatura,640,abdcc2cc73e408f8bd7314d72a5d9b0ed584eeb9bbafb9e5bea1d7ba4f0f4ead,
DISC-MEDIA-0248,government,retrieved_extracted,trafilatura,847,aa4d5e8e9711202dfa23e7a7717c27dd83d2a38fa7be73a161facebac5329442,
DISC-MEDIA-0249,government,retrieved_extracted,trafilatura,825,00ec808a50f068e6b2b219d3567883b8eced23bba135888e36802719655c8f1b,
DISC-MEDIA-0251,labour,retrieved_extracted,trafilatura,1565,06695deef2b93bc6832fe14080abc2df06a238a7d6bddfcfebfe596019f28c6b,
DISC-MEDIA-0252,investor,retrieved_extracted,trafilatura,1599,c502bbcbc7e07de082532df55d742f2716b008f14551fc1d5258c28816710660,
DISC-MEDIA-0253,labour,retrieved_extracted,trafilatura,548,5fccc9cbaec711d5df3deb267529a024b954e1c561509d905ef0d382cbf4ad66,
DISC-MEDIA-0254,government,retrieved_extracted,trafilatura,247,afe6e841075269442cb8a7ba40607056a7475f4b787447884eb57b452addde8a,
DISC-MEDIA-0255,community,retrieved_extracted,trafilatura,693,388e7b1ec42ffe76217ead6bcbb1047d770bd37f68239ff977e2d3d7f7a74066,
DISC-MEDIA-0256,government,retrieved_extracted,trafilatura,878,f6413cfa82cd9dcbf6808aae1c56bd71ea56c69ffae2e6a09841365bf29279a9,
DISC-MEDIA-0257,investor,retrieved_extracted,trafilatura,761,da45201c478c73035a71074cf39a7290bbf1f2c6ee24c29623b7132d47308927,
DISC-MEDIA-0258,investor,retrieved_extracted,trafilatura,1070,ac870e618ad12c00e5e1fe069318c0cfed25947d9a55de781719bbaeae730881,
DISC-MEDIA-0259,investor,retrieved_extracted,trafilatura,788,a5d18f435c6c74054cc057e7e9b4fb433aecded27c05b9615b56a83a6a30b7ec,
DISC-MEDIA-0260,investor,retrieved_extracted,trafilatura,784,9b106b5021951918b0ea4b13e140525db75f1d52577fc88ec92b132f7cc0ca79,
DISC-MEDIA-0262,investor,retrieved_extracted,trafilatura,1225,9cd4141e25807f8404523efe5eb26438a45930494423be1ba253c30e31a28bdb,
DISC-MEDIA-0264,government,retrieved_extracted,trafilatura,996,a4468723b8df96b620f1e532e093ed6928b8e9053b190a2cc7fe44760520ef9d,
DISC-MEDIA-0266,investor,retrieved_extracted,trafilatura,459,5a78c786c9598848126d06ded246b06eed4a762dd83cb6ef5b1c5555e1cec6d7,
DISC-MEDIA-0267,labour,retrieved_extracted,trafilatura,382,c6dc532da98649342be7c399e5127157ea83f2c1ae790e62bbc5339edd4685dd,
DISC-MEDIA-0268,labour,retrieved_extracted,trafilatura,774,2a82c7d56795715392bfd3fc06f4f9ffaf3b2efa443263a8ff146d271f594ffa,
DISC-MEDIA-0269,labour,retrieved_extracted,trafilatura,1064,e419f58be1b1fa06faedc74097fa77d1a6c3eea0367c8904d414fc22f5b35a86,
DISC-MEDIA-0270,investor,retrieved_extracted,trafilatura,635,77f0cc914005750b0cc6004c6d755566b0be342301ab415abd9583ea874ffd1c,
DISC-MEDIA-0272,government,retrieved_extracted,trafilatura,1061,dd3f09ff4efb1f95b75214e527e54ed6497fd1e537b6eab7f6d05addb7eedd0c,
DISC-MEDIA-0273,government,retrieved_extracted,trafilatura,1503,c6bc2cc7a3ad9fbeea2ba2e93cd2beabb997264ab880b9e2af0e3329676767ea,
DISC-MEDIA-0274,investor,retrieved_extracted,trafilatura,1196,38c606e4dec46d4f8bb0557c255d39af52044b04620d10d0207bda5b7940132d,
DISC-MEDIA-0276,government,retrieved_extracted,trafilatura,963,48ed87ce3157134c39ed71475547c6906973f2330d19730b6a71fa3289e354fd,
DISC-MEDIA-0277,government,retrieved_extracted,trafilatura,1071,3f4d4d58fc05092d747404e252b9c02163504482bc69027884eb3a0764e7a2d3,
DISC-MEDIA-0279,investor,retrieved_extracted,trafilatura,426,a8d89ae8f4c82ff11cecc759accf50ec0027fd4efc17e9218520bd35554a6517,
DISC-MEDIA-0280,government,retrieved_extracted,trafilatura,1455,cb480b359d7fd197ec8fd6f1503efdb0be583a12d4313647326269e02fb96d4b,
DISC-MEDIA-0282,labour,retrieved_extracted,trafilatura,524,71cd44198413808c7078a4641773e86292a725ced56f43cd9e4ff7d400a1af7b,
DISC-MEDIA-0283,government,retrieved_extracted,trafilatura,850,9c999a90d0798dc1a1f84a597dee87f9db58e9500e4183ef0cd08e06367bab0e,
DISC-MEDIA-0284,community,retrieved_extracted,trafilatura,2247,538c2df101c8971f06f3014dd38323c37553fff3a8335c3538b06828bc81a288,
DISC-MEDIA-0285,government,retrieved_extracted,trafilatura,538,20c563f93a5e9b293eea00fb2c56ec04a605c2cdaf2eac81089fda81f9064b23,
DISC-MEDIA-0287,government,retrieved_extracted,trafilatura,419,11f02e8e9df357b7fc4dee8de436a4ab23115a58650c41c0629f131fbc28fab4,
DISC-MEDIA-0288,government,retrieved_extracted,trafilatura,1516,9ca0ad26af9b6068fa7f8c3cbda33c392dee9b021857142a96db648a05fcd3f3,
DISC-MEDIA-0289,labour,retrieved_extracted,trafilatura,1602,285093a2ce8936a7d2b5a732be05848ca7c1a69fd3bf637c9b9a9a54ea8d78c9,
DISC-MEDIA-0290,community,retrieved_extracted,trafilatura,782,91e0a19bf26758493c8afe27d97f508617d3f89e380b74ecb2d234daf10cd1f9,
DISC-MEDIA-0291,community,retrieved_extracted,trafilatura,1045,da286c5706375186db638b2c0f060cc1cd444d28160eb4043b0fce1e1d9dcd71,
DISC-MEDIA-0292,government,retrieved_extracted,trafilatura,696,1441f9fc4aabda21696afc9700291d510a1d6435c02ddbc07fd06e54be24183b,
DISC-MEDIA-0293,government,retrieved_extracted,trafilatura,1237,0886ef3f59d5a6f4c83f0e537faba09ca53ebdb046bbc2434cd0ec7c63944ce2,
DISC-MEDIA-0294,labour,retrieved_extracted,trafilatura,1143,795aac7d2a88f4226b3098be8fdffd56d0c633e439e973190b3346d3f467bb38,
DISC-MEDIA-0295,government,retrieved_extracted,trafilatura,103,3af9a39e7207a95a710c8b092a74c281775788c93a0b347c63195f5881e9b7b0,
DISC-MEDIA-0296,government,retrieved_extracted,trafilatura,1554,154b8ceb7006abbcd65a011c1fe22441a9476b46580332fdef55bbaa8f8f8c05,
DISC-MEDIA-0297,government,retrieved_extracted,trafilatura,930,40e3418b419cfb3e13c8b036f6ccfe250d4903304b00f72d9da7e984bf631561,
DISC-MEDIA-0298,government,retrieved_extracted,trafilatura,194,7b25923fae9b3929e67ad4d0050459ac9d539d0ec3f2ec0dff2a4efc35c4362b,
DISC-MEDIA-0299,government,retrieved_extracted,trafilatura,2908,af4290b354073ab0b6704b475e558bbe4847eacef1bbd434010fbb931c6d48e9,
DISC-MEDIA-0300,investor,retrieved_extracted,trafilatura,422,55966bacfd91eda497632371e78b5d8f8366f7d03cafeea5c337b15e08103394,
DISC-MEDIA-0301,community,retrieved_extracted,trafilatura,794,09037be0e9a3e8ea1b7d4cace4314c5ce65466e9bd8c034ca37096631be42a16,
DISC-MEDIA-0302,community,retrieved_extracted,trafilatura,688,1d1e6b3c61688483672cededfac39f6c0559fe2d683c5ac91b74396fe1caa730,
DISC-MEDIA-0303,investor,retrieved_extracted,trafilatura,1133,5231aeb62760334b937c7b829f1e68eeb5d22ddcb3b384c046858510b801f9e6,
DISC-MEDIA-0304,government,retrieved_extracted,trafilatura,1252,efd5b6d54c3d1044f4a93ff57659bd0c488d3522bfce8fbeb3f15c0469f0fc03,
DISC-MEDIA-0305,government,retrieved_extracted,trafilatura,936,d952d2045ef0ea5fad8951be194ce5e7567ca00a46538597e37f397a1fb2a410,
DISC-MEDIA-0306,government,retrieved_extracted,trafilatura,3801,a513a989de43430d10b0ef5e4f680b1ff2e81446729579df32655f9bdde32b3e,
DISC-MEDIA-0307,government,retrieved_extracted,trafilatura,1641,9020617a9ecf5d1d8f4c2eb539f8a468debd4fad03a2a7fcdf40b4c4325a0d6e,
DISC-MEDIA-0308,government,retrieved_extracted,trafilatura,614,575b818c5e6fa2904c56cc3530405c6ee54d3da0b1cbf90af22e4a0b861c8bdd,
DISC-MEDIA-0309,labour,retrieved_extracted,trafilatura,1348,28eddbe3812b35def2472917d10282725da72913130c683c5414639598ccf486,
DISC-MEDIA-0310,labour,retrieved_extracted,trafilatura,1404,6c0b4ad67a51f642d52b83b3f0be6f01aa109f525a61a66dc01b47d41e3827d0,
DISC-MEDIA-0311,government,retrieved_extracted,trafilatura,1416,72ab94733021819c5a7f81d29abfb64f7e2a5913f30b7d63ff6525491dfcddf7,
DISC-MEDIA-0312,government,retrieved_extracted,trafilatura,1245,319bd512da0b9d9c97cab89ae4bfcf288a145a5871ff76705467bd8692bb0f4c,
DISC-MEDIA-0313,investor,retrieved_extracted,trafilatura,823,59e14213fd607d8ff4a382704190cd66902be8860797ad823e070d6ae1f6a524,
DISC-MEDIA-0315,government,retrieved_extracted,trafilatura,1539,1277cbabc09c7a87e5ef32563609fab3c15a73a6eae6d9ae83305d9ca4aa2e4c,
DISC-MEDIA-0316,government,retrieved_extracted,trafilatura,1789,3e0bb8493e9c512ec0cb82e3a72aae19307051ba171e89c0990cdb97f036ebfd,
DISC-MEDIA-0317,government,retrieved_extracted,trafilatura,1830,8dad53853a7b607b6406824bf41247956bd78ce51538b438859c754906695449,
DISC-MEDIA-0318,government,retrieved_extracted,trafilatura,887,38246018313ccd3e3cba19dab33ef2706fafffb9dd7e562e791e71a8dc5286a5,
DISC-MEDIA-0319,investor,retrieved_extracted,trafilatura,852,25d2f261f5b0c83dda9cba15102af8663a9f76c11d46426640fac91daf2989af,
DISC-MEDIA-0320,investor,retrieved_extracted,trafilatura,743,abcfe0380c222ff09f810073cbd5bf73de9bb1297b7ea2e8235e451f8fdd3301,
DISC-MEDIA-0322,government,retrieved_extracted,trafilatura,925,4ff38d9a3db5b4d4391b696ffa5a658c93fb72ac75903f2d3aebd42c95f1ba94,
DISC-MEDIA-0323,labour,retrieved_extracted,trafilatura,2899,78445ef80f0150182ef25f99d4315e192bc6803e0029d1c337809b42298488f3,
DISC-MEDIA-0324,labour,retrieved_extracted,trafilatura,1419,66d35f7875bbeeb7c0859000b702eb3bdbf9bfe0891dcb0f0efed28527a356a7,
DISC-MEDIA-0325,government,retrieved_extracted,trafilatura,2318,ba0fb09922e1f5807ecba042254928f5d28b2a33babc3bb3f3f38aeea40d0d74,
DISC-MEDIA-0326,government,retrieved_extracted,trafilatura,837,242f62f2211dcb7f97fa505b73405f0177102f8a4732d661cd1091a41ee786e7,
DISC-MEDIA-0327,government,retrieved_extracted,trafilatura,1508,3eb2e0b433d6dbc05c1ee722b11adf222fdfc430fdb9ead62d77019194c9caf9,
DISC-MEDIA-0328,labour,retrieved_extracted,trafilatura,1214,1e0ef290c2d7535f7da253d76ba3a03df5923e71c7404ab91353fb3b6562283f,
DISC-MEDIA-0329,community,retrieved_extracted,trafilatura,1224,6ee460213753281f17fafa583f0fd8a9cb1276530d20966d9c9efbd3fedeb6da,
DISC-MEDIA-0330,government,retrieved_extracted,trafilatura,1136,afe6e832c9f5945f443cf693a503a5adec07d15d2a79d9e0da05633f6aa9cedb,
DISC-MEDIA-0332,government,retrieved_extracted,trafilatura,1257,bcdb544cc71ae1a4b156807847d6d44cc43479ee69989d0397d17e770378e4f5,
DISC-MEDIA-0333,government,retrieved_extracted,trafilatura,769,297b49c076d858dcffdf02a0a08c3152f63d1347305a7420ea427974ca58277d,
DISC-MEDIA-0334,government,retrieved_extracted,trafilatura,982,ad60abfaf0bc02ca00f51440080a543d464241d128bb081ddbea5327c5aa1c03,
DISC-MEDIA-0335,government,retrieved_extracted,trafilatura,806,9da601479417fa6c0c730bf77c2ddc27d748e6379e0e1f5b32360c64690abe9e,
DISC-MEDIA-0338,government,retrieved_extracted,trafilatura,1270,f7e657517d373af5385ae86ad881cb0d593e463957500dcb31bc8f9a940c164a,
DISC-MEDIA-0339,government,retrieved_extracted,trafilatura,918,f004e7be62fc7f5142d05a186f21be316dd9145e342d73fe415bc0e64b019a98,
DISC-MEDIA-0340,investor,retrieved_extracted,trafilatura,1557,944cc74f52b3c897fe12b4698806a8ec2600589a8c60cf7266d6a78a3d43d7f9,
DISC-MEDIA-0341,government,retrieved_extracted,trafilatura,1167,c08685106af0758e709a413f7b2abbf9c0223765d08bbba72f5d3b600ea40c14,
DISC-MEDIA-0343,government,retrieved_extracted,trafilatura,726,c7b4434e861430f9b4fe28b53e1fde69121ba9c67c8f0203b60ff666161d7fe1,
DISC-MEDIA-0344,government,retrieved_extracted,trafilatura,1297,46da213a8985e9640a29cfb84c345d36848455480aba01dd775b281d21bdf0b2,
DISC-MEDIA-0345,government,retrieved_extracted,trafilatura,1442,86fedc37865ae2c6f6081fafa573f97614edb25ec7102e53107371a2f085801b,
DISC-MEDIA-0346,community,retrieved_extracted,trafilatura,1450,cd01da148269c1380526b9d0004b480d0bd42fca41485af3df42b3ea9d4152c7,
DISC-MEDIA-0347,government,retrieved_extracted,trafilatura,1189,222cd22249849a7ddfec616df96ffd9bd30f28b092f3fbf55cfec05b75cd9bbf,
DISC-MEDIA-0348,government,retrieved_extracted,trafilatura,1044,bf99256c43ed1430c38ac30e319b6eb4d7589688db101d258a4fc058b8d36667,
DISC-MEDIA-0349,government,retrieved_extracted,trafilatura,1063,1643df384cac32664c7777c6d6c482221db3fcf004df2ed9c96ade7e12c372cc,
DISC-MEDIA-0350,labour,retrieved_extracted,trafilatura,467,f598e04a4656e4c042e3e1d93934382164c6f852ee8e83490a6b91b1e419c25e,
DISC-MEDIA-0351,government,retrieved_extracted,trafilatura,2518,35d87b55c8fa1edd9c16f50d5164b15b7c0bd1b5697f5b29a680176429c345b9,
DISC-MEDIA-0352,labour,retrieved_extracted,trafilatura,509,0dfd3c5b1a7ec8e8db4e2592e377ec712cfa74a093a85ef0db57801208811018,
DISC-MEDIA-0353,government,retrieved_extracted,trafilatura,786,0c967136c0913ea637c9517d6c7552939577c0b13ca335348cf61b5cf6a78b6f,
DISC-MEDIA-0354,government,retrieved_extracted,trafilatura,619,1f58e49c26aac36f5030e2e5a16740ba1ba6c50dbe622aa047dd9e9b8eaeb4a3,
DISC-MEDIA-0355,government,retrieved_extracted,trafilatura,2387,db410cbc56031ec1ebcc34d90cda23ef1389bcf5383154385fb32883a85518c0,
DISC-MEDIA-0356,investor,retrieved_extracted,trafilatura,933,85885c7ae8a320961a771d221d26bdff9967c31bc3212e22561eb33225ce1dbe,
DISC-MEDIA-0358,government,retrieved_extracted,trafilatura,655,3b12394e56ef069bf74e65bc6683f799c6e5389a9290ab8185e044e1e4d7b58d,
DISC-MEDIA-0359,government,retrieved_extracted,trafilatura,784,4c734e06f951e219de5107c887924d79550bdfca9e36b84e64774877adb9010f,
DISC-MEDIA-0361,government,retrieved_extracted,trafilatura,847,68b8c75bb8cbf79b4a9d7c96ea08221f56f106aaae34c34a6286df9624787a4a,
DISC-MEDIA-0363,labour,retrieved_extracted,trafilatura,964,f8d38b13acaf84ebef6c02277721235545a2128f4e90ee996d10001a8e0ef9b4,
DISC-MEDIA-0364,investor,retrieved_extracted,trafilatura,638,b7ac5bd50d810b18db59b406f3e62e66e3b9f7b2dc6691e33e3c2c583cbe2a05,
DISC-MEDIA-0365,investor,retrieved_extracted,trafilatura,655,ca09e1748b29c21a789530c8bd4f7d7cd7601dc764480f4e71e2bc6ed227ee27,
DISC-MEDIA-0368,investor,retrieved_extracted,trafilatura,449,9d1802c34777fea746142b808e317081bc0e5746c1377f15c8d8d9f5633cdca5,
DISC-MEDIA-0369,investor,retrieved_extracted,trafilatura,902,b97064b807c8aacc8e94ac77d28a255b756541453e725582f1b17c1906ce8151,
DISC-MEDIA-0371,labour,retrieved_extracted,trafilatura,606,aef0547eebff22a93149ccb8c07948357409fa59d8781c07a796fcbe8587f52a,
DISC-MEDIA-0372,labour,retrieved_extracted,trafilatura,663,ba9bcdefff3afe34da28b4a8ff0de6d8962d9355a32ebc379121fcf86eb4fc93,
DISC-MEDIA-0374,investor,retrieved_extracted,trafilatura,694,218b40d0d6d7c6218276f1f290f0840f03b7c4f6d9871f007c1cdc979f5b2bd8,
DISC-MEDIA-0376,government,retrieved_extracted,trafilatura,580,85f55e090022ba5dc9e09f71d1aa5615d6fe78d9b493463d13d7979bf8702b6b,
DISC-MEDIA-0381,investor,retrieved_extracted,trafilatura,1304,bcfb8994048e81582ed641412bd5e0f88bf97aaaa568386dc69e22ad61831200,
DISC-MEDIA-0383,investor,retrieved_extracted,trafilatura,772,a1cd7ee349ed4c32d3de2e488e7f843427e2f6a4edb540d28e1f0381b8f3eee7,
DISC-MEDIA-0385,government,retrieved_extracted,trafilatura,317,59cfba9527d24fd21649620ca83d9b32407c3fb3e76e6f3cb68962f2beb31c8e,
DISC-MEDIA-0387,community,retrieved_extracted,trafilatura,1305,facf30d00fda7365fe0fffdaf42b1654e65b3eb46a2dc9a6325e69695446d161,
DISC-MEDIA-0389,community,retrieved_extracted,trafilatura,1025,c0435d67c6d8eb88ff198fdbbd014d50ec5ee82f2976825323b26db1006f095d,
DISC-MEDIA-0393,labour,retrieved_extracted,trafilatura,807,75c133f718eb597b2f6845c1b812b6927426b69c7334f51afe77e6c5b8059794,
DISC-MEDIA-0394,government,retrieved_extracted,trafilatura,937,96f33dea53fc74ddbbd028da7ca302603433c5937dfebe02dcb5f01fb22e9b27,
DISC-MEDIA-0396,labour,retrieved_extracted,trafilatura,538,4e8abb742c15b35ef1a15a40b1da15954d05c9903be2535d347ac72cf78a593a,
DISC-MEDIA-0397,government,retrieved_extracted,trafilatura,862,1cd08ba680250afc6901dcd4c4eda75efdec2778b1ea38c5415abfd771b0b0a9,
DISC-MEDIA-0399,government,retrieved_extracted,trafilatura,795,fb4af15fae39d71e0ef589961582617a7397b0312b752463da2a9c64440bfe30,
DISC-MEDIA-0401,labour,retrieved_extracted,trafilatura,585,bb3c6b29fd825db2f53928fca4b5a39f3436c35d1001f7e4a6772d0943457089,
DISC-MEDIA-0404,government,retrieved_extracted,trafilatura,756,e24514ba0d76d500eda3bca1d868744fc77e6842cc74386088accc1f694f4152,
DISC-MEDIA-0405,government,retrieved_extracted,trafilatura,687,64b73f39b797a931dd6bd52a2f6c702514268d81af65b4aef432c276140eb51f,
DISC-MEDIA-0406,government,retrieved_extracted,trafilatura,660,2fa99852690d3ba4807306f7bc6443b153406bb3d01fa66f4071d2df96920e01,
DISC-MEDIA-0407,government,retrieved_extracted,trafilatura,613,198d40a7347928119a3f280361433f4b41be2c3c1b5de14935993f3897c3a98c,
DISC-MEDIA-0408,government,retrieved_extracted,trafilatura,451,e76cfe0f2c65d9fac04f449ec1ef422205ffd344231c7144ae7fcb564ec55d4c,
DISC-MEDIA-0410,government,retrieved_extracted,trafilatura,544,2ba728911f5dd054ca3f211263e26cce183a060eef1016caea785c467c2656cc,
DISC-MEDIA-0411,government,retrieved_extracted,trafilatura,517,da17392a66fc5b7d43a96af39fc82314a7db3c20238daae90bf50ef55bb94fe5,
DISC-MEDIA-0414,community,retrieved_extracted,trafilatura,794,91e3281bf966ceb079ffc65d09fbc9f144cd960d1d0a45a79c53c3202734b0d0,
DISC-MEDIA-0415,investor,retrieved_extracted,trafilatura,528,9292e69d5293035b35826acc76b9e0ea717ad8949f728cbba08472bad7e57f49,
DISC-MEDIA-0420,investor,retrieved_extracted,trafilatura,571,21effcbc4f0af8a30d20560227ea1541117d4a2c433f6e2b81191e5695cd4075,
DISC-MEDIA-0431,investor,retrieved_extracted,trafilatura,1172,0e389ad7a41e7c529d9c90d4262eb5791420aa913626f88c13bfd027862c35c8,
DISC-MEDIA-0433,investor,retrieved_extracted,trafilatura,574,babae38c15649751a3416732387d60a64c123ee576443580408fbc964537222a,
DISC-MEDIA-0434,investor,retrieved_extracted,trafilatura,486,31b5338e058c33823bc0d09a6cd9ce1c416c87aa3b85e29c651e1bd7bed76eb0,
DISC-MEDIA-0441,investor,retrieved_extracted,trafilatura,441,c0dc0335afa5c970b5577216b89b9193f9c9c3a089317b09d55d3705deef13b7,
DISC-MEDIA-0447,investor,retrieved_extracted,trafilatura,668,43b730a22dbe6edd88d5a64bd15847102a109b4b88627098845bc46e3e079491,
DISC-MEDIA-0449,investor,retrieved_extracted,trafilatura,577,6c1b4e2131c2ae34ad63cf30481a13474b50000c84d8de2a20b0a8c56645bc7c,
DISC-MEDIA-0463,investor,retrieved_extracted,trafilatura,603,6a75d974ff00ed1f40904d1b835fd293116931edaef0b00a037be1cbc3ce8ca9,
DISC-MEDIA-0466,investor,retrieved_extracted,trafilatura,747,c9616743852eab02e856c69a6fdff46d866e3ed6ac5447c7e33ea5a8c9aa366e,
DISC-MEDIA-0470,investor,retrieved_extracted,trafilatura,669,4d25532cc7144d6148c4132db95470b78bf8d84e5e6d86252fda8d4e941ccffb,
DISC-MEDIA-0471,investor,retrieved_extracted,trafilatura,898,08f093c41b22f2c93d93eb7591047e9fb51a87849d05c2514e7475188ef6ff02,
DISC-MEDIA-0476,investor,retrieved_extracted,trafilatura,427,2f9c25b362167103bf6d5457adc350cecfa3c8b0b27c04aa95c05906ec65611c,
DISC-MEDIA-0481,investor,retrieved_extracted,trafilatura,1270,0ffca231a23cddbde00ebdc7a147d09f703a52ad06e7ce9750a08ff6498caddb,
DISC-MEDIA-0493,investor,retrieved_extracted,trafilatura,581,29654205f94658e0b84042de602e508143bca3cfcba96b3f4c340911b64a1b35,
DISC-MEDIA-0502,investor,retrieved_extracted,trafilatura,805,b29e5039bd2bb6cd508bfd4c0c5d279b4a1b5205b276a741c3189d2c5bda95cb,
DISC-MEDIA-0503,investor,retrieved_extracted,trafilatura,847,6c62d28c8f99b54860e9d6f8f035443885952acdb2322a55abf2982372bd9d78,
DISC-MEDIA-0512,investor,retrieved_extracted,trafilatura,789,00a642c1da7c5a657b1fda1c31e7781b0e21611edb2101c4bc34886dc73a3076,
DISC-MEDIA-0518,labour,retrieved_extracted,trafilatura,793,f1b454e73e779a0624625df019f8cea5e1e575c01b91e38260b25d3b942e4df5,
DISC-MEDIA-0531,labour,retrieved_extracted,trafilatura,553,6f18d48727a821dfd6c11f20a529d6d8321a60e8b55ddd94d573f78d3ce40010,
DISC-MEDIA-0533,investor,retrieved_extracted,trafilatura,624,3df79825899b92496908001b87094deec1924ad177c687b9d97ec936854925cb,
DISC-MEDIA-0548,investor,retrieved_extracted,trafilatura,1387,94976b85778bcb2112291d3749be5f4801a22cd6c19073a6e92f61990a558d49,
DISC-MEDIA-0553,government,retrieved_extracted,trafilatura,700,a4cee567135b1995792f0a7bc66cd42762240315588210d2c172cc705dc40ef2,
DISC-MEDIA-0555,government,retrieved_extracted,trafilatura,502,b0ad86063b5f6bc94b4352b07bac377172085cc9e2f35fea668f477cd2fcb593,
DISC-MEDIA-0557,government,retrieved_extracted,trafilatura,650,cf810a1e1c182c9235b315fe21f1606b8be625c0ae6207d1665bd87e3bd2dade,
DISC-MEDIA-0558,government,retrieved_extracted,trafilatura,608,3437129958cc36058fd5bc5e75b95ae9c40afe44731ec5a76b4bb47632dd0c2c,
DISC-MEDIA-0564,government,retrieved_extracted,trafilatura,462,ded1dfdcc9c29f567cead9cb7c0be7ad018691ba4b210a6c2ab718fac2505def,
DISC-MEDIA-0565,investor,retrieved_extracted,trafilatura,732,1acb12a5755c47760c451cf62f60c817c521f4a4790a4cea0cbf318d2a87bc57,
DISC-MEDIA-0567,government,retrieved_extracted,trafilatura,580,f20eb66bb1f2e852183e29bab6c1e9bbb203fd131b072fe8bb266f9f6b47d066,
DISC-MEDIA-0569,government,retrieved_extracted,trafilatura,761,9c6f36f17c09419ca92da2a742c33de7650f97d95beed52d1b28c8b71cec3567,
DISC-MEDIA-0570,labour,retrieved_extracted,trafilatura,617,a521244bcc4799117fe8e02b1a791a537e87eb935e430230b6e0f0113aaff875,
DISC-MEDIA-0571,labour,retrieved_extracted,trafilatura,555,0196247bd16703b2356ca26b62e2873857b93230a8cba035b9a5ea4d833d7c50,
DISC-MEDIA-0572,investor,retrieved_extracted,trafilatura,691,e1f12e68430b21cab13379066fbc9a3329f3230f8eea044943b4eb539b791314,
DISC-MEDIA-0574,investor,retrieved_extracted,trafilatura,1019,65ed91f8e88497ef236cebf10282b37d1e1a6eba61a4dffe7c831314708f00b5,
DISC-MEDIA-0576,government,retrieved_extracted,trafilatura,906,dc04f9a81a13a1497fe6a7c5cbd950f24d45479063ed68857df672aba0cee3ab,
DISC-MEDIA-0577,government,retrieved_extracted,trafilatura,1075,9dc7ac5bdf4f0c29c6227dfc485b20eec04df71f43bb36297ab765a40ec5a80b,
DISC-MEDIA-0583,investor,retrieved_extracted,trafilatura,1120,bc33ea1e530165c493e42ae2d3273db44d22d1722412437f6177b699445a4237,
DISC-MEDIA-0584,government,retrieved_extracted,trafilatura,641,87e6125bf1cc5f114f898e1c3a614298930cb3868fffae85d746158c218a6e6d,
DISC-MEDIA-0591,labour,retrieved_extracted,trafilatura,602,15764e7804957d07838be7660a1fdc3d5fb449ac46fa81c8bfa017bfc60889f7,
DISC-MEDIA-0593,labour,retrieved_extracted,trafilatura,532,f12d40a7e1ca345aa47fc64be449144000ae1e4e154c7a4952cac7cdf969b8d3,
DISC-MEDIA-0594,labour,retrieved_extracted,trafilatura,750,28d2fb7d7d1375faa03f021ee0ba35524a1c6a329e064edd7884ce718e91775a,
DISC-MEDIA-0598,government,retrieved_extracted,trafilatura,834,5f90b39db206f18abc48e7c1e527747c3d22e9f21ee1d99011891aeefe851888,
DISC-MEDIA-0599,government,retrieved_extracted,trafilatura,1029,dac948483656d0f9c4705fe646e42f40b76cd4b8e8d430a6bb10041964e71083,
DISC-MEDIA-0601,investor,retrieved_extracted,trafilatura,772,7aab2a163294328ed9dc0a60af389c815af1c4f59fbd91fc00aafb050603c047,
DISC-MEDIA-0606,labour,retrieved_extracted,trafilatura,1229,71ac778613ad1518bb0cc2508bc910c43942a8df173571c0edba042a35eb5161,
DISC-MEDIA-0608,government,retrieved_extracted,trafilatura,907,2ec0673c5138ea61c597d276f7d8ea17cc94fe137dbdd94384c480b4483afec7,
DISC-MEDIA-0609,government,retrieved_extracted,trafilatura,500,d1e27e23ed3d4091c8acbe38d97cf1c89adb35abcac8685a727fbfd8c5f67bba,
DISC-MEDIA-0612,government,retrieved_extracted,trafilatura,720,d0233456fc103ef28b2705a7bf865468fb1529dde183fb4f11bc69ece770e562,
DISC-MEDIA-0620,government,retrieved_extracted,trafilatura,706,0e8f6d0e9c632c26b57894fa3875f2cf996fae30adfd8825045a00e736724aa4,
DISC-MEDIA-0625,labour,retrieved_extracted,trafilatura,1006,26ff2d1de374a170e399ba3d7c32595be9fc554eecff0d9cd65261307911efb7,
DISC-MEDIA-0627,labour,retrieved_extracted,trafilatura,605,d2602530ed89e62754844a2b07c7f75d4ad8768245d573f653f3cb2e17026eaf,
DISC-MEDIA-0628,government,retrieved_extracted,trafilatura,518,1d66312dcc9c4a211b73af75a79477f6a9738cc9bf68b555154e79e1e90da1d1,
DISC-MEDIA-0630,labour,retrieved_extracted,trafilatura,670,15f896f9a4fdf1185d10a8e96a60f3b52908aa27a149cc2227d449749cf5a572,
DISC-MEDIA-0634,investor,retrieved_extracted,trafilatura,758,dbbd89783731af3fa68be0d6d7a0d58914f5a2363583b3e96c9683bf12dc1138,
DISC-MEDIA-0636,investor,retrieved_extracted,trafilatura,941,9bdfca7d228dbe167f21a05611a2b66211edb0c050ddb3558a18e1855b3a39e4,
DISC-MEDIA-0651,investor,retrieved_extracted,trafilatura,507,f5791d7e79cd76f87aa55a3105b2fd7874f63fb8397bf721eeb6ac920ff2dc8b,
DISC-MEDIA-0654,investor,retrieved_extracted,trafilatura,656,b68c3c4f6fe9c0979e76383d89aa6b77b165b3b2dea3f3179b23690e2461bb62,
DISC-MEDIA-0655,labour,retrieved_extracted,trafilatura,973,4f736a7f6573804deab85da64fff7579d0d13be126f11a9c368bf334b1a1e727,
DISC-MEDIA-0657,investor,retrieved_extracted,trafilatura,534,4d0512cf261c652ec8f62ebebb33a6c83e9268866b98f67f20ab715db43ed663,
DISC-MEDIA-0661,labour,retrieved_extracted,trafilatura,606,0a69a1ab50407eabf4c30ea329cf6672b7d12a7a47c159fd847cf047082aa65d,
DISC-MEDIA-0662,government,retrieved_extracted,trafilatura,567,8599e91bc9ab02f46edf345fcdffd14eb6a53d631d5030619ce55504f77e8794,
DISC-MEDIA-0667,investor,retrieved_extracted,trafilatura,1012,ab922fa4add370586f4c02f426cfd767eedcddd617a91ce80401d0c5dd9657ac,
DISC-MEDIA-0677,investor,retrieved_extracted,trafilatura,721,0863a93450dd7a3429a7404ca2e137c02af4b94c146bf9dc657da4910e6f5e3a,
DISC-MEDIA-0687,labour,retrieved_extracted,trafilatura,349,2574c114a495fe74af0445700dc8e8b37ba0f1f8424e68a40987f8483d92c415,
DISC-MEDIA-0688,government,retrieved_extracted,trafilatura,638,eaa68f334a8fe69b43b8b7c85cf3785eac1f2e0ce1184535169feeeffd6fc57d,
DISC-MEDIA-0689,government,retrieved_extracted,trafilatura,442,6fcc1cb2aeb96830a8994a302ce6f1432880df764e6083fb6c76295d00a50f37,
DISC-MEDIA-0690,government,retrieved_extracted,trafilatura,430,3b38e414bd433ab189a80ce0adc812449da4391dec761ea65a029d44a1806c8f,
EXP-CORP-004,investor,retrieved_extracted,pypdf,7215,0305307b4198bccbb86086a11a8cb76c9bdde400aa49a5a2b9d7bb4e81b77612,
EXP-GOV-001,government,unavailable_for_model_execution,,0,,"ReadTimeout: HTTPSConnectionPool(host='www.gov.za', port=443): Read timed out. (read timeout=60)"
EXP-GOV-002,government,retrieved_extracted,trafilatura,288,4f52a04c1bd7458f6f22fe246b6e598f4a347eceefd8ffa09412cf18272140aa,
EXP-GOV-004,government,retrieved_extracted,trafilatura,1066,ad5ea50c3d28e5f4c1634555915ddae78c6b997154dabdac16e200e70213ccfb,
EXP-GOV-005,government,retrieved_extracted,trafilatura,1141,e9df0bcab8bf762154efe94698bbb1fc82273b3c3cd9f454809b348e90767808,
EXP-GOV-010,government,retrieved_extracted,pypdf,194376,8be1ca547188198fd9698b255d72d6395f007f7b896fdf3c31c16ade4509b1b0,
EXP-GOV-012,government,retrieved_extracted,trafilatura,650,7a7147b63868b01b966abf64c8ebda2dce74f9fc7267e911511d2bd6de9c7a55,
EXP-MEDIA-053,community,retrieved_extracted,trafilatura,3707,fd6d91dcb4b0fc392aae2c295e1ec4b5a621f738413d29ab3dfd148fa8eb59ed,
EXP-MEDIA-054,government,retrieved_extracted,trafilatura,1103,55f63bce39dc4bae04128328532f9d65a2298d2182df8fb9d2f5e663bacc2277,
EXP-MEDIA-055,government,retrieved_extracted,trafilatura,1362,33d576dfd271d1da6b4b2061ab4d8bb85d8d65c310a1a63badc06be6808c9c4b,
EXP-MEDIA-056,government,retrieved_extracted,trafilatura,911,43290c8c05f39e2da5d47dbe5939195623af698ddbf0de774ef8c1f4b7aa1efa,
EXP-MEDIA-057,government,retrieved_extracted,trafilatura,1290,7756ade416d7615d2aee59262adeae0f9b5adab9c037f4abb89fcc4833f4c8af,
EXP-MEDIA-058,government,retrieved_extracted,trafilatura,785,67a33d170b0f63bd86eaa008124b58a1ed7dd28fc062bf184aaaf4ed83e7b825,
EXP-MEDIA-059,government,retrieved_extracted,trafilatura,1073,d2183e51c156c3db9feccf6e7ebdb862854152b394ebb4518c2f3ba103881779,
EXP-MEDIA-062,investor,retrieved_extracted,trafilatura,554,6488d18febf7d889e20702030d9cd13253adfe737da4feccae46937913aa4fee,
EXP-MEDIA-064,investor,retrieved_extracted,trafilatura,809,8dd1984752876434adf2f554091331e1e8f9063bdd80c4e5940eb1b54fcf5bda,
EXP-MEDIA-065,labour,retrieved_extracted,trafilatura,636,ad28b7d2ccb0529843f7f58650154a89d3389447e323dd561a5be842c1c8cf37,
EXP-MEDIA-068,investor,retrieved_extracted,trafilatura,994,9c0d5305c0207117d9e94d3bad418771200d28ce5f0c33638dd2f38c151bd686,
EXP-MEDIA-069,labour,retrieved_extracted,trafilatura,1175,99078126663743e9e6c03a8e7635a2ee465395e3987ba39d7c62af12f333eca2,
EXP-MEDIA-070,labour,retrieved_extracted,trafilatura,4078,408beb7bbc3a2328c5916e049bb96e5e09c7d2dec2c6c620081aa9b7679ca465,
EXP-MEDIA-071,labour,retrieved_extracted,trafilatura,1245,05f2878d2b20b4ce5376b29d6d59559b73ffd4803409ed65f527d858fd40dd0b,
EXP-NGO-001,NGO,retrieved_extracted,pypdf,26644,e77a38ef8af75b55db89da538d6419fef4bc388c297d77129e32336e4fd6bea8,
EXP-NGO-002,NGO,retrieved_extracted,pypdf,20808,865017d984ea2c9180071d4909a2207365f599ae1351b252628278f3e3dce4ba,
EXP-NGO-004,NGO,retrieved_extracted,trafilatura,5886,b9d909b2d04157b591135cf39183ec16debfcf6ed87cff46810a56e7f844fc21,
EXP-NGO-005,investor,retrieved_extracted,pypdf,30013,52f682dbf1c259cfb7f6935f6d95a2628acb78d2aa305d4387def6b7b1243bf5,
EXP-NGO-006,NGO,retrieved_extracted,pypdf,16593,de93912379a291ac94c8ecd92b7b8ecb672a027f9595602ca45eb58a07121a17,
EXP-NGO-008,labour,retrieved_extracted,pypdf,129,20f0462900a993adc3f51ea1d8c2582b52ea162ccaf7e24cbfa14f5926236326,
EXP-NGO-009,NGO,retrieved_extracted,pypdf,1323,1ca97c6acd10f6800b5900eee9eea938f3a0f84eb69eadb8acbcf45e83c263f8,
EXP-NGO-011,NGO,retrieved_extracted,pypdf,386,8e0bb43eb5b97ae5778b4b4f36bf2e7170683ad7948b1f5700be43fa527219b7,
EXP-NGO-013,NGO,retrieved_extracted,pypdf,351,8fd1701a664fb6c50f32eb8c5c1b44fcd71e988bb9210d302dfa65b473612c36,
EXP-NGO-014,NGO,retrieved_extracted,pypdf,451,c8184475367f9eb25b02ca432c48792ff04970fd94a21a49dfaa4e6b06c4404b,
EXP-NGO-015,NGO,retrieved_extracted,trafilatura,788,487502314f8eb18e3857c59bf4e5f07dc05258403e26488bbf74c943de4e8a51,
EXP-NGO-016,NGO,retrieved_extracted,pypdf,585,bffc92cfd7975028ff8596c4040b70ec3fb46e0e5947eb4fcfda179102669c4c,
EXP-NGO-017,NGO,retrieved_extracted,pypdf,1010,a9cfb72431d676cf0e5758ebc5e21686be42484ebffe1b14d1f8a54741f36e1a,
EXP-NGO-018,NGO,retrieved_extracted,pypdf,1218,f781838fdf4c31cdf73a9b8200e543c2cb7b850c33b40f0872f4499cb8fa3c91,
EXP-NGO-019,government,retrieved_extracted,trafilatura,594,5f08199c5434c9ced792e14a07b3292a5f5641e365bf9c6a650f4d9240427d76,
EXP-NGO-020,government,retrieved_extracted,pypdf,7158,9d579c8881f164feb195535f0682b9f291c6559ef1a5c1038713a02de4513597,
EXP-NGO-021,government,retrieved_extracted,trafilatura,1061,bf304a8442dc7258e28c85e5f08c04243edb59a4f22ada4fcb5a2b4c136893f1,
EXP-NGO-022,community,retrieved_extracted,pypdf,1223,5b8c3be5fe328157f03f44225a886f553f4120f6a856c2d4a908d23ee1b171c1,
EXP-NGO-023,government,retrieved_extracted,trafilatura,676,ff69776bba03de3a9cc70621340a0e406ea28a0987792242f5ef68a52960bef4,
EXP-NGO-024,NGO,retrieved_extracted,pypdf,512,c85838358c6bbc300320a6f1b1f1987b04a6f4b4829127a2a3a3e703823cf370,
EXP-NGO-025,NGO,retrieved_extracted,pypdf,421,d6420a24983a682e0c3141c74a1ae498f8e09d987edd0967695003737da238c4,
EXP-NGO-026,NGO,retrieved_extracted,pypdf,370,3fee4dccaed3616f2604140bcb858d172e1d8118ea0391a6ef847b24dc7b2f90,
EXP-NGO-027,NGO,retrieved_extracted,pypdf,452,52afad35194a53b236d529508ffbd9a713716e22c6cd92a91a6464fc9f5247f4,
EXP-NGO-028,NGO,retrieved_extracted,pypdf,1168,fa402cd396be0a442f3a438c68d8b3955046d7d104940ad4f2a4def3f9c5bfd6,
EXP-NGO-029,NGO,retrieved_extracted,pypdf,595,f4478d15090870eccfb4ab28fc740c8760210f20f32f9466184ccd38a402882e,
EXP-NGO-030,NGO,retrieved_extracted,pypdf,699,bc887c9d23761aaf82b447fe3f472d155ffda69f3b05cb7402a2b48f2528a4cf,
EXP-OFFICIAL-013,community,retrieved_extracted,pypdf,15488,c09bc39d845361f563838c7e312d23807c4d75bab5d99bc570b6e265902998e2,
EXP-OFFICIAL-015,community,retrieved_extracted,pypdf,9709,ce6d1279aa31a55ad26a42be7fda79a98519d7b83c618c0b22e41469f2f3161d,
GOV-SAT-001,government,unavailable_for_model_execution,,0,,"ConnectTimeout: HTTPSConnectionPool(host='www.gov.za', port=443): Max retries exceeded with url: /news/media-statements/government-marikana-related-litigation-17-aug-2023 (Caused by ConnectTimeoutError(<HTTPSConnection(host='www.gov.za', port=443) at 0x7fc47d064ed0>, 'Connection to www.gov.za timed out. (connect timeout=60)'))"
INST-001,government,retrieved_extracted,pypdf,153495,94665832387751bfc73e5f241d0971bf0500a9e28cfc37154b5e621cde8daf07,
INST-002,NGO,retrieved_extracted,pypdf,51202,8f8867497238f8fbf27adf841646975fe945d5271fa51f2099f7b95eaaeccfd1,
INST-003,NGO,retrieved_extracted,pypdf,61984,56cf94d44f0f8d3d29cf06b1dad8e80d7bb861d5b5dd3f52b4f4a67d4b8c5c31,
INST-005,NGO,retrieved_extracted,pypdf,267,bed492ab350792e9810a2f386182358089507fb54239d342822a236daf2cbcb8,
MEDIA-001,investor,retrieved_extracted,trafilatura,1077,b924b39bea69678463f993558722977346ed02c02d31a54e10f2669a5becabc6,
MEDIA-002,labour,retrieved_extracted,trafilatura,1205,ee8d5601125a5ee0d2947f4f0b1b0f6b78874f51278257bc24c747c34d97fd2f,
MEDIA-003,government,retrieved_extracted,trafilatura,2194,b2ab20803cc9e715d67c71e00c1482142a2f4a57242841d816989f58c45b8029,
MEDIA-004,government,retrieved_extracted,trafilatura,1236,3e4b51d039b2cd0052306fc2243a9b06e01dfa4382853aef05ad51e87fdd61c7,
MEDIA-005,government,retrieved_extracted,trafilatura,1165,147696b0aff40f5a0385ea1d0351af60c90103a10eb1be49604a5543ebd6ec33,
MEDIA-006,community,retrieved_extracted,trafilatura,1357,cc2494df2e3a6e9c504c2cc5647e9785d14707b073f54c94bdbb7ec0f1918a86,
MEDIA-007,government,retrieved_extracted,trafilatura,1013,4990477a169e72ba640c1ceceaad864e56a7f8e3a6e696408e26c49a17275eac,
MEDIA-008,investor,retrieved_extracted,trafilatura,1098,3f8127494c0ceaa3de35688cbd3b823ef6213c41d3f66ef108f83dd23269993b,
MEDIA-009,labour,retrieved_extracted,trafilatura,616,015f089abb08e6013611aa63c530b485e5f3fc3c2a2e8a1185cb13c351a72d77,
MEDIA-010,labour,retrieved_extracted,trafilatura,842,e046db754f013da6c6488b2d4ce9627c7d7a407e2b730f6e8174ad5a7b6e1a0c,
MEDIA-011,government,retrieved_extracted,trafilatura,1744,50d10ee46af277cb83cd6940cca260adf6db710011f17514d5561e92079e3d90,
MEDIA-012,government,retrieved_extracted,trafilatura,1003,eed68b18555fbd9242a412bef3a29c6ff836ae65396c34a1bb748eea310bdbcf,
MEDIA-013,labour,retrieved_extracted,trafilatura,687,c551e94e8092d4bf5ad1e7b9a56501a127ccf4b10b73af4159c947751413a640,
MEDIA-014,investor,retrieved_extracted,trafilatura,769,55fda4a96a518b76751da523a5a6d22b36694a2e2eae813c30dcdcf011f79aac,
MEDIA-015,labour,retrieved_extracted,trafilatura,1205,a31f36cb589d84eb5151c8cc7ac3fbb2d06b29d403eebd73b60d1fe148754f95,
MEDIA-016,investor,retrieved_extracted,trafilatura,909,70d9363b1e426ac5e4b1d59bb3f92e48791b306af7f1cb2d9f43db7d602b6f08,
MEDIA-017,government,retrieved_extracted,trafilatura,1846,d89e1c49a67208866c7f3147f9f52ee32f4c41f7648b88a4cc155c8fea6dbfa7,
MEDIA-018,investor,retrieved_extracted,trafilatura,1156,19adf4d84815fba98144b06a56ac86d5530f9b671d2a38e33ff8ac939303a29f,
MEDIA-019,government,retrieved_extracted,trafilatura,3077,7f09169d4f87fd79f05e134f171e9cba688791706656c5bbf6ca2dfd6a9c2e32,
MEDIA-020,labour,retrieved_extracted,trafilatura,1455,f95c88ec16c15348a5e9ce6988f25d6beec7016b38526b8c8351fdc46df976c4,
MEDIA-021,labour,retrieved_extracted,trafilatura,501,54c301fe0ab64b925f96965a14fcb33e40b0b0d9b296c3a6dc770286651daa57,
MEDIA-022,investor,retrieved_extracted,trafilatura,824,677daa9ba45558502501113863bf9e3673be8cd04aba92ea7cd7910d8591b355,
MEDIA-023,labour,retrieved_extracted,trafilatura,543,b9be85cbe2acd04480c3a1b34f8962c687c61bc6f4c5f89ca24bc7c3c77f3673,
MEDIA-024,investor,retrieved_extracted,trafilatura,964,526c8d24f545889be24937f735c517ed2bb2532b875f7b902ae77f5c4c6644e8,
MEDIA-025,government,retrieved_extracted,trafilatura,856,c78c3820a03b216fcb4d83f07902db373280a878d0ad6da179c1219ad4c5d3c8,
MEDIA-026,investor,retrieved_extracted,trafilatura,868,09117647fb72823f95e4942949e25dde352c6374c84abcf793f983bb393d279a,
MEDIA-027,government,retrieved_extracted,trafilatura,765,5568ca42132bea8aae1e25d6e031d379593c87f8b0ead4302a10fd2d9f8c86eb,
MEDIA-028,investor,retrieved_extracted,trafilatura,795,a700ed21e05b0064acd7a41c74cc7bf166171f4ef6a2bd254e95ebd4a7aba4a4,
MEDIA-029,investor,retrieved_extracted,trafilatura,1303,1c0a5711e3a5fe9cf99d9c6ebac9f05708b7235000681d54a1caa70f39d9b6ad,
MEDIA-030,investor,retrieved_extracted,trafilatura,829,d1bcdcaeaf3aed2fda228c83d7feb10e646c830a69c05fb497672f738f631390,
MEDIA-032,labour,retrieved_extracted,trafilatura,1231,87dfe312cd475d1c8e4f484399a3e9bba458b0acb375dbace46383e49d520d09,
MEDIA-033,labour,retrieved_extracted,trafilatura,1286,cfcdb2c1fec31ff5d264c9330a546ef7d5476e9a26d0110121799e51b93b3849,
MEDIA-035,labour,retrieved_extracted,trafilatura,683,61c128a4da9baa14dd28d727d9dc2877550769697a16e2b5e68e60bf3c804aa6,
MEDIA-036,labour,retrieved_extracted,trafilatura,744,93aa46117379a7ce6425d853a2d6ef5516bd8d21407caa4cac391906175c1964,
MEDIA-037,labour,retrieved_extracted,trafilatura,1748,9491e15b866f49d9d9965e3b88b9648e24a09534d07b900d98a03866d21c8c78,
MEDIA-038,labour,retrieved_extracted,trafilatura,814,e471399f1c07555f792644ef511887edc11b56e3b565803d64db0a348f0976c6,
MEDIA-039,government,retrieved_extracted,trafilatura,1624,05b9608ac083b40f7e047af9ca38e3faa96c17d38d6ad7da0b4fe4423d6189a3,
MEDIA-040,government,retrieved_extracted,trafilatura,2197,e8a251f3b73f7c8187ad83d2c4b2f4a2edfede92cf43cb38c152dedac48d6133,
MEDIA-041,investor,retrieved_extracted,trafilatura,1678,e2c2d7884fea8213478cc78ad22267e5f4a1777811def1cfc51a0d9c067b1d4d,
MEDIA-044,investor,retrieved_extracted,trafilatura,463,b99eaddd9679a7cee5414fa049ba026f035cf82bb0de9ed5c2a51065986959cd,
MEDIA-045,investor,retrieved_extracted,trafilatura,615,c26228c877bc99526db3dbd54e738070179c7e3894184acb1857349cd84ece13,
MEDIA-047,investor,retrieved_extracted,trafilatura,616,86aaa497336d286b5e4e82e30b114f634c8998333a805cd92f6d7ff2edcc57cd,
MEDIA-048,investor,retrieved_extracted,trafilatura,1362,29fd3554c7973771221749e9bb0f3667df6959f6d34eb394c845b8cb719e8a6e,
MEDIA-049,investor,retrieved_extracted,trafilatura,766,ffd8ff368cfeeb7afbde0e6edb30ecaeaf24695b9352a56767fc66bbceb4811f,
MEDIA-051,labour,retrieved_extracted,trafilatura,978,0d557ffb457bb61538a089a70259d78d9473d21c2ba9ac5e461fee0faec18cb9,
MEDIA-053,investor,retrieved_extracted,trafilatura,553,b4633a2864a84e2a91f5d9132285526da4fe9b4152705f5bdba4fd439eb9d28b,
MEDIA-054,investor,retrieved_extracted,trafilatura,1229,311c0dc32a9297c33b3056e55ed566fac1565520ca3d0883c59961caf7a3239c,
MEDIA-055,investor,retrieved_extracted,trafilatura,963,94ad81f1ebe00d023d8c7312b7273209ee38e419b0b5e30c0bd84ae9e4863fc8,
MEDIA-056,labour,retrieved_extracted,trafilatura,615,7e89ee51c4658553917fdfbaf1d29d3a1bad31e7ece63cee9a76d0a3043c4720,
MEDIA-057,labour,retrieved_extracted,trafilatura,1877,be59b25bad1982d8bc9c0b5dcc2ca2eab1ed4b3a9325d07ec79f124cbac82317,
MEDIA-058,government,retrieved_extracted,trafilatura,2080,ccd19eb5e458c349856f80737d70549815f7425f48ef932ba0811582e76d0112,
NGO-SAT-001,NGO,retrieved_extracted,trafilatura,651,49c37d26ae853a41c72e5c5bf455c487d5d5cfce64719fde47afdf7012c5272e,
NGO-SAT-002,government,retrieved_extracted,trafilatura,274,d5b623a7bdfb49a446b382ee95f71a2c952b60ef0d006395c7b9f9a1f4292278,
NGO-SAT2-001,NGO,retrieved_extracted,pypdf,91846,2ab2e47c64061797f2832a6dda04f25d77e59a501478168d4f2239e39b3738c0,
OFFICIAL-001,labour,retrieved_extracted,pypdf,57418,72a14c105c27ddcc6ce49d164390ad7327a16476782b1a21e813d79c803afaeb,
OFFICIAL-002,community,retrieved_extracted,pypdf,4217,d1fde7173357d6dda1d35e9c03a3f0379a1d4225624e197bdd133dba4d5f70cc,
OFFICIAL-003,government,retrieved_extracted,pypdf,4322,66bc1e06a21695264c7f2349df24b073c6fd2a24afd314643ff4a7571020eb4c,
OFFICIAL-005,community,retrieved_extracted,pypdf,76233,a9b8f1c82d0978f4dac94ec4df90331e84c95c248a791fcbec47042bb1eb6fed,
OFFICIAL-006,community,retrieved_extracted,pypdf,73475,770c6fcb8108ef1b039c79e438a1489cdb442e18de39919fd8b69c66c6b26153,
OFFICIAL-007,investor,retrieved_extracted,pypdf,45505,f48107132dae77e2661dbee4ab12b78a8afd778a8744fdddd9fe8284409a27ac,
OFFICIAL-008,NGO,retrieved_extracted,pypdf,69796,d0f4fdd08db181ffd47fdeba323238500aa34a18e65f38493e59ef66d4cfa584,
OFFICIAL-009,government,retrieved_extracted,pypdf,6365,3afac08dde92e496a25e85dfaef2f097a85ef16c7c4d2dd25827ff66d0155061,
OFFICIAL-010,labour,retrieved_extracted,pypdf,43558,a63cfb5ccb5f9e3df099f74c83a47627fb5b8b838d91e6d11a4938ea74df7ce6,
OFFICIAL-011,government,retrieved_extracted,pypdf,16541,e8348adc3989aac88f6bc48f5e980a7d7ab3dd517951b54963118a2df79a9df4,
OFFICIAL-012,government,retrieved_extracted,pypdf,174810,bb92706b8a476cd9c19a0e4062a371b7cc88bbc3020a01522def51f2b2ac6f11,
OFFICIAL-013,government,retrieved_extracted,pypdf,57831,ce2598d1386ecab6371d46baaf5db58662afe87a059b8a094161d0e25403a3dd,
SAT-EARLY-MEDIA-001,community,retrieved_extracted,trafilatura,1142,2296c5b02c6c6909fb17221f3c8a58b834f6cb1034ade20e73a37ac948d66174,
SAT-EARLY-MEDIA-002,community,retrieved_extracted,trafilatura,739,a2c6eec2589adfef8aedca4a9522cbc8a23d47ef24b45c611909beb5f6f0be51,
SAT-EARLY-MEDIA-006,labour,retrieved_extracted,trafilatura,1396,0797a4b96ebac621431244f00a57353596b1d4debf8d1b2238fd0c3bdb4d3553,
SAT-EARLY-MEDIA-007,investor,retrieved_extracted,trafilatura,754,a0bf745548951bb9875fc4555feb593acd83943d548e96215620d785c94edc2f,
SAT-EARLY-MEDIA-008,labour,retrieved_extracted,trafilatura,433,438608b14e7ef66163265fca8d2ecae1aa91da09fbdb235040a6a749bc8785b2,
SAT-EARLY-MEDIA-011,government,retrieved_extracted,trafilatura,2239,4e6925580d5d1dd49223cdf984d2f6cf00b425046980802a2b50a2394f3ee9f6,
SAT-EARLY-MEDIA-015,labour,retrieved_extracted,trafilatura,593,567de48c7054daecac4aab8beec77efcde806a62f9978c5fdfce9de750311b5e,
SAT-EARLY-MEDIA-016,labour,retrieved_extracted,trafilatura,761,289e6e3ed07ae3c5b3963362eda3d03f882ee39292c3911dd0db416810d5f244,
SAT-EARLY-MEDIA-018,investor,retrieved_extracted,trafilatura,1092,36ccd3bf6c1e91863ce90e1833c268afccfccd0fe4720df4d1f8b174c61e8c6d,
SAT-MEDIA-001,government,retrieved_extracted,trafilatura,1383,5517a423b9249473887b24c4bfc7918611a3cbc74f58a9aed54f9c392ebba43b,
SAT-MEDIA-002,investor,retrieved_extracted,trafilatura,716,59b35ebc0476ec0a636a08bda7ebb668ff238b3ec6d029eb96f86f5128af2e81,
SAT-MEDIA-003,government,retrieved_extracted,trafilatura,918,d456110de410dcdac1e383459b88aa6fd9bc8e0bb8ed4f1064a72d5e433da89b,
SAT-MEDIA-014,investor,retrieved_extracted,trafilatura,575,9c3df503358b399a46809cf33cd461ec30880c8ce862e5163a69acd6418db743,
SAT-MEDIA-015,investor,retrieved_extracted,trafilatura,604,a8a2787558c9cc6437f695779679ab3078eff19c65d77437fe9b7176e8fac72c,
SAT4-MEDIA-001,labour,retrieved_extracted,trafilatura,900,509ace3f3096972ac77c772992ac0c5dba6182e19b83a4c3d8f4275a5f075b0b,
SAT4-MEDIA-005,government,retrieved_extracted,trafilatura,1747,39677e3767f10f2919bfa67be26e8a673445ea958abbdf166483a7daaa2795de,
SAT4-MEDIA-006,labour,retrieved_extracted,trafilatura,1279,df3731e1b2face5369d5492e48fe45d1524deb07d2fdf951f455010b71f17a92,
SAT4-MEDIA-008,community,retrieved_extracted,trafilatura,931,ee9b782991921f40d9dc9bb1d79951f560ec5c832a73094c6a57b5caf016df08,
SAT4-MEDIA-009,investor,retrieved_extracted,trafilatura,775,23e43a83f32a65009975af0c4301d91ba13621cd3e8243ddedf2145e319c27e5,
SAT4-MEDIA-010,labour,retrieved_extracted,trafilatura,454,1a36d3bcd9684bc19504c37dc9d585257151ea6d4e61ece5e54548dddf389091,
SAT4-MEDIA-011,labour,retrieved_extracted,trafilatura,731,2be3a326c04778cd13fec83ead57b805506cbd31256977384ba237cf79ff1eaf,
SAT6-MEDIA-003,government,retrieved_extracted,trafilatura,1353,ffead02d5356136be3026088a48890bc6f8b25a864f828b63bae73b83b44d2dd,
SAT7-MEDIA-001,government,retrieved_extracted,trafilatura,1565,399383f3bb749b93ab5b841a86439905eb10dca6adf1fe8cd5efb93e6d5a86af,
SAT7-MEDIA-002,government,retrieved_extracted,trafilatura,1590,8bddeee80c0e31cabe05171ea375810f426de29ba0fe40bdec2471c789c7cbb2,
SAT8-MEDIA-001,government,retrieved_extracted,trafilatura,1388,8cb4ed67a1c958a4b90569769a14202902d793f9df91441a307c41ce2d48ffc9,
SAT8-MEDIA-002,government,retrieved_extracted,trafilatura,1266,3555c85dec2bc4b4f1a0938e01b0f3ac7f576406707fd102ec72d3cceb36397a,
SAT8-MEDIA-003,government,retrieved_extracted,trafilatura,1487,86c5260bcfccdd99d5d9c0ac1f591210ff5f14e6164ad16c04a61b8719d286a5,
SAT8-MEDIA-004,government,retrieved_extracted,trafilatura,1067,22ef404803be943cb92c08c3658c151b6e2078fe9874348d3f3ee16f8c236cec,
SAT8-MEDIA-005,government,retrieved_extracted,trafilatura,1510,812c510a9f8705e6bfc5e8c7cea77778d0f4ae7420e22c71233ef1333f019a8b,
SEC-MEDIA-0001,labour,retrieved_extracted,trafilatura,871,994adf7d99dee1ac61a42b8d2278705164d5d3dc9ec97c786fac4e41a7ddc72f,
SEC-MEDIA-0003,labour,retrieved_extracted,trafilatura,1275,4364efceb77eb2a8916fff849694dd84e3bb5a70bfe1e5c853ba35028dea707d,
SEC-MEDIA-0004,labour,retrieved_extracted,trafilatura,1109,ce1d8527030f3f783b9db790287268e882007cfc31ecd9b9a61446572fe20d68,
SEC-MEDIA-0005,labour,retrieved_extracted,trafilatura,1281,86a11b6058d2a7551a80eac73209ecde588dce3c8226f51cf8f8353ef58bfd5a,
SEC-MEDIA-0007,labour,retrieved_extracted,trafilatura,1053,82f84f7e6ee78e9c786ed2908907e6dacbe1093d126c0145b87552408ad5d4d4,
SEC-MEDIA-0008,labour,retrieved_extracted,trafilatura,1053,43c9944e28289ead1a4744cead7616d66af621a70d8de0b26672fed07befb0b9,
SEC-MEDIA-0010,labour,retrieved_extracted,trafilatura,772,9bbc79964d4a49dfaa2043ae3b5b7ca8e9b1b1b45ca6067cd6c17520e17ee073,
SEC-MEDIA-0011,labour,retrieved_extracted,trafilatura,1086,34eda634062f9d4a8123c520c1d0c8f5c4dbb081b673f2ed69c258c2e82db07f,
SEC-MEDIA-0012,labour,retrieved_extracted,trafilatura,879,a3a7b841371a194086d2508c3a48bd00004a0fd8f998f91fbab954ab31787599,
SEC-MEDIA-0013,labour,retrieved_extracted,trafilatura,786,772403d2dc6df01a39fd9f311743e6905b8ee89a64bf7f21f21dd3f0450eaa53,
SEC-MEDIA-0014,labour,retrieved_extracted,trafilatura,285,c5884445173a98d1653e1fff3f50f845061dd471576caac845e51d55844c315e,
SEC-MEDIA-0015,labour,retrieved_extracted,trafilatura,1539,c92bf18b0a31093aa0894226a9010edc21de1896d323da13d812c7d7fa5e28bb,
SEC-MEDIA-0016,labour,retrieved_extracted,trafilatura,1545,f38f92c2951fac80f4fb991b79b9e905fb72e95d1762639d6b595f247bc0ff0a,
SEC-MEDIA-0017,labour,retrieved_extracted,trafilatura,1089,0f6051d993140762773f056ad111dc9a99641fd7686fc8b303c2a92e6de1c50f,
SEC-MEDIA-0018,labour,retrieved_extracted,trafilatura,1172,d87b6f34a2d5f84dfd3fc60114e4ed5c74e1ff74bbdc45fdb88ac405141c4ad5,
SEC-MEDIA-0019,labour,retrieved_extracted,trafilatura,1111,201908b8111714eb5f779e41a5414053ed2a80622aecee197528a5305f670187,
SEC-MEDIA-0020,labour,retrieved_extracted,trafilatura,1073,7e3b345498e471ec56b705db0d7b973a1d0eb11ebe9effefbe5cd69f112bf304,
SEC-MEDIA-0021,labour,retrieved_extracted,trafilatura,1210,99aa9ba7eac229e51f0750f025723b69f2d3093a804d7d50255ad7c29543ee95,
SEC-MEDIA-0022,labour,retrieved_extracted,trafilatura,1214,32cb88d8c5fdd1bf42fbc5309d0bffc0f48a515f49b512f93c6389f96543f083,
SEC-MEDIA-0024,labour,retrieved_extracted,trafilatura,1439,03d2086f28838ea1005b75f2b03df22b0c950a52ab7d3a6da4390a405bef3cd2,
SEC-MEDIA-0025,labour,retrieved_extracted,trafilatura,964,3aff22d9856479bdedee4497fdafffdc98a7443e6dbae84c234cf446724d04ff,
SEC-MEDIA-0026,labour,retrieved_extracted,trafilatura,1173,dcecda83247c3923fef670f6f16a4577fa0c0d4ac3577479894f1e0575c9086d,
SEC-MEDIA-0027,labour,retrieved_extracted,trafilatura,1143,0c9d252476208bd3ab4d704a0917b3cbf135da8f914c24954426ab1c1848e073,
SEC-MEDIA-0028,labour,retrieved_extracted,trafilatura,888,347fe91d70398cccc28bd9cf8eab5d8e9cf934482c4cb5c5d52bab995f71cb93,
SEC-MEDIA-0029,labour,retrieved_extracted,trafilatura,1252,93ef6b2af52ac21f36da73469c7cfc967bd9a4df6b05e5ca8eced7fcdc5096ff,
SEC-MEDIA-0030,labour,retrieved_extracted,trafilatura,2015,2aa3ba31272e2191a191a433c3e5ec14424364a9f9e2512a520f93c9c7f00891,
SEC-MEDIA-0031,labour,retrieved_extracted,trafilatura,774,a58257a3728fadf6b5192146d4a982e5a5590571ea38159c7fcc7d75567a71d8,
SEC-MEDIA-0033,labour,retrieved_extracted,trafilatura,1423,41cef8b6b65ffd4549d131f37cc9332bb4c0cb0d9ec867bb8113c42ef136d7e6,
SEC-MEDIA-0040,labour,retrieved_extracted,trafilatura,823,eb9deaba06078f8a3f72255cb3ef9809b0c9f8f149e51e32ec0bea4981bf1f20,
SEC-MEDIA-0044,labour,retrieved_extracted,trafilatura,577,95a8ef11d00a51921a70ecd2c3a3aae04e972d69ba40b5acc6f94e1bf848f369,
SEC-MEDIA-0049,labour,retrieved_extracted,trafilatura,753,6fbf9a23a8fe06b15f67fbebc2d603235cb19e9065b7cf1908bded753e8985b2,
SEC-MEDIA-0052,labour,retrieved_extracted,trafilatura,409,2e83c84ceea0e3f148d53a171c761e0237ea5b34ba7d7e3336d9858ff4fa65e9,
SEC-MEDIA-0063,investor,retrieved_extracted,trafilatura,828,2404cc4e1ef1fcf8855848e5a81eaa310d44a6711047dd91b6fdf30489a8175b,
SEC-MEDIA-0086,investor,retrieved_extracted,trafilatura,1316,3ca569b9b128359dffcd46d3071202a9b79102e417cb70087bfabf831dfb329e,
SEC-MEDIA-0087,labour,retrieved_extracted,trafilatura,905,b3074cfd6b6b8c35ee1a7f5e8abbb62c2c0c338ed323eb290051f222aac00643,
SEC-MEDIA-0099,labour,retrieved_extracted,trafilatura,590,46ca213eea7e01ce43c6bd03a7e40c6bcd9e77bef4138d26b092f01485f96878,
SEC-MEDIA-0102,labour,retrieved_extracted,trafilatura,638,2b82b1651674d61d72b8fff449fb2b39cc9185a514193d3ef62e65ade8ead1f0,
SEC-MEDIA-0115,labour,retrieved_extracted,trafilatura,1149,dc5bb76e3a1cbfe34519cf82222bab2f3b0d38ba3a8c2a41a6c611a0b3bb5457,
SEC-MEDIA-0116,government,retrieved_extracted,trafilatura,1192,772e671ce3561e28090cccd2e10526a64a18d30ccedebf4f45ef7f69a833e325,
SEC-MEDIA-0117,labour,retrieved_extracted,trafilatura,1058,5b5f462275232d55803d9262bc35d7fe857fd0188cf29f449214dca75b5476ef,
SEC-MEDIA-0125,investor,retrieved_extracted,trafilatura,867,8a9eb7509358114db76735902ce84fe62330887576f715713aa2de0b23e8f40f,
SEC-MEDIA-0150,labour,retrieved_extracted,trafilatura,582,24e14fa3bb73e264e65afe1ebc9e569556f8ada15561cdc5f422038eb0446a65,
SEC-MEDIA-0169,labour,retrieved_extracted,trafilatura,560,38b9c39d11555daab6b47cd5adb2c42710f7146befb425384000a0d7e172ae5d,
SEC-MEDIA-0178,labour,retrieved_extracted,trafilatura,630,7c050c1131b3a0481b31a9cad8b593c765bd007115bab7c15cfccbcef3d15a4a,
SEC-MEDIA-0184,labour,retrieved_extracted,trafilatura,1356,3406e448a293626ade1b3e1351faf4a36a7c315c4bdb366cc8af802e24e201c6,
SEC-MEDIA-0188,labour,retrieved_extracted,trafilatura,706,d012da435220aae2ad57557e78b7114e2646a05085351336ee231db7fc3197ac,
SEC-MEDIA-0194,labour,retrieved_extracted,trafilatura,621,b0fa950ed07cc84c99f944cea9234e06f847427c1b7ef818d33d1dfa7bbe76bd,
SEC-MEDIA-0196,labour,retrieved_extracted,trafilatura,722,6f0ac0227ceb6c168fbda1766972e63a595f86fc9406c00c8244d46b649f69b8,
SEC-MEDIA-0197,labour,retrieved_extracted,trafilatura,443,46668e66e86dbd23c73f91546aeb37bad1a7ea429015855c9e7744934a996ff7,
SEC-MEDIA-0198,labour,retrieved_extracted,trafilatura,508,09aac28e2f451ec7fdb64eaae3693aedac81eed676c657209856627f82a127ec,
SEC-MEDIA-0206,labour,retrieved_extracted,trafilatura,561,7defcc8b2336eda46fbac7b2cfee56a59515bf883caa5f9156150372804ab3d4,
SEC-MEDIA-0212,labour,retrieved_extracted,trafilatura,586,ae3638893032bbf403923fdf4632a0341b459b550042cdf26372e8a42cbbc7cc,
SEC-MEDIA-0228,labour,retrieved_extracted,trafilatura,749,18efc7913660df1120fe2019f12aff458dd65c6386413dd81f4f893d6bd805f2,
SEC-MEDIA-0229,labour,retrieved_extracted,trafilatura,679,2638b635896bbdb91e5fead6aa79eb28261c6069432be5bf811d8098a4ecf653,
SEC-MEDIA-0230,labour,retrieved_extracted,trafilatura,503,d69fec26d9d5c5e9a2aa13104d21224cd820ca4629b2b2198dc0a5752072d5ba,
SEC-MEDIA-0233,labour,retrieved_extracted,trafilatura,938,c98c43c3aae2343549e05d79706daa27661d4610231db6bcd40db5be421de81f,
SEC-MEDIA-0235,labour,retrieved_extracted,trafilatura,589,37a926a86a7484d73e45cb3dd6e857068243d7f9473c969b962fb3eaa93076af,
SEC-MEDIA-0236,labour,retrieved_extracted,trafilatura,629,5634a003c6617618ad8c1caa6ecebeb741b089a1c28b9b05f38dad2f989e1bf4,
SEC-MEDIA-0237,labour,retrieved_extracted,trafilatura,548,e051cb6580cc12f274349f6e0c4f74e39892937c42fb2403125918f06a3a7d1f,
SEC-MEDIA-0239,labour,retrieved_extracted,trafilatura,625,c5d4b88f22a33900463b1c52c676cc4a113ff85f8d1259d701c3712ad0e4439d,
SEC-MEDIA-0251,labour,retrieved_extracted,trafilatura,981,52109dc6aeaf22b53f19db0cd38e7803cd80773da89518e399d8da9cb8079271,
SEC-MEDIA-0254,labour,retrieved_extracted,trafilatura,957,4b759b2b255eb9ea52c0b91b151422b09baa851af8f4a843a38b156eb123687e,
SEC-MEDIA-0258,labour,retrieved_extracted,trafilatura,647,e8224d93031acaa2fb45db4da4c01c137401f12633025471e7011b5f112362fe,
SEC-MEDIA-0264,labour,retrieved_extracted,trafilatura,535,55e8777b17dc054fc5d7afdb6da9db2d2b631a061bd77d2536b6af95ef2169ce,
SEC-MEDIA-0265,labour,retrieved_extracted,trafilatura,837,b998368ce54e97fa506969bf29b389d85f3a4724549641adce544a2adfd6cb8e,
SEC-MEDIA-0267,labour,retrieved_extracted,trafilatura,649,1170d8c97225baff0b3512644c34ebff665289cb931c734434dfaa326a618a23,
SEC-MEDIA-0280,government,retrieved_extracted,trafilatura,591,fc7baf429f25e6781e1869569c2311d658f082423e2eeb1c0c76af64881830e5,
SEC-MEDIA-0283,investor,retrieved_extracted,trafilatura,1191,4243e6cd7fce326231de755a2775f3d4d99739cafbb4a27027f1042934d527b7,
SEC-MEDIA-0293,labour,retrieved_extracted,trafilatura,623,211671589395777d587a888e62a9f1de53e263aa4d5802b710f9fc71304b43c1,
SEC-MEDIA-0317,labour,retrieved_extracted,trafilatura,632,0af90e474a523ef1fef1687971e36b2d8bd8613df25a4a1953ea97b53cc0e99e,
SEC-MEDIA-0322,labour,retrieved_extracted,trafilatura,840,2b71ac83065237866dd26cbdbedfc0c5f12b1f900868f0784b98255d7a1300fc,
SEC-MEDIA-0327,government,retrieved_extracted,trafilatura,697,2afaefc3aad78138d55c55881de21742c05ee9ee738e9518de84f4dddf5ce5df,
SEC-MEDIA-0372,labour,retrieved_extracted,trafilatura,651,bbbcdb8157abc33dd53eb4bc219c9a613c994ff2e583f87344c89e8db6e4ced0,
SEC-MEDIA-0385,labour,retrieved_extracted,trafilatura,463,c5717f6432be00b773b7153a36c3b168170ab905dd371db91ac3a773991d3c4f,
SEC-MEDIA-0389,labour,retrieved_extracted,trafilatura,705,1fa6940b2187fccb25612c306a5f7bd68cc4a9151e2a0f19fc265bf742160daf,
SEC-MEDIA-0392,labour,retrieved_extracted,trafilatura,575,8a35146aa8094a6280982413d469783da8519babe042317460f30ca9dc8d143e,
SEC-MEDIA-0397,labour,retrieved_extracted,trafilatura,1212,72dbc89d5a9f224fe40e8b0bac7a139283502577c6a78f5cd20a883f0164515c,
SEC-MEDIA-0416,labour,retrieved_extracted,trafilatura,480,bb6b5c77e7c3310e61db5f5997885936425f45769ec9ebbc8a42ef1b135bfe9a,
SEC-MEDIA-0417,labour,retrieved_extracted,trafilatura,491,9f16f109a7f0536b139c1fbe91edf34e68008cd438819d91f7da184abd487721,
SEC-MEDIA-0424,government,retrieved_extracted,trafilatura,672,e8ff98ebbf2f38e25a8a4056cd97aace98d5bab805b0aa16016c86d7b0ae6402,
SEC-MEDIA-0425,government,retrieved_extracted,trafilatura,562,c7f437ddc36911cd9323347db4db15df7041e998232e8f8b0805ca22867139f8,
SEC-MEDIA-0429,labour,retrieved_extracted,trafilatura,603,7eba0933e2a94500acde869fe16a8e07479ffdb480a5607a7a5f05502c67f1a4,
SEC-MEDIA-0437,labour,retrieved_extracted,trafilatura,1389,e9d9c16aedb1a91bd536935f6f38342fbd101d6c2fd70e0ea91f39f78b184c3d,
SEC-MEDIA-0475,labour,retrieved_extracted,trafilatura,1528,68da58dafc3a6fa2ed2633f7d04a16b9cbc2bbf018f361b5cf503dfc565ddfdb,
SEC-MEDIA-0476,labour,retrieved_extracted,trafilatura,683,24c96f98eba7cb53c8e8f71ea84a554207bc9201384e641e90dc418cf78741ca,
SEC-MEDIA-0477,labour,retrieved_extracted,trafilatura,764,bd673d60d3409275bb9c28cbdf494fe1814b111ea6d7dc52e2785fd76a3bb6fb,
SEC-MEDIA-0482,investor,retrieved_extracted,trafilatura,491,699e109a9373ab26d37f2afdd9e2b807a0e9f090a6086cff6c996a633dfbb405,
SEC-MEDIA-0483,labour,retrieved_extracted,trafilatura,386,21a495c0d9f5a15cf3b18a31219db6a2fb70eb9ec5aec1f4da8ac99936aa8ee4,
SEC-MEDIA-0484,labour,retrieved_extracted,trafilatura,1286,bab42885056201948e39fcffe9660aff2a662a49b26a7e1719de6e1303d2e73f,
SEC-MEDIA-0485,labour,retrieved_extracted,trafilatura,658,0de2753fd8869603c9af3ceb118d0a2f964b6a68d00d6d9c7f530fc05fca383e,
SEC-MEDIA-0489,labour,retrieved_extracted,trafilatura,969,3d01941d7620179f43582242f7ad0d13f1ab99f43df82b1b6b3b22f2ede99c19,
SEC-MEDIA-0490,labour,retrieved_extracted,trafilatura,1027,845e3d8b139cf3369408d75418b1dda2793008e83d03d61d1304f70661851413,
SEC-MEDIA-0492,labour,retrieved_extracted,trafilatura,992,0d86b0b364f3713aa14654ab51985948be59920f76038c70d43b4c7c3762c66d,
SEC-MEDIA-0493,labour,retrieved_extracted,trafilatura,752,3337b5b1086afc9af4884c940ca7ede333c5e07d1949a5837d5fd34e4c3c4766,
SEC-MEDIA-0497,labour,retrieved_extracted,trafilatura,762,576fc0a2dcac06fe7b5d5ddd3bcfd042d2aae883acb3dc160e8edc7cb3bf286f,
SEC-MEDIA-0516,labour,retrieved_extracted,trafilatura,498,0d09b66aa0df4baad7b604fd5aaef1c06963220935a72f47190cd4be90af9c8f,
SEC-MEDIA-0519,labour,retrieved_extracted,trafilatura,681,aeceb8879d4752f8b15454f27c87fca0fb325747ca8a9448fc699b0663e66923,
SEC-MEDIA-0524,labour,retrieved_extracted,trafilatura,936,ccda67f9a42e7f9a0d22aee67d0fc5014189f5215db119cd63dd6dfeccb66b23,
SEC-MEDIA-0559,investor,retrieved_extracted,trafilatura,517,10e519263c70ea72d309c701063841a93b58df4a923136306c5f5c222a7d2509,
SEC-MEDIA-0577,investor,retrieved_extracted,trafilatura,423,84d676efb9be823be84e718c07596a2fc84722a3ffdddbe05ec3cf34b3316cbd,
SEC-MEDIA-0622,investor,retrieved_extracted,trafilatura,807,648a2b0ad8c033baefb345bfc0ef6eed585d0accdddacdcc412133f0ef226aad,
SEC-MEDIA-0706,investor,retrieved_extracted,trafilatura,1919,171dd9e3873c8ec1933a125019b45dbe25f743929bf6baa7ce6d5d5ea0cc947f,
SEC-MEDIA-0764,investor,retrieved_extracted,trafilatura,2030,73144e148f75fc730b3541a7847baba8b1b73a6eadfa5cd3b117e0764a8c187e,
SEC-MEDIA-0877,investor,retrieved_extracted,trafilatura,664,e41470a6f9dc472b008a6bc43a1b3863bf1cdbd9baf200aa3bc9dfd8b3ffe1f3,
SEC-MEDIA-0928,investor,retrieved_extracted,trafilatura,1496,879d4f0d906c2301ffde0ab899270aa9874ea39ad06a6034bd0f779e972342f9,
SEC-MEDIA-1013,labour,retrieved_extracted,trafilatura,560,8d721583cd37a8a0bfb3bd2d053f589e1c06862d57afc760afddb4d85c51729a,
SEC-MEDIA-1017,investor,retrieved_extracted,trafilatura,880,5bc7f6d81e9dbeee73c577b66899d971639f6658dfc4bcd529b83bf18e37bfe1,
SEC-MEDIA-1029,labour,retrieved_extracted,trafilatura,820,83c5e6feb75e32c36caf98bc37e57f362991a902a26ce510088e2d6c0e52de05,
SEC-MEDIA-1044,labour,retrieved_extracted,trafilatura,640,667c49d988cdd7fa6fc1c8d65fe2c21a3475837af262fef61d72fdffa26b7957,
SERI-SAT2-001,NGO,retrieved_extracted,pypdf,517,01d4fe14e970ddae66e1fa661d93eb74245ab9468d2b55b20a7ac551eed13b26,
SERI-SAT2-002,NGO,retrieved_extracted,pypdf,378,0a515de4a95a0c8fb06d059849f423a4d3b4b3e9993532eded3e34146a9d9670,
SERI-SAT2-003,NGO,retrieved_extracted,pypdf,1409,f3a281dae19d23926c72d6b2960a498c43f3fdcdbb32ba461518acae20e1bd30,
SERI-SAT2-004,NGO,retrieved_extracted,pypdf,667,9365e98e65b99fc70b73f15dc30c0b795354b4ffa200c3e7b4446461cb2de05d,
WEB-GOV-001,government,retrieved_extracted,trafilatura,236,79160a443a6534388e8ac6de7dd55de381eb6c977c56d2b785e0bd743882bbe4,
WEB-GOV-002,government,retrieved_extracted,trafilatura,976,4a630ee882767ae8709e77319bc9ebebd3878ea18b3155786143203e0bdb397a,
WEB-GOV-003,government,retrieved_extracted,trafilatura,404,89ed791ea730986167fa5dd1745aa5247541b8caf7b180b36a418aa44cd8f3af,
WEB-MEDIA-002,government,retrieved_extracted,trafilatura,885,9a9ab163828f0bda2e9222878f779d2c05d6e281dd09b780b69fa412d2d2854f,
WEB-MEDIA-003,investor,retrieved_extracted,trafilatura,1158,ca90bd656cfc4c1313f9e35664e70b4173190ccf4645ecb2f1a27fba81e013f2,
WEB-MEDIA-004,investor,retrieved_extracted,trafilatura,1584,e6ca580fec901089945a1dbbfb3ff1da6fbe0e47c62b7308fc39827856f77159,
WEB-MEDIA-007,labour,retrieved_extracted,trafilatura,1017,81608b42685e7dc228970c5de6fa8d4c0c4903308d78ad83529b308ab6cbb31b,
expanded_corporate_candidates__EXP-CORP-002,investor,retrieved_extracted,pymupdf,79172,1653d5dc7031c44661f36fbcac50967c9683b7e5b5156976e838167446cbb0a5,
expanded_media_candidates_02__EXP-MEDIA-038,labour,retrieved_extracted,trafilatura,1134,a168356b6b5f2a0ea667b730ff7ca5591bf6659ed68047dbdb9068d762d86f5e,
expanded_media_candidates_02__EXP-MEDIA-039,labour,retrieved_extracted,trafilatura,572,4afcd4eb786ca0e15989fdb2cfcd5d1b564159c4419f01d2e9ab4d24fe3a7d02,
expanded_media_candidates_02__EXP-MEDIA-041,labour,retrieved_extracted,trafilatura,608,a916a2049f9f8f2490798d75903d559afd230f1f34df2e0d12fb79878106cc3b,
expanded_media_candidates_02__EXP-MEDIA-042,labour,retrieved_extracted,trafilatura,693,5d57583205d208ba8f892a526daa7894a8b59c52a72157295d8ca0223b82042a,
expanded_media_candidates_02__EXP-MEDIA-044,labour,retrieved_extracted,trafilatura,624,7095f8df7ad5046a7298536ebd07829f1107f7572e851b12a28f86b89e14e08d,
expanded_media_candidates_02__EXP-MEDIA-045,labour,retrieved_extracted,trafilatura,650,27d7f782ae9f3abf38603dbc708ce046e9d19e0143569f77975eda44f2ebb8f9,
expanded_media_candidates_02__EXP-MEDIA-046,government,retrieved_extracted,trafilatura,1639,442c923390b3a90d264b476022ef9aa481afe1b185b77360519962865a90f729,
expanded_media_candidates_02__EXP-MEDIA-047,government,retrieved_extracted,trafilatura,1246,f64290f4a4a29dcac59baef4c5f30aae20f77dc528817025681af07dfe5ecedb,
expanded_media_candidates_02__EXP-MEDIA-048,government,retrieved_extracted,trafilatura,1764,b8b96007d123206d6dc204706db0533e760fcd3204b829e8e1d4b6a51fdf38f3,
expanded_media_candidates_02__EXP-MEDIA-049,government,retrieved_extracted,trafilatura,1049,cb7ccfc31041334f26e1be864cfb7778ebeab98ddd8dc507df06db0aa5131727,
expanded_media_candidates_02__EXP-MEDIA-050,government,retrieved_extracted,trafilatura,1370,d32f50bd199f65b09e0bf6a6c8bd3e721f0d4a6c62ac73ae2760ceb94c06b0cb,
expanded_media_candidates_02__EXP-MEDIA-051,investor,retrieved_extracted,trafilatura,1198,34b15254d74f498e771d59d03faa6f55430a70b5000c6d784c36e61909b1c486,
expanded_media_candidates_02__EXP-MEDIA-052,investor,retrieved_extracted,trafilatura,743,4b2ea62065618472445a1878a4b5f166774329cbb2d5746d8027139347873923,
expanded_media_candidates__EXP-MEDIA-004,labour,retrieved_extracted,trafilatura,503,33fafc0c169640124cbc8a40622c4c70cbaa9d67a20f1bc38e4abfbab98ddf09,
expanded_media_candidates__EXP-MEDIA-005,labour,retrieved_extracted,trafilatura,618,ef947e9fe21b436aa9dcfeba67f680357fe0693a20f0ca59de3f0a3eeb19d95d,
expanded_media_candidates__EXP-MEDIA-006,labour,retrieved_extracted,trafilatura,1044,dd151fa546031a07850fc065748ff519b53ba0aa33654586c8241ea2d500f57f,
expanded_media_candidates__EXP-MEDIA-007,investor,retrieved_extracted,trafilatura,1368,043f6a25e810d3e91385a8498ebdaa90deaa32ecf5dbcc1769884deb61f3715a,
expanded_media_candidates__EXP-MEDIA-008,labour,retrieved_extracted,trafilatura,605,ac31007df409acaee7b35a924e057544013f97256e851535dba0bceebfcf6f8b,
expanded_media_candidates__EXP-MEDIA-009,labour,retrieved_extracted,trafilatura,1838,d82e81d81c83573f40d8e7fad5912881e45ccb43fa386ee4ed20845ee3ce5c75,
expanded_media_candidates__EXP-MEDIA-010,government,retrieved_extracted,trafilatura,497,9b184f0d66b6ff775776f2405abc17c83bb9e782685689dff279d72267b831eb,
expanded_media_candidates__EXP-MEDIA-011,government,retrieved_extracted,trafilatura,1366,70107f57792368886c5250afe181a2a886299c43bad3a15b37dab6705467cfef,
expanded_media_candidates__EXP-MEDIA-012,government,retrieved_extracted,trafilatura,729,5eb3de69c422b7ae383ae983496deae9f98a2c94cb96318518499d0cf48556fa,
expanded_media_candidates__EXP-MEDIA-013,labour,retrieved_extracted,trafilatura,882,c340c06295226b684e50e464c8537fe636e6345dcfa3d12da0876e020df70ef0,
expanded_media_candidates__EXP-MEDIA-014,investor,retrieved_extracted,trafilatura,1933,fa4cb12cb03af059fa13ddf2e895f8f83a51a3360c422065c40a9a86106741f3,
expanded_media_candidates__EXP-MEDIA-015,government,retrieved_extracted,trafilatura,796,15481f8473975ff0b5d5abb1cfc48d9ea927c5cf1f32f61b9f78f9fba0d6de20,
expanded_media_candidates__EXP-MEDIA-016,government,retrieved_extracted,trafilatura,862,daab031f5834011f472d3f1ffac17422dfb0d426090e84404012d92f980a6b0d,
expanded_media_candidates__EXP-MEDIA-017,government,retrieved_extracted,trafilatura,1518,318996d06c98636b46183a1edfe867117efa1dcb6bf70d18a29e7209d5478f9c,
expanded_media_candidates__EXP-MEDIA-018,government,retrieved_extracted,trafilatura,1204,d967fe24ba8c22b4886ba2fb5fa1cdb66fb730043ee25fa7994d67088c51d94f,
expanded_media_candidates__EXP-MEDIA-019,government,retrieved_extracted,trafilatura,2039,434b4a48adfadf53a11a36b0949157c37a4f3f1b9e81fc5f93dd0018b4ef9d3b,
expanded_media_candidates__EXP-MEDIA-020,government,retrieved_extracted,trafilatura,1222,71757d23196821c4d7f680076d5e4ac96d7d0d5f7a231c69cee552f49b378d45,
expanded_media_candidates__EXP-MEDIA-021,government,retrieved_extracted,trafilatura,1098,363bc3350a6074b2d2efedf77b6a42a5f1366dd003d847b2904c8a518d2b4752,
expanded_media_candidates__EXP-MEDIA-022,labour,retrieved_extracted,trafilatura,968,9142a00744b8d739564341265b253df9246cb8c68a1d9b39cb98979c7a0f2989,
expanded_media_candidates__EXP-MEDIA-023,investor,retrieved_extracted,trafilatura,2316,883551ea427223e6b5e6864a6d57d8996a32a1fb7bf741a889cdd3fea9f1ea4b,
expanded_media_candidates__EXP-MEDIA-024,government,retrieved_extracted,trafilatura,1403,4d0f2bdfe6667a9a523d219d2ef56edefe367b167f2ce1e58399618a6ab9c370,
expanded_media_candidates__EXP-MEDIA-025,community,retrieved_extracted,trafilatura,1432,869362f39c94ffeb0a829a035982688ea657cb50bcc8add6f66799aa67d83f6a,
expanded_media_candidates__EXP-MEDIA-029,government,retrieved_extracted,trafilatura,1215,41d9bb527c923be1fa92ffbf8906f24eab0f63d6c6d65e3d5c8b827a019cface,
expanded_media_candidates__EXP-MEDIA-033,investor,retrieved_extracted,trafilatura,839,cd1292d424ba9707df82daa697f82cbdd52bd0bf0fb83312544a5a36bfe0f216,
expanded_media_candidates__EXP-MEDIA-035,government,retrieved_extracted,trafilatura,1268,645c1d508e2c9a4c0d6feb70aa161810666806158699f8e0395f84ac87f589c6,
expanded_media_candidates__EXP-MEDIA-036,government,retrieved_extracted,trafilatura,1222,e3662dc659ba36b43d46b37fa37f6d91617ab506ae5025ec27510ed758b33fde,
expanded_media_candidates_batch1__EXP-MEDIA-001,government,retrieved_extracted,trafilatura,2953,385f1969dce95ffb279ceb81bc90943b67f5b2117e071fae87b92c81d0e0171b,
expanded_media_candidates_batch1__EXP-MEDIA-002,government,retrieved_extracted,trafilatura,1399,a083a10400ae0558b7301c23b7f5548d2db65297b88f753460d1d9265015e555,
expanded_media_candidates_batch1__EXP-MEDIA-004,investor,retrieved_extracted,trafilatura,1465,c9f06df4ead577ee4ce016415656354b9246e8c9c1f70c1fef39c9048379ecae,
expanded_media_candidates_batch1__EXP-MEDIA-005,investor,retrieved_extracted,trafilatura,3422,8a3600cf6a2a846781c526510ed3c6fb4cd56b4694a5bd85d2b4d40fc473055e,
expanded_media_candidates_batch1__EXP-MEDIA-006,labour,retrieved_extracted,trafilatura,1159,5afb1c3183cd912eeef79dea35c44e9f5038374c2d7c61d3d1ec864e031787e4,
expanded_media_candidates_batch1__EXP-MEDIA-007,government,retrieved_extracted,trafilatura,1439,ae29c5671dc16ae0ab2c73bd833557f49a1f94dabfb2275bfda97530fac98634,
expanded_media_candidates_batch1__EXP-MEDIA-010,government,retrieved_extracted,trafilatura,1320,70d51792b399721c24e538c8efc11c9cc1dcdf30d0266cee5d4ce53f9c3b359c,
expanded_media_candidates_batch1__EXP-MEDIA-011,government,retrieved_extracted,trafilatura,1484,4077012b6f376d1be1924826a67b1a4778a3ae68e2f42e53bdaa311b0cf1fd45,
expanded_media_candidates_batch1__EXP-MEDIA-015,government,retrieved_extracted,trafilatura,1025,78cefa79c4728b832f7e6bf48de2ce35dc01aa07477e537c71ba22e4f75499d7,
expanded_media_candidates_batch1__EXP-MEDIA-022,government,retrieved_extracted,trafilatura,1139,662491328bf250e1b8187563ca530053f9e72057a6f9345eeea0847181e60699,
expanded_media_candidates_batch1__EXP-MEDIA-023,labour,retrieved_extracted,trafilatura,1906,c61e5c8ca8c1a876c4f49dc978b4190e0324d20ab1d5042844c539c61631d1a1,
expanded_media_candidates_batch1__EXP-MEDIA-032,labour,retrieved_extracted,trafilatura,596,39c13804ab6ac114f977ab50e8c5efd5764998b2d51d7c97a1cfad1ca365e307,
expanded_media_candidates_batch1__EXP-MEDIA-033,labour,retrieved_extracted,trafilatura,814,9666fec952bc7ba6602f6cdf8e402003e1c7444031e182267c99dd141ece318a,
expanded_media_candidates_batch1__EXP-MEDIA-035,labour,retrieved_extracted,trafilatura,1235,3f9997d71bb49130b697e88d065204070fe9f3016346cc3ed771a3d4b070e8d7,
expanded_media_candidates_batch1__EXP-MEDIA-037,investor,retrieved_extracted,trafilatura,759,70d3470797661a285a88175f5d9bf83b4a5c2b31d5393e57a50d4c143c9f6d74,
expanded_media_candidates_batch1__EXP-MEDIA-038,investor,retrieved_extracted,trafilatura,651,9bab9b593fc50ff5639673df840c723102c11472515a367d228062efc41cbf1f,
expanded_media_candidates_batch1__EXP-MEDIA-041,labour,retrieved_extracted,trafilatura,668,f476d59e370e77de006e34b868a9c84455f3e664937cbc13f6e0444dc7cd2881,
expanded_media_candidates_batch1__EXP-MEDIA-042,labour,retrieved_extracted,trafilatura,687,470cfa70c6c793a2769b4ef18241f52fa2f8e659c1cfb8947b39527a480ddd3a,
expanded_media_candidates_batch1__EXP-MEDIA-044,investor,retrieved_extracted,trafilatura,500,76d07a70db07e3d46da1da1e6e873004a4857a17f9a5792a89f088135f906093,
expanded_media_candidates_batch2__EXP-MEDIA-045,community,retrieved_extracted,trafilatura,782,c549697dfa34bf92a8126084d5c746814cdffc9617ba86b0781b49540d13ec2c,
expanded_media_candidates_batch2__EXP-MEDIA-046,investor,retrieved_extracted,trafilatura,1278,5d0ee8bd54485a235f9fd0e264a81852616c17d103f6e37240abe1e698712062,
expanded_media_candidates_batch2__EXP-MEDIA-047,investor,retrieved_extracted,trafilatura,1163,f7f2879bd2825bf9188e76d906534846e864a409ec8c8593740ad89752b9b2f8,
expanded_media_candidates_batch2__EXP-MEDIA-048,investor,retrieved_extracted,trafilatura,914,8e4cd80502a875b1e0f35ad4c36829e6ca46358075f2d041027d2390954cae30,
expanded_media_candidates_batch2__EXP-MEDIA-049,labour,retrieved_extracted,trafilatura,431,ac9a24ab7b10b3ed8bc7470ba9737e80e5f97d1914eed9da75a42c3b2e87c7ce,
expanded_media_candidates_batch2__EXP-MEDIA-052,labour,retrieved_extracted,trafilatura,1510,a11bc60adf7cf96a816afa12252ce97685b4d4fc46b48bec69b7fa2875690177,
expanded_official_candidates__EXP-OFFICIAL-001,government,retrieved_extracted,pypdf,28695,445751fe135e51ee9f0a5e5721c8b8e6d8739c75f808dfe1c3e48dbd2363c87b,
expanded_official_candidates__EXP-OFFICIAL-002,government,retrieved_extracted,pypdf,8164,d993a9cf69cd149bd64f66d37a72ccf7e584b71202e63f388af3b67f69864367,
expanded_official_candidates__EXP-OFFICIAL-003,government,retrieved_extracted,pypdf,1740,75215b0805fa9f607cb4e84bbfc7957d2202f669cfbcbbdb9b5540e74541bf0f,
expanded_official_candidates__EXP-OFFICIAL-004,labour,retrieved_extracted,pypdf,1271,5f013788ec94239c91736e4b4d22cbe4cbeb675f39fb1eb98dd4af2fe9d62d6b,
expanded_official_candidates__EXP-OFFICIAL-005,labour,retrieved_extracted,pypdf,1111,df538cc4fd37355b269ea256d4ee9af426c4d6033c9dc8f04025b8a9344a6269,
expanded_official_candidates__EXP-OFFICIAL-006,labour,retrieved_extracted,pypdf,1189,b1fc61a596dbcd9302e64ba9fb2049856d2c20172e336e2bc972f728cc059720,
expanded_official_candidates__EXP-OFFICIAL-009,labour,retrieved_extracted,pypdf,1235,d976ee20af2b578e936c081f49c6082223b829d09719fcf8d8ad167e0e6e0519,
expanded_official_candidates__EXP-OFFICIAL-010,labour,retrieved_extracted,pypdf,332,b3d3cc2d8583a6d01e1537ce1d2a31cf505a234bae5ceb1a56284d3d339c5cd7,
expanded_official_candidates__EXP-OFFICIAL-011,community,retrieved_extracted,pypdf,2198,6100fc8ba9285841383ce758791d0e36dfa68c140c470f5937982924a00d1b0b,
expanded_official_candidates_batch2__EXP-OFFICIAL-011,NGO,retrieved_extracted,pypdf,16315,ad625a0697db7764719cea07b87adce7bf456e0ba8d61004c176f7b80b4f7098,
